OBJECTID,ULAND,UREGBEZ,UKREIS,UGEMEINDE,UJAHR,UMONAT,USTUNDE,UWOCHENTAG,UKATEGORIE,UART,UTYP1,ULICHTVERH,IstRad,IstPKW,IstFuss,IstKrad,IstGkfz,IstSonstige,LINREFX,LINREFY,XGCSWGS84,YGCSWGS84,USTRZUSTAND,UIDENTSTLAE,Participants
95521,5,3,15,0,2019,Januar,5,Mittwoch,Unfall mit Leichtverletzten,Zusammenstoß mit seitlich in gleicher Richtung fahrendem Fahrzeug,Sonstiger Unfall,Dunkelheit,0,1,0,0,0,0,"355698,9316","5645896,103",6.94580514,50.94660268,nass/feucht,,PKW
95703,5,3,15,0,2019,Januar,4,Mittwoch,Unfall mit Schwerverletzten,Abkommen von Fahrbahn nach links,Sonstiger Unfall,Dunkelheit,0,1,0,0,0,0,"364105,2885","5643403,273",7.066328197,50.92624148,nass/feucht,,PKW
95717,5,3,15,0,2019,Januar,19,Mittwoch,Unfall mit Leichtverletzten,Zusammenstoß mit vorausfahrendem / wartendem Fahrzeug,Unfall im Längsverkehr,Dunkelheit,0,1,0,0,0,0,"356960,2754","5634849,847",6.968075288,50.84764448,nass/feucht,,PKW
96051,5,3,15,0,2019,Januar,14,Montag,Unfall mit Schwerverletzten,Abkommen von Fahrbahn nach rechts,Fahrunfall,Tageslicht,0,1,0,0,0,0,"358260,0353","5644558,441",6.982759751,50.9352165,nass/feucht,,PKW
96074,5,3,15,0,2019,Januar,19,Sonntag,Unfall mit Leichtverletzten,Zusammenstoß mit vorausfahrendem / wartendem Fahrzeug,Unfall im Längsverkehr,Dunkelheit,0,1,0,0,0,0,"364366,245","5641545,028",7.070730103,50.90960188,nass/feucht,,PKW
96075,5,3,15,0,2019,Januar,22,Sonntag,Unfall mit Leichtverletzten,Zusammenstoß mit einbiegendem / kreuzendem Fahrzeug,Einbiegen / Kreuzen-Unfall,Dunkelheit,0,1,0,0,0,0,"361972,8673","5648032,437",7.034249968,50.96733886,nass/feucht,,PKW
96076,5,3,15,0,2019,Januar,17,Sonntag,Unfall mit Leichtverletzten,Zusammenstoß zwischen Fahrzeug und Fußgänger,Abbiegeunfall,Dunkelheit,0,1,1,0,0,0,"360342,185","5646961,528",7.011452099,50.95732142,nass/feucht,,"Fuss, PKW"
96125,5,3,15,0,2019,Januar,15,Sonntag,Unfall mit Schwerverletzten,Abkommen von Fahrbahn nach rechts,Sonstiger Unfall,Tageslicht,0,1,0,0,0,0,"360710,3172","5652374,649",7.014615901,51.00605895,nass/feucht,,PKW
96127,5,3,15,0,2019,Januar,18,Sonntag,Unfall mit Leichtverletzten,Abkommen von Fahrbahn nach links,Fahrunfall,Dunkelheit,0,1,0,0,0,0,"348082,903","5659268,056",6.831871283,51.0648073,nass/feucht,,PKW
96149,5,3,15,0,2019,Januar,11,Samstag,Unfall mit Leichtverletzten,Zusammenstoß zwischen Fahrzeug und Fußgänger,Sonstiger Unfall,Tageslicht,0,1,1,0,0,0,"364698,4506","5640250,494",7.075932369,50.89804513,nass/feucht,,"Fuss, PKW"
96150,5,3,15,0,2019,Januar,7,Samstag,Unfall mit Leichtverletzten,Unfall anderer Art,Abbiegeunfall,Dunkelheit,0,1,0,0,0,0,"357926,9516","5644763,167",6.977942643,50.93697442,nass/feucht,,PKW
96151,5,3,15,0,2019,Januar,15,Samstag,Unfall mit Leichtverletzten,Zusammenstoß mit einbiegendem / kreuzendem Fahrzeug,Abbiegeunfall,Dämmerung,1,1,0,0,0,0,"357781,9869","5649011,443",6.974220885,50.97511771,nass/feucht,,"Rad, PKW"
96239,5,3,15,0,2019,Januar,15,Freitag,Unfall mit Leichtverletzten,Zusammenstoß zwischen Fahrzeug und Fußgänger,Einbiegen / Kreuzen-Unfall,Tageslicht,1,0,1,0,0,0,"359829,871","5647488,133",7.003959293,50.96192968,trocken,,"Rad, Fuss"
96240,5,3,15,0,2019,Januar,7,Freitag,Unfall mit Leichtverletzten,Zusammenstoß zwischen Fahrzeug und Fußgänger,Überschreiten-Unfall,Tageslicht,0,1,1,0,0,0,"364737,9686","5649326,487",7.073124454,50.97962499,nass/feucht,,"Fuss, PKW"
96241,5,3,15,0,2019,Januar,16,Freitag,Unfall mit Leichtverletzten,Zusammenstoß mit einbiegendem / kreuzendem Fahrzeug,Einbiegen / Kreuzen-Unfall,Dämmerung,0,1,0,0,0,1,"350402,928","5645065,538",6.870809762,50.93778896,nass/feucht,,"PKW, Sonstige"
96283,5,3,15,0,2019,Januar,10,Freitag,Unfall mit Leichtverletzten,Abkommen von Fahrbahn nach rechts,Sonstiger Unfall,Tageslicht,0,0,0,0,1,0,"349063,9721","5648193,865",6.850469993,50.96555197,nass/feucht,,Gkfz
96301,5,3,15,0,2019,Januar,11,Donnerstag,Unfall mit Leichtverletzten,Zusammenstoß mit einbiegendem / kreuzendem Fahrzeug,Einbiegen / Kreuzen-Unfall,Tageslicht,0,1,0,0,0,0,"357206,881","5641145,815",6.969117345,50.90428755,trocken,,PKW
96302,5,3,15,0,2019,Januar,12,Donnerstag,Unfall mit Leichtverletzten,Unfall anderer Art,Fahrunfall,Tageslicht,0,0,0,1,0,0,"356599,7284","5644087,271",6.959331614,50.9305717,trocken,,Krad
96378,5,3,15,0,2019,Januar,15,Mittwoch,Unfall mit Leichtverletzten,Zusammenstoß mit einbiegendem / kreuzendem Fahrzeug,Einbiegen / Kreuzen-Unfall,Tageslicht,0,1,0,0,0,0,"364177,4555","5641424,828",7.068091104,50.90847719,nass/feucht,,PKW
96379,5,3,15,0,2019,Januar,17,Mittwoch,Unfall mit Leichtverletzten,Zusammenstoß zwischen Fahrzeug und Fußgänger,Abbiegeunfall,Dunkelheit,0,1,1,0,0,0,"359599,9405","5650179,437",6.999647988,50.98606061,nass/feucht,,"Fuss, PKW"
96380,5,3,15,0,2019,Januar,13,Mittwoch,Unfall mit Leichtverletzten,Zusammenstoß mit anfahrendem/ anhaltendem/ruhendem Fahrzeug,Unfall durch ruhenden Verkehr,Tageslicht,0,1,0,0,0,0,"359970,6426","5647559,906",7.005934976,50.96260894,nass/feucht,,PKW
96381,5,3,15,0,2019,Januar,12,Mittwoch,Unfall mit Schwerverletzten,Zusammenstoß mit einbiegendem / kreuzendem Fahrzeug,Einbiegen / Kreuzen-Unfall,Tageslicht,0,0,0,1,1,0,"360230,9816","5648221,538",7.009385689,50.96861833,nass/feucht,,"Krad, Gkfz"
96382,5,3,15,0,2019,Januar,7,Mittwoch,Unfall mit Leichtverletzten,Abkommen von Fahrbahn nach rechts,Fahrunfall,Dunkelheit,0,1,0,0,0,0,"356790,2002","5651396,871",6.959163103,50.99630934,nass/feucht,,PKW
96383,5,3,15,0,2019,Januar,14,Mittwoch,Unfall mit Leichtverletzten,Zusammenstoß mit einbiegendem / kreuzendem Fahrzeug,Abbiegeunfall,Tageslicht,0,1,0,0,1,0,"356520,2809","5652109,289",6.95503766,51.00264444,nass/feucht,,"PKW, Gkfz"
96489,5,3,15,0,2019,Januar,13,Dienstag,Unfall mit Leichtverletzten,Zusammenstoß mit einbiegendem / kreuzendem Fahrzeug,Einbiegen / Kreuzen-Unfall,Tageslicht,0,1,0,0,0,0,"362039,3285","5640237,007",7.038146648,50.89729475,nass/feucht,,PKW
96490,5,3,15,0,2019,Januar,18,Dienstag,Unfall mit Leichtverletzten,Zusammenstoß mit einbiegendem / kreuzendem Fahrzeug,Abbiegeunfall,Dunkelheit,1,1,0,0,0,0,"362768,8058","5643838,314",7.047159117,50.92983499,nass/feucht,,"Rad, PKW"
96491,5,3,15,0,2019,Januar,17,Dienstag,Unfall mit Schwerverletzten,Zusammenstoß mit einbiegendem / kreuzendem Fahrzeug,Einbiegen / Kreuzen-Unfall,Dunkelheit,1,1,0,0,0,0,"354173,966","5644843,07",6.924533214,50.93675567,trocken,,"Rad, PKW"
96492,5,3,15,0,2019,Januar,18,Dienstag,Unfall mit Leichtverletzten,Zusammenstoß mit einbiegendem / kreuzendem Fahrzeug,Einbiegen / Kreuzen-Unfall,Dunkelheit,0,1,0,1,0,0,"356715,2082","5638371,503",6.963217351,50.87923306,nass/feucht,,"Krad, PKW"
96493,5,3,15,0,2019,Januar,13,Dienstag,Unfall mit Leichtverletzten,Zusammenstoß mit anfahrendem/ anhaltendem/ruhendem Fahrzeug,Unfall im Längsverkehr,Tageslicht,0,1,0,0,0,0,"354698,583","5643061,896",6.932704546,50.92088113,nass/feucht,,PKW
96494,5,3,15,0,2019,Januar,16,Dienstag,Unfall mit Leichtverletzten,Zusammenstoß mit einbiegendem / kreuzendem Fahrzeug,Einbiegen / Kreuzen-Unfall,Dunkelheit,0,1,0,1,0,0,"354773,741","5645587,957",6.932766617,50.94360113,nass/feucht,,"Krad, PKW"
96587,5,3,15,0,2019,Januar,14,Montag,Unfall mit Schwerverletzten,Zusammenstoß mit entgegenkommendem Fahrzeug,Abbiegeunfall,Tageslicht,0,1,0,1,0,0,"361321,725","5649646,812",7.024366697,50.98169117,nass/feucht,,"Krad, PKW"
96588,5,3,15,0,2019,Januar,19,Montag,Unfall mit Leichtverletzten,Zusammenstoß mit einbiegendem / kreuzendem Fahrzeug,Abbiegeunfall,Dunkelheit,0,1,0,1,0,0,"350501,4671","5652071,893",6.869331363,51.00077595,nass/feucht,,"Krad, PKW"
96589,5,3,15,0,2019,Januar,15,Montag,Unfall mit Leichtverletzten,Zusammenstoß mit vorausfahrendem / wartendem Fahrzeug,Unfall durch ruhenden Verkehr,Tageslicht,0,1,0,0,0,0,"355591,0697","5641221,078",6.946122304,50.90456203,nass/feucht,,PKW
96590,5,3,15,0,2019,Januar,18,Montag,Unfall mit Leichtverletzten,Unfall anderer Art,Unfall durch ruhenden Verkehr,Dunkelheit,1,1,0,0,0,0,"354739,3788","5644750,856",6.932611591,50.93606967,nass/feucht,,"Rad, PKW"
96632,5,3,15,0,2019,Januar,9,Samstag,Unfall mit Leichtverletzten,Zusammenstoß zwischen Fahrzeug und Fußgänger,Überschreiten-Unfall,Tageslicht,0,1,1,0,0,0,"364943,9247","5639222,175",7.079801264,50.88886045,nass/feucht,,"Fuss, PKW"
96633,5,3,15,0,2019,Januar,17,Samstag,Unfall mit Getöteten,Zusammenstoß mit anfahrendem/ anhaltendem/ruhendem Fahrzeug,Abbiegeunfall,Dunkelheit,0,1,0,0,0,0,"359014,3849","5642244,416",6.994383318,50.91460504,nass/feucht,,PKW
96634,5,3,15,0,2019,Januar,17,Samstag,Unfall mit Schwerverletzten,Zusammenstoß zwischen Fahrzeug und Fußgänger,Überschreiten-Unfall,Dunkelheit,0,1,1,0,0,0,"360746,5761","5647673,4",7.016933994,50.963817,nass/feucht,,"Fuss, PKW"
96635,5,3,15,0,2019,Januar,16,Samstag,Unfall mit Leichtverletzten,Unfall anderer Art,Sonstiger Unfall,Dämmerung,0,1,0,0,0,1,"355817,0124","5650336,605",6.945724869,50.98653801,nass/feucht,,"PKW, Sonstige"
96638,5,3,15,0,2019,Januar,8,Samstag,Unfall mit Leichtverletzten,Zusammenstoß mit vorausfahrendem / wartendem Fahrzeug,Unfall im Längsverkehr,Dunkelheit,0,1,0,0,0,0,"349347,1196","5643145,688",6.856587213,50.92026174,nass/feucht,,PKW
96641,5,3,15,0,2019,Januar,16,Samstag,Unfall mit Leichtverletzten,Zusammenstoß zwischen Fahrzeug und Fußgänger,Überschreiten-Unfall,Dämmerung,0,1,1,0,0,0,"353098,8659","5644888,362",6.909224462,50.93688983,nass/feucht,,"Fuss, PKW"
96642,5,3,15,0,2019,Januar,13,Samstag,Unfall mit Leichtverletzten,Zusammenstoß zwischen Fahrzeug und Fußgänger,Überschreiten-Unfall,Tageslicht,0,1,1,0,0,0,"347939,9495","5648316,521",6.834423328,50.96635859,nass/feucht,,"Fuss, PKW"
96644,5,3,15,0,2019,Januar,19,Samstag,Unfall mit Schwerverletzten,Zusammenstoß zwischen Fahrzeug und Fußgänger,Überschreiten-Unfall,Dunkelheit,0,1,1,0,0,0,"355068,1436","5644209,069",6.93750287,50.93128347,nass/feucht,,"Fuss, PKW"
96723,5,3,15,0,2019,Januar,23,Samstag,Unfall mit Schwerverletzten,Abkommen von Fahrbahn nach links,Fahrunfall,Dunkelheit,0,1,0,0,0,0,"348616,6951","5655808,802",6.840930038,51.03386335,nass/feucht,,PKW
96755,5,3,15,0,2019,Januar,17,Freitag,Unfall mit Leichtverletzten,Zusammenstoß mit anfahrendem/ anhaltendem/ruhendem Fahrzeug,Unfall im Längsverkehr,Dunkelheit,0,1,0,0,0,0,"363800,2065","5641072,456",7.062859963,50.90522136,trocken,,PKW
96756,5,3,15,0,2019,Januar,18,Freitag,Unfall mit Leichtverletzten,Zusammenstoß zwischen Fahrzeug und Fußgänger,Überschreiten-Unfall,Dunkelheit,0,1,1,0,0,0,"352404,1627","5647315,773",6.898360326,50.95852645,trocken,,"Fuss, PKW"
96757,5,3,15,0,2019,Januar,16,Freitag,Unfall mit Leichtverletzten,Zusammenstoß mit vorausfahrendem / wartendem Fahrzeug,Unfall im Längsverkehr,Dämmerung,0,1,0,0,0,0,"358616,3485","5636993,276",6.990756874,50.86731499,trocken,,PKW
96758,5,3,15,0,2019,Januar,11,Freitag,Unfall mit Leichtverletzten,Zusammenstoß mit vorausfahrendem / wartendem Fahrzeug,Unfall im Längsverkehr,Tageslicht,0,1,0,0,0,0,"353131,633","5643697,914",6.910170164,50.92620008,trocken,,PKW
96759,5,3,15,0,2019,Januar,7,Freitag,Unfall mit Leichtverletzten,Zusammenstoß mit einbiegendem / kreuzendem Fahrzeug,Einbiegen / Kreuzen-Unfall,Dämmerung,1,1,0,0,0,0,"355890,406","5644647,446",6.94902295,50.93542912,trocken,,"Rad, PKW"
96839,5,3,15,0,2019,Januar,8,Donnerstag,Unfall mit Leichtverletzten,Zusammenstoß mit anfahrendem/ anhaltendem/ruhendem Fahrzeug,Unfall im Längsverkehr,Tageslicht,0,1,0,0,0,0,"363212,3553","5638361,597",7.055519338,50.88071858,nass/feucht,,PKW
96840,5,3,15,0,2019,Januar,14,Donnerstag,Unfall mit Leichtverletzten,Unfall anderer Art,Sonstiger Unfall,Tageslicht,0,1,0,0,0,1,"365355,8869","5642912,903",7.084293587,50.92212749,nass/feucht,,"PKW, Sonstige"
96841,5,3,15,0,2019,Januar,11,Donnerstag,Unfall mit Leichtverletzten,Zusammenstoß mit einbiegendem / kreuzendem Fahrzeug,Einbiegen / Kreuzen-Unfall,Tageslicht,0,1,0,0,0,0,"366220,4322","5642674,863",7.096674312,50.92018917,nass/feucht,,PKW
96842,5,3,15,0,2019,Januar,6,Donnerstag,Unfall mit Leichtverletzten,Zusammenstoß mit vorausfahrendem / wartendem Fahrzeug,Unfall im Längsverkehr,Dunkelheit,0,1,0,0,0,0,"361778,1245","5647974,964",7.031500076,50.96677565,nass/feucht,,PKW
96843,5,3,15,0,2019,Januar,11,Donnerstag,Unfall mit Leichtverletzten,Unfall anderer Art,Unfall im Längsverkehr,Tageslicht,0,1,0,0,0,0,"354227,4436","5645101,123",6.925190559,50.93908824,nass/feucht,,PKW
96845,5,3,15,0,2019,Januar,18,Donnerstag,Unfall mit Schwerverletzten,Unfall anderer Art,Fahrunfall,Dunkelheit,0,1,0,0,0,1,"354924,9968","5643340,178",6.935812941,50.92343896,trocken,,"PKW, Sonstige"
96867,5,3,15,0,2019,Januar,16,Sonntag,Unfall mit Schwerverletzten,Abkommen von Fahrbahn nach links,Fahrunfall,Dunkelheit,0,1,0,0,0,0,"348035,7203","5659461,04",6.831117341,51.06652896,nass/feucht,,PKW
96929,5,3,15,0,2019,Januar,13,Dienstag,Unfall mit Leichtverletzten,Zusammenstoß mit einbiegendem / kreuzendem Fahrzeug,Abbiegeunfall,Tageslicht,0,1,0,0,0,1,"366181,93","5638356,865",7.097709399,50.88137142,nass/feucht,,"PKW, Sonstige"
96930,5,3,15,0,2019,Januar,12,Dienstag,Unfall mit Leichtverletzten,Zusammenstoß mit anfahrendem/ anhaltendem/ruhendem Fahrzeug,Sonstiger Unfall,Tageslicht,0,1,1,0,0,0,"357478,6996","5644889,432",6.971517768,50.93799854,nass/feucht,,"Fuss, PKW"
96931,5,3,15,0,2019,Januar,14,Dienstag,Unfall mit Leichtverletzten,Zusammenstoß mit einbiegendem / kreuzendem Fahrzeug,Einbiegen / Kreuzen-Unfall,Tageslicht,1,1,0,0,0,0,"361640,4563","5650139,348",7.028716991,50.98619437,nass/feucht,,"Rad, PKW"
96932,5,3,15,0,2019,Januar,17,Dienstag,Unfall mit Leichtverletzten,Zusammenstoß mit anfahrendem/ anhaltendem/ruhendem Fahrzeug,Überschreiten-Unfall,Dunkelheit,0,1,1,0,0,0,"360847,7102","5646064,862",7.01898827,50.94938521,nass/feucht,,"Fuss, PKW"
96933,5,3,15,0,2019,Januar,7,Dienstag,Unfall mit Leichtverletzten,Zusammenstoß mit einbiegendem / kreuzendem Fahrzeug,Abbiegeunfall,Dämmerung,0,1,0,0,0,0,"353044,1277","5643881,798",6.908851796,50.92783029,nass/feucht,,PKW
96934,5,3,15,0,2019,Januar,18,Dienstag,Unfall mit Leichtverletzten,Zusammenstoß mit einbiegendem / kreuzendem Fahrzeug,Einbiegen / Kreuzen-Unfall,Dunkelheit,0,1,0,0,0,0,"356053,4715","5644118,824",6.951550904,50.9307192,nass/feucht,,PKW
97031,5,3,15,0,2019,Januar,19,Montag,Unfall mit Leichtverletzten,Zusammenstoß zwischen Fahrzeug und Fußgänger,Abbiegeunfall,Dunkelheit,0,1,1,0,0,0,"362235,9782","5644014,918",7.039514811,50.93129518,nass/feucht,,"Fuss, PKW"
97032,5,3,15,0,2019,Januar,3,Montag,Unfall mit Schwerverletzten,Zusammenstoß mit anfahrendem/ anhaltendem/ruhendem Fahrzeug,Sonstiger Unfall,Dunkelheit,0,0,1,0,0,1,"355490,2546","5643963,193",6.943603181,50.92917974,nass/feucht,,"Fuss, Sonstige"
97058,5,3,15,0,2019,Januar,22,Montag,Unfall mit Leichtverletzten,Abkommen von Fahrbahn nach links,Fahrunfall,Dunkelheit,0,1,0,0,0,0,"349991,2605","5642905,317",6.865843768,50.91826949,nass/feucht,,PKW
97059,5,3,15,0,2019,Januar,17,Montag,Unfall mit Schwerverletzten,Abkommen von Fahrbahn nach links,Fahrunfall,Dunkelheit,0,1,0,0,0,0,"349995,3478","5642902,22",6.865903147,50.91824273,nass/feucht,,PKW
97060,5,3,15,0,2019,Januar,12,Montag,Unfall mit Leichtverletzten,Abkommen von Fahrbahn nach links,Fahrunfall,Tageslicht,0,1,0,0,0,0,"352459,195","5651154,421",6.897585635,50.99303649,nass/feucht,,PKW
97067,5,3,15,0,2019,Januar,5,Mittwoch,Unfall mit Leichtverletzten,Zusammenstoß mit vorausfahrendem / wartendem Fahrzeug,Unfall im Längsverkehr,Dunkelheit,0,1,0,0,0,0,"365950,6525","5634289,302",7.095913743,50.84475963,trocken,,PKW
97088,5,3,15,0,2019,Januar,6,Sonntag,Unfall mit Schwerverletzten,Zusammenstoß mit entgegenkommendem Fahrzeug,Unfall im Längsverkehr,Dunkelheit,1,1,0,0,0,0,"361550,9459","5640511,867",7.031101828,50.89964813,nass/feucht,,"Rad, PKW"
97089,5,3,15,0,2019,Januar,15,Sonntag,Unfall mit Leichtverletzten,Zusammenstoß mit anfahrendem/ anhaltendem/ruhendem Fahrzeug,Unfall im Längsverkehr,Tageslicht,0,1,0,0,0,1,"355880,8377","5646808,607",6.948031688,50.95484868,nass/feucht,,"PKW, Sonstige"
97090,5,3,15,0,2019,Januar,15,Sonntag,Unfall mit Leichtverletzten,Unfall anderer Art,Sonstiger Unfall,Tageslicht,0,0,1,0,0,1,"355611,027","5643680,797",6.945432455,50.92667214,nass/feucht,,"Fuss, Sonstige"
97153,5,3,15,0,2019,Januar,19,Mittwoch,Unfall mit Schwerverletzten,Zusammenstoß mit vorausfahrendem / wartendem Fahrzeug,Unfall im Längsverkehr,Tageslicht,0,0,0,0,1,1,"359427,8563","5641492,3",7.000551129,50.9079465,trocken,,"Gkfz, Sonstige"
97198,5,3,15,0,2019,Januar,9,Freitag,Unfall mit Leichtverletzten,Zusammenstoß mit vorausfahrendem / wartendem Fahrzeug,Unfall im Längsverkehr,Tageslicht,0,1,0,0,0,0,"360923,265","5645945,54",7.020108777,50.94833107,trocken,,PKW
97267,5,3,15,0,2019,Januar,19,Freitag,Unfall mit Leichtverletzten,Zusammenstoß mit vorausfahrendem / wartendem Fahrzeug,Unfall im Längsverkehr,Dunkelheit,0,1,0,0,0,0,"365248,7902","5640270,104",7.083746598,50.89835006,nass/feucht,,PKW
97268,5,3,15,0,2019,Januar,17,Freitag,Unfall mit Schwerverletzten,Zusammenstoß mit anfahrendem/ anhaltendem/ruhendem Fahrzeug,Unfall im Längsverkehr,Dunkelheit,0,1,0,0,0,0,"363922,7299","5642670,385",7.064005601,50.91961164,nass/feucht,,PKW
97304,5,3,15,0,2019,Januar,15,Donnerstag,Unfall mit Leichtverletzten,Zusammenstoß mit einbiegendem / kreuzendem Fahrzeug,Abbiegeunfall,Tageslicht,0,1,0,0,0,0,"363559,8306","5645436,385",7.057810298,50.94438519,trocken,,PKW
97305,5,3,15,0,2019,Januar,9,Donnerstag,Unfall mit Leichtverletzten,Zusammenstoß mit einbiegendem / kreuzendem Fahrzeug,Einbiegen / Kreuzen-Unfall,Tageslicht,1,1,0,0,0,0,"356368,7204","5641102,424",6.957221707,50.90368969,trocken,,"Rad, PKW"
97390,5,3,15,0,2019,Januar,8,Mittwoch,Unfall mit Leichtverletzten,Zusammenstoß zwischen Fahrzeug und Fußgänger,Sonstiger Unfall,Dämmerung,0,1,1,0,0,0,"362742,5204","5645205,499",7.04627032,50.94211613,trocken,,"Fuss, PKW"
97392,5,3,15,0,2019,Januar,16,Mittwoch,Unfall mit Leichtverletzten,Zusammenstoß mit vorausfahrendem / wartendem Fahrzeug,Unfall im Längsverkehr,Dämmerung,0,1,0,0,0,0,"365226,4666","5649546,256",7.079997676,50.98171471,nass/feucht,,PKW
97395,5,3,15,0,2019,Januar,7,Mittwoch,Unfall mit Schwerverletzten,Zusammenstoß mit entgegenkommendem Fahrzeug,Abbiegeunfall,Tageslicht,0,1,0,1,0,0,"353227,2178","5645188,096",6.910929195,50.93961611,trocken,,"Krad, PKW"
97397,5,3,15,0,2019,Januar,7,Mittwoch,Unfall mit Leichtverletzten,Zusammenstoß mit einbiegendem / kreuzendem Fahrzeug,Abbiegeunfall,Dämmerung,1,1,0,0,0,0,"354186,5999","5644948,993",6.924670512,50.93771076,nass/feucht,,"Rad, PKW"
97400,5,3,15,0,2019,Januar,18,Mittwoch,Unfall mit Getöteten,Zusammenstoß mit seitlich in gleicher Richtung fahrendem Fahrzeug,Abbiegeunfall,Dunkelheit,1,0,0,0,0,1,"358660,497","5639684,624",6.990343334,50.89151334,trocken,,"Rad, Sonstige"
97403,5,3,15,0,2019,Januar,18,Mittwoch,Unfall mit Getöteten,Zusammenstoß zwischen Fahrzeug und Fußgänger,Überschreiten-Unfall,Dunkelheit,0,0,1,0,0,1,"354395,9664","5642619,99",6.928578432,50.91683355,trocken,,"Fuss, Sonstige"
97404,5,3,15,0,2019,Januar,7,Mittwoch,Unfall mit Leichtverletzten,Zusammenstoß zwischen Fahrzeug und Fußgänger,Abbiegeunfall,Tageslicht,0,1,1,0,0,0,"354059,0469","5642117,046",6.923989821,50.91222863,trocken,,"Fuss, PKW"
97429,5,3,15,0,2019,Januar,8,Samstag,Unfall mit Leichtverletzten,Zusammenstoß mit seitlich in gleicher Richtung fahrendem Fahrzeug,Unfall im Längsverkehr,Tageslicht,0,1,0,0,1,0,"363046,7232","5644171,712",7.050986246,50.93289742,trocken,,"PKW, Gkfz"
97430,5,3,15,0,2019,Januar,13,Samstag,Unfall mit Leichtverletzten,Zusammenstoß mit vorausfahrendem / wartendem Fahrzeug,Unfall im Längsverkehr,Tageslicht,0,1,0,0,0,0,"358617,9659","5640473,014",6.989433825,50.89858829,trocken,,PKW
97520,5,3,15,0,2019,Januar,8,Dienstag,Unfall mit Leichtverletzten,Zusammenstoß zwischen Fahrzeug und Fußgänger,Überschreiten-Unfall,Tageslicht,0,1,1,0,0,0,"362706,9988","5637220,73",7.048768342,50.87034521,trocken,,"Fuss, PKW"
97521,5,3,15,0,2019,Januar,15,Dienstag,Unfall mit Leichtverletzten,Zusammenstoß mit vorausfahrendem / wartendem Fahrzeug,Unfall im Längsverkehr,Tageslicht,0,1,0,0,0,0,"361510,26","5647894,877",7.027718163,50.96599155,trocken,,PKW
97568,5,3,15,0,2019,Januar,7,Dienstag,Unfall mit Leichtverletzten,Zusammenstoß mit vorausfahrendem / wartendem Fahrzeug,Unfall im Längsverkehr,Dunkelheit,0,1,0,0,0,0,"357359,1733","5639199,763",6.972041889,50.88683598,nass/feucht,,PKW
97569,5,3,15,0,2019,Januar,7,Dienstag,Unfall mit Leichtverletzten,Zusammenstoß mit vorausfahrendem / wartendem Fahrzeug,Unfall im Längsverkehr,Dunkelheit,0,1,0,0,0,0,"352682,7339","5650744,534",6.900934941,50.9894103,nass/feucht,,PKW
97570,5,3,15,0,2019,Januar,6,Dienstag,Unfall mit Leichtverletzten,Zusammenstoß mit vorausfahrendem / wartendem Fahrzeug,Unfall im Längsverkehr,Dunkelheit,0,1,0,0,0,0,"351288,1863","5651279,899",6.880859882,50.9938627,trocken,,PKW
97590,5,3,15,0,2019,Januar,18,Montag,Unfall mit Leichtverletzten,Zusammenstoß mit anfahrendem/ anhaltendem/ruhendem Fahrzeug,Unfall im Längsverkehr,Dunkelheit,0,1,0,0,0,0,"359315,8364","5647721,541",6.996553898,50.96390205,trocken,,PKW
97591,5,3,15,0,2019,Januar,13,Montag,Unfall mit Leichtverletzten,Zusammenstoß mit einbiegendem / kreuzendem Fahrzeug,Abbiegeunfall,Tageslicht,1,1,0,0,0,0,"347767,2799","5645209,529",6.833265292,50.93839315,trocken,,"Rad, PKW"
97630,5,3,15,0,2019,Januar,12,Sonntag,Unfall mit Leichtverletzten,Unfall anderer Art,Einbiegen / Kreuzen-Unfall,Tageslicht,0,1,0,0,0,0,"365759,4601","5642901,863",7.090036245,50.9221223,trocken,,PKW
97631,5,3,15,0,2019,Januar,13,Sonntag,Unfall mit Leichtverletzten,Zusammenstoß mit einbiegendem / kreuzendem Fahrzeug,Einbiegen / Kreuzen-Unfall,Tageslicht,1,1,0,0,0,0,"348873,8278","5643012,085",6.849913873,50.91893738,trocken,,"Rad, PKW"
97721,5,3,15,0,2019,Januar,10,Samstag,Unfall mit Leichtverletzten,Zusammenstoß zwischen Fahrzeug und Fußgänger,Überschreiten-Unfall,Tageslicht,0,1,1,0,0,0,"361096,6821","5645734,206",7.022656574,50.94647358,nass/feucht,,"Fuss, PKW"
97724,5,3,15,0,2019,Januar,18,Samstag,Unfall mit Leichtverletzten,Zusammenstoß zwischen Fahrzeug und Fußgänger,Unfall im Längsverkehr,Dunkelheit,0,1,1,0,0,0,"354778,6733","5643179,645",6.933796363,50.92195948,nass/feucht,,"Fuss, PKW"
97726,5,3,15,0,2019,Januar,7,Samstag,Unfall mit Schwerverletzten,Zusammenstoß mit einbiegendem / kreuzendem Fahrzeug,Einbiegen / Kreuzen-Unfall,Dunkelheit,1,1,0,0,0,0,"355134,355","5641354,49",6.939578149,50.90564657,nass/feucht,,"Rad, PKW"
97804,5,3,15,0,2019,Januar,22,Mittwoch,Unfall mit Leichtverletzten,Abkommen von Fahrbahn nach links,Fahrunfall,Dunkelheit,0,0,0,0,1,0,"353896,0359","5639953,674",6.922538347,50.89274574,winterglatt,,Gkfz
97805,5,3,15,0,2019,Januar,18,Mittwoch,Unfall mit Leichtverletzten,Zusammenstoß mit vorausfahrendem / wartendem Fahrzeug,Unfall im Längsverkehr,Dunkelheit,0,1,0,0,0,0,"357080,857","5639590,355",6.96793488,50.89027745,nass/feucht,,PKW
97885,5,3,15,0,2019,Januar,8,Freitag,Unfall mit Leichtverletzten,Zusammenstoß mit vorausfahrendem / wartendem Fahrzeug,Unfall im Längsverkehr,Tageslicht,0,1,0,0,0,0,"354822,4633","5643234,977",6.934396945,50.92246775,nass/feucht,,PKW