OBJECTID,ULAND,UREGBEZ,UKREIS,UGEMEINDE,UJAHR,UMONAT,USTUNDE,UWOCHENTAG,UKATEGORIE,UART,UTYP1,ULICHTVERH,IstRad,IstPKW,IstFuss,IstKrad,IstGkfz,IstSonstige,LINREFX,LINREFY,XGCSWGS84,YGCSWGS84,USTRZUSTAND,UIDENTSTLAE,Participants
97968,5,3,15,0,2019,Januar,14,Montag,Unfall mit Leichtverletzten,Zusammenstoß mit anfahrendem/ anhaltendem/ruhendem Fahrzeug,Unfall im Längsverkehr,Tageslicht,0,1,0,0,0,0,"355235,9097","5651548,209",6.936968356,50.99728047,nass/feucht,,PKW
97969,5,3,15,0,2019,Januar,13,Montag,Unfall mit Leichtverletzten,Zusammenstoß mit einbiegendem / kreuzendem Fahrzeug,Einbiegen / Kreuzen-Unfall,Tageslicht,0,1,0,0,0,0,"352972,656","5644370,014",6.907638579,50.93219948,nass/feucht,,PKW
97987,5,3,15,0,2019,Januar,17,Donnerstag,Unfall mit Leichtverletzten,Unfall anderer Art,Fahrunfall,Dämmerung,1,0,0,0,0,0,"356543,7524","5652823,439",6.955089693,51.00906819,nass/feucht,,Rad
97990,5,3,15,0,2019,Januar,10,Donnerstag,Unfall mit Leichtverletzten,Zusammenstoß zwischen Fahrzeug und Fußgänger,Überschreiten-Unfall,Tageslicht,0,1,1,0,0,0,"352977,8834","5646966,238",6.906664973,50.955532,nass/feucht,,"Fuss, PKW"
97993,5,3,15,0,2019,Januar,8,Donnerstag,Unfall mit Leichtverletzten,Zusammenstoß mit einbiegendem / kreuzendem Fahrzeug,Abbiegeunfall,Dämmerung,0,1,0,0,0,0,"357739,834","5635003,216",6.979082211,50.84921505,winterglatt,,PKW
98020,5,3,15,0,2019,Januar,10,Sonntag,Unfall mit Leichtverletzten,Unfall anderer Art,Sonstiger Unfall,Tageslicht,0,0,1,0,0,1,"359798,6398","5647429,669",7.003537372,50.96139667,nass/feucht,,"Fuss, Sonstige"
98023,5,3,15,0,2019,Januar,14,Sonntag,Unfall mit Leichtverletzten,Zusammenstoß mit seitlich in gleicher Richtung fahrendem Fahrzeug,Unfall im Längsverkehr,Tageslicht,0,1,0,0,0,1,"358131,4262","5648106,644",6.979548013,50.96707251,trocken,,"PKW, Sonstige"
98024,5,3,15,0,2019,Januar,12,Sonntag,Unfall mit Leichtverletzten,Zusammenstoß mit vorausfahrendem / wartendem Fahrzeug,Abbiegeunfall,Tageslicht,0,1,0,0,0,0,"350565,1725","5649246,674",6.871400642,50.97540423,nass/feucht,,PKW
98025,5,3,15,0,2019,Januar,9,Sonntag,Unfall mit Schwerverletzten,Unfall anderer Art,Fahrunfall,Tageslicht,1,0,0,0,0,0,"347872,8256","5648258,874",6.833492215,50.96582285,nass/feucht,,Rad
98146,5,3,15,0,2019,Januar,18,Mittwoch,Unfall mit Leichtverletzten,Zusammenstoß mit vorausfahrendem / wartendem Fahrzeug,Unfall im Längsverkehr,Dunkelheit,0,1,0,0,0,0,"359533,356","5641811,621",7.001927839,50.91084198,winterglatt,,PKW
98149,5,3,15,0,2019,Januar,19,Samstag,Unfall mit Leichtverletzten,Zusammenstoß mit entgegenkommendem Fahrzeug,Einbiegen / Kreuzen-Unfall,Dunkelheit,0,1,0,0,0,0,"364178,5137","5641425,672",7.068105833,50.90848502,nass/feucht,,PKW
98150,5,3,15,0,2019,Januar,12,Mittwoch,Unfall mit Schwerverletzten,Zusammenstoß zwischen Fahrzeug und Fußgänger,Sonstiger Unfall,Tageslicht,0,0,1,0,0,1,"357824,5328","5644316,34",6.976660262,50.93293355,trocken,,"Fuss, Sonstige"
98151,5,3,15,0,2019,Januar,7,Mittwoch,Unfall mit Leichtverletzten,Zusammenstoß zwischen Fahrzeug und Fußgänger,Überschreiten-Unfall,Dämmerung,0,1,1,0,0,0,"349347,6293","5652400,253",6.852762791,51.0034257,trocken,,"Fuss, PKW"
98152,5,3,15,0,2019,Januar,19,Samstag,Unfall mit Leichtverletzten,Unfall anderer Art,Abbiegeunfall,Dunkelheit,0,1,1,0,0,0,"359599,9527","5650179,658",6.999648076,50.9860626,nass/feucht,,"Fuss, PKW"
98154,5,3,15,0,2019,Januar,9,Samstag,Unfall mit Leichtverletzten,Zusammenstoß mit einbiegendem / kreuzendem Fahrzeug,Abbiegeunfall,Tageslicht,0,1,0,0,0,1,"353354,0745","5644888,123",6.912854244,50.93695264,trocken,,"PKW, Sonstige"
98155,5,3,15,0,2019,Januar,18,Samstag,Unfall mit Schwerverletzten,Zusammenstoß zwischen Fahrzeug und Fußgänger,Überschreiten-Unfall,Dunkelheit,0,1,1,0,0,0,"354791,051","5646162,858",6.932783621,50.94877197,nass/feucht,,"Fuss, PKW"
98157,5,3,15,0,2019,Januar,11,Samstag,Unfall mit Leichtverletzten,Zusammenstoß mit einbiegendem / kreuzendem Fahrzeug,Einbiegen / Kreuzen-Unfall,Tageslicht,0,1,0,0,0,0,"349112,5182","5645138,424",6.852427127,50.93810774,nass/feucht,,PKW
98208,5,3,15,0,2019,Januar,22,Donnerstag,Unfall mit Leichtverletzten,Abkommen von Fahrbahn nach links,Fahrunfall,Dunkelheit,0,1,0,0,0,0,"358874,161","5644392,296",6.991558561,50.93387395,nass/feucht,,PKW
98209,5,3,15,0,2019,Januar,21,Donnerstag,Unfall mit Leichtverletzten,Zusammenstoß mit anfahrendem/ anhaltendem/ruhendem Fahrzeug,Unfall im Längsverkehr,Dunkelheit,0,1,0,0,0,0,"363642,333","5640878,661",7.060688324,50.90344236,winterglatt,,PKW
98210,5,3,15,0,2019,Januar,7,Donnerstag,Unfall mit Leichtverletzten,Zusammenstoß zwischen Fahrzeug und Fußgänger,Überschreiten-Unfall,Dunkelheit,0,1,1,0,0,0,"360391,113","5648479,677",7.011565748,50.97097709,nass/feucht,,"Fuss, PKW"
98211,5,3,15,0,2019,Januar,6,Donnerstag,Unfall mit Leichtverletzten,Zusammenstoß mit einbiegendem / kreuzendem Fahrzeug,Abbiegeunfall,Dunkelheit,0,1,0,0,0,0,"356520,284","5652109,356",6.955037677,51.00264504,nass/feucht,,PKW
98212,5,3,15,0,2019,Januar,10,Donnerstag,Unfall mit Leichtverletzten,Zusammenstoß mit vorausfahrendem / wartendem Fahrzeug,Unfall im Längsverkehr,Tageslicht,0,1,0,0,0,0,"353498,6487","5651884,658",6.912092402,50.99986432,winterglatt,,PKW
98213,5,3,15,0,2019,Januar,20,Donnerstag,Unfall mit Leichtverletzten,Zusammenstoß mit anfahrendem/ anhaltendem/ruhendem Fahrzeug,Unfall im Längsverkehr,Dunkelheit,0,1,0,0,0,0,"347036,5458","5645250,127",6.822855689,50.9385646,winterglatt,,PKW
98214,5,3,15,0,2019,Januar,11,Donnerstag,Unfall mit Schwerverletzten,Zusammenstoß zwischen Fahrzeug und Fußgänger,Überschreiten-Unfall,Tageslicht,0,1,1,0,0,0,"354170,7764","5645957,081",6.924041889,50.94676613,nass/feucht,,"Fuss, PKW"
98215,5,3,15,0,2019,Januar,7,Donnerstag,Unfall mit Leichtverletzten,Zusammenstoß zwischen Fahrzeug und Fußgänger,Abbiegeunfall,Dunkelheit,0,1,1,0,0,0,"357209,1539","5641146,442",6.969149404,50.90429374,nass/feucht,,"Fuss, PKW"
98216,5,3,15,0,2019,Januar,11,Donnerstag,Unfall mit Leichtverletzten,Unfall anderer Art,Fahrunfall,Tageslicht,1,0,0,0,0,0,"355987,8816","5641138,641",6.951794681,50.9039203,winterglatt,,Rad
98266,5,3,15,0,2019,Januar,20,Donnerstag,Unfall mit Schwerverletzten,Abkommen von Fahrbahn nach links,Fahrunfall,Dunkelheit,0,1,0,0,0,0,"364031,2452","5641725,178",7.065900804,50.91114217,winterglatt,,PKW
98307,5,3,15,0,2019,Januar,13,Mittwoch,Unfall mit Leichtverletzten,Zusammenstoß zwischen Fahrzeug und Fußgänger,Unfall im Längsverkehr,Tageslicht,1,0,1,0,0,0,"357441,9336","5644249,818",6.971245048,50.93224127,trocken,,"Rad, Fuss"
98308,5,3,15,0,2019,Januar,14,Mittwoch,Unfall mit Leichtverletzten,Zusammenstoß mit einbiegendem / kreuzendem Fahrzeug,Unfall durch ruhenden Verkehr,Tageslicht,1,1,0,0,0,0,"356509,4628","5646488,446",6.957102149,50.9521283,trocken,,"Rad, PKW"
98309,5,3,15,0,2019,Januar,13,Mittwoch,Unfall mit Leichtverletzten,Unfall anderer Art,Abbiegeunfall,Tageslicht,0,1,0,0,0,1,"351062,425","5652128,608",6.877297045,51.00143109,trocken,,"PKW, Sonstige"
98310,5,3,15,0,2019,Januar,18,Mittwoch,Unfall mit Leichtverletzten,Zusammenstoß mit anfahrendem/ anhaltendem/ruhendem Fahrzeug,Unfall durch ruhenden Verkehr,Dunkelheit,1,1,0,0,0,0,"353816,2","5646208,431",6.918896958,50.94893512,trocken,,"Rad, PKW"
98311,5,3,15,0,2019,Januar,18,Mittwoch,Unfall mit Leichtverletzten,Zusammenstoß mit seitlich in gleicher Richtung fahrendem Fahrzeug,Abbiegeunfall,Dunkelheit,0,0,0,1,1,0,"354855,718","5641522,94",6.935550864,50.90709041,trocken,,"Krad, Gkfz"
98331,5,3,15,0,2019,Februar,14,Samstag,Unfall mit Leichtverletzten,Zusammenstoß mit vorausfahrendem / wartendem Fahrzeug,Unfall im Längsverkehr,Tageslicht,0,1,0,0,0,0,"365967,2828","5634046,444",7.096238689,50.84258072,trocken,,PKW
98336,5,3,15,0,2019,Februar,7,Samstag,Unfall mit Leichtverletzten,Zusammenstoß mit vorausfahrendem / wartendem Fahrzeug,Unfall im Längsverkehr,Dämmerung,0,1,0,0,0,1,"357063,5383","5636082,71",6.96905987,50.85874983,trocken,,"PKW, Sonstige"
98338,5,3,15,0,2019,Februar,16,Samstag,Unfall mit Leichtverletzten,Zusammenstoß mit vorausfahrendem / wartendem Fahrzeug,Unfall im Längsverkehr,Tageslicht,0,1,0,0,0,0,"353599,4036","5652940,474",6.913101475,51.00937808,trocken,,PKW
98339,5,3,15,0,2019,Februar,14,Samstag,Unfall mit Leichtverletzten,Zusammenstoß mit vorausfahrendem / wartendem Fahrzeug,Unfall im Längsverkehr,Tageslicht,0,1,0,0,0,0,"358584,5875","5640430,731",6.988975843,50.89820011,nass/feucht,,PKW
98343,5,3,15,0,2019,Februar,6,Samstag,Unfall mit Schwerverletzten,Zusammenstoß mit vorausfahrendem / wartendem Fahrzeug,Sonstiger Unfall,Dunkelheit,0,1,0,0,1,0,"349313,0937","5649943,21",6.853290225,50.9813372,nass/feucht,,"PKW, Gkfz"
98415,5,3,15,0,2019,Januar,22,Mittwoch,Unfall mit Leichtverletzten,Zusammenstoß mit vorausfahrendem / wartendem Fahrzeug,Sonstiger Unfall,Dunkelheit,0,1,0,0,0,0,"363443,8726","5646241,94",7.055858596,50.95159758,trocken,,PKW
98491,5,3,15,0,2019,Januar,9,Dienstag,Unfall mit Leichtverletzten,Zusammenstoß mit einbiegendem / kreuzendem Fahrzeug,Einbiegen / Kreuzen-Unfall,Tageslicht,0,1,0,0,0,0,"357540,3385","5644027,528",6.972731398,50.93026787,nass/feucht,,PKW
98492,5,3,15,0,2019,Januar,11,Dienstag,Unfall mit Leichtverletzten,Zusammenstoß zwischen Fahrzeug und Fußgänger,Abbiegeunfall,Tageslicht,0,1,1,0,0,0,"354703,371","5643068,905",6.932769828,50.92094533,nass/feucht,,"Fuss, PKW"
98542,5,3,15,0,2019,Januar,20,Freitag,Unfall mit Leichtverletzten,Abkommen von Fahrbahn nach links,Fahrunfall,Dunkelheit,0,1,0,0,0,0,"358218,4792","5639973,684",6.983950399,50.89400282,winterglatt,,PKW
98544,5,3,15,0,2019,Januar,6,Freitag,Unfall mit Leichtverletzten,Abkommen von Fahrbahn nach links,Fahrunfall,Dunkelheit,0,1,0,0,0,0,"353189,0288","5650031,283",6.908431964,50.98313002,nass/feucht,,PKW
98610,5,3,15,0,2019,Februar,16,Mittwoch,Unfall mit Leichtverletzten,Zusammenstoß mit seitlich in gleicher Richtung fahrendem Fahrzeug,Unfall im Längsverkehr,Tageslicht,0,1,0,0,1,0,"356104,1327","5638879,033",6.954337068,50.88364236,trocken,,"PKW, Gkfz"
98640,5,3,15,0,2019,Februar,13,Dienstag,Unfall mit Leichtverletzten,Zusammenstoß zwischen Fahrzeug und Fußgänger,Überschreiten-Unfall,Tageslicht,0,0,1,0,0,1,"357833,6699","5644330,328",6.976784753,50.93306151,trocken,,"Fuss, Sonstige"
98641,5,3,15,0,2019,Februar,17,Dienstag,Unfall mit Leichtverletzten,Zusammenstoß mit vorausfahrendem / wartendem Fahrzeug,Unfall im Längsverkehr,Dämmerung,0,1,0,0,0,0,"355253,188","5646683,664",6.939151062,50.95356855,trocken,,PKW
98642,5,3,15,0,2019,Februar,11,Dienstag,Unfall mit Leichtverletzten,Unfall anderer Art,Sonstiger Unfall,Tageslicht,0,0,0,0,1,1,"354141,2858","5636730,967",6.927308843,50.86384592,trocken,,"Gkfz, Sonstige"
98643,5,3,15,0,2019,Februar,10,Dienstag,Unfall mit Leichtverletzten,Zusammenstoß mit einbiegendem / kreuzendem Fahrzeug,Einbiegen / Kreuzen-Unfall,Tageslicht,0,1,0,0,0,0,"357206,881","5641145,815",6.969117345,50.90428755,trocken,,PKW
98644,5,3,15,0,2019,Februar,12,Dienstag,Unfall mit Leichtverletzten,Zusammenstoß mit vorausfahrendem / wartendem Fahrzeug,Sonstiger Unfall,Tageslicht,0,0,0,0,1,1,"352077,9737","5642447,611",6.895695219,50.91469496,trocken,,"Gkfz, Sonstige"
98688,5,3,15,0,2019,Februar,17,Freitag,Unfall mit Schwerverletzten,Zusammenstoß mit vorausfahrendem / wartendem Fahrzeug,Unfall im Längsverkehr,Tageslicht,0,1,0,0,0,0,"351492,692","5652271,474",6.883366413,51.00282615,trocken,,PKW
98718,5,3,15,0,2019,Februar,14,Dienstag,Unfall mit Schwerverletzten,Zusammenstoß mit vorausfahrendem / wartendem Fahrzeug,Unfall im Längsverkehr,Tageslicht,0,1,0,0,0,0,"356878,396","5634235,522",6.96715298,50.84210324,trocken,,PKW
98720,5,3,15,0,2019,Februar,9,Dienstag,Unfall mit Schwerverletzten,Zusammenstoß mit seitlich in gleicher Richtung fahrendem Fahrzeug,Einbiegen / Kreuzen-Unfall,Tageslicht,0,1,0,0,1,1,"360826,094","5649772,615",7.017262197,50.98270219,trocken,,"PKW, Gkfz, Sonstige"
98725,5,3,15,0,2019,Februar,23,Dienstag,Unfall mit Schwerverletzten,Zusammenstoß mit vorausfahrendem / wartendem Fahrzeug,Unfall im Längsverkehr,Dunkelheit,0,1,0,0,0,0,"355704,2159","5638931,508",6.948634913,50.88401421,trocken,,PKW
98727,5,3,15,0,2019,Februar,19,Dienstag,Unfall mit Leichtverletzten,Unfall anderer Art,Einbiegen / Kreuzen-Unfall,Dunkelheit,0,1,0,0,0,0,"356752,5131","5638925,387",6.963530218,50.88422005,trocken,,PKW
98757,5,3,15,0,2019,Februar,13,Montag,Unfall mit Leichtverletzten,Zusammenstoß mit einbiegendem / kreuzendem Fahrzeug,Einbiegen / Kreuzen-Unfall,Tageslicht,0,1,0,0,0,0,"357766,7935","5645082,322",6.975540119,50.93980317,trocken,,PKW
98758,5,3,15,0,2019,Februar,3,Montag,Unfall mit Leichtverletzten,Zusammenstoß mit einbiegendem / kreuzendem Fahrzeug,Abbiegeunfall,Dunkelheit,0,1,0,0,0,0,"356173,73","5644604,297",6.953069511,50.93511207,trocken,,PKW
98781,5,3,15,0,2019,Februar,9,Donnerstag,Unfall mit Leichtverletzten,Unfall anderer Art,Fahrunfall,Tageslicht,1,0,0,0,0,0,"360514,0824","5646448,321",7.014094787,50.95275078,trocken,,Rad
98782,5,3,15,0,2019,Februar,19,Donnerstag,Unfall mit Leichtverletzten,Zusammenstoß zwischen Fahrzeug und Fußgänger,Abbiegeunfall,Dunkelheit,0,1,1,0,0,0,"359227,13","5652985,714",6.993251849,51.01118953,trocken,,"Fuss, PKW"
98786,5,3,15,0,2019,Februar,17,Donnerstag,Unfall mit Leichtverletzten,Unfall anderer Art,Überschreiten-Unfall,Tageslicht,0,0,1,0,0,1,"351367,9753","5648134,264",6.883282283,50.96561541,nass/feucht,,"Fuss, Sonstige"
98787,5,3,15,0,2019,Februar,8,Donnerstag,Unfall mit Leichtverletzten,Zusammenstoß mit seitlich in gleicher Richtung fahrendem Fahrzeug,Unfall im Längsverkehr,Tageslicht,0,1,0,0,0,0,"353405,631","5643184,341",6.914272653,50.92165447,trocken,,PKW
98911,5,3,15,0,2019,Februar,0,Sonntag,Unfall mit Schwerverletzten,Zusammenstoß mit anfahrendem/ anhaltendem/ruhendem Fahrzeug,Sonstiger Unfall,Dunkelheit,0,1,0,0,0,0,"363317,3089","5646275,318",7.054045295,50.95186756,nass/feucht,,PKW
98968,5,3,15,0,2019,Februar,15,Mittwoch,Unfall mit Leichtverletzten,Zusammenstoß zwischen Fahrzeug und Fußgänger,Abbiegeunfall,Tageslicht,0,1,1,0,0,0,"349740,678","5653465,897",6.857919465,51.01310458,nass/feucht,,"Fuss, PKW"
98972,5,3,15,0,2019,Februar,18,Mittwoch,Unfall mit Leichtverletzten,Zusammenstoß mit einbiegendem / kreuzendem Fahrzeug,Abbiegeunfall,Dunkelheit,0,1,0,0,0,0,"357744,2857","5635009,047",6.979143144,50.84926855,nass/feucht,,PKW
98973,5,3,15,0,2019,Februar,18,Mittwoch,Unfall mit Leichtverletzten,Zusammenstoß mit einbiegendem / kreuzendem Fahrzeug,Einbiegen / Kreuzen-Unfall,Dunkelheit,0,1,0,0,0,0,"354121,1092","5642240,709",6.924822598,50.91335564,trocken,,PKW
98974,5,3,15,0,2019,Februar,9,Samstag,Unfall mit Leichtverletzten,Zusammenstoß mit vorausfahrendem / wartendem Fahrzeug,Unfall im Längsverkehr,Tageslicht,0,1,0,0,0,0,"363096,9415","5639266,035",7.053540898,50.88881987,nass/feucht,,PKW
98975,5,3,15,0,2019,Februar,8,Mittwoch,Unfall mit Leichtverletzten,Zusammenstoß mit vorausfahrendem / wartendem Fahrzeug,Unfall im Längsverkehr,Tageslicht,0,1,0,0,0,0,"354299,6328","5644202,818",6.926576477,50.93103368,nass/feucht,,PKW
98976,5,3,15,0,2019,Februar,13,Samstag,Unfall mit Schwerverletzten,Zusammenstoß mit einbiegendem / kreuzendem Fahrzeug,Überschreiten-Unfall,Tageslicht,0,0,1,0,0,1,"355867,3607","5650212,714",6.946490866,50.98543724,nass/feucht,,"Fuss, Sonstige"
98977,5,3,15,0,2019,Februar,19,Samstag,Unfall mit Leichtverletzten,Zusammenstoß zwischen Fahrzeug und Fußgänger,Unfall im Längsverkehr,Dunkelheit,1,0,1,0,0,0,"353444,1115","5646594,891",6.913448023,50.9523136,nass/feucht,,"Rad, Fuss"
98979,5,3,15,0,2019,Februar,9,Samstag,Unfall mit Schwerverletzten,Zusammenstoß mit einbiegendem / kreuzendem Fahrzeug,Abbiegeunfall,Tageslicht,0,1,0,0,1,0,"348614,9562","5649899,781",6.843370054,50.98076381,nass/feucht,,"PKW, Gkfz"
99133,5,3,15,0,2019,Februar,2,Sonntag,Unfall mit Schwerverletzten,Zusammenstoß zwischen Fahrzeug und Fußgänger,Abbiegeunfall,Dunkelheit,0,1,1,0,0,0,"360391,113","5648479,677",7.011565748,50.97097709,nass/feucht,,"Fuss, PKW"
99134,5,3,15,0,2019,Februar,12,Sonntag,Unfall mit Leichtverletzten,Zusammenstoß mit anfahrendem/ anhaltendem/ruhendem Fahrzeug,Unfall durch ruhenden Verkehr,Tageslicht,1,1,0,0,0,0,"353971,7832","5646096,924",6.92115503,50.94797248,trocken,,"Rad, PKW"
99138,5,3,15,0,2019,Februar,12,Sonntag,Unfall mit Leichtverletzten,Zusammenstoß zwischen Fahrzeug und Fußgänger,Unfall im Längsverkehr,Tageslicht,1,0,1,0,0,0,"355383,7185","5644723,023",6.941786713,50.93598148,trocken,,"Rad, Fuss"
99184,5,3,15,0,2019,Februar,16,Donnerstag,Unfall mit Leichtverletzten,Unfall anderer Art,Unfall im Längsverkehr,Tageslicht,0,1,0,0,0,0,"360690,0399","5652176,042",7.01440329,51.00426914,trocken,,PKW
99232,5,3,15,0,2019,Februar,18,Sonntag,Unfall mit Schwerverletzten,Zusammenstoß mit vorausfahrendem / wartendem Fahrzeug,Unfall im Längsverkehr,Dunkelheit,0,1,0,0,0,0,"363834,0428","5646139,023",7.061448512,50.95076493,trocken,,PKW
99254,5,3,15,0,2019,Februar,6,Mittwoch,Unfall mit Leichtverletzten,Unfall anderer Art,Einbiegen / Kreuzen-Unfall,Dämmerung,1,0,0,0,0,1,"362966,6807","5645280,44",7.049430857,50.94284297,trocken,,"Rad, Sonstige"
99255,5,3,15,0,2019,Februar,10,Mittwoch,Unfall mit Schwerverletzten,Unfall anderer Art,Sonstiger Unfall,Tageslicht,0,1,0,0,0,1,"357909,9069","5644602,104",6.97776302,50.93552274,trocken,,"PKW, Sonstige"
99258,5,3,15,0,2019,Februar,14,Mittwoch,Unfall mit Leichtverletzten,Zusammenstoß mit vorausfahrendem / wartendem Fahrzeug,Unfall im Längsverkehr,Tageslicht,0,1,0,0,0,0,"355236,0898","5651547,661",6.93697114,50.99727559,trocken,,PKW
99307,5,3,15,0,2019,Februar,14,Samstag,Unfall mit Leichtverletzten,Zusammenstoß mit vorausfahrendem / wartendem Fahrzeug,Unfall im Längsverkehr,Tageslicht,0,1,0,0,0,0,"359722,2526","5647257,231",7.002516802,50.95982836,trocken,,PKW
99308,5,3,15,0,2019,Februar,18,Samstag,Unfall mit Leichtverletzten,Zusammenstoß mit seitlich in gleicher Richtung fahrendem Fahrzeug,Unfall im Längsverkehr,Dunkelheit,1,0,0,0,0,1,"360085,346","5647264,362",7.007680977,50.95998073,trocken,,"Rad, Sonstige"
99309,5,3,15,0,2019,Februar,14,Samstag,Unfall mit Leichtverletzten,Abkommen von Fahrbahn nach rechts,Fahrunfall,Tageslicht,0,1,0,0,0,0,"364742,2108","5647182,101",7.073982363,50.96035341,trocken,,PKW
99310,5,3,15,0,2019,Februar,17,Samstag,Unfall mit Leichtverletzten,Zusammenstoß mit vorausfahrendem / wartendem Fahrzeug,Unfall im Längsverkehr,Dämmerung,0,1,0,0,0,0,"348691,5004","5642950,611",6.84734734,50.91833718,trocken,,PKW
99311,5,3,15,0,2019,Februar,10,Samstag,Unfall mit Schwerverletzten,Zusammenstoß zwischen Fahrzeug und Fußgänger,Überschreiten-Unfall,Tageslicht,1,0,1,0,0,0,"354215,1965","5647145,913",6.924197741,50.957461,trocken,,"Rad, Fuss"
99314,5,3,15,0,2019,Februar,18,Samstag,Unfall mit Leichtverletzten,Zusammenstoß zwischen Fahrzeug und Fußgänger,Überschreiten-Unfall,Tageslicht,1,0,1,0,0,0,"354152,8338","5645969,806",6.92378155,50.94687594,trocken,,"Rad, Fuss"
99315,5,3,15,0,2019,Februar,15,Samstag,Unfall mit Leichtverletzten,Zusammenstoß mit vorausfahrendem / wartendem Fahrzeug,Unfall im Längsverkehr,Tageslicht,0,1,0,0,0,0,"351533,803","5644413,405",6.88715925,50.93222084,trocken,,PKW
99336,5,3,15,0,2019,Februar,8,Mittwoch,Unfall mit Leichtverletzten,Zusammenstoß mit vorausfahrendem / wartendem Fahrzeug,Unfall im Längsverkehr,Tageslicht,0,1,0,0,0,0,"362932,609","5644352,001",7.049295459,50.93449064,nass/feucht,,PKW
99390,5,3,15,0,2019,Februar,14,Dienstag,Unfall mit Leichtverletzten,Zusammenstoß mit vorausfahrendem / wartendem Fahrzeug,Unfall im Längsverkehr,Tageslicht,0,1,0,0,0,0,"366713,265","5638526,836",7.105196186,50.88302189,nass/feucht,,PKW
99391,5,3,15,0,2019,Februar,13,Dienstag,Unfall mit Leichtverletzten,Zusammenstoß zwischen Fahrzeug und Fußgänger,Überschreiten-Unfall,Tageslicht,0,1,1,0,0,0,"365087,3223","5642928,611",7.080468949,50.92220593,nass/feucht,,"Fuss, PKW"
99394,5,3,15,0,2019,Februar,15,Dienstag,Unfall mit Leichtverletzten,Zusammenstoß mit einbiegendem / kreuzendem Fahrzeug,Einbiegen / Kreuzen-Unfall,Tageslicht,1,1,0,0,0,0,"357555,8982","5645067,697",6.972546092,50.93961968,nass/feucht,,"Rad, PKW"
99396,5,3,15,0,2019,Februar,18,Dienstag,Unfall mit Leichtverletzten,Zusammenstoß mit vorausfahrendem / wartendem Fahrzeug,Unfall im Längsverkehr,Dunkelheit,0,1,0,0,0,0,"348397,3611","5646697,272",6.841607185,50.95192829,trocken,,PKW
99397,5,3,15,0,2019,Februar,8,Dienstag,Unfall mit Leichtverletzten,Zusammenstoß mit vorausfahrendem / wartendem Fahrzeug,Unfall im Längsverkehr,Tageslicht,0,1,0,0,0,0,"355246,838","5646680,018",6.939062166,50.95353419,nass/feucht,,PKW
99401,5,3,15,0,2019,Februar,15,Samstag,Unfall mit Leichtverletzten,Zusammenstoß mit vorausfahrendem / wartendem Fahrzeug,Unfall im Längsverkehr,Tageslicht,0,1,0,0,0,1,"354335,7207","5653592,071",6.923328464,51.01542063,trocken,,"PKW, Sonstige"
99487,5,3,15,0,2019,Februar,7,Freitag,Unfall mit Leichtverletzten,Zusammenstoß mit vorausfahrendem / wartendem Fahrzeug,Unfall im Längsverkehr,Dämmerung,0,1,0,0,0,0,"361521,3191","5640540,203",7.030670022,50.8998957,nass/feucht,,PKW
99488,5,3,15,0,2019,Februar,8,Freitag,Unfall mit Leichtverletzten,Zusammenstoß mit einbiegendem / kreuzendem Fahrzeug,Abbiegeunfall,Tageslicht,0,1,0,0,0,1,"358337,14","5645557,788",6.983467789,50.9442166,nass/feucht,,"PKW, Sonstige"
99492,5,3,15,0,2019,Februar,13,Freitag,Unfall mit Leichtverletzten,Zusammenstoß zwischen Fahrzeug und Fußgänger,Sonstiger Unfall,Tageslicht,0,1,1,0,0,0,"357859,3408","5643933,362",6.977304643,50.9295003,trocken,,"Fuss, PKW"
99493,5,3,15,0,2019,Februar,13,Freitag,Unfall mit Leichtverletzten,Zusammenstoß mit einbiegendem / kreuzendem Fahrzeug,Einbiegen / Kreuzen-Unfall,Tageslicht,1,1,0,0,0,0,"350876,8992","5652330,832",6.874571752,51.00320028,trocken,,"Rad, PKW"
99496,5,3,15,0,2019,Februar,16,Dienstag,Unfall mit Leichtverletzten,Zusammenstoß mit seitlich in gleicher Richtung fahrendem Fahrzeug,Unfall im Längsverkehr,Tageslicht,0,1,0,0,1,0,"362134,8832","5646161,073",7.03726485,50.95055919,nass/feucht,,"PKW, Gkfz"
99502,5,3,15,0,2019,Februar,15,Dienstag,Unfall mit Leichtverletzten,Zusammenstoß mit vorausfahrendem / wartendem Fahrzeug,Unfall im Längsverkehr,Tageslicht,0,1,0,0,0,0,"352207,6739","5641222,553",6.898035068,50.90371911,trocken,,PKW
99589,5,3,15,0,2019,Februar,13,Samstag,Unfall mit Leichtverletzten,Zusammenstoß mit einbiegendem / kreuzendem Fahrzeug,Abbiegeunfall,Tageslicht,1,1,0,0,0,0,"366305,5024","5635852,502",7.10038041,50.85889144,trocken,,"Rad, PKW"
99591,5,3,15,0,2019,Februar,8,Samstag,Unfall mit Leichtverletzten,Unfall anderer Art,Fahrunfall,Tageslicht,1,0,0,0,0,0,"363208,488","5638349,39",7.055468965,50.88060795,trocken,,Rad
99592,5,3,15,0,2019,Februar,20,Samstag,Unfall mit Schwerverletzten,Zusammenstoß mit entgegenkommendem Fahrzeug,Abbiegeunfall,Dunkelheit,0,1,0,0,0,1,"362410,3919","5643666,147",7.042126942,50.92820228,trocken,,"PKW, Sonstige"