OBJECTID,ULAND,UREGBEZ,UKREIS,UGEMEINDE,UJAHR,UMONAT,USTUNDE,UWOCHENTAG,UKATEGORIE,UART,UTYP1,ULICHTVERH,IstRad,IstPKW,IstFuss,IstKrad,IstGkfz,IstSonstige,LINREFX,LINREFY,XGCSWGS84,YGCSWGS84,USTRZUSTAND,UIDENTSTLAE,Participants
99595,5,3,15,0,2019,Februar,10,Samstag,Unfall mit Leichtverletzten,Zusammenstoß zwischen Fahrzeug und Fußgänger,Überschreiten-Unfall,Tageslicht,0,1,1,0,0,0,"360284,356","5647030,523",7.010602733,50.95792747,trocken,,"Fuss, PKW"
99597,5,3,15,0,2019,Februar,20,Samstag,Unfall mit Leichtverletzten,Zusammenstoß mit einbiegendem / kreuzendem Fahrzeug,Einbiegen / Kreuzen-Unfall,Dunkelheit,0,1,0,0,0,0,"359947,1345","5649023,555",7.005036823,50.97575718,trocken,,PKW
99598,5,3,15,0,2019,Februar,14,Samstag,Unfall mit Leichtverletzten,Zusammenstoß mit vorausfahrendem / wartendem Fahrzeug,Unfall im Längsverkehr,Tageslicht,0,1,0,0,0,0,"348697,572","5642952,354",6.847432933,50.91835444,trocken,,PKW
99600,5,3,15,0,2019,Februar,8,Samstag,Unfall mit Leichtverletzten,Zusammenstoß mit seitlich in gleicher Richtung fahrendem Fahrzeug,Unfall im Längsverkehr,Tageslicht,0,1,0,0,0,0,"355383,386","5646703,261",6.940995705,50.95377735,trocken,,PKW
99602,5,3,15,0,2019,Februar,13,Samstag,Unfall mit Leichtverletzten,Zusammenstoß mit vorausfahrendem / wartendem Fahrzeug,Unfall im Längsverkehr,Tageslicht,0,1,0,0,0,0,"358090,1028","5639402,167",6.982348176,50.88883502,trocken,,PKW
99604,5,3,15,0,2019,Februar,8,Samstag,Unfall mit Leichtverletzten,Zusammenstoß mit entgegenkommendem Fahrzeug,Unfall im Längsverkehr,Tageslicht,1,1,0,0,0,0,"353442,2416","5643112,473",6.914822057,50.92101791,trocken,,"Rad, PKW"
99696,5,3,15,0,2019,Februar,2,Montag,Unfall mit Leichtverletzten,Zusammenstoß mit vorausfahrendem / wartendem Fahrzeug,Sonstiger Unfall,Dunkelheit,0,1,0,0,0,0,"357461,3511","5644194,978",6.971542641,50.93175322,trocken,,PKW
99699,5,3,15,0,2019,Februar,17,Montag,Unfall mit Leichtverletzten,Abkommen von Fahrbahn nach rechts,Sonstiger Unfall,Tageslicht,0,1,0,0,0,0,"358388,0497","5643953,957",6.984815311,50.92981543,trocken,,PKW
99701,5,3,15,0,2019,Februar,8,Montag,Unfall mit Leichtverletzten,Zusammenstoß zwischen Fahrzeug und Fußgänger,Abbiegeunfall,Tageslicht,0,1,1,0,0,0,"365115,9686","5649528,016",7.078431222,50.9815249,trocken,,"Fuss, PKW"
99702,5,3,15,0,2019,Februar,10,Montag,Unfall mit Leichtverletzten,Zusammenstoß mit vorausfahrendem / wartendem Fahrzeug,Abbiegeunfall,Tageslicht,0,1,0,0,0,0,"349070,9084","5649604,78",6.849983131,50.97823257,trocken,,PKW
99705,5,3,15,0,2019,Februar,12,Montag,Unfall mit Leichtverletzten,Unfall anderer Art,Fahrunfall,Tageslicht,1,0,0,0,0,0,"359013,438","5636530,891",6.996574513,50.86325642,trocken,,Rad
99706,5,3,15,0,2019,Februar,15,Montag,Unfall mit Leichtverletzten,Unfall anderer Art,Unfall durch ruhenden Verkehr,Tageslicht,0,0,0,1,0,0,"355208,7637","5644920,787",6.939219852,50.93771484,trocken,,Krad
99750,5,3,15,0,2019,Februar,16,Samstag,Unfall mit Leichtverletzten,Zusammenstoß mit vorausfahrendem / wartendem Fahrzeug,Unfall im Längsverkehr,Tageslicht,0,1,0,0,0,0,"363640,1335","5641220,781",7.060529263,50.90651664,trocken,,PKW
99751,5,3,15,0,2019,Februar,14,Samstag,Unfall mit Leichtverletzten,Zusammenstoß mit vorausfahrendem / wartendem Fahrzeug,Unfall im Längsverkehr,Tageslicht,0,1,0,0,0,0,"363552,926","5641448,828",7.059204402,50.9085456,trocken,,PKW
99752,5,3,15,0,2019,Februar,17,Samstag,Unfall mit Leichtverletzten,Abkommen von Fahrbahn nach rechts,Fahrunfall,Tageslicht,0,0,0,1,0,0,"353216,809","5640388,633",6.912712419,50.89648237,nass/feucht,,Krad
99839,5,3,15,0,2019,Februar,18,Freitag,Unfall mit Leichtverletzten,Zusammenstoß mit seitlich in gleicher Richtung fahrendem Fahrzeug,Unfall im Längsverkehr,Dunkelheit,0,1,0,0,0,0,"360960,4932","5640904,881",7.022560611,50.90303839,trocken,,PKW
99840,5,3,15,0,2019,Februar,20,Freitag,Unfall mit Leichtverletzten,Zusammenstoß mit anfahrendem/ anhaltendem/ruhendem Fahrzeug,Unfall im Längsverkehr,Dunkelheit,0,1,0,0,0,1,"361612,6818","5644070,246",7.03062942,50.93164322,trocken,,"PKW, Sonstige"
99842,5,3,15,0,2019,Februar,17,Freitag,Unfall mit Leichtverletzten,Zusammenstoß mit vorausfahrendem / wartendem Fahrzeug,Unfall im Längsverkehr,Tageslicht,0,1,0,0,0,0,"361510,26","5647894,877",7.027718163,50.96599155,trocken,,PKW
99844,5,3,15,0,2019,Februar,17,Freitag,Unfall mit Leichtverletzten,Zusammenstoß mit einbiegendem / kreuzendem Fahrzeug,Einbiegen / Kreuzen-Unfall,Tageslicht,0,1,0,0,0,0,"352807,0036","5651769,824",6.902288821,50.99865585,trocken,,PKW
99845,5,3,15,0,2019,Februar,8,Freitag,Unfall mit Leichtverletzten,Zusammenstoß mit einbiegendem / kreuzendem Fahrzeug,Abbiegeunfall,Tageslicht,1,1,0,0,0,0,"352281,1143","5647412,216",6.896570336,50.9593616,trocken,,"Rad, PKW"
99847,5,3,15,0,2019,Februar,7,Freitag,Unfall mit Leichtverletzten,Zusammenstoß zwischen Fahrzeug und Fußgänger,Überschreiten-Unfall,Tageslicht,0,1,1,0,0,0,"347606,6352","5646019,115",6.830641901,50.94562577,trocken,,"Fuss, PKW"
99850,5,3,15,0,2019,Februar,12,Freitag,Unfall mit Schwerverletzten,Unfall anderer Art,Unfall im Längsverkehr,Tageslicht,0,1,0,0,0,0,"353211,2507","5645208,753",6.910693768,50.93979768,trocken,,PKW
99851,5,3,15,0,2019,Februar,16,Freitag,Unfall mit Leichtverletzten,Zusammenstoß mit vorausfahrendem / wartendem Fahrzeug,Unfall im Längsverkehr,Tageslicht,0,1,0,0,0,0,"354162,298","5636572,427",6.92767041,50.86242645,trocken,,PKW
99852,5,3,15,0,2019,Februar,9,Freitag,Unfall mit Leichtverletzten,Zusammenstoß zwischen Fahrzeug und Fußgänger,Überschreiten-Unfall,Tageslicht,1,0,1,0,0,0,"356049,7387","5646103,995",6.950713448,50.94855867,trocken,,"Rad, Fuss"
99908,5,3,15,0,2019,Februar,14,Sonntag,Unfall mit Leichtverletzten,Zusammenstoß mit vorausfahrendem / wartendem Fahrzeug,Abbiegeunfall,Tageslicht,0,1,0,0,0,0,"361510,1789","5640550,858",7.030507655,50.89998879,trocken,,PKW
99909,5,3,15,0,2019,Februar,22,Sonntag,Unfall mit Leichtverletzten,Unfall anderer Art,Sonstiger Unfall,Dunkelheit,0,1,0,0,0,0,"363272,6157","5645369,342",7.053749557,50.9437146,trocken,,PKW
99911,5,3,15,0,2019,Februar,15,Sonntag,Unfall mit Leichtverletzten,Zusammenstoß mit vorausfahrendem / wartendem Fahrzeug,Unfall im Längsverkehr,Tageslicht,0,1,0,1,0,0,"351533,803","5644413,405",6.88715925,50.93222084,trocken,,"Krad, PKW"
100018,5,3,15,0,2019,Februar,15,Sonntag,Unfall mit Leichtverletzten,Abkommen von Fahrbahn nach links,Fahrunfall,Tageslicht,0,0,0,1,0,0,"360739,207","5650052,657",7.01591784,50.98519795,trocken,,Krad
100020,5,3,15,0,2019,Februar,9,Donnerstag,Unfall mit Leichtverletzten,Zusammenstoß zwischen Fahrzeug und Fußgänger,Überschreiten-Unfall,Tageslicht,0,1,1,0,0,0,"359978,1986","5647391,309",7.006107387,50.96109559,nass/feucht,,"Fuss, PKW"
100025,5,3,15,0,2019,Februar,8,Donnerstag,Unfall mit Leichtverletzten,Zusammenstoß mit einbiegendem / kreuzendem Fahrzeug,Einbiegen / Kreuzen-Unfall,Tageslicht,1,1,0,0,0,0,"351517,028","5644478,526",6.886894167,50.93280174,nass/feucht,,"Rad, PKW"
100027,5,3,15,0,2019,Februar,11,Donnerstag,Unfall mit Leichtverletzten,Zusammenstoß mit vorausfahrendem / wartendem Fahrzeug,Unfall im Längsverkehr,Tageslicht,0,1,0,0,0,0,"354582,1811","5645885,977",6.929922757,50.94623106,trocken,,PKW
100029,5,3,15,0,2019,Februar,9,Donnerstag,Unfall mit Leichtverletzten,Zusammenstoß mit einbiegendem / kreuzendem Fahrzeug,Einbiegen / Kreuzen-Unfall,Tageslicht,1,1,0,0,0,0,"357105,485","5643206,113",6.966869319,50.92277829,trocken,,"Rad, PKW"
100096,5,3,15,0,2019,Februar,10,Donnerstag,Unfall mit Leichtverletzten,Zusammenstoß mit seitlich in gleicher Richtung fahrendem Fahrzeug,Unfall im Längsverkehr,Tageslicht,0,1,0,0,0,1,"356363,4365","5647291,67",6.954707599,50.95931037,trocken,,"PKW, Sonstige"
100097,5,3,15,0,2019,Februar,18,Donnerstag,Unfall mit Leichtverletzten,Zusammenstoß mit vorausfahrendem / wartendem Fahrzeug,Unfall im Längsverkehr,Dunkelheit,0,1,0,0,0,0,"352172,4411","5644968,95",6.89601587,50.9373773,trocken,,PKW
100100,5,3,15,0,2019,Februar,8,Freitag,Unfall mit Leichtverletzten,Zusammenstoß mit seitlich in gleicher Richtung fahrendem Fahrzeug,Unfall im Längsverkehr,Tageslicht,0,1,0,0,1,0,"363053,7796","5644160,433",7.051090843,50.93279773,trocken,,"PKW, Gkfz"
100152,5,3,15,0,2019,Februar,16,Donnerstag,Unfall mit Schwerverletzten,Zusammenstoß mit vorausfahrendem / wartendem Fahrzeug,Unfall im Längsverkehr,Tageslicht,0,1,0,0,0,0,"360893,8939","5649709,992",7.018251459,50.98215577,trocken,,PKW
100195,5,3,15,0,2019,Februar,10,Mittwoch,Unfall mit Leichtverletzten,Unfall anderer Art,Unfall im Längsverkehr,Tageslicht,1,1,0,0,0,1,"364572,8683","5638371,908",7.074843926,50.88113173,nass/feucht,,"Rad, PKW, Sonstige"
100196,5,3,15,0,2019,Februar,12,Mittwoch,Unfall mit Schwerverletzten,Zusammenstoß mit entgegenkommendem Fahrzeug,Abbiegeunfall,Tageslicht,1,1,0,0,0,0,"365144,6418","5637353,385",7.08334273,50.87211132,trocken,,"Rad, PKW"
100197,5,3,15,0,2019,Februar,18,Mittwoch,Unfall mit Schwerverletzten,Zusammenstoß mit seitlich in gleicher Richtung fahrendem Fahrzeug,Unfall im Längsverkehr,Dunkelheit,0,1,0,0,1,0,"358229,0986","5645438,221",6.981977408,50.94311549,trocken,,"PKW, Gkfz"
100198,5,3,15,0,2019,Februar,12,Mittwoch,Unfall mit Leichtverletzten,Zusammenstoß zwischen Fahrzeug und Fußgänger,Abbiegeunfall,Tageslicht,0,1,1,0,0,0,"356521,6164","5646718,266",6.957184487,50.95419669,trocken,,"Fuss, PKW"
100199,5,3,15,0,2019,Februar,2,Mittwoch,Unfall mit Leichtverletzten,Zusammenstoß mit anfahrendem/ anhaltendem/ruhendem Fahrzeug,Sonstiger Unfall,Dunkelheit,0,1,0,0,0,0,"352863,815","5643772,362",6.906331983,50.92680087,trocken,,PKW
100254,5,3,15,0,2019,Februar,12,Mittwoch,Unfall mit Leichtverletzten,Zusammenstoß mit vorausfahrendem / wartendem Fahrzeug,Unfall im Längsverkehr,Tageslicht,0,1,0,0,0,1,"366699,727","5642119,832",7.103692224,50.91531165,trocken,,"PKW, Sonstige"
100305,5,3,15,0,2019,Februar,9,Dienstag,Unfall mit Leichtverletzten,Zusammenstoß zwischen Fahrzeug und Fußgänger,Überschreiten-Unfall,Tageslicht,0,1,1,0,0,0,"362134,089","5640208,267",7.039504184,50.89705909,trocken,,"Fuss, PKW"
100308,5,3,15,0,2019,Februar,16,Dienstag,Unfall mit Leichtverletzten,Zusammenstoß mit einbiegendem / kreuzendem Fahrzeug,Abbiegeunfall,Tageslicht,0,1,0,1,0,0,"358978,4084","5642266,499",6.993863327,50.91479471,trocken,,"Krad, PKW"
100309,5,3,15,0,2019,Februar,15,Dienstag,Unfall mit Leichtverletzten,Zusammenstoß mit vorausfahrendem / wartendem Fahrzeug,Unfall im Längsverkehr,Tageslicht,0,1,0,0,0,0,"362902,2623","5648346,913",7.047359405,50.9703871,trocken,,PKW
100310,5,3,15,0,2019,Februar,11,Dienstag,Unfall mit Leichtverletzten,Zusammenstoß zwischen Fahrzeug und Fußgänger,Überschreiten-Unfall,Tageslicht,1,1,1,0,0,0,"352717,217","5644928,164",6.903780425,50.93715017,trocken,,"Rad, Fuss, PKW"
100311,5,3,15,0,2019,Februar,10,Dienstag,Unfall mit Leichtverletzten,Zusammenstoß mit anfahrendem/ anhaltendem/ruhendem Fahrzeug,Einbiegen / Kreuzen-Unfall,Tageslicht,0,1,0,0,0,0,"359100,0482","5637736,377",6.99734011,50.87411148,trocken,,PKW
100313,5,3,15,0,2019,Februar,15,Dienstag,Unfall mit Leichtverletzten,Zusammenstoß mit seitlich in gleicher Richtung fahrendem Fahrzeug,Abbiegeunfall,Tageslicht,0,1,0,0,0,1,"355037,3192","5643523,565",6.937337098,50.92511525,trocken,,"PKW, Sonstige"
100314,5,3,15,0,2019,Februar,13,Dienstag,Unfall mit Leichtverletzten,Zusammenstoß mit vorausfahrendem / wartendem Fahrzeug,Unfall im Längsverkehr,Tageslicht,0,1,0,0,0,0,"351738,756","5643568,261",6.890417554,50.92467867,trocken,,PKW
100316,5,3,15,0,2019,Februar,12,Dienstag,Unfall mit Leichtverletzten,Zusammenstoß mit einbiegendem / kreuzendem Fahrzeug,Unfall durch ruhenden Verkehr,Tageslicht,0,1,0,0,0,1,"354928,4248","5644795,714",6.935282417,50.93652039,trocken,,"PKW, Sonstige"
100384,5,3,15,0,2019,Februar,7,Sonntag,Unfall mit Leichtverletzten,Abkommen von Fahrbahn nach links,Sonstiger Unfall,Tageslicht,0,1,0,0,0,0,"361622,3835","5650065,975",7.028487603,50.98553061,trocken,,PKW
100385,5,3,15,0,2019,Februar,12,Sonntag,Unfall mit Leichtverletzten,Unfall anderer Art,Fahrunfall,Tageslicht,1,0,0,0,0,0,"355900,6492","5646822,207",6.948308186,50.95497586,trocken,,Rad
100386,5,3,15,0,2019,Februar,17,Sonntag,Unfall mit Leichtverletzten,Abkommen von Fahrbahn nach links,Fahrunfall,Tageslicht,1,0,0,0,0,0,"351288,005","5645034,856",6.883410221,50.93774217,trocken,,Rad
100387,5,3,15,0,2019,Februar,12,Sonntag,Unfall mit Leichtverletzten,Zusammenstoß mit seitlich in gleicher Richtung fahrendem Fahrzeug,Unfall durch ruhenden Verkehr,Tageslicht,1,1,0,0,0,0,"355216,1209","5644963,192",6.939307643,50.93809777,trocken,,"Rad, PKW"
100465,5,3,15,0,2019,Februar,21,Samstag,Unfall mit Leichtverletzten,Zusammenstoß mit einbiegendem / kreuzendem Fahrzeug,Einbiegen / Kreuzen-Unfall,Dunkelheit,0,1,0,0,0,0,"364366,245","5641545,028",7.070730103,50.90960188,trocken,,PKW
100466,5,3,15,0,2019,Februar,20,Samstag,Unfall mit Leichtverletzten,Zusammenstoß zwischen Fahrzeug und Fußgänger,Überschreiten-Unfall,Dunkelheit,0,1,1,0,0,0,"362252,9689","5651288,226",7.037002626,50.9966665,trocken,,"Fuss, PKW"
100467,5,3,15,0,2019,Februar,20,Samstag,Unfall mit Leichtverletzten,Zusammenstoß mit vorausfahrendem / wartendem Fahrzeug,Unfall im Längsverkehr,Dunkelheit,0,1,0,0,0,0,"359721,5052","5647255,543",7.002506818,50.959813,trocken,,PKW
100468,5,3,15,0,2019,Februar,12,Samstag,Unfall mit Leichtverletzten,Zusammenstoß mit anfahrendem/ anhaltendem/ruhendem Fahrzeug,Unfall im Längsverkehr,Tageslicht,0,1,0,0,1,0,"354517,5234","5643547,166",6.929936697,50.92519651,trocken,,"PKW, Gkfz"
100469,5,3,15,0,2019,Februar,18,Samstag,Unfall mit Schwerverletzten,Unfall anderer Art,Überschreiten-Unfall,Dunkelheit,0,0,1,0,0,1,"354288,1422","5642441,54",6.92711683,50.91520265,trocken,,"Fuss, Sonstige"
100563,5,3,15,0,2019,Februar,6,Freitag,Unfall mit Leichtverletzten,Zusammenstoß mit vorausfahrendem / wartendem Fahrzeug,Unfall im Längsverkehr,Dunkelheit,0,1,0,0,0,0,"362593,314","5639933,937",7.046133649,50.89470302,trocken,,PKW
100564,5,3,15,0,2019,Februar,10,Freitag,Unfall mit Leichtverletzten,Zusammenstoß zwischen Fahrzeug und Fußgänger,Unfall durch ruhenden Verkehr,Tageslicht,0,0,1,0,0,1,"359944,4025","5647472,493",7.005595199,50.96181698,trocken,,"Fuss, Sonstige"
100565,5,3,15,0,2019,Februar,16,Freitag,Unfall mit Leichtverletzten,Zusammenstoß mit vorausfahrendem / wartendem Fahrzeug,Unfall im Längsverkehr,Tageslicht,0,1,0,0,0,0,"349210,9348","5649545,239",6.852001035,50.97773421,trocken,,PKW
100567,5,3,15,0,2019,Februar,16,Freitag,Unfall mit Leichtverletzten,Zusammenstoß mit einbiegendem / kreuzendem Fahrzeug,Einbiegen / Kreuzen-Unfall,Tageslicht,0,1,0,0,0,0,"353379,7617","5645784,337",6.912858878,50.94501311,trocken,,PKW
100568,5,3,15,0,2019,Februar,21,Freitag,Unfall mit Schwerverletzten,Unfall anderer Art,Sonstiger Unfall,Dunkelheit,0,0,1,0,0,1,"356669,4751","5638320,74",6.9625876,50.8787655,trocken,,"Fuss, Sonstige"
100570,5,3,15,0,2019,Februar,11,Freitag,Unfall mit Leichtverletzten,Zusammenstoß mit vorausfahrendem / wartendem Fahrzeug,Unfall im Längsverkehr,Tageslicht,0,1,0,0,0,0,"353816,46","5640733,159",6.921095658,50.89973063,trocken,,PKW
100571,5,3,15,0,2019,Februar,18,Freitag,Unfall mit Leichtverletzten,Zusammenstoß mit anfahrendem/ anhaltendem/ruhendem Fahrzeug,Unfall im Längsverkehr,Dunkelheit,0,1,0,0,0,0,"353069,552","5640720,773",6.91048625,50.89942976,nass/feucht,,PKW
100573,5,3,15,0,2019,Februar,9,Freitag,Unfall mit Leichtverletzten,Zusammenstoß zwischen Fahrzeug und Fußgänger,Überschreiten-Unfall,Tageslicht,0,1,1,0,0,0,"357044,2741","5643192,772",6.966004215,50.92264323,trocken,,"Fuss, PKW"
100574,5,3,15,0,2019,Februar,19,Freitag,Unfall mit Leichtverletzten,Zusammenstoß mit einbiegendem / kreuzendem Fahrzeug,Abbiegeunfall,Dunkelheit,1,1,0,0,0,0,"354879,092","5644798,167",6.934579804,50.93653002,nass/feucht,,"Rad, PKW"
100616,5,3,15,0,2019,Februar,23,Montag,Unfall mit Leichtverletzten,Abkommen von Fahrbahn nach rechts,Sonstiger Unfall,Dunkelheit,0,1,0,0,0,0,"357126,3969","5637044,726",6.969576787,50.86741107,trocken,,PKW
100623,5,3,15,0,2019,Februar,2,Mittwoch,Unfall mit Leichtverletzten,Zusammenstoß mit anfahrendem/ anhaltendem/ruhendem Fahrzeug,Sonstiger Unfall,Dunkelheit,1,1,0,0,0,0,"355199,199","5644863,85",6.939106442,50.93720076,trocken,,"Rad, PKW"
100704,5,3,15,0,2019,Februar,16,Mittwoch,Unfall mit Leichtverletzten,Zusammenstoß mit vorausfahrendem / wartendem Fahrzeug,Unfall im Längsverkehr,Tageslicht,0,1,0,0,0,0,"361595,823","5644071,78",7.030389073,50.93165296,trocken,,PKW
100725,5,3,15,0,2019,Februar,13,Mittwoch,Unfall mit Leichtverletzten,Zusammenstoß mit vorausfahrendem / wartendem Fahrzeug,Unfall im Längsverkehr,Tageslicht,0,1,0,0,0,0,"352841,6212","5640742,603",6.907238333,50.89956789,trocken,,PKW
100728,5,3,15,0,2019,Februar,12,Mittwoch,Unfall mit Schwerverletzten,Zusammenstoß mit anfahrendem/ anhaltendem/ruhendem Fahrzeug,Unfall im Längsverkehr,Tageslicht,0,1,0,0,1,0,"349066,826","5648588,85",6.850346714,50.96910215,trocken,,"PKW, Gkfz"
100729,5,3,15,0,2019,Februar,10,Mittwoch,Unfall mit Leichtverletzten,Unfall anderer Art,Unfall im Längsverkehr,Tageslicht,0,0,0,0,1,0,"359490,6797","5641570,896",7.001413867,50.90866815,trocken,,Gkfz
100768,5,3,15,0,2019,Februar,16,Mittwoch,Unfall mit Leichtverletzten,Zusammenstoß mit vorausfahrendem / wartendem Fahrzeug,Unfall im Längsverkehr,Tageslicht,0,1,0,0,0,1,"360551,8404","5645927,046",7.014831662,50.94807513,trocken,,"PKW, Sonstige"
100784,5,3,15,0,2019,Februar,8,Mittwoch,Unfall mit Leichtverletzten,Zusammenstoß mit einbiegendem / kreuzendem Fahrzeug,Einbiegen / Kreuzen-Unfall,Tageslicht,1,1,0,0,0,0,"362648,1436","5643210,366",7.045679699,50.92416266,trocken,,"Rad, PKW"
100792,5,3,15,0,2019,Februar,17,Dienstag,Unfall mit Leichtverletzten,Zusammenstoß mit einbiegendem / kreuzendem Fahrzeug,Sonstiger Unfall,Tageslicht,1,1,0,0,0,0,"365384,7122","5638386,052",7.086372535,50.88144856,trocken,,"Rad, PKW"
100793,5,3,15,0,2019,Februar,8,Dienstag,Unfall mit Leichtverletzten,Zusammenstoß mit einbiegendem / kreuzendem Fahrzeug,Abbiegeunfall,Tageslicht,1,1,0,0,0,0,"358287,2835","5644789,318",6.983057501,50.93729809,trocken,,"Rad, PKW"
100795,5,3,15,0,2019,Februar,8,Dienstag,Unfall mit Leichtverletzten,Zusammenstoß mit vorausfahrendem / wartendem Fahrzeug,Unfall im Längsverkehr,Tageslicht,0,1,0,0,0,0,"364828,1738","5649374,508",7.074390839,50.98007776,trocken,,PKW
100796,5,3,15,0,2019,Februar,7,Dienstag,Unfall mit Leichtverletzten,Zusammenstoß mit vorausfahrendem / wartendem Fahrzeug,Unfall im Längsverkehr,Tageslicht,0,1,0,0,0,0,"357385,8412","5644121,473",6.970497546,50.93107398,trocken,,PKW
100797,5,3,15,0,2019,Februar,15,Dienstag,Unfall mit Leichtverletzten,Zusammenstoß mit vorausfahrendem / wartendem Fahrzeug,Unfall im Längsverkehr,Tageslicht,0,1,0,0,0,0,"354654,8427","5651688,052",6.928637379,50.99839071,trocken,,PKW
100798,5,3,15,0,2019,Februar,7,Dienstag,Unfall mit Leichtverletzten,Zusammenstoß mit vorausfahrendem / wartendem Fahrzeug,Unfall im Längsverkehr,Tageslicht,0,1,0,0,0,0,"350290,4376","5647413,151",6.868244734,50.95885625,trocken,,PKW
100800,5,3,15,0,2019,Februar,9,Dienstag,Unfall mit Leichtverletzten,Zusammenstoß mit anfahrendem/ anhaltendem/ruhendem Fahrzeug,Unfall im Längsverkehr,Tageslicht,0,1,0,0,0,0,"354792,144","5646143,464",6.932806905,50.94859795,trocken,,PKW
100801,5,3,15,0,2019,Februar,7,Dienstag,Unfall mit Leichtverletzten,Zusammenstoß mit einbiegendem / kreuzendem Fahrzeug,Abbiegeunfall,Tageslicht,1,1,0,0,0,0,"354349,0287","5645496,795",6.926761697,50.94267475,trocken,,"Rad, PKW"
100804,5,3,15,0,2019,Februar,14,Dienstag,Unfall mit Leichtverletzten,Zusammenstoß mit vorausfahrendem / wartendem Fahrzeug,Sonstiger Unfall,Tageslicht,0,1,0,0,0,1,"355405,8958","5646706,048",6.941314865,50.95380805,trocken,,"PKW, Sonstige"
100805,5,3,15,0,2019,Februar,15,Dienstag,Unfall mit Leichtverletzten,Zusammenstoß mit vorausfahrendem / wartendem Fahrzeug,Unfall im Längsverkehr,Tageslicht,0,1,0,1,0,0,"357327,6353","5637598,944",6.97221856,50.87244156,trocken,,"Krad, PKW"
100806,5,3,15,0,2019,Februar,14,Donnerstag,Unfall mit Leichtverletzten,Zusammenstoß mit vorausfahrendem / wartendem Fahrzeug,Unfall im Längsverkehr,Tageslicht,0,1,0,0,0,0,"357063,5383","5636082,71",6.96905987,50.85874983,trocken,,PKW
100807,5,3,15,0,2019,Februar,12,Dienstag,Unfall mit Leichtverletzten,Zusammenstoß mit vorausfahrendem / wartendem Fahrzeug,Unfall im Längsverkehr,Tageslicht,0,1,0,0,0,0,"358660,497","5639684,624",6.990343334,50.89151334,trocken,,PKW
100809,5,3,15,0,2019,Februar,9,Dienstag,Unfall mit Schwerverletzten,Zusammenstoß mit einbiegendem / kreuzendem Fahrzeug,Einbiegen / Kreuzen-Unfall,Tageslicht,0,1,0,0,0,0,"353348,5703","5643277,674",6.913423844,50.92247871,trocken,,PKW
100819,5,3,15,0,2019,Februar,15,Mittwoch,Unfall mit Leichtverletzten,Zusammenstoß mit seitlich in gleicher Richtung fahrendem Fahrzeug,Unfall durch ruhenden Verkehr,Tageslicht,0,1,0,1,0,0,"359962,9293","5647409,77",7.005882991,50.96125778,trocken,,"Krad, PKW"
100834,5,3,15,0,2019,Februar,21,Mittwoch,Unfall mit Leichtverletzten,Zusammenstoß mit einbiegendem / kreuzendem Fahrzeug,Abbiegeunfall,Dunkelheit,0,1,0,1,0,0,"356493,0063","5651656,949",6.954827989,50.99857256,trocken,,"Krad, PKW"
100852,5,3,15,0,2019,Februar,17,Mittwoch,Unfall mit Schwerverletzten,Zusammenstoß mit einbiegendem / kreuzendem Fahrzeug,Einbiegen / Kreuzen-Unfall,Tageslicht,1,1,0,0,0,0,"356573,599","5647115,222",6.957767682,50.95777701,trocken,,"Rad, PKW"
100872,5,3,15,0,2019,Februar,19,Donnerstag,Unfall mit Leichtverletzten,Aufprall auf Fahrbahnhindernis,Sonstiger Unfall,Dunkelheit,0,1,0,0,1,0,"355926,4236","5638893,352",6.951806788,50.88372675,trocken,,"PKW, Gkfz"
100889,5,3,15,0,2019,Februar,14,Dienstag,Unfall mit Leichtverletzten,Zusammenstoß mit seitlich in gleicher Richtung fahrendem Fahrzeug,Unfall im Längsverkehr,Tageslicht,0,1,0,0,1,0,"362817,1808","5642796,567",7.048239023,50.92048391,trocken,,"PKW, Gkfz"
100891,5,3,15,0,2019,Februar,21,Dienstag,Unfall mit Schwerverletzten,Zusammenstoß mit vorausfahrendem / wartendem Fahrzeug,Unfall im Längsverkehr,Dunkelheit,0,1,0,0,1,0,"353896,4779","5639914,427",6.922560325,50.89239315,trocken,,"PKW, Gkfz"
100892,5,3,15,0,2019,Februar,19,Dienstag,Unfall mit Schwerverletzten,Zusammenstoß mit seitlich in gleicher Richtung fahrendem Fahrzeug,Unfall im Längsverkehr,Dunkelheit,0,1,0,0,1,0,"357722,147","5639408,914",6.977117492,50.88880514,trocken,,"PKW, Gkfz"
100893,5,3,15,0,2019,Februar,16,Dienstag,Unfall mit Leichtverletzten,Zusammenstoß mit vorausfahrendem / wartendem Fahrzeug,Unfall im Längsverkehr,Tageslicht,0,1,0,0,0,1,"349758,6075","5650494,26",6.859404525,50.98640549,trocken,,"PKW, Sonstige"
100900,5,3,15,0,2019,Februar,17,Mittwoch,Unfall mit Leichtverletzten,Abkommen von Fahrbahn nach rechts,Fahrunfall,Tageslicht,1,0,0,0,0,0,"356460,2611","5646937,325",6.956225134,50.95615006,trocken,,Rad