OBJECTID,ULAND,UREGBEZ,UKREIS,UGEMEINDE,UJAHR,UMONAT,USTUNDE,UWOCHENTAG,UKATEGORIE,UART,UTYP1,ULICHTVERH,IstRad,IstPKW,IstFuss,IstKrad,IstGkfz,IstSonstige,LINREFX,LINREFY,XGCSWGS84,YGCSWGS84,USTRZUSTAND,UIDENTSTLAE,Participants
100906,5,3,15,0,2019,Februar,13,Mittwoch,Unfall mit Leichtverletzten,Zusammenstoß mit seitlich in gleicher Richtung fahrendem Fahrzeug,Unfall im Längsverkehr,Tageslicht,1,0,0,0,1,0,"359181,0015","5637569,817",6.998554114,50.87263431,trocken,,"Rad, Gkfz"
100951,5,3,15,0,2019,Februar,10,Montag,Unfall mit Leichtverletzten,Zusammenstoß mit vorausfahrendem / wartendem Fahrzeug,Unfall im Längsverkehr,Tageslicht,0,1,0,0,0,0,"358600,6742","5642688,381",6.988329789,50.91849377,trocken,,PKW
100953,5,3,15,0,2019,Februar,12,Montag,Unfall mit Schwerverletzten,Zusammenstoß mit entgegenkommendem Fahrzeug,Abbiegeunfall,Tageslicht,0,1,0,1,0,0,"352078,887","5642446,799",6.89570853,50.9146879,trocken,,"Krad, PKW"
100975,5,3,15,0,2019,März,17,Samstag,Unfall mit Leichtverletzten,Zusammenstoß mit anfahrendem/ anhaltendem/ruhendem Fahrzeug,Unfall im Längsverkehr,Dunkelheit,0,0,0,0,0,1,"363308,6062","5641897,584",7.05556329,50.91252097,nass/feucht,,Sonstige
100976,5,3,15,0,2019,März,14,Samstag,Unfall mit Leichtverletzten,Zusammenstoß zwischen Fahrzeug und Fußgänger,Sonstiger Unfall,Tageslicht,0,0,1,0,0,1,"351739,8694","5644998,281",6.889851734,50.93752984,nass/feucht,,"Fuss, Sonstige"
100978,5,3,15,0,2019,März,16,Samstag,Unfall mit Leichtverletzten,Zusammenstoß mit einbiegendem / kreuzendem Fahrzeug,Abbiegeunfall,Tageslicht,0,1,0,0,0,0,"354793,724","5646145,401",6.93282861,50.94861576,nass/feucht,,PKW
100979,5,3,15,0,2019,März,14,Samstag,Unfall mit Leichtverletzten,Zusammenstoß mit einbiegendem / kreuzendem Fahrzeug,Einbiegen / Kreuzen-Unfall,Tageslicht,0,1,0,0,0,0,"353936,7379","5646738,212",6.920399214,50.95372663,nass/feucht,,PKW
100995,5,3,15,0,2019,März,11,Montag,Unfall mit Leichtverletzten,Abkommen von Fahrbahn nach links,Fahrunfall,Tageslicht,0,1,0,0,0,0,"357262,755","5639183,019",6.970678547,50.88666169,nass/feucht,,PKW
101005,5,3,15,0,2019,März,13,Montag,Unfall mit Leichtverletzten,Zusammenstoß mit anfahrendem/ anhaltendem/ruhendem Fahrzeug,Unfall durch ruhenden Verkehr,Tageslicht,0,1,0,0,0,0,"356264,8871","5648304,517",6.95290513,50.96838807,trocken,,PKW
101118,5,3,15,0,2019,März,4,Sonntag,Unfall mit Leichtverletzten,Zusammenstoß mit vorausfahrendem / wartendem Fahrzeug,Unfall im Längsverkehr,Dunkelheit,0,1,0,0,0,0,"357557,2131","5645068,84",6.972564348,50.93963027,nass/feucht,,PKW
101122,5,3,15,0,2019,März,23,Sonntag,Unfall mit Leichtverletzten,Zusammenstoß mit anfahrendem/ anhaltendem/ruhendem Fahrzeug,Sonstiger Unfall,Dunkelheit,0,1,0,0,0,0,"356770,0778","5654791,492",6.957536489,51.026811,nass/feucht,,PKW
101123,5,3,15,0,2019,Februar,12,Freitag,Unfall mit Schwerverletzten,Zusammenstoß mit entgegenkommendem Fahrzeug,Abbiegeunfall,Tageslicht,0,1,0,1,0,0,"365102,114","5638403,872",7.082351078,50.88154281,trocken,,"Krad, PKW"
101124,5,3,15,0,2019,Februar,8,Freitag,Unfall mit Leichtverletzten,Zusammenstoß mit entgegenkommendem Fahrzeug,Abbiegeunfall,Tageslicht,1,1,0,0,0,0,"363172,5686","5639363,358",7.054579039,50.88971248,trocken,,"Rad, PKW"
101125,5,3,15,0,2019,März,18,Sonntag,Unfall mit Leichtverletzten,Zusammenstoß mit seitlich in gleicher Richtung fahrendem Fahrzeug,Unfall durch ruhenden Verkehr,Dämmerung,1,1,0,0,0,0,"353591,0353","5646435,267",6.915602522,50.95091646,nass/feucht,,"Rad, PKW"
101126,5,3,15,0,2019,Februar,16,Freitag,Unfall mit Leichtverletzten,Unfall anderer Art,Einbiegen / Kreuzen-Unfall,Tageslicht,0,1,0,0,0,1,"361561,8742","5640501,374",7.031261122,50.89955645,trocken,,"PKW, Sonstige"
101127,5,3,15,0,2019,Februar,22,Freitag,Unfall mit Leichtverletzten,Unfall anderer Art,Sonstiger Unfall,Dunkelheit,1,0,0,0,0,0,"356280,5833","5648180,91",6.953177365,50.96728114,nass/feucht,,Rad
101128,5,3,15,0,2019,Februar,7,Freitag,Unfall mit Leichtverletzten,Zusammenstoß mit anfahrendem/ anhaltendem/ruhendem Fahrzeug,Unfall im Längsverkehr,Tageslicht,0,1,0,0,0,0,"349351,755","5643147,03",6.85665256,50.92027501,trocken,,PKW
101129,5,3,15,0,2019,März,15,Sonntag,Unfall mit Leichtverletzten,Zusammenstoß mit einbiegendem / kreuzendem Fahrzeug,Abbiegeunfall,Tageslicht,0,1,0,0,0,1,"356392,989","5644604,782",6.956187682,50.93517107,trocken,,"PKW, Sonstige"
101130,5,3,15,0,2019,Februar,21,Freitag,Unfall mit Schwerverletzten,Zusammenstoß zwischen Fahrzeug und Fußgänger,Überschreiten-Unfall,Dunkelheit,0,1,1,0,0,0,"354338,559","5645501,8",6.926610772,50.94271708,nass/feucht,,"Fuss, PKW"
101131,5,3,15,0,2019,Februar,18,Freitag,Unfall mit Leichtverletzten,Zusammenstoß mit einbiegendem / kreuzendem Fahrzeug,Sonstiger Unfall,Tageslicht,1,1,0,0,0,0,"354191,852","5644842,442",6.924787849,50.93675455,trocken,,"Rad, PKW"
101133,5,3,15,0,2019,Februar,20,Freitag,Unfall mit Leichtverletzten,Unfall anderer Art,Überschreiten-Unfall,Dunkelheit,0,0,1,0,0,1,"355044,5892","5644789,939",6.936936867,50.93649769,nass/feucht,,"Fuss, Sonstige"
101134,5,3,15,0,2019,Februar,19,Freitag,Unfall mit Leichtverletzten,Zusammenstoß zwischen Fahrzeug und Fußgänger,Überschreiten-Unfall,Dunkelheit,1,0,1,0,0,0,"355308,2256","5645447,533",6.940425289,50.94247356,trocken,,"Rad, Fuss"
101135,5,3,15,0,2019,März,2,Montag,Unfall mit Getöteten,Zusammenstoß zwischen Fahrzeug und Fußgänger,Überschreiten-Unfall,Dunkelheit,0,0,1,0,0,1,"359104,1127","5646120,321",6.994160624,50.94946006,trocken,,"Fuss, Sonstige"
101204,5,3,15,0,2019,Februar,8,Freitag,Unfall mit Leichtverletzten,Zusammenstoß mit vorausfahrendem / wartendem Fahrzeug,Unfall im Längsverkehr,Tageslicht,0,1,0,0,1,0,"349595,067","5643196,34",6.860091363,50.9207816,trocken,,"PKW, Gkfz"
101231,5,3,15,0,2019,März,12,Montag,Unfall mit Leichtverletzten,Zusammenstoß mit einbiegendem / kreuzendem Fahrzeug,Einbiegen / Kreuzen-Unfall,Tageslicht,0,1,0,0,0,0,"351338,3556","5645053,724",6.884118631,50.9379247,nass/feucht,,PKW
101282,5,3,15,0,2019,Februar,14,Donnerstag,Unfall mit Leichtverletzten,Zusammenstoß mit anfahrendem/ anhaltendem/ruhendem Fahrzeug,Überschreiten-Unfall,Tageslicht,0,1,1,0,0,0,"360173,6865","5644945,384",7.00982862,50.93916117,trocken,,"Fuss, PKW"
101283,5,3,15,0,2019,Februar,15,Donnerstag,Unfall mit Leichtverletzten,Zusammenstoß mit seitlich in gleicher Richtung fahrendem Fahrzeug,Unfall im Längsverkehr,Tageslicht,0,1,0,0,0,0,"361060,2852","5649348,632",7.020758539,50.97894835,trocken,,PKW
101285,5,3,15,0,2019,Februar,11,Donnerstag,Unfall mit Leichtverletzten,Zusammenstoß mit einbiegendem / kreuzendem Fahrzeug,Einbiegen / Kreuzen-Unfall,Tageslicht,1,1,0,0,0,0,"359509,3511","5646713,271",6.999697144,50.95488788,trocken,,"Rad, PKW"
101286,5,3,15,0,2019,Februar,21,Donnerstag,Unfall mit Leichtverletzten,Zusammenstoß mit vorausfahrendem / wartendem Fahrzeug,Abbiegeunfall,Dunkelheit,0,1,0,0,0,0,"359923,3591","5649113,811",7.004663602,50.97656254,trocken,,PKW
101288,5,3,15,0,2019,Februar,22,Donnerstag,Unfall mit Leichtverletzten,Zusammenstoß mit entgegenkommendem Fahrzeug,Sonstiger Unfall,Dunkelheit,0,1,0,0,0,0,"351350,2556","5656607,118",6.879560434,51.0417508,trocken,,PKW
101289,5,3,15,0,2019,Februar,8,Donnerstag,Unfall mit Leichtverletzten,Zusammenstoß zwischen Fahrzeug und Fußgänger,Sonstiger Unfall,Tageslicht,0,1,1,0,0,0,"350402,684","5645076,081",6.870801964,50.93788364,trocken,,"Fuss, PKW"
101291,5,3,15,0,2019,Februar,11,Donnerstag,Unfall mit Leichtverletzten,Zusammenstoß mit einbiegendem / kreuzendem Fahrzeug,Einbiegen / Kreuzen-Unfall,Tageslicht,1,1,0,0,0,0,"354348,609","5645495,487",6.926756251,50.94266289,trocken,,"Rad, PKW"
101292,5,3,15,0,2019,Februar,16,Donnerstag,Unfall mit Leichtverletzten,Zusammenstoß mit einbiegendem / kreuzendem Fahrzeug,Abbiegeunfall,Tageslicht,0,1,0,0,0,0,"352528,0906","5643730,787",6.901575044,50.92634152,trocken,,PKW
101334,5,3,15,0,2019,März,16,Samstag,Unfall mit Leichtverletzten,Zusammenstoß zwischen Fahrzeug und Fußgänger,Überschreiten-Unfall,Tageslicht,0,1,1,0,0,0,"364996,1055","5635577,96",7.081887981,50.85611973,nass/feucht,,"Fuss, PKW"
101337,5,3,15,0,2019,März,7,Samstag,Unfall mit Leichtverletzten,Zusammenstoß mit vorausfahrendem / wartendem Fahrzeug,Abbiegeunfall,Tageslicht,0,1,0,0,0,0,"359599,9528","5650179,661",6.999648077,50.98606262,nass/feucht,,PKW
101340,5,3,15,0,2019,März,13,Samstag,Unfall mit Leichtverletzten,Zusammenstoß mit einbiegendem / kreuzendem Fahrzeug,Einbiegen / Kreuzen-Unfall,Tageslicht,0,1,0,0,0,0,"352935,113","5656293,699",6.902278843,51.03934215,trocken,,PKW
101343,5,3,15,0,2019,März,7,Samstag,Unfall mit Leichtverletzten,Zusammenstoß mit vorausfahrendem / wartendem Fahrzeug,Unfall im Längsverkehr,Tageslicht,0,1,0,0,0,1,"350397,8117","5648522,345",6.86931644,50.96885173,nass/feucht,,"PKW, Sonstige"
101344,5,3,15,0,2019,März,15,Samstag,Unfall mit Schwerverletzten,Zusammenstoß mit vorausfahrendem / wartendem Fahrzeug,Unfall im Längsverkehr,Dunkelheit,0,1,0,0,0,0,"354652,1932","5646877,7",6.930522812,50.95516105,trocken,,PKW
101347,5,3,15,0,2019,März,20,Samstag,Unfall mit Leichtverletzten,Zusammenstoß mit einbiegendem / kreuzendem Fahrzeug,Einbiegen / Kreuzen-Unfall,Dunkelheit,1,1,0,0,0,0,"355053,8909","5641403,17",6.938415171,50.90606385,trocken,,"Rad, PKW"
101351,5,3,15,0,2019,März,7,Samstag,Unfall mit Leichtverletzten,Zusammenstoß mit vorausfahrendem / wartendem Fahrzeug,Unfall im Längsverkehr,Dämmerung,0,1,0,0,0,1,"357035,3133","5643405,533",6.965793392,50.92455309,trocken,,"PKW, Sonstige"
101354,5,3,15,0,2019,März,19,Samstag,Unfall mit Leichtverletzten,Zusammenstoß mit anfahrendem/ anhaltendem/ruhendem Fahrzeug,Fahrunfall,Dunkelheit,0,1,0,1,0,0,"355399,2287","5643893,386",6.942336451,50.92852958,trocken,,"Krad, PKW"
101432,5,3,15,0,2019,März,15,Donnerstag,Unfall mit Leichtverletzten,Zusammenstoß mit anfahrendem/ anhaltendem/ruhendem Fahrzeug,Unfall im Längsverkehr,Tageslicht,1,1,0,0,0,0,"360164,6427","5647170,642",7.008845408,50.95915771,trocken,,"Rad, PKW"
101433,5,3,15,0,2019,März,20,Donnerstag,Unfall mit Leichtverletzten,Zusammenstoß mit seitlich in gleicher Richtung fahrendem Fahrzeug,Unfall im Längsverkehr,Dunkelheit,0,1,0,1,0,0,"354966,9745","5646350,349",6.935211675,50.95050119,trocken,,"Krad, PKW"
101435,5,3,15,0,2019,März,11,Donnerstag,Unfall mit Schwerverletzten,Zusammenstoß mit einbiegendem / kreuzendem Fahrzeug,Abbiegeunfall,Tageslicht,0,1,0,0,0,0,"354208,9009","5636701,587",6.928280707,50.86359895,trocken,,PKW
101502,5,3,15,0,2019,März,16,Samstag,Unfall mit Leichtverletzten,Zusammenstoß mit seitlich in gleicher Richtung fahrendem Fahrzeug,Unfall im Längsverkehr,Tageslicht,0,1,0,0,1,0,"366620,7405","5642168,17",7.102551561,50.91572784,trocken,,"PKW, Gkfz"
101503,5,3,15,0,2019,März,8,Donnerstag,Unfall mit Leichtverletzten,Unfall anderer Art,Unfall im Längsverkehr,Tageslicht,0,1,0,0,0,1,"354212,1714","5647887,627",6.923857536,50.96412576,trocken,,"PKW, Sonstige"
101506,5,3,15,0,2019,März,5,Samstag,Unfall mit Leichtverletzten,Zusammenstoß mit vorausfahrendem / wartendem Fahrzeug,Unfall im Längsverkehr,Dunkelheit,0,1,0,0,1,0,"352361,4727","5651110,605",6.896211934,50.99261768,nass/feucht,,"PKW, Gkfz"
101551,5,3,15,0,2019,März,20,Mittwoch,Unfall mit Leichtverletzten,Unfall anderer Art,Unfall durch ruhenden Verkehr,Dunkelheit,1,1,0,0,0,0,"356522,8567","5646653,837",6.957227527,50.95361798,trocken,,"Rad, PKW"
101553,5,3,15,0,2019,März,16,Mittwoch,Unfall mit Leichtverletzten,Unfall anderer Art,Überschreiten-Unfall,Tageslicht,0,1,1,0,0,0,"350028,5505","5645095,936",6.865472747,50.93796489,trocken,,"Fuss, PKW"
101554,5,3,15,0,2019,März,18,Mittwoch,Unfall mit Leichtverletzten,Zusammenstoß mit einbiegendem / kreuzendem Fahrzeug,Einbiegen / Kreuzen-Unfall,Tageslicht,1,0,0,0,0,0,"354445,4054","5644829,934",6.928399017,50.9367062,trocken,,Rad
101557,5,3,15,0,2019,März,21,Mittwoch,Unfall mit Schwerverletzten,Zusammenstoß zwischen Fahrzeug und Fußgänger,Überschreiten-Unfall,Dunkelheit,0,0,1,0,0,1,"354131,2581","5642255,274",6.924961045,50.9134891,trocken,,"Fuss, Sonstige"
101558,5,3,15,0,2019,März,11,Mittwoch,Unfall mit Leichtverletzten,Zusammenstoß mit vorausfahrendem / wartendem Fahrzeug,Unfall im Längsverkehr,Tageslicht,0,1,0,0,0,0,"355955,9109","5646050,901",6.949399626,50.94805809,nass/feucht,,PKW
101622,5,3,15,0,2019,März,12,Freitag,Unfall mit Leichtverletzten,Zusammenstoß mit vorausfahrendem / wartendem Fahrzeug,Unfall im Längsverkehr,Tageslicht,0,1,0,0,0,0,"363799,5031","5641073,089",7.062849728,50.90522688,nass/feucht,,PKW
101625,5,3,15,0,2019,März,12,Freitag,Unfall mit Leichtverletzten,Zusammenstoß mit vorausfahrendem / wartendem Fahrzeug,Unfall im Längsverkehr,Tageslicht,0,1,0,0,0,1,"364117,8651","5641361,705",7.06726752,50.90789584,trocken,,"PKW, Sonstige"
101629,5,3,15,0,2019,März,23,Freitag,Unfall mit Leichtverletzten,Zusammenstoß mit einbiegendem / kreuzendem Fahrzeug,Einbiegen / Kreuzen-Unfall,Dunkelheit,0,1,0,0,0,0,"362280,801","5648121,864",7.038598877,50.96821627,trocken,,PKW
101632,5,3,15,0,2019,März,13,Freitag,Unfall mit Leichtverletzten,Unfall anderer Art,Abbiegeunfall,Tageslicht,0,1,0,0,0,1,"351768,7794","5644996,104",6.890263789,50.93751771,trocken,,"PKW, Sonstige"
101635,5,3,15,0,2019,März,15,Freitag,Unfall mit Leichtverletzten,Zusammenstoß mit vorausfahrendem / wartendem Fahrzeug,Unfall im Längsverkehr,Tageslicht,0,1,0,0,1,0,"356495,526","5634985,577",6.961424648,50.84874919,trocken,,"PKW, Gkfz"
101639,5,3,15,0,2019,März,8,Freitag,Unfall mit Leichtverletzten,Zusammenstoß mit einbiegendem / kreuzendem Fahrzeug,Einbiegen / Kreuzen-Unfall,Tageslicht,0,1,0,0,0,0,"352180,5149","5643657,675",6.896662479,50.92559554,trocken,,PKW
101642,5,3,15,0,2019,März,14,Freitag,Unfall mit Leichtverletzten,Zusammenstoß mit einbiegendem / kreuzendem Fahrzeug,Abbiegeunfall,Tageslicht,1,1,0,0,0,0,"354517,3457","5643547,725",6.929933948,50.92520148,nass/feucht,,"Rad, PKW"
101666,5,3,15,0,2019,März,17,Dienstag,Unfall mit Leichtverletzten,Unfall anderer Art,Unfall im Längsverkehr,Dämmerung,0,0,0,1,1,0,"368278,5985","5641574,447",7.126336965,50.91077236,nass/feucht,,"Krad, Gkfz"
101668,5,3,15,0,2019,März,5,Dienstag,Unfall mit Leichtverletzten,Zusammenstoß mit einbiegendem / kreuzendem Fahrzeug,Einbiegen / Kreuzen-Unfall,Dunkelheit,1,1,0,0,0,0,"356015,054","5646879,393",6.94991335,50.95551837,trocken,,"Rad, PKW"
101669,5,3,15,0,2019,März,18,Dienstag,Unfall mit Leichtverletzten,Zusammenstoß mit vorausfahrendem / wartendem Fahrzeug,Sonstiger Unfall,Dämmerung,0,1,0,0,0,0,"354259,794","5645174,393",6.925621376,50.93975487,trocken,,PKW
101671,5,3,15,0,2019,März,0,Dienstag,Unfall mit Leichtverletzten,Aufprall auf Fahrbahnhindernis,Sonstiger Unfall,Dunkelheit,0,1,0,0,0,0,"355202,7585","5644566,656",6.939275159,50.93453084,nass/feucht,,PKW
101715,5,3,15,0,2019,März,4,Dienstag,Unfall mit Leichtverletzten,Zusammenstoß mit seitlich in gleicher Richtung fahrendem Fahrzeug,Abbiegeunfall,Dunkelheit,0,1,0,0,1,0,"355969,0509","5649633,442",6.948168262,50.98025691,nass/feucht,,"PKW, Gkfz"
101716,5,3,15,0,2019,März,7,Dienstag,Unfall mit Leichtverletzten,Zusammenstoß mit einbiegendem / kreuzendem Fahrzeug,Abbiegeunfall,Tageslicht,1,1,0,0,0,0,"354191,852","5644842,442",6.924787849,50.93675455,trocken,,"Rad, PKW"
101718,5,3,15,0,2019,März,10,Dienstag,Unfall mit Leichtverletzten,Zusammenstoß mit vorausfahrendem / wartendem Fahrzeug,Unfall im Längsverkehr,Tageslicht,0,1,0,0,0,0,"354971,9466","5638772,42",6.938294996,50.88240116,nass/feucht,,PKW
101740,5,3,15,0,2019,März,12,Donnerstag,Unfall mit Leichtverletzten,Zusammenstoß mit seitlich in gleicher Richtung fahrendem Fahrzeug,Unfall im Längsverkehr,Tageslicht,0,1,0,0,1,0,"351348,9229","5652448,822",6.881246184,51.00438274,trocken,,"PKW, Gkfz"
101806,5,3,15,0,2019,März,15,Mittwoch,Unfall mit Leichtverletzten,Zusammenstoß mit einbiegendem / kreuzendem Fahrzeug,Einbiegen / Kreuzen-Unfall,Tageslicht,1,1,0,0,0,0,"360434,4418","5645005,707",7.013514499,50.93976649,trocken,,"Rad, PKW"
101809,5,3,15,0,2019,März,19,Mittwoch,Unfall mit Leichtverletzten,Zusammenstoß mit anfahrendem/ anhaltendem/ruhendem Fahrzeug,Unfall im Längsverkehr,Dunkelheit,0,1,0,0,0,0,"364818,5052","5649369,219",7.074255153,50.98002796,nass/feucht,,PKW
101812,5,3,15,0,2019,März,16,Mittwoch,Unfall mit Leichtverletzten,Zusammenstoß mit anfahrendem/ anhaltendem/ruhendem Fahrzeug,Unfall durch ruhenden Verkehr,Tageslicht,0,1,0,0,0,0,"350587,5296","5649352,39",6.871675425,50.97636003,trocken,,PKW
101817,5,3,15,0,2019,März,14,Mittwoch,Unfall mit Leichtverletzten,Zusammenstoß mit vorausfahrendem / wartendem Fahrzeug,Unfall im Längsverkehr,Tageslicht,0,1,0,0,0,0,"354703,371","5643068,905",6.932769828,50.92094533,trocken,,PKW
101833,5,3,15,0,2019,März,17,Dienstag,Unfall mit Leichtverletzten,Zusammenstoß mit einbiegendem / kreuzendem Fahrzeug,Einbiegen / Kreuzen-Unfall,Tageslicht,0,1,0,0,1,0,"357936,8624","5639605,239",6.980091914,50.89062237,trocken,,"PKW, Gkfz"
101873,5,3,15,0,2019,März,22,Montag,Unfall mit Leichtverletzten,Zusammenstoß mit einbiegendem / kreuzendem Fahrzeug,Abbiegeunfall,Dunkelheit,0,1,0,0,0,0,"361872,678","5648002,997",7.032835174,50.96705026,nass/feucht,,PKW
101875,5,3,15,0,2019,März,10,Montag,Unfall mit Leichtverletzten,Unfall anderer Art,Unfall im Längsverkehr,Tageslicht,0,1,0,0,0,1,"359953,5428","5647421,521",7.005744891,50.96136111,nass/feucht,,"PKW, Sonstige"
101916,5,3,15,0,2019,März,15,Montag,Unfall mit Leichtverletzten,Aufprall auf Fahrbahnhindernis,Sonstiger Unfall,Tageslicht,0,1,0,0,0,0,"348124,3805","5658958,266",6.832592842,51.06203452,trocken,,PKW
101973,5,3,15,0,2019,März,19,Sonntag,Unfall mit Leichtverletzten,Zusammenstoß zwischen Fahrzeug und Fußgänger,Überschreiten-Unfall,Dunkelheit,0,0,1,1,0,0,"357532,8457","5644042,964",6.972618809,50.93040475,nass/feucht,,"Fuss, Krad"
101974,5,3,15,0,2019,März,10,Mittwoch,Unfall mit Leichtverletzten,Zusammenstoß mit vorausfahrendem / wartendem Fahrzeug,Unfall im Längsverkehr,Tageslicht,0,1,0,0,0,0,"357076,9111","5639695,608",6.967837638,50.89122238,trocken,,PKW
101975,5,3,15,0,2019,März,15,Sonntag,Unfall mit Leichtverletzten,Zusammenstoß mit einbiegendem / kreuzendem Fahrzeug,Abbiegeunfall,Tageslicht,1,1,0,0,0,0,"352389,2477","5647327,233",6.898143453,50.95862562,nass/feucht,,"Rad, PKW"
101976,5,3,15,0,2019,März,13,Sonntag,Unfall mit Schwerverletzten,Zusammenstoß mit einbiegendem / kreuzendem Fahrzeug,Überschreiten-Unfall,Tageslicht,1,1,1,0,0,0,"352474,9602","5644928,919",6.900334644,50.93709503,trocken,,"Rad, Fuss, PKW"
101977,5,3,15,0,2019,März,7,Sonntag,Unfall mit Leichtverletzten,Zusammenstoß zwischen Fahrzeug und Fußgänger,Sonstiger Unfall,Tageslicht,0,1,1,0,0,0,"356397,4629","5638067,06",6.958823262,50.87641816,trocken,,"Fuss, PKW"
101978,5,3,15,0,2019,März,13,Sonntag,Unfall mit Leichtverletzten,Zusammenstoß mit einbiegendem / kreuzendem Fahrzeug,Einbiegen / Kreuzen-Unfall,Tageslicht,1,0,0,0,0,1,"353001,1343","5644506,143",6.907988663,50.93343008,trocken,,"Rad, Sonstige"
101981,5,3,15,0,2019,März,21,Donnerstag,Unfall mit Leichtverletzten,Zusammenstoß mit vorausfahrendem / wartendem Fahrzeug,Unfall im Längsverkehr,Dunkelheit,0,1,0,0,0,0,"358866,7989","5640787,966",6.992848375,50.90147967,nass/feucht,,PKW
102132,5,3,15,0,2019,März,10,Samstag,Unfall mit Leichtverletzten,Zusammenstoß mit vorausfahrendem / wartendem Fahrzeug,Unfall im Längsverkehr,Tageslicht,0,1,0,0,0,0,"352362,3162","5647348,399",6.897751659,50.95880892,nass/feucht,,PKW
102139,5,3,15,0,2019,März,12,Freitag,Unfall mit Leichtverletzten,Zusammenstoß mit einbiegendem / kreuzendem Fahrzeug,Abbiegeunfall,Tageslicht,0,1,0,0,0,0,"361872,678","5648002,997",7.032835174,50.96705026,nass/feucht,,PKW
102141,5,3,15,0,2019,März,12,Freitag,Unfall mit Leichtverletzten,Unfall anderer Art,Sonstiger Unfall,Tageslicht,1,1,0,0,0,0,"356336,5062","5647633,309",6.954189509,50.96237391,nass/feucht,,"Rad, PKW"
102142,5,3,15,0,2019,März,8,Freitag,Unfall mit Schwerverletzten,Zusammenstoß mit einbiegendem / kreuzendem Fahrzeug,Abbiegeunfall,Tageslicht,0,1,0,0,0,1,"356548,9412","5653054,378",6.955072309,51.01114486,nass/feucht,,"PKW, Sonstige"
102144,5,3,15,0,2019,März,21,Freitag,Unfall mit Leichtverletzten,Zusammenstoß mit vorausfahrendem / wartendem Fahrzeug,Sonstiger Unfall,Dunkelheit,0,1,0,0,0,0,"348872,2559","5643011,692",6.849891691,50.91893344,nass/feucht,,PKW
102146,5,3,15,0,2019,März,11,Freitag,Unfall mit Leichtverletzten,Zusammenstoß mit einbiegendem / kreuzendem Fahrzeug,Abbiegeunfall,Tageslicht,1,1,0,0,0,0,"352070,7853","5644954,639",6.894575887,50.93722263,nass/feucht,,"Rad, PKW"
102148,5,3,15,0,2019,März,13,Freitag,Unfall mit Leichtverletzten,Zusammenstoß mit vorausfahrendem / wartendem Fahrzeug,Unfall im Längsverkehr,Tageslicht,0,1,0,0,0,1,"351738,756","5643568,261",6.890417554,50.92467867,nass/feucht,,"PKW, Sonstige"
102150,5,3,15,0,2019,März,6,Freitag,Unfall mit Leichtverletzten,Zusammenstoß mit vorausfahrendem / wartendem Fahrzeug,Unfall im Längsverkehr,Dämmerung,0,1,0,1,0,0,"354210,771","5642001,647",6.926192688,50.91122991,trocken,,"Krad, PKW"
102184,5,3,15,0,2019,März,13,Samstag,Unfall mit Leichtverletzten,Zusammenstoß mit vorausfahrendem / wartendem Fahrzeug,Unfall im Längsverkehr,Tageslicht,0,1,0,0,0,0,"353869,7147","5648689,931",6.918661781,50.971249,nass/feucht,,PKW
102189,5,3,15,0,2019,März,18,Samstag,Unfall mit Leichtverletzten,Zusammenstoß zwischen Fahrzeug und Fußgänger,Überschreiten-Unfall,Dunkelheit,0,1,1,0,0,0,"352516,2169","5647229,945",6.899989516,50.95778384,nass/feucht,,"Fuss, PKW"
102270,5,3,15,0,2019,März,20,Samstag,Unfall mit Leichtverletzten,Zusammenstoß mit entgegenkommendem Fahrzeug,Abbiegeunfall,Dunkelheit,0,1,0,0,0,0,"364550,2206","5649226,265",7.070488857,50.97868012,nass/feucht,,PKW
102295,5,3,15,0,2019,März,15,Freitag,Unfall mit Schwerverletzten,Zusammenstoß mit vorausfahrendem / wartendem Fahrzeug,Unfall im Längsverkehr,Tageslicht,0,1,0,0,1,0,"361738,357","5648163,796",7.030862303,50.96846318,nass/feucht,,"PKW, Gkfz"
102364,5,3,15,0,2019,März,10,Dienstag,Unfall mit Leichtverletzten,Abkommen von Fahrbahn nach links,Unfall im Längsverkehr,Tageslicht,0,1,0,0,0,0,"357017,0462","5635790,902",6.968513709,50.85611584,trocken,,PKW
102365,5,3,15,0,2019,März,15,Dienstag,Unfall mit Schwerverletzten,Zusammenstoß mit vorausfahrendem / wartendem Fahrzeug,Unfall im Längsverkehr,Tageslicht,0,1,0,0,1,0,"350917,6047","5651113,317",6.875651354,50.99226986,trocken,,"PKW, Gkfz"
102375,5,3,15,0,2019,März,6,Samstag,Unfall mit Leichtverletzten,Unfall anderer Art,Fahrunfall,Tageslicht,1,0,0,0,0,0,"350714,5057","5645053,58",6.875246032,50.93776225,nass/feucht,,Rad
102387,5,3,15,0,2019,März,13,Donnerstag,Unfall mit Schwerverletzten,Zusammenstoß mit anfahrendem/ anhaltendem/ruhendem Fahrzeug,Sonstiger Unfall,Tageslicht,0,1,0,0,0,0,"365065,1164","5642963,223",7.080140388,50.92251181,nass/feucht,,PKW
102390,5,3,15,0,2019,März,8,Donnerstag,Unfall mit Leichtverletzten,Zusammenstoß mit einbiegendem / kreuzendem Fahrzeug,Einbiegen / Kreuzen-Unfall,Tageslicht,1,1,0,0,0,0,"354542,6849","5647449,78",6.928736071,50.96027452,trocken,,"Rad, PKW"