OBJECTID,ULAND,UREGBEZ,UKREIS,UGEMEINDE,UJAHR,UMONAT,USTUNDE,UWOCHENTAG,UKATEGORIE,UART,UTYP1,ULICHTVERH,IstRad,IstPKW,IstFuss,IstKrad,IstGkfz,IstSonstige,LINREFX,LINREFY,XGCSWGS84,YGCSWGS84,USTRZUSTAND,UIDENTSTLAE,Participants
102391,5,3,15,0,2019,März,20,Donnerstag,Unfall mit Schwerverletzten,Zusammenstoß mit entgegenkommendem Fahrzeug,Abbiegeunfall,Dunkelheit,1,1,0,0,0,0,"353008,4661","5644612,083",6.908050203,50.93438399,nass/feucht,,"Rad, PKW"
102419,5,3,15,0,2019,März,19,Montag,Unfall mit Leichtverletzten,Zusammenstoß mit vorausfahrendem / wartendem Fahrzeug,Unfall im Längsverkehr,Dunkelheit,0,0,0,1,0,0,"358704,0959","5645745,212",6.988615149,50.94599103,nass/feucht,,Krad
102463,5,3,15,0,2019,März,17,Montag,Unfall mit Leichtverletzten,Zusammenstoß mit vorausfahrendem / wartendem Fahrzeug,Unfall im Längsverkehr,Tageslicht,0,1,0,0,0,0,"360652,262","5653566,852",7.013331061,51.0167593,trocken,,PKW
102506,5,3,15,0,2019,März,12,Sonntag,Unfall mit Leichtverletzten,Zusammenstoß mit einbiegendem / kreuzendem Fahrzeug,Einbiegen / Kreuzen-Unfall,Tageslicht,1,1,0,0,0,0,"359178,8202","5644763,806",6.995747932,50.93728722,nass/feucht,,"Rad, PKW"
102508,5,3,15,0,2019,März,13,Sonntag,Unfall mit Leichtverletzten,Zusammenstoß mit anfahrendem/ anhaltendem/ruhendem Fahrzeug,Sonstiger Unfall,Tageslicht,0,1,0,0,0,0,"360305,5159","5647005,274",7.010913525,50.95770569,trocken,,PKW
102511,5,3,15,0,2019,März,14,Sonntag,Unfall mit Leichtverletzten,Unfall anderer Art,Sonstiger Unfall,Tageslicht,0,0,1,0,0,1,"356512,716","5641096,167",6.959270738,50.90366926,trocken,,"Fuss, Sonstige"
102512,5,3,15,0,2019,März,6,Sonntag,Unfall mit Getöteten,Zusammenstoß zwischen Fahrzeug und Fußgänger,Überschreiten-Unfall,Dunkelheit,0,0,1,0,1,0,"353276,432","5643429,953",6.91233691,50.92382885,nass/feucht,,"Fuss, Gkfz"
102543,5,3,15,0,2019,März,17,Samstag,Unfall mit Leichtverletzten,Zusammenstoß mit seitlich in gleicher Richtung fahrendem Fahrzeug,Unfall im Längsverkehr,Dunkelheit,0,1,0,0,1,0,"348687,092","5644066,883",6.846821493,50.92836714,nass/feucht,,"PKW, Gkfz"
102582,5,3,15,0,2019,März,10,Freitag,Unfall mit Leichtverletzten,Zusammenstoß mit vorausfahrendem / wartendem Fahrzeug,Unfall im Längsverkehr,Tageslicht,0,1,0,0,0,0,"357155,3912","5637146,247",6.969948916,50.8683306,trocken,,PKW
102584,5,3,15,0,2019,März,6,Freitag,Unfall mit Leichtverletzten,Zusammenstoß mit vorausfahrendem / wartendem Fahrzeug,Unfall im Längsverkehr,Dämmerung,0,1,0,0,1,0,"362091,6238","5646470,85",7.036532025,50.9533329,trocken,,"PKW, Gkfz"
102586,5,3,15,0,2019,März,6,Freitag,Unfall mit Schwerverletzten,Zusammenstoß mit vorausfahrendem / wartendem Fahrzeug,Unfall im Längsverkehr,Tageslicht,0,1,0,0,0,0,"349070,0535","5648496,281",6.85043106,50.96827114,trocken,,PKW
102630,5,3,15,0,2019,März,7,Donnerstag,Unfall mit Leichtverletzten,Zusammenstoß mit anfahrendem/ anhaltendem/ruhendem Fahrzeug,Unfall im Längsverkehr,Tageslicht,0,1,0,0,0,0,"349695,8793","5649295,741",6.859007078,50.97561894,trocken,,PKW
102631,5,3,15,0,2019,März,7,Donnerstag,Unfall mit Leichtverletzten,Zusammenstoß mit vorausfahrendem / wartendem Fahrzeug,Unfall im Längsverkehr,Tageslicht,0,1,0,0,0,0,"352917,7186","5649370,102",6.904837001,50.97711906,trocken,,PKW
102702,5,3,15,0,2019,März,17,Donnerstag,Unfall mit Schwerverletzten,Zusammenstoß mit vorausfahrendem / wartendem Fahrzeug,Unfall im Längsverkehr,Tageslicht,0,1,0,0,0,0,"361543,7244","5642480,787",7.030252254,50.91734172,trocken,,PKW
102704,5,3,15,0,2019,März,13,Donnerstag,Unfall mit Leichtverletzten,Zusammenstoß mit vorausfahrendem / wartendem Fahrzeug,Unfall im Längsverkehr,Tageslicht,0,1,0,0,0,0,"362190,4919","5645902,052",7.038154068,50.94824459,trocken,,PKW
102765,5,3,15,0,2019,März,23,Samstag,Unfall mit Schwerverletzten,Zusammenstoß mit vorausfahrendem / wartendem Fahrzeug,Sonstiger Unfall,Dunkelheit,0,1,0,0,0,0,"366074,0503","5634564,825",7.097564754,50.84726454,trocken,,PKW
102774,5,3,15,0,2019,März,15,Samstag,Unfall mit Leichtverletzten,Zusammenstoß mit vorausfahrendem / wartendem Fahrzeug,Unfall im Längsverkehr,Tageslicht,0,1,0,0,0,1,"361216,7532","5642668,62",7.025532084,50.91895129,trocken,,"PKW, Sonstige"
102776,5,3,15,0,2019,März,14,Samstag,Unfall mit Leichtverletzten,Zusammenstoß mit seitlich in gleicher Richtung fahrendem Fahrzeug,Unfall im Längsverkehr,Tageslicht,0,1,0,0,0,0,"363919,7747","5641278,066",7.064482864,50.90709747,trocken,,PKW
102778,5,3,15,0,2019,März,20,Samstag,Unfall mit Leichtverletzten,Zusammenstoß mit vorausfahrendem / wartendem Fahrzeug,Unfall im Längsverkehr,Dunkelheit,0,1,0,0,0,0,"352531,6764","5650918,336",6.898713577,50.99093349,trocken,,PKW
102780,5,3,15,0,2019,März,20,Samstag,Unfall mit Leichtverletzten,Zusammenstoß mit vorausfahrendem / wartendem Fahrzeug,Unfall im Längsverkehr,Dunkelheit,0,1,0,0,0,0,"352106,5646","5651475,043",6.892433826,50.99582722,trocken,,PKW
102783,5,3,15,0,2019,März,13,Samstag,Unfall mit Leichtverletzten,Zusammenstoß mit vorausfahrendem / wartendem Fahrzeug,Unfall im Längsverkehr,Tageslicht,0,1,0,0,0,0,"358990,2407","5640943,715",6.994542621,50.90290957,trocken,,PKW
102792,5,3,15,0,2019,März,14,Mittwoch,Unfall mit Leichtverletzten,Zusammenstoß mit einbiegendem / kreuzendem Fahrzeug,Einbiegen / Kreuzen-Unfall,Tageslicht,1,1,0,0,0,0,"365590,3536","5635783,366",7.090250508,50.85810428,trocken,,"Rad, PKW"
102794,5,3,15,0,2019,März,17,Mittwoch,Unfall mit Leichtverletzten,Zusammenstoß mit einbiegendem / kreuzendem Fahrzeug,Abbiegeunfall,Tageslicht,1,1,0,0,0,0,"360333,8767","5648356,502",7.010798367,50.96985623,trocken,,"Rad, PKW"
102796,5,3,15,0,2019,März,7,Mittwoch,Unfall mit Leichtverletzten,Zusammenstoß zwischen Fahrzeug und Fußgänger,Abbiegeunfall,Tageslicht,0,1,1,0,0,0,"351063,1822","5652127,795",6.877308163,51.00142398,trocken,,"Fuss, PKW"
102797,5,3,15,0,2019,März,13,Mittwoch,Unfall mit Leichtverletzten,Zusammenstoß mit vorausfahrendem / wartendem Fahrzeug,Unfall durch ruhenden Verkehr,Tageslicht,0,1,0,1,0,1,"356522,0507","5646644,677",6.95721967,50.95353546,trocken,,"Krad, PKW, Sonstige"
102799,5,3,15,0,2019,März,8,Mittwoch,Unfall mit Leichtverletzten,Zusammenstoß mit einbiegendem / kreuzendem Fahrzeug,Einbiegen / Kreuzen-Unfall,Tageslicht,0,1,0,0,0,0,"353210,9366","5645208,209",6.91068952,50.93979272,trocken,,PKW
102801,5,3,15,0,2019,März,13,Mittwoch,Unfall mit Leichtverletzten,Zusammenstoß mit seitlich in gleicher Richtung fahrendem Fahrzeug,Unfall im Längsverkehr,Tageslicht,0,1,0,1,0,0,"354175,0828","5644483,509",6.924692978,50.93352469,trocken,,"Krad, PKW"
102803,5,3,15,0,2019,März,12,Mittwoch,Unfall mit Leichtverletzten,Zusammenstoß mit seitlich in gleicher Richtung fahrendem Fahrzeug,Sonstiger Unfall,Tageslicht,0,1,0,1,0,0,"355066,5041","5643565,145",6.937735552,50.92549626,trocken,,"Krad, PKW"
102898,5,3,15,0,2019,März,15,Freitag,Unfall mit Leichtverletzten,Zusammenstoß mit vorausfahrendem / wartendem Fahrzeug,Unfall im Längsverkehr,Tageslicht,0,1,0,0,0,0,"360992,5158","5646028,457",7.021062345,50.94909297,trocken,,PKW
102900,5,3,15,0,2019,März,14,Freitag,Unfall mit Schwerverletzten,Zusammenstoß mit vorausfahrendem / wartendem Fahrzeug,Unfall im Längsverkehr,Tageslicht,0,1,0,1,0,0,"358127,8231","5645259,087",6.980606537,50.9414807,trocken,,"Krad, PKW"
102903,5,3,15,0,2019,März,13,Freitag,Unfall mit Leichtverletzten,Zusammenstoß mit vorausfahrendem / wartendem Fahrzeug,Unfall im Längsverkehr,Tageslicht,0,1,0,0,0,0,"364279,1573","5649081,216",7.066684006,50.97731268,trocken,,PKW
102905,5,3,15,0,2019,März,17,Freitag,Unfall mit Leichtverletzten,Zusammenstoß mit vorausfahrendem / wartendem Fahrzeug,Unfall im Längsverkehr,Tageslicht,0,1,0,0,0,0,"350130,3768","5643370,475",6.867630355,50.92248573,trocken,,PKW
102907,5,3,15,0,2019,März,21,Freitag,Unfall mit Schwerverletzten,Zusammenstoß mit einbiegendem / kreuzendem Fahrzeug,Einbiegen / Kreuzen-Unfall,Dunkelheit,1,1,0,0,0,0,"354482,1835","5647395,568",6.927896832,50.95977206,trocken,,"Rad, PKW"
102908,5,3,15,0,2019,März,16,Mittwoch,Unfall mit Leichtverletzten,Zusammenstoß mit vorausfahrendem / wartendem Fahrzeug,Unfall im Längsverkehr,Tageslicht,0,1,0,0,0,0,"362764,4011","5644618,716",7.046802612,50.9368477,trocken,,PKW
102909,5,3,15,0,2019,März,22,Freitag,Unfall mit Schwerverletzten,Zusammenstoß mit seitlich in gleicher Richtung fahrendem Fahrzeug,Abbiegeunfall,Dunkelheit,0,1,0,1,0,0,"355201,437","5646633,06",6.938434889,50.95310079,trocken,,"Krad, PKW"
102912,5,3,15,0,2019,März,17,Freitag,Unfall mit Leichtverletzten,Zusammenstoß mit vorausfahrendem / wartendem Fahrzeug,Unfall im Längsverkehr,Tageslicht,0,1,0,0,0,0,"354608,667","5643331,083",6.931318828,50.9232776,trocken,,PKW
102982,5,3,15,0,2019,März,11,Dienstag,Unfall mit Leichtverletzten,Zusammenstoß mit seitlich in gleicher Richtung fahrendem Fahrzeug,Unfall im Längsverkehr,Tageslicht,1,1,0,0,0,0,"365190,256","5642859,299",7.081958229,50.92160704,trocken,,"Rad, PKW"
102984,5,3,15,0,2019,März,11,Dienstag,Unfall mit Leichtverletzten,Zusammenstoß mit vorausfahrendem / wartendem Fahrzeug,Unfall im Längsverkehr,Tageslicht,0,1,0,0,1,0,"360690,8576","5641142,178",7.018637709,50.90510605,trocken,,"PKW, Gkfz"
102986,5,3,15,0,2019,März,8,Dienstag,Unfall mit Leichtverletzten,Zusammenstoß zwischen Fahrzeug und Fußgänger,Sonstiger Unfall,Tageslicht,0,1,1,0,0,0,"359980,3736","5647388,753",7.006139323,50.96107314,trocken,,"Fuss, PKW"
102987,5,3,15,0,2019,März,18,Dienstag,Unfall mit Leichtverletzten,Zusammenstoß mit vorausfahrendem / wartendem Fahrzeug,Abbiegeunfall,Tageslicht,0,1,0,1,0,0,"360012,868","5648032,983",7.006353855,50.9668708,trocken,,"Krad, PKW"
102989,5,3,15,0,2019,März,19,Dienstag,Unfall mit Leichtverletzten,Zusammenstoß mit einbiegendem / kreuzendem Fahrzeug,Überschreiten-Unfall,Dunkelheit,0,1,1,0,0,0,"350686,7816","5648505,561",6.8734359,50.96877587,nass/feucht,,"Fuss, PKW"
102991,5,3,15,0,2019,März,14,Dienstag,Unfall mit Leichtverletzten,Zusammenstoß mit vorausfahrendem / wartendem Fahrzeug,Unfall im Längsverkehr,Tageslicht,0,1,0,0,0,0,"355383,386","5646703,261",6.940995705,50.95377735,nass/feucht,,PKW
102993,5,3,15,0,2019,März,8,Dienstag,Unfall mit Schwerverletzten,Zusammenstoß mit einbiegendem / kreuzendem Fahrzeug,Einbiegen / Kreuzen-Unfall,Tageslicht,0,1,0,1,0,0,"354499,4877","5643603,621",6.92965772,50.92569931,nass/feucht,,"Krad, PKW"
102995,5,3,15,0,2019,März,16,Dienstag,Unfall mit Leichtverletzten,Zusammenstoß zwischen Fahrzeug und Fußgänger,Unfall im Längsverkehr,Tageslicht,1,0,1,0,0,0,"354253,7036","5644324,122",6.925874824,50.9321122,trocken,,"Rad, Fuss"
103038,5,3,15,0,2019,März,18,Freitag,Unfall mit Leichtverletzten,Zusammenstoß mit einbiegendem / kreuzendem Fahrzeug,Einbiegen / Kreuzen-Unfall,Tageslicht,1,1,0,0,0,0,"361584,1034","5645029,598",7.029858572,50.94025832,trocken,,"Rad, PKW"
103040,5,3,15,0,2019,März,16,Dienstag,Unfall mit Leichtverletzten,Zusammenstoß mit einbiegendem / kreuzendem Fahrzeug,Abbiegeunfall,Tageslicht,1,1,0,0,0,0,"360995,1826","5644263,76",7.021773658,50.93323388,nass/feucht,,"Rad, PKW"
103041,5,3,15,0,2019,März,14,Freitag,Unfall mit Leichtverletzten,Zusammenstoß mit vorausfahrendem / wartendem Fahrzeug,Unfall im Längsverkehr,Tageslicht,0,1,0,0,0,0,"349375,5004","5643081,834",6.857017069,50.91969533,trocken,,PKW
103042,5,3,15,0,2019,März,16,Dienstag,Unfall mit Leichtverletzten,Zusammenstoß mit einbiegendem / kreuzendem Fahrzeug,Abbiegeunfall,Tageslicht,1,1,0,0,0,0,"358711,639","5644700,754",6.989127547,50.93660629,nass/feucht,,"Rad, PKW"
103043,5,3,15,0,2019,März,13,Freitag,Unfall mit Leichtverletzten,Zusammenstoß mit einbiegendem / kreuzendem Fahrzeug,Einbiegen / Kreuzen-Unfall,Tageslicht,1,1,0,0,0,0,"348944,9265","5643031,826",6.850916466,50.9191334,trocken,,"Rad, PKW"
103044,5,3,15,0,2019,März,16,Dienstag,Unfall mit Leichtverletzten,Zusammenstoß mit anfahrendem/ anhaltendem/ruhendem Fahrzeug,Unfall im Längsverkehr,Tageslicht,0,1,0,0,0,0,"355708,5208","5646726,834",6.945612339,50.95407069,trocken,,PKW
103045,5,3,15,0,2019,März,7,Dienstag,Unfall mit Leichtverletzten,Unfall anderer Art,Fahrunfall,Tageslicht,0,0,0,1,0,0,"353092,4325","5645045,955",6.909069425,50.93830442,nass/feucht,,Krad
103046,5,3,15,0,2019,März,20,Freitag,Unfall mit Leichtverletzten,Zusammenstoß mit vorausfahrendem / wartendem Fahrzeug,Unfall im Längsverkehr,Dunkelheit,0,1,0,0,0,0,"355248,008","5646680,69",6.939078545,50.95354052,trocken,,PKW
103047,5,3,15,0,2019,März,15,Dienstag,Unfall mit Leichtverletzten,Unfall anderer Art,Einbiegen / Kreuzen-Unfall,Tageslicht,1,1,0,0,0,0,"354575,2872","5644817,28",6.930251315,50.93662525,nass/feucht,,"Rad, PKW"
103048,5,3,15,0,2019,März,15,Freitag,Unfall mit Leichtverletzten,Zusammenstoß mit vorausfahrendem / wartendem Fahrzeug,Unfall durch ruhenden Verkehr,Tageslicht,1,1,0,0,0,0,"354073,6","5646025,676",6.922632016,50.94735798,trocken,,"Rad, PKW"
103049,5,3,15,0,2019,März,8,Dienstag,Unfall mit Leichtverletzten,Zusammenstoß mit vorausfahrendem / wartendem Fahrzeug,Abbiegeunfall,Tageslicht,0,1,0,0,0,0,"355337,691","5643971,992",6.941430183,50.92922057,nass/feucht,,PKW
103052,5,3,15,0,2019,März,13,Freitag,Unfall mit Leichtverletzten,Zusammenstoß mit einbiegendem / kreuzendem Fahrzeug,Einbiegen / Kreuzen-Unfall,Tageslicht,0,1,0,0,0,0,"357183,2755","5638788,4",6.969703541,50.88309559,trocken,,PKW
103054,5,3,15,0,2019,März,9,Freitag,Unfall mit Leichtverletzten,Zusammenstoß mit vorausfahrendem / wartendem Fahrzeug,Unfall im Längsverkehr,Dunkelheit,0,1,0,1,0,0,"356849,6403","5644990,544",6.962530784,50.93875141,trocken,,"Krad, PKW"
103169,5,3,15,0,2019,März,10,Freitag,Unfall mit Schwerverletzten,Zusammenstoß mit vorausfahrendem / wartendem Fahrzeug,Unfall im Längsverkehr,Tageslicht,0,0,0,0,1,0,"361962,6671","5646973,349",7.034506595,50.95781811,trocken,,Gkfz
103227,5,3,15,0,2019,März,12,Donnerstag,Unfall mit Leichtverletzten,Zusammenstoß mit seitlich in gleicher Richtung fahrendem Fahrzeug,Abbiegeunfall,Tageslicht,0,1,0,0,0,1,"349864,4841","5645090,18",6.863141715,50.93787047,trocken,,"PKW, Sonstige"
103229,5,3,15,0,2019,März,13,Montag,Unfall mit Leichtverletzten,Zusammenstoß mit entgegenkommendem Fahrzeug,Sonstiger Unfall,Tageslicht,1,1,0,0,0,0,"366840,3383","5637971,599",7.107203867,50.87806085,trocken,,"Rad, PKW"
103230,5,3,15,0,2019,März,5,Donnerstag,Unfall mit Leichtverletzten,Zusammenstoß mit anfahrendem/ anhaltendem/ruhendem Fahrzeug,Unfall durch ruhenden Verkehr,Dunkelheit,1,1,0,0,0,0,"353246,2906","5645269,426",6.911167711,50.94035185,trocken,,"Rad, PKW"
103231,5,3,15,0,2019,März,20,Montag,Unfall mit Leichtverletzten,Unfall anderer Art,Einbiegen / Kreuzen-Unfall,Dunkelheit,1,1,0,0,0,0,"355236,2376","5651547,212",6.936973424,50.99727158,nass/feucht,,"Rad, PKW"
103295,5,3,15,0,2019,März,16,Montag,Unfall mit Leichtverletzten,Zusammenstoß mit vorausfahrendem / wartendem Fahrzeug,Unfall im Längsverkehr,Tageslicht,0,1,0,0,0,0,"358399,9512","5644065,643",6.984941176,50.93082207,trocken,,PKW
103296,5,3,15,0,2019,März,5,Montag,Unfall mit Leichtverletzten,Abkommen von Fahrbahn nach rechts,Sonstiger Unfall,Dunkelheit,0,1,0,0,0,0,"364103,6585","5641449,89",7.06703274,50.90868506,trocken,,PKW
103298,5,3,15,0,2019,März,19,Montag,Unfall mit Leichtverletzten,Zusammenstoß mit vorausfahrendem / wartendem Fahrzeug,Unfall im Längsverkehr,Dunkelheit,0,1,0,0,0,0,"357111,0237","5638712,783",6.968706653,50.88239816,trocken,,PKW
103342,5,3,15,0,2019,März,13,Sonntag,Unfall mit Leichtverletzten,Zusammenstoß mit seitlich in gleicher Richtung fahrendem Fahrzeug,Sonstiger Unfall,Tageslicht,0,1,0,1,0,0,"365019,8925","5638867,664",7.081011666,50.88569201,trocken,,"Krad, PKW"
103345,5,3,15,0,2019,März,23,Sonntag,Unfall mit Schwerverletzten,Abkommen von Fahrbahn nach rechts,Sonstiger Unfall,Dunkelheit,1,0,0,0,0,0,"351060,562","5658882,007",6.87449512,51.06211845,trocken,,Rad
103347,5,3,15,0,2019,März,17,Sonntag,Unfall mit Leichtverletzten,Zusammenstoß mit vorausfahrendem / wartendem Fahrzeug,Unfall im Längsverkehr,Tageslicht,0,1,0,0,0,0,"354424,9064","5645656,404",6.927777218,50.94412827,trocken,,PKW
103351,5,3,15,0,2019,März,6,Donnerstag,Unfall mit Schwerverletzten,Zusammenstoß mit vorausfahrendem / wartendem Fahrzeug,Unfall im Längsverkehr,Tageslicht,0,0,0,0,1,1,"359353,112","5641423,514",6.99951519,50.90731011,trocken,,"Gkfz, Sonstige"
103374,5,3,15,0,2019,März,13,Samstag,Unfall mit Leichtverletzten,Zusammenstoß mit vorausfahrendem / wartendem Fahrzeug,Unfall im Längsverkehr,Tageslicht,0,1,0,0,0,0,"357166,4729","5637334,87",6.970032646,50.87002851,trocken,,PKW
103411,5,3,15,0,2019,März,18,Mittwoch,Unfall mit Leichtverletzten,Unfall anderer Art,Überschreiten-Unfall,Dunkelheit,0,0,1,0,0,1,"363218,099","5639486,514",7.055179886,50.89083012,trocken,,"Fuss, Sonstige"
103414,5,3,15,0,2019,März,9,Mittwoch,Unfall mit Leichtverletzten,Zusammenstoß mit einbiegendem / kreuzendem Fahrzeug,Abbiegeunfall,Tageslicht,1,0,0,1,0,0,"352079,7753","5642446,032",6.895721469,50.91468123,trocken,,"Rad, Krad"
103416,5,3,15,0,2019,März,10,Mittwoch,Unfall mit Leichtverletzten,Unfall anderer Art,Abbiegeunfall,Tageslicht,1,1,0,0,0,0,"355602,4833","5644697,874",6.944908048,50.93581028,trocken,,"Rad, PKW"
103427,5,3,15,0,2019,März,9,Samstag,Unfall mit Leichtverletzten,Zusammenstoß mit vorausfahrendem / wartendem Fahrzeug,Unfall im Längsverkehr,Tageslicht,0,1,0,0,0,0,"365991,1537","5634145,22",7.096541409,50.84347403,trocken,,PKW
103498,5,3,15,0,2019,März,14,Samstag,Unfall mit Schwerverletzten,Zusammenstoß mit vorausfahrendem / wartendem Fahrzeug,Unfall im Längsverkehr,Tageslicht,0,1,0,0,1,0,"360863,3979","5642290,68",7.020652257,50.91546955,trocken,,"PKW, Gkfz"
103508,5,3,15,0,2019,März,9,Samstag,Unfall mit Leichtverletzten,Zusammenstoß mit vorausfahrendem / wartendem Fahrzeug,Unfall im Längsverkehr,Tageslicht,0,1,0,0,0,0,"357406,966","5644135,986",6.970792287,50.93120962,trocken,,PKW
103510,5,3,15,0,2019,März,14,Samstag,Unfall mit Leichtverletzten,Zusammenstoß mit seitlich in gleicher Richtung fahrendem Fahrzeug,Abbiegeunfall,Tageslicht,0,1,0,1,0,0,"359980,0642","5647783,269",7.005983094,50.96461863,trocken,,"Krad, PKW"
103512,5,3,15,0,2019,März,10,Samstag,Unfall mit Leichtverletzten,Zusammenstoß mit vorausfahrendem / wartendem Fahrzeug,Unfall im Längsverkehr,Tageslicht,0,1,0,0,0,0,"353398,4956","5641287,729",6.914933229,50.90460842,trocken,,PKW
103513,5,3,15,0,2019,März,12,Samstag,Unfall mit Leichtverletzten,Zusammenstoß mit vorausfahrendem / wartendem Fahrzeug,Unfall im Längsverkehr,Tageslicht,0,1,0,0,0,0,"353388,0481","5641176,785",6.914829299,50.90360875,trocken,,PKW
103517,5,3,15,0,2019,März,13,Samstag,Unfall mit Leichtverletzten,Zusammenstoß mit vorausfahrendem / wartendem Fahrzeug,Unfall im Längsverkehr,Tageslicht,0,1,0,0,0,0,"348282,2728","5657127,639",6.835611704,51.04562626,trocken,,PKW
103524,5,3,15,0,2019,März,17,Samstag,Unfall mit Leichtverletzten,Zusammenstoß mit vorausfahrendem / wartendem Fahrzeug,Unfall im Längsverkehr,Tageslicht,0,1,0,0,0,0,"351836,6288","5651462,863",6.888594847,50.99564834,trocken,,PKW
103562,5,3,15,0,2019,März,18,Montag,Unfall mit Leichtverletzten,Zusammenstoß mit vorausfahrendem / wartendem Fahrzeug,Unfall im Längsverkehr,Tageslicht,0,1,0,0,0,0,"360484,237","5650884,969",7.011967928,50.99261629,trocken,,PKW
103600,5,3,15,0,2019,März,11,Sonntag,Unfall mit Leichtverletzten,Zusammenstoß mit einbiegendem / kreuzendem Fahrzeug,Einbiegen / Kreuzen-Unfall,Tageslicht,0,1,0,1,0,0,"356137,9236","5648875,666",6.9508722,50.97348916,trocken,,"Krad, PKW"
103601,5,3,15,0,2019,März,10,Sonntag,Unfall mit Leichtverletzten,Zusammenstoß mit einbiegendem / kreuzendem Fahrzeug,Einbiegen / Kreuzen-Unfall,Tageslicht,1,1,0,0,0,0,"356137,9936","5648875,377",6.950873311,50.97348659,trocken,,"Rad, PKW"
103602,5,3,15,0,2019,März,13,Sonntag,Unfall mit Leichtverletzten,Zusammenstoß mit vorausfahrendem / wartendem Fahrzeug,Unfall im Längsverkehr,Tageslicht,0,1,0,0,0,0,"349224,7219","5645132,341",6.854025435,50.93808243,trocken,,PKW
103603,5,3,15,0,2019,März,13,Sonntag,Unfall mit Leichtverletzten,Zusammenstoß mit einbiegendem / kreuzendem Fahrzeug,Abbiegeunfall,Tageslicht,1,1,0,0,0,0,"347563,9392","5646076,794",6.830010437,50.94613279,trocken,,"Rad, PKW"
103604,5,3,15,0,2019,März,15,Sonntag,Unfall mit Leichtverletzten,Abkommen von Fahrbahn nach links,Unfall im Längsverkehr,Tageslicht,0,1,0,0,0,0,"350797,6995","5646026,592",6.876030713,50.94652766,trocken,,PKW
103605,5,3,15,0,2019,März,2,Sonntag,Unfall mit Leichtverletzten,Unfall anderer Art,Sonstiger Unfall,Dunkelheit,1,0,0,0,0,0,"354477,7225","5645755,08",6.92848909,50.94502837,trocken,,Rad
103611,5,3,15,0,2019,März,14,Montag,Unfall mit Leichtverletzten,Zusammenstoß mit entgegenkommendem Fahrzeug,Unfall im Längsverkehr,Tageslicht,1,0,0,0,0,0,"351488,7764","5644583,693",6.886449549,50.93373955,trocken,,Rad
103700,5,3,15,0,2019,März,16,Montag,Unfall mit Leichtverletzten,Unfall anderer Art,Fahrunfall,Tageslicht,1,0,0,0,0,0,"365787,4671","5644446,176",7.089865914,50.9360085,trocken,,Rad
103756,5,3,15,0,2019,März,15,Samstag,Unfall mit Leichtverletzten,Zusammenstoß mit anfahrendem/ anhaltendem/ruhendem Fahrzeug,Unfall durch ruhenden Verkehr,Tageslicht,0,1,0,0,0,0,"363355,0223","5641803,411",7.056258419,50.91168559,trocken,,PKW
103757,5,3,15,0,2019,März,19,Samstag,Unfall mit Leichtverletzten,Unfall anderer Art,Fahrunfall,Dunkelheit,1,0,0,0,0,0,"366314,3421","5642657,285",7.098016055,50.92005295,trocken,,Rad
103758,5,3,15,0,2019,März,10,Samstag,Unfall mit Schwerverletzten,Zusammenstoß mit entgegenkommendem Fahrzeug,Abbiegeunfall,Tageslicht,0,1,0,0,0,0,"363678,4797","5643582,697",7.060191679,50.92775335,trocken,,PKW
103759,5,3,15,0,2019,März,9,Samstag,Unfall mit Leichtverletzten,Zusammenstoß mit einbiegendem / kreuzendem Fahrzeug,Einbiegen / Kreuzen-Unfall,Tageslicht,1,0,0,0,0,1,"362824,8376","5642855,654",7.048325669,50.92101677,trocken,,"Rad, Sonstige"
103760,5,3,15,0,2019,März,7,Samstag,Unfall mit Leichtverletzten,Zusammenstoß mit seitlich in gleicher Richtung fahrendem Fahrzeug,Sonstiger Unfall,Tageslicht,0,1,0,1,0,0,"358679,6255","5644695,732",6.988674167,50.93655331,trocken,,"Krad, PKW"
103761,5,3,15,0,2019,März,18,Samstag,Unfall mit Schwerverletzten,Zusammenstoß zwischen Fahrzeug und Fußgänger,Überschreiten-Unfall,Tageslicht,0,1,1,0,0,0,"360391,113","5648479,677",7.011565748,50.97097709,trocken,,"Fuss, PKW"
103762,5,3,15,0,2019,März,7,Samstag,Unfall mit Leichtverletzten,Zusammenstoß mit vorausfahrendem / wartendem Fahrzeug,Unfall im Längsverkehr,Tageslicht,0,1,0,1,0,0,"360774,0412","5649064,695",7.016792253,50.97632743,trocken,,"Krad, PKW"
103763,5,3,15,0,2019,März,16,Samstag,Unfall mit Leichtverletzten,Zusammenstoß mit vorausfahrendem / wartendem Fahrzeug,Unfall im Längsverkehr,Tageslicht,0,1,0,1,0,0,"352315,7225","5657343,021",6.893022392,51.04861285,trocken,,"Krad, PKW"
103764,5,3,15,0,2019,März,15,Samstag,Unfall mit Leichtverletzten,Zusammenstoß mit einbiegendem / kreuzendem Fahrzeug,Abbiegeunfall,Tageslicht,0,1,0,0,0,0,"354753,5055","5638220,923",6.935410931,50.87739007,trocken,,PKW