OBJECTID,ULAND,UREGBEZ,UKREIS,UGEMEINDE,UJAHR,UMONAT,USTUNDE,UWOCHENTAG,UKATEGORIE,UART,UTYP1,ULICHTVERH,IstRad,IstPKW,IstFuss,IstKrad,IstGkfz,IstSonstige,LINREFX,LINREFY,XGCSWGS84,YGCSWGS84,USTRZUSTAND,UIDENTSTLAE,Participants
103765,5,3,15,0,2019,März,16,Samstag,Unfall mit Leichtverletzten,Zusammenstoß mit vorausfahrendem / wartendem Fahrzeug,Abbiegeunfall,Tageslicht,1,0,0,0,0,0,"356255,4455","5644601,107",6.954232949,50.93510378,trocken,,Rad
103766,5,3,15,0,2019,März,14,Samstag,Unfall mit Leichtverletzten,Zusammenstoß mit vorausfahrendem / wartendem Fahrzeug,Unfall im Längsverkehr,Tageslicht,0,1,0,0,0,0,"356094,017","5644619,949",6.951929632,50.93523285,trocken,,PKW
103790,5,3,15,0,2019,März,4,Montag,Unfall mit Schwerverletzten,Zusammenstoß mit seitlich in gleicher Richtung fahrendem Fahrzeug,Unfall im Längsverkehr,Dunkelheit,1,0,0,0,0,0,"357009,229","5643452,071",6.965404246,50.92496485,trocken,,Rad
103838,5,3,15,0,2019,April,22,Mittwoch,Unfall mit Leichtverletzten,Abkommen von Fahrbahn nach links,Fahrunfall,Dunkelheit,0,1,0,0,0,0,"354071,9692","5656981,465",6.918206259,51.04581261,nass/feucht,,PKW
103839,5,3,15,0,2019,April,9,Mittwoch,Unfall mit Leichtverletzten,Zusammenstoß mit seitlich in gleicher Richtung fahrendem Fahrzeug,Abbiegeunfall,Tageslicht,1,0,0,0,1,0,"353354,135","5644888,118",6.912855107,50.93695261,trocken,,"Rad, Gkfz"
103840,5,3,15,0,2019,April,9,Mittwoch,Unfall mit Leichtverletzten,Zusammenstoß mit vorausfahrendem / wartendem Fahrzeug,Unfall im Längsverkehr,Tageslicht,0,1,0,0,0,0,"354793,0105","5646144,526",6.932818808,50.94860772,trocken,,PKW
103841,5,3,15,0,2019,April,0,Mittwoch,Unfall mit Leichtverletzten,Unfall anderer Art,Fahrunfall,Dunkelheit,1,0,0,0,0,0,"353530,6854","5646149,598",6.914858852,50.94833393,trocken,,Rad
103842,5,3,15,0,2019,April,16,Mittwoch,Unfall mit Schwerverletzten,Zusammenstoß mit anfahrendem/ anhaltendem/ruhendem Fahrzeug,Abbiegeunfall,Tageslicht,0,1,0,0,0,1,"351280,9252","5645035,479",6.883309275,50.93774594,trocken,,"PKW, Sonstige"
103843,5,3,15,0,2019,April,6,Mittwoch,Unfall mit Leichtverletzten,Zusammenstoß mit vorausfahrendem / wartendem Fahrzeug,Unfall im Längsverkehr,Tageslicht,0,1,0,0,0,0,"355977,9657","5635136,578",6.954017976,50.84997761,trocken,,PKW
103844,5,3,15,0,2019,April,8,Mittwoch,Unfall mit Leichtverletzten,Zusammenstoß mit anfahrendem/ anhaltendem/ruhendem Fahrzeug,Unfall durch ruhenden Verkehr,Tageslicht,1,1,0,0,0,1,"356051,5521","5646105,022",6.950738841,50.94856836,trocken,,"Rad, PKW, Sonstige"
103845,5,3,15,0,2019,April,15,Mittwoch,Unfall mit Leichtverletzten,Zusammenstoß mit einbiegendem / kreuzendem Fahrzeug,Abbiegeunfall,Tageslicht,0,1,0,0,0,1,"356178,577","5644602,899",6.953138998,50.93510072,trocken,,"PKW, Sonstige"
103964,5,3,15,0,2019,April,21,Dienstag,Unfall mit Leichtverletzten,Zusammenstoß zwischen Fahrzeug und Fußgänger,Überschreiten-Unfall,Dunkelheit,0,1,1,0,0,0,"364813,8348","5643106,019",7.076514357,50.92373638,trocken,,"Fuss, PKW"
103966,5,3,15,0,2019,April,18,Dienstag,Unfall mit Leichtverletzten,Zusammenstoß mit anfahrendem/ anhaltendem/ruhendem Fahrzeug,Unfall durch ruhenden Verkehr,Tageslicht,0,1,0,1,0,0,"366034,604","5642715,584",7.094017079,50.92051204,trocken,,"Krad, PKW"
103967,5,3,15,0,2019,April,16,Dienstag,Unfall mit Leichtverletzten,Zusammenstoß mit vorausfahrendem / wartendem Fahrzeug,Unfall im Längsverkehr,Tageslicht,0,1,0,0,0,0,"365993,7734","5643741,913",7.093059307,50.92972683,trocken,,PKW
103968,5,3,15,0,2019,April,12,Dienstag,Unfall mit Leichtverletzten,Zusammenstoß mit einbiegendem / kreuzendem Fahrzeug,Abbiegeunfall,Tageslicht,1,1,0,0,0,0,"357787,1608","5643699,627",6.976369369,50.92738193,trocken,,"Rad, PKW"
103969,5,3,15,0,2019,April,12,Dienstag,Unfall mit Schwerverletzten,Zusammenstoß mit einbiegendem / kreuzendem Fahrzeug,Einbiegen / Kreuzen-Unfall,Tageslicht,0,1,0,0,0,0,"356520,2791","5652109,249",6.95503765,51.00264408,trocken,,PKW
103970,5,3,15,0,2019,April,16,Dienstag,Unfall mit Leichtverletzten,Zusammenstoß mit anfahrendem/ anhaltendem/ruhendem Fahrzeug,Unfall im Längsverkehr,Tageslicht,0,1,0,0,0,0,"355260,9255","5646674,252",6.939264892,50.95348591,trocken,,PKW
103971,5,3,15,0,2019,April,13,Dienstag,Unfall mit Leichtverletzten,Zusammenstoß mit seitlich in gleicher Richtung fahrendem Fahrzeug,Unfall im Längsverkehr,Tageslicht,0,1,0,0,1,0,"353138,2153","5644885,057",6.909785438,50.93687016,trocken,,"PKW, Gkfz"
103972,5,3,15,0,2019,April,16,Dienstag,Unfall mit Schwerverletzten,Unfall anderer Art,Sonstiger Unfall,Tageslicht,1,1,0,0,0,0,"353354,014","5644869,53",6.912860867,50.93678554,trocken,,"Rad, PKW"
103973,5,3,15,0,2019,April,8,Dienstag,Unfall mit Leichtverletzten,Unfall anderer Art,Fahrunfall,Tageslicht,1,0,0,0,0,0,"354613,795","5641664,834",6.932055763,50.9083047,trocken,,Rad
103974,5,3,15,0,2019,April,9,Dienstag,Unfall mit Leichtverletzten,Zusammenstoß mit vorausfahrendem / wartendem Fahrzeug,Unfall im Längsverkehr,Tageslicht,0,1,0,1,0,0,"357103,5109","5643215,163",6.966837704,50.92285913,trocken,,"Krad, PKW"
104137,5,3,15,0,2019,April,13,Sonntag,Unfall mit Leichtverletzten,Abkommen von Fahrbahn nach links,Fahrunfall,Tageslicht,0,1,0,0,0,1,"363099,985","5644086,747",7.051775672,50.93214645,trocken,,"PKW, Sonstige"
104140,5,3,15,0,2019,April,17,Sonntag,Unfall mit Leichtverletzten,Zusammenstoß mit seitlich in gleicher Richtung fahrendem Fahrzeug,Einbiegen / Kreuzen-Unfall,Tageslicht,0,1,0,0,0,0,"351940,1736","5651710,485",6.889968383,50.99790022,trocken,,PKW
104183,5,3,15,0,2019,April,12,Samstag,Unfall mit Schwerverletzten,Zusammenstoß zwischen Fahrzeug und Fußgänger,Überschreiten-Unfall,Tageslicht,0,1,1,0,0,0,"363881,8775","5638588,786",7.064946394,50.88291856,trocken,,"Fuss, PKW"
104184,5,3,15,0,2019,April,8,Samstag,Unfall mit Schwerverletzten,Zusammenstoß mit seitlich in gleicher Richtung fahrendem Fahrzeug,Unfall im Längsverkehr,Tageslicht,0,1,0,1,0,0,"358337,14","5645557,788",6.983467789,50.9442166,trocken,,"Krad, PKW"
104185,5,3,15,0,2019,April,9,Samstag,Unfall mit Leichtverletzten,Zusammenstoß mit anfahrendem/ anhaltendem/ruhendem Fahrzeug,Unfall im Längsverkehr,Tageslicht,0,1,0,0,0,0,"350587,5296","5649352,39",6.871675425,50.97636003,trocken,,PKW
104273,5,3,15,0,2019,April,16,Freitag,Unfall mit Leichtverletzten,Zusammenstoß mit anfahrendem/ anhaltendem/ruhendem Fahrzeug,Fahrunfall,Tageslicht,0,1,0,0,1,0,"359253,5671","5646371,416",6.996189847,50.95175319,nass/feucht,,"PKW, Gkfz"
104274,5,3,15,0,2019,April,16,Freitag,Unfall mit Leichtverletzten,Zusammenstoß mit anfahrendem/ anhaltendem/ruhendem Fahrzeug,Unfall im Längsverkehr,Tageslicht,0,1,0,0,0,1,"360936,278","5647729,328",7.019612376,50.96436546,nass/feucht,,"PKW, Sonstige"
104275,5,3,15,0,2019,April,13,Freitag,Unfall mit Leichtverletzten,Zusammenstoß mit einbiegendem / kreuzendem Fahrzeug,Fahrunfall,Tageslicht,0,1,0,0,0,1,"358337,14","5645557,788",6.983467789,50.9442166,nass/feucht,,"PKW, Sonstige"
104276,5,3,15,0,2019,April,17,Freitag,Unfall mit Leichtverletzten,Zusammenstoß mit einbiegendem / kreuzendem Fahrzeug,Abbiegeunfall,Tageslicht,1,1,0,0,0,0,"356129,5788","5648910,099",6.950739796,50.97379652,trocken,,"Rad, PKW"
104277,5,3,15,0,2019,April,13,Freitag,Unfall mit Leichtverletzten,Zusammenstoß mit einbiegendem / kreuzendem Fahrzeug,Abbiegeunfall,Tageslicht,1,1,0,0,0,0,"356289,751","5648106,696",6.953337159,50.96661649,nass/feucht,,"Rad, PKW"
104278,5,3,15,0,2019,April,11,Freitag,Unfall mit Leichtverletzten,Unfall anderer Art,Unfall im Längsverkehr,Tageslicht,0,1,0,0,0,0,"354575,5805","5647021,68",6.929375231,50.95643562,trocken,,PKW
104279,5,3,15,0,2019,April,14,Freitag,Unfall mit Leichtverletzten,Zusammenstoß mit einbiegendem / kreuzendem Fahrzeug,Einbiegen / Kreuzen-Unfall,Tageslicht,0,1,0,0,0,0,"358275,264","5640019,388",6.984739578,50.8944275,nass/feucht,,PKW
104280,5,3,15,0,2019,April,18,Freitag,Unfall mit Leichtverletzten,Zusammenstoß mit einbiegendem / kreuzendem Fahrzeug,Einbiegen / Kreuzen-Unfall,Tageslicht,1,1,0,0,0,0,"354698,583","5643061,896",6.932704546,50.92088113,nass/feucht,,"Rad, PKW"
104281,5,3,15,0,2019,April,9,Freitag,Unfall mit Leichtverletzten,Zusammenstoß mit einbiegendem / kreuzendem Fahrzeug,Einbiegen / Kreuzen-Unfall,Tageslicht,1,1,0,0,0,0,"353082,6316","5643901,106",6.909391527,50.92801361,trocken,,"Rad, PKW"
104349,5,3,15,0,2019,April,14,Freitag,Unfall mit Leichtverletzten,Zusammenstoß mit vorausfahrendem / wartendem Fahrzeug,Unfall im Längsverkehr,Tageslicht,0,1,0,0,1,0,"361834,9938","5647570,066",7.03246325,50.96315037,nass/feucht,,"PKW, Gkfz"
104379,5,3,15,0,2019,April,7,Donnerstag,Unfall mit Leichtverletzten,Zusammenstoß zwischen Fahrzeug und Fußgänger,Überschreiten-Unfall,Tageslicht,0,1,1,0,0,0,"364530,0711","5649215,513",7.070206005,50.97857875,nass/feucht,,"Fuss, PKW"
104381,5,3,15,0,2019,April,8,Donnerstag,Unfall mit Leichtverletzten,Zusammenstoß mit vorausfahrendem / wartendem Fahrzeug,Unfall im Längsverkehr,Tageslicht,0,1,0,0,0,1,"360028,4058","5648169,514",7.006522456,50.9681016,nass/feucht,,"PKW, Sonstige"
104382,5,3,15,0,2019,April,6,Donnerstag,Unfall mit Leichtverletzten,Zusammenstoß mit einbiegendem / kreuzendem Fahrzeug,Einbiegen / Kreuzen-Unfall,Dämmerung,0,1,0,1,0,0,"359586,376","5650553,89",6.999310139,50.98942252,nass/feucht,,"Krad, PKW"
104384,5,3,15,0,2019,April,22,Donnerstag,Unfall mit Leichtverletzten,Zusammenstoß mit einbiegendem / kreuzendem Fahrzeug,Abbiegeunfall,Dunkelheit,1,1,0,0,0,0,"354481,7262","5647393,696",6.927891074,50.95975512,nass/feucht,,"Rad, PKW"
104386,5,3,15,0,2019,April,13,Donnerstag,Unfall mit Leichtverletzten,Zusammenstoß zwischen Fahrzeug und Fußgänger,Überschreiten-Unfall,Tageslicht,0,0,1,0,0,1,"347416,8145","5645226,456",6.828273843,50.93845263,trocken,,"Fuss, Sonstige"
104391,5,3,15,0,2019,April,19,Sonntag,Unfall mit Leichtverletzten,Zusammenstoß mit einbiegendem / kreuzendem Fahrzeug,Abbiegeunfall,Tageslicht,0,1,0,0,0,0,"352806,992","5651769,813",6.90228866,50.99865574,trocken,,PKW
104393,5,3,15,0,2019,April,3,Sonntag,Unfall mit Leichtverletzten,Unfall anderer Art,Sonstiger Unfall,Dunkelheit,0,1,1,0,0,0,"354348,609","5645495,487",6.926756251,50.94266289,trocken,,"Fuss, PKW"
104396,5,3,15,0,2019,April,23,Sonntag,Unfall mit Leichtverletzten,Unfall anderer Art,Fahrunfall,Dunkelheit,1,0,0,0,0,0,"353719,9247","5646410,277",6.917446241,50.95072461,trocken,,Rad
104398,5,3,15,0,2019,April,8,Sonntag,Unfall mit Leichtverletzten,Zusammenstoß mit einbiegendem / kreuzendem Fahrzeug,Einbiegen / Kreuzen-Unfall,Tageslicht,0,1,0,0,0,0,"356333,9244","5641119,143",6.956720582,50.90383128,trocken,,PKW
104401,5,3,15,0,2019,April,11,Sonntag,Unfall mit Leichtverletzten,Zusammenstoß mit einbiegendem / kreuzendem Fahrzeug,Abbiegeunfall,Tageslicht,1,1,0,0,0,0,"356174,8859","5644603,964",6.953086081,50.93510937,trocken,,"Rad, PKW"
104441,5,3,15,0,2019,April,18,Mittwoch,Unfall mit Leichtverletzten,Zusammenstoß mit vorausfahrendem / wartendem Fahrzeug,Unfall im Längsverkehr,Tageslicht,0,1,0,0,0,0,"355628,2073","5658276,647",6.939875399,51.05784512,trocken,,PKW
104442,5,3,15,0,2019,April,13,Mittwoch,Unfall mit Leichtverletzten,Abkommen von Fahrbahn nach rechts,Unfall im Längsverkehr,Tageslicht,0,1,0,0,1,0,"352628,9991","5650789,317",6.900151677,50.989799,trocken,,"PKW, Gkfz"
104472,5,3,15,0,2019,April,11,Dienstag,Unfall mit Leichtverletzten,Zusammenstoß mit anfahrendem/ anhaltendem/ruhendem Fahrzeug,Unfall im Längsverkehr,Tageslicht,0,1,0,0,0,0,"365107,841","5638375,957",7.082442743,50.88129326,trocken,,PKW
104473,5,3,15,0,2019,April,20,Dienstag,Unfall mit Leichtverletzten,Zusammenstoß mit entgegenkommendem Fahrzeug,Abbiegeunfall,Dunkelheit,0,1,0,1,0,0,"361450,23","5645301,887",7.02785073,50.9426733,nass/feucht,,"Krad, PKW"
104474,5,3,15,0,2019,April,18,Dienstag,Unfall mit Leichtverletzten,Zusammenstoß zwischen Fahrzeug und Fußgänger,Fahrunfall,Tageslicht,0,0,1,0,0,1,"355993,2661","5649434,161",6.948591938,50.97847208,trocken,,"Fuss, Sonstige"
104475,5,3,15,0,2019,April,10,Dienstag,Unfall mit Schwerverletzten,Zusammenstoß mit seitlich in gleicher Richtung fahrendem Fahrzeug,Abbiegeunfall,Tageslicht,0,1,0,0,0,1,"352100,2911","5644952,834",6.894996264,50.93721397,trocken,,"PKW, Sonstige"
104606,5,3,15,0,2019,April,13,Donnerstag,Unfall mit Schwerverletzten,Zusammenstoß mit vorausfahrendem / wartendem Fahrzeug,Unfall im Längsverkehr,Tageslicht,0,1,0,0,0,0,"352725,4161","5650688,18",6.90156551,50.9889148,trocken,,PKW
104608,5,3,15,0,2019,April,16,Montag,Unfall mit Leichtverletzten,Zusammenstoß mit anfahrendem/ anhaltendem/ruhendem Fahrzeug,Unfall im Längsverkehr,Tageslicht,0,1,0,0,0,0,"359893,8606","5645844,521",7.005502541,50.94717392,trocken,,PKW
104609,5,3,15,0,2019,April,11,Donnerstag,Unfall mit Schwerverletzten,Zusammenstoß mit seitlich in gleicher Richtung fahrendem Fahrzeug,Unfall im Längsverkehr,Tageslicht,0,1,0,1,0,0,"347528,4687","5644145,791",6.830313904,50.92877114,trocken,,"Krad, PKW"
104610,5,3,15,0,2019,April,12,Montag,Unfall mit Schwerverletzten,Zusammenstoß zwischen Fahrzeug und Fußgänger,Überschreiten-Unfall,Tageslicht,0,1,1,0,0,0,"362964,7274","5645279,817",7.049403306,50.94283691,trocken,,"Fuss, PKW"
104613,5,3,15,0,2019,April,18,Montag,Unfall mit Leichtverletzten,Zusammenstoß mit vorausfahrendem / wartendem Fahrzeug,Unfall im Längsverkehr,Tageslicht,0,1,0,0,0,0,"356017,179","5646880,268",6.949943238,50.95552677,trocken,,PKW
104616,5,3,15,0,2019,April,22,Donnerstag,Unfall mit Leichtverletzten,Zusammenstoß mit seitlich in gleicher Richtung fahrendem Fahrzeug,Unfall im Längsverkehr,Dunkelheit,0,1,0,0,0,0,"353697,4276","5649163,667",6.916019021,50.97546254,trocken,,PKW
104685,5,3,15,0,2019,April,20,Mittwoch,Unfall mit Schwerverletzten,Abkommen von Fahrbahn nach rechts,Fahrunfall,Dunkelheit,0,1,0,1,0,0,"361935,483","5640269,147",7.036658701,50.89755879,trocken,,"Krad, PKW"
104687,5,3,15,0,2019,April,16,Mittwoch,Unfall mit Leichtverletzten,Abkommen von Fahrbahn nach rechts,Fahrunfall,Tageslicht,0,0,0,1,0,0,"360504,864","5646769,293",7.013840626,50.95563318,trocken,,Krad
104689,5,3,15,0,2019,April,15,Mittwoch,Unfall mit Leichtverletzten,Zusammenstoß mit seitlich in gleicher Richtung fahrendem Fahrzeug,Sonstiger Unfall,Tageslicht,0,1,0,1,0,0,"361965,8256","5648030,364",7.034150531,50.96731855,trocken,,"Krad, PKW"
104797,5,3,15,0,2019,April,2,Sonntag,Unfall mit Leichtverletzten,Abkommen von Fahrbahn nach rechts,Sonstiger Unfall,Dunkelheit,0,1,0,0,0,0,"349138,984","5654977,992",6.848719239,51.02653494,trocken,,PKW
104821,5,3,15,0,2019,April,7,Samstag,Unfall mit Leichtverletzten,Zusammenstoß mit einbiegendem / kreuzendem Fahrzeug,Einbiegen / Kreuzen-Unfall,Tageslicht,0,1,0,0,0,1,"358171,356","5644790,58",6.981408153,50.93728093,trocken,,"PKW, Sonstige"
104822,5,3,15,0,2019,April,18,Samstag,Unfall mit Leichtverletzten,Zusammenstoß mit vorausfahrendem / wartendem Fahrzeug,Unfall im Längsverkehr,Tageslicht,0,1,0,0,0,1,"360351,7112","5647553,668",7.011360416,50.96264538,trocken,,"PKW, Sonstige"
104823,5,3,15,0,2019,April,12,Samstag,Unfall mit Leichtverletzten,Zusammenstoß mit einbiegendem / kreuzendem Fahrzeug,Einbiegen / Kreuzen-Unfall,Tageslicht,0,1,0,0,0,0,"361599,0541","5649984,96",7.028186289,50.9847969,trocken,,PKW
104824,5,3,15,0,2019,April,8,Samstag,Unfall mit Leichtverletzten,Zusammenstoß mit seitlich in gleicher Richtung fahrendem Fahrzeug,Unfall durch ruhenden Verkehr,Tageslicht,1,1,0,0,0,0,"353812,7125","5646210,954",6.918846332,50.94895691,trocken,,"Rad, PKW"
104825,5,3,15,0,2019,April,23,Samstag,Unfall mit Schwerverletzten,Unfall anderer Art,Fahrunfall,Dunkelheit,1,0,0,0,0,0,"353719,1981","5646437,683",6.917424893,50.95097072,trocken,,Rad
104826,5,3,15,0,2019,April,18,Samstag,Unfall mit Leichtverletzten,Zusammenstoß mit vorausfahrendem / wartendem Fahrzeug,Unfall im Längsverkehr,Tageslicht,0,1,0,0,0,0,"354236,7336","5645134,489",6.925309343,50.93939044,trocken,,PKW
104827,5,3,15,0,2019,April,13,Samstag,Unfall mit Leichtverletzten,Unfall anderer Art,Sonstiger Unfall,Tageslicht,0,0,0,0,0,1,"353897,9635","5642306,639",6.921624104,50.91389169,trocken,,Sonstige
104828,5,3,15,0,2019,April,18,Samstag,Unfall mit Schwerverletzten,Zusammenstoß mit einbiegendem / kreuzendem Fahrzeug,Einbiegen / Kreuzen-Unfall,Tageslicht,1,1,0,0,0,0,"355454,9206","5644699,186",6.942808834,50.93578512,trocken,,"Rad, PKW"
104829,5,3,15,0,2019,April,18,Samstag,Unfall mit Leichtverletzten,Unfall anderer Art,Abbiegeunfall,Tageslicht,1,1,0,0,0,0,"355756,0983","5644081,395",6.947336809,50.93030854,trocken,,"Rad, PKW"
104879,5,3,15,0,2019,April,15,Samstag,Unfall mit Leichtverletzten,Zusammenstoß mit seitlich in gleicher Richtung fahrendem Fahrzeug,Unfall im Längsverkehr,Tageslicht,0,1,0,0,0,1,"363450,484","5643495,781",7.056981926,50.92691827,trocken,,"PKW, Sonstige"
104880,5,3,15,0,2019,April,12,Samstag,Unfall mit Leichtverletzten,Zusammenstoß mit vorausfahrendem / wartendem Fahrzeug,Unfall im Längsverkehr,Tageslicht,0,1,0,0,0,0,"365117,7627","5640369,331",7.081847764,50.89921128,trocken,,PKW
104881,5,3,15,0,2019,April,14,Samstag,Unfall mit Leichtverletzten,Zusammenstoß mit vorausfahrendem / wartendem Fahrzeug,Unfall im Längsverkehr,Tageslicht,0,1,0,0,0,0,"357110,491","5639150,141",6.968528091,50.88632857,trocken,,PKW
104882,5,3,15,0,2019,April,13,Samstag,Unfall mit Leichtverletzten,Zusammenstoß mit anfahrendem/ anhaltendem/ruhendem Fahrzeug,Unfall im Längsverkehr,Tageslicht,0,1,0,0,0,0,"349263,6611","5649850,531",6.852624963,50.98049143,trocken,,PKW
104921,5,3,15,0,2019,April,13,Freitag,Unfall mit Leichtverletzten,Zusammenstoß mit vorausfahrendem / wartendem Fahrzeug,Abbiegeunfall,Tageslicht,0,1,0,0,0,0,"365171,978","5642414,882",7.081862614,50.91760854,trocken,,PKW
104922,5,3,15,0,2019,April,15,Freitag,Unfall mit Leichtverletzten,Zusammenstoß zwischen Fahrzeug und Fußgänger,Überschreiten-Unfall,Tageslicht,0,1,1,0,0,0,"360523,802","5648862,19",7.01330769,50.97444693,trocken,,"Fuss, PKW"
104923,5,3,15,0,2019,April,20,Freitag,Unfall mit Schwerverletzten,Zusammenstoß mit seitlich in gleicher Richtung fahrendem Fahrzeug,Abbiegeunfall,Dunkelheit,0,1,0,0,0,0,"361955,6949","5648027,382",7.034007475,50.96728932,trocken,,PKW
104924,5,3,15,0,2019,April,12,Freitag,Unfall mit Schwerverletzten,Unfall anderer Art,Fahrunfall,Tageslicht,0,1,0,0,0,0,"357887,0919","5644467,554",6.977491002,50.93430792,trocken,,PKW
104925,5,3,15,0,2019,April,14,Freitag,Unfall mit Leichtverletzten,Zusammenstoß mit einbiegendem / kreuzendem Fahrzeug,Einbiegen / Kreuzen-Unfall,Tageslicht,0,1,0,1,0,0,"352716,1123","5656721,128",6.898983483,51.0431271,trocken,,"Krad, PKW"
104926,5,3,15,0,2019,April,17,Freitag,Unfall mit Leichtverletzten,Zusammenstoß mit einbiegendem / kreuzendem Fahrzeug,Einbiegen / Kreuzen-Unfall,Tageslicht,0,1,0,1,0,0,"349405,9275","5642986,624",6.85748895,50.91884768,trocken,,"Krad, PKW"
104927,5,3,15,0,2019,April,15,Freitag,Unfall mit Schwerverletzten,Zusammenstoß zwischen Fahrzeug und Fußgänger,Überschreiten-Unfall,Tageslicht,0,0,1,0,0,1,"351438,3103","5648079,34",6.884305646,50.96513999,trocken,,"Fuss, Sonstige"
104928,5,3,15,0,2019,April,16,Freitag,Unfall mit Schwerverletzten,Zusammenstoß mit einbiegendem / kreuzendem Fahrzeug,Einbiegen / Kreuzen-Unfall,Tageslicht,0,1,0,1,0,0,"351566,82","5647979,149",6.886175321,50.96427275,trocken,,"Krad, PKW"
104929,5,3,15,0,2019,April,12,Freitag,Unfall mit Leichtverletzten,Zusammenstoß mit einbiegendem / kreuzendem Fahrzeug,Einbiegen / Kreuzen-Unfall,Tageslicht,0,1,0,0,0,0,"354608,667","5643331,083",6.931318828,50.9232776,trocken,,PKW
104930,5,3,15,0,2019,April,9,Freitag,Unfall mit Leichtverletzten,Zusammenstoß mit einbiegendem / kreuzendem Fahrzeug,Einbiegen / Kreuzen-Unfall,Tageslicht,1,1,0,0,0,0,"354909,7165","5641489,466",6.936331681,50.90680316,trocken,,"Rad, PKW"
104931,5,3,15,0,2019,April,15,Freitag,Unfall mit Leichtverletzten,Zusammenstoß mit vorausfahrendem / wartendem Fahrzeug,Unfall im Längsverkehr,Tageslicht,0,1,0,0,0,0,"354201,287","5644405,377",6.925096898,50.93282917,trocken,,PKW
105033,5,3,15,0,2019,April,10,Freitag,Unfall mit Leichtverletzten,Zusammenstoß mit vorausfahrendem / wartendem Fahrzeug,Unfall im Längsverkehr,Tageslicht,0,1,0,0,0,0,"365826,3882","5642507,858",7.091132875,50.9185967,trocken,,PKW
105088,5,3,15,0,2019,April,12,Sonntag,Unfall mit Leichtverletzten,Zusammenstoß mit anfahrendem/ anhaltendem/ruhendem Fahrzeug,Unfall durch ruhenden Verkehr,Tageslicht,0,1,0,0,0,0,"365153,0293","5636604,297",7.083738015,50.86538073,trocken,,PKW
105089,5,3,15,0,2019,April,23,Donnerstag,Unfall mit Leichtverletzten,Abkommen von Fahrbahn nach rechts,Sonstiger Unfall,Dunkelheit,0,1,0,0,0,0,"362330,507","5643832,493",7.040928085,50.92967823,trocken,,PKW
105090,5,3,15,0,2019,April,23,Sonntag,Unfall mit Leichtverletzten,Zusammenstoß mit einbiegendem / kreuzendem Fahrzeug,Abbiegeunfall,Dunkelheit,0,1,0,0,0,0,"361872,678","5648002,997",7.032835174,50.96705026,trocken,,PKW
105091,5,3,15,0,2019,April,16,Donnerstag,Unfall mit Leichtverletzten,Zusammenstoß mit einbiegendem / kreuzendem Fahrzeug,Einbiegen / Kreuzen-Unfall,Tageslicht,0,1,0,0,0,1,"362712,8084","5643840,023",7.04636211,50.92983702,trocken,,"PKW, Sonstige"
105092,5,3,15,0,2019,April,12,Sonntag,Unfall mit Leichtverletzten,Zusammenstoß mit entgegenkommendem Fahrzeug,Sonstiger Unfall,Tageslicht,0,1,0,0,0,0,"360930,1497","5649201,744",7.018962095,50.97759683,trocken,,PKW
105093,5,3,15,0,2019,April,8,Donnerstag,Unfall mit Leichtverletzten,Zusammenstoß mit anfahrendem/ anhaltendem/ruhendem Fahrzeug,Unfall im Längsverkehr,Tageslicht,0,1,0,0,0,0,"357387,5793","5644121,764",6.97052215,50.93107702,trocken,,PKW
105094,5,3,15,0,2019,April,23,Sonntag,Unfall mit Leichtverletzten,Zusammenstoß mit vorausfahrendem / wartendem Fahrzeug,Unfall im Längsverkehr,Dunkelheit,0,1,0,0,0,0,"353821,4062","5646569,55",6.91882604,50.95218169,trocken,,PKW
105095,5,3,15,0,2019,April,18,Donnerstag,Unfall mit Schwerverletzten,Unfall anderer Art,Fahrunfall,Tageslicht,1,0,0,0,0,0,"364819,8108","5649369,933",7.074273476,50.98003468,trocken,,Rad
105096,5,3,15,0,2019,April,11,Sonntag,Unfall mit Leichtverletzten,Unfall anderer Art,Unfall durch ruhenden Verkehr,Tageslicht,1,1,0,0,0,0,"353145,8594","5645116,7",6.909800792,50.93895379,trocken,,"Rad, PKW"
105097,5,3,15,0,2019,April,12,Donnerstag,Unfall mit Leichtverletzten,Zusammenstoß zwischen Fahrzeug und Fußgänger,Überschreiten-Unfall,Tageslicht,1,0,1,0,0,0,"356325,2418","5647730,345",6.953990893,50.96324315,trocken,,"Rad, Fuss"
105098,5,3,15,0,2019,April,18,Donnerstag,Unfall mit Leichtverletzten,Zusammenstoß mit einbiegendem / kreuzendem Fahrzeug,Einbiegen / Kreuzen-Unfall,Tageslicht,1,1,0,0,0,0,"352722,9166","5647107,859",6.90297999,50.95673958,trocken,,"Rad, PKW"
105099,5,3,15,0,2019,April,2,Sonntag,Unfall mit Leichtverletzten,Unfall anderer Art,Sonstiger Unfall,Dunkelheit,1,0,0,0,0,0,"354150,3468","5645971,569",6.923745465,50.94689117,trocken,,Rad
105101,5,3,15,0,2019,April,22,Sonntag,Unfall mit Leichtverletzten,Unfall anderer Art,Fahrunfall,Dunkelheit,1,0,0,0,0,0,"354336,7775","5642511,677",6.927780225,50.91584524,trocken,,Rad