OBJECTID,ULAND,UREGBEZ,UKREIS,UGEMEINDE,UJAHR,UMONAT,USTUNDE,UWOCHENTAG,UKATEGORIE,UART,UTYP1,ULICHTVERH,IstRad,IstPKW,IstFuss,IstKrad,IstGkfz,IstSonstige,LINREFX,LINREFY,XGCSWGS84,YGCSWGS84,USTRZUSTAND,UIDENTSTLAE,Participants
105103,5,3,15,0,2019,April,11,Sonntag,Unfall mit Leichtverletzten,Unfall anderer Art,Sonstiger Unfall,Tageslicht,1,0,0,0,0,0,"355446,9642","5645725,542",6.942288431,50.94500677,trocken,,Rad
105190,5,3,15,0,2019,April,8,Donnerstag,Unfall mit Leichtverletzten,Zusammenstoß mit vorausfahrendem / wartendem Fahrzeug,Unfall im Längsverkehr,Tageslicht,0,1,0,0,0,0,"365960,0434","5637775,67",7.094770125,50.87609638,nass/feucht,,PKW
105191,5,3,15,0,2019,April,10,Donnerstag,Unfall mit Leichtverletzten,Zusammenstoß mit vorausfahrendem / wartendem Fahrzeug,Unfall im Längsverkehr,Tageslicht,0,0,0,0,1,0,"350944,4234","5652977,475",6.875267893,51.00902871,trocken,,Gkfz
105225,5,3,15,0,2019,April,5,Mittwoch,Unfall mit Leichtverletzten,Zusammenstoß mit anfahrendem/ anhaltendem/ruhendem Fahrzeug,Unfall durch ruhenden Verkehr,Dunkelheit,0,1,0,0,0,0,"365839,8091","5638403,932",7.09283158,50.88171511,trocken,,PKW
105226,5,3,15,0,2019,April,17,Mittwoch,Unfall mit Leichtverletzten,Unfall anderer Art,Sonstiger Unfall,Tageslicht,1,0,0,0,0,0,"356879,9633","5651307,034",6.960476826,50.99552431,trocken,,Rad
105227,5,3,15,0,2019,April,13,Mittwoch,Unfall mit Schwerverletzten,Zusammenstoß mit einbiegendem / kreuzendem Fahrzeug,Einbiegen / Kreuzen-Unfall,Tageslicht,0,0,0,1,0,1,"351476,0491","5655737,448",6.881710054,51.03396822,trocken,,"Krad, Sonstige"
105228,5,3,15,0,2019,April,17,Mittwoch,Unfall mit Leichtverletzten,Zusammenstoß mit einbiegendem / kreuzendem Fahrzeug,Abbiegeunfall,Tageslicht,0,1,0,0,0,0,"348647,5531","5645141,543",6.845813004,50.93801392,nass/feucht,,PKW
105229,5,3,15,0,2019,April,19,Mittwoch,Unfall mit Leichtverletzten,Zusammenstoß mit einbiegendem / kreuzendem Fahrzeug,Abbiegeunfall,Tageslicht,1,1,0,0,0,0,"354797,8427","5645570,395",6.933116457,50.94344937,trocken,,"Rad, PKW"
105230,5,3,15,0,2019,April,12,Mittwoch,Unfall mit Leichtverletzten,Zusammenstoß mit vorausfahrendem / wartendem Fahrzeug,Unfall im Längsverkehr,Tageslicht,0,1,0,0,0,0,"354173,966","5644843,07",6.924533214,50.93675567,trocken,,PKW
105292,5,3,15,0,2019,April,12,Mittwoch,Unfall mit Schwerverletzten,Zusammenstoß mit vorausfahrendem / wartendem Fahrzeug,Unfall im Längsverkehr,Tageslicht,0,1,0,0,0,1,"366484,3649","5642243,621",7.100585011,50.91637444,trocken,,"PKW, Sonstige"
105293,5,3,15,0,2019,April,14,Freitag,Unfall mit Leichtverletzten,Zusammenstoß mit seitlich in gleicher Richtung fahrendem Fahrzeug,Unfall im Längsverkehr,Tageslicht,0,0,0,0,1,1,"359864,4136","5644864,077",7.005460809,50.93835538,trocken,,"Gkfz, Sonstige"
105294,5,3,15,0,2019,April,10,Mittwoch,Unfall mit Schwerverletzten,Zusammenstoß mit vorausfahrendem / wartendem Fahrzeug,Unfall im Längsverkehr,Tageslicht,0,0,0,0,1,1,"362830,1207","5646386,971",7.047071417,50.95275528,trocken,,"Gkfz, Sonstige"
105295,5,3,15,0,2019,April,17,Freitag,Unfall mit Leichtverletzten,Zusammenstoß zwischen Fahrzeug und Fußgänger,Sonstiger Unfall,Tageslicht,1,0,1,0,0,0,"357433,3209","5644614,447",6.970979922,50.93551605,trocken,,"Rad, Fuss"
105296,5,3,15,0,2019,April,7,Mittwoch,Unfall mit Leichtverletzten,Unfall anderer Art,Fahrunfall,Tageslicht,1,0,0,0,0,0,"358856,5152","5640814,91",6.992691804,50.90171931,trocken,,Rad
105297,5,3,15,0,2019,April,0,Freitag,Unfall mit Leichtverletzten,Unfall anderer Art,Fahrunfall,Dunkelheit,1,0,0,0,0,0,"348817,0337","5645152,489",6.848218845,50.93815674,trocken,,Rad
105298,5,3,15,0,2019,April,6,Freitag,Unfall mit Leichtverletzten,Zusammenstoß mit einbiegendem / kreuzendem Fahrzeug,Abbiegeunfall,Tageslicht,0,1,0,0,0,0,"348942,7902","5645146,384",6.850009916,50.93813484,trocken,,PKW
105300,5,3,15,0,2019,April,13,Freitag,Unfall mit Leichtverletzten,Unfall anderer Art,Sonstiger Unfall,Tageslicht,0,0,0,0,0,1,"350159,98","5648736,511",6.865843441,50.97071447,trocken,,Sonstige
105302,5,3,15,0,2019,April,11,Freitag,Unfall mit Leichtverletzten,Unfall anderer Art,Sonstiger Unfall,Tageslicht,1,0,0,0,0,0,"354217,9876","5645068,02",6.92506931,50.93878836,trocken,,Rad
105305,5,3,15,0,2019,April,8,Freitag,Unfall mit Schwerverletzten,Zusammenstoß mit seitlich in gleicher Richtung fahrendem Fahrzeug,Unfall im Längsverkehr,Tageslicht,1,0,0,0,0,0,"356249,2264","5641112,056",6.955519583,50.90374651,trocken,,Rad
105306,5,3,15,0,2019,April,11,Freitag,Unfall mit Leichtverletzten,Zusammenstoß zwischen Fahrzeug und Fußgänger,Überschreiten-Unfall,Tageslicht,0,1,1,0,0,0,"355409,0548","5644701,687",6.942155523,50.93579609,trocken,,"Fuss, PKW"
105387,5,3,15,0,2019,April,15,Dienstag,Unfall mit Leichtverletzten,Zusammenstoß zwischen Fahrzeug und Fußgänger,Sonstiger Unfall,Tageslicht,0,1,1,0,0,0,"364231,9676","5638482,751",7.069959637,50.88204794,trocken,,"Fuss, PKW"
105389,5,3,15,0,2019,April,11,Dienstag,Unfall mit Leichtverletzten,Zusammenstoß mit vorausfahrendem / wartendem Fahrzeug,Unfall im Längsverkehr,Tageslicht,0,1,0,0,0,0,"359556,8522","5644803,459",7.001109522,50.93773578,trocken,,PKW
105391,5,3,15,0,2019,April,15,Dienstag,Unfall mit Leichtverletzten,Zusammenstoß mit seitlich in gleicher Richtung fahrendem Fahrzeug,Sonstiger Unfall,Tageslicht,0,0,0,1,0,1,"357557,6197","5645069,193",6.972569993,50.93963355,trocken,,"Krad, Sonstige"
105393,5,3,15,0,2019,April,21,Dienstag,Unfall mit Leichtverletzten,Zusammenstoß mit vorausfahrendem / wartendem Fahrzeug,Unfall im Längsverkehr,Dunkelheit,0,1,0,0,0,0,"361786,578","5647977,455",7.031619444,50.96680006,trocken,,PKW
105395,5,3,15,0,2019,April,16,Dienstag,Unfall mit Leichtverletzten,Zusammenstoß mit anfahrendem/ anhaltendem/ruhendem Fahrzeug,Unfall im Längsverkehr,Tageslicht,0,1,0,0,0,0,"359979,9286","5647783,308",7.00598115,50.96461894,trocken,,PKW
105396,5,3,15,0,2019,April,22,Dienstag,Unfall mit Leichtverletzten,Zusammenstoß mit anfahrendem/ anhaltendem/ruhendem Fahrzeug,Unfall durch ruhenden Verkehr,Dunkelheit,1,1,0,0,0,0,"350519,1619","5645061,344",6.872464601,50.93778141,trocken,,"Rad, PKW"
105448,5,3,15,0,2019,April,12,Freitag,Unfall mit Schwerverletzten,Zusammenstoß mit vorausfahrendem / wartendem Fahrzeug,Unfall im Längsverkehr,Tageslicht,0,1,0,0,1,0,"359673,3493","5641780,101",7.003930006,50.91059276,trocken,,"PKW, Gkfz"
105500,5,3,15,0,2019,April,21,Donnerstag,Unfall mit Leichtverletzten,Zusammenstoß mit einbiegendem / kreuzendem Fahrzeug,Abbiegeunfall,Dunkelheit,0,1,0,0,0,0,"363800,2065","5641072,456",7.062859963,50.90522136,trocken,,PKW
105502,5,3,15,0,2019,April,11,Donnerstag,Unfall mit Leichtverletzten,Zusammenstoß mit anfahrendem/ anhaltendem/ruhendem Fahrzeug,Abbiegeunfall,Tageslicht,0,1,0,0,0,0,"366408,8472","5641471,178",7.099794131,50.90941449,nass/feucht,,PKW
105504,5,3,15,0,2019,April,13,Donnerstag,Unfall mit Schwerverletzten,Zusammenstoß mit anfahrendem/ anhaltendem/ruhendem Fahrzeug,Unfall durch ruhenden Verkehr,Tageslicht,1,1,0,0,0,0,"361705,9795","5644984,539",7.031609303,50.9398826,trocken,,"Rad, PKW"
105506,5,3,15,0,2019,April,9,Donnerstag,Unfall mit Leichtverletzten,Unfall anderer Art,Fahrunfall,Tageslicht,0,0,0,1,0,0,"359957,3677","5647515,474",7.005763162,50.9622064,nass/feucht,,Krad
105508,5,3,15,0,2019,April,9,Donnerstag,Unfall mit Leichtverletzten,Zusammenstoß zwischen Fahrzeug und Fußgänger,Überschreiten-Unfall,Tageslicht,1,0,1,0,0,0,"355304,0331","5645425,321",6.940374477,50.94227289,nass/feucht,,"Rad, Fuss"
105613,5,3,15,0,2019,April,11,Montag,Unfall mit Leichtverletzten,Zusammenstoß mit einbiegendem / kreuzendem Fahrzeug,Abbiegeunfall,Tageslicht,1,1,0,0,0,0,"353161,136","5643643,358",6.910611644,50.92571731,trocken,,"Rad, PKW"
105649,5,3,15,0,2019,April,20,Montag,Unfall mit Leichtverletzten,Zusammenstoß mit vorausfahrendem / wartendem Fahrzeug,Unfall im Längsverkehr,Dämmerung,0,1,0,0,0,0,"359681,5971","5657340,939",6.998039966,51.05044083,trocken,,PKW
105698,5,3,15,0,2019,April,21,Sonntag,Unfall mit Leichtverletzten,Zusammenstoß mit einbiegendem / kreuzendem Fahrzeug,Einbiegen / Kreuzen-Unfall,Dunkelheit,0,1,0,0,0,0,"359948,1831","5648937,51",7.005084894,50.97498415,trocken,,PKW
105699,5,3,15,0,2019,April,18,Sonntag,Unfall mit Schwerverletzten,Zusammenstoß mit einbiegendem / kreuzendem Fahrzeug,Einbiegen / Kreuzen-Unfall,Tageslicht,0,1,0,0,0,0,"359948,8908","5649024,573",7.005061431,50.97576676,trocken,,PKW
105700,5,3,15,0,2019,April,15,Sonntag,Unfall mit Leichtverletzten,Zusammenstoß mit seitlich in gleicher Richtung fahrendem Fahrzeug,Unfall im Längsverkehr,Tageslicht,1,0,0,0,0,0,"352642,1911","5656823,934",6.89788792,51.044032,trocken,,Rad
105701,5,3,15,0,2019,April,2,Sonntag,Unfall mit Schwerverletzten,Abkommen von Fahrbahn nach links,Sonstiger Unfall,Dunkelheit,1,0,0,0,0,0,"353457,8187","5644861,182",6.914340578,50.9367369,trocken,,Rad
105703,5,3,15,0,2019,April,20,Sonntag,Unfall mit Leichtverletzten,Zusammenstoß mit vorausfahrendem / wartendem Fahrzeug,Unfall im Längsverkehr,Dämmerung,0,1,0,0,0,0,"354059,6453","5642117,918",6.923997978,50.91223661,trocken,,PKW
105879,5,3,15,0,2019,April,15,Samstag,Unfall mit Leichtverletzten,Unfall anderer Art,Sonstiger Unfall,Tageslicht,0,1,0,0,0,0,"352416,8021","5643718,06",6.899997773,50.9261987,trocken,,PKW
105897,5,3,15,0,2019,April,10,Dienstag,Unfall mit Leichtverletzten,Unfall anderer Art,Unfall im Längsverkehr,Tageslicht,1,1,0,0,0,0,"356069,1221","5649163,682",6.94977887,50.97606031,trocken,,"Rad, PKW"
105967,5,3,15,0,2019,April,17,Samstag,Unfall mit Leichtverletzten,Zusammenstoß mit vorausfahrendem / wartendem Fahrzeug,Unfall im Längsverkehr,Tageslicht,0,1,0,0,0,1,"361867,0525","5648024,113",7.032747088,50.96723869,trocken,,"PKW, Sonstige"
105971,5,3,15,0,2019,April,11,Samstag,Unfall mit Leichtverletzten,Zusammenstoß mit anfahrendem/ anhaltendem/ruhendem Fahrzeug,Unfall im Längsverkehr,Tageslicht,0,1,0,0,0,0,"364745,1862","5642628,369",7.075715331,50.91942739,trocken,,PKW
105974,5,3,15,0,2019,April,12,Samstag,Unfall mit Leichtverletzten,Zusammenstoß mit anfahrendem/ anhaltendem/ruhendem Fahrzeug,Unfall im Längsverkehr,Tageslicht,0,1,0,0,0,0,"348926,8026","5645905,136",6.849467879,50.94494898,trocken,,PKW
106037,5,3,15,0,2019,April,22,Freitag,Unfall mit Leichtverletzten,Zusammenstoß mit vorausfahrendem / wartendem Fahrzeug,Sonstiger Unfall,Dunkelheit,0,1,0,0,0,0,"361203,2336","5645603,501",7.024222224,50.94532457,trocken,,PKW
106038,5,3,15,0,2019,April,16,Freitag,Unfall mit Schwerverletzten,Zusammenstoß zwischen Fahrzeug und Fußgänger,Überschreiten-Unfall,Tageslicht,0,1,1,0,0,0,"359324,0343","5644782,926",6.997805975,50.93749449,trocken,,"Fuss, PKW"
106039,5,3,15,0,2019,April,9,Freitag,Unfall mit Leichtverletzten,Zusammenstoß mit einbiegendem / kreuzendem Fahrzeug,Einbiegen / Kreuzen-Unfall,Tageslicht,1,1,0,0,0,0,"357779,6224","5649017,05",6.974185035,50.97516751,trocken,,"Rad, PKW"
106040,5,3,15,0,2019,April,14,Freitag,Unfall mit Leichtverletzten,Zusammenstoß mit entgegenkommendem Fahrzeug,Abbiegeunfall,Tageslicht,0,1,0,1,0,0,"350832,9845","5652379,651",6.873926243,51.0036276,trocken,,"Krad, PKW"
106041,5,3,15,0,2019,April,7,Freitag,Unfall mit Leichtverletzten,Unfall anderer Art,Sonstiger Unfall,Tageslicht,0,1,0,1,0,0,"354301,99","5645864,62",6.925945467,50.94596839,trocken,,"Krad, PKW"
106042,5,3,15,0,2019,April,23,Freitag,Unfall mit Leichtverletzten,Abkommen von Fahrbahn nach rechts,Fahrunfall,Dunkelheit,0,1,0,0,0,0,"357137,0922","5646230,404",6.966133029,50.94996522,trocken,,PKW
106110,5,3,15,0,2019,April,11,Montag,Unfall mit Leichtverletzten,Zusammenstoß mit einbiegendem / kreuzendem Fahrzeug,Abbiegeunfall,Tageslicht,0,1,0,0,0,0,"363271,9008","5649193,56",7.052302421,50.97808407,trocken,,PKW
106112,5,3,15,0,2019,April,16,Montag,Unfall mit Schwerverletzten,Zusammenstoß mit einbiegendem / kreuzendem Fahrzeug,Abbiegeunfall,Tageslicht,0,1,0,0,0,0,"352007,523","5647623,653",6.892591385,50.96119148,trocken,,PKW
106115,5,3,15,0,2019,April,14,Montag,Unfall mit Schwerverletzten,Unfall anderer Art,Fahrunfall,Tageslicht,1,0,0,0,0,0,"354058,7634","5642116,633",6.923985955,50.91222485,nass/feucht,,Rad
106222,5,3,15,0,2019,April,20,Sonntag,Unfall mit Leichtverletzten,Zusammenstoß zwischen Fahrzeug und Fußgänger,Abbiegeunfall,Dämmerung,0,1,1,0,0,0,"363226,655","5639140,723",7.055430909,50.88772436,nass/feucht,,"Fuss, PKW"
106224,5,3,15,0,2019,April,14,Sonntag,Unfall mit Leichtverletzten,Zusammenstoß mit vorausfahrendem / wartendem Fahrzeug,Unfall im Längsverkehr,Tageslicht,0,1,0,0,0,0,"348893,9929","5643004,112",6.850203851,50.91887102,nass/feucht,,PKW
106225,5,3,15,0,2019,April,13,Sonntag,Unfall mit Schwerverletzten,Abkommen von Fahrbahn nach rechts,Fahrunfall,Tageslicht,1,0,0,0,0,0,"354059,5157","5642117,729",6.923996211,50.91223488,nass/feucht,,Rad
106232,5,3,15,0,2019,April,12,Donnerstag,Unfall mit Leichtverletzten,Zusammenstoß mit einbiegendem / kreuzendem Fahrzeug,Unfall durch ruhenden Verkehr,Tageslicht,1,1,0,0,0,0,"356307,7477","5647897,171",6.953676047,50.96473801,trocken,,"Rad, PKW"
106288,5,3,15,0,2019,April,17,Sonntag,Unfall mit Leichtverletzten,Abkommen von Fahrbahn nach links,Fahrunfall,Tageslicht,0,1,0,0,0,0,"361739,9507","5648183,163",7.030877625,50.96863761,nass/feucht,,PKW
106344,5,3,15,0,2019,April,18,Samstag,Unfall mit Leichtverletzten,Zusammenstoß mit anfahrendem/ anhaltendem/ruhendem Fahrzeug,Unfall durch ruhenden Verkehr,Tageslicht,1,0,0,1,0,1,"359642,6656","5644815,092",7.002325608,50.93786121,trocken,,"Rad, Krad, Sonstige"
106346,5,3,15,0,2019,April,16,Samstag,Unfall mit Leichtverletzten,Zusammenstoß mit einbiegendem / kreuzendem Fahrzeug,Abbiegeunfall,Tageslicht,0,1,0,0,0,1,"358337,14","5645557,788",6.983467789,50.9442166,trocken,,"PKW, Sonstige"
106348,5,3,15,0,2019,April,16,Samstag,Unfall mit Leichtverletzten,Zusammenstoß mit vorausfahrendem / wartendem Fahrzeug,Unfall im Längsverkehr,Tageslicht,0,1,0,0,0,0,"360028,3541","5648169,008",7.006521915,50.96809704,trocken,,PKW
106349,5,3,15,0,2019,April,21,Samstag,Unfall mit Leichtverletzten,Zusammenstoß mit einbiegendem / kreuzendem Fahrzeug,Einbiegen / Kreuzen-Unfall,Dämmerung,1,1,0,0,0,0,"355236,1557","5651547,461",6.936972158,50.9972738,trocken,,"Rad, PKW"
106351,5,3,15,0,2019,April,13,Samstag,Unfall mit Leichtverletzten,Zusammenstoß mit vorausfahrendem / wartendem Fahrzeug,Unfall im Längsverkehr,Tageslicht,0,1,0,0,0,0,"356753,8291","5641106,191",6.962693685,50.90381921,trocken,,PKW
106352,5,3,15,0,2019,April,3,Samstag,Unfall mit Leichtverletzten,Unfall anderer Art,Fahrunfall,Dunkelheit,1,0,0,0,0,0,"353133,4846","5643931,794",6.910102278,50.92830234,nass/feucht,,Rad
106354,5,3,15,0,2019,April,16,Samstag,Unfall mit Leichtverletzten,Aufprall auf Fahrbahnhindernis,Sonstiger Unfall,Tageslicht,1,0,0,0,0,0,"350836,8519","5643575,691",6.877590869,50.92451296,trocken,,Rad
106356,5,3,15,0,2019,April,17,Samstag,Unfall mit Leichtverletzten,Zusammenstoß mit vorausfahrendem / wartendem Fahrzeug,Abbiegeunfall,Tageslicht,0,1,0,0,0,0,"354299,6646","5644202,723",6.926576968,50.93103283,trocken,,PKW
106357,5,3,15,0,2019,April,8,Samstag,Unfall mit Leichtverletzten,Zusammenstoß mit einbiegendem / kreuzendem Fahrzeug,Einbiegen / Kreuzen-Unfall,Tageslicht,1,1,0,0,0,0,"356330,213","5641106,024",6.956672996,50.90371246,trocken,,"Rad, PKW"
106386,5,3,15,0,2019,April,16,Donnerstag,Unfall mit Schwerverletzten,Zusammenstoß mit vorausfahrendem / wartendem Fahrzeug,Unfall im Längsverkehr,Tageslicht,0,1,0,0,0,0,"366081,07","5635129,792",7.097457795,50.85234396,trocken,,PKW
106441,5,3,15,0,2019,April,18,Samstag,Unfall mit Schwerverletzten,Zusammenstoß mit vorausfahrendem / wartendem Fahrzeug,Unfall im Längsverkehr,Tageslicht,0,0,0,0,1,1,"362106,1382","5642602,613",7.038202354,50.91857129,trocken,,"Gkfz, Sonstige"
106479,5,3,15,0,2019,April,20,Mittwoch,Unfall mit Leichtverletzten,Zusammenstoß mit seitlich in gleicher Richtung fahrendem Fahrzeug,Unfall im Längsverkehr,Dämmerung,1,0,0,0,0,0,"366314,0345","5642657,344",7.098011659,50.92005341,trocken,,Rad
106481,5,3,15,0,2019,April,18,Mittwoch,Unfall mit Leichtverletzten,Unfall anderer Art,Abbiegeunfall,Tageslicht,0,1,0,1,0,0,"358924,686","5642295,979",6.993088187,50.91504652,trocken,,"Krad, PKW"
106483,5,3,15,0,2019,April,13,Mittwoch,Unfall mit Leichtverletzten,Zusammenstoß mit einbiegendem / kreuzendem Fahrzeug,Sonstiger Unfall,Tageslicht,0,1,0,0,0,1,"354215,1629","5651788,945",6.922335247,50.99918616,trocken,,"PKW, Sonstige"
106485,5,3,15,0,2019,April,9,Mittwoch,Unfall mit Leichtverletzten,Unfall anderer Art,Fahrunfall,Tageslicht,1,0,0,0,0,0,"353936,7216","5646738,188",6.920398992,50.95372641,trocken,,Rad
106488,5,3,15,0,2019,April,13,Mittwoch,Unfall mit Leichtverletzten,Zusammenstoß mit vorausfahrendem / wartendem Fahrzeug,Unfall im Längsverkehr,Tageslicht,0,1,0,0,0,1,"353841,0339","5644322,346",6.920006938,50.93199181,trocken,,"PKW, Sonstige"
106490,5,3,15,0,2019,April,17,Mittwoch,Unfall mit Leichtverletzten,Zusammenstoß zwischen Fahrzeug und Fußgänger,Überschreiten-Unfall,Tageslicht,0,1,1,0,0,0,"357166,86","5646281,466",6.966536501,50.95043148,trocken,,"Fuss, PKW"
106506,5,3,15,0,2019,Mai,14,Sonntag,Unfall mit Leichtverletzten,Zusammenstoß mit vorausfahrendem / wartendem Fahrzeug,Sonstiger Unfall,Tageslicht,0,1,0,0,0,0,"366775,3103","5638204,946",7.106195028,50.88014313,nass/feucht,,PKW
106508,5,3,15,0,2019,Mai,16,Sonntag,Unfall mit Leichtverletzten,Unfall anderer Art,Unfall im Längsverkehr,Tageslicht,0,1,0,0,0,1,"350436,7341","5659512,811",6.865338299,51.06762478,nass/feucht,,"PKW, Sonstige"
106521,5,3,15,0,2019,Mai,9,Donnerstag,Unfall mit Leichtverletzten,Zusammenstoß mit einbiegendem / kreuzendem Fahrzeug,Einbiegen / Kreuzen-Unfall,Tageslicht,0,1,0,0,0,0,"364178,1302","5641425,366",7.068100495,50.90848218,trocken,,PKW
106522,5,3,15,0,2019,Mai,6,Donnerstag,Unfall mit Leichtverletzten,Zusammenstoß zwischen Fahrzeug und Fußgänger,Überschreiten-Unfall,Dämmerung,1,0,1,0,0,0,"355277,5592","5645278,938",6.940056059,50.94095074,trocken,,"Rad, Fuss"
106581,5,3,15,0,2019,Mai,14,Donnerstag,Unfall mit Schwerverletzten,Abkommen von Fahrbahn nach links,Sonstiger Unfall,Tageslicht,0,1,0,0,0,0,"349425,6256","5643317,425",6.857632419,50.92182552,trocken,,PKW
106597,5,3,15,0,2019,Mai,2,Sonntag,Unfall mit Leichtverletzten,Abkommen von Fahrbahn nach rechts,Fahrunfall,Dunkelheit,0,1,0,0,0,0,"361466,93","5646231,02",7.027734842,50.95102766,nass/feucht,,PKW
106659,5,3,15,0,2019,April,16,Mittwoch,Unfall mit Leichtverletzten,Zusammenstoß mit vorausfahrendem / wartendem Fahrzeug,Unfall im Längsverkehr,Tageslicht,0,1,0,0,0,0,"359116,1792","5642177,765",6.9958562,50.91403089,trocken,,PKW
106661,5,3,15,0,2019,April,17,Mittwoch,Unfall mit Leichtverletzten,Zusammenstoß mit einbiegendem / kreuzendem Fahrzeug,Einbiegen / Kreuzen-Unfall,Tageslicht,0,1,0,0,0,0,"364756,4226","5640199,378",7.0767752,50.89759929,trocken,,PKW
106662,5,3,15,0,2019,Mai,17,Samstag,Unfall mit Leichtverletzten,Zusammenstoß mit vorausfahrendem / wartendem Fahrzeug,Abbiegeunfall,Tageslicht,0,1,0,0,0,0,"366039,0003","5635845,634",7.096598517,50.85876804,trocken,,PKW
106663,5,3,15,0,2019,April,19,Mittwoch,Unfall mit Leichtverletzten,Zusammenstoß mit einbiegendem / kreuzendem Fahrzeug,Einbiegen / Kreuzen-Unfall,Tageslicht,0,1,0,1,0,0,"362249,7901","5643988,263",7.039721316,50.93105892,trocken,,"Krad, PKW"
106664,5,3,15,0,2019,Mai,17,Samstag,Unfall mit Leichtverletzten,Zusammenstoß zwischen Fahrzeug und Fußgänger,Einbiegen / Kreuzen-Unfall,Tageslicht,0,1,1,0,0,0,"361998,3267","5648039,929",7.034609485,50.9674123,nass/feucht,,"Fuss, PKW"
106665,5,3,15,0,2019,April,14,Mittwoch,Unfall mit Leichtverletzten,Zusammenstoß mit seitlich in gleicher Richtung fahrendem Fahrzeug,Abbiegeunfall,Tageslicht,1,1,0,0,0,0,"363265,1995","5649227,491",7.052194257,50.97838743,trocken,,"Rad, PKW"
106666,5,3,15,0,2019,April,13,Mittwoch,Unfall mit Leichtverletzten,Zusammenstoß mit vorausfahrendem / wartendem Fahrzeug,Unfall im Längsverkehr,Tageslicht,0,1,0,0,0,0,"356430,87","5647042,982",6.955765259,50.95709226,trocken,,PKW
106667,5,3,15,0,2019,Mai,14,Samstag,Unfall mit Leichtverletzten,Zusammenstoß mit anfahrendem/ anhaltendem/ruhendem Fahrzeug,Fahrunfall,Tageslicht,1,1,0,0,0,0,"353660,43","5646360,133",6.916619982,50.95025888,trocken,,"Rad, PKW"
106668,5,3,15,0,2019,April,12,Mittwoch,Unfall mit Leichtverletzten,Zusammenstoß mit einbiegendem / kreuzendem Fahrzeug,Einbiegen / Kreuzen-Unfall,Tageslicht,1,1,0,0,0,0,"356113,6399","5648975,871",6.950486895,50.97438361,trocken,,"Rad, PKW"
106669,5,3,15,0,2019,Mai,8,Samstag,Unfall mit Leichtverletzten,Zusammenstoß mit einbiegendem / kreuzendem Fahrzeug,Einbiegen / Kreuzen-Unfall,Tageslicht,0,1,0,0,0,0,"357206,881","5641145,815",6.969117345,50.90428755,nass/feucht,,PKW
106670,5,3,15,0,2019,April,11,Mittwoch,Unfall mit Leichtverletzten,Zusammenstoß zwischen Fahrzeug und Fußgänger,Sonstiger Unfall,Tageslicht,0,1,1,0,0,0,"350891,3164","5645057,594",6.877759058,50.93784407,trocken,,"Fuss, PKW"
106672,5,3,15,0,2019,April,18,Mittwoch,Unfall mit Leichtverletzten,Zusammenstoß mit einbiegendem / kreuzendem Fahrzeug,Einbiegen / Kreuzen-Unfall,Tageslicht,1,1,0,0,0,0,"354348,609","5645495,487",6.926756251,50.94266289,trocken,,"Rad, PKW"
106674,5,3,15,0,2019,April,15,Mittwoch,Unfall mit Leichtverletzten,Unfall anderer Art,Sonstiger Unfall,Tageslicht,1,0,0,0,0,0,"353381,4291","5646662,865",6.912528855,50.95290852,trocken,,Rad
106839,5,3,15,0,2019,April,13,Mittwoch,Unfall mit Leichtverletzten,Zusammenstoß mit seitlich in gleicher Richtung fahrendem Fahrzeug,Unfall im Längsverkehr,Tageslicht,0,1,0,0,0,0,"364060,4922","5641593,633",7.06636558,50.90996679,trocken,,PKW
106842,5,3,15,0,2019,April,11,Mittwoch,Unfall mit Leichtverletzten,Abkommen von Fahrbahn nach links,Fahrunfall,Tageslicht,0,1,0,0,0,0,"348735,8337","5643688,297",6.847671629,50.92497785,trocken,,PKW
106862,5,3,15,0,2019,Mai,8,Freitag,Unfall mit Leichtverletzten,Abkommen von Fahrbahn nach rechts,Sonstiger Unfall,Tageslicht,0,1,0,0,0,0,"361549,2458","5640513,493",7.031077049,50.89966234,trocken,,PKW
106864,5,3,15,0,2019,Mai,10,Freitag,Unfall mit Leichtverletzten,Zusammenstoß zwischen Fahrzeug und Fußgänger,Überschreiten-Unfall,Tageslicht,0,0,1,0,0,1,"355438,8918","5651097,5",6.940038458,50.99328111,trocken,,"Fuss, Sonstige"
106867,5,3,15,0,2019,Mai,14,Freitag,Unfall mit Leichtverletzten,Zusammenstoß mit seitlich in gleicher Richtung fahrendem Fahrzeug,Unfall im Längsverkehr,Tageslicht,1,1,0,0,0,0,"347499,327","5645764,311",6.829222197,50.94330769,trocken,,"Rad, PKW"
106869,5,3,15,0,2019,Mai,16,Freitag,Unfall mit Leichtverletzten,Zusammenstoß mit vorausfahrendem / wartendem Fahrzeug,Überschreiten-Unfall,Tageslicht,0,1,1,1,0,0,"353379,548","5645782,283",6.912856665,50.94499459,trocken,,"Fuss, Krad, PKW"
106873,5,3,15,0,2019,Mai,13,Freitag,Unfall mit Schwerverletzten,Abkommen von Fahrbahn nach rechts,Fahrunfall,Tageslicht,0,1,0,0,0,0,"355219,1461","5635181,728",6.943227707,50.85019394,trocken,,PKW