OBJECTID,ULAND,UREGBEZ,UKREIS,UGEMEINDE,UJAHR,UMONAT,USTUNDE,UWOCHENTAG,UKATEGORIE,UART,UTYP1,ULICHTVERH,IstRad,IstPKW,IstFuss,IstKrad,IstGkfz,IstSonstige,LINREFX,LINREFY,XGCSWGS84,YGCSWGS84,USTRZUSTAND,UIDENTSTLAE,Participants
106876,5,3,15,0,2019,Mai,9,Freitag,Unfall mit Leichtverletzten,Zusammenstoß zwischen Fahrzeug und Fußgänger,Sonstiger Unfall,Tageslicht,1,0,1,0,0,0,"355274,7016","5645261,285",6.940022426,50.94079137,trocken,,"Rad, Fuss"
106878,5,3,15,0,2019,Mai,19,Freitag,Unfall mit Leichtverletzten,Zusammenstoß mit einbiegendem / kreuzendem Fahrzeug,Abbiegeunfall,Tageslicht,1,1,0,0,0,0,"354735,1024","5644621,01",6.932602531,50.9349017,nass/feucht,,"Rad, PKW"
106881,5,3,15,0,2019,Mai,18,Freitag,Unfall mit Leichtverletzten,Unfall anderer Art,Fahrunfall,Dämmerung,1,0,0,0,0,0,"355360,3963","5643987,406",6.941746944,50.9293648,nass/feucht,,Rad
106916,5,3,15,0,2019,April,20,Dienstag,Unfall mit Leichtverletzten,Zusammenstoß mit einbiegendem / kreuzendem Fahrzeug,Einbiegen / Kreuzen-Unfall,Tageslicht,0,1,0,0,0,0,"365144,6418","5637353,385",7.08334273,50.87211132,nass/feucht,,PKW
106918,5,3,15,0,2019,April,22,Dienstag,Unfall mit Leichtverletzten,Zusammenstoß mit vorausfahrendem / wartendem Fahrzeug,Unfall im Längsverkehr,Dunkelheit,0,1,0,0,0,0,"358337,14","5645557,788",6.983467789,50.9442166,trocken,,PKW
106921,5,3,15,0,2019,April,15,Dienstag,Unfall mit Leichtverletzten,Zusammenstoß mit vorausfahrendem / wartendem Fahrzeug,Abbiegeunfall,Tageslicht,0,1,0,0,0,0,"355929,873","5650054,575",6.947443586,50.98403173,trocken,,PKW
106924,5,3,15,0,2019,April,13,Dienstag,Unfall mit Leichtverletzten,Zusammenstoß mit einbiegendem / kreuzendem Fahrzeug,Einbiegen / Kreuzen-Unfall,Tageslicht,1,1,0,0,0,0,"356573,599","5647115,222",6.957767682,50.95777701,trocken,,"Rad, PKW"
106926,5,3,15,0,2019,April,16,Dienstag,Unfall mit Leichtverletzten,Unfall anderer Art,Unfall durch ruhenden Verkehr,Tageslicht,1,1,0,0,0,0,"349818,8451","5645091,586",6.862492045,50.93787122,trocken,,"Rad, PKW"
106928,5,3,15,0,2019,April,12,Dienstag,Unfall mit Leichtverletzten,Unfall anderer Art,Sonstiger Unfall,Tageslicht,1,0,0,0,0,0,"350300,368","5643419,644",6.870027048,50.92297171,trocken,,Rad
106930,5,3,15,0,2019,April,13,Dienstag,Unfall mit Schwerverletzten,Zusammenstoß mit einbiegendem / kreuzendem Fahrzeug,Abbiegeunfall,Tageslicht,1,0,0,0,1,0,"353515,3518","5646170,197",6.914632432,50.94851515,trocken,,"Rad, Gkfz"
106932,5,3,15,0,2019,April,17,Dienstag,Unfall mit Schwerverletzten,Zusammenstoß mit einbiegendem / kreuzendem Fahrzeug,Einbiegen / Kreuzen-Unfall,Tageslicht,0,1,0,0,0,0,"357183,1175","5638789,627",6.969700817,50.88310658,trocken,,PKW
106935,5,3,15,0,2019,April,21,Dienstag,Unfall mit Leichtverletzten,Unfall anderer Art,Sonstiger Unfall,Dunkelheit,1,0,0,0,0,0,"355081,1527","5644788,079",6.937457633,50.93649017,trocken,,Rad
107079,5,3,15,0,2019,Mai,16,Donnerstag,Unfall mit Leichtverletzten,Zusammenstoß mit seitlich in gleicher Richtung fahrendem Fahrzeug,Unfall im Längsverkehr,Tageslicht,0,1,0,0,1,0,"364554,3922","5642675,861",7.072984888,50.91980946,nass/feucht,,"PKW, Gkfz"
107080,5,3,15,0,2019,Mai,14,Donnerstag,Unfall mit Leichtverletzten,Zusammenstoß mit seitlich in gleicher Richtung fahrendem Fahrzeug,Unfall im Längsverkehr,Tageslicht,0,1,0,0,1,0,"360700,2185","5653133,93",7.014180575,51.01288022,nass/feucht,,"PKW, Gkfz"
107120,5,3,15,0,2019,Mai,16,Mittwoch,Unfall mit Leichtverletzten,Zusammenstoß mit einbiegendem / kreuzendem Fahrzeug,Einbiegen / Kreuzen-Unfall,Tageslicht,1,1,0,0,0,0,"351223,2131","5651954,956",6.879658126,50.9999122,trocken,,"Rad, PKW"
107121,5,3,15,0,2019,Mai,7,Mittwoch,Unfall mit Leichtverletzten,Zusammenstoß mit anfahrendem/ anhaltendem/ruhendem Fahrzeug,Unfall im Längsverkehr,Tageslicht,0,1,0,0,0,1,"354249,615","5645180,762",6.925474048,50.93980953,trocken,,"PKW, Sonstige"
107126,5,3,15,0,2019,Mai,0,Montag,Unfall mit Leichtverletzten,Zusammenstoß mit einbiegendem / kreuzendem Fahrzeug,Sonstiger Unfall,Dunkelheit,0,1,0,0,0,0,"358036,019","5648451,216",6.978055665,50.97014566,nass/feucht,,PKW
107188,5,3,15,0,2019,Mai,12,Mittwoch,Unfall mit Leichtverletzten,Abkommen von Fahrbahn nach links,Sonstiger Unfall,Tageslicht,0,0,0,0,0,1,"354538,4593","5653731,017",6.926161073,51.0167206,trocken,,Sonstige
107223,5,3,15,0,2019,Mai,16,Dienstag,Unfall mit Leichtverletzten,Unfall anderer Art,Sonstiger Unfall,Tageslicht,1,0,0,0,0,0,"350761,8342","5645051,605",6.875919964,50.93775675,trocken,,Rad
107224,5,3,15,0,2019,Mai,16,Dienstag,Unfall mit Schwerverletzten,Unfall anderer Art,Fahrunfall,Tageslicht,1,0,0,0,0,0,"351082,5387","5645028,484",6.8804906,50.93763188,trocken,,Rad
107332,5,3,15,0,2019,Mai,14,Sonntag,Unfall mit Schwerverletzten,Zusammenstoß mit seitlich in gleicher Richtung fahrendem Fahrzeug,Unfall im Längsverkehr,Tageslicht,0,1,0,0,0,0,"362155,7926","5646168,589",7.037559498,50.95063173,trocken,,PKW
107334,5,3,15,0,2019,Mai,11,Sonntag,Unfall mit Leichtverletzten,Abkommen von Fahrbahn nach rechts,Fahrunfall,Tageslicht,0,1,0,0,0,0,"348839,1779","5644896,376",6.848640031,50.93586105,nass/feucht,,PKW
107354,5,3,15,0,2019,Mai,3,Sonntag,Unfall mit Schwerverletzten,Unfall anderer Art,Fahrunfall,Dunkelheit,1,0,0,0,0,0,"355274,3539","5644233,935",6.940425508,50.93155871,nass/feucht,,Rad
107376,5,3,15,0,2019,Mai,19,Samstag,Unfall mit Leichtverletzten,Zusammenstoß mit einbiegendem / kreuzendem Fahrzeug,Sonstiger Unfall,Tageslicht,1,1,0,0,0,0,"363643,5432","5648741,706",7.057762697,50.97411122,trocken,,"Rad, PKW"
107377,5,3,15,0,2019,Mai,13,Samstag,Unfall mit Leichtverletzten,Zusammenstoß mit einbiegendem / kreuzendem Fahrzeug,Einbiegen / Kreuzen-Unfall,Tageslicht,1,1,0,0,0,0,"354191,852","5644842,442",6.924787849,50.93675455,trocken,,"Rad, PKW"
107378,5,3,15,0,2019,Mai,12,Samstag,Unfall mit Leichtverletzten,Zusammenstoß mit vorausfahrendem / wartendem Fahrzeug,Unfall im Längsverkehr,Tageslicht,0,1,0,0,0,0,"348969,1079","5649678,391",6.848503473,50.97886736,nass/feucht,,PKW
107379,5,3,15,0,2019,Mai,17,Samstag,Unfall mit Schwerverletzten,Zusammenstoß mit vorausfahrendem / wartendem Fahrzeug,Unfall im Längsverkehr,Tageslicht,0,1,0,0,0,0,"357409,7199","5636873,94",6.973667054,50.86594615,trocken,,PKW
107380,5,3,15,0,2019,Mai,18,Samstag,Unfall mit Leichtverletzten,Zusammenstoß mit einbiegendem / kreuzendem Fahrzeug,Einbiegen / Kreuzen-Unfall,Tageslicht,0,1,0,1,0,0,"355053,4844","5641403,418",6.938409295,50.90606597,nass/feucht,,"Krad, PKW"
107397,5,3,15,0,2019,Mai,1,Sonntag,Unfall mit Leichtverletzten,Unfall anderer Art,Sonstiger Unfall,Dunkelheit,1,0,0,0,0,0,"358314,6022","5642999,004",6.984141904,50.92121519,nass/feucht,,Rad
107439,5,3,15,0,2019,Mai,9,Samstag,Unfall mit Leichtverletzten,Abkommen von Fahrbahn nach links,Fahrunfall,Tageslicht,0,1,0,0,0,0,"360824,1905","5642891,702",7.019865533,50.92086163,nass/feucht,,PKW
107470,5,3,15,0,2019,Mai,12,Sonntag,Unfall mit Leichtverletzten,Zusammenstoß mit vorausfahrendem / wartendem Fahrzeug,Unfall im Längsverkehr,Tageslicht,0,1,0,0,0,0,"357106,3222","5644732,495",6.966282893,50.936496,nass/feucht,,PKW
107481,5,3,15,0,2019,Mai,20,Freitag,Unfall mit Leichtverletzten,Zusammenstoß mit vorausfahrendem / wartendem Fahrzeug,Abbiegeunfall,Dämmerung,0,1,0,0,0,0,"363800,2065","5641072,456",7.062859963,50.90522136,nass/feucht,,PKW
107482,5,3,15,0,2019,Mai,15,Freitag,Unfall mit Leichtverletzten,Zusammenstoß mit vorausfahrendem / wartendem Fahrzeug,Unfall im Längsverkehr,Tageslicht,0,1,0,0,0,0,"358387,1901","5643954,296",6.984802955,50.92981827,trocken,,PKW
107483,5,3,15,0,2019,Mai,10,Freitag,Unfall mit Leichtverletzten,Zusammenstoß mit einbiegendem / kreuzendem Fahrzeug,Einbiegen / Kreuzen-Unfall,Tageslicht,0,1,0,0,0,0,"360872,794",5647711,7.018715896,50.96418541,trocken,,PKW
107484,5,3,15,0,2019,Mai,17,Freitag,Unfall mit Leichtverletzten,Zusammenstoß mit entgegenkommendem Fahrzeug,Abbiegeunfall,Tageslicht,0,1,0,0,0,0,"361826,1115","5650800,938",7.031108819,50.99218481,nass/feucht,,PKW
107485,5,3,15,0,2019,Mai,12,Freitag,Unfall mit Leichtverletzten,Zusammenstoß mit seitlich in gleicher Richtung fahrendem Fahrzeug,Abbiegeunfall,Tageslicht,0,1,0,0,0,1,"353514,568","5646169,142",6.914621706,50.94850547,trocken,,"PKW, Sonstige"
107486,5,3,15,0,2019,Mai,12,Freitag,Unfall mit Leichtverletzten,Unfall anderer Art,Fahrunfall,Tageslicht,1,0,0,0,0,0,"351556,0458","5647987,358",6.886018649,50.96434375,trocken,,Rad
107488,5,3,15,0,2019,Mai,21,Freitag,Unfall mit Leichtverletzten,Zusammenstoß mit anfahrendem/ anhaltendem/ruhendem Fahrzeug,Sonstiger Unfall,Dunkelheit,0,1,0,0,0,0,"354792,144","5646143,464",6.932806905,50.94859795,nass/feucht,,PKW
107489,5,3,15,0,2019,Mai,11,Freitag,Unfall mit Leichtverletzten,Zusammenstoß zwischen Fahrzeug und Fußgänger,Sonstiger Unfall,Tageslicht,0,1,1,0,0,0,"354791,788","5643151,564",6.93399401,50.92171042,trocken,,"Fuss, PKW"
107490,5,3,15,0,2019,Mai,22,Freitag,Unfall mit Leichtverletzten,Unfall anderer Art,Unfall im Längsverkehr,Dunkelheit,0,1,0,1,0,0,"354608,3386","5643332,509",6.931313591,50.92329034,nass/feucht,,"Krad, PKW"
107513,5,3,15,0,2019,Mai,14,Sonntag,Unfall mit Leichtverletzten,Unfall anderer Art,Sonstiger Unfall,Tageslicht,0,0,0,0,1,0,"363947,6324","5641222,856",7.064899433,50.90660784,trocken,,Gkfz
107524,5,3,15,0,2019,Mai,15,Donnerstag,Unfall mit Leichtverletzten,Zusammenstoß zwischen Fahrzeug und Fußgänger,Sonstiger Unfall,Tageslicht,0,1,1,0,0,0,"362404,2388","5637005,33",7.044549165,50.86833733,nass/feucht,,"Fuss, PKW"
107533,5,3,15,0,2019,Mai,14,Donnerstag,Unfall mit Leichtverletzten,Zusammenstoß mit entgegenkommendem Fahrzeug,Abbiegeunfall,Tageslicht,1,1,0,0,0,0,"363642,333","5640878,661",7.060688324,50.90344236,nass/feucht,,"Rad, PKW"
107542,5,3,15,0,2019,Mai,8,Donnerstag,Unfall mit Leichtverletzten,Unfall anderer Art,Sonstiger Unfall,Tageslicht,1,0,0,0,0,0,"359780,7884","5644844,815",7.004278764,50.93816194,trocken,,Rad
107549,5,3,15,0,2019,Mai,6,Donnerstag,Unfall mit Leichtverletzten,Zusammenstoß mit anfahrendem/ anhaltendem/ruhendem Fahrzeug,Sonstiger Unfall,Dämmerung,0,1,0,0,0,0,"358880,819","5642341,413",6.992446979,50.91544411,trocken,,PKW
107553,5,3,15,0,2019,Mai,15,Donnerstag,Unfall mit Schwerverletzten,Unfall anderer Art,Fahrunfall,Tageslicht,1,0,0,0,0,0,"361162,7228","5649464,708",7.02217253,50.98001625,nass/feucht,,Rad
107557,5,3,15,0,2019,Mai,13,Donnerstag,Unfall mit Leichtverletzten,Zusammenstoß mit entgegenkommendem Fahrzeug,Unfall im Längsverkehr,Tageslicht,0,1,0,1,0,0,"354477,7944","5645755,172",6.928490077,50.94502922,nass/feucht,,"Krad, PKW"
107559,5,3,15,0,2019,Mai,7,Freitag,Unfall mit Leichtverletzten,Zusammenstoß mit vorausfahrendem / wartendem Fahrzeug,Unfall im Längsverkehr,Tageslicht,0,1,0,0,0,1,"353170,5468","5640467,155",6.912023459,50.89717626,trocken,,"PKW, Sonstige"
107581,5,3,15,0,2019,Mai,20,Sonntag,Unfall mit Leichtverletzten,Zusammenstoß mit einbiegendem / kreuzendem Fahrzeug,Einbiegen / Kreuzen-Unfall,Tageslicht,0,1,0,0,0,0,"355590,85","5643723,54",6.945128616,50.92705121,trocken,,PKW
107609,5,3,15,0,2019,Mai,18,Mittwoch,Unfall mit Leichtverletzten,Zusammenstoß mit einbiegendem / kreuzendem Fahrzeug,Einbiegen / Kreuzen-Unfall,Tageslicht,1,1,0,0,0,0,"353044,6946","5644893,093",6.908452109,50.93691854,trocken,,"Rad, PKW"
107618,5,3,15,0,2019,Mai,16,Mittwoch,Unfall mit Leichtverletzten,Zusammenstoß mit einbiegendem / kreuzendem Fahrzeug,Abbiegeunfall,Tageslicht,1,1,0,0,0,0,"354403,1208","5645793,898",6.92741236,50.94535838,trocken,,"Rad, PKW"
107626,5,3,15,0,2019,Mai,17,Mittwoch,Unfall mit Leichtverletzten,Zusammenstoß mit vorausfahrendem / wartendem Fahrzeug,Unfall im Längsverkehr,Tageslicht,0,1,0,0,0,0,"350466,0844","5648761,42",6.87018979,50.97101786,trocken,,PKW
107634,5,3,15,0,2019,Mai,14,Mittwoch,Unfall mit Leichtverletzten,Zusammenstoß mit vorausfahrendem / wartendem Fahrzeug,Unfall im Längsverkehr,Tageslicht,0,1,0,0,0,0,"354208,9009","5636701,587",6.928280707,50.86359895,trocken,,PKW
107649,5,3,15,0,2019,Mai,9,Mittwoch,Unfall mit Leichtverletzten,Zusammenstoß mit einbiegendem / kreuzendem Fahrzeug,Einbiegen / Kreuzen-Unfall,Tageslicht,1,0,0,0,0,1,"355733,1459","5643633,628",6.947187605,50.92627879,trocken,,"Rad, Sonstige"
107661,5,3,15,0,2019,Mai,17,Mittwoch,Unfall mit Leichtverletzten,Unfall anderer Art,Unfall durch ruhenden Verkehr,Tageslicht,1,1,0,0,0,0,"356404,048","5643129,261",6.956926166,50.92191349,trocken,,"Rad, PKW"
107675,5,3,15,0,2019,Mai,9,Mittwoch,Unfall mit Leichtverletzten,Zusammenstoß mit anfahrendem/ anhaltendem/ruhendem Fahrzeug,Unfall durch ruhenden Verkehr,Tageslicht,1,1,0,0,0,0,"356310,617","5647867,096",6.95372876,50.96446845,trocken,,"Rad, PKW"
107677,5,3,15,0,2019,Mai,22,Mittwoch,Unfall mit Schwerverletzten,Abkommen von Fahrbahn nach links,Sonstiger Unfall,Dunkelheit,0,1,0,0,0,0,"348789,8491","5643662,278",6.848450422,50.92475819,trocken,,PKW
107712,5,3,15,0,2019,Mai,20,Donnerstag,Unfall mit Schwerverletzten,Unfall anderer Art,Sonstiger Unfall,Tageslicht,0,0,0,1,0,0,"356435,9356","5638904,885",6.959040712,50.88395723,trocken,,Krad
107730,5,3,15,0,2019,Mai,21,Dienstag,Unfall mit Leichtverletzten,Unfall anderer Art,Abbiegeunfall,Dämmerung,0,1,0,1,0,0,"360800,4645","5645044,647",7.018706015,50.94020492,trocken,,"Krad, PKW"
107732,5,3,15,0,2019,Mai,19,Dienstag,Unfall mit Leichtverletzten,Zusammenstoß mit entgegenkommendem Fahrzeug,Abbiegeunfall,Tageslicht,0,1,0,1,0,0,"364872,984","5645483,643",7.076473838,50.9451192,trocken,,"Krad, PKW"
107733,5,3,15,0,2019,Mai,17,Dienstag,Unfall mit Leichtverletzten,Zusammenstoß mit einbiegendem / kreuzendem Fahrzeug,Abbiegeunfall,Tageslicht,0,1,0,0,0,0,"360708,6222","5645042,248",7.017400532,50.94016118,trocken,,PKW
107734,5,3,15,0,2019,Mai,14,Dienstag,Unfall mit Leichtverletzten,Zusammenstoß mit einbiegendem / kreuzendem Fahrzeug,Abbiegeunfall,Tageslicht,1,1,0,0,0,0,"359779,2742","5644844,463",7.004257362,50.93815841,trocken,,"Rad, PKW"
107736,5,3,15,0,2019,Mai,7,Dienstag,Unfall mit Leichtverletzten,Unfall anderer Art,Einbiegen / Kreuzen-Unfall,Tageslicht,1,1,0,0,0,0,"357706,636","5646906,903",6.973971481,50.95618576,trocken,,"Rad, PKW"
107738,5,3,15,0,2019,Mai,16,Dienstag,Unfall mit Leichtverletzten,Unfall anderer Art,Einbiegen / Kreuzen-Unfall,Tageslicht,1,1,0,0,0,0,"356578,1318","5647104,369",6.957836458,50.9576806,trocken,,"Rad, PKW"
107739,5,3,15,0,2019,Mai,10,Dienstag,Unfall mit Leichtverletzten,Zusammenstoß zwischen Fahrzeug und Fußgänger,Überschreiten-Unfall,Tageslicht,0,1,1,0,0,0,"353760,2784","5646253,851",6.918083167,50.9493291,trocken,,"Fuss, PKW"
107741,5,3,15,0,2019,Mai,17,Dienstag,Unfall mit Schwerverletzten,Zusammenstoß mit anfahrendem/ anhaltendem/ruhendem Fahrzeug,Fahrunfall,Tageslicht,0,1,0,0,0,0,"353839,9041","5644321,803",6.919991088,50.93198665,trocken,,PKW
107818,5,3,15,0,2019,Mai,15,Mittwoch,Unfall mit Leichtverletzten,Zusammenstoß mit vorausfahrendem / wartendem Fahrzeug,Unfall im Längsverkehr,Tageslicht,0,1,0,0,0,0,"360415,1415","5645001,686",7.013241508,50.93972567,trocken,,PKW
107836,5,3,15,0,2019,Mai,16,Dienstag,Unfall mit Leichtverletzten,Zusammenstoß mit vorausfahrendem / wartendem Fahrzeug,Unfall im Längsverkehr,Tageslicht,0,1,0,0,0,0,"358479,2574","5643923,801",6.986124076,50.9295668,trocken,,PKW
107837,5,3,15,0,2019,Mai,18,Dienstag,Unfall mit Leichtverletzten,Zusammenstoß mit seitlich in gleicher Richtung fahrendem Fahrzeug,Unfall im Längsverkehr,Tageslicht,0,1,0,0,1,0,"362978,4472","5644280,809",7.049974179,50.9338617,trocken,,"PKW, Gkfz"
107838,5,3,15,0,2019,Mai,15,Dienstag,Unfall mit Leichtverletzten,Zusammenstoß mit vorausfahrendem / wartendem Fahrzeug,Unfall im Längsverkehr,Tageslicht,0,1,0,0,0,0,"365478,7186","5640016,159",7.087107928,50.8961213,trocken,,PKW
107842,5,3,15,0,2019,Mai,18,Dienstag,Unfall mit Schwerverletzten,Zusammenstoß mit seitlich in gleicher Richtung fahrendem Fahrzeug,Unfall im Längsverkehr,Tageslicht,0,1,0,0,0,0,"351558,6974","5652205,07",6.884333636,51.00224646,trocken,,PKW
107872,5,3,15,0,2019,Mai,14,Montag,Unfall mit Leichtverletzten,Zusammenstoß zwischen Fahrzeug und Fußgänger,Sonstiger Unfall,Tageslicht,0,0,1,0,0,1,"359910,4239","5647657,305",7.005040497,50.96346964,trocken,,"Fuss, Sonstige"
107873,5,3,15,0,2019,Mai,12,Montag,Unfall mit Leichtverletzten,Zusammenstoß mit vorausfahrendem / wartendem Fahrzeug,Unfall im Längsverkehr,Tageslicht,0,1,0,0,0,0,"356091,4624","5649067,386",6.950134993,50.9752005,trocken,,PKW
107875,5,3,15,0,2019,Mai,14,Montag,Unfall mit Leichtverletzten,Zusammenstoß mit vorausfahrendem / wartendem Fahrzeug,Unfall im Längsverkehr,Tageslicht,0,1,0,0,0,0,"354249,8324","5645181,547",6.925476825,50.93981664,trocken,,PKW
107876,5,3,15,0,2019,Mai,14,Montag,Unfall mit Leichtverletzten,Zusammenstoß mit anfahrendem/ anhaltendem/ruhendem Fahrzeug,Einbiegen / Kreuzen-Unfall,Tageslicht,1,1,0,0,0,0,"352080,0148","5643624,724",6.895246851,50.92527368,trocken,,"Rad, PKW"
107877,5,3,15,0,2019,Mai,18,Montag,Unfall mit Schwerverletzten,Unfall anderer Art,Fahrunfall,Tageslicht,1,0,0,0,0,0,"353915,309","5642252,405",6.921892393,50.9134087,trocken,,Rad
107910,5,3,15,0,2019,Mai,14,Montag,Unfall mit Leichtverletzten,Unfall anderer Art,Unfall im Längsverkehr,Tageslicht,0,1,0,0,0,0,"362466,6622","5641496,795",7.043745118,50.90871892,trocken,,PKW
107912,5,3,15,0,2019,Mai,12,Montag,Unfall mit Leichtverletzten,Zusammenstoß mit vorausfahrendem / wartendem Fahrzeug,Unfall im Längsverkehr,Tageslicht,0,1,0,0,0,0,"361914,5479","5642555,533",7.035496159,50.91810234,trocken,,PKW
107913,5,3,15,0,2019,Mai,12,Montag,Unfall mit Leichtverletzten,Zusammenstoß mit vorausfahrendem / wartendem Fahrzeug,Unfall im Längsverkehr,Tageslicht,0,1,0,0,0,0,"351249,5115","5651262,595",6.880316258,50.9936972,trocken,,PKW
107914,5,3,15,0,2019,Mai,4,Montag,Unfall mit Schwerverletzten,Unfall anderer Art,Sonstiger Unfall,Dunkelheit,0,1,0,0,0,0,"356547,4305","5655184,502",6.95420816,51.03028735,trocken,,PKW
107915,5,3,15,0,2019,Mai,2,Montag,Unfall mit Leichtverletzten,Zusammenstoß mit vorausfahrendem / wartendem Fahrzeug,Unfall im Längsverkehr,Dunkelheit,0,1,0,0,0,0,"349951,8614","5654125,982",6.860654783,51.01909137,trocken,,PKW
107917,5,3,15,0,2019,Mai,19,Montag,Unfall mit Leichtverletzten,Zusammenstoß mit vorausfahrendem / wartendem Fahrzeug,Unfall im Längsverkehr,Tageslicht,0,1,0,0,0,0,"351379,3467","5651321,034",6.882141134,50.9942559,trocken,,PKW
107971,5,3,15,0,2019,Mai,18,Freitag,Unfall mit Leichtverletzten,Zusammenstoß mit vorausfahrendem / wartendem Fahrzeug,Unfall im Längsverkehr,Tageslicht,0,1,0,0,0,0,"364589,9244","5649247,798",7.071046083,50.97888298,trocken,,PKW
107972,5,3,15,0,2019,Mai,0,Samstag,Unfall mit Leichtverletzten,Zusammenstoß mit einbiegendem / kreuzendem Fahrzeug,Einbiegen / Kreuzen-Unfall,Dunkelheit,0,0,0,0,1,1,"356477,4069","5651360,871",6.954722849,50.99590789,nass/feucht,,"Gkfz, Sonstige"
107975,5,3,15,0,2019,Mai,6,Samstag,Unfall mit Leichtverletzten,Zusammenstoß mit entgegenkommendem Fahrzeug,Unfall im Längsverkehr,Dämmerung,1,0,0,0,0,0,"359330,4296","5647724,481",6.996760444,50.96393204,nass/feucht,,Rad
107981,5,3,15,0,2019,Mai,17,Samstag,Unfall mit Leichtverletzten,Zusammenstoß mit vorausfahrendem / wartendem Fahrzeug,Unfall im Längsverkehr,Tageslicht,0,1,0,0,0,0,"361236,1495","5649308,089",7.023277663,50.97862639,trocken,,PKW
108032,5,3,15,0,2019,Mai,11,Freitag,Unfall mit Leichtverletzten,Zusammenstoß mit anfahrendem/ anhaltendem/ruhendem Fahrzeug,Unfall im Längsverkehr,Tageslicht,0,1,0,0,0,0,"366713,3975","5638526,176",7.10519831,50.883016,trocken,,PKW
108033,5,3,15,0,2019,Mai,20,Samstag,Unfall mit Leichtverletzten,Zusammenstoß mit anfahrendem/ anhaltendem/ruhendem Fahrzeug,Abbiegeunfall,Dämmerung,0,1,0,0,0,0,"352814,7145","5651761,101",6.902402169,50.99857943,trocken,,PKW
108046,5,3,15,0,2019,Mai,14,Freitag,Unfall mit Schwerverletzten,Zusammenstoß mit vorausfahrendem / wartendem Fahrzeug,Unfall im Längsverkehr,Tageslicht,0,1,0,0,1,0,"348872,0431","5649741,472",6.847095564,50.97940875,trocken,,"PKW, Gkfz"
108090,5,3,15,0,2019,Mai,17,Freitag,Unfall mit Leichtverletzten,Zusammenstoß mit vorausfahrendem / wartendem Fahrzeug,Abbiegeunfall,Tageslicht,0,1,0,0,0,1,"360230,961","5648221,512",7.009385406,50.96861809,trocken,,"PKW, Sonstige"
108091,5,3,15,0,2019,Mai,21,Samstag,Unfall mit Schwerverletzten,Unfall anderer Art,Fahrunfall,Dunkelheit,1,0,0,0,0,0,"355173,6486","5651727,421",6.936010211,50.99887532,trocken,,Rad
108094,5,3,15,0,2019,Mai,18,Samstag,Unfall mit Schwerverletzten,Zusammenstoß mit einbiegendem / kreuzendem Fahrzeug,Sonstiger Unfall,Tageslicht,0,1,0,0,0,1,"358334,527","5645556,884",6.983430969,50.94420783,trocken,,"PKW, Sonstige"
108127,5,3,15,0,2019,Mai,17,Donnerstag,Unfall mit Leichtverletzten,Unfall anderer Art,Sonstiger Unfall,Tageslicht,0,1,0,1,0,0,"359956,1316","5647511,558",7.005747078,50.96217091,trocken,,"Krad, PKW"
108130,5,3,15,0,2019,Mai,19,Donnerstag,Unfall mit Schwerverletzten,Zusammenstoß zwischen Fahrzeug und Fußgänger,Überschreiten-Unfall,Tageslicht,0,1,1,0,0,0,"356831,1433","5654657,715",6.958459524,51.02562399,trocken,,"Fuss, PKW"
108131,5,3,15,0,2019,Mai,8,Donnerstag,Unfall mit Schwerverletzten,Zusammenstoß mit einbiegendem / kreuzendem Fahrzeug,Einbiegen / Kreuzen-Unfall,Tageslicht,0,1,0,0,0,0,"352917,7186","5649370,102",6.904837001,50.97711906,trocken,,PKW
108134,5,3,15,0,2019,Mai,20,Donnerstag,Unfall mit Leichtverletzten,Zusammenstoß zwischen Fahrzeug und Fußgänger,Überschreiten-Unfall,Dämmerung,1,0,1,0,0,0,"353715,0037","5646403,006",6.917379153,50.95065802,trocken,,"Rad, Fuss"
108137,5,3,15,0,2019,Mai,17,Donnerstag,Unfall mit Leichtverletzten,Zusammenstoß mit einbiegendem / kreuzendem Fahrzeug,Abbiegeunfall,Tageslicht,1,0,0,0,0,1,"354260,7049","5640287,466",6.92758679,50.89583759,trocken,,"Rad, Sonstige"
108140,5,3,15,0,2019,Mai,15,Donnerstag,Unfall mit Leichtverletzten,Zusammenstoß mit seitlich in gleicher Richtung fahrendem Fahrzeug,Unfall im Längsverkehr,Tageslicht,0,0,0,1,0,0,"354237,8343","5644314,637",6.925652937,50.93202295,trocken,,Krad
108147,5,3,15,0,2019,Mai,17,Sonntag,Unfall mit Schwerverletzten,Abkommen von Fahrbahn nach links,Fahrunfall,Tageslicht,0,1,0,0,0,0,"353811,6237","5648765,696",6.917804516,50.97191513,trocken,,PKW
108153,5,3,15,0,2019,Mai,16,Freitag,Unfall mit Leichtverletzten,Zusammenstoß zwischen Fahrzeug und Fußgänger,Überschreiten-Unfall,Tageslicht,0,1,1,0,0,0,"363642,333","5640878,661",7.060688324,50.90344236,trocken,,"Fuss, PKW"
108154,5,3,15,0,2019,Mai,10,Samstag,Unfall mit Leichtverletzten,Unfall anderer Art,Unfall im Längsverkehr,Tageslicht,0,1,0,0,0,1,"360037,4521","5647736,601",7.006817777,50.96421316,trocken,,"PKW, Sonstige"
108159,5,3,15,0,2019,Mai,6,Samstag,Unfall mit Leichtverletzten,Zusammenstoß mit seitlich in gleicher Richtung fahrendem Fahrzeug,Unfall im Längsverkehr,Tageslicht,0,1,0,0,1,0,"358960,8081","5640906,636",6.994138626,50.90256915,trocken,,"PKW, Gkfz"