OBJECTID,ULAND,UREGBEZ,UKREIS,UGEMEINDE,UJAHR,UMONAT,USTUNDE,UWOCHENTAG,UKATEGORIE,UART,UTYP1,ULICHTVERH,IstRad,IstPKW,IstFuss,IstKrad,IstGkfz,IstSonstige,LINREFX,LINREFY,XGCSWGS84,YGCSWGS84,USTRZUSTAND,UIDENTSTLAE,Participants
108165,5,3,15,0,2019,Mai,15,Freitag,Unfall mit Leichtverletzten,Zusammenstoß mit vorausfahrendem / wartendem Fahrzeug,Abbiegeunfall,Tageslicht,0,1,0,0,0,0,"361027,8321","5647755,364",7.020905408,50.96462154,trocken,,PKW
108212,5,3,15,0,2019,Mai,8,Freitag,Unfall mit Leichtverletzten,Zusammenstoß mit einbiegendem / kreuzendem Fahrzeug,Unfall im Längsverkehr,Tageslicht,0,1,0,0,1,0,"361270,3336","5646141,312",7.0249719,50.95017415,trocken,,"PKW, Gkfz"
108214,5,3,15,0,2019,Mai,23,Samstag,Unfall mit Leichtverletzten,Zusammenstoß mit einbiegendem / kreuzendem Fahrzeug,Einbiegen / Kreuzen-Unfall,Dunkelheit,1,0,0,0,0,1,"355478,2675","5651030,889",6.940625668,50.99269239,trocken,,"Rad, Sonstige"
108255,5,3,15,0,2019,Mai,11,Sonntag,Unfall mit Leichtverletzten,Zusammenstoß zwischen Fahrzeug und Fußgänger,Sonstiger Unfall,Tageslicht,0,1,1,0,0,0,"362696,2742","5645190,01",7.045618297,50.94196591,trocken,,"Fuss, PKW"
108259,5,3,15,0,2019,Mai,10,Sonntag,Unfall mit Leichtverletzten,Zusammenstoß mit anfahrendem/ anhaltendem/ruhendem Fahrzeug,Sonstiger Unfall,Tageslicht,0,1,0,1,0,0,"357615,3077","5645096,867",6.973379721,50.9398965,trocken,,"Krad, PKW"
108260,5,3,15,0,2019,Mai,22,Sonntag,Unfall mit Leichtverletzten,Zusammenstoß mit anfahrendem/ anhaltendem/ruhendem Fahrzeug,Unfall durch ruhenden Verkehr,Dunkelheit,0,1,0,1,0,0,"356308,6119","5647888,112",6.953691924,50.96465682,nass/feucht,,"Krad, PKW"
108262,5,3,15,0,2019,Mai,11,Sonntag,Unfall mit Leichtverletzten,Unfall anderer Art,Fahrunfall,Tageslicht,1,0,0,0,0,0,"353512,1372","5646520,686",6.914445692,50.95166404,trocken,,Rad
108264,5,3,15,0,2019,Mai,23,Sonntag,Unfall mit Schwerverletzten,Unfall anderer Art,Unfall im Längsverkehr,Dunkelheit,1,0,1,0,0,0,"353266,5182","5644009,032",6.911962902,50.92903031,nass/feucht,,"Rad, Fuss"
108267,5,3,15,0,2019,Mai,14,Sonntag,Unfall mit Schwerverletzten,Zusammenstoß mit seitlich in gleicher Richtung fahrendem Fahrzeug,Unfall im Längsverkehr,Tageslicht,1,1,0,0,0,0,"356789,9559","5644708,867",6.961792575,50.93620518,trocken,,"Rad, PKW"
108318,5,3,15,0,2019,Mai,15,Mittwoch,Unfall mit Leichtverletzten,Zusammenstoß mit einbiegendem / kreuzendem Fahrzeug,Einbiegen / Kreuzen-Unfall,Tageslicht,0,1,0,0,0,0,"362658,8651","5639808,942",7.047112179,50.89359522,nass/feucht,,PKW
108319,5,3,15,0,2019,Mai,14,Mittwoch,Unfall mit Schwerverletzten,Zusammenstoß mit einbiegendem / kreuzendem Fahrzeug,Abbiegeunfall,Tageslicht,1,1,0,0,0,0,"365144,623","5637355,031",7.083341857,50.87212612,nass/feucht,,"Rad, PKW"
108320,5,3,15,0,2019,Mai,15,Mittwoch,Unfall mit Leichtverletzten,Abkommen von Fahrbahn nach rechts,Unfall im Längsverkehr,Tageslicht,0,1,0,0,0,0,"362032,573","5645038,713",7.036234392,50.94044772,nass/feucht,,PKW
108321,5,3,15,0,2019,Mai,9,Mittwoch,Unfall mit Leichtverletzten,Unfall anderer Art,Sonstiger Unfall,Tageslicht,0,0,0,0,0,1,"360924,9319","5645943,493",7.020133272,50.94831308,nass/feucht,,Sonstige
108322,5,3,15,0,2019,Mai,7,Mittwoch,Unfall mit Leichtverletzten,Zusammenstoß mit anfahrendem/ anhaltendem/ruhendem Fahrzeug,Unfall im Längsverkehr,Tageslicht,0,1,0,0,0,0,"363404,1304","5649220,581",7.054174721,50.9783583,nass/feucht,,PKW
108323,5,3,15,0,2019,Mai,15,Mittwoch,Unfall mit Leichtverletzten,Zusammenstoß zwischen Fahrzeug und Fußgänger,Überschreiten-Unfall,Tageslicht,0,1,1,0,0,0,"356173,0318","5648730,649",6.951429286,50.9721947,nass/feucht,,"Fuss, PKW"
108324,5,3,15,0,2019,Mai,19,Mittwoch,Unfall mit Leichtverletzten,Zusammenstoß mit einbiegendem / kreuzendem Fahrzeug,Einbiegen / Kreuzen-Unfall,Tageslicht,1,0,0,0,0,0,"356259,1533","5648348,482",6.952806149,50.96878174,nass/feucht,,Rad
108325,5,3,15,0,2019,Mai,15,Mittwoch,Unfall mit Leichtverletzten,Zusammenstoß mit vorausfahrendem / wartendem Fahrzeug,Unfall im Längsverkehr,Tageslicht,0,1,0,0,0,0,"355261,5109","5646674,553",6.939273101,50.95348877,nass/feucht,,PKW
108326,5,3,15,0,2019,Mai,13,Mittwoch,Unfall mit Leichtverletzten,Zusammenstoß mit vorausfahrendem / wartendem Fahrzeug,Abbiegeunfall,Tageslicht,0,1,0,0,0,0,"349217,1447","5649541,787",6.85209086,50.97770481,nass/feucht,,PKW
108327,5,3,15,0,2019,Mai,12,Mittwoch,Unfall mit Schwerverletzten,Zusammenstoß zwischen Fahrzeug und Fußgänger,Überschreiten-Unfall,Tageslicht,0,1,1,0,0,0,"354114,3229","5645997,117",6.92322277,50.94711164,nass/feucht,,"Fuss, PKW"
108328,5,3,15,0,2019,Mai,8,Mittwoch,Unfall mit Leichtverletzten,Zusammenstoß mit seitlich in gleicher Richtung fahrendem Fahrzeug,Abbiegeunfall,Tageslicht,0,1,0,0,0,0,"357681,619","5640076,55",6.976281563,50.89479524,nass/feucht,,PKW
108389,5,3,15,0,2019,Mai,10,Mittwoch,Unfall mit Leichtverletzten,Zusammenstoß mit vorausfahrendem / wartendem Fahrzeug,Unfall im Längsverkehr,Tageslicht,0,1,0,0,1,0,"361860,4704","5647452,142",7.032870592,50.96209666,nass/feucht,,"PKW, Gkfz"
108390,5,3,15,0,2019,Mai,8,Mittwoch,Unfall mit Leichtverletzten,Zusammenstoß mit anfahrendem/ anhaltendem/ruhendem Fahrzeug,Unfall im Längsverkehr,Tageslicht,0,1,0,0,1,0,"348549,3805","5643691,608",6.845019229,50.92495869,nass/feucht,,"PKW, Gkfz"
108425,5,3,15,0,2019,Mai,23,Dienstag,Unfall mit Leichtverletzten,Zusammenstoß mit einbiegendem / kreuzendem Fahrzeug,Abbiegeunfall,Dunkelheit,0,1,0,0,0,0,"363800,2065","5641072,456",7.062859963,50.90522136,nass/feucht,,PKW
108426,5,3,15,0,2019,Mai,13,Dienstag,Unfall mit Leichtverletzten,Abkommen von Fahrbahn nach links,Fahrunfall,Tageslicht,0,1,0,1,0,0,"358959,0171","5642276,564",6.993583761,50.91488042,trocken,,"Krad, PKW"
108427,5,3,15,0,2019,Mai,15,Dienstag,Unfall mit Leichtverletzten,Unfall anderer Art,Sonstiger Unfall,Tageslicht,1,0,1,0,0,0,"357038,7348","5644063,272",6.965584123,50.93046499,trocken,,"Rad, Fuss"
108428,5,3,15,0,2019,Mai,18,Dienstag,Unfall mit Leichtverletzten,Unfall anderer Art,Sonstiger Unfall,Tageslicht,1,1,0,0,0,0,"356275,9853","5648218,132",6.953097217,50.9676145,trocken,,"Rad, PKW"
108429,5,3,15,0,2019,Mai,8,Dienstag,Unfall mit Leichtverletzten,Zusammenstoß mit einbiegendem / kreuzendem Fahrzeug,Einbiegen / Kreuzen-Unfall,Tageslicht,1,1,0,0,0,0,"353789,8177","5646227,724",6.918513892,50.94910181,trocken,,"Rad, PKW"
108430,5,3,15,0,2019,Mai,6,Dienstag,Unfall mit Leichtverletzten,Zusammenstoß mit vorausfahrendem / wartendem Fahrzeug,Abbiegeunfall,Tageslicht,0,1,0,0,0,0,"349351,755","5643147,03",6.85665256,50.92027501,trocken,,PKW
108431,5,3,15,0,2019,Mai,13,Dienstag,Unfall mit Leichtverletzten,Unfall anderer Art,Abbiegeunfall,Tageslicht,0,1,1,0,0,0,"354308,471","5642506,9",6.927379722,50.91579516,trocken,,"Fuss, PKW"
108432,5,3,15,0,2019,Mai,19,Dienstag,Unfall mit Leichtverletzten,Zusammenstoß mit einbiegendem / kreuzendem Fahrzeug,Einbiegen / Kreuzen-Unfall,Tageslicht,0,1,0,0,0,0,"354736,7236","5644685,201",6.932600001,50.93547898,trocken,,PKW
108433,5,3,15,0,2019,Mai,16,Dienstag,Unfall mit Leichtverletzten,Zusammenstoß mit vorausfahrendem / wartendem Fahrzeug,Unfall im Längsverkehr,Tageslicht,0,1,0,1,0,0,"357136,3508","5646229,145",6.966122974,50.94995372,trocken,,"Krad, PKW"
108481,5,3,15,0,2019,Mai,8,Donnerstag,Unfall mit Leichtverletzten,Unfall anderer Art,Sonstiger Unfall,Tageslicht,1,0,0,0,0,0,"357386,2408","5644121,54",6.970503202,50.93107467,trocken,,Rad
108483,5,3,15,0,2019,Mai,18,Donnerstag,Unfall mit Leichtverletzten,Zusammenstoß zwischen Fahrzeug und Fußgänger,Überschreiten-Unfall,Tageslicht,1,0,1,0,0,0,"356319,6035","5647779,545",6.953891225,50.96368389,trocken,,"Rad, Fuss"
108484,5,3,15,0,2019,Mai,8,Donnerstag,Unfall mit Leichtverletzten,Zusammenstoß mit einbiegendem / kreuzendem Fahrzeug,Einbiegen / Kreuzen-Unfall,Tageslicht,1,0,0,0,0,0,"352475,7156","5644949,233",6.900337163,50.93727778,trocken,,Rad
108487,5,3,15,0,2019,Mai,14,Donnerstag,Unfall mit Schwerverletzten,Zusammenstoß mit vorausfahrendem / wartendem Fahrzeug,Abbiegeunfall,Tageslicht,0,1,0,0,0,0,"351280,8808","5645035,483",6.883308642,50.93774596,trocken,,PKW
108489,5,3,15,0,2019,Mai,13,Donnerstag,Unfall mit Leichtverletzten,Zusammenstoß mit seitlich in gleicher Richtung fahrendem Fahrzeug,Abbiegeunfall,Tageslicht,1,1,0,0,0,0,"353045,8268","5644915,117",6.908459329,50.93711676,trocken,,"Rad, PKW"
108493,5,3,15,0,2019,Mai,16,Donnerstag,Unfall mit Leichtverletzten,Unfall anderer Art,Einbiegen / Kreuzen-Unfall,Tageslicht,1,1,0,0,0,0,"353992,4388","5644849,367",6.921948924,50.93676633,trocken,,"Rad, PKW"
108494,5,3,15,0,2019,Mai,19,Donnerstag,Unfall mit Leichtverletzten,Zusammenstoß mit einbiegendem / kreuzendem Fahrzeug,Einbiegen / Kreuzen-Unfall,Tageslicht,1,1,0,0,0,0,"353904,5725","5636102,758",6.924198227,50.85814056,trocken,,"Rad, PKW"
108497,5,3,15,0,2019,Mai,16,Donnerstag,Unfall mit Leichtverletzten,Zusammenstoß mit seitlich in gleicher Richtung fahrendem Fahrzeug,Unfall im Längsverkehr,Tageslicht,0,1,0,1,0,0,"355350,964","5643980,958",6.941615372,50.92930448,trocken,,"Krad, PKW"
108509,5,3,15,0,2019,Mai,15,Dienstag,Unfall mit Leichtverletzten,Zusammenstoß mit seitlich in gleicher Richtung fahrendem Fahrzeug,Fahrunfall,Tageslicht,0,1,0,0,1,0,"361682,4568","5648241,068",7.030037283,50.96914422,trocken,,"PKW, Gkfz"
108552,5,3,15,0,2019,Mai,18,Montag,Unfall mit Leichtverletzten,Unfall anderer Art,Sonstiger Unfall,Tageslicht,0,1,0,0,0,1,"360028,1384","5644903,98",7.007774255,50.93875376,trocken,,"PKW, Sonstige"
108554,5,3,15,0,2019,Mai,14,Montag,Unfall mit Leichtverletzten,Zusammenstoß mit einbiegendem / kreuzendem Fahrzeug,Abbiegeunfall,Tageslicht,0,1,0,0,0,0,"349077,092","5649619,23",6.850065153,50.97836404,trocken,,PKW
108555,5,3,15,0,2019,Mai,15,Montag,Unfall mit Leichtverletzten,Zusammenstoß mit einbiegendem / kreuzendem Fahrzeug,Abbiegeunfall,Tageslicht,1,1,0,0,0,0,"353924,7292","5646746,209",6.920225149,50.95379546,trocken,,"Rad, PKW"
108557,5,3,15,0,2019,Mai,3,Montag,Unfall mit Leichtverletzten,Zusammenstoß mit anfahrendem/ anhaltendem/ruhendem Fahrzeug,Sonstiger Unfall,Dunkelheit,1,1,0,0,0,0,"354226,0334","5641965,054",6.926424257,50.91090492,nass/feucht,,"Rad, PKW"
108636,5,3,15,0,2019,Mai,8,Donnerstag,Unfall mit Schwerverletzten,Zusammenstoß mit seitlich in gleicher Richtung fahrendem Fahrzeug,Unfall im Längsverkehr,Tageslicht,0,1,0,0,1,0,"365813,1653","5646122,598",7.089613831,50.95108146,trocken,,"PKW, Gkfz"
108713,5,3,15,0,2019,Mai,17,Sonntag,Unfall mit Leichtverletzten,Zusammenstoß mit vorausfahrendem / wartendem Fahrzeug,Unfall im Längsverkehr,Tageslicht,0,1,0,0,0,0,"350341,5775","5650852,867",6.867556629,50.98977989,trocken,,PKW
108750,5,3,15,0,2019,Mai,22,Samstag,Unfall mit Leichtverletzten,Zusammenstoß mit einbiegendem / kreuzendem Fahrzeug,Einbiegen / Kreuzen-Unfall,Dunkelheit,0,1,0,0,0,0,"363833,1627","5641042,62",7.063339535,50.90496098,trocken,,PKW
108751,5,3,15,0,2019,Mai,15,Samstag,Unfall mit Schwerverletzten,Abkommen von Fahrbahn nach rechts,Fahrunfall,Tageslicht,1,0,0,0,0,0,"366596,3899","5642576,85",7.102055894,50.9193953,trocken,,Rad
108752,5,3,15,0,2019,Mai,13,Samstag,Unfall mit Leichtverletzten,Zusammenstoß mit seitlich in gleicher Richtung fahrendem Fahrzeug,Sonstiger Unfall,Tageslicht,0,1,0,0,0,1,"363617,205","5641286,725",7.060178706,50.90710389,trocken,,"PKW, Sonstige"
108753,5,3,15,0,2019,Mai,11,Samstag,Unfall mit Leichtverletzten,Zusammenstoß mit einbiegendem / kreuzendem Fahrzeug,Einbiegen / Kreuzen-Unfall,Tageslicht,0,1,0,1,0,0,"361595,823","5644071,78",7.030389073,50.93165296,trocken,,"Krad, PKW"
108754,5,3,15,0,2019,Mai,20,Samstag,Unfall mit Schwerverletzten,Zusammenstoß zwischen Fahrzeug und Fußgänger,Überschreiten-Unfall,Tageslicht,0,0,1,1,0,0,"351533,803","5644413,405",6.88715925,50.93222084,trocken,,"Fuss, Krad"
108755,5,3,15,0,2019,Mai,22,Samstag,Unfall mit Leichtverletzten,Unfall anderer Art,Fahrunfall,Dunkelheit,1,0,0,0,0,0,"355441,4038","5643902,578",6.942932543,50.92862277,trocken,,Rad
108819,5,3,15,0,2019,Mai,21,Samstag,Unfall mit Leichtverletzten,Abkommen von Fahrbahn nach links,Fahrunfall,Tageslicht,0,1,0,0,0,0,"362748,2667","5641396,121",7.047785992,50.90788114,trocken,,PKW
108820,5,3,15,0,2019,Mai,18,Samstag,Unfall mit Leichtverletzten,Zusammenstoß mit vorausfahrendem / wartendem Fahrzeug,Unfall im Längsverkehr,Tageslicht,0,1,0,0,0,0,"351248,1945","5651262,005",6.880297746,50.99369156,trocken,,PKW
108879,5,3,15,0,2019,Mai,16,Freitag,Unfall mit Leichtverletzten,Zusammenstoß mit einbiegendem / kreuzendem Fahrzeug,Abbiegeunfall,Tageslicht,0,1,0,0,0,0,"361450,23","5645301,887",7.02785073,50.9426733,trocken,,PKW
108881,5,3,15,0,2019,Mai,17,Freitag,Unfall mit Leichtverletzten,Zusammenstoß mit vorausfahrendem / wartendem Fahrzeug,Abbiegeunfall,Tageslicht,0,1,0,0,0,0,"365901,9244","5645749,519",7.091014124,50.94774904,trocken,,PKW
108883,5,3,15,0,2019,Mai,18,Montag,Unfall mit Leichtverletzten,Zusammenstoß mit vorausfahrendem / wartendem Fahrzeug,Unfall im Längsverkehr,Tageslicht,0,1,0,0,0,0,"365346,5166","5635721,805",7.086810677,50.85749426,trocken,,PKW
108884,5,3,15,0,2019,Mai,2,Freitag,Unfall mit Schwerverletzten,Zusammenstoß zwischen Fahrzeug und Fußgänger,Fahrunfall,Dunkelheit,0,1,1,0,0,0,"360622,9672","5646337,467",7.01568646,50.95178086,trocken,,"Fuss, PKW"
108885,5,3,15,0,2019,Mai,13,Montag,Unfall mit Schwerverletzten,Zusammenstoß mit einbiegendem / kreuzendem Fahrzeug,Einbiegen / Kreuzen-Unfall,Tageslicht,1,0,0,0,0,0,"365472,4636","5645032,335",7.085168976,50.94120325,trocken,,Rad
108886,5,3,15,0,2019,Mai,14,Freitag,Unfall mit Leichtverletzten,Zusammenstoß mit seitlich in gleicher Richtung fahrendem Fahrzeug,Unfall im Längsverkehr,Tageslicht,1,1,0,0,0,0,"363069,4399","5650186,125",7.04904617,50.98695645,trocken,,"Rad, PKW"
108887,5,3,15,0,2019,Mai,14,Montag,Unfall mit Leichtverletzten,Zusammenstoß mit seitlich in gleicher Richtung fahrendem Fahrzeug,Unfall im Längsverkehr,Tageslicht,1,1,0,0,0,0,"356504,3258","5646779,242",6.956914436,50.95474036,trocken,,"Rad, PKW"
108888,5,3,15,0,2019,Mai,16,Freitag,Unfall mit Leichtverletzten,Zusammenstoß mit vorausfahrendem / wartendem Fahrzeug,Unfall im Längsverkehr,Tageslicht,0,1,0,0,0,0,"357999,2368","5648536,216",6.977498949,50.97090048,trocken,,PKW
108889,5,3,15,0,2019,Mai,5,Montag,Unfall mit Schwerverletzten,Zusammenstoß mit einbiegendem / kreuzendem Fahrzeug,Einbiegen / Kreuzen-Unfall,Tageslicht,1,1,0,0,0,0,"354338,559","5645501,8",6.926610772,50.94271708,trocken,,"Rad, PKW"
108890,5,3,15,0,2019,Mai,17,Freitag,Unfall mit Leichtverletzten,Zusammenstoß zwischen Fahrzeug und Fußgänger,Überschreiten-Unfall,Tageslicht,0,1,1,0,0,0,"353411,3868","5651905,278",6.910841322,51.00002739,trocken,,"Fuss, PKW"
108891,5,3,15,0,2019,Mai,20,Montag,Unfall mit Leichtverletzten,Unfall anderer Art,Fahrunfall,Tageslicht,1,0,0,0,0,0,"354507,2376","5645736,431",6.928916394,50.94486823,trocken,,Rad
108892,5,3,15,0,2019,Mai,17,Freitag,Unfall mit Leichtverletzten,Zusammenstoß mit vorausfahrendem / wartendem Fahrzeug,Unfall im Längsverkehr,Tageslicht,0,1,0,0,0,0,"347521,3745","5647169,168",6.828947503,50.95593773,trocken,,PKW
108893,5,3,15,0,2019,Mai,18,Freitag,Unfall mit Leichtverletzten,Zusammenstoß mit vorausfahrendem / wartendem Fahrzeug,Unfall im Längsverkehr,Tageslicht,0,1,0,0,0,0,"351738,756","5643568,261",6.890417554,50.92467867,trocken,,PKW
108895,5,3,15,0,2019,Mai,16,Freitag,Unfall mit Leichtverletzten,Zusammenstoß zwischen Fahrzeug und Fußgänger,Überschreiten-Unfall,Tageslicht,1,0,1,0,0,0,"356061,927","5646110,899",6.950884114,50.94862377,trocken,,"Rad, Fuss"
108978,5,3,15,0,2019,Mai,15,Montag,Unfall mit Schwerverletzten,Abkommen von Fahrbahn nach rechts,Sonstiger Unfall,Tageslicht,0,1,0,0,0,0,"348661,5809","5644032,984",6.846472818,50.92805582,trocken,,PKW
108996,5,3,15,0,2019,Mai,11,Freitag,Unfall mit Leichtverletzten,Zusammenstoß mit vorausfahrendem / wartendem Fahrzeug,Fahrunfall,Tageslicht,0,1,0,1,0,0,"365953,1747","5638765,07",7.094309735,50.88498723,trocken,,"Krad, PKW"
109001,5,3,15,0,2019,Mai,13,Freitag,Unfall mit Leichtverletzten,Zusammenstoß mit seitlich in gleicher Richtung fahrendem Fahrzeug,Unfall im Längsverkehr,Tageslicht,0,1,0,0,0,0,"352464,1066","5650984,269",6.897724684,50.99150868,trocken,,PKW
109032,5,3,15,0,2019,Mai,16,Sonntag,Unfall mit Leichtverletzten,Zusammenstoß mit einbiegendem / kreuzendem Fahrzeug,Einbiegen / Kreuzen-Unfall,Tageslicht,1,1,0,0,0,0,"362753,1687","5643838,982",7.046936484,50.92983727,trocken,,"Rad, PKW"
109096,5,3,15,0,2019,Mai,17,Mittwoch,Unfall mit Leichtverletzten,Zusammenstoß mit seitlich in gleicher Richtung fahrendem Fahrzeug,Unfall im Längsverkehr,Tageslicht,1,1,0,0,0,0,"357424,5414","5644340,243",6.970962331,50.93304962,nass/feucht,,"Rad, PKW"
109097,5,3,15,0,2019,Mai,13,Mittwoch,Unfall mit Leichtverletzten,Zusammenstoß mit anfahrendem/ anhaltendem/ruhendem Fahrzeug,Unfall im Längsverkehr,Tageslicht,0,1,0,0,0,0,"359315,3788","5647721,779",6.996547295,50.96390408,nass/feucht,,PKW
109098,5,3,15,0,2019,Mai,9,Mittwoch,Unfall mit Schwerverletzten,Unfall anderer Art,Unfall im Längsverkehr,Tageslicht,0,0,0,1,0,1,"358478,6387","5636973,101",6.988808933,50.86709998,trocken,,"Krad, Sonstige"
109099,5,3,15,0,2019,Mai,17,Mittwoch,Unfall mit Leichtverletzten,Zusammenstoß mit vorausfahrendem / wartendem Fahrzeug,Unfall im Längsverkehr,Tageslicht,0,1,0,0,0,0,"353835,2618","5635963,313",6.923269798,50.85686988,trocken,,PKW
109100,5,3,15,0,2019,Mai,14,Mittwoch,Unfall mit Leichtverletzten,Zusammenstoß mit vorausfahrendem / wartendem Fahrzeug,Unfall im Längsverkehr,Tageslicht,0,1,0,0,0,0,"352809,0306","5641844,877",6.906330751,50.90946532,trocken,,PKW
109101,5,3,15,0,2019,Mai,13,Mittwoch,Unfall mit Leichtverletzten,Zusammenstoß mit einbiegendem / kreuzendem Fahrzeug,Einbiegen / Kreuzen-Unfall,Tageslicht,1,1,0,0,0,0,"356828,856","5643849,582",6.962683378,50.92849252,trocken,,"Rad, PKW"
109169,5,3,15,0,2019,Mai,21,Freitag,Unfall mit Leichtverletzten,Zusammenstoß zwischen Fahrzeug und Fußgänger,Überschreiten-Unfall,Tageslicht,0,1,1,0,0,0,"360884,0209","5644279,31",7.02018675,50.93334683,trocken,,"Fuss, PKW"
109171,5,3,15,0,2019,Mai,15,Freitag,Unfall mit Leichtverletzten,Zusammenstoß mit anfahrendem/ anhaltendem/ruhendem Fahrzeug,Unfall durch ruhenden Verkehr,Tageslicht,1,1,0,0,0,0,"364169,7519","5651926,07",7.064062778,51.00285467,nass/feucht,,"Rad, PKW"
109173,5,3,15,0,2019,Mai,16,Freitag,Unfall mit Leichtverletzten,Unfall anderer Art,Fahrunfall,Tageslicht,1,0,0,0,0,0,"357185,3297","5650448,084",6.965163201,50.98788094,trocken,,Rad
109175,5,3,15,0,2019,Mai,17,Freitag,Unfall mit Leichtverletzten,Zusammenstoß mit einbiegendem / kreuzendem Fahrzeug,Sonstiger Unfall,Tageslicht,1,1,0,0,0,0,"347147,3328","5645232,369",6.824438766,50.93843439,trocken,,"Rad, PKW"
109176,5,3,15,0,2019,Mai,18,Freitag,Unfall mit Leichtverletzten,Zusammenstoß mit vorausfahrendem / wartendem Fahrzeug,Abbiegeunfall,Tageslicht,0,1,0,0,0,0,"356869,075","5644432,313",6.963026481,50.93373946,trocken,,PKW
109311,5,3,15,0,2019,Mai,17,Dienstag,Unfall mit Leichtverletzten,Zusammenstoß mit seitlich in gleicher Richtung fahrendem Fahrzeug,Unfall im Längsverkehr,Tageslicht,0,1,0,0,1,0,"362959,104","5642587,891",7.050335383,50.91864218,trocken,,"PKW, Gkfz"
109314,5,3,15,0,2019,Mai,14,Dienstag,Unfall mit Schwerverletzten,Zusammenstoß mit entgegenkommendem Fahrzeug,Sonstiger Unfall,Tageslicht,0,1,0,0,0,0,"366608,3473","5639044,391",7.103516637,50.88764933,trocken,,PKW
109316,5,3,15,0,2019,Mai,17,Dienstag,Unfall mit Leichtverletzten,Unfall anderer Art,Sonstiger Unfall,Tageslicht,1,0,0,0,0,0,"362822,4646","5642860,415",7.048290136,50.92105899,trocken,,Rad
109318,5,3,15,0,2019,Mai,12,Dienstag,Unfall mit Schwerverletzten,Zusammenstoß mit anfahrendem/ anhaltendem/ruhendem Fahrzeug,Unfall im Längsverkehr,Tageslicht,0,1,0,0,0,0,"365706,7197","5645725,08",7.088245904,50.94748396,trocken,,PKW
109319,5,3,15,0,2019,Mai,8,Dienstag,Unfall mit Leichtverletzten,Unfall anderer Art,Fahrunfall,Tageslicht,0,0,0,1,0,0,"359037,3227","5645997,986",6.993257761,50.94834431,nass/feucht,,Krad
109320,5,3,15,0,2019,Mai,14,Donnerstag,Unfall mit Leichtverletzten,Zusammenstoß mit vorausfahrendem / wartendem Fahrzeug,Abbiegeunfall,Tageslicht,0,1,0,1,0,1,"361595,823","5644071,78",7.030389073,50.93165296,trocken,,"Krad, PKW, Sonstige"
109321,5,3,15,0,2019,Mai,7,Donnerstag,Unfall mit Leichtverletzten,Zusammenstoß mit anfahrendem/ anhaltendem/ruhendem Fahrzeug,Unfall im Längsverkehr,Tageslicht,0,1,0,0,0,0,"360963,9058","5645048,933",7.021029233,50.94028287,trocken,,PKW
109322,5,3,15,0,2019,Mai,18,Dienstag,Unfall mit Leichtverletzten,Unfall anderer Art,Unfall durch ruhenden Verkehr,Tageslicht,1,1,0,0,0,0,"353518,9138","5646129,382",6.914699524,50.94814926,trocken,,"Rad, PKW"
109323,5,3,15,0,2019,Mai,9,Donnerstag,Unfall mit Leichtverletzten,Zusammenstoß mit vorausfahrendem / wartendem Fahrzeug,Unfall im Längsverkehr,Tageslicht,0,1,0,0,0,0,"358769,9724","5644264,889",6.990126141,50.93270344,trocken,,PKW
109324,5,3,15,0,2019,Mai,21,Dienstag,Unfall mit Leichtverletzten,Zusammenstoß mit anfahrendem/ anhaltendem/ruhendem Fahrzeug,Unfall im Längsverkehr,Tageslicht,0,1,0,0,0,0,"354495,4926","5642734,844",6.929947533,50.91789082,trocken,,PKW
109325,5,3,15,0,2019,Mai,14,Donnerstag,Unfall mit Leichtverletzten,Zusammenstoß mit vorausfahrendem / wartendem Fahrzeug,Unfall im Längsverkehr,Tageslicht,0,1,0,0,0,0,"357883,0932","5646648,205",6.976583274,50.95390439,trocken,,PKW
109326,5,3,15,0,2019,Mai,23,Donnerstag,Unfall mit Leichtverletzten,Zusammenstoß mit einbiegendem / kreuzendem Fahrzeug,Einbiegen / Kreuzen-Unfall,Dunkelheit,0,1,0,0,0,0,"361955,8209","5648027,42",7.034009254,50.96728968,trocken,,PKW
109327,5,3,15,0,2019,Mai,16,Donnerstag,Unfall mit Leichtverletzten,Zusammenstoß mit entgegenkommendem Fahrzeug,Unfall im Längsverkehr,Tageslicht,1,0,0,0,0,0,"359972,8799","5647808,905",7.005870981,50.96484727,trocken,,Rad
109328,5,3,15,0,2019,Mai,7,Dienstag,Unfall mit Leichtverletzten,Unfall anderer Art,Fahrunfall,Tageslicht,0,0,0,1,0,0,"352525,464","5643730,481",6.901537821,50.92633811,nass/feucht,,Krad
109329,5,3,15,0,2019,Mai,7,Dienstag,Unfall mit Leichtverletzten,Zusammenstoß mit anfahrendem/ anhaltendem/ruhendem Fahrzeug,Unfall im Längsverkehr,Tageslicht,0,1,0,1,0,0,"356993,8056","5645940,231",6.964208465,50.94732193,nass/feucht,,"Krad, PKW"
109330,5,3,15,0,2019,Mai,8,Donnerstag,Unfall mit Schwerverletzten,Zusammenstoß mit seitlich in gleicher Richtung fahrendem Fahrzeug,Sonstiger Unfall,Tageslicht,0,1,0,0,0,1,"357439,867","5644257,259",6.971212748,50.93230763,trocken,,"PKW, Sonstige"
109331,5,3,15,0,2019,Mai,17,Donnerstag,Unfall mit Leichtverletzten,Zusammenstoß zwischen Fahrzeug und Fußgänger,Sonstiger Unfall,Tageslicht,1,0,1,0,0,0,"353667,634","5646352,735",6.916725443,50.95019423,trocken,,"Rad, Fuss"
109333,5,3,15,0,2019,Mai,9,Donnerstag,Unfall mit Leichtverletzten,Zusammenstoß mit vorausfahrendem / wartendem Fahrzeug,Unfall im Längsverkehr,Tageslicht,0,1,0,0,0,0,"355547,5792","5641231,038",6.945500238,50.90464066,trocken,,PKW