OBJECTID,ULAND,UREGBEZ,UKREIS,UGEMEINDE,UJAHR,UMONAT,USTUNDE,UWOCHENTAG,UKATEGORIE,UART,UTYP1,ULICHTVERH,IstRad,IstPKW,IstFuss,IstKrad,IstGkfz,IstSonstige,LINREFX,LINREFY,XGCSWGS84,YGCSWGS84,USTRZUSTAND,UIDENTSTLAE,Participants
109335,5,3,15,0,2019,Mai,10,Donnerstag,Unfall mit Leichtverletzten,Zusammenstoß mit anfahrendem/ anhaltendem/ruhendem Fahrzeug,Unfall durch ruhenden Verkehr,Tageslicht,1,1,0,0,0,0,"355326,9175","5644084,846",6.941232191,50.93023206,trocken,,"Rad, PKW"
109463,5,3,15,0,2019,Mai,16,Dienstag,Unfall mit Leichtverletzten,Zusammenstoß mit vorausfahrendem / wartendem Fahrzeug,Unfall im Längsverkehr,Tageslicht,0,1,0,0,0,0,"351144,091","5652749,257",6.8782056,51.00702958,trocken,,PKW
109474,5,3,15,0,2019,Mai,17,Donnerstag,Unfall mit Leichtverletzten,Zusammenstoß mit vorausfahrendem / wartendem Fahrzeug,Unfall im Längsverkehr,Tageslicht,0,1,0,0,0,0,"360391,194","5655748,074",7.00877143,51.03629867,trocken,,PKW
109476,5,3,15,0,2019,Mai,16,Donnerstag,Unfall mit Leichtverletzten,Zusammenstoß mit vorausfahrendem / wartendem Fahrzeug,Unfall im Längsverkehr,Tageslicht,0,1,0,0,0,0,"360692,4459","5650003,061",7.015271064,50.98474091,trocken,,PKW
109478,5,3,15,0,2019,Mai,13,Donnerstag,Unfall mit Schwerverletzten,Zusammenstoß mit vorausfahrendem / wartendem Fahrzeug,Unfall im Längsverkehr,Tageslicht,0,1,0,1,0,0,"363358,4761","5643670,532",7.055608016,50.92846705,trocken,,"Krad, PKW"
109479,5,3,15,0,2019,Mai,9,Donnerstag,Unfall mit Schwerverletzten,Zusammenstoß mit vorausfahrendem / wartendem Fahrzeug,Unfall im Längsverkehr,Tageslicht,0,1,0,0,1,0,"366291,1665","5642322,352",7.0978093,50.91703732,trocken,,"PKW, Gkfz"
109480,5,3,15,0,2019,Mai,17,Donnerstag,Unfall mit Leichtverletzten,Zusammenstoß mit vorausfahrendem / wartendem Fahrzeug,Unfall im Längsverkehr,Tageslicht,0,1,0,0,0,0,"349953,4493","5654101,171",6.86068767,51.01886883,trocken,,PKW
109483,5,3,15,0,2019,Mai,17,Donnerstag,Unfall mit Leichtverletzten,Zusammenstoß mit vorausfahrendem / wartendem Fahrzeug,Unfall im Längsverkehr,Tageslicht,0,1,0,0,0,0,"350017,09","5654035,133",6.861621669,51.01829201,trocken,,PKW
109567,5,3,15,0,2019,Juni,13,Montag,Unfall mit Schwerverletzten,Zusammenstoß mit vorausfahrendem / wartendem Fahrzeug,Unfall im Längsverkehr,Tageslicht,0,1,0,0,0,0,"363116,9443","5646328,802",7.051174354,50.95230069,trocken,,PKW
109569,5,3,15,0,2019,Juni,17,Montag,Unfall mit Schwerverletzten,Abkommen von Fahrbahn nach links,Fahrunfall,Tageslicht,0,0,0,1,0,0,"348795,6232","5644946,674",6.847999746,50.93630163,trocken,,Krad
109571,5,3,15,0,2019,Juni,14,Montag,Unfall mit Schwerverletzten,Zusammenstoß mit vorausfahrendem / wartendem Fahrzeug,Unfall im Längsverkehr,Tageslicht,0,1,0,0,0,0,"349971,4993","5654082,427",6.860952582,51.01870511,trocken,,PKW
109639,5,3,15,0,2019,Juni,9,Dienstag,Unfall mit Leichtverletzten,Zusammenstoß zwischen Fahrzeug und Fußgänger,Sonstiger Unfall,Tageslicht,0,1,1,0,0,0,"357921,7504","5644714,92",6.977887479,50.93653954,trocken,,"Fuss, PKW"
109640,5,3,15,0,2019,Juni,19,Dienstag,Unfall mit Leichtverletzten,Zusammenstoß mit einbiegendem / kreuzendem Fahrzeug,Einbiegen / Kreuzen-Unfall,Tageslicht,1,1,0,0,0,0,"357556,4046","5645068,137",6.972553123,50.93962376,trocken,,"Rad, PKW"
109642,5,3,15,0,2019,Juni,9,Sonntag,Unfall mit Leichtverletzten,Abkommen von Fahrbahn nach rechts,Fahrunfall,Tageslicht,0,1,0,0,0,0,"365302,1014","5635709,216",7.086184624,50.85737077,trocken,,PKW
109643,5,3,15,0,2019,Juni,14,Sonntag,Unfall mit Leichtverletzten,Zusammenstoß zwischen Fahrzeug und Fußgänger,Unfall im Längsverkehr,Tageslicht,1,0,1,0,0,0,"359330,1553","5647724,624",6.996756485,50.96393325,trocken,,"Rad, Fuss"
109644,5,3,15,0,2019,Juni,9,Dienstag,Unfall mit Leichtverletzten,Zusammenstoß mit vorausfahrendem / wartendem Fahrzeug,Unfall im Längsverkehr,Tageslicht,0,0,0,1,0,1,"359329,4626","5647724,983",6.996746488,50.96393632,nass/feucht,,"Krad, Sonstige"
109645,5,3,15,0,2019,Juni,12,Sonntag,Unfall mit Leichtverletzten,Zusammenstoß zwischen Fahrzeug und Fußgänger,Sonstiger Unfall,Tageslicht,0,1,1,0,0,0,"359961,1009","5647411,918",7.005856144,50.96127665,trocken,,"Fuss, PKW"
109646,5,3,15,0,2019,Juni,18,Dienstag,Unfall mit Leichtverletzten,Zusammenstoß mit anfahrendem/ anhaltendem/ruhendem Fahrzeug,Unfall im Längsverkehr,Tageslicht,0,1,0,0,0,0,"357613,993","5644278,387",6.97368084,50.93254052,trocken,,PKW
109647,5,3,15,0,2019,Juni,18,Sonntag,Unfall mit Leichtverletzten,Zusammenstoß mit vorausfahrendem / wartendem Fahrzeug,Unfall im Längsverkehr,Tageslicht,0,1,0,0,0,0,"354191,852","5644842,442",6.924787849,50.93675455,trocken,,PKW
109648,5,3,15,0,2019,Juni,15,Dienstag,Unfall mit Leichtverletzten,Zusammenstoß mit einbiegendem / kreuzendem Fahrzeug,Einbiegen / Kreuzen-Unfall,Tageslicht,1,1,0,0,0,0,"349053,8393","5643061,957",6.852452351,50.91943267,trocken,,"Rad, PKW"
109649,5,3,15,0,2019,Juni,16,Sonntag,Unfall mit Leichtverletzten,Zusammenstoß mit seitlich in gleicher Richtung fahrendem Fahrzeug,Unfall im Längsverkehr,Tageslicht,1,0,0,0,0,0,"354651,5111","5637931,938",6.934077024,50.87476736,trocken,,Rad
109650,5,3,15,0,2019,Juni,13,Sonntag,Unfall mit Leichtverletzten,Zusammenstoß mit einbiegendem / kreuzendem Fahrzeug,Abbiegeunfall,Tageslicht,0,1,0,0,0,0,"354142,583","5636517,79",6.927412236,50.86193046,trocken,,PKW
109651,5,3,15,0,2019,Juni,11,Dienstag,Unfall mit Schwerverletzten,Zusammenstoß mit einbiegendem / kreuzendem Fahrzeug,Einbiegen / Kreuzen-Unfall,Tageslicht,0,1,0,0,0,1,"353379,792","5645784,628",6.912859191,50.94501573,trocken,,"PKW, Sonstige"
109652,5,3,15,0,2019,Juni,11,Sonntag,Unfall mit Leichtverletzten,Zusammenstoß mit vorausfahrendem / wartendem Fahrzeug,Sonstiger Unfall,Tageslicht,0,1,0,1,0,0,"356687,4544","5644622,802",6.96036858,50.93540626,trocken,,"Krad, PKW"
109653,5,3,15,0,2019,Juni,8,Dienstag,Unfall mit Leichtverletzten,Zusammenstoß mit anfahrendem/ anhaltendem/ruhendem Fahrzeug,Unfall im Längsverkehr,Tageslicht,0,1,0,0,1,0,"350429,0639","5648617,648",6.869722025,50.96971627,nass/feucht,,"PKW, Gkfz"
109655,5,3,15,0,2019,Juni,7,Dienstag,Unfall mit Leichtverletzten,Zusammenstoß mit anfahrendem/ anhaltendem/ruhendem Fahrzeug,Unfall im Längsverkehr,Tageslicht,0,1,0,0,0,0,"354990,3196","5646355,384",6.935541796,50.95055231,nass/feucht,,PKW
109658,5,3,15,0,2019,Juni,13,Dienstag,Unfall mit Leichtverletzten,Zusammenstoß mit vorausfahrendem / wartendem Fahrzeug,Fahrunfall,Tageslicht,0,1,0,0,0,0,"352457,623","5647274,825",6.899137607,50.95817216,trocken,,PKW
109840,5,3,15,0,2019,Juni,9,Dienstag,Unfall mit Schwerverletzten,Zusammenstoß mit vorausfahrendem / wartendem Fahrzeug,Unfall im Längsverkehr,Tageslicht,0,1,0,0,1,0,"357558,4499","5639308,678",6.974830703,50.88786398,trocken,,"PKW, Gkfz"
109860,5,3,15,0,2019,Mai,14,Samstag,Unfall mit Leichtverletzten,Zusammenstoß mit einbiegendem / kreuzendem Fahrzeug,Einbiegen / Kreuzen-Unfall,Tageslicht,1,1,0,0,0,0,"366707,7076","5638213,685",7.105231423,50.88020608,trocken,,"Rad, PKW"
109862,5,3,15,0,2019,Mai,18,Samstag,Unfall mit Leichtverletzten,Zusammenstoß mit entgegenkommendem Fahrzeug,Sonstiger Unfall,Tageslicht,0,1,0,0,0,0,"352714,4942","5649807,389",6.901767,50.98099679,trocken,,PKW
109863,5,3,15,0,2019,Mai,10,Samstag,Unfall mit Leichtverletzten,Zusammenstoß mit seitlich in gleicher Richtung fahrendem Fahrzeug,Unfall im Längsverkehr,Tageslicht,0,1,0,0,0,0,"354171,0232","5644632,492",6.924575629,50.93486253,trocken,,PKW
109865,5,3,15,0,2019,Mai,9,Samstag,Unfall mit Leichtverletzten,Zusammenstoß zwischen Fahrzeug und Fußgänger,Überschreiten-Unfall,Tageslicht,1,0,1,0,0,0,"354858,7028","5643246,333",6.934907688,50.92257892,trocken,,"Rad, Fuss"
109933,5,3,15,0,2019,Juni,15,Montag,Unfall mit Leichtverletzten,Zusammenstoß mit entgegenkommendem Fahrzeug,Sonstiger Unfall,Tageslicht,0,1,0,1,0,0,"363416,8707","5641677,74",7.057184695,50.91057077,trocken,,"Krad, PKW"
109935,5,3,15,0,2019,Juni,13,Montag,Unfall mit Leichtverletzten,Zusammenstoß mit einbiegendem / kreuzendem Fahrzeug,Sonstiger Unfall,Tageslicht,1,1,0,0,0,0,"361486,8068","5644081,252",7.028835061,50.93171191,trocken,,"Rad, PKW"
109939,5,3,15,0,2019,Juni,10,Montag,Unfall mit Schwerverletzten,Zusammenstoß zwischen Fahrzeug und Fußgänger,Überschreiten-Unfall,Tageslicht,0,1,1,0,0,0,"358180,296","5644798,215",6.981532337,50.93735175,trocken,,"Fuss, PKW"
109940,5,3,15,0,2019,Juni,19,Montag,Unfall mit Leichtverletzten,Zusammenstoß mit entgegenkommendem Fahrzeug,Einbiegen / Kreuzen-Unfall,Tageslicht,0,1,0,1,0,0,"360066,771","5648484,676",7.006947243,50.97094331,trocken,,"Krad, PKW"
109942,5,3,15,0,2019,Juni,16,Montag,Unfall mit Getöteten,Abkommen von Fahrbahn nach rechts,Fahrunfall,Tageslicht,0,1,0,1,0,0,"347534,893","5646161,233",6.82956192,50.94688389,trocken,,"Krad, PKW"
109944,5,3,15,0,2019,Juni,17,Montag,Unfall mit Leichtverletzten,Zusammenstoß zwischen Fahrzeug und Fußgänger,Sonstiger Unfall,Tageslicht,0,1,1,0,0,0,"347438,9457","5645583,157",6.828439226,50.94166384,trocken,,"Fuss, PKW"
109946,5,3,15,0,2019,Juni,0,Montag,Unfall mit Schwerverletzten,Zusammenstoß mit seitlich in gleicher Richtung fahrendem Fahrzeug,Abbiegeunfall,Dunkelheit,0,1,0,1,0,0,"354702,2708","5643067,294",6.932754827,50.92093057,trocken,,"Krad, PKW"
109982,5,3,15,0,2019,Mai,14,Samstag,Unfall mit Leichtverletzten,Zusammenstoß mit vorausfahrendem / wartendem Fahrzeug,Unfall im Längsverkehr,Tageslicht,0,1,0,0,0,0,"354422,524","5647537,582",6.92699109,50.96103322,trocken,,PKW
109986,5,3,15,0,2019,Juni,3,Freitag,Unfall mit Leichtverletzten,Zusammenstoß mit seitlich in gleicher Richtung fahrendem Fahrzeug,Fahrunfall,Dunkelheit,0,1,0,0,1,0,"349530,9229","5650289,117",6.856247915,50.98450257,nass/feucht,,"PKW, Gkfz"
109989,5,3,15,0,2019,Juni,17,Freitag,Unfall mit Leichtverletzten,Abkommen von Fahrbahn nach links,Fahrunfall,Tageslicht,0,1,0,0,0,0,"348695,5073","5643828,093",6.847040251,50.92622352,trocken,,PKW
110007,5,3,15,0,2019,Juni,22,Sonntag,Unfall mit Leichtverletzten,Zusammenstoß mit vorausfahrendem / wartendem Fahrzeug,Abbiegeunfall,Dunkelheit,0,1,0,0,0,0,"359572,7494","5646860,884",7.000542271,50.95622994,trocken,,PKW
110008,5,3,15,0,2019,Juni,13,Sonntag,Unfall mit Leichtverletzten,Unfall anderer Art,Unfall durch ruhenden Verkehr,Tageslicht,1,1,0,0,0,0,"353910,2821","5646699,094",6.920038507,50.95336839,trocken,,"Rad, PKW"
110010,5,3,15,0,2019,Juni,14,Sonntag,Unfall mit Leichtverletzten,Zusammenstoß mit anfahrendem/ anhaltendem/ruhendem Fahrzeug,Unfall durch ruhenden Verkehr,Tageslicht,1,1,0,0,0,0,"355456,1154","5645738,557",6.942413444,50.94512602,trocken,,"Rad, PKW"
110012,5,3,15,0,2019,Juni,16,Sonntag,Unfall mit Leichtverletzten,Zusammenstoß mit seitlich in gleicher Richtung fahrendem Fahrzeug,Unfall im Längsverkehr,Tageslicht,0,1,0,1,0,0,"356891,2156","5645620,913",6.962874487,50.94442679,trocken,,"Krad, PKW"
110013,5,3,15,0,2019,Juni,15,Sonntag,Unfall mit Leichtverletzten,Zusammenstoß mit einbiegendem / kreuzendem Fahrzeug,Abbiegeunfall,Tageslicht,1,1,0,0,0,0,"355337,691","5643971,992",6.941430183,50.92922057,trocken,,"Rad, PKW"
110014,5,3,15,0,2019,Juni,23,Sonntag,Unfall mit Leichtverletzten,Zusammenstoß zwischen Fahrzeug und Fußgänger,Unfall im Längsverkehr,Dunkelheit,1,0,1,0,0,0,"355210,3587","5644930,283",6.939238765,50.93780058,trocken,,"Rad, Fuss"
110098,5,3,15,0,2019,Juni,15,Sonntag,Unfall mit Leichtverletzten,Zusammenstoß mit vorausfahrendem / wartendem Fahrzeug,Unfall im Längsverkehr,Tageslicht,0,1,0,0,0,0,"355259,48","5654165,055",6.936260263,51.02080307,trocken,,PKW
110101,5,3,15,0,2019,Juni,11,Donnerstag,Unfall mit Leichtverletzten,Zusammenstoß mit einbiegendem / kreuzendem Fahrzeug,Sonstiger Unfall,Tageslicht,1,1,0,0,0,0,"363831,3806","5641044,234",7.063313601,50.90497507,trocken,,"Rad, PKW"
110104,5,3,15,0,2019,Juni,13,Donnerstag,Unfall mit Leichtverletzten,Zusammenstoß mit einbiegendem / kreuzendem Fahrzeug,Abbiegeunfall,Tageslicht,0,1,0,0,0,0,"364178,6174","5641425,754",7.068107277,50.90848578,trocken,,PKW
110105,5,3,15,0,2019,Juni,14,Donnerstag,Unfall mit Leichtverletzten,Zusammenstoß mit einbiegendem / kreuzendem Fahrzeug,Abbiegeunfall,Tageslicht,1,1,0,0,0,0,"358864,7608","5642360,184",6.992211424,50.91560888,trocken,,"Rad, PKW"
110107,5,3,15,0,2019,Juni,17,Donnerstag,Unfall mit Leichtverletzten,Unfall anderer Art,Unfall durch ruhenden Verkehr,Tageslicht,1,1,0,0,0,0,"362279,563","5651428,192",7.03732829,50.99793076,trocken,,"Rad, PKW"
110110,5,3,15,0,2019,Juni,18,Donnerstag,Unfall mit Leichtverletzten,Aufprall auf Fahrbahnhindernis,Sonstiger Unfall,Tageslicht,0,1,0,0,0,0,"349137,4306","5643085,348",6.853631058,50.91966472,trocken,,PKW
110113,5,3,15,0,2019,Juni,9,Donnerstag,Unfall mit Leichtverletzten,Zusammenstoß zwischen Fahrzeug und Fußgänger,Überschreiten-Unfall,Tageslicht,1,0,1,0,0,0,"354996,5273","5643480,046",6.936774381,50.92471391,trocken,,"Rad, Fuss"
110203,5,3,15,0,2019,Juni,12,Samstag,Unfall mit Leichtverletzten,Zusammenstoß mit anfahrendem/ anhaltendem/ruhendem Fahrzeug,Unfall durch ruhenden Verkehr,Tageslicht,0,1,0,0,0,0,"365086,3941","5638051,774",7.082257691,50.87837461,trocken,,PKW
110205,5,3,15,0,2019,Juni,9,Samstag,Unfall mit Leichtverletzten,Unfall anderer Art,Sonstiger Unfall,Tageslicht,0,1,0,0,0,1,"357480,4912","5649599,748",6.969698567,50.9803302,trocken,,"PKW, Sonstige"
110206,5,3,15,0,2019,Juni,17,Samstag,Unfall mit Leichtverletzten,Unfall anderer Art,Fahrunfall,Tageslicht,1,1,0,0,0,0,"354193,6182","5644489,604",6.924954142,50.93358415,trocken,,"Rad, PKW"
110243,5,3,15,0,2019,Juni,17,Donnerstag,Unfall mit Leichtverletzten,Zusammenstoß mit vorausfahrendem / wartendem Fahrzeug,Sonstiger Unfall,Tageslicht,0,1,0,0,0,0,"353160,712","5650046,438",6.908022708,50.98325899,trocken,,PKW
110353,5,3,15,0,2019,Juni,6,Mittwoch,Unfall mit Leichtverletzten,Zusammenstoß mit anfahrendem/ anhaltendem/ruhendem Fahrzeug,Unfall im Längsverkehr,Tageslicht,0,1,0,0,0,1,"361604,7082","5644070,947",7.030515754,50.9316476,nass/feucht,,"PKW, Sonstige"
110355,5,3,15,0,2019,Juni,16,Mittwoch,Unfall mit Leichtverletzten,Zusammenstoß mit vorausfahrendem / wartendem Fahrzeug,Unfall im Längsverkehr,Tageslicht,0,1,0,0,0,0,"364366,245","5641545,028",7.070730103,50.90960188,trocken,,PKW
110356,5,3,15,0,2019,Juni,16,Mittwoch,Unfall mit Leichtverletzten,Zusammenstoß zwischen Fahrzeug und Fußgänger,Überschreiten-Unfall,Tageslicht,0,0,1,1,0,0,"358713,7409","5644179,041",6.989359704,50.93191814,trocken,,"Fuss, Krad"
110358,5,3,15,0,2019,Juni,8,Mittwoch,Unfall mit Schwerverletzten,Zusammenstoß mit vorausfahrendem / wartendem Fahrzeug,Unfall im Längsverkehr,Tageslicht,0,1,0,0,0,0,"357883,0008","5646648,304",6.976581921,50.95390526,trocken,,PKW
110360,5,3,15,0,2019,Juni,19,Mittwoch,Unfall mit Leichtverletzten,Zusammenstoß mit seitlich in gleicher Richtung fahrendem Fahrzeug,Unfall im Längsverkehr,Tageslicht,0,0,0,0,0,1,"357996,08","5645060,634",6.978809922,50.93966477,trocken,,Sonstige
110363,5,3,15,0,2019,Juni,11,Mittwoch,Unfall mit Leichtverletzten,Zusammenstoß mit einbiegendem / kreuzendem Fahrzeug,Einbiegen / Kreuzen-Unfall,Tageslicht,0,1,0,0,0,0,"359926,1751","5649005,945",7.004745248,50.97559382,trocken,,PKW
110365,5,3,15,0,2019,Juni,5,Mittwoch,Unfall mit Leichtverletzten,Unfall anderer Art,Fahrunfall,Dämmerung,0,0,0,1,0,0,"359643,1032","5647069,591",7.001462857,50.95812274,nass/feucht,,Krad
110368,5,3,15,0,2019,Juni,7,Mittwoch,Unfall mit Leichtverletzten,Unfall anderer Art,Einbiegen / Kreuzen-Unfall,Tageslicht,1,1,0,0,0,0,"356017,6217","5649337,225",6.948977045,50.97760703,nass/feucht,,"Rad, PKW"
110370,5,3,15,0,2019,Juni,17,Mittwoch,Unfall mit Leichtverletzten,Zusammenstoß mit einbiegendem / kreuzendem Fahrzeug,Abbiegeunfall,Tageslicht,1,1,0,0,0,0,"356429,7133","5647045,774",6.955747699,50.95711706,trocken,,"Rad, PKW"
110375,5,3,15,0,2019,Juni,16,Mittwoch,Unfall mit Leichtverletzten,Zusammenstoß mit entgegenkommendem Fahrzeug,Unfall im Längsverkehr,Tageslicht,1,0,0,0,0,0,"356942,1178","5647277,993",6.962947444,50.95933142,trocken,,Rad
110377,5,3,15,0,2019,Juni,10,Mittwoch,Unfall mit Schwerverletzten,Abkommen von Fahrbahn nach rechts,Fahrunfall,Tageslicht,0,0,0,1,0,0,"349554,0457","5651594,93",6.856036318,50.99624292,trocken,,Krad
110379,5,3,15,0,2019,Juni,17,Mittwoch,Unfall mit Leichtverletzten,Zusammenstoß mit einbiegendem / kreuzendem Fahrzeug,Einbiegen / Kreuzen-Unfall,Tageslicht,1,1,0,0,0,0,"356017,6217","5649337,225",6.948977045,50.97760703,trocken,,"Rad, PKW"
110380,5,3,15,0,2019,Juni,15,Mittwoch,Unfall mit Leichtverletzten,Zusammenstoß mit einbiegendem / kreuzendem Fahrzeug,Abbiegeunfall,Tageslicht,0,1,0,0,0,0,"354866,7507","5638538,311",6.936893528,50.88027084,trocken,,PKW
110429,5,3,15,0,2019,Juni,11,Freitag,Unfall mit Leichtverletzten,Zusammenstoß mit anfahrendem/ anhaltendem/ruhendem Fahrzeug,Unfall im Längsverkehr,Tageslicht,0,1,0,0,0,1,"364212,9857","5649046,177",7.065755067,50.97698217,trocken,,"PKW, Sonstige"
110431,5,3,15,0,2019,Juni,14,Freitag,Unfall mit Leichtverletzten,Zusammenstoß zwischen Fahrzeug und Fußgänger,Überschreiten-Unfall,Tageslicht,0,1,1,0,0,0,"359972,7264","5647567,602",7.005961669,50.96267862,trocken,,"Fuss, PKW"
110433,5,3,15,0,2019,Juni,14,Freitag,Unfall mit Leichtverletzten,Unfall anderer Art,Einbiegen / Kreuzen-Unfall,Tageslicht,0,1,0,0,0,0,"359969,2864","5647554,897",7.005917604,50.9625636,trocken,,PKW
110434,5,3,15,0,2019,Juni,15,Freitag,Unfall mit Leichtverletzten,Zusammenstoß mit einbiegendem / kreuzendem Fahrzeug,Abbiegeunfall,Tageslicht,0,1,0,1,0,0,"361344,8873","5647847,481",7.025382591,50.96552581,trocken,,"Krad, PKW"
110437,5,3,15,0,2019,Juni,11,Freitag,Unfall mit Leichtverletzten,Zusammenstoß mit vorausfahrendem / wartendem Fahrzeug,Unfall im Längsverkehr,Tageslicht,0,1,0,0,0,1,"349069,854","5649623,229",6.849960463,50.97839808,trocken,,"PKW, Sonstige"
110439,5,3,15,0,2019,Juni,17,Freitag,Unfall mit Leichtverletzten,Zusammenstoß mit einbiegendem / kreuzendem Fahrzeug,Abbiegeunfall,Tageslicht,0,1,0,0,0,0,"352474,8499","5644928,926",6.900333073,50.93709507,trocken,,PKW
110519,5,3,15,0,2019,Juni,16,Mittwoch,Unfall mit Leichtverletzten,Zusammenstoß mit vorausfahrendem / wartendem Fahrzeug,Unfall im Längsverkehr,Tageslicht,0,1,0,0,1,0,"361841,2267","5647541,265",7.032562891,50.96289302,trocken,,"PKW, Gkfz"
110522,5,3,15,0,2019,Juni,13,Mittwoch,Unfall mit Leichtverletzten,Zusammenstoß mit vorausfahrendem / wartendem Fahrzeug,Unfall im Längsverkehr,Tageslicht,0,1,0,0,0,0,"358526,8986","5640397,578",6.988168852,50.89788803,trocken,,PKW
110562,5,3,15,0,2019,Juni,16,Mittwoch,Unfall mit Leichtverletzten,Zusammenstoß mit entgegenkommendem Fahrzeug,Abbiegeunfall,Tageslicht,0,1,0,0,0,0,"366181,93","5638356,865",7.097709399,50.88137142,trocken,,PKW
110564,5,3,15,0,2019,Juni,7,Mittwoch,Unfall mit Leichtverletzten,Zusammenstoß mit vorausfahrendem / wartendem Fahrzeug,Unfall im Längsverkehr,Tageslicht,0,1,0,0,0,0,"357883,9924","5646647,246",6.976596443,50.95389599,trocken,,PKW
110565,5,3,15,0,2019,Juni,10,Mittwoch,Unfall mit Leichtverletzten,Zusammenstoß mit einbiegendem / kreuzendem Fahrzeug,Abbiegeunfall,Tageslicht,1,1,0,0,0,0,"361303,5008","5647835,504",7.024798138,50.96540821,trocken,,"Rad, PKW"
110566,5,3,15,0,2019,Juni,16,Mittwoch,Unfall mit Leichtverletzten,Zusammenstoß mit anfahrendem/ anhaltendem/ruhendem Fahrzeug,Unfall im Längsverkehr,Tageslicht,0,1,0,1,0,0,"356505,4446","5646433,48",6.957066644,50.95163333,trocken,,"Krad, PKW"
110567,5,3,15,0,2019,Juni,19,Mittwoch,Unfall mit Leichtverletzten,Zusammenstoß mit anfahrendem/ anhaltendem/ruhendem Fahrzeug,Unfall durch ruhenden Verkehr,Tageslicht,1,1,0,0,0,0,"353715,9262","5646299,789",6.917433745,50.94973068,trocken,,"Rad, PKW"
110627,5,3,15,0,2019,Juni,12,Mittwoch,Unfall mit Leichtverletzten,Zusammenstoß mit vorausfahrendem / wartendem Fahrzeug,Unfall im Längsverkehr,Tageslicht,0,1,0,0,0,0,"366001,0822","5634187,53",7.096666874,50.8438566,trocken,,PKW
110653,5,3,15,0,2019,Juni,12,Dienstag,Unfall mit Leichtverletzten,Zusammenstoß mit entgegenkommendem Fahrzeug,Unfall im Längsverkehr,Tageslicht,1,0,0,0,0,0,"363111,8107","5638215,286",7.054145733,50.8793798,trocken,,Rad
110654,5,3,15,0,2019,Juni,14,Dienstag,Unfall mit Leichtverletzten,Zusammenstoß mit einbiegendem / kreuzendem Fahrzeug,Abbiegeunfall,Tageslicht,0,1,0,0,0,0,"359605,3094","5646955,818",7.000968952,50.95709105,trocken,,PKW
110655,5,3,15,0,2019,Juni,13,Dienstag,Unfall mit Leichtverletzten,Unfall anderer Art,Sonstiger Unfall,Tageslicht,1,0,1,0,0,0,"353774,3827","5648528,7",6.917369749,50.96977589,trocken,,"Rad, Fuss"
110656,5,3,15,0,2019,Juni,13,Dienstag,Unfall mit Leichtverletzten,Zusammenstoß mit entgegenkommendem Fahrzeug,Unfall im Längsverkehr,Tageslicht,1,0,0,0,0,0,"359398,2299","5637205,926",7.001779438,50.86941682,trocken,,Rad
110691,5,3,15,0,2019,Juni,8,Dienstag,Unfall mit Leichtverletzten,Zusammenstoß mit seitlich in gleicher Richtung fahrendem Fahrzeug,Unfall im Längsverkehr,Tageslicht,0,1,0,0,0,1,"366026,5866","5636537,62",7.096168894,50.86498455,trocken,,"PKW, Sonstige"
110733,5,3,15,0,2019,Juni,15,Montag,Unfall mit Leichtverletzten,Unfall anderer Art,Unfall im Längsverkehr,Tageslicht,1,1,0,0,0,0,"355091,8496","5638976,408",6.939917473,50.88426445,trocken,,"Rad, PKW"
110805,5,3,15,0,2019,Juni,6,Samstag,Unfall mit Leichtverletzten,Zusammenstoß mit vorausfahrendem / wartendem Fahrzeug,Unfall im Längsverkehr,Tageslicht,0,1,0,0,0,0,"355949,5363","5659495,488",6.943972127,51.06887906,trocken,,PKW
110807,5,3,15,0,2019,Juni,7,Samstag,Unfall mit Schwerverletzten,Zusammenstoß mit seitlich in gleicher Richtung fahrendem Fahrzeug,Unfall im Längsverkehr,Tageslicht,0,1,0,1,0,0,"351491,0805","5652273,683",6.883342558,51.00284559,trocken,,"Krad, PKW"
110855,5,3,15,0,2019,Juni,9,Freitag,Unfall mit Schwerverletzten,Abkommen von Fahrbahn nach links,Fahrunfall,Tageslicht,0,1,0,0,0,0,"359733,392","5641612,164",7.004848074,50.90909807,trocken,,PKW
110856,5,3,15,0,2019,Juni,17,Freitag,Unfall mit Leichtverletzten,Zusammenstoß mit einbiegendem / kreuzendem Fahrzeug,Einbiegen / Kreuzen-Unfall,Tageslicht,1,1,0,0,0,0,"354380,7364","5653374,512",6.924057112,51.01347693,trocken,,"Rad, PKW"
110857,5,3,15,0,2019,Juni,17,Freitag,Unfall mit Schwerverletzten,Zusammenstoß mit seitlich in gleicher Richtung fahrendem Fahrzeug,Unfall im Längsverkehr,Tageslicht,1,0,0,0,0,0,"351014,8387","5645046,774",6.879520268,50.93777876,trocken,,Rad
110858,5,3,15,0,2019,Juni,15,Freitag,Unfall mit Leichtverletzten,Unfall anderer Art,Sonstiger Unfall,Tageslicht,1,0,1,0,0,0,"353548,0951","5648803,132",6.914038598,50.97218461,trocken,,"Rad, Fuss"
110859,5,3,15,0,2019,Juni,20,Freitag,Unfall mit Leichtverletzten,Zusammenstoß mit entgegenkommendem Fahrzeug,Unfall im Längsverkehr,Tageslicht,1,0,0,0,0,0,"353558,2415","5646187,059",6.915235799,50.94867758,trocken,,Rad
110957,5,3,15,0,2019,Juni,17,Freitag,Unfall mit Leichtverletzten,Zusammenstoß mit seitlich in gleicher Richtung fahrendem Fahrzeug,Unfall im Längsverkehr,Tageslicht,0,1,0,0,0,0,"357054,6703","5635983,282",6.968972783,50.85785408,trocken,,PKW