OBJECTID,ULAND,UREGBEZ,UKREIS,UGEMEINDE,UJAHR,UMONAT,USTUNDE,UWOCHENTAG,UKATEGORIE,UART,UTYP1,ULICHTVERH,IstRad,IstPKW,IstFuss,IstKrad,IstGkfz,IstSonstige,LINREFX,LINREFY,XGCSWGS84,YGCSWGS84,USTRZUSTAND,UIDENTSTLAE,Participants
110959,5,3,15,0,2019,Juni,13,Freitag,Unfall mit Schwerverletzten,Zusammenstoß mit seitlich in gleicher Richtung fahrendem Fahrzeug,Unfall im Längsverkehr,Tageslicht,0,1,0,1,0,0,"361836,292","5646242,615",7.03298565,50.95122053,trocken,,"Krad, PKW"
111014,5,3,15,0,2019,Juni,16,Donnerstag,Unfall mit Leichtverletzten,Zusammenstoß mit vorausfahrendem / wartendem Fahrzeug,Unfall im Längsverkehr,Tageslicht,0,1,0,0,0,0,"364484,8839","5634228,345",7.075128462,50.84387029,trocken,,PKW
111016,5,3,15,0,2019,Juni,12,Donnerstag,Unfall mit Leichtverletzten,Zusammenstoß mit vorausfahrendem / wartendem Fahrzeug,Unfall im Längsverkehr,Tageslicht,0,1,0,0,0,0,"355801,2488","5650374,735",6.945485296,50.98687672,nass/feucht,,PKW
111017,5,3,15,0,2019,Juni,14,Donnerstag,Unfall mit Leichtverletzten,Zusammenstoß mit seitlich in gleicher Richtung fahrendem Fahrzeug,Abbiegeunfall,Tageslicht,1,1,0,0,0,0,"353803,037","5646559,661",6.91856867,50.95208816,nass/feucht,,"Rad, PKW"
111018,5,3,15,0,2019,Juni,11,Donnerstag,Unfall mit Leichtverletzten,Aufprall auf Fahrbahnhindernis,Fahrunfall,Tageslicht,1,0,0,0,0,1,"354838,1978","5645539,569",6.933702777,50.94318251,nass/feucht,,"Rad, Sonstige"
111019,5,3,15,0,2019,Juni,8,Donnerstag,Unfall mit Leichtverletzten,Zusammenstoß mit vorausfahrendem / wartendem Fahrzeug,Unfall im Längsverkehr,Tageslicht,0,1,0,0,0,0,"355383,386","5646703,261",6.940995705,50.95377735,trocken,,PKW
111020,5,3,15,0,2019,Juni,6,Donnerstag,Unfall mit Leichtverletzten,Unfall anderer Art,Fahrunfall,Tageslicht,1,0,0,0,0,0,"355014,825","5643506,467",6.93702405,50.92495594,trocken,,Rad
111022,5,3,15,0,2019,Juni,11,Donnerstag,Unfall mit Leichtverletzten,Zusammenstoß mit vorausfahrendem / wartendem Fahrzeug,Abbiegeunfall,Tageslicht,1,1,0,0,0,0,"356491,18","5646274,943",6.956926186,50.95020503,nass/feucht,,"Rad, PKW"
111048,5,3,15,0,2019,Juni,15,Donnerstag,Unfall mit Leichtverletzten,Zusammenstoß mit seitlich in gleicher Richtung fahrendem Fahrzeug,Sonstiger Unfall,Tageslicht,0,1,0,0,1,0,"356224,6453","5638895,144",6.956042806,50.88381714,trocken,,"PKW, Gkfz"
111049,5,3,15,0,2019,Juni,17,Donnerstag,Unfall mit Leichtverletzten,Zusammenstoß mit vorausfahrendem / wartendem Fahrzeug,Unfall im Längsverkehr,Tageslicht,0,1,0,0,0,0,"352211,8149","5650930,088",6.894154357,50.99095706,trocken,,PKW
111053,5,3,15,0,2019,Juni,6,Donnerstag,Unfall mit Leichtverletzten,Zusammenstoß mit seitlich in gleicher Richtung fahrendem Fahrzeug,Einbiegen / Kreuzen-Unfall,Tageslicht,0,1,0,0,1,0,"348909,7289","5645226,175",6.849506623,50.9388432,trocken,,"PKW, Gkfz"
111102,5,3,15,0,2019,Juni,22,Samstag,Unfall mit Leichtverletzten,Unfall anderer Art,Sonstiger Unfall,Dunkelheit,1,0,0,0,0,0,"363265,2947","5649227,006",7.052195794,50.97838309,nass/feucht,,Rad
111111,5,3,15,0,2019,Juni,13,Sonntag,Unfall mit Leichtverletzten,Zusammenstoß mit anfahrendem/ anhaltendem/ruhendem Fahrzeug,Unfall im Längsverkehr,Tageslicht,0,1,0,0,0,0,"350293,9245","5648552,612",6.867825482,50.96909673,trocken,,PKW
111135,5,3,15,0,2019,Juni,18,Dienstag,Unfall mit Leichtverletzten,Zusammenstoß mit seitlich in gleicher Richtung fahrendem Fahrzeug,Unfall im Längsverkehr,Tageslicht,0,1,0,0,1,1,"362510,8151","5645039,199",7.043037036,50.94056633,trocken,,"PKW, Gkfz, Sonstige"
111148,5,3,15,0,2019,Juni,13,Dienstag,Unfall mit Leichtverletzten,Zusammenstoß mit vorausfahrendem / wartendem Fahrzeug,Unfall im Längsverkehr,Tageslicht,0,1,0,0,0,0,"350096,189","5653953,588",6.862782284,51.01757984,trocken,,PKW
111159,5,3,15,0,2019,Juni,9,Samstag,Unfall mit Leichtverletzten,Zusammenstoß mit einbiegendem / kreuzendem Fahrzeug,Einbiegen / Kreuzen-Unfall,Tageslicht,1,0,0,0,0,0,"358563,4303","5640392,183",6.988690102,50.8978485,trocken,,Rad
111163,5,3,15,0,2019,Juni,13,Montag,Unfall mit Leichtverletzten,Zusammenstoß mit vorausfahrendem / wartendem Fahrzeug,Unfall im Längsverkehr,Tageslicht,0,1,0,1,0,0,"357895,9492","5646614,09",6.976779509,50.95360097,trocken,,"Krad, PKW"
111203,5,3,15,0,2019,Juni,13,Samstag,Unfall mit Leichtverletzten,Zusammenstoß mit einbiegendem / kreuzendem Fahrzeug,Einbiegen / Kreuzen-Unfall,Tageslicht,0,1,0,1,0,0,"365069,394","5641629,592",7.080694494,50.9105267,trocken,,"Krad, PKW"
111207,5,3,15,0,2019,Juni,17,Dienstag,Unfall mit Leichtverletzten,Zusammenstoß mit seitlich in gleicher Richtung fahrendem Fahrzeug,Unfall im Längsverkehr,Tageslicht,0,1,0,0,1,0,"361841,0016","5647542,306",7.032559291,50.96290232,trocken,,"PKW, Gkfz"
111215,5,3,15,0,2019,Juni,11,Samstag,Unfall mit Leichtverletzten,Zusammenstoß mit einbiegendem / kreuzendem Fahrzeug,Abbiegeunfall,Tageslicht,1,0,0,0,0,1,"353476,9404","5643042,815",6.915343374,50.92040073,trocken,,"Rad, Sonstige"
111218,5,3,15,0,2019,Juni,14,Montag,Unfall mit Leichtverletzten,Zusammenstoß mit einbiegendem / kreuzendem Fahrzeug,Abbiegeunfall,Tageslicht,1,1,0,0,0,0,"354191,852","5644842,442",6.924787849,50.93675455,trocken,,"Rad, PKW"
111227,5,3,15,0,2019,Juni,15,Sonntag,Unfall mit Leichtverletzten,Zusammenstoß mit vorausfahrendem / wartendem Fahrzeug,Abbiegeunfall,Tageslicht,0,1,0,0,0,1,"349592,45","5657483,258",6.854140738,51.04916642,trocken,,"PKW, Sonstige"
111250,5,3,15,0,2019,Juni,6,Dienstag,Unfall mit Schwerverletzten,Zusammenstoß mit vorausfahrendem / wartendem Fahrzeug,Unfall im Längsverkehr,Tageslicht,0,1,0,1,0,0,"361944,1504","5647058,721",7.034210719,50.95858094,trocken,,"Krad, PKW"
111263,5,3,15,0,2019,Juni,1,Dienstag,Unfall mit Schwerverletzten,Zusammenstoß mit anfahrendem/ anhaltendem/ruhendem Fahrzeug,Sonstiger Unfall,Dunkelheit,0,1,0,0,0,0,"350115,941","5650759,965",6.86438231,50.98888634,trocken,,PKW
111274,5,3,15,0,2019,Juni,15,Samstag,Unfall mit Leichtverletzten,Unfall anderer Art,Sonstiger Unfall,Tageslicht,1,0,0,0,0,0,"354706,1545","5652781,261",6.928930567,51.00822791,trocken,,Rad
111278,5,3,15,0,2019,Juni,15,Montag,Unfall mit Leichtverletzten,Zusammenstoß mit einbiegendem / kreuzendem Fahrzeug,Einbiegen / Kreuzen-Unfall,Tageslicht,1,1,0,0,0,0,"365990,0215","5643738,94",7.093007041,50.92969924,trocken,,"Rad, PKW"
111283,5,3,15,0,2019,Juni,21,Sonntag,Unfall mit Leichtverletzten,Zusammenstoß mit anfahrendem/ anhaltendem/ruhendem Fahrzeug,Unfall durch ruhenden Verkehr,Tageslicht,1,1,0,0,0,0,"355644,3287","5643677,95",6.94590712,50.92665489,trocken,,"Rad, PKW"
111325,5,3,15,0,2019,Juni,17,Dienstag,Unfall mit Schwerverletzten,Zusammenstoß mit seitlich in gleicher Richtung fahrendem Fahrzeug,Unfall im Längsverkehr,Tageslicht,0,1,0,0,1,0,"361758,2306","5648033,175",7.03119481,50.96729402,trocken,,"PKW, Gkfz"
111335,5,3,15,0,2019,Juni,13,Samstag,Unfall mit Leichtverletzten,Zusammenstoß mit seitlich in gleicher Richtung fahrendem Fahrzeug,Einbiegen / Kreuzen-Unfall,Tageslicht,1,1,0,0,0,0,"357327,8184","5637597,35",6.972221784,50.87242728,trocken,,"Rad, PKW"
111340,5,3,15,0,2019,Juni,16,Montag,Unfall mit Schwerverletzten,Unfall anderer Art,Fahrunfall,Tageslicht,1,0,0,0,0,0,"356496,6054","5651725,261",6.954852248,50.99918736,trocken,,Rad
111476,5,3,15,0,2019,Juni,11,Mittwoch,Unfall mit Getöteten,Zusammenstoß mit anfahrendem/ anhaltendem/ruhendem Fahrzeug,Sonstiger Unfall,Tageslicht,0,1,0,1,0,0,"366873,9848","5638944,205",7.107327609,50.88681017,trocken,,"Krad, PKW"
111477,5,3,15,0,2019,Juni,8,Mittwoch,Unfall mit Leichtverletzten,Zusammenstoß mit anfahrendem/ anhaltendem/ruhendem Fahrzeug,Fahrunfall,Tageslicht,0,1,0,1,0,0,"363799,7062","5641072,906",7.062852683,50.90522528,trocken,,"Krad, PKW"
111478,5,3,15,0,2019,Juni,9,Mittwoch,Unfall mit Leichtverletzten,Zusammenstoß mit vorausfahrendem / wartendem Fahrzeug,Unfall im Längsverkehr,Tageslicht,0,1,0,0,0,0,"360390,4858","5644996,336",7.012892851,50.93967162,trocken,,PKW
111479,5,3,15,0,2019,Juni,17,Mittwoch,Unfall mit Leichtverletzten,Zusammenstoß mit vorausfahrendem / wartendem Fahrzeug,Unfall im Längsverkehr,Tageslicht,0,1,0,0,0,0,"357384,1128","5644121,184",6.970473079,50.93107095,trocken,,PKW
111480,5,3,15,0,2019,Juni,16,Mittwoch,Unfall mit Leichtverletzten,Zusammenstoß zwischen Fahrzeug und Fußgänger,Überschreiten-Unfall,Tageslicht,1,0,1,0,0,0,"359587,5157","5650538,485",6.999332321,50.98928435,trocken,,"Rad, Fuss"
111481,5,3,15,0,2019,Juni,15,Mittwoch,Unfall mit Leichtverletzten,Unfall anderer Art,Fahrunfall,Tageslicht,1,0,0,0,0,0,"360683,0887","5648996,97",7.01552346,50.97569677,trocken,,Rad
111482,5,3,15,0,2019,Juni,12,Mittwoch,Unfall mit Leichtverletzten,Zusammenstoß mit anfahrendem/ anhaltendem/ruhendem Fahrzeug,Unfall im Längsverkehr,Tageslicht,0,1,0,0,0,0,"363384,1742","5648604,62",7.054122072,50.97281771,trocken,,PKW
111483,5,3,15,0,2019,Juni,15,Mittwoch,Unfall mit Leichtverletzten,Zusammenstoß mit vorausfahrendem / wartendem Fahrzeug,Fahrunfall,Tageslicht,0,1,0,1,0,0,"356432,5022","5647043,656",6.955788218,50.95709872,trocken,,"Krad, PKW"
111484,5,3,15,0,2019,Juni,19,Mittwoch,Unfall mit Leichtverletzten,Zusammenstoß mit vorausfahrendem / wartendem Fahrzeug,Abbiegeunfall,Tageslicht,0,1,0,0,0,0,"353506,0903","5651903,849",6.912190639,51.00003867,trocken,,PKW
111485,5,3,15,0,2019,Juni,8,Mittwoch,Unfall mit Leichtverletzten,Zusammenstoß mit anfahrendem/ anhaltendem/ruhendem Fahrzeug,Sonstiger Unfall,Tageslicht,0,1,0,0,0,0,"347523,7022","5646300,566",6.829344395,50.948133,trocken,,PKW
111486,5,3,15,0,2019,Juni,8,Mittwoch,Unfall mit Leichtverletzten,Zusammenstoß mit anfahrendem/ anhaltendem/ruhendem Fahrzeug,Einbiegen / Kreuzen-Unfall,Tageslicht,1,1,0,0,0,0,"349694,1577","5649296,547",6.85898224,50.97562573,trocken,,"Rad, PKW"
111487,5,3,15,0,2019,Juni,16,Mittwoch,Unfall mit Schwerverletzten,Zusammenstoß mit einbiegendem / kreuzendem Fahrzeug,Unfall durch ruhenden Verkehr,Tageslicht,1,1,0,0,0,0,"353838,8069","5644836,532",6.919769049,50.93661207,trocken,,"Rad, PKW"
111488,5,3,15,0,2019,Juni,17,Mittwoch,Unfall mit Leichtverletzten,Zusammenstoß zwischen Fahrzeug und Fußgänger,Überschreiten-Unfall,Tageslicht,1,0,1,0,0,0,"355246,3129","5644414,017",6.939955215,50.93317003,trocken,,"Rad, Fuss"
111567,5,3,15,0,2019,Juni,6,Mittwoch,Unfall mit Leichtverletzten,Zusammenstoß mit seitlich in gleicher Richtung fahrendem Fahrzeug,Unfall im Längsverkehr,Tageslicht,0,1,0,0,0,0,"361237,7131","5649306,463",7.023300544,50.97861215,trocken,,PKW
111570,5,3,15,0,2019,Juni,15,Mittwoch,Unfall mit Leichtverletzten,Abkommen von Fahrbahn nach links,Fahrunfall,Tageslicht,0,0,0,1,0,0,"349244,4861","5649553,66",6.852475123,50.97781867,trocken,,Krad
111619,5,3,15,0,2019,Juni,17,Dienstag,Unfall mit Leichtverletzten,Zusammenstoß mit einbiegendem / kreuzendem Fahrzeug,Abbiegeunfall,Tageslicht,0,1,0,0,0,0,"366947,0538","5642150,244",7.107197509,50.91564205,trocken,,PKW
111620,5,3,15,0,2019,Juni,15,Dienstag,Unfall mit Leichtverletzten,Zusammenstoß mit einbiegendem / kreuzendem Fahrzeug,Abbiegeunfall,Tageslicht,1,1,0,0,0,0,"365078,651","5638520,794",7.081974579,50.88258819,trocken,,"Rad, PKW"
111622,5,3,15,0,2019,Juni,15,Dienstag,Unfall mit Leichtverletzten,Zusammenstoß mit entgegenkommendem Fahrzeug,Unfall im Längsverkehr,Tageslicht,0,1,0,0,0,1,"364004,3536","5638531,528",7.066707758,50.8824328,trocken,,"PKW, Sonstige"
111623,5,3,15,0,2019,Juni,6,Dienstag,Unfall mit Leichtverletzten,Zusammenstoß zwischen Fahrzeug und Fußgänger,Überschreiten-Unfall,Tageslicht,0,1,1,0,0,0,"358703,3726","5644166,607",6.98921707,50.93180386,trocken,,"Fuss, PKW"
111624,5,3,15,0,2019,Juni,7,Dienstag,Unfall mit Leichtverletzten,Zusammenstoß mit vorausfahrendem / wartendem Fahrzeug,Unfall im Längsverkehr,Tageslicht,0,1,0,0,0,0,"361325,6278","5646164,196",7.025749882,50.95039312,trocken,,PKW
111625,5,3,15,0,2019,Juni,8,Dienstag,Unfall mit Leichtverletzten,Zusammenstoß zwischen Fahrzeug und Fußgänger,Sonstiger Unfall,Tageslicht,1,0,1,0,0,0,"357928,1802","5644887,672",6.977911571,50.93809364,trocken,,"Rad, Fuss"
111626,5,3,15,0,2019,Juni,10,Dienstag,Unfall mit Leichtverletzten,Zusammenstoß mit einbiegendem / kreuzendem Fahrzeug,Abbiegeunfall,Tageslicht,1,1,0,0,0,0,"359572,4874","5646860,3",7.000538767,50.95622463,trocken,,"Rad, PKW"
111628,5,3,15,0,2019,Juni,10,Dienstag,Unfall mit Leichtverletzten,Unfall anderer Art,Fahrunfall,Tageslicht,1,0,0,0,0,0,"359576,9458","5650620,156",6.999150245,50.99001575,trocken,,Rad
111630,5,3,15,0,2019,Juni,8,Dienstag,Unfall mit Leichtverletzten,Zusammenstoß mit einbiegendem / kreuzendem Fahrzeug,Einbiegen / Kreuzen-Unfall,Tageslicht,1,1,0,0,0,0,"357706,636","5646906,903",6.973971481,50.95618576,trocken,,"Rad, PKW"
111631,5,3,15,0,2019,Juni,7,Dienstag,Unfall mit Leichtverletzten,Zusammenstoß mit vorausfahrendem / wartendem Fahrzeug,Abbiegeunfall,Tageslicht,0,1,0,0,0,0,"347544,343","5647369,145",6.829190523,50.95774083,trocken,,PKW
111632,5,3,15,0,2019,Juni,17,Dienstag,Unfall mit Leichtverletzten,Zusammenstoß mit einbiegendem / kreuzendem Fahrzeug,Unfall durch ruhenden Verkehr,Tageslicht,1,1,0,0,0,0,"348239,9041","5645169,109",6.84000389,50.9381545,trocken,,"Rad, PKW"
111633,5,3,15,0,2019,Juni,7,Dienstag,Unfall mit Leichtverletzten,Zusammenstoß mit einbiegendem / kreuzendem Fahrzeug,Einbiegen / Kreuzen-Unfall,Tageslicht,0,1,0,0,0,1,"352254,655","5647433,01",6.896185401,50.95954169,trocken,,"PKW, Sonstige"
111634,5,3,15,0,2019,Juni,21,Dienstag,Unfall mit Leichtverletzten,Zusammenstoß mit einbiegendem / kreuzendem Fahrzeug,Sonstiger Unfall,Dunkelheit,1,1,0,0,0,0,"354732,8914","5644533,472",6.93260598,50.93411446,trocken,,"Rad, PKW"
111759,5,3,15,0,2019,Juni,8,Donnerstag,Unfall mit Leichtverletzten,Zusammenstoß mit vorausfahrendem / wartendem Fahrzeug,Fahrunfall,Tageslicht,0,1,0,0,0,0,"354425,708","5644830,865",6.928118498,50.93670959,trocken,,PKW
111788,5,3,15,0,2019,Juni,16,Samstag,Unfall mit Leichtverletzten,Zusammenstoß mit einbiegendem / kreuzendem Fahrzeug,Einbiegen / Kreuzen-Unfall,Tageslicht,0,1,0,1,0,0,"347560,8723","5647605,794",6.829326579,50.95987175,trocken,,"Krad, PKW"
111789,5,3,15,0,2019,Juni,12,Samstag,Unfall mit Schwerverletzten,Zusammenstoß mit vorausfahrendem / wartendem Fahrzeug,Unfall im Längsverkehr,Tageslicht,0,1,0,1,0,0,"353515,3518","5646170,197",6.914632432,50.94851515,trocken,,"Krad, PKW"
111790,5,3,15,0,2019,Juni,10,Samstag,Unfall mit Leichtverletzten,Zusammenstoß mit vorausfahrendem / wartendem Fahrzeug,Unfall im Längsverkehr,Tageslicht,0,1,0,0,0,0,"354191,8704","5644969,846",6.924737129,50.9378995,trocken,,PKW
111791,5,3,15,0,2019,Juni,17,Samstag,Unfall mit Leichtverletzten,Zusammenstoß mit entgegenkommendem Fahrzeug,Unfall im Längsverkehr,Tageslicht,1,0,0,0,0,0,"354573,982","5644817,487",6.930232669,50.93662678,trocken,,Rad
111792,5,3,15,0,2019,Juni,9,Samstag,Unfall mit Schwerverletzten,Zusammenstoß mit einbiegendem / kreuzendem Fahrzeug,Einbiegen / Kreuzen-Unfall,Tageslicht,1,1,0,0,0,0,"357206,881","5641145,815",6.969117345,50.90428755,trocken,,"Rad, PKW"
111793,5,3,15,0,2019,Juni,23,Samstag,Unfall mit Leichtverletzten,Unfall anderer Art,Fahrunfall,Dunkelheit,1,0,0,0,0,0,"354604,9855","5645913,943",6.930235995,50.94648814,trocken,,Rad
111794,5,3,15,0,2019,Juni,8,Samstag,Unfall mit Leichtverletzten,Unfall anderer Art,Sonstiger Unfall,Tageslicht,0,0,0,0,0,1,"356871,7062","5645468,372",6.962656903,50.94305108,trocken,,Sonstige
111795,5,3,15,0,2019,Juni,12,Samstag,Unfall mit Leichtverletzten,Zusammenstoß mit einbiegendem / kreuzendem Fahrzeug,Abbiegeunfall,Tageslicht,1,1,0,0,0,0,"355189,6409","5644665,999",6.939049125,50.93542032,trocken,,"Rad, PKW"
111887,5,3,15,0,2019,Juni,14,Montag,Unfall mit Schwerverletzten,Zusammenstoß mit entgegenkommendem Fahrzeug,Abbiegeunfall,Tageslicht,1,1,0,0,0,0,"356855,092","5654625,209",6.958813627,51.02533783,trocken,,"Rad, PKW"
111889,5,3,15,0,2019,Juni,10,Montag,Unfall mit Leichtverletzten,Zusammenstoß mit entgegenkommendem Fahrzeug,Sonstiger Unfall,Tageslicht,0,1,0,0,0,0,"353944,0785","5644373,098",6.921451999,50.93247401,trocken,,PKW
111893,5,3,15,0,2019,Juni,14,Freitag,Unfall mit Leichtverletzten,Zusammenstoß mit vorausfahrendem / wartendem Fahrzeug,Unfall im Längsverkehr,Tageslicht,0,1,0,0,0,1,"367000,121","5642333,594",7.107885152,50.91730219,trocken,,"PKW, Sonstige"
111895,5,3,15,0,2019,Juni,22,Freitag,Unfall mit Leichtverletzten,Zusammenstoß mit vorausfahrendem / wartendem Fahrzeug,Unfall im Längsverkehr,Dunkelheit,0,1,0,0,0,0,"366012,747","5635844,899",7.096225983,50.85875534,trocken,,PKW
111898,5,3,15,0,2019,Juni,15,Freitag,Unfall mit Leichtverletzten,Zusammenstoß mit entgegenkommendem Fahrzeug,Unfall im Längsverkehr,Tageslicht,0,1,0,0,0,0,"361018,5067","5647752,641",7.020773731,50.96459481,nass/feucht,,PKW
111900,5,3,15,0,2019,Juni,13,Freitag,Unfall mit Leichtverletzten,Abkommen von Fahrbahn nach rechts,Sonstiger Unfall,Tageslicht,0,1,0,0,0,0,"352547,7077","5656970,383",6.896481425,51.0453238,trocken,,PKW
111902,5,3,15,0,2019,Juni,22,Freitag,Unfall mit Schwerverletzten,Zusammenstoß mit einbiegendem / kreuzendem Fahrzeug,Abbiegeunfall,Dunkelheit,1,1,0,0,0,0,"352388,4829","5647327,834",6.898132327,50.95863082,trocken,,"Rad, PKW"
111904,5,3,15,0,2019,Juni,16,Freitag,Unfall mit Schwerverletzten,Zusammenstoß mit anfahrendem/ anhaltendem/ruhendem Fahrzeug,Sonstiger Unfall,Tageslicht,0,1,0,1,0,0,"355367,9861","5645606,892",6.941212071,50.94392067,nass/feucht,,"Krad, PKW"
111966,5,3,15,0,2019,Juni,12,Montag,Unfall mit Leichtverletzten,Zusammenstoß mit vorausfahrendem / wartendem Fahrzeug,Unfall im Längsverkehr,Tageslicht,0,1,0,0,0,1,"362488,1429","5645117,989",7.04268479,50.94126903,trocken,,"PKW, Sonstige"
111989,5,3,15,0,2019,Juni,8,Donnerstag,Unfall mit Leichtverletzten,Unfall anderer Art,Fahrunfall,Tageslicht,1,0,0,0,0,0,"357103,0355","5643259,027",6.966813756,50.92325323,trocken,,Rad
112001,5,3,15,0,2019,Juni,21,Donnerstag,Unfall mit Leichtverletzten,Unfall anderer Art,Fahrunfall,Dämmerung,1,0,0,0,0,0,"355081,0954","5644788,082",6.937456816,50.93649019,nass/feucht,,Rad
112025,5,3,15,0,2019,Juni,17,Sonntag,Unfall mit Leichtverletzten,Zusammenstoß mit anfahrendem/ anhaltendem/ruhendem Fahrzeug,Unfall durch ruhenden Verkehr,Tageslicht,1,0,0,1,0,0,"367675,1814","5639277,501",7.118591052,50.88998985,trocken,,"Rad, Krad"
112027,5,3,15,0,2019,Juni,13,Sonntag,Unfall mit Leichtverletzten,Zusammenstoß zwischen Fahrzeug und Fußgänger,Überschreiten-Unfall,Tageslicht,0,1,1,0,0,0,"365096,745","5638461,324",7.082253597,50.88205792,trocken,,"Fuss, PKW"
112028,5,3,15,0,2019,Juni,20,Sonntag,Unfall mit Leichtverletzten,Zusammenstoß mit einbiegendem / kreuzendem Fahrzeug,Einbiegen / Kreuzen-Unfall,Tageslicht,0,1,0,0,0,0,"359948,8097","5649024,825",7.005060179,50.97576901,trocken,,PKW
112029,5,3,15,0,2019,Juni,20,Sonntag,Unfall mit Leichtverletzten,Unfall anderer Art,Unfall durch ruhenden Verkehr,Tageslicht,1,1,0,0,0,0,"353354,7583","5645716,403",6.91253056,50.94439625,trocken,,"Rad, PKW"
112030,5,3,15,0,2019,Juni,20,Sonntag,Unfall mit Schwerverletzten,Zusammenstoß zwischen Fahrzeug und Fußgänger,Überschreiten-Unfall,Tageslicht,0,1,1,0,0,0,"357422,748","5636713,786",6.973914483,50.86451005,trocken,,"Fuss, PKW"
112032,5,3,15,0,2019,Juni,10,Sonntag,Unfall mit Leichtverletzten,Unfall anderer Art,Unfall im Längsverkehr,Tageslicht,0,0,0,1,0,0,"357574,8654","5636725,651",6.976070077,50.86465417,trocken,,Krad
112035,5,3,15,0,2019,Juni,17,Sonntag,Unfall mit Leichtverletzten,Abkommen von Fahrbahn nach links,Unfall im Längsverkehr,Tageslicht,1,1,0,0,0,0,"353448,265","5644117,282",6.914503832,50.93004931,trocken,,"Rad, PKW"
112037,5,3,15,0,2019,Juni,17,Sonntag,Unfall mit Leichtverletzten,Zusammenstoß mit vorausfahrendem / wartendem Fahrzeug,Unfall im Längsverkehr,Tageslicht,0,1,0,0,0,0,"356871,116","5644591,718",6.962992902,50.93517253,trocken,,PKW
112102,5,3,15,0,2019,Juni,23,Donnerstag,Unfall mit Leichtverletzten,Zusammenstoß mit anfahrendem/ anhaltendem/ruhendem Fahrzeug,Unfall im Längsverkehr,Dunkelheit,0,1,0,0,0,0,"365302,0487","5635709,422",7.0861838,50.85737261,nass/feucht,,PKW
112105,5,3,15,0,2019,Juni,8,Donnerstag,Unfall mit Leichtverletzten,Unfall anderer Art,Abbiegeunfall,Tageslicht,1,1,0,0,0,0,"358286,7426","5643025,904",6.983735335,50.9214501,trocken,,"Rad, PKW"
112107,5,3,15,0,2019,Juni,10,Donnerstag,Unfall mit Leichtverletzten,Zusammenstoß mit vorausfahrendem / wartendem Fahrzeug,Unfall im Längsverkehr,Tageslicht,0,1,0,0,0,0,"359738,3262","5647293,551",7.002731534,50.96015868,trocken,,PKW
112111,5,3,15,0,2019,Juni,18,Donnerstag,Unfall mit Schwerverletzten,Zusammenstoß mit vorausfahrendem / wartendem Fahrzeug,Fahrunfall,Tageslicht,0,1,0,1,0,0,"353564,29","5652470,591",6.91279089,51.00514653,trocken,,"Krad, PKW"
112113,5,3,15,0,2019,Juni,11,Donnerstag,Unfall mit Leichtverletzten,Zusammenstoß mit einbiegendem / kreuzendem Fahrzeug,Fahrunfall,Tageslicht,1,1,0,0,0,0,"353905,6806","5646143,545",6.920195957,50.9483747,trocken,,"Rad, PKW"
112115,5,3,15,0,2019,Juni,23,Mittwoch,Unfall mit Leichtverletzten,Zusammenstoß mit anfahrendem/ anhaltendem/ruhendem Fahrzeug,Sonstiger Unfall,Dunkelheit,0,1,0,1,0,0,"353985,6761","5636529,772",6.925179419,50.86199854,trocken,,"Krad, PKW"
112116,5,3,15,0,2019,Juni,22,Mittwoch,Unfall mit Leichtverletzten,Zusammenstoß mit seitlich in gleicher Richtung fahrendem Fahrzeug,Unfall im Längsverkehr,Dunkelheit,1,1,0,0,0,0,"354037,2195","5642153,295",6.923665043,50.91254887,trocken,,"Rad, PKW"
112117,5,3,15,0,2019,Juni,16,Mittwoch,Unfall mit Leichtverletzten,Zusammenstoß mit seitlich in gleicher Richtung fahrendem Fahrzeug,Unfall im Längsverkehr,Tageslicht,1,1,0,0,0,0,"353901,5791","5641891,39",6.921841759,50.91016088,trocken,,"Rad, PKW"
112192,5,3,15,0,2019,Juni,21,Mittwoch,Unfall mit Schwerverletzten,Abkommen von Fahrbahn nach links,Fahrunfall,Dunkelheit,0,1,0,0,0,0,"360673,0137","5649994,654",7.014997614,50.98466065,trocken,,PKW
112193,5,3,15,0,2019,Juni,15,Mittwoch,Unfall mit Leichtverletzten,Zusammenstoß mit anfahrendem/ anhaltendem/ruhendem Fahrzeug,Unfall im Längsverkehr,Tageslicht,0,1,0,0,0,0,"354393,1714","5647530,905",6.926576077,50.9609658,trocken,,PKW
112246,5,3,15,0,2019,Juni,16,Freitag,Unfall mit Leichtverletzten,Zusammenstoß mit vorausfahrendem / wartendem Fahrzeug,Unfall im Längsverkehr,Tageslicht,0,1,0,0,0,1,"349878,4273","5654179,078",6.859586583,51.01954933,trocken,,"PKW, Sonstige"
112272,5,3,15,0,2019,Juni,17,Dienstag,Unfall mit Leichtverletzten,Zusammenstoß mit einbiegendem / kreuzendem Fahrzeug,Abbiegeunfall,Tageslicht,0,1,0,0,0,0,"358171,356","5644790,58",6.981408153,50.93728093,trocken,,PKW
112275,5,3,15,0,2019,Juni,13,Dienstag,Unfall mit Leichtverletzten,Zusammenstoß mit entgegenkommendem Fahrzeug,Abbiegeunfall,Tageslicht,0,1,0,1,0,0,"357698,0428","5643827,636",6.975052136,50.92851037,trocken,,"Krad, PKW"
112277,5,3,15,0,2019,Juni,8,Dienstag,Unfall mit Leichtverletzten,Zusammenstoß mit einbiegendem / kreuzendem Fahrzeug,Sonstiger Unfall,Tageslicht,1,0,0,0,0,0,"359823,73","5647484,24",7.0038734,50.9618932,trocken,,Rad