OBJECTID,ULAND,UREGBEZ,UKREIS,UGEMEINDE,UJAHR,UMONAT,USTUNDE,UWOCHENTAG,UKATEGORIE,UART,UTYP1,ULICHTVERH,IstRad,IstPKW,IstFuss,IstKrad,IstGkfz,IstSonstige,LINREFX,LINREFY,XGCSWGS84,YGCSWGS84,USTRZUSTAND,UIDENTSTLAE,Participants
112279,5,3,15,0,2019,Juni,10,Dienstag,Unfall mit Leichtverletzten,Zusammenstoß mit seitlich in gleicher Richtung fahrendem Fahrzeug,Abbiegeunfall,Tageslicht,0,0,0,1,1,0,"360584,7517","5647625,206",7.014649448,50.96334474,trocken,,"Krad, Gkfz"
112281,5,3,15,0,2019,Juni,15,Dienstag,Unfall mit Leichtverletzten,Unfall anderer Art,Sonstiger Unfall,Tageslicht,0,0,1,0,0,1,"353820,7673","5646568,66",6.918817308,50.95217353,trocken,,"Fuss, Sonstige"
112285,5,3,15,0,2019,Juni,17,Dienstag,Unfall mit Leichtverletzten,Zusammenstoß mit einbiegendem / kreuzendem Fahrzeug,Abbiegeunfall,Tageslicht,1,1,0,0,0,0,"353210,9119","5645208,167",6.910689185,50.93979232,trocken,,"Rad, PKW"
112287,5,3,15,0,2019,Juni,7,Dienstag,Unfall mit Leichtverletzten,Zusammenstoß mit vorausfahrendem / wartendem Fahrzeug,Unfall im Längsverkehr,Tageslicht,1,1,0,0,0,0,"357681,619","5640076,55",6.976281563,50.89479524,trocken,,"Rad, PKW"
112290,5,3,15,0,2019,Juni,17,Dienstag,Unfall mit Leichtverletzten,Zusammenstoß mit seitlich in gleicher Richtung fahrendem Fahrzeug,Unfall im Längsverkehr,Tageslicht,1,1,0,0,0,0,"355476,5918","5644699,26",6.943117022,50.9357912,trocken,,"Rad, PKW"
112323,5,3,15,0,2019,Juni,17,Donnerstag,Unfall mit Leichtverletzten,Zusammenstoß mit einbiegendem / kreuzendem Fahrzeug,Abbiegeunfall,Tageslicht,1,1,0,0,0,0,"362416,813","5636750,916",7.044823436,50.86605379,trocken,,"Rad, PKW"
112324,5,3,15,0,2019,Juni,8,Donnerstag,Unfall mit Leichtverletzten,Zusammenstoß mit einbiegendem / kreuzendem Fahrzeug,Abbiegeunfall,Tageslicht,1,1,0,0,0,0,"358232,352","5645443,88",6.982021484,50.94316714,trocken,,"Rad, PKW"
112326,5,3,15,0,2019,Juni,10,Donnerstag,Unfall mit Leichtverletzten,Zusammenstoß mit einbiegendem / kreuzendem Fahrzeug,Unfall durch ruhenden Verkehr,Tageslicht,1,1,0,0,0,0,"356307,23","5647902,597",6.953666536,50.96478665,trocken,,"Rad, PKW"
112328,5,3,15,0,2019,Juni,20,Donnerstag,Unfall mit Schwerverletzten,Unfall anderer Art,Fahrunfall,Tageslicht,1,0,0,0,0,0,"353577,5029","5644192,438",6.916311453,50.93075754,trocken,,Rad
112330,5,3,15,0,2019,Juni,13,Donnerstag,Unfall mit Leichtverletzten,Unfall anderer Art,Fahrunfall,Tageslicht,1,0,0,0,0,0,"355201,528","5651611,63",6.936453433,50.99784176,trocken,,Rad
112332,5,3,15,0,2019,Juni,13,Donnerstag,Unfall mit Leichtverletzten,Zusammenstoß mit einbiegendem / kreuzendem Fahrzeug,Abbiegeunfall,Tageslicht,1,0,0,0,0,1,"354191,129","5644819,757",6.924786644,50.93655051,trocken,,"Rad, Sonstige"
112333,5,3,15,0,2019,Juni,13,Donnerstag,Unfall mit Leichtverletzten,Zusammenstoß mit vorausfahrendem / wartendem Fahrzeug,Unfall im Längsverkehr,Tageslicht,0,1,0,0,0,0,"354191,8351","5644854,174",6.924782914,50.93685998,trocken,,PKW
112335,5,3,15,0,2019,Juni,16,Donnerstag,Unfall mit Schwerverletzten,Unfall anderer Art,Fahrunfall,Tageslicht,0,0,0,1,0,0,"357136,4271","5646229,275",6.966124009,50.9499549,trocken,,Krad
112338,5,3,15,0,2019,Juni,13,Donnerstag,Unfall mit Leichtverletzten,Zusammenstoß zwischen Fahrzeug und Fußgänger,Überschreiten-Unfall,Tageslicht,0,1,1,0,0,0,"355340,4354","5643966,718",6.941471303,50.92917386,trocken,,"Fuss, PKW"
112448,5,3,15,0,2019,Juni,8,Donnerstag,Unfall mit Leichtverletzten,Zusammenstoß mit seitlich in gleicher Richtung fahrendem Fahrzeug,Unfall im Längsverkehr,Tageslicht,0,1,0,0,1,0,"352818,4637","5652123,256",6.902308751,51.00183488,trocken,,"PKW, Gkfz"
112522,5,3,15,0,2019,Juni,8,Mittwoch,Unfall mit Leichtverletzten,Zusammenstoß mit einbiegendem / kreuzendem Fahrzeug,Abbiegeunfall,Tageslicht,1,0,0,0,0,1,"362970,1806","5645281,556",7.049480225,50.94285383,trocken,,"Rad, Sonstige"
112523,5,3,15,0,2019,Juni,8,Mittwoch,Unfall mit Schwerverletzten,Zusammenstoß mit einbiegendem / kreuzendem Fahrzeug,Einbiegen / Kreuzen-Unfall,Tageslicht,1,1,0,0,0,0,"362400,3","5645121,697",7.041433832,50.9412814,trocken,,"Rad, PKW"
112524,5,3,15,0,2019,Juni,16,Mittwoch,Unfall mit Leichtverletzten,Zusammenstoß mit vorausfahrendem / wartendem Fahrzeug,Abbiegeunfall,Tageslicht,0,1,0,1,0,0,"359772,8786","5644842,975",7.004166965,50.93814348,trocken,,"Krad, PKW"
112526,5,3,15,0,2019,Juni,14,Mittwoch,Unfall mit Leichtverletzten,Zusammenstoß mit vorausfahrendem / wartendem Fahrzeug,Unfall im Längsverkehr,Tageslicht,0,1,0,0,0,0,"361820,6535","5647987,528",7.032100602,50.96689876,trocken,,PKW
112537,5,3,15,0,2019,Juni,11,Sonntag,Unfall mit Leichtverletzten,Zusammenstoß mit vorausfahrendem / wartendem Fahrzeug,Unfall im Längsverkehr,Tageslicht,0,1,0,0,0,1,"361912,7551","5642555,092",7.035470837,50.91809795,trocken,,"PKW, Sonstige"
112538,5,3,15,0,2019,Juni,20,Sonntag,Unfall mit Leichtverletzten,Zusammenstoß zwischen Fahrzeug und Fußgänger,Unfall im Längsverkehr,Tageslicht,0,1,1,0,0,0,"354836,5455","5653910,501",6.930336071,51.01840888,trocken,,"Fuss, PKW"
112587,5,3,15,0,2019,Juni,22,Samstag,Unfall mit Leichtverletzten,Zusammenstoß mit seitlich in gleicher Richtung fahrendem Fahrzeug,Unfall durch ruhenden Verkehr,Dunkelheit,0,1,0,1,0,0,"360876,1222","5645046,632",7.019781442,50.94024102,trocken,,"Krad, PKW"
112588,5,3,15,0,2019,Juni,15,Samstag,Unfall mit Leichtverletzten,Zusammenstoß mit entgegenkommendem Fahrzeug,Sonstiger Unfall,Tageslicht,0,1,0,1,0,0,"362306,6635","5643878,506",7.040571617,50.93008607,trocken,,"Krad, PKW"
112589,5,3,15,0,2019,Juni,23,Samstag,Unfall mit Leichtverletzten,Zusammenstoß zwischen Fahrzeug und Fußgänger,Überschreiten-Unfall,Dunkelheit,0,0,1,0,0,1,"357631,8804","5643889,247",6.974087218,50.92904774,trocken,,"Fuss, Sonstige"
112590,5,3,15,0,2019,Juni,19,Samstag,Unfall mit Leichtverletzten,Zusammenstoß mit vorausfahrendem / wartendem Fahrzeug,Unfall im Längsverkehr,Tageslicht,0,1,0,0,0,0,"357241,5746","5644723,458",6.968210101,50.93644829,trocken,,PKW
112591,5,3,15,0,2019,Juni,17,Samstag,Unfall mit Schwerverletzten,Unfall anderer Art,Sonstiger Unfall,Tageslicht,0,1,0,0,0,1,"357441,5162","5644251,321",6.971238523,50.93225467,trocken,,"PKW, Sonstige"
112592,5,3,15,0,2019,Juni,14,Samstag,Unfall mit Leichtverletzten,Zusammenstoß mit vorausfahrendem / wartendem Fahrzeug,Unfall im Längsverkehr,Tageslicht,0,1,0,0,1,0,"358264,1528","5647736,907",6.981581067,50.96378238,trocken,,"PKW, Gkfz"
112593,5,3,15,0,2019,Juni,14,Samstag,Unfall mit Leichtverletzten,Zusammenstoß mit anfahrendem/ anhaltendem/ruhendem Fahrzeug,Unfall im Längsverkehr,Tageslicht,0,1,0,0,1,0,"348615,3584","5649899,525",6.843375885,50.98076162,trocken,,"PKW, Gkfz"
112594,5,3,15,0,2019,Juni,11,Samstag,Unfall mit Leichtverletzten,Unfall anderer Art,Fahrunfall,Tageslicht,1,0,0,0,0,0,"354156,5304","5645967,184",6.923835186,50.94685332,trocken,,Rad
112595,5,3,15,0,2019,Juni,16,Samstag,Unfall mit Leichtverletzten,Zusammenstoß mit vorausfahrendem / wartendem Fahrzeug,Unfall im Längsverkehr,Tageslicht,0,1,0,0,0,0,"347798,2511","5645207,747",6.833706516,50.93838531,trocken,,PKW
112596,5,3,15,0,2019,Juni,11,Samstag,Unfall mit Schwerverletzten,Zusammenstoß mit einbiegendem / kreuzendem Fahrzeug,Einbiegen / Kreuzen-Unfall,Tageslicht,1,1,0,0,0,0,"356838,2115","5644057,302",6.96273484,50.93036161,trocken,,"Rad, PKW"
112597,5,3,15,0,2019,Juni,10,Samstag,Unfall mit Leichtverletzten,Zusammenstoß mit seitlich in gleicher Richtung fahrendem Fahrzeug,Abbiegeunfall,Tageslicht,0,1,0,0,0,1,"355534,5173","5644699,254",6.943940863,50.93580566,trocken,,"PKW, Sonstige"
112598,5,3,15,0,2019,Juni,17,Samstag,Unfall mit Schwerverletzten,Zusammenstoß mit seitlich in gleicher Richtung fahrendem Fahrzeug,Abbiegeunfall,Tageslicht,1,1,0,0,0,0,"356083,857","5644640,775",6.951776909,50.93541748,trocken,,"Rad, PKW"
112599,5,3,15,0,2019,Juni,11,Samstag,Unfall mit Schwerverletzten,Unfall anderer Art,Fahrunfall,Tageslicht,1,0,0,0,0,0,"355093,6636","5644661,085",6.937686069,50.93535205,trocken,,Rad
112654,5,3,15,0,2019,Juni,12,Montag,Unfall mit Leichtverletzten,Zusammenstoß mit vorausfahrendem / wartendem Fahrzeug,Unfall im Längsverkehr,Tageslicht,0,1,0,0,0,0,"359586,4603","5650552,75",6.99931178,50.98941229,trocken,,PKW
112657,5,3,15,0,2019,Juni,23,Montag,Unfall mit Leichtverletzten,Zusammenstoß zwischen Fahrzeug und Fußgänger,Überschreiten-Unfall,Dunkelheit,1,0,1,0,0,0,"355204,9041","5644897,812",6.939174088,50.9375074,trocken,,"Rad, Fuss"
112659,5,3,15,0,2019,Juni,17,Montag,Unfall mit Leichtverletzten,Zusammenstoß mit einbiegendem / kreuzendem Fahrzeug,Einbiegen / Kreuzen-Unfall,Tageslicht,0,1,0,0,0,0,"354732,8817","5644533,086",6.932605996,50.93411099,trocken,,PKW
112661,5,3,15,0,2019,Juni,5,Montag,Unfall mit Leichtverletzten,Unfall anderer Art,Fahrunfall,Dämmerung,0,0,0,0,0,1,"354736,751","5644686,284",6.932599958,50.93548872,trocken,,Sonstige
112764,5,3,15,0,2019,Juni,9,Samstag,Unfall mit Leichtverletzten,Zusammenstoß mit anfahrendem/ anhaltendem/ruhendem Fahrzeug,Sonstiger Unfall,Tageslicht,0,0,0,0,1,0,"348214,3556","5657576,722",6.834455294,51.04964378,trocken,,Gkfz
112766,5,3,15,0,2019,Juni,13,Samstag,Unfall mit Leichtverletzten,Zusammenstoß mit vorausfahrendem / wartendem Fahrzeug,Unfall im Längsverkehr,Tageslicht,0,1,0,0,0,0,"352391,53","5651146,111",6.8966255,50.99294446,trocken,,PKW
112868,5,3,15,0,2019,Juni,22,Sonntag,Unfall mit Leichtverletzten,Zusammenstoß mit vorausfahrendem / wartendem Fahrzeug,Unfall im Längsverkehr,Dunkelheit,0,1,0,0,0,0,"358171,356","5644790,58",6.981408153,50.93728093,trocken,,PKW
112869,5,3,15,0,2019,Juni,10,Freitag,Unfall mit Leichtverletzten,Zusammenstoß mit einbiegendem / kreuzendem Fahrzeug,Abbiegeunfall,Tageslicht,1,1,0,0,0,0,"359432,0465","5651571,809",6.996718636,50.9985329,trocken,,"Rad, PKW"
112870,5,3,15,0,2019,Juni,14,Sonntag,Unfall mit Leichtverletzten,Unfall anderer Art,Fahrunfall,Tageslicht,1,0,0,0,0,0,"355659,1898","5650713,273",6.943328164,50.98988347,trocken,,Rad
112871,5,3,15,0,2019,Juni,7,Freitag,Unfall mit Leichtverletzten,Zusammenstoß mit anfahrendem/ anhaltendem/ruhendem Fahrzeug,Unfall durch ruhenden Verkehr,Tageslicht,1,0,0,1,0,0,"353441,518","5644862,493",6.914108216,50.93674454,trocken,,"Rad, Krad"
112872,5,3,15,0,2019,Juni,13,Sonntag,Unfall mit Schwerverletzten,Unfall anderer Art,Fahrunfall,Tageslicht,1,0,0,0,0,0,"356493,3624","5651663,708",6.954830389,50.99863339,trocken,,Rad
112873,5,3,15,0,2019,Juni,7,Freitag,Unfall mit Schwerverletzten,Zusammenstoß zwischen Fahrzeug und Fußgänger,Überschreiten-Unfall,Tageslicht,0,1,1,0,0,0,"349350,5593","5643146,684",6.856635703,50.92027159,trocken,,"Fuss, PKW"
112874,5,3,15,0,2019,Juni,15,Sonntag,Unfall mit Leichtverletzten,Zusammenstoß mit vorausfahrendem / wartendem Fahrzeug,Unfall im Längsverkehr,Tageslicht,0,1,0,1,0,0,"356291,4582","5648085,516",6.953369823,50.96642657,trocken,,"Krad, PKW"
112875,5,3,15,0,2019,Juni,19,Freitag,Unfall mit Leichtverletzten,Zusammenstoß mit seitlich in gleicher Richtung fahrendem Fahrzeug,Unfall im Längsverkehr,Tageslicht,0,1,0,0,0,0,"354846,0573","5646234,017",6.933537788,50.94942531,trocken,,PKW
112876,5,3,15,0,2019,Juni,13,Sonntag,Unfall mit Leichtverletzten,Unfall anderer Art,Einbiegen / Kreuzen-Unfall,Tageslicht,1,0,0,1,0,0,"353009,5907","5655857,267",6.903517492,51.03543925,trocken,,"Rad, Krad"
112877,5,3,15,0,2019,Juni,15,Freitag,Unfall mit Leichtverletzten,Unfall anderer Art,Sonstiger Unfall,Tageslicht,1,0,0,0,0,1,"354577,2674","5647447,317",6.929229155,50.96026112,trocken,,"Rad, Sonstige"
112878,5,3,15,0,2019,Juni,1,Sonntag,Unfall mit Leichtverletzten,Zusammenstoß mit seitlich in gleicher Richtung fahrendem Fahrzeug,Unfall im Längsverkehr,Dunkelheit,0,1,0,0,0,0,"355383,386","5646703,261",6.940995705,50.95377735,trocken,,PKW
112879,5,3,15,0,2019,Juni,13,Freitag,Unfall mit Leichtverletzten,Zusammenstoß mit anfahrendem/ anhaltendem/ruhendem Fahrzeug,Unfall durch ruhenden Verkehr,Tageslicht,1,1,0,0,0,0,"352745,9692","5644931,702",6.904187921,50.93718931,trocken,,"Rad, PKW"
112881,5,3,15,0,2019,Juni,15,Freitag,Unfall mit Leichtverletzten,Zusammenstoß mit vorausfahrendem / wartendem Fahrzeug,Unfall im Längsverkehr,Tageslicht,0,1,0,0,0,0,"351234,3865","5643564,753",6.88324763,50.92451731,trocken,,PKW
112883,5,3,15,0,2019,Juni,8,Freitag,Unfall mit Leichtverletzten,Zusammenstoß mit vorausfahrendem / wartendem Fahrzeug,Unfall im Längsverkehr,Tageslicht,0,1,0,0,0,1,"357217,1473","5634731,566",6.971767903,50.84664494,trocken,,"PKW, Sonstige"
112885,5,3,15,0,2019,Juni,19,Freitag,Unfall mit Schwerverletzten,Zusammenstoß mit vorausfahrendem / wartendem Fahrzeug,Sonstiger Unfall,Tageslicht,0,1,0,1,0,0,"354135,4542","5636497,833",6.927318964,50.86174932,trocken,,"Krad, PKW"
113085,5,3,15,0,2019,Juli,17,Mittwoch,Unfall mit Leichtverletzten,Zusammenstoß mit vorausfahrendem / wartendem Fahrzeug,Unfall im Längsverkehr,Tageslicht,0,1,0,0,0,0,"357115,3958","5636685,336",6.969560909,50.86417848,trocken,,PKW
113088,5,3,15,0,2019,Juli,13,Freitag,Unfall mit Leichtverletzten,Zusammenstoß mit vorausfahrendem / wartendem Fahrzeug,Unfall im Längsverkehr,Tageslicht,0,1,0,0,1,0,"351252,71","5651264,026",6.880361217,50.99371088,trocken,,"PKW, Gkfz"
113159,5,3,15,0,2019,Juli,9,Donnerstag,Unfall mit Leichtverletzten,Zusammenstoß mit anfahrendem/ anhaltendem/ruhendem Fahrzeug,Unfall durch ruhenden Verkehr,Tageslicht,0,1,0,0,1,0,"359830,7946","5644856,446",7.004985559,50.93827863,trocken,,"PKW, Gkfz"
113161,5,3,15,0,2019,Juli,15,Donnerstag,Unfall mit Leichtverletzten,Zusammenstoß mit einbiegendem / kreuzendem Fahrzeug,Einbiegen / Kreuzen-Unfall,Tageslicht,1,1,0,0,0,0,"360846,578","5646066,263",7.018971626,50.94939753,trocken,,"Rad, PKW"
113163,5,3,15,0,2019,Juli,17,Donnerstag,Unfall mit Schwerverletzten,Abkommen von Fahrbahn nach links,Fahrunfall,Tageslicht,0,0,0,1,0,0,"355801,6627","5650373,734",6.945491586,50.98686783,trocken,,Krad
113165,5,3,15,0,2019,Juli,12,Donnerstag,Unfall mit Leichtverletzten,Unfall anderer Art,Sonstiger Unfall,Tageslicht,1,0,0,0,0,0,"357956,4266","5647110,359",6.977446322,50.95807583,trocken,,Rad
113167,5,3,15,0,2019,Juli,3,Donnerstag,Unfall mit Schwerverletzten,Zusammenstoß mit einbiegendem / kreuzendem Fahrzeug,Einbiegen / Kreuzen-Unfall,Dunkelheit,0,1,0,0,0,0,"353355,2458","5645790,176",6.912507791,50.94505934,trocken,,PKW
113168,5,3,15,0,2019,Juli,18,Donnerstag,Unfall mit Leichtverletzten,Zusammenstoß mit einbiegendem / kreuzendem Fahrzeug,Abbiegeunfall,Tageslicht,1,1,0,0,0,0,"353008,5104","5644612,417",6.908050698,50.934387,trocken,,"Rad, PKW"
113170,5,3,15,0,2019,Juli,10,Donnerstag,Unfall mit Leichtverletzten,Zusammenstoß mit vorausfahrendem / wartendem Fahrzeug,Unfall im Längsverkehr,Tageslicht,0,1,0,1,0,0,"355694,341","5645893,211",6.945740981,50.94657554,trocken,,"Krad, PKW"
113203,5,3,15,0,2019,Juli,16,Dienstag,Unfall mit Schwerverletzten,Abkommen von Fahrbahn nach rechts,Fahrunfall,Tageslicht,0,1,0,0,0,0,"363534,3448","5641447,656",7.058940707,50.90853068,trocken,,PKW
113205,5,3,15,0,2019,Juli,17,Dienstag,Unfall mit Leichtverletzten,Zusammenstoß mit vorausfahrendem / wartendem Fahrzeug,Unfall im Längsverkehr,Tageslicht,0,1,0,1,0,0,"357406,1385","5644135,846",6.970780575,50.93120816,trocken,,"Krad, PKW"
113207,5,3,15,0,2019,Juli,18,Dienstag,Unfall mit Leichtverletzten,Zusammenstoß mit einbiegendem / kreuzendem Fahrzeug,Einbiegen / Kreuzen-Unfall,Tageslicht,1,1,0,0,0,0,"360010,5962","5648818,879",7.006019012,50.97393317,trocken,,"Rad, PKW"
113209,5,3,15,0,2019,Juli,16,Dienstag,Unfall mit Leichtverletzten,Zusammenstoß mit entgegenkommendem Fahrzeug,Sonstiger Unfall,Tageslicht,1,1,0,0,0,0,"356305,2411","5647923,443",6.953629998,50.96497349,trocken,,"Rad, PKW"
113212,5,3,15,0,2019,Juli,19,Dienstag,Unfall mit Leichtverletzten,Zusammenstoß mit anfahrendem/ anhaltendem/ruhendem Fahrzeug,Unfall durch ruhenden Verkehr,Tageslicht,1,1,0,0,0,0,"353478,658","5646557,119",6.913954723,50.95198294,trocken,,"Rad, PKW"
113214,5,3,15,0,2019,Juli,15,Dienstag,Unfall mit Leichtverletzten,Zusammenstoß mit vorausfahrendem / wartendem Fahrzeug,Abbiegeunfall,Tageslicht,0,1,0,0,0,0,"349322,4914","5649466,695",6.853621526,50.9770576,trocken,,PKW
113216,5,3,15,0,2019,Juli,6,Dienstag,Unfall mit Leichtverletzten,Zusammenstoß mit seitlich in gleicher Richtung fahrendem Fahrzeug,Unfall im Längsverkehr,Dämmerung,0,1,0,0,1,0,"357071,425","5634802,199",6.96967174,50.84724373,trocken,,"PKW, Gkfz"
113218,5,3,15,0,2019,Juli,15,Dienstag,Unfall mit Leichtverletzten,Zusammenstoß mit vorausfahrendem / wartendem Fahrzeug,Unfall im Längsverkehr,Tageslicht,0,1,0,0,0,0,"354777,2745","5644803,706",6.933129496,50.93655416,trocken,,PKW
113312,5,3,15,0,2019,Juli,10,Donnerstag,Unfall mit Leichtverletzten,Zusammenstoß mit vorausfahrendem / wartendem Fahrzeug,Unfall im Längsverkehr,Tageslicht,0,1,0,0,0,0,"362736,0281","5641398,598",7.047611092,50.90790049,trocken,,PKW
113420,5,3,15,0,2019,Juli,16,Mittwoch,Unfall mit Leichtverletzten,Unfall anderer Art,Fahrunfall,Tageslicht,0,0,0,1,0,0,"359901,4663","5645845,067",7.005610532,50.94718067,trocken,,Krad
113422,5,3,15,0,2019,Juli,15,Mittwoch,Unfall mit Leichtverletzten,Zusammenstoß mit anfahrendem/ anhaltendem/ruhendem Fahrzeug,Einbiegen / Kreuzen-Unfall,Tageslicht,1,1,0,0,0,0,"359916,2834","5649037,412",7.004592314,50.97587421,trocken,,"Rad, PKW"
113423,5,3,15,0,2019,Juli,19,Mittwoch,Unfall mit Schwerverletzten,Zusammenstoß mit einbiegendem / kreuzendem Fahrzeug,Einbiegen / Kreuzen-Unfall,Tageslicht,1,1,0,0,0,0,"348680,1948","5657602,034",6.841085842,51.04999414,trocken,,"Rad, PKW"
113425,5,3,15,0,2019,Juli,22,Mittwoch,Unfall mit Getöteten,Abkommen von Fahrbahn nach links,Fahrunfall,Dunkelheit,0,1,0,0,0,0,"350391,5635","5646967,982",6.869866613,50.95488207,trocken,,PKW
113427,5,3,15,0,2019,Juli,19,Mittwoch,Unfall mit Leichtverletzten,Unfall anderer Art,Fahrunfall,Tageslicht,1,0,0,0,0,0,"353075,3903","5644890,389",6.908889765,50.93690207,trocken,,Rad
113429,5,3,15,0,2019,Juli,17,Mittwoch,Unfall mit Schwerverletzten,Zusammenstoß mit anfahrendem/ anhaltendem/ruhendem Fahrzeug,Sonstiger Unfall,Tageslicht,1,0,0,0,0,1,"353079,901","5644981,586",6.908917147,50.93772277,trocken,,"Rad, Sonstige"
113431,5,3,15,0,2019,Juli,13,Mittwoch,Unfall mit Leichtverletzten,Zusammenstoß zwischen Fahrzeug und Fußgänger,Überschreiten-Unfall,Tageslicht,1,0,1,0,0,0,"353938,4971","5646120,332",6.920672116,50.9481744,trocken,,"Rad, Fuss"
113432,5,3,15,0,2019,Juli,9,Mittwoch,Unfall mit Leichtverletzten,Zusammenstoß mit vorausfahrendem / wartendem Fahrzeug,Unfall im Längsverkehr,Tageslicht,0,1,0,0,0,1,"359268,4496","5637159,777",6.999953966,50.86897048,trocken,,"PKW, Sonstige"
113434,5,3,15,0,2019,Juli,13,Mittwoch,Unfall mit Leichtverletzten,Zusammenstoß zwischen Fahrzeug und Fußgänger,Unfall im Längsverkehr,Tageslicht,0,0,1,0,0,1,"355520,042","5643982,488",6.944019122,50.9293606,trocken,,"Fuss, Sonstige"
113435,5,3,15,0,2019,Juli,13,Mittwoch,Unfall mit Leichtverletzten,Unfall anderer Art,Fahrunfall,Tageslicht,0,0,0,1,0,1,"355483,2406","5643803,638",6.943566691,50.9277441,nass/feucht,,"Krad, Sonstige"
113463,5,3,15,0,2019,Juli,15,Mittwoch,Unfall mit Leichtverletzten,Zusammenstoß mit anfahrendem/ anhaltendem/ruhendem Fahrzeug,Unfall im Längsverkehr,Tageslicht,0,1,0,0,0,0,"352489,864","5651017,133",6.898078098,50.99181061,trocken,,PKW
113534,5,3,15,0,2019,Juli,21,Dienstag,Unfall mit Leichtverletzten,Zusammenstoß mit einbiegendem / kreuzendem Fahrzeug,Abbiegeunfall,Dämmerung,1,1,0,0,0,0,"356091,5285","5649067,114",6.950136041,50.97519807,trocken,,"Rad, PKW"
113536,5,3,15,0,2019,Juli,13,Dienstag,Unfall mit Schwerverletzten,Zusammenstoß zwischen Fahrzeug und Fußgänger,Überschreiten-Unfall,Tageslicht,0,0,1,0,1,0,"351293,745","5648191,495",6.882202523,50.96611056,trocken,,"Fuss, Gkfz"
113538,5,3,15,0,2019,Juli,10,Dienstag,Unfall mit Leichtverletzten,Zusammenstoß mit vorausfahrendem / wartendem Fahrzeug,Unfall im Längsverkehr,Tageslicht,0,1,0,0,0,0,"354210,4969","5644941,067",6.925013567,50.93764558,trocken,,PKW
113542,5,3,15,0,2019,Juli,17,Dienstag,Unfall mit Leichtverletzten,Zusammenstoß mit einbiegendem / kreuzendem Fahrzeug,Abbiegeunfall,Tageslicht,1,1,0,0,0,0,"353903,6627","5636100,92",6.924186043,50.85812381,trocken,,"Rad, PKW"
113546,5,3,15,0,2019,Juli,16,Dienstag,Unfall mit Leichtverletzten,Zusammenstoß mit anfahrendem/ anhaltendem/ruhendem Fahrzeug,Unfall im Längsverkehr,Tageslicht,0,1,0,0,0,0,"354173,9767","5644851,381",6.92453004,50.93683037,trocken,,PKW
113548,5,3,15,0,2019,Juli,17,Dienstag,Unfall mit Schwerverletzten,Zusammenstoß mit einbiegendem / kreuzendem Fahrzeug,Einbiegen / Kreuzen-Unfall,Tageslicht,1,0,0,0,0,1,"355334,97","5643979,148",6.941388649,50.9292842,trocken,,"Rad, Sonstige"
113617,5,3,15,0,2019,Juli,18,Samstag,Unfall mit Leichtverletzten,Zusammenstoß mit einbiegendem / kreuzendem Fahrzeug,Abbiegeunfall,Tageslicht,1,1,0,0,0,0,"360242,2582","5644960,868",7.010798045,50.93931696,trocken,,"Rad, PKW"
113619,5,3,15,0,2019,Juli,18,Samstag,Unfall mit Leichtverletzten,Zusammenstoß mit seitlich in gleicher Richtung fahrendem Fahrzeug,Abbiegeunfall,Tageslicht,1,1,0,0,0,0,"359918,2511","5644875,842",7.006222055,50.93847419,trocken,,"Rad, PKW"
113621,5,3,15,0,2019,Juli,19,Samstag,Unfall mit Schwerverletzten,Zusammenstoß mit einbiegendem / kreuzendem Fahrzeug,Abbiegeunfall,Tageslicht,1,1,0,0,0,0,"356091,4781","5649067,321",6.950135243,50.97519993,trocken,,"Rad, PKW"
113624,5,3,15,0,2019,Juli,16,Samstag,Unfall mit Leichtverletzten,Unfall anderer Art,Sonstiger Unfall,Tageslicht,0,1,0,0,0,0,"355439,4463","5651096,562",6.940046727,50.99327282,trocken,,PKW
113625,5,3,15,0,2019,Juli,9,Samstag,Unfall mit Leichtverletzten,Unfall anderer Art,Unfall im Längsverkehr,Tageslicht,1,0,0,0,1,0,"353963,378","5646102,835",6.921033088,50.94802347,trocken,,"Rad, Gkfz"
113627,5,3,15,0,2019,Juli,7,Samstag,Unfall mit Leichtverletzten,Zusammenstoß mit seitlich in gleicher Richtung fahrendem Fahrzeug,Unfall im Längsverkehr,Tageslicht,0,0,0,1,0,1,"353831,4699","5646583,566",6.918963591,50.95231019,trocken,,"Krad, Sonstige"
113629,5,3,15,0,2019,Juli,20,Samstag,Unfall mit Schwerverletzten,Unfall anderer Art,Sonstiger Unfall,Tageslicht,0,0,0,1,0,1,"351533,803","5644413,405",6.88715925,50.93222084,trocken,,"Krad, Sonstige"
113631,5,3,15,0,2019,Juli,23,Samstag,Unfall mit Leichtverletzten,Abkommen von Fahrbahn nach rechts,Fahrunfall,Dunkelheit,1,0,0,0,0,0,"355346,4455","5643955,804",6.941561099,50.92907729,trocken,,Rad
113633,5,3,15,0,2019,Juli,15,Samstag,Unfall mit Leichtverletzten,Zusammenstoß mit vorausfahrendem / wartendem Fahrzeug,Unfall im Längsverkehr,Tageslicht,0,1,0,0,0,0,"356994,2359","5643479,191",6.965180418,50.92520486,trocken,,PKW
113704,5,3,15,0,2019,Juli,1,Dienstag,Unfall mit Leichtverletzten,Abkommen von Fahrbahn nach rechts,Sonstiger Unfall,Dunkelheit,0,1,0,0,0,0,"347936,5469","5659734,76",6.82958791,51.06896232,trocken,,PKW
113706,5,3,15,0,2019,Juli,16,Dienstag,Unfall mit Leichtverletzten,Zusammenstoß mit vorausfahrendem / wartendem Fahrzeug,Unfall im Längsverkehr,Tageslicht,0,1,0,0,0,1,"350362,7101","5653660,205",6.866700351,51.01501285,trocken,,"PKW, Sonstige"