OBJECTID,ULAND,UREGBEZ,UKREIS,UGEMEINDE,UJAHR,UMONAT,USTUNDE,UWOCHENTAG,UKATEGORIE,UART,UTYP1,ULICHTVERH,IstRad,IstPKW,IstFuss,IstKrad,IstGkfz,IstSonstige,LINREFX,LINREFY,XGCSWGS84,YGCSWGS84,USTRZUSTAND,UIDENTSTLAE,Participants
113770,5,3,15,0,2019,Juli,14,Montag,Unfall mit Leichtverletzten,Zusammenstoß mit anfahrendem/ anhaltendem/ruhendem Fahrzeug,Unfall im Längsverkehr,Tageslicht,0,1,0,0,0,0,"366446,627","5635860,969",7.102381337,50.85900015,trocken,,PKW
113771,5,3,15,0,2019,Juli,19,Montag,Unfall mit Leichtverletzten,Zusammenstoß mit vorausfahrendem / wartendem Fahrzeug,Unfall im Längsverkehr,Tageslicht,0,1,0,0,0,0,"359790,9468","5647412,284",7.003434593,50.96123855,trocken,,PKW
113772,5,3,15,0,2019,Juli,10,Montag,Unfall mit Leichtverletzten,Unfall anderer Art,Sonstiger Unfall,Tageslicht,0,0,1,0,0,1,"357636,0545","5643884,874",6.974148283,50.92900947,trocken,,"Fuss, Sonstige"
113774,5,3,15,0,2019,Juli,8,Montag,Unfall mit Schwerverletzten,Unfall anderer Art,Fahrunfall,Tageslicht,1,0,0,0,0,0,"352473,4388","5644949,377",6.900304723,50.93727849,trocken,,Rad
113776,5,3,15,0,2019,Juli,16,Montag,Unfall mit Leichtverletzten,Zusammenstoß mit vorausfahrendem / wartendem Fahrzeug,Unfall im Längsverkehr,Tageslicht,0,1,0,0,0,0,"355383,386","5646703,261",6.940995705,50.95377735,trocken,,PKW
113778,5,3,15,0,2019,Juli,14,Montag,Unfall mit Leichtverletzten,Zusammenstoß mit vorausfahrendem / wartendem Fahrzeug,Unfall im Längsverkehr,Tageslicht,0,1,0,1,0,0,"356918,779","5645732,51",6.963222741,50.94543655,trocken,,"Krad, PKW"
113781,5,3,15,0,2019,Juli,1,Montag,Unfall mit Leichtverletzten,Zusammenstoß mit entgegenkommendem Fahrzeug,Unfall im Längsverkehr,Dunkelheit,1,0,0,0,0,1,"356182,668","5644619,844",6.953190494,50.93525402,trocken,,"Rad, Sonstige"
113785,5,3,15,0,2019,Juli,14,Samstag,Unfall mit Leichtverletzten,Zusammenstoß mit vorausfahrendem / wartendem Fahrzeug,Unfall im Längsverkehr,Tageslicht,0,1,0,0,0,0,"365932,2814","5633963,328",7.095772249,50.84182559,trocken,,PKW
113787,5,3,15,0,2019,Juli,14,Samstag,Unfall mit Schwerverletzten,Zusammenstoß mit vorausfahrendem / wartendem Fahrzeug,Unfall im Längsverkehr,Tageslicht,0,1,0,0,0,0,"365942,4615","5633943,456",7.095924027,50.84164934,trocken,,PKW
113789,5,3,15,0,2019,Juli,11,Samstag,Unfall mit Leichtverletzten,Zusammenstoß mit vorausfahrendem / wartendem Fahrzeug,Unfall im Längsverkehr,Tageslicht,0,1,0,0,0,1,"361867,7398","5648021,533",7.032757851,50.96721567,trocken,,"PKW, Sonstige"
113893,5,3,15,0,2019,Juli,16,Mittwoch,Unfall mit Leichtverletzten,Zusammenstoß mit seitlich in gleicher Richtung fahrendem Fahrzeug,Unfall im Längsverkehr,Tageslicht,0,1,0,0,1,0,"362970,4563","5642834,969",7.050403963,50.92086546,trocken,,"PKW, Gkfz"
113910,5,3,15,0,2019,Juli,18,Freitag,Unfall mit Leichtverletzten,Zusammenstoß mit seitlich in gleicher Richtung fahrendem Fahrzeug,Unfall im Längsverkehr,Tageslicht,0,1,0,1,0,0,"361311,056","5647837,691",7.024904831,50.96542968,trocken,,"Krad, PKW"
113912,5,3,15,0,2019,Juli,19,Freitag,Unfall mit Schwerverletzten,Zusammenstoß mit entgegenkommendem Fahrzeug,Unfall im Längsverkehr,Tageslicht,1,0,0,0,0,0,"356019,7674","5646881,334",6.949979647,50.95553699,trocken,,Rad
113914,5,3,15,0,2019,Juli,20,Freitag,Unfall mit Leichtverletzten,Zusammenstoß zwischen Fahrzeug und Fußgänger,Überschreiten-Unfall,Tageslicht,1,0,1,0,0,0,"353607,6092","5646417,323",6.91584553,50.95075941,trocken,,"Rad, Fuss"
113916,5,3,15,0,2019,Juli,8,Freitag,Unfall mit Leichtverletzten,Unfall anderer Art,Sonstiger Unfall,Tageslicht,1,0,0,0,0,0,"353585,3304","5646441,444",6.915518877,50.95097052,trocken,,Rad
113917,5,3,15,0,2019,Juli,23,Freitag,Unfall mit Leichtverletzten,Zusammenstoß mit einbiegendem / kreuzendem Fahrzeug,Abbiegeunfall,Dunkelheit,1,1,0,0,0,0,"357252,2079","5642726,931",6.969143065,50.91850822,trocken,,"Rad, PKW"
113966,5,3,15,0,2019,Juli,13,Sonntag,Unfall mit Leichtverletzten,Zusammenstoß mit anfahrendem/ anhaltendem/ruhendem Fahrzeug,Unfall im Längsverkehr,Tageslicht,0,1,0,0,0,1,"355231,171","5646652,115",6.938850356,50.9532795,trocken,,"PKW, Sonstige"
113968,5,3,15,0,2019,Juli,21,Sonntag,Unfall mit Leichtverletzten,Zusammenstoß mit vorausfahrendem / wartendem Fahrzeug,Unfall im Längsverkehr,Dämmerung,0,1,0,0,0,0,"353068,833","5640719,737",6.910476449,50.89942027,trocken,,PKW
113970,5,3,15,0,2019,Juli,2,Sonntag,Unfall mit Leichtverletzten,Zusammenstoß zwischen Fahrzeug und Fußgänger,Überschreiten-Unfall,Dunkelheit,0,1,1,0,0,0,"355294,7298","5645378,84",6.940260609,50.94185284,trocken,,"Fuss, PKW"
114072,5,3,15,0,2019,Juli,14,Freitag,Unfall mit Leichtverletzten,Zusammenstoß mit anfahrendem/ anhaltendem/ruhendem Fahrzeug,Unfall im Längsverkehr,Tageslicht,0,0,0,0,1,1,"348029,541","5659426,49",6.831043732,51.06621686,trocken,,"Gkfz, Sonstige"
114127,5,3,15,0,2019,Juli,8,Donnerstag,Unfall mit Leichtverletzten,Zusammenstoß zwischen Fahrzeug und Fußgänger,Überschreiten-Unfall,Tageslicht,0,1,1,0,0,0,"358917,8136","5642301,925",6.992988186,50.91509828,trocken,,"Fuss, PKW"
114128,5,3,15,0,2019,Juli,14,Donnerstag,Unfall mit Leichtverletzten,Zusammenstoß mit vorausfahrendem / wartendem Fahrzeug,Unfall im Längsverkehr,Tageslicht,0,1,0,0,0,0,"348577,6126","5642914,494",6.845743286,50.91798275,trocken,,PKW
114129,5,3,15,0,2019,Juli,5,Donnerstag,Unfall mit Leichtverletzten,Zusammenstoß mit einbiegendem / kreuzendem Fahrzeug,Einbiegen / Kreuzen-Unfall,Tageslicht,1,1,0,0,0,0,"353568,134","5646460,062",6.91526674,50.95113347,trocken,,"Rad, PKW"
114130,5,3,15,0,2019,Juli,12,Donnerstag,Unfall mit Schwerverletzten,Unfall anderer Art,Fahrunfall,Tageslicht,1,0,0,0,0,0,"354800,8417","5638352,137",6.936031207,50.87858117,trocken,,Rad
114131,5,3,15,0,2019,Juli,14,Donnerstag,Unfall mit Leichtverletzten,Zusammenstoß mit seitlich in gleicher Richtung fahrendem Fahrzeug,Abbiegeunfall,Tageslicht,1,1,0,0,0,0,"356041,3672","5644640,321",6.951172785,50.93540279,trocken,,"Rad, PKW"
114236,5,3,15,0,2019,Juli,7,Mittwoch,Unfall mit Leichtverletzten,Zusammenstoß mit vorausfahrendem / wartendem Fahrzeug,Unfall im Längsverkehr,Tageslicht,0,1,0,0,0,0,"361959,637","5636564,763",7.038400863,50.86427176,trocken,,PKW
114237,5,3,15,0,2019,Juli,17,Mittwoch,Unfall mit Leichtverletzten,Unfall anderer Art,Einbiegen / Kreuzen-Unfall,Tageslicht,1,1,0,0,0,0,"359509,1032","5646712,685",6.999693843,50.95488255,trocken,,"Rad, PKW"
114238,5,3,15,0,2019,Juli,1,Mittwoch,Unfall mit Leichtverletzten,Abkommen von Fahrbahn nach rechts,Sonstiger Unfall,Dunkelheit,0,1,0,0,0,0,"351008,328","5654444,466",6.875575626,51.02222807,trocken,,PKW
114239,5,3,15,0,2019,Juli,14,Mittwoch,Unfall mit Leichtverletzten,Zusammenstoß mit seitlich in gleicher Richtung fahrendem Fahrzeug,Unfall im Längsverkehr,Tageslicht,0,1,0,0,0,0,"354852,3073","5646213,122",6.933635033,50.9492391,trocken,,PKW
114240,5,3,15,0,2019,Juli,14,Mittwoch,Unfall mit Leichtverletzten,Unfall anderer Art,Fahrunfall,Tageslicht,1,0,0,0,0,1,"353962,4903","5636219,771",6.92497389,50.85920676,trocken,,"Rad, Sonstige"
114241,5,3,15,0,2019,Juli,17,Mittwoch,Unfall mit Schwerverletzten,Unfall anderer Art,Einbiegen / Kreuzen-Unfall,Tageslicht,0,1,0,1,0,0,"356181,0328","5644620,369",6.95316703,50.93525833,trocken,,"Krad, PKW"
114275,5,3,15,0,2019,Juli,14,Montag,Unfall mit Schwerverletzten,Zusammenstoß mit seitlich in gleicher Richtung fahrendem Fahrzeug,Abbiegeunfall,Tageslicht,1,1,0,0,0,0,"356395,6343","5647029,155",6.955269347,50.95695921,trocken,,"Rad, PKW"
114276,5,3,15,0,2019,Juli,11,Montag,Unfall mit Leichtverletzten,Zusammenstoß mit einbiegendem / kreuzendem Fahrzeug,Abbiegeunfall,Tageslicht,1,1,0,0,0,0,"352805,0372","5651767,927",6.902261586,50.99863829,trocken,,"Rad, PKW"
114278,5,3,15,0,2019,Juli,15,Montag,Unfall mit Leichtverletzten,Zusammenstoß mit anfahrendem/ anhaltendem/ruhendem Fahrzeug,Fahrunfall,Tageslicht,1,0,0,0,0,1,"356869,2407","5644438,365",6.96302646,50.9337939,trocken,,"Rad, Sonstige"
114331,5,3,15,0,2019,Juli,5,Sonntag,Unfall mit Schwerverletzten,Abkommen von Fahrbahn nach rechts,Fahrunfall,Dämmerung,0,1,0,0,0,0,"351533,803","5644413,405",6.88715925,50.93222084,nass/feucht,,PKW
114332,5,3,15,0,2019,Juli,17,Sonntag,Unfall mit Leichtverletzten,Zusammenstoß mit einbiegendem / kreuzendem Fahrzeug,Einbiegen / Kreuzen-Unfall,Tageslicht,1,1,0,0,0,0,"355967,874","5644649,983",6.950123722,50.93547127,trocken,,"Rad, PKW"
114333,5,3,15,0,2019,Juli,0,Sonntag,Unfall mit Leichtverletzten,Zusammenstoß zwischen Fahrzeug und Fußgänger,Überschreiten-Unfall,Dunkelheit,1,0,1,0,0,0,"355211,179","5644935,165",6.939248491,50.93784466,trocken,,"Rad, Fuss"
114395,5,3,15,0,2019,Juli,4,Sonntag,Unfall mit Leichtverletzten,Abkommen von Fahrbahn nach rechts,Sonstiger Unfall,Dämmerung,0,1,0,0,0,0,"356495,7496","5655164,57",6.953479528,51.03009532,nass/feucht,,PKW
114431,5,3,15,0,2019,Juli,20,Samstag,Unfall mit Leichtverletzten,Zusammenstoß zwischen Fahrzeug und Fußgänger,Überschreiten-Unfall,Tageslicht,0,1,1,0,0,0,"362706,9169","5637220,502",7.048767263,50.87034315,nass/feucht,,"Fuss, PKW"
114432,5,3,15,0,2019,Juli,13,Samstag,Unfall mit Leichtverletzten,Zusammenstoß mit einbiegendem / kreuzendem Fahrzeug,Abbiegeunfall,Tageslicht,1,1,0,0,0,0,"357465,8081","5644952,256",6.971309831,50.93855996,trocken,,"Rad, PKW"
114433,5,3,15,0,2019,Juli,17,Samstag,Unfall mit Schwerverletzten,Unfall anderer Art,Fahrunfall,Tageslicht,1,1,0,0,0,0,"353372,9128","5644868,01",6.913130265,50.93677668,trocken,,"Rad, PKW"
114434,5,3,15,0,2019,Juli,0,Samstag,Unfall mit Leichtverletzten,Zusammenstoß mit entgegenkommendem Fahrzeug,Unfall durch ruhenden Verkehr,Dunkelheit,1,0,0,0,0,0,"358419,905","5640540,309",6.986593007,50.89914455,trocken,,Rad
114435,5,3,15,0,2019,Juli,18,Samstag,Unfall mit Leichtverletzten,Zusammenstoß mit einbiegendem / kreuzendem Fahrzeug,Abbiegeunfall,Tageslicht,1,1,0,0,0,0,"351738,756","5643568,261",6.890417554,50.92467867,nass/feucht,,"Rad, PKW"
114436,5,3,15,0,2019,Juli,15,Samstag,Unfall mit Leichtverletzten,Zusammenstoß mit entgegenkommendem Fahrzeug,Unfall im Längsverkehr,Tageslicht,0,1,0,0,0,0,"356177,0559","5644603,338",6.953117192,50.93510428,trocken,,PKW
114545,5,3,15,0,2019,Juli,18,Freitag,Unfall mit Leichtverletzten,Zusammenstoß mit einbiegendem / kreuzendem Fahrzeug,Einbiegen / Kreuzen-Unfall,Tageslicht,1,1,0,0,0,0,"359948,3465","5648937,034",7.005087403,50.97497991,trocken,,"Rad, PKW"
114608,5,3,15,0,2019,Juli,9,Donnerstag,Unfall mit Leichtverletzten,Unfall anderer Art,Fahrunfall,Tageslicht,1,0,0,0,0,0,"363228,4223","5639502,332",7.055320654,50.89097473,trocken,,Rad
114609,5,3,15,0,2019,Juli,13,Donnerstag,Unfall mit Leichtverletzten,Zusammenstoß mit seitlich in gleicher Richtung fahrendem Fahrzeug,Unfall durch ruhenden Verkehr,Tageslicht,1,1,0,0,0,0,"364774,545","5645506,656",7.075064864,50.94530295,trocken,,"Rad, PKW"
114610,5,3,15,0,2019,Juli,17,Donnerstag,Unfall mit Leichtverletzten,Zusammenstoß mit seitlich in gleicher Richtung fahrendem Fahrzeug,Unfall durch ruhenden Verkehr,Tageslicht,1,1,0,0,0,0,"359524,3384","5644800,124",7.000648349,50.93769788,trocken,,"Rad, PKW"
114611,5,3,15,0,2019,Juli,9,Donnerstag,Unfall mit Leichtverletzten,Zusammenstoß mit einbiegendem / kreuzendem Fahrzeug,Abbiegeunfall,Tageslicht,1,1,0,0,0,0,"360458,0547","5647586,282",7.012861301,50.96296425,trocken,,"Rad, PKW"
114612,5,3,15,0,2019,Juli,13,Donnerstag,Unfall mit Leichtverletzten,Zusammenstoß mit seitlich in gleicher Richtung fahrendem Fahrzeug,Abbiegeunfall,Tageslicht,1,1,0,0,0,0,"356350,0834","5647501,623",6.954434709,50.96119385,trocken,,"Rad, PKW"
114613,5,3,15,0,2019,Juli,6,Donnerstag,Unfall mit Leichtverletzten,Zusammenstoß mit einbiegendem / kreuzendem Fahrzeug,Einbiegen / Kreuzen-Unfall,Tageslicht,1,1,0,0,0,0,"349063,8793","5643064,886",6.852593874,50.91946161,trocken,,"Rad, PKW"
114614,5,3,15,0,2019,Juli,11,Donnerstag,Unfall mit Leichtverletzten,Zusammenstoß mit einbiegendem / kreuzendem Fahrzeug,Abbiegeunfall,Tageslicht,1,1,0,0,0,0,"354260,2535","5640287,686",6.927580288,50.89583945,trocken,,"Rad, PKW"
114615,5,3,15,0,2019,Juli,14,Donnerstag,Unfall mit Leichtverletzten,Unfall anderer Art,Sonstiger Unfall,Tageslicht,0,1,0,1,0,0,"357575,936","5634587,212",6.976917235,50.84543605,trocken,,"Krad, PKW"
114670,5,3,15,0,2019,Juli,2,Donnerstag,Unfall mit Leichtverletzten,Zusammenstoß mit vorausfahrendem / wartendem Fahrzeug,Unfall im Längsverkehr,Dunkelheit,0,1,0,0,0,1,"348911,0596","5645553,787",6.849389682,50.94178755,trocken,,"PKW, Sonstige"
114697,5,3,15,0,2019,Juli,18,Mittwoch,Unfall mit Leichtverletzten,Zusammenstoß mit einbiegendem / kreuzendem Fahrzeug,Einbiegen / Kreuzen-Unfall,Tageslicht,1,0,0,0,0,0,"362720,1704","5645198,013",7.045955208,50.94204353,trocken,,Rad
114698,5,3,15,0,2019,Juli,16,Mittwoch,Unfall mit Leichtverletzten,Zusammenstoß mit einbiegendem / kreuzendem Fahrzeug,Einbiegen / Kreuzen-Unfall,Tageslicht,0,1,0,1,0,0,"361574,4478","5645029,671",7.029721198,50.94025666,trocken,,"Krad, PKW"
114699,5,3,15,0,2019,Juli,17,Mittwoch,Unfall mit Leichtverletzten,Zusammenstoß mit einbiegendem / kreuzendem Fahrzeug,Abbiegeunfall,Tageslicht,0,1,0,1,0,0,"358701,987","5642527,263",6.989832614,50.91707061,trocken,,"Krad, PKW"
114700,5,3,15,0,2019,Juli,17,Mittwoch,Unfall mit Leichtverletzten,Zusammenstoß mit einbiegendem / kreuzendem Fahrzeug,Einbiegen / Kreuzen-Unfall,Tageslicht,1,1,0,0,0,0,"359509,2164","5646712,953",6.99969535,50.95488498,trocken,,"Rad, PKW"
114701,5,3,15,0,2019,Juli,16,Mittwoch,Unfall mit Schwerverletzten,Unfall anderer Art,Fahrunfall,Tageslicht,1,0,0,0,0,0,"359329,614","5647724,905",6.996748674,50.96393565,trocken,,Rad
114702,5,3,15,0,2019,Juli,18,Mittwoch,Unfall mit Leichtverletzten,Zusammenstoß mit einbiegendem / kreuzendem Fahrzeug,Einbiegen / Kreuzen-Unfall,Tageslicht,1,1,0,0,0,0,"356159,757","5648785,801",6.951218523,50.97268702,trocken,,"Rad, PKW"
114703,5,3,15,0,2019,Juli,17,Mittwoch,Unfall mit Leichtverletzten,Zusammenstoß mit einbiegendem / kreuzendem Fahrzeug,Einbiegen / Kreuzen-Unfall,Tageslicht,1,1,0,0,0,0,"348296,3478","5648464,33",6.8394335,50.96778079,trocken,,"Rad, PKW"
114704,5,3,15,0,2019,Juli,9,Mittwoch,Unfall mit Leichtverletzten,Zusammenstoß mit seitlich in gleicher Richtung fahrendem Fahrzeug,Unfall im Längsverkehr,Tageslicht,1,0,0,0,0,0,"355210,2361","5646647,282",6.938554423,50.95323081,trocken,,Rad
114705,5,3,15,0,2019,Juli,16,Mittwoch,Unfall mit Schwerverletzten,Zusammenstoß mit seitlich in gleicher Richtung fahrendem Fahrzeug,Unfall im Längsverkehr,Tageslicht,1,0,0,0,0,0,"354238,7094","5645141,585",6.925334606,50.93945471,trocken,,Rad
114763,5,3,15,0,2019,Juli,13,Mittwoch,Unfall mit Leichtverletzten,Abkommen von Fahrbahn nach links,Fahrunfall,Tageslicht,0,0,0,1,0,0,"363678,758","5646237,086",7.059202409,50.95160956,trocken,,Krad
114797,5,3,15,0,2019,Juli,20,Dienstag,Unfall mit Leichtverletzten,Zusammenstoß zwischen Fahrzeug und Fußgänger,Unfall im Längsverkehr,Tageslicht,1,0,1,0,0,0,"362689,0489","5645187,59",7.045516429,50.94194244,trocken,,"Rad, Fuss"
114798,5,3,15,0,2019,Juli,16,Dienstag,Unfall mit Leichtverletzten,Zusammenstoß mit entgegenkommendem Fahrzeug,Unfall im Längsverkehr,Tageslicht,1,0,0,0,0,0,"357884,0935","5646647,138",6.976597924,50.95389505,trocken,,Rad
114799,5,3,15,0,2019,Juli,9,Dienstag,Unfall mit Leichtverletzten,Zusammenstoß mit einbiegendem / kreuzendem Fahrzeug,Sonstiger Unfall,Tageslicht,0,0,0,0,0,1,"354393,3865","5642619,995",6.928541754,50.91683294,trocken,,Sonstige
114842,5,3,15,0,2019,Juli,6,Dienstag,Unfall mit Leichtverletzten,Abkommen von Fahrbahn nach rechts,Sonstiger Unfall,Tageslicht,0,1,0,0,0,0,"363239,7538","5641351,426",7.054789143,50.9075961,trocken,,PKW
114890,5,3,15,0,2019,Juli,12,Sonntag,Unfall mit Schwerverletzten,Zusammenstoß mit einbiegendem / kreuzendem Fahrzeug,Einbiegen / Kreuzen-Unfall,Tageslicht,0,0,0,1,0,1,"358337,14","5645557,788",6.983467789,50.9442166,trocken,,"Krad, Sonstige"
114891,5,3,15,0,2019,Juli,19,Sonntag,Unfall mit Schwerverletzten,Zusammenstoß mit einbiegendem / kreuzendem Fahrzeug,Einbiegen / Kreuzen-Unfall,Tageslicht,0,1,0,0,0,0,"359947,9102","5649023,356",7.005047941,50.97575558,nass/feucht,,PKW
114892,5,3,15,0,2019,Juli,19,Sonntag,Unfall mit Leichtverletzten,Zusammenstoß mit einbiegendem / kreuzendem Fahrzeug,Abbiegeunfall,Tageslicht,0,1,0,0,0,0,"349694,1577","5649296,547",6.85898224,50.97562573,nass/feucht,,PKW
114893,5,3,15,0,2019,Juli,13,Sonntag,Unfall mit Leichtverletzten,Zusammenstoß mit anfahrendem/ anhaltendem/ruhendem Fahrzeug,Unfall im Längsverkehr,Tageslicht,0,1,0,1,0,0,"354173,9733","5644848,746",6.924531047,50.93680668,trocken,,"Krad, PKW"
114894,5,3,15,0,2019,Juli,1,Sonntag,Unfall mit Schwerverletzten,Unfall anderer Art,Sonstiger Unfall,Dunkelheit,0,0,0,0,0,1,"353976,6948","5644848,363",6.921725408,50.93675332,trocken,,Sonstige
114895,5,3,15,0,2019,Juli,4,Sonntag,Unfall mit Schwerverletzten,Zusammenstoß mit einbiegendem / kreuzendem Fahrzeug,Einbiegen / Kreuzen-Unfall,Dunkelheit,0,1,0,0,0,0,"351738,756","5643568,261",6.890417554,50.92467867,trocken,,PKW
114896,5,3,15,0,2019,Juli,3,Sonntag,Unfall mit Leichtverletzten,Zusammenstoß mit anfahrendem/ anhaltendem/ruhendem Fahrzeug,Unfall durch ruhenden Verkehr,Dunkelheit,1,1,0,0,0,0,"355196,8938","5644601,154",6.939178043,50.93483939,trocken,,"Rad, PKW"
114953,5,3,15,0,2019,Juli,16,Sonntag,Unfall mit Leichtverletzten,Zusammenstoß mit vorausfahrendem / wartendem Fahrzeug,Unfall im Längsverkehr,Tageslicht,0,1,0,0,0,0,"362247,9612","5642637,465",7.040205627,50.91891838,nass/feucht,,PKW
114954,5,3,15,0,2019,Juli,12,Sonntag,Unfall mit Leichtverletzten,Zusammenstoß mit vorausfahrendem / wartendem Fahrzeug,Unfall im Längsverkehr,Tageslicht,0,1,0,0,0,0,"360623,3218","5651880,77",7.013566333,51.00159934,trocken,,PKW
114956,5,3,15,0,2019,Juli,15,Sonntag,Unfall mit Leichtverletzten,Zusammenstoß mit anfahrendem/ anhaltendem/ruhendem Fahrzeug,Unfall im Längsverkehr,Tageslicht,0,1,0,0,0,0,"347502,0539","5644151,665",6.829935849,50.92881695,trocken,,PKW
114957,5,3,15,0,2019,Juli,14,Sonntag,Unfall mit Leichtverletzten,Zusammenstoß mit vorausfahrendem / wartendem Fahrzeug,Unfall im Längsverkehr,Tageslicht,0,1,0,0,0,0,"351499,0173","5652262,804",6.883460046,51.00274987,trocken,,PKW
115003,5,3,15,0,2019,Juli,11,Samstag,Unfall mit Leichtverletzten,Zusammenstoß mit einbiegendem / kreuzendem Fahrzeug,Einbiegen / Kreuzen-Unfall,Tageslicht,0,1,0,0,0,0,"365954,3522","5634297,991",7.095963085,50.84483857,trocken,,PKW
115004,5,3,15,0,2019,Juli,14,Samstag,Unfall mit Leichtverletzten,Zusammenstoß mit seitlich in gleicher Richtung fahrendem Fahrzeug,Unfall im Längsverkehr,Tageslicht,0,1,0,1,0,0,"357614,814","5645096,902",6.973372685,50.93989669,trocken,,"Krad, PKW"
115005,5,3,15,0,2019,Juli,8,Samstag,Unfall mit Schwerverletzten,Zusammenstoß mit seitlich in gleicher Richtung fahrendem Fahrzeug,Abbiegeunfall,Tageslicht,1,0,0,0,0,1,"354588,5053","5645692,924",6.9300898,50.94449775,nass/feucht,,"Rad, Sonstige"
115039,5,3,15,0,2019,Juli,10,Dienstag,Unfall mit Leichtverletzten,Zusammenstoß mit seitlich in gleicher Richtung fahrendem Fahrzeug,Unfall im Längsverkehr,Tageslicht,0,1,0,0,1,0,"348674,8496","5644059,091",6.84665065,50.9282939,trocken,,"PKW, Gkfz"
115041,5,3,15,0,2019,Juli,17,Dienstag,Unfall mit Leichtverletzten,Zusammenstoß mit vorausfahrendem / wartendem Fahrzeug,Unfall im Längsverkehr,Tageslicht,0,1,0,0,0,0,"351466,0586","5652307,982",6.882972153,51.00314735,trocken,,PKW
115094,5,3,15,0,2019,Juli,19,Samstag,Unfall mit Leichtverletzten,Zusammenstoß mit seitlich in gleicher Richtung fahrendem Fahrzeug,Einbiegen / Kreuzen-Unfall,Tageslicht,0,1,0,0,1,0,"361697,4021","5648222,536",7.030257051,50.96898126,trocken,,"PKW, Gkfz"
115096,5,3,15,0,2019,Juli,13,Samstag,Unfall mit Leichtverletzten,Zusammenstoß mit vorausfahrendem / wartendem Fahrzeug,Unfall im Längsverkehr,Tageslicht,0,1,0,0,0,0,"354031,2832","5639813,285",6.924516184,50.8915183,trocken,,PKW
115098,5,3,15,0,2019,Juli,14,Samstag,Unfall mit Leichtverletzten,Zusammenstoß mit vorausfahrendem / wartendem Fahrzeug,Unfall im Längsverkehr,Tageslicht,0,1,0,0,1,1,"349492,3308","5643248,481",6.858609243,50.92122337,trocken,,"PKW, Gkfz, Sonstige"
115111,5,3,15,0,2019,Juli,2,Montag,Unfall mit Schwerverletzten,Zusammenstoß mit entgegenkommendem Fahrzeug,Sonstiger Unfall,Dunkelheit,0,1,0,0,0,1,"355262,8167","5643842,888",6.940416702,50.92804156,trocken,,"PKW, Sonstige"
115113,5,3,15,0,2019,Juli,0,Montag,Unfall mit Schwerverletzten,Unfall anderer Art,Sonstiger Unfall,Dunkelheit,0,0,0,0,0,1,"354966,8756","5645430,992",6.935576393,50.94223914,trocken,,Sonstige
115158,5,3,15,0,2019,Juli,18,Freitag,Unfall mit Leichtverletzten,Zusammenstoß mit vorausfahrendem / wartendem Fahrzeug,Unfall im Längsverkehr,Tageslicht,0,1,0,0,0,0,"366055,4918","5643790,828",7.09391908,50.9301808,trocken,,PKW
115160,5,3,15,0,2019,Juli,8,Freitag,Unfall mit Schwerverletzten,Zusammenstoß mit einbiegendem / kreuzendem Fahrzeug,Einbiegen / Kreuzen-Unfall,Tageslicht,1,1,0,0,0,0,"357709,9602","5646909,858",6.974017625,50.95621314,trocken,,"Rad, PKW"
115162,5,3,15,0,2019,Juli,9,Freitag,Unfall mit Leichtverletzten,Unfall anderer Art,Sonstiger Unfall,Tageslicht,0,0,0,0,0,1,"355723,4271","5640050,471",6.948465995,50.89407502,trocken,,Sonstige
115164,5,3,15,0,2019,Juli,18,Freitag,Unfall mit Leichtverletzten,Zusammenstoß mit seitlich in gleicher Richtung fahrendem Fahrzeug,Unfall im Längsverkehr,Tageslicht,0,1,0,0,0,1,"355064,5744","5643562,37",6.937709217,50.92547084,trocken,,"PKW, Sonstige"
115189,5,3,15,0,2019,Juli,17,Montag,Unfall mit Leichtverletzten,Zusammenstoß mit vorausfahrendem / wartendem Fahrzeug,Unfall im Längsverkehr,Tageslicht,0,1,0,0,0,0,"366387,0812","5642283,495",7.099187247,50.9167103,trocken,,PKW
115191,5,3,15,0,2019,Juli,10,Montag,Unfall mit Leichtverletzten,Zusammenstoß mit vorausfahrendem / wartendem Fahrzeug,Unfall im Längsverkehr,Tageslicht,0,1,0,0,0,0,"362109,0757","5642603,335",7.038243846,50.91857848,trocken,,PKW
115192,5,3,15,0,2019,Juli,11,Montag,Unfall mit Leichtverletzten,Zusammenstoß mit vorausfahrendem / wartendem Fahrzeug,Unfall im Längsverkehr,Tageslicht,0,1,0,0,0,0,"359537,4959","5641623,858",7.002058958,50.90915553,trocken,,PKW
115243,5,3,15,0,2019,Juli,22,Donnerstag,Unfall mit Schwerverletzten,Unfall anderer Art,Fahrunfall,Dunkelheit,0,0,0,1,0,0,"357927,5378","5646580,402",6.977242104,50.95330601,trocken,,Krad
115244,5,3,15,0,2019,Juli,6,Donnerstag,Unfall mit Leichtverletzten,Unfall anderer Art,Fahrunfall,Tageslicht,1,0,0,0,0,0,"356420,8926","5647074,46",6.955610873,50.95737266,trocken,,Rad
115245,5,3,15,0,2019,Juli,0,Donnerstag,Unfall mit Leichtverletzten,Unfall anderer Art,Fahrunfall,Dunkelheit,1,0,0,0,0,0,"353936,6097","5646738,023",6.920397465,50.9537249,trocken,,Rad
115246,5,3,15,0,2019,Juli,13,Donnerstag,Unfall mit Leichtverletzten,Abkommen von Fahrbahn nach links,Fahrunfall,Tageslicht,0,1,0,0,0,0,"351533,803","5644413,405",6.88715925,50.93222084,trocken,,PKW