OBJECTID,ULAND,UREGBEZ,UKREIS,UGEMEINDE,UJAHR,UMONAT,USTUNDE,UWOCHENTAG,UKATEGORIE,UART,UTYP1,ULICHTVERH,IstRad,IstPKW,IstFuss,IstKrad,IstGkfz,IstSonstige,LINREFX,LINREFY,XGCSWGS84,YGCSWGS84,USTRZUSTAND,UIDENTSTLAE,Participants
115347,5,3,15,0,2019,Juli,11,Mittwoch,Unfall mit Getöteten,Unfall anderer Art,Fahrunfall,Tageslicht,0,0,0,1,0,0,"357885,1227","5646646,04",6.976612996,50.95388544,trocken,,Krad
115348,5,3,15,0,2019,Juli,9,Mittwoch,Unfall mit Leichtverletzten,Zusammenstoß mit anfahrendem/ anhaltendem/ruhendem Fahrzeug,Unfall durch ruhenden Verkehr,Tageslicht,1,0,0,0,0,0,"347909,3761","5645202,503",6.835289143,50.93836751,trocken,,Rad
115349,5,3,15,0,2019,Juli,12,Mittwoch,Unfall mit Leichtverletzten,Unfall anderer Art,Überschreiten-Unfall,Tageslicht,0,0,1,0,0,1,"355764,5308","5644676,749",6.947221116,50.935661,trocken,,"Fuss, Sonstige"
115419,5,3,15,0,2019,Juli,16,Freitag,Unfall mit Leichtverletzten,Zusammenstoß mit anfahrendem/ anhaltendem/ruhendem Fahrzeug,Einbiegen / Kreuzen-Unfall,Tageslicht,1,1,0,0,0,0,"363026,1461","5645288,043",7.05027392,50.94292543,trocken,,"Rad, PKW"
115421,5,3,15,0,2019,Juli,13,Freitag,Unfall mit Leichtverletzten,Zusammenstoß mit vorausfahrendem / wartendem Fahrzeug,Unfall im Längsverkehr,Tageslicht,0,1,0,0,1,0,"350307,795","5647399,081",6.868497495,50.95873432,trocken,,"PKW, Gkfz"
115423,5,3,15,0,2019,Juli,4,Freitag,Unfall mit Schwerverletzten,Abkommen von Fahrbahn nach links,Fahrunfall,Dunkelheit,1,0,0,0,0,0,"352099,4008","5644952,888",6.894983579,50.93721424,trocken,,Rad
115425,5,3,15,0,2019,Juli,19,Freitag,Unfall mit Leichtverletzten,Unfall anderer Art,Sonstiger Unfall,Tageslicht,0,0,0,0,0,1,"352725,932","5647106,149",6.903023587,50.95672498,trocken,,Sonstige
115428,5,3,15,0,2019,Juli,22,Freitag,Unfall mit Leichtverletzten,Unfall anderer Art,Fahrunfall,Dunkelheit,1,0,0,0,0,0,"353561,9232","5644183,213",6.916093607,50.93067068,trocken,,Rad
115430,5,3,15,0,2019,Juli,17,Freitag,Unfall mit Leichtverletzten,Zusammenstoß mit einbiegendem / kreuzendem Fahrzeug,Einbiegen / Kreuzen-Unfall,Tageslicht,0,1,0,0,0,1,"353008,4567","5644612,012",6.908050098,50.93438335,trocken,,"PKW, Sonstige"
115471,5,3,15,0,2019,Juli,14,Dienstag,Unfall mit Leichtverletzten,Zusammenstoß mit anfahrendem/ anhaltendem/ruhendem Fahrzeug,Unfall durch ruhenden Verkehr,Tageslicht,0,1,0,0,0,0,"362354,739","5643783,065",7.041291361,50.92923978,trocken,,PKW
115473,5,3,15,0,2019,Juli,11,Dienstag,Unfall mit Schwerverletzten,Unfall anderer Art,Fahrunfall,Tageslicht,1,0,0,0,0,0,"366757,1326","5638308,731",7.105898952,50.88107174,trocken,,Rad
115475,5,3,15,0,2019,Juli,14,Dienstag,Unfall mit Leichtverletzten,Zusammenstoß mit vorausfahrendem / wartendem Fahrzeug,Unfall im Längsverkehr,Tageslicht,0,1,0,0,0,0,"358171,356","5644790,58",6.981408153,50.93728093,trocken,,PKW
115477,5,3,15,0,2019,Juli,20,Dienstag,Unfall mit Leichtverletzten,Zusammenstoß mit seitlich in gleicher Richtung fahrendem Fahrzeug,Abbiegeunfall,Tageslicht,0,1,0,0,0,0,"353501,2361","5651884,527",6.912129303,50.99986379,trocken,,PKW
115479,5,3,15,0,2019,Juli,20,Dienstag,Unfall mit Leichtverletzten,Zusammenstoß mit vorausfahrendem / wartendem Fahrzeug,Abbiegeunfall,Tageslicht,1,0,0,0,0,0,"355017,6703","5645383,725",6.936317723,50.94182714,trocken,,Rad
115481,5,3,15,0,2019,Juli,19,Dienstag,Unfall mit Schwerverletzten,Zusammenstoß mit seitlich in gleicher Richtung fahrendem Fahrzeug,Unfall im Längsverkehr,Tageslicht,0,1,0,1,0,0,"356870,6099","5644615,727",6.962976275,50.93538817,trocken,,"Krad, PKW"
115483,5,3,15,0,2019,Juli,18,Dienstag,Unfall mit Leichtverletzten,Zusammenstoß zwischen Fahrzeug und Fußgänger,Überschreiten-Unfall,Tageslicht,1,0,1,0,0,0,"357091,239","5643293,609",6.966632472,50.92356109,trocken,,"Rad, Fuss"
115597,5,3,15,0,2019,Juli,17,Dienstag,Unfall mit Leichtverletzten,Zusammenstoß mit anfahrendem/ anhaltendem/ruhendem Fahrzeug,Unfall im Längsverkehr,Tageslicht,0,1,0,0,1,0,"364678,0733","5640766,738",7.075451443,50.90268013,trocken,,"PKW, Gkfz"
115661,5,3,15,0,2019,Juli,12,Sonntag,Unfall mit Leichtverletzten,Zusammenstoß mit entgegenkommendem Fahrzeug,Unfall im Längsverkehr,Tageslicht,0,1,0,0,0,1,"363768,783","5633728,021",7.06514911,50.8392054,trocken,,"PKW, Sonstige"
115662,5,3,15,0,2019,Juli,13,Sonntag,Unfall mit Leichtverletzten,Unfall anderer Art,Fahrunfall,Tageslicht,1,0,0,0,0,0,"356477,4097","5651360,925",6.954722868,50.99590837,trocken,,Rad
115663,5,3,15,0,2019,Juli,8,Sonntag,Unfall mit Leichtverletzten,Zusammenstoß mit vorausfahrendem / wartendem Fahrzeug,Unfall im Längsverkehr,Tageslicht,0,1,0,0,0,0,"350587,5296","5649352,39",6.871675425,50.97636003,trocken,,PKW
115664,5,3,15,0,2019,Juli,16,Sonntag,Unfall mit Schwerverletzten,Zusammenstoß mit einbiegendem / kreuzendem Fahrzeug,Einbiegen / Kreuzen-Unfall,Tageslicht,1,1,0,0,0,0,"354757,6999","5645599,16",6.932533971,50.94369776,trocken,,"Rad, PKW"
115665,5,3,15,0,2019,Juli,17,Sonntag,Unfall mit Leichtverletzten,Unfall anderer Art,Fahrunfall,Tageslicht,1,0,0,0,0,0,"355095,1084","5644787,153",6.937656487,50.93648535,nass/feucht,,Rad
115710,5,3,15,0,2019,Juli,16,Sonntag,Unfall mit Leichtverletzten,Zusammenstoß mit vorausfahrendem / wartendem Fahrzeug,Unfall im Längsverkehr,Tageslicht,0,1,0,0,0,0,"361779,8621","5647933,729",7.031540475,50.96640547,nass/feucht,,PKW
115760,5,3,15,0,2019,Juli,8,Samstag,Unfall mit Leichtverletzten,Zusammenstoß mit vorausfahrendem / wartendem Fahrzeug,Sonstiger Unfall,Tageslicht,0,1,1,0,0,0,"361912,3407","5644060,958",7.034894658,50.93163156,trocken,,"Fuss, PKW"
115761,5,3,15,0,2019,Juli,19,Samstag,Unfall mit Leichtverletzten,Unfall anderer Art,Fahrunfall,Tageslicht,0,0,0,1,0,0,"355284,635","5648313,719",6.938950214,50.96822533,trocken,,Krad
115763,5,3,15,0,2019,Juli,9,Samstag,Unfall mit Leichtverletzten,Zusammenstoß mit einbiegendem / kreuzendem Fahrzeug,Einbiegen / Kreuzen-Unfall,Tageslicht,1,1,0,0,0,0,"349264,3605","5649515,573",6.852773814,50.97748161,trocken,,"Rad, PKW"
115798,5,3,15,0,2019,Juli,18,Dienstag,Unfall mit Leichtverletzten,Zusammenstoß mit einbiegendem / kreuzendem Fahrzeug,Einbiegen / Kreuzen-Unfall,Tageslicht,0,1,0,1,0,0,"364724,2816","5643143,821",7.0752269,50.92405513,trocken,,"Krad, PKW"
115800,5,3,15,0,2019,Juli,16,Dienstag,Unfall mit Leichtverletzten,Zusammenstoß mit einbiegendem / kreuzendem Fahrzeug,Abbiegeunfall,Tageslicht,1,0,0,0,0,1,"361438,492","5645316,049",7.027678368,50.94279776,trocken,,"Rad, Sonstige"
115802,5,3,15,0,2019,Juli,15,Dienstag,Unfall mit Leichtverletzten,Unfall anderer Art,Fahrunfall,Tageslicht,0,0,0,1,0,0,"361678,425","5644722,315",7.031316911,50.93751932,trocken,,Krad
115804,5,3,15,0,2019,Juli,15,Dienstag,Unfall mit Schwerverletzten,Unfall anderer Art,Sonstiger Unfall,Tageslicht,1,0,0,0,0,0,"354292,722","5645867,999",6.925812275,50.94599641,trocken,,Rad
115806,5,3,15,0,2019,Juli,9,Dienstag,Unfall mit Leichtverletzten,Zusammenstoß mit seitlich in gleicher Richtung fahrendem Fahrzeug,Einbiegen / Kreuzen-Unfall,Tageslicht,1,0,0,0,0,0,"353747,113","5644841,126",6.918463096,50.93663011,trocken,,Rad
115807,5,3,15,0,2019,Juli,6,Dienstag,Unfall mit Leichtverletzten,Zusammenstoß mit einbiegendem / kreuzendem Fahrzeug,Einbiegen / Kreuzen-Unfall,Tageslicht,1,1,0,0,0,0,"355184,9574","5643733,019",6.939353185,50.92703465,nass/feucht,,"Rad, PKW"
115900,5,3,15,0,2019,Juli,17,Samstag,Unfall mit Leichtverletzten,Zusammenstoß mit anfahrendem/ anhaltendem/ruhendem Fahrzeug,Unfall im Längsverkehr,Tageslicht,0,1,0,0,0,0,"362819,3968","5644504,485",7.047627853,50.93583415,trocken,,PKW
115965,5,3,15,0,2019,Juli,16,Montag,Unfall mit Schwerverletzten,Unfall anderer Art,Abbiegeunfall,Tageslicht,1,0,1,0,0,0,"350152,6599","5648747,753",6.865734627,50.97081359,nass/feucht,,"Rad, Fuss"
115976,5,3,15,0,2019,August,6,Freitag,Unfall mit Leichtverletzten,Abkommen von Fahrbahn nach rechts,Fahrunfall,Tageslicht,0,1,0,0,0,0,"364269,7624","5646011,552",7.067695454,50.94972206,trocken,,PKW
115977,5,3,15,0,2019,August,16,Freitag,Unfall mit Leichtverletzten,Zusammenstoß mit vorausfahrendem / wartendem Fahrzeug,Unfall im Längsverkehr,Tageslicht,0,1,0,0,0,0,"357124,29","5638772,832",6.968871645,50.8829411,trocken,,PKW
116012,5,3,15,0,2019,Juli,14,Donnerstag,Unfall mit Leichtverletzten,Abkommen von Fahrbahn nach links,Fahrunfall,Tageslicht,0,1,0,0,0,0,"366549,4043","5642216,964",7.10151948,50.9161499,trocken,,PKW
116013,5,3,15,0,2019,Juli,15,Donnerstag,Unfall mit Leichtverletzten,Zusammenstoß mit anfahrendem/ anhaltendem/ruhendem Fahrzeug,Unfall durch ruhenden Verkehr,Tageslicht,0,1,0,0,0,0,"356522,7692","5646652,842",6.957226674,50.95360902,trocken,,PKW
116142,5,3,15,0,2019,August,18,Samstag,Unfall mit Schwerverletzten,Unfall anderer Art,Fahrunfall,Tageslicht,1,0,0,0,0,0,"354338,559","5645501,8",6.926610772,50.94271708,trocken,,Rad
116224,5,3,15,0,2019,Juli,17,Mittwoch,Unfall mit Leichtverletzten,Zusammenstoß mit vorausfahrendem / wartendem Fahrzeug,Unfall im Längsverkehr,Tageslicht,0,1,0,0,0,0,"366581,0304","5642583,612",7.101835027,50.91945253,trocken,,PKW
116226,5,3,15,0,2019,Juli,16,Mittwoch,Unfall mit Leichtverletzten,Zusammenstoß mit einbiegendem / kreuzendem Fahrzeug,Einbiegen / Kreuzen-Unfall,Tageslicht,1,1,0,0,0,0,"365148,076","5637064,113",7.083498165,50.86951225,trocken,,"Rad, PKW"
116228,5,3,15,0,2019,Juli,17,Mittwoch,Unfall mit Leichtverletzten,Zusammenstoß mit einbiegendem / kreuzendem Fahrzeug,Einbiegen / Kreuzen-Unfall,Tageslicht,1,0,0,0,0,0,"367031,6895","5634563,371",7.111160744,50.84747238,trocken,,Rad
116231,5,3,15,0,2019,Juli,16,Mittwoch,Unfall mit Leichtverletzten,Zusammenstoß mit einbiegendem / kreuzendem Fahrzeug,Einbiegen / Kreuzen-Unfall,Tageslicht,1,1,0,0,0,0,"354018,1768","5653918,882",6.918673044,51.01827701,trocken,,"Rad, PKW"
116233,5,3,15,0,2019,Juli,17,Mittwoch,Unfall mit Leichtverletzten,Zusammenstoß mit vorausfahrendem / wartendem Fahrzeug,Unfall im Längsverkehr,Tageslicht,1,1,0,0,0,0,"352672,8006","5644936,079",6.903145515,50.93720996,trocken,,"Rad, PKW"
116235,5,3,15,0,2019,Juli,10,Mittwoch,Unfall mit Leichtverletzten,Unfall anderer Art,Einbiegen / Kreuzen-Unfall,Tageslicht,1,1,0,0,0,0,"351228,8302","5645018,778",6.882575177,50.93758242,trocken,,"Rad, PKW"
116237,5,3,15,0,2019,Juli,11,Mittwoch,Unfall mit Leichtverletzten,Zusammenstoß mit vorausfahrendem / wartendem Fahrzeug,Unfall im Längsverkehr,Tageslicht,0,1,0,0,0,0,"355195,2941","5644612,893",6.939150628,50.93494448,trocken,,PKW
116239,5,3,15,0,2019,August,13,Samstag,Unfall mit Leichtverletzten,Zusammenstoß mit anfahrendem/ anhaltendem/ruhendem Fahrzeug,Unfall im Längsverkehr,Tageslicht,0,1,0,0,0,0,"351376,978","5652417,195",6.881658717,51.00410577,trocken,,PKW
116240,5,3,15,0,2019,Juli,15,Mittwoch,Unfall mit Leichtverletzten,Zusammenstoß mit einbiegendem / kreuzendem Fahrzeug,Einbiegen / Kreuzen-Unfall,Tageslicht,1,0,0,0,0,0,"356838,1867","5644054,052",6.962735764,50.9303324,trocken,,Rad
116298,5,3,15,0,2019,August,13,Freitag,Unfall mit Leichtverletzten,Zusammenstoß mit vorausfahrendem / wartendem Fahrzeug,Abbiegeunfall,Tageslicht,0,1,0,0,0,0,"366285,7204","5642662,78",7.097607072,50.9200957,trocken,,PKW
116300,5,3,15,0,2019,August,10,Freitag,Unfall mit Schwerverletzten,Zusammenstoß mit seitlich in gleicher Richtung fahrendem Fahrzeug,Unfall im Längsverkehr,Tageslicht,0,1,0,0,1,0,"352377,9323","5657276,397",6.893936446,51.04803014,trocken,,"PKW, Gkfz"
116398,5,3,15,0,2019,Juli,18,Mittwoch,Unfall mit Leichtverletzten,Zusammenstoß mit anfahrendem/ anhaltendem/ruhendem Fahrzeug,Sonstiger Unfall,Tageslicht,0,1,0,0,1,0,"359411,5086","5641471,532",7.000326756,50.90775588,trocken,,"PKW, Gkfz"
116426,5,3,15,0,2019,August,15,Mittwoch,Unfall mit Leichtverletzten,Zusammenstoß mit vorausfahrendem / wartendem Fahrzeug,Unfall im Längsverkehr,Tageslicht,0,1,0,0,0,0,"359892,3421","5643367,561",7.006433312,50.92491274,trocken,,PKW
116427,5,3,15,0,2019,August,15,Mittwoch,Unfall mit Schwerverletzten,Abkommen von Fahrbahn nach links,Fahrunfall,Tageslicht,0,1,0,0,0,0,"358262,5865","5644595,266",6.982781712,50.93554807,trocken,,PKW
116428,5,3,15,0,2019,August,15,Mittwoch,Unfall mit Leichtverletzten,Zusammenstoß mit vorausfahrendem / wartendem Fahrzeug,Unfall im Längsverkehr,Tageslicht,0,1,0,0,0,0,"348622,9697","5655834,018",6.841008928,51.03409159,trocken,,PKW
116429,5,3,15,0,2019,August,13,Mittwoch,Unfall mit Schwerverletzten,Zusammenstoß mit seitlich in gleicher Richtung fahrendem Fahrzeug,Unfall im Längsverkehr,Tageslicht,0,1,0,1,0,0,"350526,2689","5650936,57",6.870151863,50.99058006,trocken,,"Krad, PKW"
116450,5,3,15,0,2019,August,14,Freitag,Unfall mit Leichtverletzten,Unfall anderer Art,Fahrunfall,Tageslicht,1,0,0,0,0,0,"356493,2261","5651661,12",6.95482947,50.9986101,nass/feucht,,Rad
116452,5,3,15,0,2019,August,12,Freitag,Unfall mit Leichtverletzten,Unfall anderer Art,Sonstiger Unfall,Tageslicht,0,1,0,0,0,0,"355217,8036","5644972,417",6.939327911,50.93818109,trocken,,PKW
116495,5,3,15,0,2019,August,9,Dienstag,Unfall mit Leichtverletzten,Unfall anderer Art,Fahrunfall,Tageslicht,1,0,0,0,0,0,"360045,2419","5648320,995",7.006703793,50.96946706,nass/feucht,,Rad
116560,5,3,15,0,2019,August,16,Freitag,Unfall mit Schwerverletzten,Zusammenstoß mit vorausfahrendem / wartendem Fahrzeug,Unfall im Längsverkehr,Tageslicht,0,1,0,0,0,0,"358931,6205","5643576,977",6.992691292,50.92656067,trocken,,PKW
116589,5,3,15,0,2019,August,14,Dienstag,Unfall mit Leichtverletzten,Zusammenstoß mit vorausfahrendem / wartendem Fahrzeug,Unfall im Längsverkehr,Tageslicht,0,0,0,0,0,1,"354025,975","5653340,569",6.919016869,51.01308196,trocken,,Sonstige
116590,5,3,15,0,2019,August,13,Dienstag,Unfall mit Leichtverletzten,Abkommen von Fahrbahn nach links,Sonstiger Unfall,Tageslicht,0,1,0,0,0,0,"355145,2539","5639116,916",6.940620479,50.88554057,trocken,,PKW
116627,5,3,15,0,2019,August,12,Donnerstag,Unfall mit Schwerverletzten,Zusammenstoß mit einbiegendem / kreuzendem Fahrzeug,Abbiegeunfall,Tageslicht,1,1,0,0,0,0,"356237,041","5648466,168",6.952444917,50.96983384,trocken,,"Rad, PKW"
116628,5,3,15,0,2019,August,14,Donnerstag,Unfall mit Leichtverletzten,Zusammenstoß mit einbiegendem / kreuzendem Fahrzeug,Einbiegen / Kreuzen-Unfall,Tageslicht,0,1,0,0,0,0,"349350,7567","5643146,741",6.856638486,50.92027215,trocken,,PKW
116629,5,3,15,0,2019,August,5,Donnerstag,Unfall mit Leichtverletzten,Zusammenstoß mit einbiegendem / kreuzendem Fahrzeug,Einbiegen / Kreuzen-Unfall,Dunkelheit,0,1,0,0,0,0,"354259,0545","5645171,645",6.925611958,50.93972999,trocken,,PKW
116630,5,3,15,0,2019,August,14,Donnerstag,Unfall mit Leichtverletzten,Zusammenstoß mit seitlich in gleicher Richtung fahrendem Fahrzeug,Unfall im Längsverkehr,Tageslicht,1,1,0,0,0,0,"353909,4406","5641937,821",6.921934917,50.91058014,trocken,,"Rad, PKW"
116631,5,3,15,0,2019,August,19,Donnerstag,Unfall mit Leichtverletzten,Zusammenstoß zwischen Fahrzeug und Fußgänger,Überschreiten-Unfall,Tageslicht,1,0,1,0,0,0,"355270,1743","5645233,432",6.939969096,50.94053993,nass/feucht,,"Rad, Fuss"
116662,5,3,15,0,2019,August,13,Montag,Unfall mit Leichtverletzten,Zusammenstoß mit einbiegendem / kreuzendem Fahrzeug,Einbiegen / Kreuzen-Unfall,Tageslicht,0,1,0,0,0,0,"360623,125","5646337,274",7.015688778,50.95177916,trocken,,PKW
116663,5,3,15,0,2019,August,17,Montag,Unfall mit Leichtverletzten,Zusammenstoß mit vorausfahrendem / wartendem Fahrzeug,Unfall im Längsverkehr,Tageslicht,1,1,0,0,0,0,"348517,2328","5642912,751",6.844885647,50.91795124,trocken,,"Rad, PKW"
116665,5,3,15,0,2019,August,13,Montag,Unfall mit Leichtverletzten,Zusammenstoß mit vorausfahrendem / wartendem Fahrzeug,Unfall im Längsverkehr,Tageslicht,0,1,0,0,0,0,"359398,4282","5637205,334",7.001782482,50.86941154,trocken,,PKW
116668,5,3,15,0,2019,August,5,Montag,Unfall mit Leichtverletzten,Abkommen von Fahrbahn nach rechts,Fahrunfall,Tageslicht,0,1,0,0,0,0,"353039,4521","5643945,327",6.908759701,50.92840001,trocken,,PKW
116670,5,3,15,0,2019,August,3,Montag,Unfall mit Schwerverletzten,Zusammenstoß zwischen Fahrzeug und Fußgänger,Sonstiger Unfall,Dunkelheit,0,1,1,0,0,0,"355240,5713","5645078,93",6.939609418,50.93914403,trocken,,"Fuss, PKW"
116672,5,3,15,0,2019,August,2,Montag,Unfall mit Leichtverletzten,Unfall anderer Art,Sonstiger Unfall,Dunkelheit,0,0,0,0,0,1,"355188,007","5644776,491",6.938981978,50.93641287,trocken,,Sonstige
116734,5,3,15,0,2019,August,8,Donnerstag,Unfall mit Leichtverletzten,Zusammenstoß mit vorausfahrendem / wartendem Fahrzeug,Unfall im Längsverkehr,Tageslicht,0,1,0,0,0,0,"366015,7846","5636454,624",7.096045876,50.8642361,trocken,,PKW
116736,5,3,15,0,2019,August,16,Donnerstag,Unfall mit Leichtverletzten,Zusammenstoß mit seitlich in gleicher Richtung fahrendem Fahrzeug,Unfall im Längsverkehr,Tageslicht,0,1,0,0,1,0,"361631,9609","5642026,353",7.031679112,50.91327874,trocken,,"PKW, Gkfz"
116739,5,3,15,0,2019,August,17,Donnerstag,Unfall mit Leichtverletzten,Zusammenstoß mit seitlich in gleicher Richtung fahrendem Fahrzeug,Unfall im Längsverkehr,Tageslicht,0,1,0,0,0,0,"365751,665","5646113,421",7.088742171,50.95098467,trocken,,PKW
116750,5,3,15,0,2019,August,15,Montag,Unfall mit Leichtverletzten,Zusammenstoß mit vorausfahrendem / wartendem Fahrzeug,Unfall im Längsverkehr,Tageslicht,0,1,0,0,0,0,"362724,4644","5644683,117",7.046210305,50.93741699,trocken,,PKW
116812,5,3,15,0,2019,August,1,Sonntag,Unfall mit Schwerverletzten,Zusammenstoß mit einbiegendem / kreuzendem Fahrzeug,Sonstiger Unfall,Dunkelheit,0,1,0,0,0,0,"359680,3609","5641657,408",7.004076854,50.9094918,nass/feucht,,PKW
116814,5,3,15,0,2019,August,18,Sonntag,Unfall mit Leichtverletzten,Zusammenstoß mit einbiegendem / kreuzendem Fahrzeug,Abbiegeunfall,Tageslicht,0,1,0,0,0,1,"359586,376","5650553,89",6.999310139,50.98942252,trocken,,"PKW, Sonstige"
116816,5,3,15,0,2019,August,21,Sonntag,Unfall mit Leichtverletzten,Zusammenstoß mit einbiegendem / kreuzendem Fahrzeug,Einbiegen / Kreuzen-Unfall,Dämmerung,0,1,0,0,0,1,"353164,9949","5646861,416",6.909369496,50.95463771,trocken,,"PKW, Sonstige"
116823,5,3,15,0,2019,August,20,Mittwoch,Unfall mit Leichtverletzten,Zusammenstoß mit anfahrendem/ anhaltendem/ruhendem Fahrzeug,Unfall im Längsverkehr,Dunkelheit,0,1,0,0,0,0,"365102,4191","5638402,294",7.082355994,50.8815287,nass/feucht,,PKW
116825,5,3,15,0,2019,August,16,Mittwoch,Unfall mit Leichtverletzten,Zusammenstoß mit vorausfahrendem / wartendem Fahrzeug,Unfall im Längsverkehr,Tageslicht,0,1,0,0,0,0,"359718,8473","5645830,904",7.00301798,50.94700898,trocken,,PKW
116828,5,3,15,0,2019,August,15,Mittwoch,Unfall mit Leichtverletzten,Unfall anderer Art,Sonstiger Unfall,Tageslicht,0,0,1,0,0,1,"360517,003","5646472,335",7.01412714,50.95296731,trocken,,"Fuss, Sonstige"
116830,5,3,15,0,2019,August,19,Mittwoch,Unfall mit Schwerverletzten,Abkommen von Fahrbahn nach rechts,Unfall im Längsverkehr,Tageslicht,0,1,0,0,0,0,"358208,898","5647879,178",6.980739272,50.96504736,nass/feucht,,PKW
116832,5,3,15,0,2019,August,15,Mittwoch,Unfall mit Leichtverletzten,Zusammenstoß mit vorausfahrendem / wartendem Fahrzeug,Unfall im Längsverkehr,Tageslicht,1,0,0,0,0,0,"351508,111","5645015,941",6.886548377,50.93762891,trocken,,Rad
116834,5,3,15,0,2019,August,14,Mittwoch,Unfall mit Leichtverletzten,Zusammenstoß mit seitlich in gleicher Richtung fahrendem Fahrzeug,Unfall im Längsverkehr,Tageslicht,0,1,0,1,0,0,"356618,9144","5646263,538",6.958747942,50.95013432,trocken,,"Krad, PKW"
116890,5,3,15,0,2019,August,15,Dienstag,Unfall mit Schwerverletzten,Zusammenstoß mit anfahrendem/ anhaltendem/ruhendem Fahrzeug,Unfall im Längsverkehr,Tageslicht,0,1,0,0,1,0,"357368,8507","5639190,364",6.972183051,50.8867539,nass/feucht,,"PKW, Gkfz"
116933,5,3,15,0,2019,August,17,Montag,Unfall mit Leichtverletzten,Unfall anderer Art,Fahrunfall,Tageslicht,1,0,0,0,0,0,"361317,6866","5647839,609",7.024998467,50.96544852,trocken,,Rad
116935,5,3,15,0,2019,August,23,Montag,Unfall mit Leichtverletzten,Unfall anderer Art,Fahrunfall,Dunkelheit,1,0,0,0,0,0,"356641,5485","5646356,151",6.959033491,50.95097226,trocken,,Rad
116973,5,3,15,0,2019,August,16,Donnerstag,Unfall mit Schwerverletzten,Zusammenstoß mit vorausfahrendem / wartendem Fahrzeug,Unfall im Längsverkehr,Tageslicht,0,1,0,0,0,0,"360511,6692","5651077,606",7.01228459,50.99435418,trocken,,PKW
116977,5,3,15,0,2019,August,17,Donnerstag,Unfall mit Leichtverletzten,Zusammenstoß mit vorausfahrendem / wartendem Fahrzeug,Unfall im Längsverkehr,Tageslicht,0,1,0,0,0,0,"349920,7068","5650620,19",6.861660332,50.98757942,trocken,,PKW
116999,5,3,15,0,2019,August,4,Montag,Unfall mit Schwerverletzten,Abkommen von Fahrbahn nach links,Fahrunfall,Dunkelheit,0,1,0,0,0,0,"353931,1693","5639931,929",6.923046255,50.89255921,trocken,,PKW
117040,5,3,15,0,2019,August,14,Mittwoch,Unfall mit Leichtverletzten,Zusammenstoß mit vorausfahrendem / wartendem Fahrzeug,Unfall im Längsverkehr,Tageslicht,0,1,0,1,0,0,"360301,0335","5647010,623",7.010847688,50.95775267,trocken,,"Krad, PKW"
117042,5,3,15,0,2019,August,18,Sonntag,Unfall mit Leichtverletzten,Zusammenstoß mit vorausfahrendem / wartendem Fahrzeug,Unfall im Längsverkehr,Tageslicht,0,1,0,1,0,0,"359315,457","5647721,738",6.996548424,50.96390373,trocken,,"Krad, PKW"
117043,5,3,15,0,2019,August,15,Mittwoch,Unfall mit Leichtverletzten,Zusammenstoß zwischen Fahrzeug und Fußgänger,Überschreiten-Unfall,Tageslicht,1,0,1,0,0,0,"359821,879","5647480,673",7.003848433,50.9618607,trocken,,"Rad, Fuss"
117046,5,3,15,0,2019,August,17,Mittwoch,Unfall mit Leichtverletzten,Zusammenstoß zwischen Fahrzeug und Fußgänger,Überschreiten-Unfall,Tageslicht,1,0,1,0,0,0,"353062,5056","5644913,22",6.908697308,50.93710396,trocken,,"Rad, Fuss"
117048,5,3,15,0,2019,August,17,Mittwoch,Unfall mit Schwerverletzten,Unfall anderer Art,Fahrunfall,Tageslicht,1,0,0,0,0,0,"353864,6661","5644333,737",6.920338444,50.93210017,trocken,,Rad
117147,5,3,15,0,2019,August,3,Sonntag,Unfall mit Leichtverletzten,Zusammenstoß mit seitlich in gleicher Richtung fahrendem Fahrzeug,Sonstiger Unfall,Dunkelheit,0,1,0,0,0,0,"354701,0738","5639364,897",6.934211413,50.88765759,nass/feucht,,PKW
117209,5,3,15,0,2019,August,15,Samstag,Unfall mit Leichtverletzten,Zusammenstoß mit anfahrendem/ anhaltendem/ruhendem Fahrzeug,Unfall im Längsverkehr,Tageslicht,0,1,0,0,0,0,"359341,5863","5652162,971",6.995201259,51.00382356,nass/feucht,,PKW
117210,5,3,15,0,2019,August,10,Samstag,Unfall mit Leichtverletzten,Zusammenstoß mit vorausfahrendem / wartendem Fahrzeug,Unfall im Längsverkehr,Tageslicht,0,1,0,0,0,0,"359586,4711","5650552,604",6.99931199,50.98941099,trocken,,PKW
117270,5,3,15,0,2019,August,10,Dienstag,Unfall mit Leichtverletzten,Unfall anderer Art,Sonstiger Unfall,Tageslicht,0,1,1,0,0,0,"349486,4541","5644498,702",6.858009573,50.93245672,trocken,,"Fuss, PKW"
117273,5,3,15,0,2019,August,11,Dienstag,Unfall mit Leichtverletzten,Zusammenstoß mit vorausfahrendem / wartendem Fahrzeug,Unfall im Längsverkehr,Tageslicht,1,1,0,0,0,0,"354577,0998","5642850,474",6.931061627,50.91895053,trocken,,"Rad, PKW"
117275,5,3,15,0,2019,August,19,Dienstag,Unfall mit Leichtverletzten,Zusammenstoß zwischen Fahrzeug und Fußgänger,Überschreiten-Unfall,Tageslicht,0,1,1,0,0,0,"355307,446","5644748,516",6.940691812,50.93619145,nass/feucht,,"Fuss, PKW"