OBJECTID,ULAND,UREGBEZ,UKREIS,UGEMEINDE,UJAHR,UMONAT,USTUNDE,UWOCHENTAG,UKATEGORIE,UART,UTYP1,ULICHTVERH,IstRad,IstPKW,IstFuss,IstKrad,IstGkfz,IstSonstige,LINREFX,LINREFY,XGCSWGS84,YGCSWGS84,USTRZUSTAND,UIDENTSTLAE,Participants
117310,5,3,15,0,2019,August,19,Donnerstag,Unfall mit Leichtverletzten,Unfall anderer Art,Fahrunfall,Tageslicht,1,0,0,0,0,0,"355199,4134","5644865,126",6.939108984,50.93721228,trocken,,Rad
117314,5,3,15,0,2019,August,21,Samstag,Unfall mit Leichtverletzten,Abkommen von Fahrbahn nach links,Fahrunfall,Dunkelheit,0,1,0,0,0,0,"366721,054","5638602,586",7.105279227,50.88370451,nass/feucht,,PKW
117316,5,3,15,0,2019,August,17,Samstag,Unfall mit Leichtverletzten,Abkommen von Fahrbahn nach links,Fahrunfall,Tageslicht,0,1,0,0,0,0,"363449,02","5641337,39",7.057769064,50.90751949,nass/feucht,,PKW
117353,5,3,15,0,2019,August,15,Donnerstag,Unfall mit Leichtverletzten,Zusammenstoß mit einbiegendem / kreuzendem Fahrzeug,Abbiegeunfall,Tageslicht,0,1,0,0,0,0,"356931,3866","5636597,946",6.966982003,50.86334761,trocken,,PKW
117391,5,3,15,0,2019,August,19,Donnerstag,Unfall mit Schwerverletzten,Zusammenstoß mit einbiegendem / kreuzendem Fahrzeug,Einbiegen / Kreuzen-Unfall,Tageslicht,1,0,0,0,0,1,"352333,451","5644958,275",6.898310151,50.93732262,trocken,,"Rad, Sonstige"
117459,5,3,15,0,2019,August,13,Samstag,Unfall mit Leichtverletzten,Zusammenstoß mit vorausfahrendem / wartendem Fahrzeug,Unfall im Längsverkehr,Tageslicht,0,1,0,0,0,0,"360526,2561","5651182,986",7.01245185,50.99530477,trocken,,PKW
117460,5,3,15,0,2019,August,17,Samstag,Unfall mit Leichtverletzten,Zusammenstoß mit einbiegendem / kreuzendem Fahrzeug,Einbiegen / Kreuzen-Unfall,Tageslicht,1,1,0,0,0,0,"348725,8215","5642959,692",6.847831489,50.91842778,trocken,,"Rad, PKW"
117461,5,3,15,0,2019,August,14,Samstag,Unfall mit Leichtverletzten,Zusammenstoß mit einbiegendem / kreuzendem Fahrzeug,Abbiegeunfall,Tageslicht,1,1,0,0,0,0,"352701,2411","5644914,235",6.903558839,50.93702092,trocken,,"Rad, PKW"
117462,5,3,15,0,2019,August,11,Samstag,Unfall mit Schwerverletzten,Zusammenstoß mit seitlich in gleicher Richtung fahrendem Fahrzeug,Unfall im Längsverkehr,Tageslicht,1,0,0,0,0,1,"352949,3939","5641729,934",6.908372192,50.90846815,trocken,,"Rad, Sonstige"
117463,5,3,15,0,2019,August,10,Samstag,Unfall mit Leichtverletzten,Zusammenstoß mit einbiegendem / kreuzendem Fahrzeug,Abbiegeunfall,Tageslicht,0,1,0,0,0,0,"353842,7414","5642331,409",6.920829171,50.91410031,trocken,,PKW
117563,5,3,15,0,2019,August,19,Freitag,Unfall mit Leichtverletzten,Zusammenstoß zwischen Fahrzeug und Fußgänger,Überschreiten-Unfall,Dämmerung,1,0,1,0,0,0,"355196,062","5644845,175",6.939069245,50.93703214,nass/feucht,,"Rad, Fuss"
117644,5,3,15,0,2019,August,15,Sonntag,Unfall mit Leichtverletzten,Unfall anderer Art,Fahrunfall,Tageslicht,1,0,0,0,0,0,"353710,9069","5646305,225",6.917360154,50.94977826,trocken,,Rad
117647,5,3,15,0,2019,August,19,Sonntag,Unfall mit Leichtverletzten,Unfall anderer Art,Fahrunfall,Tageslicht,0,1,0,1,0,0,"354065,5832","5642126,519",6.924078946,50.91231541,nass/feucht,,"Krad, PKW"
117657,5,3,15,0,2019,August,19,Freitag,Unfall mit Schwerverletzten,Zusammenstoß mit seitlich in gleicher Richtung fahrendem Fahrzeug,Unfall im Längsverkehr,Tageslicht,0,1,0,0,1,0,"364601,508","5642656,522",7.073661989,50.91964671,nass/feucht,,"PKW, Gkfz"
117723,5,3,15,0,2019,August,7,Mittwoch,Unfall mit Leichtverletzten,Zusammenstoß mit vorausfahrendem / wartendem Fahrzeug,Unfall im Längsverkehr,Tageslicht,0,1,0,0,0,0,"366033,1491","5636131,662",7.096410726,50.86133742,trocken,,PKW
117724,5,3,15,0,2019,August,17,Mittwoch,Unfall mit Leichtverletzten,Zusammenstoß mit vorausfahrendem / wartendem Fahrzeug,Unfall im Längsverkehr,Tageslicht,0,1,0,0,0,0,"350797,0961","5653179,032",6.873086469,51.01080177,trocken,,PKW
117725,5,3,15,0,2019,August,9,Donnerstag,Unfall mit Leichtverletzten,Zusammenstoß mit vorausfahrendem / wartendem Fahrzeug,Unfall im Längsverkehr,Tageslicht,0,1,0,0,0,0,"348614,106","5643758,924",6.84591156,50.92558059,trocken,,PKW
117767,5,3,15,0,2019,August,19,Dienstag,Unfall mit Leichtverletzten,Zusammenstoß mit einbiegendem / kreuzendem Fahrzeug,Abbiegeunfall,Tageslicht,1,1,0,0,0,0,"362844,6515","5648315,82",7.046551109,50.97009394,trocken,,"Rad, PKW"
117768,5,3,15,0,2019,August,15,Dienstag,Unfall mit Leichtverletzten,Zusammenstoß mit anfahrendem/ anhaltendem/ruhendem Fahrzeug,Unfall durch ruhenden Verkehr,Tageslicht,1,1,0,0,0,0,"356050,922","5646893,88",6.950417967,50.95565752,trocken,,"Rad, PKW"
117769,5,3,15,0,2019,August,7,Dienstag,Unfall mit Leichtverletzten,Zusammenstoß mit einbiegendem / kreuzendem Fahrzeug,Abbiegeunfall,Tageslicht,1,0,0,0,0,1,"356147,2019","5648837,42",6.951019397,50.97314778,trocken,,"Rad, Sonstige"
117770,5,3,15,0,2019,August,9,Dienstag,Unfall mit Leichtverletzten,Zusammenstoß mit einbiegendem / kreuzendem Fahrzeug,Sonstiger Unfall,Tageslicht,1,1,0,0,0,0,"349150,9734","5643089,114",6.853822034,50.9197021,trocken,,"Rad, PKW"
117771,5,3,15,0,2019,August,7,Dienstag,Unfall mit Leichtverletzten,Zusammenstoß mit seitlich in gleicher Richtung fahrendem Fahrzeug,Unfall im Längsverkehr,Tageslicht,0,0,0,1,0,1,"351405,1825","5643548,11",6.885682859,50.92441177,trocken,,"Krad, Sonstige"
117772,5,3,15,0,2019,August,16,Dienstag,Unfall mit Leichtverletzten,Zusammenstoß mit seitlich in gleicher Richtung fahrendem Fahrzeug,Unfall im Längsverkehr,Tageslicht,0,1,0,1,0,1,"357189,6039","5634749,753",6.97136982,50.84680158,trocken,,"Krad, PKW, Sonstige"
117773,5,3,15,0,2019,August,15,Dienstag,Unfall mit Schwerverletzten,Zusammenstoß mit anfahrendem/ anhaltendem/ruhendem Fahrzeug,Unfall durch ruhenden Verkehr,Tageslicht,1,1,0,0,0,0,"355211,0747","5644529,133",6.939408339,50.93419571,trocken,,"Rad, PKW"
117774,5,3,15,0,2019,August,13,Dienstag,Unfall mit Leichtverletzten,Aufprall auf Fahrbahnhindernis,Sonstiger Unfall,Tageslicht,1,0,0,0,0,0,"354610,57","5644811,695",6.930755353,50.93658395,trocken,,Rad
117795,5,3,15,0,2019,August,17,Donnerstag,Unfall mit Schwerverletzten,Zusammenstoß mit vorausfahrendem / wartendem Fahrzeug,Unfall im Längsverkehr,Tageslicht,0,0,0,1,0,1,"349034,507","5647117,226",6.850497345,50.95586934,trocken,,"Krad, Sonstige"
117813,5,3,15,0,2019,August,18,Mittwoch,Unfall mit Leichtverletzten,Zusammenstoß mit vorausfahrendem / wartendem Fahrzeug,Abbiegeunfall,Tageslicht,0,1,0,0,0,0,"351981,7721","5651594,716",6.890607971,50.99687057,trocken,,PKW
117846,5,3,15,0,2019,August,20,Dienstag,Unfall mit Schwerverletzten,Abkommen von Fahrbahn nach links,Sonstiger Unfall,Dunkelheit,0,1,0,0,0,0,"354585,5402","5639413,537",6.932550598,50.88806564,trocken,,PKW
117847,5,3,15,0,2019,August,9,Dienstag,Unfall mit Leichtverletzten,Zusammenstoß mit seitlich in gleicher Richtung fahrendem Fahrzeug,Unfall im Längsverkehr,Tageslicht,0,1,0,0,1,0,"351398,1818","5652398,093",6.881968536,51.00393959,trocken,,"PKW, Gkfz"
117872,5,3,15,0,2019,August,9,Montag,Unfall mit Leichtverletzten,Zusammenstoß mit einbiegendem / kreuzendem Fahrzeug,Abbiegeunfall,Tageslicht,0,1,0,0,0,0,"349111,6816","5645138,438",6.852415223,50.93810765,nass/feucht,,PKW
117921,5,3,15,0,2019,August,8,Mittwoch,Unfall mit Leichtverletzten,Zusammenstoß mit vorausfahrendem / wartendem Fahrzeug,Unfall im Längsverkehr,Tageslicht,0,1,0,0,0,0,"357940,6165","5646586,878",6.97742566,50.95336743,trocken,,PKW
117931,5,3,15,0,2019,August,13,Mittwoch,Unfall mit Leichtverletzten,Zusammenstoß mit anfahrendem/ anhaltendem/ruhendem Fahrzeug,Abbiegeunfall,Tageslicht,1,1,0,0,0,0,"356237,041","5648466,168",6.952444917,50.96983384,trocken,,"Rad, PKW"
117934,5,3,15,0,2019,August,17,Mittwoch,Unfall mit Leichtverletzten,Zusammenstoß mit seitlich in gleicher Richtung fahrendem Fahrzeug,Unfall im Längsverkehr,Tageslicht,1,0,0,0,0,0,"352628,3695","5640955,741",6.904121792,50.9014289,trocken,,Rad
117966,5,3,15,0,2019,August,20,Samstag,Unfall mit Leichtverletzten,Zusammenstoß mit seitlich in gleicher Richtung fahrendem Fahrzeug,Unfall im Längsverkehr,Dämmerung,1,0,0,1,0,0,"355014,3104","5644791,444",6.936505627,50.93650361,trocken,,"Rad, Krad"
117971,5,3,15,0,2019,August,23,Samstag,Unfall mit Leichtverletzten,Unfall anderer Art,Unfall im Längsverkehr,Dunkelheit,0,0,1,0,0,1,"353380,7371","5645541,705",6.912970421,50.94283291,trocken,,"Fuss, Sonstige"
118031,5,3,15,0,2019,August,14,Samstag,Unfall mit Leichtverletzten,Zusammenstoß mit einbiegendem / kreuzendem Fahrzeug,Einbiegen / Kreuzen-Unfall,Tageslicht,1,1,0,0,0,0,"354538,9909","5647416,908",6.928696647,50.95997817,trocken,,"Rad, PKW"
118061,5,3,15,0,2019,August,11,Freitag,Unfall mit Leichtverletzten,Zusammenstoß mit entgegenkommendem Fahrzeug,Unfall im Längsverkehr,Tageslicht,0,1,0,0,0,1,"350556,2345","5649197,085",6.871293803,50.97495628,trocken,,"PKW, Sonstige"
118062,5,3,15,0,2019,August,19,Freitag,Unfall mit Schwerverletzten,Zusammenstoß mit seitlich in gleicher Richtung fahrendem Fahrzeug,Unfall im Längsverkehr,Tageslicht,1,1,0,0,0,0,"354351,6925","5645830,732",6.926666055,50.94567641,trocken,,"Rad, PKW"
118063,5,3,15,0,2019,August,19,Freitag,Unfall mit Leichtverletzten,Zusammenstoß mit seitlich in gleicher Richtung fahrendem Fahrzeug,Unfall im Längsverkehr,Tageslicht,0,1,0,0,0,0,"354646,0237","5645964,27",6.930799698,50.94695076,trocken,,PKW
118065,5,3,15,0,2019,August,22,Freitag,Unfall mit Leichtverletzten,Unfall anderer Art,Fahrunfall,Dunkelheit,0,0,0,0,0,1,"356950,7401","5646331,623",6.963442051,50.95082865,trocken,,Sonstige
118074,5,3,15,0,2019,August,1,Samstag,Unfall mit Leichtverletzten,Zusammenstoß mit anfahrendem/ anhaltendem/ruhendem Fahrzeug,Sonstiger Unfall,Dunkelheit,0,1,0,0,0,0,"360492,8563","5646784,329",7.013664005,50.9557654,trocken,,PKW
118091,5,3,15,0,2019,August,23,Samstag,Unfall mit Leichtverletzten,Zusammenstoß zwischen Fahrzeug und Fußgänger,Unfall im Längsverkehr,Dunkelheit,1,0,1,0,0,0,"356376,9859","5644602,162",6.955961114,50.93514354,trocken,,"Rad, Fuss"
118146,5,3,15,0,2019,August,15,Freitag,Unfall mit Leichtverletzten,Zusammenstoß mit vorausfahrendem / wartendem Fahrzeug,Unfall im Längsverkehr,Tageslicht,0,1,0,0,0,0,"365991,1493","5634145,202",7.096541354,50.84347387,trocken,,PKW
118156,5,3,15,0,2019,August,23,Samstag,Unfall mit Leichtverletzten,Zusammenstoß mit seitlich in gleicher Richtung fahrendem Fahrzeug,Abbiegeunfall,Dunkelheit,1,1,0,0,0,0,"353032,3366","5644894,252",6.908275881,50.93692581,trocken,,"Rad, PKW"
118197,5,3,15,0,2019,August,11,Donnerstag,Unfall mit Schwerverletzten,Zusammenstoß zwischen Fahrzeug und Fußgänger,Überschreiten-Unfall,Tageslicht,0,1,1,0,0,0,"362707,1981","5637221,283",7.048770964,50.87035024,trocken,,"Fuss, PKW"
118198,5,3,15,0,2019,August,16,Donnerstag,Unfall mit Leichtverletzten,Unfall anderer Art,Fahrunfall,Tageslicht,1,0,0,0,0,0,"355301,954","5644192,985",6.940834266,50.93119763,trocken,,Rad
118201,5,3,15,0,2019,August,21,Samstag,Unfall mit Leichtverletzten,Unfall anderer Art,Unfall im Längsverkehr,Dunkelheit,1,1,0,0,0,0,"366515,9911","5635861,494",7.103366141,50.85902088,trocken,,"Rad, PKW"
118217,5,3,15,0,2019,August,11,Samstag,Unfall mit Leichtverletzten,Unfall anderer Art,Fahrunfall,Tageslicht,1,0,0,0,0,0,"352180,583","5643657,701",6.896663437,50.9255958,trocken,,Rad
118262,5,3,15,0,2019,August,16,Dienstag,Unfall mit Leichtverletzten,Zusammenstoß mit vorausfahrendem / wartendem Fahrzeug,Sonstiger Unfall,Tageslicht,1,1,0,0,0,0,"353714,6106","5646301,214",6.917414457,50.94974315,trocken,,"Rad, PKW"
118266,5,3,15,0,2019,August,9,Dienstag,Unfall mit Schwerverletzten,Abkommen von Fahrbahn nach links,Sonstiger Unfall,Tageslicht,0,0,0,0,1,0,"363229,5295","5642880,881",7.05407045,50.92133956,trocken,,Gkfz
118267,5,3,15,0,2019,August,16,Dienstag,Unfall mit Leichtverletzten,Zusammenstoß mit vorausfahrendem / wartendem Fahrzeug,Unfall im Längsverkehr,Tageslicht,0,1,0,1,0,0,"365945,9649","5633957,921",7.095968466,50.84178016,trocken,,"Krad, PKW"
118306,5,3,15,0,2019,August,11,Montag,Unfall mit Leichtverletzten,Unfall anderer Art,Sonstiger Unfall,Tageslicht,1,0,0,0,0,0,"365455,3492","5642914,973",7.085707121,50.9221693,trocken,,Rad
118308,5,3,15,0,2019,August,16,Montag,Unfall mit Leichtverletzten,Unfall anderer Art,Unfall im Längsverkehr,Tageslicht,1,0,0,0,0,1,"358096,3224","5647213,649",6.979396693,50.95903856,trocken,,"Rad, Sonstige"
118309,5,3,15,0,2019,August,10,Montag,Unfall mit Schwerverletzten,Zusammenstoß mit einbiegendem / kreuzendem Fahrzeug,Abbiegeunfall,Tageslicht,0,1,0,0,0,0,"353956,497","5654044,451",6.917743706,51.01938978,trocken,,PKW
118310,5,3,15,0,2019,August,2,Montag,Unfall mit Leichtverletzten,Zusammenstoß mit einbiegendem / kreuzendem Fahrzeug,Einbiegen / Kreuzen-Unfall,Dunkelheit,0,1,0,0,0,0,"354050,9465","5642140,821",6.923865163,50.91244024,trocken,,PKW
118311,5,3,15,0,2019,August,15,Dienstag,Unfall mit Schwerverletzten,Zusammenstoß mit einbiegendem / kreuzendem Fahrzeug,Einbiegen / Kreuzen-Unfall,Tageslicht,1,1,0,0,0,0,"365886,165","5634438,108",7.094943795,50.84608211,trocken,,"Rad, PKW"
118312,5,3,15,0,2019,August,3,Montag,Unfall mit Leichtverletzten,Unfall anderer Art,Sonstiger Unfall,Dunkelheit,1,0,0,0,0,0,"357206,881","5641145,815",6.969117345,50.90428755,trocken,,Rad
118376,5,3,15,0,2019,August,14,Dienstag,Unfall mit Schwerverletzten,Zusammenstoß mit einbiegendem / kreuzendem Fahrzeug,Abbiegeunfall,Tageslicht,0,1,0,0,0,0,"356520,2992","5652109,692",6.955037762,51.00264806,trocken,,PKW
118389,5,3,15,0,2019,August,7,Montag,Unfall mit Schwerverletzten,Abkommen von Fahrbahn nach rechts,Fahrunfall,Tageslicht,0,1,0,0,0,0,"354836,6925","5653910,588",6.930338131,51.01840969,trocken,,PKW
118445,5,3,15,0,2019,August,17,Dienstag,Unfall mit Leichtverletzten,Zusammenstoß mit vorausfahrendem / wartendem Fahrzeug,Unfall im Längsverkehr,Tageslicht,0,1,0,0,0,0,"363220,6349","5639490,4",7.055214466,50.89086565,trocken,,PKW
118447,5,3,15,0,2019,August,1,Sonntag,Unfall mit Leichtverletzten,Zusammenstoß mit einbiegendem / kreuzendem Fahrzeug,Abbiegeunfall,Dunkelheit,0,1,0,0,0,0,"359586,376","5650553,89",6.999310139,50.98942252,trocken,,PKW
118449,5,3,15,0,2019,August,19,Sonntag,Unfall mit Leichtverletzten,Unfall anderer Art,Fahrunfall,Tageslicht,0,0,0,1,0,0,"356324,8486","5647733,849",6.953983913,50.96327454,trocken,,Krad
118450,5,3,15,0,2019,August,10,Sonntag,Unfall mit Leichtverletzten,Zusammenstoß mit einbiegendem / kreuzendem Fahrzeug,Einbiegen / Kreuzen-Unfall,Tageslicht,1,0,0,1,0,0,"351488,7519","5644583,784",6.886449163,50.93374035,trocken,,"Rad, Krad"
118451,5,3,15,0,2019,August,21,Sonntag,Unfall mit Leichtverletzten,Abkommen von Fahrbahn nach links,Sonstiger Unfall,Dunkelheit,1,0,0,0,0,0,"357164,8304","5646257,126",6.966517174,50.95021224,trocken,,Rad
118462,5,3,15,0,2019,August,16,Dienstag,Unfall mit Schwerverletzten,Zusammenstoß mit vorausfahrendem / wartendem Fahrzeug,Unfall im Längsverkehr,Tageslicht,0,1,0,0,0,0,"354942,063","5638721,152",6.937890814,50.88193291,trocken,,PKW
118511,5,3,15,0,2019,August,13,Dienstag,Unfall mit Leichtverletzten,Zusammenstoß mit einbiegendem / kreuzendem Fahrzeug,Einbiegen / Kreuzen-Unfall,Tageslicht,0,1,0,0,1,0,"351287,939","5658632,244",6.877840275,51.05993296,trocken,,"PKW, Gkfz"
118614,5,3,15,0,2019,August,14,Donnerstag,Unfall mit Leichtverletzten,Zusammenstoß zwischen Fahrzeug und Fußgänger,Überschreiten-Unfall,Tageslicht,0,1,1,0,0,0,"365102,4343","5638402,215",7.08235624,50.88152799,trocken,,"Fuss, PKW"
118616,5,3,15,0,2019,August,23,Donnerstag,Unfall mit Schwerverletzten,Zusammenstoß mit anfahrendem/ anhaltendem/ruhendem Fahrzeug,Sonstiger Unfall,Dunkelheit,0,1,0,1,0,0,"366575,142","5638232,886",7.103341078,50.88034807,trocken,,"Krad, PKW"
118617,5,3,15,0,2019,August,14,Donnerstag,Unfall mit Leichtverletzten,Zusammenstoß mit anfahrendem/ anhaltendem/ruhendem Fahrzeug,Einbiegen / Kreuzen-Unfall,Tageslicht,1,1,0,0,0,0,"353566,5552","5642657,511",6.916772149,50.91696088,trocken,,"Rad, PKW"
118619,5,3,15,0,2019,August,13,Donnerstag,Unfall mit Leichtverletzten,Zusammenstoß mit einbiegendem / kreuzendem Fahrzeug,Abbiegeunfall,Tageslicht,1,0,0,0,0,0,"356396,6138","5644588,837",6.956245518,50.93502868,trocken,,Rad
118649,5,3,15,0,2019,August,16,Freitag,Unfall mit Leichtverletzten,Zusammenstoß mit einbiegendem / kreuzendem Fahrzeug,Abbiegeunfall,Tageslicht,1,1,0,0,0,0,"360482,3804","5648820,933",7.012733893,50.97406611,trocken,,"Rad, PKW"
118725,5,3,15,0,2019,August,15,Freitag,Unfall mit Leichtverletzten,Zusammenstoß mit einbiegendem / kreuzendem Fahrzeug,Einbiegen / Kreuzen-Unfall,Tageslicht,1,1,0,0,0,0,"353826,9278","5635946,549",6.923158163,50.85671712,trocken,,"Rad, PKW"
118730,5,3,15,0,2019,August,12,Freitag,Unfall mit Leichtverletzten,Zusammenstoß mit anfahrendem/ anhaltendem/ruhendem Fahrzeug,Unfall durch ruhenden Verkehr,Tageslicht,0,1,0,0,0,0,"363118,9507","5638223,743",7.054243997,50.8794575,trocken,,PKW
118787,5,3,15,0,2019,August,9,Mittwoch,Unfall mit Leichtverletzten,Zusammenstoß mit einbiegendem / kreuzendem Fahrzeug,Einbiegen / Kreuzen-Unfall,Tageslicht,1,1,0,0,0,0,"365053,32","5638402,254",7.081658457,50.88151688,trocken,,"Rad, PKW"
118788,5,3,15,0,2019,August,7,Mittwoch,Unfall mit Schwerverletzten,Zusammenstoß zwischen Fahrzeug und Fußgänger,Überschreiten-Unfall,Tageslicht,0,1,1,0,0,0,"353355,5479","5645792,667",6.912511085,50.94508181,trocken,,"Fuss, PKW"
118790,5,3,15,0,2019,August,15,Mittwoch,Unfall mit Leichtverletzten,Unfall anderer Art,Unfall durch ruhenden Verkehr,Tageslicht,1,1,0,0,0,1,"355284,96","5644699,916",6.940391306,50.93574905,trocken,,"Rad, PKW, Sonstige"
118791,5,3,15,0,2019,August,19,Mittwoch,Unfall mit Leichtverletzten,Zusammenstoß zwischen Fahrzeug und Fußgänger,Sonstiger Unfall,Tageslicht,1,0,1,0,0,0,"355417,6346","5645682,171",6.94188843,50.94460964,trocken,,"Rad, Fuss"
118793,5,3,15,0,2019,August,10,Mittwoch,Unfall mit Leichtverletzten,Unfall anderer Art,Sonstiger Unfall,Tageslicht,0,0,0,0,0,1,"355296,4985","5644214,781",6.94074803,50.93139214,trocken,,Sonstige
118806,5,3,15,0,2019,August,10,Freitag,Unfall mit Leichtverletzten,Zusammenstoß mit vorausfahrendem / wartendem Fahrzeug,Unfall im Längsverkehr,Tageslicht,0,1,0,0,0,0,"365655,0884","5650146,371",7.085878366,50.98720842,trocken,,PKW
118866,5,3,15,0,2019,August,20,Freitag,Unfall mit Leichtverletzten,Zusammenstoß zwischen Fahrzeug und Fußgänger,Überschreiten-Unfall,Dunkelheit,0,1,1,0,0,0,"365427,7088","5635740,6",7.087956678,50.85768208,trocken,,"Fuss, PKW"
118882,5,3,15,0,2019,August,16,Freitag,Unfall mit Leichtverletzten,Zusammenstoß mit anfahrendem/ anhaltendem/ruhendem Fahrzeug,Unfall im Längsverkehr,Tageslicht,1,1,0,0,0,1,"353344,5313","5646702,929",6.911987759,50.95325917,trocken,,"Rad, PKW, Sonstige"
118885,5,3,15,0,2019,August,18,Freitag,Unfall mit Leichtverletzten,Zusammenstoß mit vorausfahrendem / wartendem Fahrzeug,Unfall im Längsverkehr,Tageslicht,0,1,0,0,0,1,"351744,9918","5641573,476",6.891316842,50.90675408,trocken,,"PKW, Sonstige"
118905,5,3,15,0,2019,August,3,Mittwoch,Unfall mit Schwerverletzten,Zusammenstoß mit vorausfahrendem / wartendem Fahrzeug,Unfall im Längsverkehr,Dunkelheit,0,1,0,0,0,0,"361798,9318","5647845,611",7.031845361,50.9656181,trocken,,PKW
118906,5,3,15,0,2019,August,14,Mittwoch,Unfall mit Leichtverletzten,Zusammenstoß mit vorausfahrendem / wartendem Fahrzeug,Unfall im Längsverkehr,Tageslicht,0,1,0,0,0,0,"357149,3256","5637828,184",6.969596424,50.87445771,trocken,,PKW
118959,5,3,15,0,2019,August,12,Freitag,Unfall mit Leichtverletzten,Zusammenstoß mit seitlich in gleicher Richtung fahrendem Fahrzeug,Abbiegeunfall,Tageslicht,0,1,0,1,0,0,"357075,168","5643206,806",6.966437982,50.92277701,trocken,,"Krad, PKW"
118964,5,3,15,0,2019,August,19,Freitag,Unfall mit Schwerverletzten,Zusammenstoß mit seitlich in gleicher Richtung fahrendem Fahrzeug,Unfall durch ruhenden Verkehr,Tageslicht,0,1,0,1,0,0,"360032,1082","5648204,432",7.006561715,50.96841631,trocken,,"Krad, PKW"
119013,5,3,15,0,2019,August,14,Sonntag,Unfall mit Leichtverletzten,Zusammenstoß mit vorausfahrendem / wartendem Fahrzeug,Unfall im Längsverkehr,Tageslicht,0,1,0,1,0,0,"360472,1232","5655147,803",7.0101561,51.03092369,trocken,,"Krad, PKW"
119041,5,3,15,0,2019,August,18,Samstag,Unfall mit Leichtverletzten,Unfall anderer Art,Einbiegen / Kreuzen-Unfall,Tageslicht,1,1,0,0,0,0,"357847,7436","5645064,955",6.976698322,50.93966705,trocken,,"Rad, PKW"
119043,5,3,15,0,2019,August,16,Samstag,Unfall mit Leichtverletzten,Zusammenstoß mit einbiegendem / kreuzendem Fahrzeug,Abbiegeunfall,Tageslicht,0,1,0,0,0,0,"359600,015","5650180,787",6.999648527,50.98607276,trocken,,PKW
119045,5,3,15,0,2019,August,1,Samstag,Unfall mit Leichtverletzten,Unfall anderer Art,Fahrunfall,Dunkelheit,1,0,0,0,0,0,"354810,2684","5645560,744",6.933297054,50.94336577,trocken,,Rad
119046,5,3,15,0,2019,August,18,Samstag,Unfall mit Leichtverletzten,Unfall anderer Art,Sonstiger Unfall,Tageslicht,1,0,0,0,0,0,"356922,8376","5638584,604",6.966083393,50.88119964,trocken,,Rad
119049,5,3,15,0,2019,August,14,Samstag,Unfall mit Leichtverletzten,Zusammenstoß mit vorausfahrendem / wartendem Fahrzeug,Abbiegeunfall,Tageslicht,0,1,0,0,0,0,"354866,7312","5638538,257",6.936893272,50.88027035,trocken,,PKW
119050,5,3,15,0,2019,August,20,Samstag,Unfall mit Leichtverletzten,Zusammenstoß mit einbiegendem / kreuzendem Fahrzeug,Abbiegeunfall,Dunkelheit,0,1,0,0,0,0,"353216,291","5641506,622",6.912255609,50.90652925,trocken,,PKW
119052,5,3,15,0,2019,August,15,Samstag,Unfall mit Schwerverletzten,Unfall anderer Art,Fahrunfall,Tageslicht,1,0,0,0,0,0,"355286,0613","5644186,078",6.940610999,50.93113158,trocken,,Rad
119056,5,3,15,0,2019,August,22,Sonntag,Unfall mit Leichtverletzten,Zusammenstoß mit vorausfahrendem / wartendem Fahrzeug,Sonstiger Unfall,Dunkelheit,0,1,0,0,0,0,"365156,7705","5636282,436",7.083909764,50.86248882,nass/feucht,,PKW
119073,5,3,15,0,2019,August,16,Sonntag,Unfall mit Leichtverletzten,Zusammenstoß mit vorausfahrendem / wartendem Fahrzeug,Unfall im Längsverkehr,Tageslicht,0,1,0,0,0,0,"362072,6405","5646453,994",7.036268307,50.95317686,trocken,,PKW
119085,5,3,15,0,2019,August,20,Sonntag,Unfall mit Schwerverletzten,Zusammenstoß mit seitlich in gleicher Richtung fahrendem Fahrzeug,Fahrunfall,Dunkelheit,0,1,0,0,0,0,"348070,1716","5659322,257",6.831666957,51.06529098,nass/feucht,,PKW
119112,5,3,15,0,2019,August,23,Sonntag,Unfall mit Leichtverletzten,Abkommen von Fahrbahn nach rechts,Fahrunfall,Dunkelheit,1,0,0,0,0,0,"355286,9542","5645336,979",6.940166636,50.94147469,trocken,,Rad
119287,5,3,15,0,2019,September,21,Montag,Unfall mit Leichtverletzten,Zusammenstoß zwischen Fahrzeug und Fußgänger,Überschreiten-Unfall,Dunkelheit,1,0,1,0,0,0,"353203,803","5646839,044",6.909930672,50.95444655,trocken,,"Rad, Fuss"
119289,5,3,15,0,2019,September,4,Montag,Unfall mit Schwerverletzten,Zusammenstoß mit einbiegendem / kreuzendem Fahrzeug,Einbiegen / Kreuzen-Unfall,Dunkelheit,1,1,0,0,0,0,"354346,8976","5645489,434",6.926734328,50.94260806,trocken,,"Rad, PKW"