OBJECTID,ULAND,UREGBEZ,UKREIS,UGEMEINDE,UJAHR,UMONAT,USTUNDE,UWOCHENTAG,UKATEGORIE,UART,UTYP1,ULICHTVERH,IstRad,IstPKW,IstFuss,IstKrad,IstGkfz,IstSonstige,LINREFX,LINREFY,XGCSWGS84,YGCSWGS84,USTRZUSTAND,UIDENTSTLAE,Participants
119291,5,3,15,0,2019,September,15,Montag,Unfall mit Schwerverletzten,Zusammenstoß mit entgegenkommendem Fahrzeug,Einbiegen / Kreuzen-Unfall,Tageslicht,0,1,0,0,0,0,"358478,2383","5636973,055",6.988803265,50.86709947,trocken,,PKW
119293,5,3,15,0,2019,September,13,Montag,Unfall mit Schwerverletzten,Zusammenstoß zwischen Fahrzeug und Fußgänger,Überschreiten-Unfall,Tageslicht,0,1,1,0,0,0,"356869,406","5644444,406",6.963026439,50.93384822,trocken,,"Fuss, PKW"
119317,5,3,15,0,2019,August,20,Sonntag,Unfall mit Leichtverletzten,Zusammenstoß mit entgegenkommendem Fahrzeug,Abbiegeunfall,Tageslicht,0,1,0,0,0,0,"351475,8215","5644626,627",6.886247817,50.93412203,trocken,,PKW
119394,5,3,15,0,2019,September,8,Freitag,Unfall mit Leichtverletzten,Zusammenstoß mit vorausfahrendem / wartendem Fahrzeug,Unfall im Längsverkehr,Tageslicht,0,1,0,0,0,0,"364100,703","5641382,33",7.067015883,50.90807717,trocken,,PKW
119442,5,3,15,0,2019,September,7,Donnerstag,Unfall mit Leichtverletzten,Zusammenstoß mit vorausfahrendem / wartendem Fahrzeug,Unfall im Längsverkehr,Tageslicht,1,1,0,0,0,0,"363416,8707","5641677,74",7.057184695,50.91057077,trocken,,"Rad, PKW"
119443,5,3,15,0,2019,September,6,Donnerstag,Unfall mit Schwerverletzten,Zusammenstoß mit vorausfahrendem / wartendem Fahrzeug,Unfall im Längsverkehr,Dämmerung,0,1,0,0,0,0,"357928,0398","5646579,867",6.977249454,50.95330132,trocken,,PKW
119444,5,3,15,0,2019,September,5,Donnerstag,Unfall mit Leichtverletzten,Abkommen von Fahrbahn nach rechts,Unfall im Längsverkehr,Dunkelheit,1,1,0,0,0,0,"357889,8897","5639249,298",6.979562921,50.88741196,trocken,,"Rad, PKW"
119445,5,3,15,0,2019,September,12,Donnerstag,Unfall mit Leichtverletzten,Unfall anderer Art,Fahrunfall,Tageslicht,1,0,0,0,0,0,"347784,5516","5645208,534",6.83351135,50.93838876,trocken,,Rad
119446,5,3,15,0,2019,September,16,Donnerstag,Unfall mit Leichtverletzten,Unfall anderer Art,Unfall durch ruhenden Verkehr,Tageslicht,0,1,0,1,0,0,"355050,002","5643541,414",6.93751034,50.92527884,trocken,,"Krad, PKW"
119447,5,3,15,0,2019,September,13,Donnerstag,Unfall mit Leichtverletzten,Zusammenstoß mit vorausfahrendem / wartendem Fahrzeug,Unfall im Längsverkehr,Tageslicht,0,1,0,1,0,0,"354543,0843","5645717,241",6.929433979,50.94470482,trocken,,"Krad, PKW"
119492,5,3,15,0,2019,September,19,Samstag,Unfall mit Leichtverletzten,Zusammenstoß mit einbiegendem / kreuzendem Fahrzeug,Abbiegeunfall,Tageslicht,0,1,0,0,0,0,"361449,1411","5645303,201",7.027834741,50.94268485,trocken,,PKW
119494,5,3,15,0,2019,September,14,Samstag,Unfall mit Leichtverletzten,Zusammenstoß mit vorausfahrendem / wartendem Fahrzeug,Unfall im Längsverkehr,Tageslicht,0,1,0,0,0,0,"351226,5493","5648231,646",6.881229835,50.96645403,trocken,,PKW
119496,5,3,15,0,2019,September,18,Samstag,Unfall mit Leichtverletzten,Zusammenstoß zwischen Fahrzeug und Fußgänger,Sonstiger Unfall,Tageslicht,0,0,1,0,0,1,"348258,209","5648454,188",6.83889497,50.96767961,trocken,,"Fuss, Sonstige"
119498,5,3,15,0,2019,September,10,Samstag,Unfall mit Leichtverletzten,Zusammenstoß mit einbiegendem / kreuzendem Fahrzeug,Einbiegen / Kreuzen-Unfall,Tageslicht,1,1,0,0,0,0,"347495,247","5645730,454",6.82917834,50.94300237,trocken,,"Rad, PKW"
119500,5,3,15,0,2019,September,18,Samstag,Unfall mit Leichtverletzten,Unfall anderer Art,Sonstiger Unfall,Tageslicht,1,0,0,0,0,0,"351673,717","5644984,3",6.888916578,50.93738719,trocken,,Rad
119502,5,3,15,0,2019,September,17,Samstag,Unfall mit Leichtverletzten,Zusammenstoß mit vorausfahrendem / wartendem Fahrzeug,Unfall im Längsverkehr,Tageslicht,0,1,0,0,0,0,"354191,852","5644842,442",6.924787849,50.93675455,trocken,,PKW
119505,5,3,15,0,2019,September,16,Samstag,Unfall mit Leichtverletzten,Zusammenstoß mit vorausfahrendem / wartendem Fahrzeug,Abbiegeunfall,Tageslicht,0,1,0,0,0,1,"351139,9232","5650603,857",6.879025714,50.98774922,trocken,,"PKW, Sonstige"
119517,5,3,15,0,2019,September,7,Donnerstag,Unfall mit Schwerverletzten,Zusammenstoß mit vorausfahrendem / wartendem Fahrzeug,Unfall im Längsverkehr,Tageslicht,0,1,0,0,0,0,"348893,404","5644857,81",6.849427201,50.9355287,trocken,,PKW
119586,5,3,15,0,2019,September,17,Mittwoch,Unfall mit Leichtverletzten,Zusammenstoß mit vorausfahrendem / wartendem Fahrzeug,Fahrunfall,Tageslicht,0,1,0,0,0,0,"352842,2315","5650530,878",6.903292469,50.98753109,trocken,,PKW
119589,5,3,15,0,2019,September,5,Mittwoch,Unfall mit Leichtverletzten,Abkommen von Fahrbahn nach rechts,Fahrunfall,Dunkelheit,0,1,0,0,0,0,"362246,2469","5643995,101",7.03966834,50.93111952,trocken,,PKW
119590,5,3,15,0,2019,September,15,Mittwoch,Unfall mit Leichtverletzten,Unfall anderer Art,Fahrunfall,Tageslicht,1,0,0,0,0,0,"354338,559","5645501,8",6.926610772,50.94271708,trocken,,Rad
119592,5,3,15,0,2019,September,11,Mittwoch,Unfall mit Leichtverletzten,Zusammenstoß mit einbiegendem / kreuzendem Fahrzeug,Abbiegeunfall,Tageslicht,0,1,0,0,0,1,"353535,4957","5646156,502",6.914924507,50.9483972,trocken,,"PKW, Sonstige"
119594,5,3,15,0,2019,September,15,Mittwoch,Unfall mit Leichtverletzten,Zusammenstoß mit einbiegendem / kreuzendem Fahrzeug,Einbiegen / Kreuzen-Unfall,Tageslicht,0,1,0,1,0,0,"347482,6528","5645640,861",6.829036718,50.94219394,trocken,,"Krad, PKW"
119695,5,3,15,0,2019,September,13,Mittwoch,Unfall mit Leichtverletzten,Zusammenstoß mit vorausfahrendem / wartendem Fahrzeug,Unfall im Längsverkehr,Tageslicht,0,1,0,0,0,0,"351984,6092","5651577,455",6.890655408,50.99671618,trocken,,PKW
119741,5,3,15,0,2019,September,18,Freitag,Unfall mit Leichtverletzten,Zusammenstoß zwischen Fahrzeug und Fußgänger,Überschreiten-Unfall,Tageslicht,0,1,1,0,0,0,"363130,9092","5638237,551",7.054408713,50.87958443,trocken,,"Fuss, PKW"
119743,5,3,15,0,2019,September,21,Freitag,Unfall mit Schwerverletzten,Abkommen von Fahrbahn nach links,Fahrunfall,Dunkelheit,0,1,0,0,0,0,"350587,5296","5649352,39",6.871675425,50.97636003,trocken,,PKW
119761,5,3,15,0,2019,September,17,Dienstag,Unfall mit Schwerverletzten,Zusammenstoß mit anfahrendem/ anhaltendem/ruhendem Fahrzeug,Unfall im Längsverkehr,Tageslicht,0,1,0,0,0,0,"357941,2161","5646586,239",6.977434441,50.95336184,trocken,,PKW
119763,5,3,15,0,2019,September,8,Dienstag,Unfall mit Leichtverletzten,Zusammenstoß mit seitlich in gleicher Richtung fahrendem Fahrzeug,Unfall im Längsverkehr,Tageslicht,0,1,0,1,0,0,"357064,927","5647260,524",6.96470185,50.9592049,trocken,,"Krad, PKW"
119764,5,3,15,0,2019,September,19,Dienstag,Unfall mit Leichtverletzten,Zusammenstoß mit einbiegendem / kreuzendem Fahrzeug,Einbiegen / Kreuzen-Unfall,Dämmerung,1,1,0,0,0,0,"351198,743","5645042,487",6.882137583,50.93778772,trocken,,"Rad, PKW"
119766,5,3,15,0,2019,September,16,Dienstag,Unfall mit Leichtverletzten,Zusammenstoß mit anfahrendem/ anhaltendem/ruhendem Fahrzeug,Unfall durch ruhenden Verkehr,Tageslicht,0,1,0,0,0,0,"357312,613","5641175,051",6.970608688,50.90457643,trocken,,PKW
119842,5,3,15,0,2019,September,7,Dienstag,Unfall mit Leichtverletzten,Zusammenstoß mit vorausfahrendem / wartendem Fahrzeug,Sonstiger Unfall,Tageslicht,0,1,0,0,0,0,"363781,2181","5633486,962",7.065415226,50.83704179,nass/feucht,,PKW
119843,5,3,15,0,2019,September,11,Dienstag,Unfall mit Leichtverletzten,Zusammenstoß mit seitlich in gleicher Richtung fahrendem Fahrzeug,Unfall im Längsverkehr,Tageslicht,0,1,0,0,0,1,"363628,494","5640850,036",7.060502316,50.90318182,trocken,,"PKW, Sonstige"
119844,5,3,15,0,2019,September,15,Dienstag,Unfall mit Schwerverletzten,Zusammenstoß mit einbiegendem / kreuzendem Fahrzeug,Einbiegen / Kreuzen-Unfall,Tageslicht,0,1,0,1,0,1,"357927,2066","5644765,533",6.977945348,50.93699573,trocken,,"Krad, PKW, Sonstige"
119845,5,3,15,0,2019,September,8,Dienstag,Unfall mit Leichtverletzten,Zusammenstoß mit vorausfahrendem / wartendem Fahrzeug,Unfall im Längsverkehr,Tageslicht,0,1,0,0,0,1,"365123,5111","5649722,319",7.078466498,50.98327296,trocken,,"PKW, Sonstige"
119846,5,3,15,0,2019,September,10,Dienstag,Unfall mit Leichtverletzten,Zusammenstoß mit einbiegendem / kreuzendem Fahrzeug,Einbiegen / Kreuzen-Unfall,Tageslicht,0,1,0,0,0,0,"357206,881","5641145,815",6.969117345,50.90428755,trocken,,PKW
119970,5,3,15,0,2019,September,20,Montag,Unfall mit Leichtverletzten,Zusammenstoß mit vorausfahrendem / wartendem Fahrzeug,Sonstiger Unfall,Dunkelheit,0,1,0,0,0,0,"360261,835","5644964,974",7.011074931,50.9393586,nass/feucht,,PKW
119972,5,3,15,0,2019,September,22,Montag,Unfall mit Schwerverletzten,Zusammenstoß mit entgegenkommendem Fahrzeug,Unfall im Längsverkehr,Dunkelheit,0,1,0,0,0,0,"351773,5833","5643235,335",6.89104807,50.92169578,nass/feucht,,PKW
119974,5,3,15,0,2019,September,15,Montag,Unfall mit Schwerverletzten,Zusammenstoß mit entgegenkommendem Fahrzeug,Abbiegeunfall,Tageslicht,0,1,0,1,0,0,"353552,5049","5648798,015",6.914103424,50.97213974,trocken,,"Krad, PKW"
119976,5,3,15,0,2019,September,18,Montag,Unfall mit Leichtverletzten,Zusammenstoß mit einbiegendem / kreuzendem Fahrzeug,Abbiegeunfall,Tageslicht,0,1,0,0,0,0,"359638,56","5637289,102",7.005160857,50.87022275,nass/feucht,,PKW
120006,5,3,15,0,2019,September,13,Donnerstag,Unfall mit Leichtverletzten,Zusammenstoß mit anfahrendem/ anhaltendem/ruhendem Fahrzeug,Unfall im Längsverkehr,Tageslicht,0,1,0,0,0,0,"362468,8381","5645126,375",7.042407014,50.9413398,trocken,,PKW
120084,5,3,15,0,2019,September,17,Mittwoch,Unfall mit Leichtverletzten,Zusammenstoß mit einbiegendem / kreuzendem Fahrzeug,Einbiegen / Kreuzen-Unfall,Tageslicht,1,0,0,0,1,0,"364825,8111","5643100,905",7.076686553,50.92369322,trocken,,"Rad, Gkfz"
120086,5,3,15,0,2019,September,11,Mittwoch,Unfall mit Leichtverletzten,Zusammenstoß mit seitlich in gleicher Richtung fahrendem Fahrzeug,Abbiegeunfall,Tageslicht,1,1,0,0,0,0,"364980,518","5643074,083",7.078896394,50.92348838,trocken,,"Rad, PKW"
120089,5,3,15,0,2019,September,11,Mittwoch,Unfall mit Leichtverletzten,Unfall anderer Art,Unfall im Längsverkehr,Tageslicht,0,0,0,1,0,0,"360682,7158","5645040,633",7.017032649,50.94014041,trocken,,Krad
120091,5,3,15,0,2019,September,7,Mittwoch,Unfall mit Leichtverletzten,Zusammenstoß mit einbiegendem / kreuzendem Fahrzeug,Einbiegen / Kreuzen-Unfall,Tageslicht,0,1,0,1,0,0,"364650,9483","5647660,157",7.072505771,50.96462849,trocken,,"Krad, PKW"
120093,5,3,15,0,2019,September,17,Mittwoch,Unfall mit Leichtverletzten,Zusammenstoß mit entgegenkommendem Fahrzeug,Unfall im Längsverkehr,Tageslicht,1,0,0,0,0,0,"356385,6294","5647207,637",6.955056558,50.95856071,trocken,,Rad
120095,5,3,15,0,2019,September,16,Mittwoch,Unfall mit Leichtverletzten,Zusammenstoß mit einbiegendem / kreuzendem Fahrzeug,Abbiegeunfall,Tageslicht,1,1,0,0,0,0,"352089,23","5644973,73",6.894830466,50.93739892,trocken,,"Rad, PKW"
120098,5,3,15,0,2019,September,14,Mittwoch,Unfall mit Leichtverletzten,Zusammenstoß mit anfahrendem/ anhaltendem/ruhendem Fahrzeug,Einbiegen / Kreuzen-Unfall,Tageslicht,1,0,0,0,0,0,"350606,144","5645068,715",6.873698668,50.93787019,trocken,,Rad
120100,5,3,15,0,2019,September,17,Mittwoch,Unfall mit Leichtverletzten,Zusammenstoß mit einbiegendem / kreuzendem Fahrzeug,Abbiegeunfall,Tageslicht,0,1,0,1,0,0,"352433,3513","5647293,416",6.898784713,50.95833301,trocken,,"Krad, PKW"
120101,5,3,15,0,2019,September,9,Mittwoch,Unfall mit Leichtverletzten,Zusammenstoß zwischen Fahrzeug und Fußgänger,Überschreiten-Unfall,Tageslicht,0,1,1,0,0,0,"353564,3849","5646236,197",6.915303435,50.94912072,trocken,,"Fuss, PKW"
120103,5,3,15,0,2019,September,13,Mittwoch,Unfall mit Leichtverletzten,Unfall anderer Art,Fahrunfall,Tageslicht,0,0,0,1,0,0,"355733,2462","5643633,599",6.947189042,50.92627856,trocken,,Krad
120104,5,3,15,0,2019,September,12,Sonntag,Unfall mit Leichtverletzten,Zusammenstoß mit vorausfahrendem / wartendem Fahrzeug,Unfall im Längsverkehr,Tageslicht,0,1,0,0,0,0,"361413,0599","5640637,58",7.029094463,50.90074488,trocken,,PKW
120106,5,3,15,0,2019,September,11,Sonntag,Unfall mit Leichtverletzten,Zusammenstoß mit vorausfahrendem / wartendem Fahrzeug,Unfall im Längsverkehr,Tageslicht,0,1,0,0,0,0,"359680,4517","5641657,313",7.004078182,50.90949096,trocken,,PKW
120107,5,3,15,0,2019,September,16,Sonntag,Unfall mit Leichtverletzten,Zusammenstoß mit vorausfahrendem / wartendem Fahrzeug,Sonstiger Unfall,Tageslicht,0,1,0,0,0,0,"359979,8676","5647783,325",7.005980274,50.96461908,nass/feucht,,PKW
120110,5,3,15,0,2019,September,20,Sonntag,Unfall mit Leichtverletzten,Unfall anderer Art,Fahrunfall,Dunkelheit,0,1,0,0,0,0,"356006,991","5651107,14",6.94812435,50.99351016,nass/feucht,,PKW
120112,5,3,15,0,2019,September,23,Sonntag,Unfall mit Leichtverletzten,Unfall anderer Art,Sonstiger Unfall,Dunkelheit,0,0,0,0,0,1,"353060,5565","5643837,785",6.909103145,50.92743895,nass/feucht,,Sonstige
120114,5,3,15,0,2019,September,13,Sonntag,Unfall mit Leichtverletzten,Zusammenstoß mit vorausfahrendem / wartendem Fahrzeug,Unfall im Längsverkehr,Tageslicht,0,1,0,0,0,0,"357172,1577","5642969,762",6.967909876,50.92067072,trocken,,PKW
120219,5,3,15,0,2019,September,17,Sonntag,Unfall mit Leichtverletzten,Zusammenstoß mit seitlich in gleicher Richtung fahrendem Fahrzeug,Einbiegen / Kreuzen-Unfall,Tageslicht,0,1,0,0,0,1,"360959,7003","5642346,244",7.022000199,50.91599213,nass/feucht,,"PKW, Sonstige"
120332,5,3,15,0,2019,September,18,Montag,Unfall mit Leichtverletzten,Zusammenstoß mit vorausfahrendem / wartendem Fahrzeug,Unfall im Längsverkehr,Tageslicht,0,1,0,0,0,0,"349555,3567","5650291,629",6.856594726,50.98453153,trocken,,PKW
120334,5,3,15,0,2019,September,10,Montag,Unfall mit Leichtverletzten,Zusammenstoß mit seitlich in gleicher Richtung fahrendem Fahrzeug,Abbiegeunfall,Tageslicht,1,1,0,0,0,0,"357532,7363","5644043,197",6.972617164,50.93040681,trocken,,"Rad, PKW"
120336,5,3,15,0,2019,September,19,Montag,Unfall mit Leichtverletzten,Zusammenstoß mit entgegenkommendem Fahrzeug,Unfall im Längsverkehr,Tageslicht,1,0,0,0,0,0,"356713,9512","5644637,944",6.960739474,50.93554893,trocken,,Rad
120355,5,3,15,0,2019,September,7,Samstag,Unfall mit Leichtverletzten,Zusammenstoß mit vorausfahrendem / wartendem Fahrzeug,Unfall im Längsverkehr,Dämmerung,0,1,0,0,1,1,"351079,2595","5652807,601",6.877258229,51.0075371,trocken,,"PKW, Gkfz, Sonstige"
120357,5,3,15,0,2019,September,7,Samstag,Unfall mit Leichtverletzten,Zusammenstoß mit vorausfahrendem / wartendem Fahrzeug,Unfall im Längsverkehr,Tageslicht,0,0,0,0,1,0,"350448,6126","5653563,705",6.867963891,51.01416802,trocken,,Gkfz
120429,5,3,15,0,2019,September,15,Montag,Unfall mit Schwerverletzten,Abkommen von Fahrbahn nach links,Fahrunfall,Tageslicht,0,0,0,1,0,0,"356923,5665","5634924,322",6.967525082,50.84830472,trocken,,Krad
120471,5,3,15,0,2019,September,12,Freitag,Unfall mit Leichtverletzten,Zusammenstoß mit vorausfahrendem / wartendem Fahrzeug,Unfall im Längsverkehr,Tageslicht,0,1,0,0,0,0,"365020,4064","5638865,186",7.081019883,50.88566985,trocken,,PKW
120473,5,3,15,0,2019,September,8,Freitag,Unfall mit Leichtverletzten,Zusammenstoß mit anfahrendem/ anhaltendem/ruhendem Fahrzeug,Unfall im Längsverkehr,Tageslicht,0,1,0,0,0,0,"361586,4609","5640477,661",7.031619539,50.89934922,nass/feucht,,PKW
120475,5,3,15,0,2019,September,6,Freitag,Unfall mit Leichtverletzten,Zusammenstoß mit seitlich in gleicher Richtung fahrendem Fahrzeug,Unfall im Längsverkehr,Dunkelheit,0,1,0,1,0,0,"362353,6166","5643785,355",7.041274534,50.92926009,nass/feucht,,"Krad, PKW"
120477,5,3,15,0,2019,September,15,Freitag,Unfall mit Leichtverletzten,Unfall anderer Art,Fahrunfall,Tageslicht,1,0,0,0,0,0,"361072,9429","5649363,148",7.020933188,50.97908186,trocken,,Rad
120480,5,3,15,0,2019,September,7,Freitag,Unfall mit Leichtverletzten,Zusammenstoß mit seitlich in gleicher Richtung fahrendem Fahrzeug,Unfall im Längsverkehr,Tageslicht,0,0,0,1,0,1,"365295,08","5649763,036",7.080894214,50.98367907,nass/feucht,,"Krad, Sonstige"
120482,5,3,15,0,2019,September,16,Freitag,Unfall mit Getöteten,Unfall anderer Art,Abbiegeunfall,Tageslicht,0,0,0,0,0,1,"360237,886","5647086,047",7.009920155,50.9584152,trocken,,Sonstige
120484,5,3,15,0,2019,September,17,Freitag,Unfall mit Leichtverletzten,Zusammenstoß zwischen Fahrzeug und Fußgänger,Unfall im Längsverkehr,Tageslicht,0,0,1,0,0,1,"356488,3784","5646835,724",6.956665265,50.95524398,trocken,,"Fuss, Sonstige"
120485,5,3,15,0,2019,September,19,Freitag,Unfall mit Leichtverletzten,Zusammenstoß mit anfahrendem/ anhaltendem/ruhendem Fahrzeug,Einbiegen / Kreuzen-Unfall,Dämmerung,1,0,0,0,0,0,"355188,007","5644776,491",6.938981978,50.93641287,trocken,,Rad
120504,5,3,15,0,2019,September,14,Sonntag,Unfall mit Leichtverletzten,Zusammenstoß mit einbiegendem / kreuzendem Fahrzeug,Unfall im Längsverkehr,Tageslicht,0,1,0,0,0,0,"358385,0534","5645572,081",6.984143815,50.94435681,trocken,,PKW
120506,5,3,15,0,2019,September,11,Sonntag,Unfall mit Leichtverletzten,Unfall anderer Art,Fahrunfall,Tageslicht,0,0,0,0,0,1,"357485,003","5644947,924",6.971584544,50.93852576,trocken,,Sonstige
120507,5,3,15,0,2019,September,11,Sonntag,Unfall mit Leichtverletzten,Unfall anderer Art,Fahrunfall,Tageslicht,0,0,0,0,0,1,"358006,751","5645041,331",6.978969229,50.93949393,trocken,,Sonstige
120509,5,3,15,0,2019,September,14,Sonntag,Unfall mit Leichtverletzten,Zusammenstoß mit seitlich in gleicher Richtung fahrendem Fahrzeug,Abbiegeunfall,Tageslicht,0,1,0,1,0,0,"358234,3949","5644001,893",6.982611559,50.93020849,trocken,,"Krad, PKW"
120511,5,3,15,0,2019,September,20,Sonntag,Unfall mit Leichtverletzten,Zusammenstoß mit einbiegendem / kreuzendem Fahrzeug,Einbiegen / Kreuzen-Unfall,Dunkelheit,1,1,0,0,0,0,"359789,54","5647484,603",7.003386707,50.96188815,trocken,,"Rad, PKW"
120513,5,3,15,0,2019,September,17,Sonntag,Unfall mit Schwerverletzten,Zusammenstoß zwischen Fahrzeug und Fußgänger,Überschreiten-Unfall,Tageslicht,0,1,1,0,0,0,"351453,9143","5648067,405",6.884532576,50.96503676,trocken,,"Fuss, PKW"
120515,5,3,15,0,2019,September,13,Sonntag,Unfall mit Leichtverletzten,Zusammenstoß zwischen Fahrzeug und Fußgänger,Unfall im Längsverkehr,Tageslicht,0,0,1,0,0,1,"353786,5413","5646533,127",6.918344639,50.95184552,trocken,,"Fuss, Sonstige"
120516,5,3,15,0,2019,September,11,Sonntag,Unfall mit Leichtverletzten,Zusammenstoß mit vorausfahrendem / wartendem Fahrzeug,Unfall im Längsverkehr,Tageslicht,0,1,0,1,0,0,"350308,0691","5647398,089",6.868501804,50.95872548,trocken,,"Krad, PKW"
120518,5,3,15,0,2019,September,4,Sonntag,Unfall mit Leichtverletzten,Zusammenstoß mit einbiegendem / kreuzendem Fahrzeug,Einbiegen / Kreuzen-Unfall,Dunkelheit,1,1,0,0,0,0,"354338,559","5645501,8",6.926610772,50.94271708,trocken,,"Rad, PKW"
120520,5,3,15,0,2019,September,4,Sonntag,Unfall mit Leichtverletzten,Unfall anderer Art,Sonstiger Unfall,Dunkelheit,0,0,0,0,0,1,"355401,1933","5646705,516",6.941248168,50.95380209,trocken,,Sonstige
120522,5,3,15,0,2019,September,0,Sonntag,Unfall mit Leichtverletzten,Unfall anderer Art,Sonstiger Unfall,Dunkelheit,0,0,0,1,0,0,"357762,7696","5640163,241",6.977400968,50.89559433,trocken,,Krad
120523,5,3,15,0,2019,September,1,Sonntag,Unfall mit Leichtverletzten,Unfall anderer Art,Fahrunfall,Dunkelheit,1,0,0,0,0,0,"355295,7245","5645383,81",6.940272783,50.94189775,trocken,,Rad
120624,5,3,15,0,2019,September,8,Freitag,Unfall mit Leichtverletzten,Abkommen von Fahrbahn nach links,Fahrunfall,Tageslicht,0,1,0,0,0,0,"360772,405","5642829,208",7.019153078,50.92028749,nass/feucht,,PKW
120632,5,3,15,0,2019,September,14,Sonntag,Unfall mit Schwerverletzten,Zusammenstoß mit vorausfahrendem / wartendem Fahrzeug,Unfall im Längsverkehr,Tageslicht,0,1,0,0,0,0,"350499,5968","5653529,407",6.868704328,51.01387308,trocken,,PKW
120634,5,3,15,0,2019,September,15,Sonntag,Unfall mit Leichtverletzten,Zusammenstoß mit vorausfahrendem / wartendem Fahrzeug,Unfall im Längsverkehr,Tageslicht,0,1,0,0,0,0,"351251,5378","5652587,682",6.879802246,51.00560541,trocken,,PKW
120719,5,3,15,0,2019,September,16,Donnerstag,Unfall mit Leichtverletzten,Zusammenstoß mit einbiegendem / kreuzendem Fahrzeug,Einbiegen / Kreuzen-Unfall,Tageslicht,1,1,0,0,0,0,"363648,823","5641225,203",7.060651128,50.90655843,nass/feucht,,"Rad, PKW"
120721,5,3,15,0,2019,September,9,Samstag,Unfall mit Leichtverletzten,Zusammenstoß mit einbiegendem / kreuzendem Fahrzeug,Abbiegeunfall,Tageslicht,0,1,0,0,0,0,"366377,6473","5642645,009",7.098920683,50.91995728,trocken,,PKW
120722,5,3,15,0,2019,September,3,Donnerstag,Unfall mit Leichtverletzten,Abkommen von Fahrbahn nach rechts,Sonstiger Unfall,Dunkelheit,0,1,0,0,0,0,"365671,503","5634892,691",7.091729637,50.85011798,trocken,,PKW
120723,5,3,15,0,2019,September,2,Samstag,Unfall mit Leichtverletzten,Unfall anderer Art,Fahrunfall,Dunkelheit,0,0,0,1,0,0,"363416,8707","5641677,74",7.057184695,50.91057077,trocken,,Krad
120724,5,3,15,0,2019,September,17,Donnerstag,Unfall mit Schwerverletzten,Zusammenstoß mit vorausfahrendem / wartendem Fahrzeug,Unfall im Längsverkehr,Dämmerung,0,1,0,1,0,0,"358568,9643","5644678,632",6.987106869,50.9363725,nass/feucht,,"Krad, PKW"
120725,5,3,15,0,2019,September,16,Samstag,Unfall mit Leichtverletzten,Unfall anderer Art,Fahrunfall,Tageslicht,0,0,0,1,0,0,"356378,5548","5655247,265",6.951776582,51.0308092,trocken,,Krad
120726,5,3,15,0,2019,September,10,Donnerstag,Unfall mit Leichtverletzten,Zusammenstoß mit seitlich in gleicher Richtung fahrendem Fahrzeug,Unfall im Längsverkehr,Tageslicht,1,1,0,0,0,0,"349456,4763","5651896,096",6.854522069,50.99892374,trocken,,"Rad, PKW"
120727,5,3,15,0,2019,September,6,Samstag,Unfall mit Leichtverletzten,Zusammenstoß mit entgegenkommendem Fahrzeug,Überschreiten-Unfall,Dunkelheit,0,1,1,0,0,0,"347635,799","5648093,625",6.830188413,50.96427527,trocken,,"Fuss, PKW"
120728,5,3,15,0,2019,September,5,Donnerstag,Unfall mit Schwerverletzten,Zusammenstoß mit entgegenkommendem Fahrzeug,Unfall im Längsverkehr,Dunkelheit,1,0,0,0,0,0,"347661,7872","5658333,208",6.82625943,51.05629524,trocken,,Rad
120729,5,3,15,0,2019,September,12,Samstag,Unfall mit Schwerverletzten,Unfall anderer Art,Sonstiger Unfall,Tageslicht,1,0,0,0,0,0,"354299,7177","5644202,564",6.926577785,50.93103142,trocken,,Rad
120731,5,3,15,0,2019,September,11,Donnerstag,Unfall mit Leichtverletzten,Zusammenstoß mit seitlich in gleicher Richtung fahrendem Fahrzeug,Abbiegeunfall,Tageslicht,1,0,0,0,1,0,"351564,9063","5647980,607",6.886147494,50.96428536,trocken,,"Rad, Gkfz"
120733,5,3,15,0,2019,September,8,Donnerstag,Unfall mit Leichtverletzten,Zusammenstoß mit einbiegendem / kreuzendem Fahrzeug,Abbiegeunfall,Tageslicht,1,1,0,0,0,0,"353365,7471","5645862,002",6.912628253,50.94570749,trocken,,"Rad, PKW"
120735,5,3,15,0,2019,September,23,Donnerstag,Unfall mit Leichtverletzten,Zusammenstoß mit seitlich in gleicher Richtung fahrendem Fahrzeug,Unfall im Längsverkehr,Dunkelheit,0,1,0,0,0,0,"358157,3743","5640871,752",6.98273328,50.90205882,nass/feucht,,PKW