OBJECTID,ULAND,UREGBEZ,UKREIS,UGEMEINDE,UJAHR,UMONAT,USTUNDE,UWOCHENTAG,UKATEGORIE,UART,UTYP1,ULICHTVERH,IstRad,IstPKW,IstFuss,IstKrad,IstGkfz,IstSonstige,LINREFX,LINREFY,XGCSWGS84,YGCSWGS84,USTRZUSTAND,UIDENTSTLAE,Participants
120736,5,3,15,0,2019,September,15,Donnerstag,Unfall mit Leichtverletzten,Abkommen von Fahrbahn nach rechts,Fahrunfall,Tageslicht,0,0,0,1,0,0,"356039,821","5639996,125",6.95298329,50.89366556,nass/feucht,,Krad
120739,5,3,15,0,2019,September,8,Donnerstag,Unfall mit Leichtverletzten,Zusammenstoß mit seitlich in gleicher Richtung fahrendem Fahrzeug,Unfall im Längsverkehr,Tageslicht,0,1,0,1,0,0,"355113,0437","5643631,422",6.938370971,50.92610357,trocken,,"Krad, PKW"
120802,5,3,15,0,2019,September,13,Donnerstag,Unfall mit Leichtverletzten,Zusammenstoß mit vorausfahrendem / wartendem Fahrzeug,Unfall im Längsverkehr,Tageslicht,0,1,0,0,0,0,"360529,1686","5654642,373",7.011163592,51.02639521,trocken,,PKW
120803,5,3,15,0,2019,September,8,Donnerstag,Unfall mit Leichtverletzten,Zusammenstoß mit seitlich in gleicher Richtung fahrendem Fahrzeug,Unfall im Längsverkehr,Tageslicht,0,1,0,0,0,0,"350342,2365","5650871,945",6.867558154,50.9899515,trocken,,PKW
120804,5,3,15,0,2019,September,16,Donnerstag,Unfall mit Leichtverletzten,Zusammenstoß mit vorausfahrendem / wartendem Fahrzeug,Unfall im Längsverkehr,Tageslicht,0,1,0,0,0,0,"348192,6773","5658371,551",6.833812903,51.05678037,trocken,,PKW
120836,5,3,15,0,2019,September,9,Mittwoch,Unfall mit Leichtverletzten,Zusammenstoß mit einbiegendem / kreuzendem Fahrzeug,Abbiegeunfall,Tageslicht,0,1,0,1,0,0,"359039,469","5642227,093",6.994746615,50.91445548,trocken,,"Krad, PKW"
120837,5,3,15,0,2019,September,8,Mittwoch,Unfall mit Leichtverletzten,Zusammenstoß mit anfahrendem/ anhaltendem/ruhendem Fahrzeug,Unfall im Längsverkehr,Tageslicht,0,1,0,0,0,0,"357927,2663","5644766,086",6.97794598,50.93700072,trocken,,PKW
120838,5,3,15,0,2019,September,12,Mittwoch,Unfall mit Leichtverletzten,Zusammenstoß mit einbiegendem / kreuzendem Fahrzeug,Einbiegen / Kreuzen-Unfall,Tageslicht,0,1,0,1,0,0,"358628,9485","5640082,947",6.989740896,50.8950854,trocken,,"Krad, PKW"
120839,5,3,15,0,2019,September,17,Mittwoch,Unfall mit Schwerverletzten,Zusammenstoß mit einbiegendem / kreuzendem Fahrzeug,Abbiegeunfall,Tageslicht,1,1,0,0,0,0,"353355,3961","5644869,419",6.912880568,50.93678489,trocken,,"Rad, PKW"
120840,5,3,15,0,2019,September,18,Mittwoch,Unfall mit Leichtverletzten,Zusammenstoß mit anfahrendem/ anhaltendem/ruhendem Fahrzeug,Unfall durch ruhenden Verkehr,Tageslicht,1,1,0,0,0,0,"356532,7876","5643037,477",6.958792728,50.92112066,trocken,,"Rad, PKW"
120905,5,3,15,0,2019,September,6,Mittwoch,Unfall mit Leichtverletzten,Zusammenstoß mit vorausfahrendem / wartendem Fahrzeug,Unfall im Längsverkehr,Dunkelheit,0,0,0,0,1,1,"362917,1737","5646381,443",7.048312129,50.95272632,trocken,,"Gkfz, Sonstige"
120935,5,3,15,0,2019,September,18,Dienstag,Unfall mit Leichtverletzten,Zusammenstoß mit entgegenkommendem Fahrzeug,Abbiegeunfall,Dämmerung,0,1,0,1,0,0,"363802,0295","5641070,817",7.062886486,50.90520705,nass/feucht,,"Krad, PKW"
120936,5,3,15,0,2019,September,16,Dienstag,Unfall mit Leichtverletzten,Unfall anderer Art,Sonstiger Unfall,Tageslicht,0,1,1,0,0,0,"357922,3327","5644720,322",6.977893654,50.93658822,trocken,,"Fuss, PKW"
120937,5,3,15,0,2019,September,18,Dienstag,Unfall mit Leichtverletzten,Zusammenstoß mit entgegenkommendem Fahrzeug,Einbiegen / Kreuzen-Unfall,Tageslicht,1,1,0,0,0,0,"349343,782","5644118,736",6.856137737,50.92900499,nass/feucht,,"Rad, PKW"
120938,5,3,15,0,2019,September,18,Dienstag,Unfall mit Leichtverletzten,Zusammenstoß mit vorausfahrendem / wartendem Fahrzeug,Unfall im Längsverkehr,Tageslicht,0,1,0,1,0,0,"354702,4105","5643067,499",6.932756733,50.92093245,nass/feucht,,"Krad, PKW"
121030,5,3,15,0,2019,September,16,Dienstag,Unfall mit Leichtverletzten,Zusammenstoß mit vorausfahrendem / wartendem Fahrzeug,Unfall im Längsverkehr,Tageslicht,0,1,0,0,0,0,"360675,4459","5653360,517",7.01374063,51.01491057,nass/feucht,,PKW
121123,5,3,15,0,2019,September,15,Samstag,Unfall mit Leichtverletzten,Zusammenstoß mit vorausfahrendem / wartendem Fahrzeug,Unfall im Längsverkehr,Tageslicht,0,1,0,0,1,0,"365753,5926","5639594,775",7.091169188,50.892398,trocken,,"PKW, Gkfz"
121125,5,3,15,0,2019,September,12,Samstag,Unfall mit Leichtverletzten,Zusammenstoß mit vorausfahrendem / wartendem Fahrzeug,Unfall im Längsverkehr,Tageslicht,0,1,0,0,0,0,"362484,4291","5645126,039",7.042628922,50.94134049,trocken,,PKW
121128,5,3,15,0,2019,September,17,Samstag,Unfall mit Leichtverletzten,Zusammenstoß mit seitlich in gleicher Richtung fahrendem Fahrzeug,Unfall im Längsverkehr,Tageslicht,0,1,0,0,1,0,"351234,5638","5641936,723",6.88391407,50.90988709,trocken,,"PKW, Gkfz"
121180,5,3,15,0,2019,September,17,Freitag,Unfall mit Leichtverletzten,Zusammenstoß mit anfahrendem/ anhaltendem/ruhendem Fahrzeug,Unfall im Längsverkehr,Tageslicht,0,1,0,0,0,0,"363533,1618","5641449,948",7.058923034,50.908551,trocken,,PKW
121181,5,3,15,0,2019,September,14,Freitag,Unfall mit Schwerverletzten,Zusammenstoß zwischen Fahrzeug und Fußgänger,Überschreiten-Unfall,Tageslicht,0,1,1,0,0,0,"357432,3292","5644284,972",6.971094708,50.93255482,trocken,,"Fuss, PKW"
121182,5,3,15,0,2019,September,18,Freitag,Unfall mit Leichtverletzten,Unfall anderer Art,Abbiegeunfall,Tageslicht,0,1,0,0,0,0,"361441,681","5647318,717",7.026961547,50.96079698,trocken,,PKW
121183,5,3,15,0,2019,September,20,Freitag,Unfall mit Leichtverletzten,Zusammenstoß mit einbiegendem / kreuzendem Fahrzeug,Einbiegen / Kreuzen-Unfall,Dunkelheit,1,1,0,0,0,0,"353513,7654","5646167,786",6.914610833,50.94849308,trocken,,"Rad, PKW"
121184,5,3,15,0,2019,September,15,Freitag,Unfall mit Leichtverletzten,Zusammenstoß mit vorausfahrendem / wartendem Fahrzeug,Unfall im Längsverkehr,Tageslicht,0,1,0,0,1,0,"350397,8117","5648522,345",6.86931644,50.96885173,trocken,,"PKW, Gkfz"
121185,5,3,15,0,2019,September,12,Freitag,Unfall mit Leichtverletzten,Zusammenstoß mit einbiegendem / kreuzendem Fahrzeug,Einbiegen / Kreuzen-Unfall,Tageslicht,1,1,0,0,0,0,"356334,6841","5641119,075",6.956731407,50.90383086,trocken,,"Rad, PKW"
121254,5,3,15,0,2019,September,14,Freitag,Unfall mit Schwerverletzten,Unfall anderer Art,Fahrunfall,Tageslicht,0,0,0,1,0,0,"361745,3471","5647989,061",7.03102821,50.96689447,trocken,,Krad
121256,5,3,15,0,2019,September,19,Freitag,Unfall mit Leichtverletzten,Zusammenstoß mit anfahrendem/ anhaltendem/ruhendem Fahrzeug,Unfall im Längsverkehr,Dämmerung,0,1,0,0,0,0,"364103,7575","5641367,495",7.067064826,50.90794456,trocken,,PKW
121260,5,3,15,0,2019,September,8,Freitag,Unfall mit Leichtverletzten,Zusammenstoß mit vorausfahrendem / wartendem Fahrzeug,Unfall im Längsverkehr,Tageslicht,0,1,0,0,0,0,"351255,6239","5641920,602",6.884219987,50.90974764,trocken,,PKW
121315,5,3,15,0,2019,September,7,Donnerstag,Unfall mit Leichtverletzten,Zusammenstoß mit einbiegendem / kreuzendem Fahrzeug,Einbiegen / Kreuzen-Unfall,Tageslicht,0,1,0,0,0,0,"365078,3089","5638522,098",7.081969237,50.88259982,trocken,,PKW
121316,5,3,15,0,2019,September,15,Donnerstag,Unfall mit Leichtverletzten,Zusammenstoß mit seitlich in gleicher Richtung fahrendem Fahrzeug,Abbiegeunfall,Tageslicht,1,0,0,0,1,0,"349279,302","5656797,312",6.84996193,51.04292036,trocken,,"Rad, Gkfz"
121318,5,3,15,0,2019,September,6,Donnerstag,Unfall mit Leichtverletzten,Zusammenstoß mit vorausfahrendem / wartendem Fahrzeug,Unfall im Längsverkehr,Dämmerung,0,1,0,1,0,0,"355880,5758","5646808,427",6.948028033,50.954847,trocken,,"Krad, PKW"
121319,5,3,15,0,2019,September,15,Donnerstag,Unfall mit Leichtverletzten,Unfall anderer Art,Abbiegeunfall,Tageslicht,1,1,0,0,0,0,"353243,364","5644877,435",6.911283975,50.93682843,trocken,,"Rad, PKW"
121320,5,3,15,0,2019,September,7,Donnerstag,Unfall mit Leichtverletzten,Zusammenstoß mit anfahrendem/ anhaltendem/ruhendem Fahrzeug,Unfall im Längsverkehr,Dämmerung,0,1,0,0,0,0,"353923,5335","5646130,89",6.920455009,50.9482655,trocken,,PKW
121321,5,3,15,0,2019,September,17,Donnerstag,Unfall mit Leichtverletzten,Zusammenstoß mit anfahrendem/ anhaltendem/ruhendem Fahrzeug,Unfall im Längsverkehr,Tageslicht,0,1,0,0,0,0,"350429,8406","5646627,742",6.870550992,50.95183449,trocken,,PKW
121322,5,3,15,0,2019,September,15,Donnerstag,Unfall mit Leichtverletzten,Unfall anderer Art,Sonstiger Unfall,Tageslicht,1,0,0,0,0,0,"350058,813","5644991,181",6.865946258,50.9370314,trocken,,Rad
121323,5,3,15,0,2019,September,17,Donnerstag,Unfall mit Leichtverletzten,Zusammenstoß mit seitlich in gleicher Richtung fahrendem Fahrzeug,Unfall im Längsverkehr,Tageslicht,0,1,0,0,0,0,"353973,6101","5642188,664",6.922746673,50.91285063,trocken,,PKW
121341,5,3,15,0,2019,September,6,Montag,Unfall mit Leichtverletzten,Unfall anderer Art,Fahrunfall,Dunkelheit,1,0,0,0,0,0,"353375,6002","5641159,363",6.914659383,50.90344902,trocken,,Rad
121369,5,3,15,0,2019,September,8,Samstag,Unfall mit Leichtverletzten,Zusammenstoß mit einbiegendem / kreuzendem Fahrzeug,Sonstiger Unfall,Tageslicht,1,1,0,0,0,0,"356161,9423","5648776,779",6.951253196,50.97260648,trocken,,"Rad, PKW"
121428,5,3,15,0,2019,September,15,Sonntag,Unfall mit Leichtverletzten,Zusammenstoß mit vorausfahrendem / wartendem Fahrzeug,Unfall im Längsverkehr,Tageslicht,0,1,0,0,0,0,"350717,956","5643541,049",6.875914549,50.92417091,trocken,,PKW
121438,5,3,15,0,2019,September,18,Montag,Unfall mit Leichtverletzten,Zusammenstoß mit einbiegendem / kreuzendem Fahrzeug,Einbiegen / Kreuzen-Unfall,Dämmerung,1,1,0,0,0,0,"363026,725","5638035,488",7.053004356,50.8777437,trocken,,"Rad, PKW"
121479,5,3,15,0,2019,September,14,Montag,Unfall mit Leichtverletzten,Zusammenstoß mit vorausfahrendem / wartendem Fahrzeug,Unfall im Längsverkehr,Tageslicht,0,1,0,0,0,0,"363346,2","5643660,664",7.055437135,50.92837545,trocken,,PKW
121482,5,3,15,0,2019,September,11,Sonntag,Unfall mit Leichtverletzten,Zusammenstoß mit entgegenkommendem Fahrzeug,Sonstiger Unfall,Tageslicht,0,1,0,0,0,0,"358217,177","5640790,729",6.983614686,50.90134535,trocken,,PKW
121506,5,3,15,0,2019,September,6,Dienstag,Unfall mit Leichtverletzten,Zusammenstoß mit vorausfahrendem / wartendem Fahrzeug,Unfall im Längsverkehr,Dunkelheit,0,1,0,0,1,0,"356960,6406","5639018,504",6.966450613,50.88510847,nass/feucht,,"PKW, Gkfz"
121509,5,3,15,0,2019,September,23,Montag,Unfall mit Leichtverletzten,Zusammenstoß mit seitlich in gleicher Richtung fahrendem Fahrzeug,Unfall im Längsverkehr,Dunkelheit,0,1,0,0,0,0,"355247,6705","5645115,993",6.939695667,50.93947888,nass/feucht,,PKW
121541,5,3,15,0,2019,September,15,Sonntag,Unfall mit Schwerverletzten,Zusammenstoß mit entgegenkommendem Fahrzeug,Unfall durch ruhenden Verkehr,Tageslicht,0,1,0,1,0,0,"362352,0911","5648143,88",7.039605225,50.96843117,trocken,,"Krad, PKW"
121548,5,3,15,0,2019,September,12,Dienstag,Unfall mit Leichtverletzten,Zusammenstoß mit seitlich in gleicher Richtung fahrendem Fahrzeug,Unfall im Längsverkehr,Tageslicht,0,1,0,0,1,0,"366007,8804","5636914,825",7.095765071,50.86837043,nass/feucht,,"PKW, Gkfz"
121559,5,3,15,0,2019,September,18,Samstag,Unfall mit Leichtverletzten,Zusammenstoß mit vorausfahrendem / wartendem Fahrzeug,Unfall im Längsverkehr,Tageslicht,0,1,0,0,0,0,"350378,6306","5646595,252",6.8698358,50.95152923,trocken,,PKW
121565,5,3,15,0,2019,September,21,Samstag,Unfall mit Leichtverletzten,Zusammenstoß mit seitlich in gleicher Richtung fahrendem Fahrzeug,Einbiegen / Kreuzen-Unfall,Dunkelheit,0,1,0,0,0,0,"352074,4975","5651054,658",6.892148397,50.99204123,trocken,,PKW
121569,5,3,15,0,2019,September,7,Sonntag,Unfall mit Leichtverletzten,Zusammenstoß mit vorausfahrendem / wartendem Fahrzeug,Unfall im Längsverkehr,Tageslicht,0,1,0,0,0,0,"357080,145","5639789,805",6.967846736,50.89206974,nass/feucht,,PKW
121574,5,3,15,0,2019,September,18,Samstag,Unfall mit Leichtverletzten,Unfall anderer Art,Fahrunfall,Tageslicht,1,0,0,0,0,0,"349682,0858","5649302,199",6.858808074,50.97567337,trocken,,Rad
121581,5,3,15,0,2019,September,18,Samstag,Unfall mit Leichtverletzten,Zusammenstoß mit einbiegendem / kreuzendem Fahrzeug,Einbiegen / Kreuzen-Unfall,Tageslicht,0,1,0,0,0,0,"356928,976","5636597,25",6.966948043,50.86334075,trocken,,PKW
121605,5,3,15,0,2019,September,17,Sonntag,Unfall mit Leichtverletzten,Zusammenstoß mit anfahrendem/ anhaltendem/ruhendem Fahrzeug,Unfall durch ruhenden Verkehr,Tageslicht,1,1,0,0,0,0,"354144,7761","5645975,52",6.923664636,50.94692526,trocken,,"Rad, PKW"
121612,5,3,15,0,2019,September,4,Dienstag,Unfall mit Leichtverletzten,Abkommen von Fahrbahn nach rechts,Sonstiger Unfall,Dunkelheit,0,1,0,0,0,0,"359046,8832","5643516,932",6.994353541,50.92604922,nass/feucht,,PKW
121620,5,3,15,0,2019,September,13,Samstag,Unfall mit Leichtverletzten,Zusammenstoß zwischen Fahrzeug und Fußgänger,Sonstiger Unfall,Tageslicht,0,0,1,0,0,1,"363277,175","5643723,7",7.054431883,50.92892563,trocken,,"Fuss, Sonstige"
121640,5,3,15,0,2019,September,16,Donnerstag,Unfall mit Leichtverletzten,Unfall anderer Art,Einbiegen / Kreuzen-Unfall,Tageslicht,1,1,0,0,0,0,"366408,075","5641469,777",7.099783667,50.90940172,nass/feucht,,"Rad, PKW"
121641,5,3,15,0,2019,September,12,Donnerstag,Unfall mit Leichtverletzten,Zusammenstoß mit einbiegendem / kreuzendem Fahrzeug,Einbiegen / Kreuzen-Unfall,Tageslicht,1,1,0,0,0,0,"352554,8253","5647205,844",6.900548627,50.95757714,trocken,,"Rad, PKW"
121642,5,3,15,0,2019,September,13,Donnerstag,Unfall mit Leichtverletzten,Zusammenstoß zwischen Fahrzeug und Fußgänger,Überschreiten-Unfall,Tageslicht,0,1,1,0,0,0,"352600,1587","5647178,475",6.901204744,50.95734278,trocken,,"Fuss, PKW"
121643,5,3,15,0,2019,September,9,Donnerstag,Unfall mit Schwerverletzten,Unfall anderer Art,Sonstiger Unfall,Tageslicht,1,0,0,0,0,0,"352687,3332","5644915,139",6.903360671,50.93702549,nass/feucht,,Rad
121644,5,3,15,0,2019,September,8,Donnerstag,Unfall mit Leichtverletzten,Zusammenstoß mit anfahrendem/ anhaltendem/ruhendem Fahrzeug,Unfall im Längsverkehr,Tageslicht,0,1,0,0,0,0,"357973,7071","5641135,388",6.980020363,50.90438299,trocken,,PKW
121645,5,3,15,0,2019,September,18,Donnerstag,Unfall mit Leichtverletzten,Zusammenstoß mit seitlich in gleicher Richtung fahrendem Fahrzeug,Abbiegeunfall,Tageslicht,0,1,0,1,0,0,"355747,6871","5645926,815",6.946486556,50.94689088,nass/feucht,,"Krad, PKW"
121768,5,3,15,0,2019,September,18,Mittwoch,Unfall mit Leichtverletzten,Zusammenstoß mit anfahrendem/ anhaltendem/ruhendem Fahrzeug,Unfall durch ruhenden Verkehr,Tageslicht,1,1,0,0,0,0,"356307,301","5647901,853",6.953667841,50.96477998,trocken,,"Rad, PKW"
121769,5,3,15,0,2019,September,23,Mittwoch,Unfall mit Leichtverletzten,Abkommen von Fahrbahn nach rechts,Fahrunfall,Dunkelheit,0,1,0,0,0,0,"353205,2765","5655395,254",6.906493662,51.03133741,nass/feucht,,PKW
121770,5,3,15,0,2019,September,9,Mittwoch,Unfall mit Leichtverletzten,Zusammenstoß mit vorausfahrendem / wartendem Fahrzeug,Unfall im Längsverkehr,Tageslicht,0,1,0,0,0,0,"354338,559","5645501,8",6.926610772,50.94271708,trocken,,PKW
121771,5,3,15,0,2019,September,9,Mittwoch,Unfall mit Leichtverletzten,Zusammenstoß mit vorausfahrendem / wartendem Fahrzeug,Unfall im Längsverkehr,Tageslicht,0,1,0,1,0,1,"354788,2804","5646138,726",6.93275383,50.9485544,trocken,,"Krad, PKW, Sonstige"
121772,5,3,15,0,2019,September,10,Mittwoch,Unfall mit Leichtverletzten,Zusammenstoß zwischen Fahrzeug und Fußgänger,Sonstiger Unfall,Tageslicht,1,0,1,0,0,0,"352943,249","5643818,707",6.907442787,50.92723761,trocken,,"Rad, Fuss"
121831,5,3,15,0,2019,September,21,Mittwoch,Unfall mit Schwerverletzten,Zusammenstoß mit vorausfahrendem / wartendem Fahrzeug,Unfall im Längsverkehr,Dunkelheit,0,1,0,0,1,0,"348261,0067","5643905,063",6.840830258,50.92680107,nass/feucht,,"PKW, Gkfz"
121885,5,3,15,0,2019,September,13,Dienstag,Unfall mit Leichtverletzten,Zusammenstoß mit einbiegendem / kreuzendem Fahrzeug,Abbiegeunfall,Tageslicht,1,1,0,0,0,0,"359509,0173","5646712,482",6.999692699,50.9548807,trocken,,"Rad, PKW"
121887,5,3,15,0,2019,September,8,Dienstag,Unfall mit Leichtverletzten,Unfall anderer Art,Fahrunfall,Tageslicht,0,0,0,1,0,0,"350587,5296","5649352,39",6.871675425,50.97636003,nass/feucht,,Krad
121889,5,3,15,0,2019,September,14,Dienstag,Unfall mit Leichtverletzten,Abkommen von Fahrbahn nach rechts,Fahrunfall,Tageslicht,1,0,0,0,0,0,"354320,0338","5644138,629",6.926892249,50.93046198,trocken,,Rad
121891,5,3,15,0,2019,September,9,Dienstag,Unfall mit Leichtverletzten,Zusammenstoß mit einbiegendem / kreuzendem Fahrzeug,Einbiegen / Kreuzen-Unfall,Tageslicht,0,1,0,0,0,0,"355435,282","5645708,929",6.942128845,50.94485454,nass/feucht,,PKW
121924,5,3,15,0,2019,September,10,Freitag,Unfall mit Leichtverletzten,Unfall anderer Art,Fahrunfall,Tageslicht,0,0,0,1,0,0,"359223,8485","5643425,889",6.996905116,50.92527421,nass/feucht,,Krad
121926,5,3,15,0,2019,September,8,Freitag,Unfall mit Leichtverletzten,Zusammenstoß mit vorausfahrendem / wartendem Fahrzeug,Unfall im Längsverkehr,Tageslicht,0,1,0,0,0,0,"360919,9151","5649674,815",7.018635388,50.98184591,nass/feucht,,PKW
122021,5,3,15,0,2019,September,23,Sonntag,Unfall mit Schwerverletzten,Abkommen von Fahrbahn nach links,Fahrunfall,Dunkelheit,0,1,0,0,0,0,"348138,5272","5658955,856",6.832795587,51.0620166,trocken,,PKW
122022,5,3,15,0,2019,September,16,Sonntag,Unfall mit Leichtverletzten,Zusammenstoß mit vorausfahrendem / wartendem Fahrzeug,Unfall im Längsverkehr,Tageslicht,0,1,0,0,0,0,"357139,5292","5638088,312",6.969355646,50.87679306,trocken,,PKW
122023,5,3,15,0,2019,September,8,Sonntag,Unfall mit Schwerverletzten,Abkommen von Fahrbahn nach links,Sonstiger Unfall,Tageslicht,0,0,0,1,0,1,"352452,563","5651148,678",6.897493532,50.99298318,nass/feucht,,"Krad, Sonstige"
122058,5,3,15,0,2019,September,15,Samstag,Unfall mit Schwerverletzten,Zusammenstoß mit vorausfahrendem / wartendem Fahrzeug,Unfall im Längsverkehr,Tageslicht,0,1,0,0,0,0,"356419,8494","5656786,627",6.951755021,51.0446533,trocken,,PKW
122061,5,3,15,0,2019,September,14,Samstag,Unfall mit Leichtverletzten,Zusammenstoß zwischen Fahrzeug und Fußgänger,Überschreiten-Unfall,Tageslicht,0,1,1,0,0,0,"360012,868","5648032,983",7.006353855,50.9668708,trocken,,"Fuss, PKW"
122062,5,3,15,0,2019,September,22,Samstag,Unfall mit Leichtverletzten,Unfall anderer Art,Sonstiger Unfall,Dunkelheit,1,1,0,0,0,1,"353720,8973","5646294,404",6.91750663,50.94968355,trocken,,"Rad, PKW, Sonstige"
122063,5,3,15,0,2019,September,9,Samstag,Unfall mit Leichtverletzten,Unfall anderer Art,Fahrunfall,Tageslicht,1,0,0,0,0,0,"354533,0493","5643503,666",6.930174815,50.9248095,trocken,,Rad
122155,5,3,15,0,2019,September,14,Samstag,Unfall mit Leichtverletzten,Zusammenstoß mit vorausfahrendem / wartendem Fahrzeug,Unfall im Längsverkehr,Tageslicht,0,1,0,0,0,0,"360696,9373","5653166,089",7.014121481,51.01316844,trocken,,PKW
122158,5,3,15,0,2019,September,11,Dienstag,Unfall mit Leichtverletzten,Zusammenstoß mit seitlich in gleicher Richtung fahrendem Fahrzeug,Unfall im Längsverkehr,Tageslicht,0,1,0,0,0,0,"362533,3944","5644994,587",7.043375054,50.94017076,trocken,,PKW
122159,5,3,15,0,2019,September,8,Dienstag,Unfall mit Schwerverletzten,Zusammenstoß mit vorausfahrendem / wartendem Fahrzeug,Unfall im Längsverkehr,Tageslicht,0,1,0,0,0,0,"358895,731","5643639,872",6.992156601,50.92711714,trocken,,PKW
122160,5,3,15,0,2019,September,15,Samstag,Unfall mit Leichtverletzten,Zusammenstoß mit seitlich in gleicher Richtung fahrendem Fahrzeug,Unfall im Längsverkehr,Tageslicht,0,1,0,1,0,0,"356697,382","5638929,016",6.962745556,50.884239,trocken,,"Krad, PKW"
122161,5,3,15,0,2019,September,8,Dienstag,Unfall mit Leichtverletzten,Zusammenstoß mit vorausfahrendem / wartendem Fahrzeug,Unfall im Längsverkehr,Tageslicht,0,1,0,0,0,0,"361862,5347","5647546,921",7.032863987,50.96294896,nass/feucht,,PKW
122163,5,3,15,0,2019,September,16,Dienstag,Unfall mit Leichtverletzten,Zusammenstoß mit vorausfahrendem / wartendem Fahrzeug,Unfall im Längsverkehr,Tageslicht,0,1,0,0,0,0,"357111,4381","5638682,808",6.968724258,50.88212888,trocken,,PKW
122214,5,3,15,0,2019,September,7,Montag,Unfall mit Leichtverletzten,Zusammenstoß mit vorausfahrendem / wartendem Fahrzeug,Sonstiger Unfall,Tageslicht,0,1,0,0,0,0,"359979,3916","5647786,543",7.005972261,50.96464788,trocken,,PKW
122215,5,3,15,0,2019,September,0,Montag,Unfall mit Leichtverletzten,Zusammenstoß mit seitlich in gleicher Richtung fahrendem Fahrzeug,Unfall im Längsverkehr,Dunkelheit,1,1,0,0,0,0,"353659,1131","5646361,559",6.916600674,50.95027136,trocken,,"Rad, PKW"
122216,5,3,15,0,2019,September,2,Montag,Unfall mit Leichtverletzten,Unfall anderer Art,Sonstiger Unfall,Dunkelheit,1,0,0,0,0,0,"352732,664","5647102,149",6.903120991,50.95669076,nass/feucht,,Rad
122219,5,3,15,0,2019,September,16,Montag,Unfall mit Leichtverletzten,Zusammenstoß mit vorausfahrendem / wartendem Fahrzeug,Unfall im Längsverkehr,Tageslicht,0,1,0,0,0,0,"354622,5283","5645954,876",6.93046921,50.94686042,nass/feucht,,PKW
122272,5,3,15,0,2019,September,15,Freitag,Unfall mit Schwerverletzten,Zusammenstoß mit einbiegendem / kreuzendem Fahrzeug,Einbiegen / Kreuzen-Unfall,Tageslicht,0,1,0,0,1,0,"367865,2015","5645364,503",7.119086306,50.944742,nass/feucht,,"PKW, Gkfz"
122274,5,3,15,0,2019,September,20,Montag,Unfall mit Schwerverletzten,Zusammenstoß mit vorausfahrendem / wartendem Fahrzeug,Unfall im Längsverkehr,Dunkelheit,0,1,0,0,0,0,"362470,5296","5645122,704",7.042432462,50.94130721,trocken,,PKW
122279,5,3,15,0,2019,September,1,Montag,Unfall mit Leichtverletzten,Zusammenstoß mit vorausfahrendem / wartendem Fahrzeug,Sonstiger Unfall,Dunkelheit,0,1,0,0,0,0,"351107,0607","5651198,535",6.878314092,50.9930847,trocken,,PKW
122296,5,3,15,0,2019,September,20,Freitag,Unfall mit Leichtverletzten,Zusammenstoß mit einbiegendem / kreuzendem Fahrzeug,Einbiegen / Kreuzen-Unfall,Dunkelheit,0,1,0,1,0,0,"365783,69","5634634,942",7.093416889,50.84782744,nass/feucht,,"Krad, PKW"
122298,5,3,15,0,2019,September,21,Freitag,Unfall mit Leichtverletzten,Zusammenstoß mit anfahrendem/ anhaltendem/ruhendem Fahrzeug,Einbiegen / Kreuzen-Unfall,Dunkelheit,0,1,0,0,0,0,"359825,8062","5647465,327",7.003910232,50.96172374,nass/feucht,,PKW
122300,5,3,15,0,2019,September,15,Freitag,Unfall mit Leichtverletzten,Zusammenstoß mit seitlich in gleicher Richtung fahrendem Fahrzeug,Unfall im Längsverkehr,Tageslicht,0,1,0,1,0,0,"354478,66","5644828,27",6.928872645,50.93669964,nass/feucht,,"Krad, PKW"
122303,5,3,15,0,2019,September,19,Freitag,Unfall mit Leichtverletzten,Unfall anderer Art,Sonstiger Unfall,Dunkelheit,1,1,0,0,0,0,"352999,9606","5644469,164",6.907986887,50.93309746,nass/feucht,,"Rad, PKW"
122335,5,3,15,0,2019,September,19,Sonntag,Unfall mit Leichtverletzten,Abkommen von Fahrbahn nach links,Fahrunfall,Dunkelheit,0,1,0,0,0,0,"363038,0004","5639323,013",7.052682044,50.88931799,nass/feucht,,PKW
122336,5,3,15,0,2019,September,19,Sonntag,Unfall mit Leichtverletzten,Zusammenstoß mit vorausfahrendem / wartendem Fahrzeug,Unfall im Längsverkehr,Dämmerung,0,1,0,0,0,0,"348893,9929","5643004,112",6.850203851,50.91887102,nass/feucht,,PKW