OBJECTID,ULAND,UREGBEZ,UKREIS,UGEMEINDE,UJAHR,UMONAT,USTUNDE,UWOCHENTAG,UKATEGORIE,UART,UTYP1,ULICHTVERH,IstRad,IstPKW,IstFuss,IstKrad,IstGkfz,IstSonstige,LINREFX,LINREFY,XGCSWGS84,YGCSWGS84,USTRZUSTAND,UIDENTSTLAE,Participants
122338,5,3,15,0,2019,September,19,Sonntag,Unfall mit Schwerverletzten,Zusammenstoß zwischen Fahrzeug und Fußgänger,Überschreiten-Unfall,Dunkelheit,0,0,1,0,0,1,"354296,8334","5642490,479",6.927220839,50.91564465,nass/feucht,,"Fuss, Sonstige"
122339,5,3,15,0,2019,September,11,Sonntag,Unfall mit Leichtverletzten,Zusammenstoß mit vorausfahrendem / wartendem Fahrzeug,Unfall im Längsverkehr,Tageslicht,0,1,0,0,0,0,"355260,7462","5644357,62",6.940182874,50.93266683,nass/feucht,,PKW
122414,5,3,15,0,2019,Oktober,7,Donnerstag,Unfall mit Leichtverletzten,Zusammenstoß mit vorausfahrendem / wartendem Fahrzeug,Unfall im Längsverkehr,Tageslicht,0,1,0,0,0,0,"362174,7276","5646080,424",7.037862274,50.9498439,nass/feucht,,PKW
122415,5,3,15,0,2019,Oktober,17,Donnerstag,Unfall mit Leichtverletzten,Zusammenstoß mit vorausfahrendem / wartendem Fahrzeug,Unfall im Längsverkehr,Tageslicht,0,1,0,0,0,0,"363933,5863","5642898,8",7.064074746,50.92166707,trocken,,PKW
122462,5,3,15,0,2019,Oktober,20,Mittwoch,Unfall mit Schwerverletzten,Zusammenstoß mit einbiegendem / kreuzendem Fahrzeug,Einbiegen / Kreuzen-Unfall,Dunkelheit,0,1,0,0,0,0,"365069,394","5641629,592",7.080694494,50.9105267,nass/feucht,,PKW
122463,5,3,15,0,2019,Oktober,18,Mittwoch,Unfall mit Leichtverletzten,Abkommen von Fahrbahn nach rechts,Fahrunfall,Tageslicht,0,0,0,1,0,0,"361677,1971","5644719,542",7.031300498,50.9374941,nass/feucht,,Krad
122464,5,3,15,0,2019,Oktober,5,Mittwoch,Unfall mit Leichtverletzten,Abkommen von Fahrbahn nach links,Fahrunfall,Dunkelheit,0,1,0,0,0,0,"361955,7508","5648027,399",7.034008264,50.96728948,nass/feucht,,PKW
122465,5,3,15,0,2019,Oktober,5,Mittwoch,Unfall mit Leichtverletzten,Zusammenstoß mit einbiegendem / kreuzendem Fahrzeug,Einbiegen / Kreuzen-Unfall,Dunkelheit,1,1,0,0,0,0,"350739,257","5652191,549",6.872668674,51.00191295,nass/feucht,,"Rad, PKW"
122466,5,3,15,0,2019,Oktober,15,Mittwoch,Unfall mit Leichtverletzten,Zusammenstoß mit vorausfahrendem / wartendem Fahrzeug,Unfall im Längsverkehr,Tageslicht,0,1,0,0,0,1,"351060,562","5658882,007",6.87449512,51.06211845,nass/feucht,,"PKW, Sonstige"
122467,5,3,15,0,2019,Oktober,16,Mittwoch,Unfall mit Leichtverletzten,Zusammenstoß mit einbiegendem / kreuzendem Fahrzeug,Abbiegeunfall,Tageslicht,0,1,1,0,0,0,"352627,3077","5647162,459",6.901597521,50.9572058,nass/feucht,,"Fuss, PKW"
122468,5,3,15,0,2019,Oktober,10,Mittwoch,Unfall mit Schwerverletzten,Abkommen von Fahrbahn nach rechts,Fahrunfall,Tageslicht,0,0,0,1,0,0,"354935,7521","5646388,024",6.93475247,50.95083191,nass/feucht,,Krad
122469,5,3,15,0,2019,Oktober,7,Mittwoch,Unfall mit Schwerverletzten,Unfall anderer Art,Sonstiger Unfall,Dämmerung,0,1,0,1,0,0,"354686,8601","5638030,751",6.934539844,50.87566427,nass/feucht,,"Krad, PKW"
122470,5,3,15,0,2019,Oktober,7,Mittwoch,Unfall mit Schwerverletzten,Abkommen von Fahrbahn nach rechts,Fahrunfall,Dämmerung,0,1,0,0,0,0,"355512,6713","5639696,16",6.945611359,50.89083817,nass/feucht,,PKW
122471,5,3,15,0,2019,Oktober,12,Mittwoch,Unfall mit Leichtverletzten,Zusammenstoß mit einbiegendem / kreuzendem Fahrzeug,Einbiegen / Kreuzen-Unfall,Tageslicht,0,1,0,0,0,0,"357024,6346","5641115,85",6.966538814,50.90397315,nass/feucht,,PKW
122472,5,3,15,0,2019,Oktober,16,Mittwoch,Unfall mit Leichtverletzten,Zusammenstoß mit einbiegendem / kreuzendem Fahrzeug,Einbiegen / Kreuzen-Unfall,Tageslicht,1,1,0,0,0,0,"354365,0515","5643975,711",6.927597516,50.92900926,trocken,,"Rad, PKW"
122473,5,3,15,0,2019,Oktober,17,Mittwoch,Unfall mit Leichtverletzten,Unfall anderer Art,Fahrunfall,Tageslicht,1,0,0,0,0,0,"355286,2103","5644185,469",6.940613359,50.93112614,nass/feucht,,Rad
122608,5,3,15,0,2019,Oktober,4,Freitag,Unfall mit Leichtverletzten,Abkommen von Fahrbahn nach rechts,Fahrunfall,Dunkelheit,0,1,0,0,0,0,"355684,6089","5638935,756",6.948354687,50.88404748,trocken,,PKW
122626,5,3,15,0,2019,Oktober,11,Mittwoch,Unfall mit Schwerverletzten,Zusammenstoß mit vorausfahrendem / wartendem Fahrzeug,Unfall im Längsverkehr,Tageslicht,0,0,0,0,1,0,"347707,7343","5660290,357",6.82609057,51.07389421,nass/feucht,,Gkfz
122698,5,3,15,0,2019,Oktober,20,Donnerstag,Unfall mit Leichtverletzten,Zusammenstoß mit vorausfahrendem / wartendem Fahrzeug,Unfall im Längsverkehr,Dunkelheit,0,1,0,0,0,0,"355912,6561","5646830,449",6.948475761,50.95505293,trocken,,PKW
122700,5,3,15,0,2019,Oktober,8,Donnerstag,Unfall mit Leichtverletzten,Zusammenstoß mit einbiegendem / kreuzendem Fahrzeug,Einbiegen / Kreuzen-Unfall,Tageslicht,1,1,0,0,0,0,"354788,2804","5646138,726",6.93275383,50.9485544,nass/feucht,,"Rad, PKW"
122703,5,3,15,0,2019,Oktober,20,Donnerstag,Unfall mit Leichtverletzten,Zusammenstoß mit einbiegendem / kreuzendem Fahrzeug,Abbiegeunfall,Dunkelheit,0,1,0,0,0,0,"353656,898","5648665,386",6.915642647,50.97097439,trocken,,PKW
122705,5,3,15,0,2019,Oktober,7,Donnerstag,Unfall mit Leichtverletzten,Unfall anderer Art,Fahrunfall,Dämmerung,0,0,0,1,0,0,"354065,0639","5644825,488",6.922991396,50.93657012,nass/feucht,,Krad
122707,5,3,15,0,2019,Oktober,8,Donnerstag,Unfall mit Leichtverletzten,Zusammenstoß mit einbiegendem / kreuzendem Fahrzeug,Abbiegeunfall,Tageslicht,1,1,0,0,0,0,"355189,6227","5644667,087",6.939048433,50.93543009,nass/feucht,,"Rad, PKW"
122708,5,3,15,0,2019,September,8,Dienstag,Unfall mit Leichtverletzten,Zusammenstoß mit vorausfahrendem / wartendem Fahrzeug,Unfall im Längsverkehr,Tageslicht,0,1,0,0,0,0,"361284,4262","5646147,144",7.02517018,50.95022996,trocken,,PKW
122709,5,3,15,0,2019,Oktober,15,Donnerstag,Unfall mit Leichtverletzten,Zusammenstoß mit anfahrendem/ anhaltendem/ruhendem Fahrzeug,Abbiegeunfall,Tageslicht,1,1,0,0,0,0,"355289,7177","5645353,799",6.940199263,50.94162654,trocken,,"Rad, PKW"
122710,5,3,15,0,2019,September,15,Dienstag,Unfall mit Getöteten,Zusammenstoß mit anfahrendem/ anhaltendem/ruhendem Fahrzeug,Abbiegeunfall,Tageslicht,0,0,0,1,1,0,"359591,1741","5646861,272",7.000804288,50.95623792,trocken,,"Krad, Gkfz"
122712,5,3,15,0,2019,September,17,Dienstag,Unfall mit Leichtverletzten,Zusammenstoß mit seitlich in gleicher Richtung fahrendem Fahrzeug,Unfall durch ruhenden Verkehr,Tageslicht,1,1,0,0,0,0,"356235,8596","5646966,454",6.95302069,50.9563559,trocken,,"Rad, PKW"
122713,5,3,15,0,2019,September,18,Dienstag,Unfall mit Schwerverletzten,Zusammenstoß mit vorausfahrendem / wartendem Fahrzeug,Unfall im Längsverkehr,Tageslicht,0,1,0,0,0,0,"355709,8609","5646726,941",6.945631364,50.95407198,trocken,,PKW
122716,5,3,15,0,2019,September,3,Dienstag,Unfall mit Leichtverletzten,Zusammenstoß mit seitlich in gleicher Richtung fahrendem Fahrzeug,Abbiegeunfall,Dunkelheit,1,1,0,0,0,0,"351738,756","5643568,261",6.890417554,50.92467867,trocken,,"Rad, PKW"
122786,5,3,15,0,2019,Oktober,6,Dienstag,Unfall mit Leichtverletzten,Zusammenstoß mit vorausfahrendem / wartendem Fahrzeug,Unfall im Längsverkehr,Dunkelheit,0,1,0,0,0,0,"347597,8861","5644114,286",6.831314134,50.92850638,nass/feucht,,PKW
122811,5,3,15,0,2019,Oktober,17,Montag,Unfall mit Schwerverletzten,Zusammenstoß zwischen Fahrzeug und Fußgänger,Überschreiten-Unfall,Tageslicht,0,1,1,0,0,0,"365228,3748","5635614,044",7.085172767,50.85649822,nass/feucht,,"Fuss, PKW"
122812,5,3,15,0,2019,Oktober,19,Montag,Unfall mit Leichtverletzten,Zusammenstoß zwischen Fahrzeug und Fußgänger,Abbiegeunfall,Dunkelheit,0,1,1,0,0,0,"360012,868","5648032,983",7.006353855,50.9668708,nass/feucht,,"Fuss, PKW"
122813,5,3,15,0,2019,Oktober,13,Montag,Unfall mit Schwerverletzten,Zusammenstoß mit einbiegendem / kreuzendem Fahrzeug,Einbiegen / Kreuzen-Unfall,Tageslicht,0,1,0,0,0,0,"353206,897","5645201,989",6.91063457,50.93973579,nass/feucht,,PKW
122830,5,3,15,0,2019,Oktober,19,Montag,Unfall mit Leichtverletzten,Zusammenstoß mit vorausfahrendem / wartendem Fahrzeug,Unfall im Längsverkehr,Dunkelheit,0,1,0,0,0,0,"362854,7372","5644449,302",7.048151279,50.93534661,nass/feucht,,PKW
122831,5,3,15,0,2019,Oktober,17,Montag,Unfall mit Leichtverletzten,Zusammenstoß mit vorausfahrendem / wartendem Fahrzeug,Unfall im Längsverkehr,Tageslicht,0,1,0,0,0,0,"357109,7241","5638881,536",6.968622217,50.88391442,trocken,,PKW
122899,5,3,15,0,2019,Oktober,20,Sonntag,Unfall mit Schwerverletzten,Zusammenstoß mit einbiegendem / kreuzendem Fahrzeug,Einbiegen / Kreuzen-Unfall,Dunkelheit,1,1,0,0,0,0,"362248,478","5651270,979",7.03694521,50.99651042,trocken,,"Rad, PKW"
122900,5,3,15,0,2019,Oktober,15,Mittwoch,Unfall mit Leichtverletzten,Zusammenstoß mit anfahrendem/ anhaltendem/ruhendem Fahrzeug,Unfall im Längsverkehr,Tageslicht,0,1,0,0,0,0,"363649,6113","5641224,108",7.060662742,50.90654877,trocken,,PKW
122901,5,3,15,0,2019,Oktober,21,Sonntag,Unfall mit Leichtverletzten,Zusammenstoß mit vorausfahrendem / wartendem Fahrzeug,Unfall im Längsverkehr,Dunkelheit,0,1,0,0,0,0,"356430,87","5647042,982",6.955765259,50.95709226,trocken,,PKW
122902,5,3,15,0,2019,Oktober,18,Mittwoch,Unfall mit Leichtverletzten,Zusammenstoß mit anfahrendem/ anhaltendem/ruhendem Fahrzeug,Abbiegeunfall,Dämmerung,0,1,0,0,0,0,"353433,743","5641240,742",6.915453052,50.90419511,nass/feucht,,PKW
122903,5,3,15,0,2019,Oktober,14,Mittwoch,Unfall mit Leichtverletzten,Zusammenstoß mit anfahrendem/ anhaltendem/ruhendem Fahrzeug,Unfall durch ruhenden Verkehr,Tageslicht,1,1,0,0,0,0,"353598,9614","5646426,686",6.915718736,50.95084136,nass/feucht,,"Rad, PKW"
122904,5,3,15,0,2019,Oktober,19,Sonntag,Unfall mit Leichtverletzten,Zusammenstoß mit entgegenkommendem Fahrzeug,Abbiegeunfall,Dunkelheit,0,1,0,0,0,0,"358617,2004","5636993,463",6.9907689,50.86731688,trocken,,PKW
122905,5,3,15,0,2019,Oktober,17,Mittwoch,Unfall mit Leichtverletzten,Zusammenstoß mit vorausfahrendem / wartendem Fahrzeug,Unfall im Längsverkehr,Tageslicht,0,1,0,0,0,0,"355383,386","5646703,261",6.940995705,50.95377735,nass/feucht,,PKW
122907,5,3,15,0,2019,Oktober,8,Mittwoch,Unfall mit Schwerverletzten,Zusammenstoß mit entgegenkommendem Fahrzeug,Fahrunfall,Tageslicht,0,1,0,0,0,0,"355653,257","5636304,777",6.948947684,50.86039523,nass/feucht,,PKW
122908,5,3,15,0,2019,Oktober,9,Mittwoch,Unfall mit Leichtverletzten,Zusammenstoß mit einbiegendem / kreuzendem Fahrzeug,Einbiegen / Kreuzen-Unfall,Tageslicht,1,0,0,1,0,0,"351718,3393","5642119,817",6.890716055,50.91165694,nass/feucht,,"Rad, Krad"
123061,5,3,15,0,2019,Oktober,7,Samstag,Unfall mit Leichtverletzten,Zusammenstoß mit anfahrendem/ anhaltendem/ruhendem Fahrzeug,Unfall durch ruhenden Verkehr,Dämmerung,1,1,0,0,0,0,"366847,9592","5637833,393",7.107362463,50.87682044,nass/feucht,,"Rad, PKW"
123062,5,3,15,0,2019,Oktober,9,Mittwoch,Unfall mit Leichtverletzten,Zusammenstoß mit anfahrendem/ anhaltendem/ruhendem Fahrzeug,Unfall im Längsverkehr,Tageslicht,0,1,0,0,0,0,"360748,2937","5642285,839",7.019017686,50.91539828,nass/feucht,,PKW
123063,5,3,15,0,2019,Oktober,12,Samstag,Unfall mit Leichtverletzten,Zusammenstoß zwischen Fahrzeug und Fußgänger,Abbiegeunfall,Tageslicht,0,1,1,0,0,0,"360012,868","5648032,983",7.006353855,50.9668708,nass/feucht,,"Fuss, PKW"
123065,5,3,15,0,2019,Oktober,14,Samstag,Unfall mit Schwerverletzten,Unfall anderer Art,Fahrunfall,Tageslicht,0,0,0,0,0,1,"355960,7176","5649702,234",6.948022369,50.98087304,nass/feucht,,Sonstige
123068,5,3,15,0,2019,Oktober,11,Samstag,Unfall mit Leichtverletzten,Zusammenstoß mit vorausfahrendem / wartendem Fahrzeug,Unfall im Längsverkehr,Tageslicht,0,1,0,1,0,0,"349385,8114","5643919,79",6.856817564,50.92722817,nass/feucht,,"Krad, PKW"
123070,5,3,15,0,2019,Oktober,20,Samstag,Unfall mit Leichtverletzten,Zusammenstoß mit einbiegendem / kreuzendem Fahrzeug,Abbiegeunfall,Dunkelheit,0,0,0,1,0,1,"354209,0118","5636701,896",6.928282159,50.86360174,nass/feucht,,"Krad, Sonstige"
123133,5,3,15,0,2019,Oktober,7,Dienstag,Unfall mit Leichtverletzten,Zusammenstoß mit vorausfahrendem / wartendem Fahrzeug,Unfall im Längsverkehr,Dämmerung,0,1,0,1,0,0,"363258,3962","5639538,02",7.055733217,50.89130257,nass/feucht,,"Krad, PKW"
123135,5,3,15,0,2019,Oktober,7,Dienstag,Unfall mit Leichtverletzten,Zusammenstoß mit vorausfahrendem / wartendem Fahrzeug,Abbiegeunfall,Tageslicht,0,1,0,1,0,0,"364071,5308","5645564,87",7.065041813,50.94566082,nass/feucht,,"Krad, PKW"
123137,5,3,15,0,2019,Oktober,13,Dienstag,Unfall mit Leichtverletzten,Zusammenstoß mit anfahrendem/ anhaltendem/ruhendem Fahrzeug,Sonstiger Unfall,Tageslicht,1,1,0,0,0,0,"353710,8276","5646305,311",6.917358992,50.94977901,trocken,,"Rad, PKW"
123139,5,3,15,0,2019,Oktober,8,Dienstag,Unfall mit Leichtverletzten,Zusammenstoß mit einbiegendem / kreuzendem Fahrzeug,Abbiegeunfall,Tageslicht,1,1,0,0,0,0,"355482,6088","5643804,307",6.94355744,50.92774995,trocken,,"Rad, PKW"
123219,5,3,15,0,2019,Oktober,17,Samstag,Unfall mit Leichtverletzten,Zusammenstoß mit seitlich in gleicher Richtung fahrendem Fahrzeug,Fahrunfall,Tageslicht,0,1,0,0,1,0,"360676,8296","5653164,136",7.013835764,51.01314602,nass/feucht,,"PKW, Gkfz"
123234,5,3,15,0,2019,Oktober,8,Dienstag,Unfall mit Leichtverletzten,Zusammenstoß mit vorausfahrendem / wartendem Fahrzeug,Unfall im Längsverkehr,Tageslicht,0,1,0,0,0,0,"364104,0185","5641363,871",7.067069886,50.90791205,trocken,,PKW
123236,5,3,15,0,2019,Oktober,7,Dienstag,Unfall mit Leichtverletzten,Zusammenstoß mit seitlich in gleicher Richtung fahrendem Fahrzeug,Unfall im Längsverkehr,Dämmerung,0,1,0,0,1,0,"348822,1964","5644403,998",6.848602769,50.93143196,nass/feucht,,"PKW, Gkfz"
123265,5,3,15,0,2019,Oktober,7,Samstag,Unfall mit Schwerverletzten,Zusammenstoß mit vorausfahrendem / wartendem Fahrzeug,Unfall im Längsverkehr,Tageslicht,0,1,0,0,1,0,"350845,7008","5653098,032",6.873812122,51.01008648,trocken,,"PKW, Gkfz"
123344,5,3,15,0,2019,Oktober,18,Montag,Unfall mit Leichtverletzten,Zusammenstoß mit vorausfahrendem / wartendem Fahrzeug,Unfall im Längsverkehr,Tageslicht,0,1,0,0,0,0,"362766,4303","5644588,839",7.046842726,50.93657967,trocken,,PKW
123345,5,3,15,0,2019,Oktober,8,Freitag,Unfall mit Leichtverletzten,Zusammenstoß mit seitlich in gleicher Richtung fahrendem Fahrzeug,Unfall im Längsverkehr,Tageslicht,0,1,0,0,1,0,"360793,9414","5645959,177",7.018263695,50.94842241,nass/feucht,,"PKW, Gkfz"
123347,5,3,15,0,2019,Oktober,15,Freitag,Unfall mit Leichtverletzten,Zusammenstoß mit vorausfahrendem / wartendem Fahrzeug,Unfall im Längsverkehr,Tageslicht,0,1,0,0,0,0,"361980,3638","5648034,643",7.034355828,50.96736048,trocken,,PKW
123349,5,3,15,0,2019,Oktober,12,Freitag,Unfall mit Leichtverletzten,Zusammenstoß mit einbiegendem / kreuzendem Fahrzeug,Unfall durch ruhenden Verkehr,Tageslicht,0,1,0,0,0,1,"357893,9475","5644501,352",6.977575325,50.93461335,trocken,,"PKW, Sonstige"
123351,5,3,15,0,2019,Oktober,17,Freitag,Unfall mit Leichtverletzten,Zusammenstoß mit vorausfahrendem / wartendem Fahrzeug,Unfall im Längsverkehr,Tageslicht,0,1,0,0,0,0,"353191,7059","5645180,633",6.910427107,50.93954,trocken,,PKW
123353,5,3,15,0,2019,Oktober,7,Freitag,Unfall mit Leichtverletzten,Abkommen von Fahrbahn nach rechts,Abbiegeunfall,Tageslicht,1,1,0,0,0,0,"351673,717","5644984,3",6.888916578,50.93738719,nass/feucht,,"Rad, PKW"
123354,5,3,15,0,2019,Oktober,22,Freitag,Unfall mit Leichtverletzten,Unfall anderer Art,Fahrunfall,Dunkelheit,1,0,0,0,0,0,"353991,572","5644828,878",6.921944806,50.93658198,trocken,,Rad
123356,5,3,15,0,2019,Oktober,8,Freitag,Unfall mit Leichtverletzten,Zusammenstoß mit vorausfahrendem / wartendem Fahrzeug,Unfall im Längsverkehr,Tageslicht,0,1,0,0,0,0,"355439,1531","5643889,86",6.94290558,50.92850791,nass/feucht,,PKW
123436,5,3,15,0,2019,Oktober,16,Sonntag,Unfall mit Leichtverletzten,Unfall anderer Art,Unfall im Längsverkehr,Tageslicht,0,0,0,1,0,0,"362103,646","5644276,353",7.037533892,50.93361315,nass/feucht,,Krad
123438,5,3,15,0,2019,Oktober,15,Sonntag,Unfall mit Leichtverletzten,Zusammenstoß mit vorausfahrendem / wartendem Fahrzeug,Unfall im Längsverkehr,Tageslicht,0,1,0,0,0,0,"355089,4538","5646520,548",6.936886422,50.95206152,trocken,,PKW
123441,5,3,15,0,2019,Oktober,20,Sonntag,Unfall mit Leichtverletzten,Zusammenstoß mit einbiegendem / kreuzendem Fahrzeug,Einbiegen / Kreuzen-Unfall,Dunkelheit,0,1,1,0,0,0,"353579,1758","5646448,107",6.915428637,50.95102884,trocken,,"Fuss, PKW"
123442,5,3,15,0,2019,Oktober,5,Sonntag,Unfall mit Leichtverletzten,Unfall anderer Art,Sonstiger Unfall,Dunkelheit,1,0,1,0,0,0,"346891,7119","5647100,245",6.820018028,50.95515145,trocken,,"Rad, Fuss"
123444,5,3,15,0,2019,Oktober,17,Sonntag,Unfall mit Leichtverletzten,Zusammenstoß mit vorausfahrendem / wartendem Fahrzeug,Unfall im Längsverkehr,Tageslicht,0,1,0,0,0,0,"356942,9107","5634841,946",6.96783187,50.84756918,trocken,,PKW
123446,5,3,15,0,2019,Oktober,17,Sonntag,Unfall mit Leichtverletzten,Zusammenstoß mit einbiegendem / kreuzendem Fahrzeug,Abbiegeunfall,Tageslicht,1,1,0,0,0,0,"355269,8429","5645231,708",6.939965066,50.94052435,trocken,,"Rad, PKW"
123470,5,3,15,0,2019,Oktober,17,Freitag,Unfall mit Leichtverletzten,Zusammenstoß mit seitlich in gleicher Richtung fahrendem Fahrzeug,Unfall im Längsverkehr,Tageslicht,0,1,0,0,1,0,"362978,4586","5642836,985",7.050516988,50.92088548,trocken,,"PKW, Gkfz"
123519,5,3,15,0,2019,Oktober,8,Donnerstag,Unfall mit Leichtverletzten,Zusammenstoß mit vorausfahrendem / wartendem Fahrzeug,Unfall im Längsverkehr,Tageslicht,0,1,0,0,0,0,"357405,664","5644135,766",6.970773858,50.93120733,trocken,,PKW
123521,5,3,15,0,2019,Oktober,5,Donnerstag,Unfall mit Schwerverletzten,Zusammenstoß zwischen Fahrzeug und Fußgänger,Abbiegeunfall,Dunkelheit,0,1,1,0,0,0,"360458,117","5646827,83",7.013153019,50.95614794,trocken,,"Fuss, PKW"
123523,5,3,15,0,2019,Oktober,9,Donnerstag,Unfall mit Leichtverletzten,Abkommen von Fahrbahn nach rechts,Unfall im Längsverkehr,Tageslicht,0,0,0,1,1,0,"351697,0791","5643779,365",6.889739108,50.92656505,trocken,,"Krad, Gkfz"
123524,5,3,15,0,2019,Oktober,9,Donnerstag,Unfall mit Leichtverletzten,Unfall anderer Art,Fahrunfall,Tageslicht,1,0,0,0,0,0,"354040,0839","5644420,275",6.922798415,50.93292227,trocken,,Rad
123552,5,3,15,0,2019,Oktober,19,Sonntag,Unfall mit Leichtverletzten,Zusammenstoß mit vorausfahrendem / wartendem Fahrzeug,Unfall im Längsverkehr,Dunkelheit,0,1,0,0,0,0,"357158,9496","5637581,074",6.969829642,50.87223929,trocken,,PKW
123654,5,3,15,0,2019,Oktober,8,Samstag,Unfall mit Leichtverletzten,Unfall anderer Art,Fahrunfall,Tageslicht,0,0,0,0,0,1,"361012,3979","5647750,909",7.020687452,50.96457778,trocken,,Sonstige
123656,5,3,15,0,2019,Oktober,12,Samstag,Unfall mit Leichtverletzten,Unfall anderer Art,Sonstiger Unfall,Tageslicht,1,0,0,0,0,0,"359764,4789","5649519,303",7.002245459,50.98016805,trocken,,Rad
123657,5,3,15,0,2019,Oktober,7,Donnerstag,Unfall mit Leichtverletzten,Zusammenstoß mit vorausfahrendem / wartendem Fahrzeug,Unfall im Längsverkehr,Dämmerung,0,1,0,0,0,0,"348890,4406","5644876,646",6.849377247,50.93569719,trocken,,PKW
123658,5,3,15,0,2019,Oktober,14,Samstag,Unfall mit Schwerverletzten,Zusammenstoß mit anfahrendem/ anhaltendem/ruhendem Fahrzeug,Unfall durch ruhenden Verkehr,Tageslicht,1,0,0,0,0,1,"354018,4838","5646064,245",6.921832488,50.94769063,trocken,,"Rad, Sonstige"
123661,5,3,15,0,2019,Oktober,16,Samstag,Unfall mit Leichtverletzten,Unfall anderer Art,Überschreiten-Unfall,Tageslicht,1,0,1,0,0,0,"353046,7029","5644956,859",6.908454954,50.9374921,trocken,,"Rad, Fuss"
123663,5,3,15,0,2019,Oktober,6,Samstag,Unfall mit Leichtverletzten,Zusammenstoß mit vorausfahrendem / wartendem Fahrzeug,Unfall im Längsverkehr,Dunkelheit,0,1,0,0,0,0,"355711,46","5635198,313",6.950210246,50.85046601,trocken,,PKW
123665,5,3,15,0,2019,Oktober,16,Samstag,Unfall mit Leichtverletzten,Zusammenstoß mit einbiegendem / kreuzendem Fahrzeug,Abbiegeunfall,Tageslicht,1,1,0,0,0,0,"353454,196","5643032,668",6.915024085,50.92030377,trocken,,"Rad, PKW"
123666,5,3,15,0,2019,Oktober,14,Samstag,Unfall mit Leichtverletzten,Unfall anderer Art,Überschreiten-Unfall,Tageslicht,1,0,1,0,0,0,"354741,601","5644805,463",6.932621428,50.93656097,trocken,,"Rad, Fuss"
123731,5,3,15,0,2019,Oktober,7,Samstag,Unfall mit Leichtverletzten,Zusammenstoß mit vorausfahrendem / wartendem Fahrzeug,Unfall im Längsverkehr,Dunkelheit,0,1,0,0,0,0,"362876,9369","5644414,258",7.048480215,50.93503693,trocken,,PKW
123739,5,3,15,0,2019,Oktober,6,Donnerstag,Unfall mit Leichtverletzten,Zusammenstoß mit vorausfahrendem / wartendem Fahrzeug,Unfall im Längsverkehr,Dunkelheit,0,1,0,0,0,0,"366095,721","5635125,706",7.09766731,50.85231062,nass/feucht,,PKW
123807,5,3,15,0,2019,Oktober,19,Mittwoch,Unfall mit Leichtverletzten,Zusammenstoß zwischen Fahrzeug und Fußgänger,Abbiegeunfall,Dunkelheit,0,1,1,0,0,0,"365101,9932","5638404,891",7.082348987,50.88155194,nass/feucht,,"Fuss, PKW"
123808,5,3,15,0,2019,Oktober,18,Mittwoch,Unfall mit Leichtverletzten,Zusammenstoß mit anfahrendem/ anhaltendem/ruhendem Fahrzeug,Unfall im Längsverkehr,Dunkelheit,0,1,0,0,0,0,"359286,6347","5644770,306",6.9972789,50.93737195,nass/feucht,,PKW
123810,5,3,15,0,2019,Oktober,16,Mittwoch,Unfall mit Leichtverletzten,Unfall anderer Art,Unfall durch ruhenden Verkehr,Tageslicht,0,1,0,0,0,0,"360884,0376","5644279,307",7.02018699,50.93334681,trocken,,PKW
123811,5,3,15,0,2019,Oktober,8,Mittwoch,Unfall mit Leichtverletzten,Zusammenstoß mit einbiegendem / kreuzendem Fahrzeug,Abbiegeunfall,Tageslicht,1,1,0,0,0,0,"361990,2549","5648037,554",7.034495501,50.96738901,trocken,,"Rad, PKW"
123813,5,3,15,0,2019,Oktober,16,Mittwoch,Unfall mit Leichtverletzten,Zusammenstoß mit vorausfahrendem / wartendem Fahrzeug,Unfall im Längsverkehr,Tageslicht,0,1,0,0,0,0,"354160,9423","5636568,67",6.927652657,50.86239234,trocken,,PKW
123836,5,3,15,0,2019,Oktober,5,Freitag,Unfall mit Leichtverletzten,Abkommen von Fahrbahn nach rechts,Fahrunfall,Dunkelheit,0,1,0,0,0,0,"360306,923","5643279,441",7.012362268,50.92422132,nass/feucht,,PKW
123837,5,3,15,0,2019,Oktober,17,Freitag,Unfall mit Leichtverletzten,Unfall anderer Art,Einbiegen / Kreuzen-Unfall,Tageslicht,1,1,0,0,0,0,"358171,356","5644790,58",6.981408153,50.93728093,nass/feucht,,"Rad, PKW"
123838,5,3,15,0,2019,Oktober,9,Freitag,Unfall mit Leichtverletzten,Zusammenstoß mit vorausfahrendem / wartendem Fahrzeug,Unfall im Längsverkehr,Tageslicht,0,1,0,0,0,0,"358171,356","5644790,58",6.981408153,50.93728093,nass/feucht,,PKW
123840,5,3,15,0,2019,Oktober,19,Freitag,Unfall mit Leichtverletzten,Zusammenstoß mit anfahrendem/ anhaltendem/ruhendem Fahrzeug,Unfall im Längsverkehr,Dunkelheit,0,1,0,0,0,0,"360623,4361","5646336,894",7.01569335,50.95177582,nass/feucht,,PKW
123842,5,3,15,0,2019,Oktober,7,Freitag,Unfall mit Leichtverletzten,Unfall anderer Art,Abbiegeunfall,Tageslicht,1,1,0,0,0,0,"356429,6798","5647045,855",6.955747191,50.95711778,nass/feucht,,"Rad, PKW"
123844,5,3,15,0,2019,Oktober,14,Freitag,Unfall mit Leichtverletzten,Unfall anderer Art,Sonstiger Unfall,Tageslicht,0,0,0,0,0,1,"347928,7986","5645172,45",6.835577916,50.93810256,nass/feucht,,Sonstige