OBJECTID,ULAND,UREGBEZ,UKREIS,UGEMEINDE,UJAHR,UMONAT,USTUNDE,UWOCHENTAG,UKATEGORIE,UART,UTYP1,ULICHTVERH,IstRad,IstPKW,IstFuss,IstKrad,IstGkfz,IstSonstige,LINREFX,LINREFY,XGCSWGS84,YGCSWGS84,USTRZUSTAND,UIDENTSTLAE,Participants
123846,5,3,15,0,2019,Oktober,17,Freitag,Unfall mit Leichtverletzten,Zusammenstoß mit seitlich in gleicher Richtung fahrendem Fahrzeug,Abbiegeunfall,Tageslicht,0,1,0,0,0,0,"356796,0063","5644710,153",6.961878122,50.93621825,nass/feucht,,PKW
123924,5,3,15,0,2019,Oktober,19,Mittwoch,Unfall mit Leichtverletzten,Zusammenstoß mit vorausfahrendem / wartendem Fahrzeug,Unfall im Längsverkehr,Dunkelheit,0,1,0,0,0,0,"358472,7645","5643920,223",6.986033131,50.92953305,nass/feucht,,PKW
123925,5,3,15,0,2019,Oktober,15,Mittwoch,Unfall mit Schwerverletzten,Zusammenstoß mit seitlich in gleicher Richtung fahrendem Fahrzeug,Unfall im Längsverkehr,Tageslicht,0,1,0,0,1,0,"363455,9195","5643408,162",7.057092037,50.92613208,trocken,,"PKW, Gkfz"
123986,5,3,15,0,2019,Oktober,6,Freitag,Unfall mit Leichtverletzten,Zusammenstoß mit vorausfahrendem / wartendem Fahrzeug,Unfall im Längsverkehr,Dunkelheit,0,1,0,0,0,0,"359681,9722","5641645,79",7.004104225,50.90938777,nass/feucht,,PKW
124000,5,3,15,0,2019,Oktober,10,Dienstag,Unfall mit Leichtverletzten,Zusammenstoß mit anfahrendem/ anhaltendem/ruhendem Fahrzeug,Unfall im Längsverkehr,Tageslicht,0,1,0,0,0,0,"366314,7633","5642657,204",7.098022074,50.92005232,nass/feucht,,PKW
124002,5,3,15,0,2019,Oktober,14,Dienstag,Unfall mit Leichtverletzten,Unfall anderer Art,Sonstiger Unfall,Tageslicht,1,0,0,0,0,0,"359532,423","5641812,598",7.0019142,50.91085053,trocken,,Rad
124004,5,3,15,0,2019,Oktober,13,Dienstag,Unfall mit Leichtverletzten,Unfall anderer Art,Einbiegen / Kreuzen-Unfall,Tageslicht,0,1,0,0,0,1,"358945,058","5644594,396",6.992488648,50.93570758,trocken,,"PKW, Sonstige"
124006,5,3,15,0,2019,Oktober,15,Dienstag,Unfall mit Leichtverletzten,Zusammenstoß mit vorausfahrendem / wartendem Fahrzeug,Unfall im Längsverkehr,Tageslicht,0,1,0,0,0,0,"361942,2079","5648023,41",7.033817025,50.96725039,trocken,,PKW
124008,5,3,15,0,2019,Oktober,17,Dienstag,Unfall mit Leichtverletzten,Zusammenstoß mit anfahrendem/ anhaltendem/ruhendem Fahrzeug,Unfall im Längsverkehr,Tageslicht,0,1,0,0,0,0,"359329,0132","5647725,217",6.996740002,50.9639383,trocken,,PKW
124010,5,3,15,0,2019,Oktober,6,Dienstag,Unfall mit Leichtverletzten,Zusammenstoß mit vorausfahrendem / wartendem Fahrzeug,Unfall im Längsverkehr,Dunkelheit,0,1,0,0,0,0,"351285,1314","5644955,968",6.883401549,50.9370325,nass/feucht,,PKW
124011,5,3,15,0,2019,Oktober,15,Dienstag,Unfall mit Schwerverletzten,Abkommen von Fahrbahn nach rechts,Fahrunfall,Tageslicht,0,1,0,0,0,0,"349040,9449","5643058,196",6.852270594,50.91939549,trocken,,PKW
124013,5,3,15,0,2019,Oktober,4,Dienstag,Unfall mit Leichtverletzten,Zusammenstoß mit einbiegendem / kreuzendem Fahrzeug,Einbiegen / Kreuzen-Unfall,Dunkelheit,0,1,0,0,0,0,"358787,612","5639496,041",6.992222443,50.88984961,nass/feucht,,PKW
124015,5,3,15,0,2019,Oktober,16,Dienstag,Unfall mit Leichtverletzten,Zusammenstoß mit einbiegendem / kreuzendem Fahrzeug,Fahrunfall,Tageslicht,0,1,0,0,0,0,"357003,6601","5639873,326",6.966727249,50.89280141,trocken,,PKW
124017,5,3,15,0,2019,Oktober,7,Dienstag,Unfall mit Leichtverletzten,Zusammenstoß mit einbiegendem / kreuzendem Fahrzeug,Einbiegen / Kreuzen-Unfall,Tageslicht,0,1,0,0,0,0,"353859,1865","5642349,137",6.921055846,50.9142638,nass/feucht,,PKW
124018,5,3,15,0,2019,Oktober,17,Dienstag,Unfall mit Leichtverletzten,Zusammenstoß mit seitlich in gleicher Richtung fahrendem Fahrzeug,Unfall im Längsverkehr,Tageslicht,1,0,0,0,0,0,"353042,293","5643874,211",6.908828765,50.92776164,trocken,,Rad
124021,5,3,15,0,2019,Oktober,14,Dienstag,Unfall mit Leichtverletzten,Zusammenstoß mit entgegenkommendem Fahrzeug,Unfall im Längsverkehr,Tageslicht,1,0,0,0,0,0,"355242,383","5641287,638",6.94114008,50.90507287,trocken,,Rad
124023,5,3,15,0,2019,Oktober,14,Dienstag,Unfall mit Leichtverletzten,Unfall anderer Art,Fahrunfall,Tageslicht,1,0,0,0,0,0,"353018,6257","5644688,605",6.908163827,50.93507425,trocken,,Rad
124075,5,3,15,0,2019,Oktober,9,Donnerstag,Unfall mit Leichtverletzten,Zusammenstoß mit vorausfahrendem / wartendem Fahrzeug,Unfall im Längsverkehr,Tageslicht,0,1,0,0,0,0,"359933,2354","5647698,471",7.005349287,50.96384515,nass/feucht,,PKW
124077,5,3,15,0,2019,Oktober,16,Donnerstag,Unfall mit Leichtverletzten,Zusammenstoß mit einbiegendem / kreuzendem Fahrzeug,Abbiegeunfall,Tageslicht,0,1,0,0,0,0,"355439,688","5637512,009",6.945438117,50.87119118,nass/feucht,,PKW
124082,5,3,15,0,2019,Oktober,7,Donnerstag,Unfall mit Leichtverletzten,Zusammenstoß mit anfahrendem/ anhaltendem/ruhendem Fahrzeug,Unfall durch ruhenden Verkehr,Dämmerung,1,1,0,0,0,0,"353777,6823","5641752,463",6.920136308,50.90888101,nass/feucht,,"Rad, PKW"
124083,5,3,15,0,2019,Oktober,17,Donnerstag,Unfall mit Leichtverletzten,Zusammenstoß mit einbiegendem / kreuzendem Fahrzeug,Abbiegeunfall,Tageslicht,1,1,0,0,0,0,"354624,4053","5642954,164",6.931692849,50.91989429,nass/feucht,,"Rad, PKW"
124117,5,3,15,0,2019,Oktober,13,Dienstag,Unfall mit Schwerverletzten,Abkommen von Fahrbahn nach rechts,Sonstiger Unfall,Tageslicht,0,1,0,0,0,0,"359510,3911","5643333,747",7.001015159,50.92451597,trocken,,PKW
124197,5,3,15,0,2019,Oktober,16,Montag,Unfall mit Leichtverletzten,Unfall anderer Art,Sonstiger Unfall,Tageslicht,1,0,0,0,0,0,"352134,2888","5647533,148",6.894431998,50.9604107,trocken,,Rad
124198,5,3,15,0,2019,Oktober,10,Montag,Unfall mit Leichtverletzten,Zusammenstoß mit vorausfahrendem / wartendem Fahrzeug,Unfall im Längsverkehr,Tageslicht,0,1,0,0,0,0,"354793,1959","5646165,671",6.932813013,50.94879779,trocken,,PKW
124200,5,3,15,0,2019,Oktober,11,Montag,Unfall mit Leichtverletzten,Zusammenstoß mit vorausfahrendem / wartendem Fahrzeug,Unfall im Längsverkehr,Tageslicht,0,1,0,0,0,0,"353465,4216","5641198,394",6.915920281,50.90382259,trocken,,PKW
124259,5,3,15,0,2019,Oktober,21,Dienstag,Unfall mit Leichtverletzten,Zusammenstoß mit seitlich in gleicher Richtung fahrendem Fahrzeug,Sonstiger Unfall,Dunkelheit,0,1,0,0,0,0,"349774,8252","5654309,73",6.858056422,51.02069634,trocken,,PKW
124260,5,3,15,0,2019,Oktober,18,Dienstag,Unfall mit Leichtverletzten,Zusammenstoß mit vorausfahrendem / wartendem Fahrzeug,Unfall im Längsverkehr,Dämmerung,0,0,0,0,1,0,"348402,1664","5656428,625",6.837613362,51.03937655,trocken,,Gkfz
124292,5,3,15,0,2019,Oktober,20,Montag,Unfall mit Schwerverletzten,Zusammenstoß mit entgegenkommendem Fahrzeug,Abbiegeunfall,Dunkelheit,0,1,0,1,0,0,"355235,29","5651550,095",6.936958779,50.99729726,nass/feucht,,"Krad, PKW"
124293,5,3,15,0,2019,Oktober,19,Montag,Unfall mit Leichtverletzten,Zusammenstoß zwischen Fahrzeug und Fußgänger,Abbiegeunfall,Dunkelheit,0,1,1,0,0,0,"354338,559","5645501,8",6.926610772,50.94271708,nass/feucht,,"Fuss, PKW"
124294,5,3,15,0,2019,Oktober,13,Montag,Unfall mit Leichtverletzten,Unfall anderer Art,Fahrunfall,Tageslicht,1,0,0,0,0,0,"353560,4963","5644182,368",6.916073655,50.93066273,nass/feucht,,Rad
124295,5,3,15,0,2019,Oktober,3,Montag,Unfall mit Leichtverletzten,Zusammenstoß zwischen Fahrzeug und Fußgänger,Überschreiten-Unfall,Dunkelheit,0,1,1,0,0,0,"355335,5731","5643977,562",6.941397856,50.9292701,nass/feucht,,"Fuss, PKW"
124349,5,3,15,0,2019,Oktober,13,Montag,Unfall mit Leichtverletzten,Zusammenstoß mit vorausfahrendem / wartendem Fahrzeug,Unfall im Längsverkehr,Tageslicht,0,1,0,0,0,0,"366339,842","5645796,91",7.097227129,50.94827668,nass/feucht,,PKW
124350,5,3,15,0,2019,Oktober,11,Montag,Unfall mit Leichtverletzten,Zusammenstoß mit vorausfahrendem / wartendem Fahrzeug,Unfall im Längsverkehr,Tageslicht,0,1,0,0,0,0,"362709,9898","5644680,019",7.046005589,50.9373857,nass/feucht,,PKW
124383,5,3,15,0,2019,Oktober,11,Sonntag,Unfall mit Leichtverletzten,Unfall anderer Art,Fahrunfall,Tageslicht,1,0,0,0,0,0,"353038,5721","5644915,911",6.908355828,50.93712205,trocken,,Rad
124384,5,3,15,0,2019,Oktober,23,Sonntag,Unfall mit Leichtverletzten,Zusammenstoß mit vorausfahrendem / wartendem Fahrzeug,Unfall im Längsverkehr,Dunkelheit,0,1,0,0,0,0,"352064,9737","5644975,154",6.894484904,50.9374055,nass/feucht,,PKW
124385,5,3,15,0,2019,Oktober,14,Sonntag,Unfall mit Leichtverletzten,Zusammenstoß mit einbiegendem / kreuzendem Fahrzeug,Einbiegen / Kreuzen-Unfall,Tageslicht,1,1,0,0,0,0,"355869,2302","5646001,869",6.948185899,50.94759579,nass/feucht,,"Rad, PKW"
124486,5,3,15,0,2019,Oktober,15,Samstag,Unfall mit Leichtverletzten,Zusammenstoß mit vorausfahrendem / wartendem Fahrzeug,Unfall im Längsverkehr,Tageslicht,0,1,0,0,0,1,"355369,5595","5648340,036",6.940148416,50.96848316,nass/feucht,,"PKW, Sonstige"
124487,5,3,15,0,2019,Oktober,14,Samstag,Unfall mit Leichtverletzten,Zusammenstoß mit anfahrendem/ anhaltendem/ruhendem Fahrzeug,Unfall durch ruhenden Verkehr,Tageslicht,1,1,0,0,0,0,"354543,0178","5645717,277",6.929433018,50.94470513,nass/feucht,,"Rad, PKW"
124488,5,3,15,0,2019,Oktober,7,Samstag,Unfall mit Leichtverletzten,Zusammenstoß mit einbiegendem / kreuzendem Fahrzeug,Abbiegeunfall,Tageslicht,0,1,0,0,0,0,"351737,5409","5643568,209",6.890400298,50.92467789,trocken,,PKW
124505,5,3,15,0,2019,Oktober,0,Freitag,Unfall mit Schwerverletzten,Unfall anderer Art,Fahrunfall,Dunkelheit,1,0,0,0,0,0,"354897,0808","5646298,72",6.934237888,50.95001963,trocken,,Rad
124537,5,3,15,0,2019,Oktober,7,Freitag,Unfall mit Leichtverletzten,Zusammenstoß mit seitlich in gleicher Richtung fahrendem Fahrzeug,Unfall im Längsverkehr,Tageslicht,0,1,0,0,1,0,"348854,9899","5644596,24",6.848989379,50.9331681,trocken,,"PKW, Gkfz"
124566,5,3,15,0,2019,Oktober,0,Donnerstag,Unfall mit Leichtverletzten,Zusammenstoß mit seitlich in gleicher Richtung fahrendem Fahrzeug,Unfall im Längsverkehr,Dunkelheit,1,1,0,0,0,0,"356516,3121","5646579,253",6.957163808,50.95294608,trocken,,"Rad, PKW"
124567,5,3,15,0,2019,Oktober,10,Donnerstag,Unfall mit Leichtverletzten,Unfall anderer Art,Abbiegeunfall,Tageslicht,1,0,0,0,0,1,"354852,0235","5644410,744",6.934349129,50.93304153,trocken,,"Rad, Sonstige"
124617,5,3,15,0,2019,Oktober,15,Freitag,Unfall mit Leichtverletzten,Zusammenstoß mit vorausfahrendem / wartendem Fahrzeug,Abbiegeunfall,Tageslicht,0,1,0,0,1,0,"361640,639","5647934,196",7.029558807,50.96637625,trocken,,"PKW, Gkfz"
124640,5,3,15,0,2019,Oktober,12,Mittwoch,Unfall mit Leichtverletzten,Zusammenstoß mit einbiegendem / kreuzendem Fahrzeug,Einbiegen / Kreuzen-Unfall,Tageslicht,1,1,0,0,0,0,"354364,7288","5643976,612",6.927592566,50.92901727,trocken,,"Rad, PKW"
124641,5,3,15,0,2019,Oktober,16,Mittwoch,Unfall mit Leichtverletzten,Zusammenstoß mit einbiegendem / kreuzendem Fahrzeug,Einbiegen / Kreuzen-Unfall,Tageslicht,0,1,0,0,0,0,"357211,2214","5641125,329",6.969187047,50.90410451,trocken,,PKW
124701,5,3,15,0,2019,Oktober,17,Mittwoch,Unfall mit Leichtverletzten,Zusammenstoß mit vorausfahrendem / wartendem Fahrzeug,Unfall im Längsverkehr,Tageslicht,0,1,0,0,0,0,"357080,8209","5639591,513",6.967933914,50.89028784,trocken,,PKW
124758,5,3,15,0,2019,Oktober,5,Dienstag,Unfall mit Leichtverletzten,Abkommen von Fahrbahn nach rechts,Fahrunfall,Dunkelheit,0,1,0,0,0,0,"361816,6166","5650782,407",7.030980658,50.99201598,nass/feucht,,PKW
124760,5,3,15,0,2019,Oktober,9,Dienstag,Unfall mit Leichtverletzten,Zusammenstoß mit vorausfahrendem / wartendem Fahrzeug,Unfall im Längsverkehr,Tageslicht,0,1,0,0,0,0,"358616,5553","5636993,322",6.990759793,50.86731545,nass/feucht,,PKW
124763,5,3,15,0,2019,Oktober,8,Dienstag,Unfall mit Leichtverletzten,Unfall anderer Art,Fahrunfall,Tageslicht,0,0,0,1,0,0,"354665,7058","5645988,407",6.931070056,50.94717264,nass/feucht,,Krad
124791,5,3,15,0,2019,Oktober,8,Freitag,Unfall mit Leichtverletzten,Unfall anderer Art,Einbiegen / Kreuzen-Unfall,Tageslicht,1,0,0,1,0,0,"355890,406","5644647,446",6.94902295,50.93542912,trocken,,"Rad, Krad"
124793,5,3,15,0,2019,Oktober,17,Dienstag,Unfall mit Leichtverletzten,Zusammenstoß mit vorausfahrendem / wartendem Fahrzeug,Unfall im Längsverkehr,Dämmerung,0,1,0,0,0,1,"352074,4975","5651054,658",6.892148397,50.99204123,trocken,,"PKW, Sonstige"
124819,5,3,15,0,2019,Oktober,7,Dienstag,Unfall mit Schwerverletzten,Zusammenstoß mit vorausfahrendem / wartendem Fahrzeug,Unfall im Längsverkehr,Dämmerung,0,1,0,1,0,0,"365332,7468","5642586,31",7.08408514,50.9191868,trocken,,"Krad, PKW"
124820,5,3,15,0,2019,Oktober,16,Dienstag,Unfall mit Leichtverletzten,Zusammenstoß mit anfahrendem/ anhaltendem/ruhendem Fahrzeug,Unfall im Längsverkehr,Dämmerung,0,1,0,0,0,0,"361635,5665","5647957,868",7.029477609,50.96658777,trocken,,PKW
124821,5,3,15,0,2019,Oktober,17,Dienstag,Unfall mit Leichtverletzten,Zusammenstoß mit anfahrendem/ anhaltendem/ruhendem Fahrzeug,Unfall im Längsverkehr,Dunkelheit,0,1,0,0,1,0,"354042,2009","5639798,488",6.924677222,50.89138808,trocken,,"PKW, Gkfz"
124842,5,3,15,0,2019,Oktober,11,Montag,Unfall mit Leichtverletzten,Zusammenstoß mit vorausfahrendem / wartendem Fahrzeug,Unfall im Längsverkehr,Tageslicht,0,1,0,0,0,0,"365766,0699","5649582,444",7.087666983,50.98216601,nass/feucht,,PKW
124843,5,3,15,0,2019,Oktober,8,Montag,Unfall mit Schwerverletzten,Zusammenstoß mit einbiegendem / kreuzendem Fahrzeug,Einbiegen / Kreuzen-Unfall,Tageslicht,0,1,0,0,0,0,"354111,554","5646990,39",6.922785369,50.95603714,nass/feucht,,PKW
124844,5,3,15,0,2019,Oktober,2,Montag,Unfall mit Leichtverletzten,Unfall anderer Art,Sonstiger Unfall,Dunkelheit,0,0,0,0,0,1,"355281,824","5645305,286",6.940106254,50.94118858,trocken,,Sonstige
124845,5,3,15,0,2019,Oktober,2,Montag,Unfall mit Schwerverletzten,Unfall anderer Art,Fahrunfall,Dunkelheit,1,0,0,0,0,0,"355249,9786","5645128,043",6.939723709,50.93958775,trocken,,Rad
124853,5,3,15,0,2019,Oktober,20,Dienstag,Unfall mit Leichtverletzten,Zusammenstoß mit seitlich in gleicher Richtung fahrendem Fahrzeug,Unfall im Längsverkehr,Dunkelheit,0,1,0,0,0,0,"355264,7535","5643845,664",6.940443142,50.928067,trocken,,PKW
124906,5,3,15,0,2019,Oktober,13,Sonntag,Unfall mit Leichtverletzten,Zusammenstoß mit vorausfahrendem / wartendem Fahrzeug,Unfall im Längsverkehr,Tageslicht,0,1,0,0,0,0,"357941,8208","5646585,595",6.977443296,50.9533562,trocken,,PKW
124907,5,3,15,0,2019,Oktober,18,Sonntag,Unfall mit Leichtverletzten,Unfall anderer Art,Unfall im Längsverkehr,Dämmerung,0,1,0,1,0,0,"354489,189","5642725,893",6.929861486,50.91780879,trocken,,"Krad, PKW"
124908,5,3,15,0,2019,Oktober,19,Sonntag,Unfall mit Leichtverletzten,Unfall anderer Art,Unfall im Längsverkehr,Dunkelheit,1,0,1,0,0,0,"353292,9494","5646758,345",6.91123155,50.95374404,trocken,,"Rad, Fuss"
124910,5,3,15,0,2019,Oktober,16,Sonntag,Unfall mit Leichtverletzten,Unfall anderer Art,Fahrunfall,Tageslicht,0,0,0,0,0,1,"355743,1392","5644679,924",6.94691562,50.93568417,trocken,,Sonstige
124961,5,3,15,0,2019,Oktober,11,Sonntag,Unfall mit Schwerverletzten,Zusammenstoß mit vorausfahrendem / wartendem Fahrzeug,Unfall im Längsverkehr,Tageslicht,0,1,0,1,1,0,"362469,3321","5645125,303",7.042414447,50.94133028,trocken,,"Krad, PKW, Gkfz"
124963,5,3,15,0,2019,Oktober,19,Sonntag,Unfall mit Leichtverletzten,Zusammenstoß mit vorausfahrendem / wartendem Fahrzeug,Unfall im Längsverkehr,Dunkelheit,0,1,0,0,0,0,"357147,4176","5637879,968",6.969549094,50.87492262,trocken,,PKW
124964,5,3,15,0,2019,Oktober,19,Sonntag,Unfall mit Schwerverletzten,Zusammenstoß mit vorausfahrendem / wartendem Fahrzeug,Unfall im Längsverkehr,Dunkelheit,0,1,0,0,0,0,"357149,5914","5637820,97",6.969603018,50.87439293,trocken,,PKW
124978,5,3,15,0,2019,Oktober,9,Dienstag,Unfall mit Leichtverletzten,Zusammenstoß mit vorausfahrendem / wartendem Fahrzeug,Unfall im Längsverkehr,Tageslicht,1,1,0,0,0,0,"358660,497","5639684,624",6.990343334,50.89151334,trocken,,"Rad, PKW"
124998,5,3,15,0,2019,Oktober,13,Samstag,Unfall mit Leichtverletzten,Zusammenstoß mit einbiegendem / kreuzendem Fahrzeug,Einbiegen / Kreuzen-Unfall,Tageslicht,1,1,0,0,0,0,"365957,9647","5635842,476",7.095448949,50.85872087,trocken,,"Rad, PKW"
124999,5,3,15,0,2019,Oktober,16,Samstag,Unfall mit Schwerverletzten,Zusammenstoß mit einbiegendem / kreuzendem Fahrzeug,Einbiegen / Kreuzen-Unfall,Tageslicht,1,1,0,0,0,0,"358314,8232","5642998,792",6.984145128,50.92121333,trocken,,"Rad, PKW"
125001,5,3,15,0,2019,Oktober,11,Samstag,Unfall mit Leichtverletzten,Zusammenstoß zwischen Fahrzeug und Fußgänger,Abbiegeunfall,Tageslicht,0,1,1,0,0,0,"361361,604","5644114,13",7.027041937,50.93197732,trocken,,"Fuss, PKW"
125002,5,3,15,0,2019,Oktober,2,Samstag,Unfall mit Leichtverletzten,Unfall anderer Art,Fahrunfall,Dunkelheit,0,1,0,0,0,0,"356669,2596","5647186,829",6.959100657,50.95844433,trocken,,PKW
125004,5,3,15,0,2019,Oktober,16,Samstag,Unfall mit Schwerverletzten,Unfall anderer Art,Sonstiger Unfall,Tageslicht,1,0,0,0,0,0,"355348,33","5651494,834",6.938590608,50.99682907,trocken,,Rad
125005,5,3,15,0,2019,Oktober,11,Samstag,Unfall mit Leichtverletzten,Zusammenstoß mit einbiegendem / kreuzendem Fahrzeug,Abbiegeunfall,Tageslicht,1,1,0,0,0,0,"352479,7721","5644928,612",6.900403205,50.9370935,trocken,,"Rad, PKW"
125006,5,3,15,0,2019,Oktober,12,Samstag,Unfall mit Leichtverletzten,Unfall anderer Art,Sonstiger Unfall,Tageslicht,1,1,0,0,0,0,"354193,5854","5644489,707",6.924953634,50.93358507,trocken,,"Rad, PKW"
125007,5,3,15,0,2019,Oktober,2,Samstag,Unfall mit Leichtverletzten,Unfall anderer Art,Sonstiger Unfall,Dunkelheit,0,0,0,0,0,1,"356922,8362","5645745,104",6.963275509,50.94555073,trocken,,Sonstige
125070,5,3,15,0,2019,Oktober,16,Samstag,Unfall mit Leichtverletzten,Zusammenstoß mit vorausfahrendem / wartendem Fahrzeug,Unfall im Längsverkehr,Tageslicht,0,1,0,0,0,0,"365984,3761","5637131,472",7.095351858,50.87031215,trocken,,PKW
125071,5,3,15,0,2019,Oktober,15,Samstag,Unfall mit Leichtverletzten,Zusammenstoß mit vorausfahrendem / wartendem Fahrzeug,Unfall im Längsverkehr,Tageslicht,0,1,0,0,1,0,"360552,6212","5642236,783",7.0162546,50.91491016,trocken,,"PKW, Gkfz"
125105,5,3,15,0,2019,Oktober,7,Mittwoch,Unfall mit Leichtverletzten,Zusammenstoß mit anfahrendem/ anhaltendem/ruhendem Fahrzeug,Abbiegeunfall,Tageslicht,0,1,0,0,0,0,"365069,394","5641629,592",7.080694494,50.9105267,trocken,,PKW
125128,5,3,15,0,2019,Oktober,15,Donnerstag,Unfall mit Leichtverletzten,Zusammenstoß mit vorausfahrendem / wartendem Fahrzeug,Unfall im Längsverkehr,Tageslicht,0,1,0,0,0,0,"354062,6255","5646961,695",6.922100702,50.95576688,trocken,,PKW
125146,5,3,15,0,2019,Oktober,14,Donnerstag,Unfall mit Schwerverletzten,Aufprall auf Fahrbahnhindernis,Sonstiger Unfall,Tageslicht,0,0,0,0,1,0,"350946,3657","5652998,628",6.87528687,51.0092193,trocken,,Gkfz
125161,5,3,15,0,2019,Oktober,11,Mittwoch,Unfall mit Schwerverletzten,Unfall anderer Art,Fahrunfall,Tageslicht,1,0,0,0,0,0,"352519,952","5647227,084",6.900043821,50.95775909,trocken,,Rad
125190,5,3,15,0,2019,Oktober,17,Donnerstag,Unfall mit Leichtverletzten,Unfall anderer Art,Sonstiger Unfall,Dunkelheit,0,1,0,0,0,1,"357430,4662","5644293,775",6.971064769,50.93263348,trocken,,"PKW, Sonstige"
125203,5,3,15,0,2019,Oktober,22,Donnerstag,Unfall mit Leichtverletzten,Unfall anderer Art,Sonstiger Unfall,Dunkelheit,0,1,1,0,0,0,"355188,3808","5644752,746",6.938996731,50.93619957,trocken,,"Fuss, PKW"
125207,5,3,15,0,2019,Oktober,18,Freitag,Unfall mit Leichtverletzten,Zusammenstoß mit vorausfahrendem / wartendem Fahrzeug,Unfall im Längsverkehr,Dämmerung,0,1,0,0,0,0,"361215,5926","5642671,089",7.025514642,50.91897321,trocken,,PKW
125219,5,3,15,0,2019,Oktober,14,Mittwoch,Unfall mit Leichtverletzten,Zusammenstoß mit vorausfahrendem / wartendem Fahrzeug,Unfall im Längsverkehr,Tageslicht,0,1,0,0,0,0,"351738,756","5643568,261",6.890417554,50.92467867,trocken,,PKW
125248,5,3,15,0,2019,Oktober,15,Donnerstag,Unfall mit Leichtverletzten,Zusammenstoß zwischen Fahrzeug und Fußgänger,Sonstiger Unfall,Tageslicht,1,0,1,0,0,0,"351673,717","5644984,3",6.888916578,50.93738719,trocken,,"Rad, Fuss"
125282,5,3,15,0,2019,Oktober,19,Mittwoch,Unfall mit Leichtverletzten,Zusammenstoß mit vorausfahrendem / wartendem Fahrzeug,Unfall im Längsverkehr,Dunkelheit,0,1,0,1,0,0,"354195,9076","5644985,82",6.924788158,50.93804407,trocken,,"Krad, PKW"
125301,5,3,15,0,2019,Oktober,11,Mittwoch,Unfall mit Leichtverletzten,Zusammenstoß mit vorausfahrendem / wartendem Fahrzeug,Unfall im Längsverkehr,Tageslicht,0,1,0,0,0,0,"360484,2476","5650891,827",7.011965445,50.99267792,trocken,,PKW
125306,5,3,15,0,2019,Oktober,12,Donnerstag,Unfall mit Leichtverletzten,Zusammenstoß zwischen Fahrzeug und Fußgänger,Unfall durch ruhenden Verkehr,Tageslicht,0,1,1,0,0,0,"353079,4172","5643802,154",6.909385695,50.92712355,trocken,,"Fuss, PKW"
125311,5,3,15,0,2019,Oktober,20,Donnerstag,Unfall mit Leichtverletzten,Zusammenstoß mit einbiegendem / kreuzendem Fahrzeug,Abbiegeunfall,Dunkelheit,0,1,0,0,0,0,"363800,2065","5641072,456",7.062859963,50.90522136,trocken,,PKW
125342,5,3,15,0,2019,Oktober,15,Mittwoch,Unfall mit Leichtverletzten,Zusammenstoß mit vorausfahrendem / wartendem Fahrzeug,Unfall im Längsverkehr,Tageslicht,0,1,0,0,0,0,"357575,936","5634587,212",6.976917235,50.84543605,trocken,,PKW
125396,5,3,15,0,2019,Oktober,13,Donnerstag,Unfall mit Leichtverletzten,Unfall anderer Art,Sonstiger Unfall,Tageslicht,1,1,0,0,0,0,"356786,696","5644708,12",6.961746504,50.93619766,trocken,,"Rad, PKW"
125398,5,3,15,0,2019,Oktober,8,Freitag,Unfall mit Leichtverletzten,Unfall anderer Art,Fahrunfall,Tageslicht,1,0,0,0,0,0,"359329,3841","5647725,024",6.996745355,50.96393666,nass/feucht,,Rad
125401,5,3,15,0,2019,Oktober,17,Freitag,Unfall mit Leichtverletzten,Unfall anderer Art,Fahrunfall,Dämmerung,1,0,0,0,0,0,"348279,9937","5657868,129",6.835268919,51.0522797,trocken,,Rad
125403,5,3,15,0,2019,Oktober,14,Freitag,Unfall mit Leichtverletzten,Zusammenstoß mit anfahrendem/ anhaltendem/ruhendem Fahrzeug,Fahrunfall,Tageslicht,0,1,0,0,0,1,"353166,7063","5645104,229",6.910102325,50.93884702,trocken,,"PKW, Sonstige"
125406,5,3,15,0,2019,Oktober,12,Freitag,Unfall mit Schwerverletzten,Zusammenstoß mit vorausfahrendem / wartendem Fahrzeug,Unfall im Längsverkehr,Tageslicht,0,1,0,0,0,0,"354191,129","5644819,757",6.924786644,50.93655051,trocken,,PKW
125408,5,3,15,0,2019,Oktober,14,Freitag,Unfall mit Leichtverletzten,Zusammenstoß mit einbiegendem / kreuzendem Fahrzeug,Abbiegeunfall,Tageslicht,0,0,0,0,0,1,"354191,852","5644842,442",6.924787849,50.93675455,trocken,,Sonstige
125410,5,3,15,0,2019,Oktober,12,Freitag,Unfall mit Leichtverletzten,Unfall anderer Art,Überschreiten-Unfall,Tageslicht,0,1,1,0,0,0,"353219,336","5646830,077",6.910155288,50.95436992,trocken,,"Fuss, PKW"
125413,5,3,15,0,2019,Oktober,5,Freitag,Unfall mit Leichtverletzten,Zusammenstoß mit einbiegendem / kreuzendem Fahrzeug,Einbiegen / Kreuzen-Unfall,Dämmerung,1,1,0,0,0,0,"353656,529","5648665,808",6.915637225,50.97097809,nass/feucht,,"Rad, PKW"
125415,5,3,15,0,2019,Oktober,14,Freitag,Unfall mit Leichtverletzten,Zusammenstoß mit seitlich in gleicher Richtung fahrendem Fahrzeug,Unfall im Längsverkehr,Tageslicht,0,1,0,0,0,0,"353005,177","5644568,958",6.908020821,50.93399561,trocken,,PKW