OBJECTID,ULAND,UREGBEZ,UKREIS,UGEMEINDE,UJAHR,UMONAT,USTUNDE,UWOCHENTAG,UKATEGORIE,UART,UTYP1,ULICHTVERH,IstRad,IstPKW,IstFuss,IstKrad,IstGkfz,IstSonstige,LINREFX,LINREFY,XGCSWGS84,YGCSWGS84,USTRZUSTAND,UIDENTSTLAE,Participants
125454,5,3,15,0,2019,November,12,Dienstag,Unfall mit Leichtverletzten,Zusammenstoß mit seitlich in gleicher Richtung fahrendem Fahrzeug,Abbiegeunfall,Tageslicht,1,1,0,0,0,0,"361816,8832","5644842,9",7.033240564,50.93863625,nass/feucht,,"Rad, PKW"
125455,5,3,15,0,2019,November,17,Dienstag,Unfall mit Leichtverletzten,Unfall anderer Art,Fahrunfall,Dunkelheit,0,1,0,1,0,0,"358771,0178","5644709,147",6.989968841,50.93669626,nass/feucht,,"Krad, PKW"
125456,5,3,15,0,2019,November,7,Dienstag,Unfall mit Leichtverletzten,Unfall anderer Art,Fahrunfall,Tageslicht,0,0,0,1,0,0,"359316,58","5647721,155",6.99656463,50.96389877,nass/feucht,,Krad
125457,5,3,15,0,2019,November,11,Dienstag,Unfall mit Leichtverletzten,Zusammenstoß mit einbiegendem / kreuzendem Fahrzeug,Sonstiger Unfall,Tageslicht,0,1,0,0,0,0,"357706,636","5646906,903",6.973971481,50.95618576,nass/feucht,,PKW
125458,5,3,15,0,2019,November,15,Dienstag,Unfall mit Leichtverletzten,Zusammenstoß mit vorausfahrendem / wartendem Fahrzeug,Unfall im Längsverkehr,Tageslicht,0,1,0,0,0,0,"355535,3463","5651375,018",6.941301572,50.9957993,trocken,,PKW
125459,5,3,15,0,2019,November,14,Dienstag,Unfall mit Leichtverletzten,Zusammenstoß mit vorausfahrendem / wartendem Fahrzeug,Unfall im Längsverkehr,Tageslicht,0,1,0,1,0,0,"352280,6674","5657378,94",6.892507976,51.04892662,nass/feucht,,"Krad, PKW"
125460,5,3,15,0,2019,November,7,Dienstag,Unfall mit Leichtverletzten,Unfall anderer Art,Unfall im Längsverkehr,Dämmerung,0,1,0,1,0,0,"356325,0739","5647731,841",6.953987912,50.96325655,nass/feucht,,"Krad, PKW"
125461,5,3,15,0,2019,November,8,Dienstag,Unfall mit Leichtverletzten,Zusammenstoß mit seitlich in gleicher Richtung fahrendem Fahrzeug,Unfall im Längsverkehr,Tageslicht,0,1,0,1,0,0,"352068,3759","5644954,787",6.894541561,50.93722334,nass/feucht,,"Krad, PKW"
125462,5,3,15,0,2019,November,7,Dienstag,Unfall mit Leichtverletzten,Zusammenstoß mit einbiegendem / kreuzendem Fahrzeug,Abbiegeunfall,Tageslicht,1,0,0,0,0,0,"359431,174","5638517,22",7.001743239,50.88120972,nass/feucht,,Rad
125463,5,3,15,0,2019,November,12,Dienstag,Unfall mit Leichtverletzten,Zusammenstoß mit einbiegendem / kreuzendem Fahrzeug,Einbiegen / Kreuzen-Unfall,Tageslicht,1,1,0,0,0,0,"356039,6139","5644640,332",6.951147844,50.93540245,nass/feucht,,"Rad, PKW"
125531,5,3,15,0,2019,November,13,Dienstag,Unfall mit Schwerverletzten,Abkommen von Fahrbahn nach rechts,Fahrunfall,Tageslicht,0,1,0,0,0,0,"348848,3408","5644881,385",6.848776559,50.93572874,nass/feucht,,PKW
125563,5,3,15,0,2019,November,17,Montag,Unfall mit Leichtverletzten,Zusammenstoß zwischen Fahrzeug und Fußgänger,Abbiegeunfall,Dunkelheit,0,1,1,0,0,0,"359600,015","5650180,787",6.999648527,50.98607276,nass/feucht,,"Fuss, PKW"
125706,5,3,15,0,2019,November,14,Sonntag,Unfall mit Leichtverletzten,Unfall anderer Art,Unfall im Längsverkehr,Tageslicht,0,1,0,0,0,0,"361672,9238","5648427,282",7.029830772,50.97081548,trocken,,PKW
125708,5,3,15,0,2019,November,23,Sonntag,Unfall mit Leichtverletzten,Abkommen von Fahrbahn nach links,Fahrunfall,Dunkelheit,0,1,0,0,0,0,"359429,202","5641534,294",7.000554083,50.90832424,trocken,,PKW
125744,5,3,15,0,2019,November,17,Samstag,Unfall mit Leichtverletzten,Zusammenstoß mit vorausfahrendem / wartendem Fahrzeug,Unfall im Längsverkehr,Dämmerung,0,1,0,0,0,0,"354705,263","5643053,919",6.932802699,50.92081113,nass/feucht,,PKW
125746,5,3,15,0,2019,November,6,Samstag,Unfall mit Schwerverletzten,Zusammenstoß zwischen Fahrzeug und Fußgänger,Überschreiten-Unfall,Dunkelheit,0,1,1,0,0,0,"355098,13","5643609,445",6.938167641,50.92590232,nass/feucht,,"Fuss, PKW"
125752,5,3,15,0,2019,November,12,Mittwoch,Unfall mit Schwerverletzten,Abkommen von Fahrbahn nach links,Fahrunfall,Tageslicht,0,0,0,0,1,0,"348612,4087","5643625,053",6.845943006,50.92437715,trocken,,Gkfz
125835,5,3,15,0,2019,November,12,Freitag,Unfall mit Leichtverletzten,Zusammenstoß mit anfahrendem/ anhaltendem/ruhendem Fahrzeug,Unfall durch ruhenden Verkehr,Tageslicht,1,1,0,0,0,0,"365121,1803","5638300,044",7.082660266,50.8806141,nass/feucht,,"Rad, PKW"
125836,5,3,15,0,2019,November,17,Freitag,Unfall mit Leichtverletzten,Unfall anderer Art,Sonstiger Unfall,Dunkelheit,0,0,0,0,0,1,"365561,7273","5635126,516",7.090085237,50.85219403,nass/feucht,,Sonstige
125837,5,3,15,0,2019,November,17,Freitag,Unfall mit Leichtverletzten,Zusammenstoß mit vorausfahrendem / wartendem Fahrzeug,Unfall im Längsverkehr,Dunkelheit,0,1,0,0,0,0,"357941,7148","5646585,708",6.977441743,50.95335719,trocken,,PKW
125838,5,3,15,0,2019,November,18,Freitag,Unfall mit Leichtverletzten,Zusammenstoß mit seitlich in gleicher Richtung fahrendem Fahrzeug,Unfall im Längsverkehr,Dämmerung,0,1,0,1,0,0,"357404,0858","5644135,5",6.970751518,50.93120454,trocken,,"Krad, PKW"
125839,5,3,15,0,2019,November,14,Freitag,Unfall mit Leichtverletzten,Zusammenstoß mit anfahrendem/ anhaltendem/ruhendem Fahrzeug,Unfall im Längsverkehr,Tageslicht,0,1,0,1,0,0,"359948,1548","5648937,593",7.005084459,50.97498488,nass/feucht,,"Krad, PKW"
125840,5,3,15,0,2019,November,18,Freitag,Unfall mit Leichtverletzten,Zusammenstoß mit einbiegendem / kreuzendem Fahrzeug,Einbiegen / Kreuzen-Unfall,Dunkelheit,1,0,0,0,0,0,"354517,3457","5643547,725",6.929933948,50.92520148,trocken,,Rad
125841,5,3,15,0,2019,November,7,Freitag,Unfall mit Leichtverletzten,Zusammenstoß mit vorausfahrendem / wartendem Fahrzeug,Fahrunfall,Tageslicht,0,1,0,0,0,0,"353108,134","5640776,389",6.911012165,50.89993938,nass/feucht,,PKW
125842,5,3,15,0,2019,November,21,Freitag,Unfall mit Leichtverletzten,Unfall anderer Art,Unfall durch ruhenden Verkehr,Dunkelheit,1,1,0,0,0,0,"355295,8475","5645384,424",6.940274288,50.94190331,nass/feucht,,"Rad, PKW"
125955,5,3,15,0,2019,November,18,Donnerstag,Unfall mit Leichtverletzten,Zusammenstoß mit vorausfahrendem / wartendem Fahrzeug,Unfall im Längsverkehr,Dunkelheit,0,1,0,0,0,0,"360689,1287","5652168,969",7.014393026,51.00420535,nass/feucht,,PKW
125958,5,3,15,0,2019,November,6,Donnerstag,Unfall mit Leichtverletzten,Zusammenstoß mit einbiegendem / kreuzendem Fahrzeug,Abbiegeunfall,Dämmerung,1,1,0,0,0,0,"365763,939","5649582,299",7.087636698,50.98216421,nass/feucht,,"Rad, PKW"
125960,5,3,15,0,2019,November,18,Donnerstag,Unfall mit Leichtverletzten,Zusammenstoß mit einbiegendem / kreuzendem Fahrzeug,Einbiegen / Kreuzen-Unfall,Dunkelheit,0,1,0,0,0,1,"357892,0109","5643517,841",6.977931204,50.92577406,nass/feucht,,"PKW, Sonstige"
125963,5,3,15,0,2019,November,7,Donnerstag,Unfall mit Leichtverletzten,Zusammenstoß mit vorausfahrendem / wartendem Fahrzeug,Unfall im Längsverkehr,Tageslicht,0,1,0,0,0,0,"358459,0812","5644006,824",6.985804916,50.93030798,nass/feucht,,PKW
125964,5,3,15,0,2019,November,8,Donnerstag,Unfall mit Leichtverletzten,Zusammenstoß mit einbiegendem / kreuzendem Fahrzeug,Einbiegen / Kreuzen-Unfall,Tageslicht,0,1,0,0,0,0,"350739,3464","5652191,433",6.872669994,51.00191193,nass/feucht,,PKW
125966,5,3,15,0,2019,November,11,Donnerstag,Unfall mit Leichtverletzten,Unfall anderer Art,Fahrunfall,Tageslicht,0,0,0,1,0,0,"354250,8597","5645185,26",6.925489952,50.93985027,nass/feucht,,Krad
125969,5,3,15,0,2019,November,20,Donnerstag,Unfall mit Schwerverletzten,Zusammenstoß mit einbiegendem / kreuzendem Fahrzeug,Abbiegeunfall,Dunkelheit,1,1,0,0,0,0,"354467,255","5645760,332",6.928338091,50.94507293,nass/feucht,,"Rad, PKW"
125970,5,3,15,0,2019,November,7,Donnerstag,Unfall mit Leichtverletzten,Unfall anderer Art,Sonstiger Unfall,Dämmerung,0,1,0,1,0,0,"356629,996","5639910,085",6.961403262,50.89303913,nass/feucht,,"Krad, PKW"
126030,5,3,15,0,2019,November,14,Samstag,Unfall mit Leichtverletzten,Zusammenstoß mit vorausfahrendem / wartendem Fahrzeug,Unfall im Längsverkehr,Tageslicht,0,1,0,0,0,0,"353563,7761","5641439,266",6.917221512,50.90601218,trocken,,PKW
126084,5,3,15,0,2019,November,6,Donnerstag,Unfall mit Leichtverletzten,Zusammenstoß mit vorausfahrendem / wartendem Fahrzeug,Unfall im Längsverkehr,Dunkelheit,0,1,0,0,0,0,"357533,1973","5639301,988",6.974474521,50.88779763,nass/feucht,,PKW
126085,5,3,15,0,2019,November,20,Donnerstag,Unfall mit Leichtverletzten,Zusammenstoß mit vorausfahrendem / wartendem Fahrzeug,Unfall im Längsverkehr,Dunkelheit,0,1,0,0,0,0,"349223,57","5649509,777",6.852195596,50.97741885,nass/feucht,,PKW
126086,5,3,15,0,2019,November,9,Donnerstag,Unfall mit Leichtverletzten,Unfall anderer Art,Unfall im Längsverkehr,Tageslicht,0,1,0,0,0,0,"355633,7787","5638947,51",6.947627917,50.88414042,nass/feucht,,PKW
126149,5,3,15,0,2019,November,16,Mittwoch,Unfall mit Leichtverletzten,Unfall anderer Art,Fahrunfall,Dämmerung,0,0,0,1,0,0,"366069,112","5634530,231",7.097507296,50.84695247,nass/feucht,,Krad
126156,5,3,15,0,2019,November,7,Mittwoch,Unfall mit Leichtverletzten,Zusammenstoß zwischen Fahrzeug und Fußgänger,Abbiegeunfall,Dämmerung,0,1,1,0,0,0,"366286,8565","5635851,712",7.100115921,50.85888003,nass/feucht,,"Fuss, PKW"
126157,5,3,15,0,2019,November,22,Mittwoch,Unfall mit Leichtverletzten,Zusammenstoß mit einbiegendem / kreuzendem Fahrzeug,Sonstiger Unfall,Dunkelheit,0,1,0,0,0,0,"361872,678","5648002,997",7.032835174,50.96705026,nass/feucht,,PKW
126158,5,3,15,0,2019,November,16,Mittwoch,Unfall mit Leichtverletzten,Zusammenstoß zwischen Fahrzeug und Fußgänger,Überschreiten-Unfall,Tageslicht,1,0,1,0,0,0,"360845,3245","5646043,087",7.018962649,50.94918893,trocken,,"Rad, Fuss"
126160,5,3,15,0,2019,November,22,Mittwoch,Unfall mit Schwerverletzten,Aufprall auf Fahrbahnhindernis,Fahrunfall,Dunkelheit,1,0,0,0,0,0,"353376,5212","5646668,331",6.912456827,50.95295639,trocken,,Rad
126162,5,3,15,0,2019,November,17,Mittwoch,Unfall mit Leichtverletzten,Zusammenstoß mit einbiegendem / kreuzendem Fahrzeug,Einbiegen / Kreuzen-Unfall,Dunkelheit,1,1,0,0,0,0,"349350,7637","5643146,743",6.856638585,50.92027217,nass/feucht,,"Rad, PKW"
126163,5,3,15,0,2019,November,14,Mittwoch,Unfall mit Leichtverletzten,Zusammenstoß zwischen Fahrzeug und Fußgänger,Überschreiten-Unfall,Tageslicht,0,0,1,0,0,1,"347927,7207","5645172,508",6.835562563,50.9381028,nass/feucht,,"Fuss, Sonstige"
126165,5,3,15,0,2019,November,14,Mittwoch,Unfall mit Leichtverletzten,Zusammenstoß mit vorausfahrendem / wartendem Fahrzeug,Abbiegeunfall,Tageslicht,0,1,0,0,0,0,"349233,385","5643112,819",6.854983853,50.91993666,trocken,,PKW
126167,5,3,15,0,2019,November,9,Mittwoch,Unfall mit Leichtverletzten,Unfall anderer Art,Fahrunfall,Tageslicht,1,0,0,0,0,0,"351752,6137","5643568,973",6.890614299,50.92468863,nass/feucht,,Rad
126169,5,3,15,0,2019,November,16,Mittwoch,Unfall mit Leichtverletzten,Zusammenstoß mit vorausfahrendem / wartendem Fahrzeug,Unfall im Längsverkehr,Dämmerung,1,0,0,0,0,0,"358277,4762","5640712,331",6.984502102,50.90065559,nass/feucht,,Rad
126171,5,3,15,0,2019,November,13,Mittwoch,Unfall mit Leichtverletzten,Zusammenstoß zwischen Fahrzeug und Fußgänger,Sonstiger Unfall,Tageslicht,0,0,1,0,0,1,"354711,2884","5643081,09",6.932877542,50.92105682,trocken,,"Fuss, Sonstige"
126174,5,3,15,0,2019,November,7,Mittwoch,Unfall mit Leichtverletzten,Zusammenstoß mit seitlich in gleicher Richtung fahrendem Fahrzeug,Abbiegeunfall,Tageslicht,1,1,0,0,0,0,"354767,1987","5644684,543",6.933033685,50.93548074,nass/feucht,,"Rad, PKW"
126175,5,3,15,0,2019,November,9,Mittwoch,Unfall mit Leichtverletzten,Zusammenstoß mit einbiegendem / kreuzendem Fahrzeug,Einbiegen / Kreuzen-Unfall,Tageslicht,0,1,0,0,0,0,"356871,2815","5644583,865",6.962998341,50.93510199,trocken,,PKW
126178,5,3,15,0,2019,November,12,Samstag,Unfall mit Leichtverletzten,Zusammenstoß mit vorausfahrendem / wartendem Fahrzeug,Unfall im Längsverkehr,Tageslicht,0,1,0,0,0,0,"360674,5192","5653368,365",7.013724413,51.01498088,trocken,,PKW
126287,5,3,15,0,2019,November,18,Mittwoch,Unfall mit Schwerverletzten,Zusammenstoß mit vorausfahrendem / wartendem Fahrzeug,Unfall im Längsverkehr,Dunkelheit,0,1,0,0,0,0,"360570,2835","5650392,713",7.013382199,50.98821319,trocken,,PKW
126288,5,3,15,0,2019,November,18,Mittwoch,Unfall mit Leichtverletzten,Zusammenstoß mit vorausfahrendem / wartendem Fahrzeug,Unfall im Längsverkehr,Dunkelheit,0,1,0,0,0,0,"353898,85","5648599,767",6.919112685,50.97044612,trocken,,PKW
126322,5,3,15,0,2019,November,10,Dienstag,Unfall mit Schwerverletzten,Unfall anderer Art,Sonstiger Unfall,Dunkelheit,1,0,0,0,0,1,"363800,2065","5641072,456",7.062859963,50.90522136,trocken,,"Rad, Sonstige"
126323,5,3,15,0,2019,November,8,Dienstag,Unfall mit Leichtverletzten,Zusammenstoß mit anfahrendem/ anhaltendem/ruhendem Fahrzeug,Abbiegeunfall,Tageslicht,0,1,0,0,0,1,"360341,2234","5646962,675",7.011437976,50.9573315,trocken,,"PKW, Sonstige"
126324,5,3,15,0,2019,November,23,Dienstag,Unfall mit Leichtverletzten,Zusammenstoß zwischen Fahrzeug und Fußgänger,Überschreiten-Unfall,Dunkelheit,0,1,1,0,0,0,"356631,3199","5643032,35",6.96019568,50.92109907,nass/feucht,,"Fuss, PKW"
126325,5,3,15,0,2019,November,21,Dienstag,Unfall mit Schwerverletzten,Zusammenstoß zwischen Fahrzeug und Fußgänger,Überschreiten-Unfall,Dunkelheit,0,0,1,0,0,1,"356312,7431","5643177,244",6.955609064,50.92232197,nass/feucht,,"Fuss, Sonstige"
126369,5,3,15,0,2019,November,1,Freitag,Unfall mit Leichtverletzten,Zusammenstoß mit vorausfahrendem / wartendem Fahrzeug,Unfall im Längsverkehr,Dunkelheit,0,1,0,0,0,0,"363964,1159","5642227,363",7.064759265,50.91563973,trocken,,PKW
126437,5,3,15,0,2019,November,16,Donnerstag,Unfall mit Leichtverletzten,Zusammenstoß mit einbiegendem / kreuzendem Fahrzeug,Abbiegeunfall,Tageslicht,1,1,0,0,0,0,"361602,548","5649994,613",7.028232359,50.9848845,trocken,,"Rad, PKW"
126439,5,3,15,0,2019,November,8,Dienstag,Unfall mit Leichtverletzten,Zusammenstoß mit vorausfahrendem / wartendem Fahrzeug,Unfall im Längsverkehr,Tageslicht,0,1,0,0,0,0,"360514,107","5650690,696",7.01246789,50.99087758,trocken,,PKW
126440,5,3,15,0,2019,November,14,Donnerstag,Unfall mit Leichtverletzten,Unfall anderer Art,Unfall im Längsverkehr,Tageslicht,0,0,0,1,0,0,"356297,3331","5648012,58",6.953482246,50.96577257,nass/feucht,,Krad
126441,5,3,15,0,2019,November,13,Dienstag,Unfall mit Schwerverletzten,Zusammenstoß mit vorausfahrendem / wartendem Fahrzeug,Unfall im Längsverkehr,Tageslicht,0,1,0,0,0,0,"362764,1813","5644592,473",7.046809369,50.93661179,trocken,,PKW
126442,5,3,15,0,2019,November,9,Donnerstag,Unfall mit Leichtverletzten,Zusammenstoß mit vorausfahrendem / wartendem Fahrzeug,Abbiegeunfall,Tageslicht,0,1,0,0,0,1,"348542,3268","5645173,724",6.844303083,50.93827548,nass/feucht,,"PKW, Sonstige"
126443,5,3,15,0,2019,November,15,Donnerstag,Unfall mit Leichtverletzten,Zusammenstoß mit einbiegendem / kreuzendem Fahrzeug,Abbiegeunfall,Tageslicht,1,1,0,0,0,0,"354046,5067","5636322,582",6.926125831,50.86015192,trocken,,"Rad, PKW"
126505,5,3,15,0,2019,November,14,Montag,Unfall mit Leichtverletzten,Zusammenstoß zwischen Fahrzeug und Fußgänger,Abbiegeunfall,Tageslicht,0,1,1,0,0,0,"363475,8493","5640206,545",7.05857331,50.89736238,trocken,,"Fuss, PKW"
126506,5,3,15,0,2019,November,2,Montag,Unfall mit Leichtverletzten,Unfall anderer Art,Sonstiger Unfall,Dunkelheit,1,0,0,0,0,0,"357513,4975","5641223,773",6.973444867,50.90506391,trocken,,Rad
126507,5,3,15,0,2019,November,2,Montag,Unfall mit Schwerverletzten,Abkommen von Fahrbahn nach rechts,Fahrunfall,Dunkelheit,0,1,0,0,0,0,"357061,348","5646230,219",6.965055496,50.94994478,trocken,,PKW
126569,5,3,15,0,2019,November,0,Montag,Unfall mit Leichtverletzten,Aufprall auf Fahrbahnhindernis,Sonstiger Unfall,Dunkelheit,0,1,0,0,0,0,"365609,8886","5639863,827",7.089028107,50.89478273,trocken,,PKW
126571,5,3,15,0,2019,November,14,Donnerstag,Unfall mit Leichtverletzten,Zusammenstoß mit vorausfahrendem / wartendem Fahrzeug,Unfall im Längsverkehr,Tageslicht,0,1,0,0,1,0,"357147,5645","5637875,981",6.969552738,50.87488683,trocken,,"PKW, Gkfz"
126572,5,3,15,0,2019,November,17,Montag,Unfall mit Leichtverletzten,Zusammenstoß mit vorausfahrendem / wartendem Fahrzeug,Unfall im Längsverkehr,Dunkelheit,0,1,0,0,0,0,"349910,1548","5650612,745",6.861513174,50.98750976,trocken,,PKW
126615,5,3,15,0,2019,November,22,Sonntag,Unfall mit Leichtverletzten,Zusammenstoß mit vorausfahrendem / wartendem Fahrzeug,Unfall im Längsverkehr,Dunkelheit,0,1,0,0,0,0,"351130,8687","5650597,879",6.87889925,50.98769315,trocken,,PKW
126617,5,3,15,0,2019,November,17,Sonntag,Unfall mit Leichtverletzten,Zusammenstoß mit einbiegendem / kreuzendem Fahrzeug,Einbiegen / Kreuzen-Unfall,Dunkelheit,0,1,0,1,0,0,"355188,168","5644777,985",6.938983674,50.93642634,trocken,,"Krad, PKW"
126677,5,3,15,0,2019,November,18,Mittwoch,Unfall mit Leichtverletzten,Zusammenstoß zwischen Fahrzeug und Fußgänger,Abbiegeunfall,Dunkelheit,0,1,1,0,0,0,"366775,2802","5638204,949",7.1061946,50.88014315,nass/feucht,,"Fuss, PKW"
126680,5,3,15,0,2019,November,17,Mittwoch,Unfall mit Leichtverletzten,Zusammenstoß mit anfahrendem/ anhaltendem/ruhendem Fahrzeug,Unfall durch ruhenden Verkehr,Dunkelheit,0,1,0,0,0,0,"365627,1719","5638400,206",7.089811976,50.88163221,nass/feucht,,PKW
126682,5,3,15,0,2019,November,15,Mittwoch,Unfall mit Leichtverletzten,Zusammenstoß mit vorausfahrendem / wartendem Fahrzeug,Unfall im Längsverkehr,Tageslicht,0,1,0,0,0,0,"359680,4307","5641657,335",7.004077875,50.90949116,trocken,,PKW
126685,5,3,15,0,2019,November,20,Mittwoch,Unfall mit Leichtverletzten,Zusammenstoß mit einbiegendem / kreuzendem Fahrzeug,Einbiegen / Kreuzen-Unfall,Dunkelheit,1,1,0,0,0,0,"352729,581","5651228,365",6.901405809,50.99377023,nass/feucht,,"Rad, PKW"
126687,5,3,15,0,2019,November,18,Mittwoch,Unfall mit Leichtverletzten,Zusammenstoß mit vorausfahrendem / wartendem Fahrzeug,Abbiegeunfall,Dunkelheit,1,1,0,0,0,0,"353029,0265","5644894,558",6.908228679,50.93692772,nass/feucht,,"Rad, PKW"
126689,5,3,15,0,2019,November,15,Mittwoch,Unfall mit Leichtverletzten,Zusammenstoß mit einbiegendem / kreuzendem Fahrzeug,Abbiegeunfall,Tageslicht,1,1,0,0,0,0,"354276,33","5644838,104",6.925991074,50.93673692,nass/feucht,,"Rad, PKW"
126698,5,3,15,0,2019,November,19,Sonntag,Unfall mit Leichtverletzten,Zusammenstoß mit vorausfahrendem / wartendem Fahrzeug,Sonstiger Unfall,Dunkelheit,0,1,0,0,0,0,"355237,6608","5651549,153",6.936992918,50.99728939,trocken,,PKW
126699,5,3,15,0,2019,November,14,Sonntag,Unfall mit Leichtverletzten,Zusammenstoß zwischen Fahrzeug und Fußgänger,Überschreiten-Unfall,Tageslicht,1,0,1,0,0,0,"352290,914","5647404,514",6.896712903,50.9592949,trocken,,"Rad, Fuss"
126700,5,3,15,0,2019,November,17,Sonntag,Unfall mit Leichtverletzten,Zusammenstoß mit vorausfahrendem / wartendem Fahrzeug,Unfall im Längsverkehr,Dämmerung,0,1,0,0,0,0,"355383,386","5646703,261",6.940995705,50.95377735,trocken,,PKW
126701,5,3,15,0,2019,November,7,Sonntag,Unfall mit Leichtverletzten,Abkommen von Fahrbahn nach rechts,Fahrunfall,Tageslicht,1,0,0,0,0,0,"353018,6241","5643862,705",6.908496842,50.92765221,trocken,,Rad
126702,5,3,15,0,2019,November,13,Sonntag,Unfall mit Leichtverletzten,Zusammenstoß zwischen Fahrzeug und Fußgänger,Überschreiten-Unfall,Tageslicht,0,1,1,0,0,0,"356838,06","5644038,927",6.962739902,50.93019644,trocken,,"Fuss, PKW"
126744,5,3,15,0,2019,November,14,Mittwoch,Unfall mit Leichtverletzten,Zusammenstoß mit seitlich in gleicher Richtung fahrendem Fahrzeug,Unfall im Längsverkehr,Tageslicht,0,1,0,0,1,0,"363109,3833","5646330,729",7.051066048,50.95231621,nass/feucht,,"PKW, Gkfz"
126746,5,3,15,0,2019,November,6,Mittwoch,Unfall mit Schwerverletzten,Zusammenstoß mit vorausfahrendem / wartendem Fahrzeug,Unfall im Längsverkehr,Dunkelheit,0,1,0,0,1,0,"355608,2127","5638953,971",6.947262155,50.88419209,trocken,,"PKW, Gkfz"
126748,5,3,15,0,2019,November,17,Mittwoch,Unfall mit Leichtverletzten,Zusammenstoß mit vorausfahrendem / wartendem Fahrzeug,Unfall im Längsverkehr,Dunkelheit,0,1,0,0,0,0,"359530,5256","5641640,468",7.001953483,50.90930311,nass/feucht,,PKW
126839,5,3,15,0,2019,November,15,Samstag,Unfall mit Leichtverletzten,Zusammenstoß mit entgegenkommendem Fahrzeug,Abbiegeunfall,Tageslicht,0,1,0,0,0,0,"365281,0887","5642891,328",7.083237971,50.92191612,trocken,,PKW
126841,5,3,15,0,2019,November,18,Samstag,Unfall mit Leichtverletzten,Zusammenstoß mit vorausfahrendem / wartendem Fahrzeug,Unfall im Längsverkehr,Dämmerung,0,1,0,0,0,0,"356578,5196","5647104,559",6.9578419,50.95768241,trocken,,PKW
126844,5,3,15,0,2019,November,17,Samstag,Unfall mit Leichtverletzten,Zusammenstoß mit vorausfahrendem / wartendem Fahrzeug,Unfall im Längsverkehr,Dunkelheit,0,1,0,0,0,0,"348524,364","5645173,515",6.844047697,50.93826889,trocken,,PKW
126846,5,3,15,0,2019,November,14,Samstag,Unfall mit Leichtverletzten,Zusammenstoß zwischen Fahrzeug und Fußgänger,Überschreiten-Unfall,Tageslicht,1,0,1,0,0,0,"352421,0154","5647302,864",6.898605356,50.95841476,trocken,,"Rad, Fuss"
126848,5,3,15,0,2019,November,15,Samstag,Unfall mit Schwerverletzten,Zusammenstoß mit einbiegendem / kreuzendem Fahrzeug,Einbiegen / Kreuzen-Unfall,Tageslicht,0,1,0,0,0,1,"354545,9904","5647422,02",6.928794204,50.96002589,trocken,,"PKW, Sonstige"
126851,5,3,15,0,2019,November,16,Samstag,Unfall mit Leichtverletzten,Zusammenstoß mit vorausfahrendem / wartendem Fahrzeug,Abbiegeunfall,Tageslicht,0,1,0,0,0,0,"352074,4975","5651054,658",6.892148397,50.99204123,trocken,,PKW
126853,5,3,15,0,2019,November,7,Samstag,Unfall mit Leichtverletzten,Zusammenstoß mit einbiegendem / kreuzendem Fahrzeug,Abbiegeunfall,Dämmerung,0,1,0,0,0,0,"353842,7414","5642331,409",6.920829171,50.91410031,trocken,,PKW
126891,5,3,15,0,2019,November,5,Dienstag,Unfall mit Leichtverletzten,Zusammenstoß zwischen Fahrzeug und Fußgänger,Überschreiten-Unfall,Dunkelheit,0,1,1,0,0,0,"355369,3452","5648340,006",6.940145378,50.96848283,nass/feucht,,"Fuss, PKW"
126892,5,3,15,0,2019,November,15,Dienstag,Unfall mit Leichtverletzten,Zusammenstoß mit vorausfahrendem / wartendem Fahrzeug,Unfall im Längsverkehr,Tageslicht,0,1,0,0,0,0,"355856,6628","5646792,036",6.947694284,50.95469372,trocken,,PKW
126893,5,3,15,0,2019,November,6,Dienstag,Unfall mit Leichtverletzten,Aufprall auf Fahrbahnhindernis,Fahrunfall,Dunkelheit,0,0,0,1,0,0,"355059,1776","5638921,206",6.939475206,50.88376016,nass/feucht,,Krad
126895,5,3,15,0,2019,November,17,Dienstag,Unfall mit Leichtverletzten,Abkommen von Fahrbahn nach rechts,Fahrunfall,Dunkelheit,0,1,0,0,0,0,"357468,2896","5635776,641",6.974926195,50.85609906,nass/feucht,,PKW
126897,5,3,15,0,2019,November,15,Dienstag,Unfall mit Schwerverletzten,Zusammenstoß mit einbiegendem / kreuzendem Fahrzeug,Abbiegeunfall,Tageslicht,0,1,0,0,0,1,"354401,845","5642603,166",6.928668721,50.91668384,nass/feucht,,"PKW, Sonstige"
126898,5,3,15,0,2019,November,7,Dienstag,Unfall mit Leichtverletzten,Zusammenstoß mit einbiegendem / kreuzendem Fahrzeug,Einbiegen / Kreuzen-Unfall,Dunkelheit,1,1,0,0,0,0,"356576,7492","5643031,699",6.959420047,50.92107966,nass/feucht,,"Rad, PKW"