OBJECTID,ULAND,UREGBEZ,UKREIS,UGEMEINDE,UJAHR,UMONAT,USTUNDE,UWOCHENTAG,UKATEGORIE,UART,UTYP1,ULICHTVERH,IstRad,IstPKW,IstFuss,IstKrad,IstGkfz,IstSonstige,LINREFX,LINREFY,XGCSWGS84,YGCSWGS84,USTRZUSTAND,UIDENTSTLAE,Participants
127066,5,3,15,0,2019,November,19,Dienstag,Unfall mit Leichtverletzten,Zusammenstoß mit seitlich in gleicher Richtung fahrendem Fahrzeug,Fahrunfall,Dunkelheit,0,1,0,0,1,0,"360618,3961","5653669,991",7.012808914,51.01767801,nass/feucht,,"PKW, Gkfz"
127069,5,3,15,0,2019,November,11,Dienstag,Unfall mit Leichtverletzten,Abkommen von Fahrbahn nach links,Fahrunfall,Tageslicht,0,1,0,0,0,0,"357203,8434","5639195,888",6.969836523,50.88676279,nass/feucht,,PKW
127097,5,3,15,0,2019,November,18,Montag,Unfall mit Leichtverletzten,Abkommen von Fahrbahn nach links,Überschreiten-Unfall,Dunkelheit,0,1,1,0,0,0,"361538,0898","5645197,65",7.029140178,50.9417576,nass/feucht,,"Fuss, PKW"
127098,5,3,15,0,2019,November,15,Freitag,Unfall mit Leichtverletzten,Zusammenstoß mit vorausfahrendem / wartendem Fahrzeug,Unfall im Längsverkehr,Tageslicht,0,1,0,0,1,0,"362550,2087","5636923,141",7.046653218,50.86763338,trocken,,"PKW, Gkfz"
127099,5,3,15,0,2019,November,8,Freitag,Unfall mit Schwerverletzten,Zusammenstoß zwischen Fahrzeug und Fußgänger,Überschreiten-Unfall,Tageslicht,0,1,1,0,0,0,"360897,4972","5644277,125",7.020379249,50.93333045,trocken,,"Fuss, PKW"
127106,5,3,15,0,2019,November,17,Freitag,Unfall mit Leichtverletzten,Zusammenstoß zwischen Fahrzeug und Fußgänger,Sonstiger Unfall,Dämmerung,0,1,1,0,0,0,"360540,6396","5648883,828",7.013539071,50.97464547,trocken,,"Fuss, PKW"
127108,5,3,15,0,2019,November,17,Freitag,Unfall mit Leichtverletzten,Zusammenstoß zwischen Fahrzeug und Fußgänger,Überschreiten-Unfall,Dunkelheit,0,1,1,0,0,0,"359786,9687","5647403,294",7.003381446,50.96115679,trocken,,"Fuss, PKW"
127110,5,3,15,0,2019,November,8,Freitag,Unfall mit Leichtverletzten,Zusammenstoß mit vorausfahrendem / wartendem Fahrzeug,Unfall im Längsverkehr,Tageslicht,0,1,0,0,0,0,"355370,1297","5648340,116",6.940156499,50.96848402,trocken,,PKW
127112,5,3,15,0,2019,November,19,Freitag,Unfall mit Leichtverletzten,Zusammenstoß zwischen Fahrzeug und Fußgänger,Abbiegeunfall,Dunkelheit,0,1,1,0,0,0,"352732,664","5647102,149",6.903120991,50.95669076,trocken,,"Fuss, PKW"
127113,5,3,15,0,2019,November,16,Freitag,Unfall mit Leichtverletzten,Zusammenstoß mit einbiegendem / kreuzendem Fahrzeug,Einbiegen / Kreuzen-Unfall,Tageslicht,1,1,0,0,0,0,"357096,1629","5643102,825",6.966777246,50.92184774,trocken,,"Rad, PKW"
127148,5,3,15,0,2019,November,19,Montag,Unfall mit Schwerverletzten,Abkommen von Fahrbahn nach links,Fahrunfall,Dunkelheit,0,1,0,0,0,0,"364176,571","5646033,622",7.066361321,50.94989846,nass/feucht,,PKW
127150,5,3,15,0,2019,November,17,Montag,Unfall mit Schwerverletzten,Zusammenstoß mit vorausfahrendem / wartendem Fahrzeug,Unfall im Längsverkehr,Dunkelheit,0,1,0,0,0,0,"349941,773","5650634,807",6.861954224,50.98771626,nass/feucht,,PKW
127152,5,3,15,0,2019,November,17,Montag,Unfall mit Leichtverletzten,Zusammenstoß mit seitlich in gleicher Richtung fahrendem Fahrzeug,Unfall im Längsverkehr,Dunkelheit,0,1,0,0,0,0,"351494,7374","5652268,67",6.883396692,51.00280149,nass/feucht,,PKW
127206,5,3,15,0,2019,November,2,Sonntag,Unfall mit Leichtverletzten,Zusammenstoß mit vorausfahrendem / wartendem Fahrzeug,Unfall im Längsverkehr,Dunkelheit,0,1,0,0,0,0,"356281,497","5646998,066",6.953657571,50.95665138,trocken,,PKW
127235,5,3,15,0,2019,November,15,Freitag,Unfall mit Schwerverletzten,Zusammenstoß zwischen Fahrzeug und Fußgänger,Abbiegeunfall,Tageslicht,0,1,1,0,0,0,"364276,6336","5648046,257",7.067034371,50.96801047,trocken,,"Fuss, PKW"
127239,5,3,15,0,2019,November,9,Freitag,Unfall mit Leichtverletzten,Unfall anderer Art,Fahrunfall,Tageslicht,0,0,0,1,0,0,"359316,7448","5647721,07",6.996567009,50.96389804,winterglatt,,Krad
127241,5,3,15,0,2019,November,17,Freitag,Unfall mit Leichtverletzten,Zusammenstoß mit anfahrendem/ anhaltendem/ruhendem Fahrzeug,Unfall im Längsverkehr,Dunkelheit,0,1,0,0,0,0,"354999,484","5635103,881",6.94014014,50.84943932,nass/feucht,,PKW
127244,5,3,15,0,2019,November,7,Freitag,Unfall mit Leichtverletzten,Unfall anderer Art,Fahrunfall,Dunkelheit,0,0,0,1,0,0,"353213,6538","5641509,194",6.912217093,50.90655169,trocken,,Krad
127279,5,3,15,0,2019,November,15,Sonntag,Unfall mit Leichtverletzten,Zusammenstoß mit vorausfahrendem / wartendem Fahrzeug,Unfall im Längsverkehr,Tageslicht,0,1,0,0,0,0,"357941,3144","5646586,135",6.97743588,50.95336092,trocken,,PKW
127281,5,3,15,0,2019,November,16,Sonntag,Unfall mit Schwerverletzten,Unfall anderer Art,Fahrunfall,Tageslicht,0,0,0,0,0,1,"354481,7057","5643693,454",6.929369022,50.92650213,trocken,,Sonstige
127427,5,3,15,0,2019,November,11,Donnerstag,Unfall mit Leichtverletzten,Zusammenstoß zwischen Fahrzeug und Fußgänger,Überschreiten-Unfall,Tageslicht,0,1,1,0,0,0,"351185,0268","5651995,826",6.879097548,51.00026959,trocken,,"Fuss, PKW"
127429,5,3,15,0,2019,November,19,Donnerstag,Unfall mit Leichtverletzten,Zusammenstoß mit anfahrendem/ anhaltendem/ruhendem Fahrzeug,Sonstiger Unfall,Dunkelheit,1,1,0,0,0,0,"356504,1529","5646415,174",6.957055482,50.9514685,trocken,,"Rad, PKW"
127431,5,3,15,0,2019,November,13,Donnerstag,Unfall mit Leichtverletzten,Zusammenstoß zwischen Fahrzeug und Fußgänger,Überschreiten-Unfall,Tageslicht,0,0,1,0,0,1,"353991,7808","5644849,314",6.921939587,50.93676569,trocken,,"Fuss, Sonstige"
127490,5,3,15,0,2019,November,18,Samstag,Unfall mit Leichtverletzten,Zusammenstoß zwischen Fahrzeug und Fußgänger,Überschreiten-Unfall,Dunkelheit,0,1,1,0,0,0,"363224,97","5639142,316",7.055406371,50.88773828,trocken,,"Fuss, PKW"
127492,5,3,15,0,2019,November,7,Samstag,Unfall mit Schwerverletzten,Unfall anderer Art,Fahrunfall,Tageslicht,1,0,0,0,0,0,"361163,02","5649465,038",7.022176635,50.98001929,nass/feucht,,Rad
127496,5,3,15,0,2019,November,11,Samstag,Unfall mit Leichtverletzten,Unfall anderer Art,Sonstiger Unfall,Tageslicht,0,1,0,0,0,0,"355932,5497","5646843,961",6.948753465,50.95517934,nass/feucht,,PKW
127498,5,3,15,0,2019,November,17,Samstag,Unfall mit Schwerverletzten,Zusammenstoß mit vorausfahrendem / wartendem Fahrzeug,Sonstiger Unfall,Dunkelheit,0,1,0,0,0,0,"355861,9844","5650226,129",6.946409,50.98555645,trocken,,PKW
127501,5,3,15,0,2019,November,13,Samstag,Unfall mit Leichtverletzten,Unfall anderer Art,Sonstiger Unfall,Tageslicht,1,0,0,0,0,0,"351403,0461","5645024,939",6.88505043,50.93768271,trocken,,Rad
127505,5,3,15,0,2019,November,14,Samstag,Unfall mit Leichtverletzten,Zusammenstoß mit entgegenkommendem Fahrzeug,Sonstiger Unfall,Tageslicht,1,0,1,0,0,0,"352062,7626","5644975,298",6.894453399,50.93740622,trocken,,"Rad, Fuss"
127506,5,3,15,0,2019,November,13,Samstag,Unfall mit Leichtverletzten,Zusammenstoß mit vorausfahrendem / wartendem Fahrzeug,Sonstiger Unfall,Tageslicht,0,1,0,1,0,0,"357478,899","5635557,86",6.975162006,50.85413547,trocken,,"Krad, PKW"
127638,5,3,15,0,2019,November,9,Mittwoch,Unfall mit Leichtverletzten,Zusammenstoß mit anfahrendem/ anhaltendem/ruhendem Fahrzeug,Unfall im Längsverkehr,Tageslicht,0,0,0,1,1,0,"361610,8363","5640454,123",7.031974882,50.89914353,nass/feucht,,"Krad, Gkfz"
127640,5,3,15,0,2019,November,8,Mittwoch,Unfall mit Leichtverletzten,Zusammenstoß mit einbiegendem / kreuzendem Fahrzeug,Sonstiger Unfall,Tageslicht,0,1,0,0,0,0,"365787,5639","5644445,969",7.089867368,50.93600666,nass/feucht,,PKW
127642,5,3,15,0,2019,November,18,Mittwoch,Unfall mit Leichtverletzten,Abkommen von Fahrbahn nach links,Fahrunfall,Dunkelheit,0,1,0,0,0,0,"364550,6013","5643216,696",7.07273011,50.92466935,nass/feucht,,PKW
127644,5,3,15,0,2019,November,9,Mittwoch,Unfall mit Schwerverletzten,Zusammenstoß mit einbiegendem / kreuzendem Fahrzeug,Abbiegeunfall,Tageslicht,0,1,0,1,0,0,"361872,678","5648002,997",7.032835174,50.96705026,nass/feucht,,"Krad, PKW"
127646,5,3,15,0,2019,November,10,Mittwoch,Unfall mit Schwerverletzten,Zusammenstoß mit einbiegendem / kreuzendem Fahrzeug,Einbiegen / Kreuzen-Unfall,Tageslicht,0,1,0,0,1,0,"358210,1452","5647873,948",6.980759061,50.96500067,nass/feucht,,"PKW, Gkfz"
127649,5,3,15,0,2019,November,16,Mittwoch,Unfall mit Leichtverletzten,Zusammenstoß mit vorausfahrendem / wartendem Fahrzeug,Unfall im Längsverkehr,Dunkelheit,0,1,0,0,0,0,"356352,344","5647357,236",6.954523875,50.95989684,nass/feucht,,PKW
127650,5,3,15,0,2019,November,12,Mittwoch,Unfall mit Leichtverletzten,Unfall anderer Art,Sonstiger Unfall,Tageslicht,1,1,0,0,0,0,"349542,0129","5644546,224",6.858780034,50.93289827,nass/feucht,,"Rad, PKW"
127651,5,3,15,0,2019,November,16,Mittwoch,Unfall mit Leichtverletzten,Unfall anderer Art,Überschreiten-Unfall,Dämmerung,0,1,1,0,0,0,"349253,3568","5645130,501",6.854433449,50.93807338,trocken,,"Fuss, PKW"
127655,5,3,15,0,2019,November,14,Mittwoch,Unfall mit Leichtverletzten,Zusammenstoß mit vorausfahrendem / wartendem Fahrzeug,Unfall im Längsverkehr,Tageslicht,0,1,0,0,0,0,"355051,0795","5646318,032",6.936421085,50.95023192,nass/feucht,,PKW
127658,5,3,15,0,2019,November,6,Mittwoch,Unfall mit Leichtverletzten,Unfall anderer Art,Fahrunfall,Dämmerung,0,0,0,0,0,1,"356949,0759","5643092,925",6.9646898,50.92172232,trocken,,Sonstige
127659,5,3,15,0,2019,November,20,Mittwoch,Unfall mit Leichtverletzten,Unfall anderer Art,Einbiegen / Kreuzen-Unfall,Dunkelheit,1,1,0,0,0,0,"356685,0919","5644674,258",6.960314742,50.93586811,nass/feucht,,"Rad, PKW"
127660,5,3,15,0,2019,November,13,Mittwoch,Unfall mit Leichtverletzten,Zusammenstoß zwischen Fahrzeug und Fußgänger,Abbiegeunfall,Tageslicht,0,1,1,0,0,0,"356179,9286","5644620,723",6.953151187,50.93526124,nass/feucht,,"Fuss, PKW"
127789,5,3,15,0,2019,November,18,Donnerstag,Unfall mit Leichtverletzten,Zusammenstoß mit seitlich in gleicher Richtung fahrendem Fahrzeug,Unfall im Längsverkehr,Dunkelheit,0,1,0,0,1,0,"366012,3056","5642414,217",7.093810724,50.91779829,nass/feucht,,"PKW, Gkfz"
127816,5,3,15,0,2019,November,20,Mittwoch,Unfall mit Leichtverletzten,Zusammenstoß mit vorausfahrendem / wartendem Fahrzeug,Unfall im Längsverkehr,Dunkelheit,0,1,0,0,0,0,"358303,9098","5644793,761",6.983292252,50.9373421,trocken,,PKW
127817,5,3,15,0,2019,November,13,Mittwoch,Unfall mit Leichtverletzten,Unfall anderer Art,Unfall im Längsverkehr,Tageslicht,1,0,0,0,0,0,"354798,2969","5645570,042",6.933123057,50.94344632,trocken,,Rad
127871,5,3,15,0,2019,November,17,Montag,Unfall mit Leichtverletzten,Zusammenstoß mit anfahrendem/ anhaltendem/ruhendem Fahrzeug,Unfall im Längsverkehr,Dunkelheit,0,1,0,0,0,0,"361041,3968","5646048,417",7.021750164,50.94928414,trocken,,PKW
127933,5,3,15,0,2019,November,17,Dienstag,Unfall mit Leichtverletzten,Zusammenstoß mit einbiegendem / kreuzendem Fahrzeug,Einbiegen / Kreuzen-Unfall,Dunkelheit,1,1,0,0,0,0,"366408,6788","5641470,872",7.099791849,50.9094117,trocken,,"Rad, PKW"
127934,5,3,15,0,2019,November,17,Dienstag,Unfall mit Leichtverletzten,Zusammenstoß zwischen Fahrzeug und Fußgänger,Unfall im Längsverkehr,Dämmerung,1,0,1,0,0,0,"359226,8606","5652987,353",6.993247375,51.01120419,trocken,,"Rad, Fuss"
127935,5,3,15,0,2019,November,10,Dienstag,Unfall mit Leichtverletzten,Unfall anderer Art,Sonstiger Unfall,Tageslicht,1,0,0,0,0,0,"354568,8856","5647471,53",6.929100208,50.96047659,trocken,,Rad
127936,5,3,15,0,2019,November,12,Dienstag,Unfall mit Leichtverletzten,Zusammenstoß zwischen Fahrzeug und Fußgänger,Überschreiten-Unfall,Tageslicht,0,0,1,0,0,1,"356086,8837","5643341,864",6.952332749,50.9237451,trocken,,"Fuss, Sonstige"
127991,5,3,15,0,2019,November,9,Dienstag,Unfall mit Leichtverletzten,Zusammenstoß mit vorausfahrendem / wartendem Fahrzeug,Unfall im Längsverkehr,Tageslicht,0,1,0,0,0,0,"354493,0031","5647328,18",6.928077735,50.95916919,trocken,,PKW
127992,5,3,15,0,2019,November,16,Dienstag,Unfall mit Leichtverletzten,Zusammenstoß mit vorausfahrendem / wartendem Fahrzeug,Unfall im Längsverkehr,Dunkelheit,0,1,0,0,1,0,"346771,5017","5644274,755",6.819496295,50.92972945,trocken,,"PKW, Gkfz"
128026,5,3,15,0,2019,November,15,Samstag,Unfall mit Leichtverletzten,Zusammenstoß mit vorausfahrendem / wartendem Fahrzeug,Unfall im Längsverkehr,Tageslicht,0,1,0,0,0,0,"357116,017","5636692,268",6.969567024,50.86424093,trocken,,PKW
128028,5,3,15,0,2019,November,17,Samstag,Unfall mit Leichtverletzten,Zusammenstoß mit vorausfahrendem / wartendem Fahrzeug,Unfall im Längsverkehr,Dunkelheit,0,1,0,0,0,0,"362049,6139","5646563,224",7.035899279,50.95415303,trocken,,PKW
128030,5,3,15,0,2019,November,17,Samstag,Unfall mit Schwerverletzten,Zusammenstoß mit vorausfahrendem / wartendem Fahrzeug,Unfall im Längsverkehr,Dunkelheit,0,1,0,0,0,0,"353156,4861","5652479,019",6.906979025,51.00511831,trocken,,PKW
128092,5,3,15,0,2019,November,14,Freitag,Unfall mit Leichtverletzten,Unfall anderer Art,Fahrunfall,Tageslicht,1,0,0,0,0,0,"366649,333","5638844,953",7.104171787,50.8858663,nass/feucht,,Rad
128093,5,3,15,0,2019,November,19,Freitag,Unfall mit Leichtverletzten,Zusammenstoß mit entgegenkommendem Fahrzeug,Abbiegeunfall,Dunkelheit,0,1,0,0,0,0,"366181,93","5638356,865",7.097709399,50.88137142,nass/feucht,,PKW
128094,5,3,15,0,2019,November,17,Freitag,Unfall mit Leichtverletzten,Zusammenstoß mit vorausfahrendem / wartendem Fahrzeug,Unfall im Längsverkehr,Dunkelheit,0,1,0,0,0,0,"365069,394","5641629,592",7.080694494,50.9105267,nass/feucht,,PKW
128095,5,3,15,0,2019,November,7,Freitag,Unfall mit Schwerverletzten,Zusammenstoß zwischen Fahrzeug und Fußgänger,Überschreiten-Unfall,Dämmerung,0,1,1,0,0,0,"360972,435","5640912,751",7.022727344,50.903112,nass/feucht,,"Fuss, PKW"
128096,5,3,15,0,2019,November,17,Freitag,Unfall mit Leichtverletzten,Zusammenstoß mit einbiegendem / kreuzendem Fahrzeug,Abbiegeunfall,Dunkelheit,1,1,0,0,0,0,"360611,8478","5646326,653",7.015532394,50.95168098,nass/feucht,,"Rad, PKW"
128097,5,3,15,0,2019,November,16,Freitag,Unfall mit Leichtverletzten,Zusammenstoß mit einbiegendem / kreuzendem Fahrzeug,Einbiegen / Kreuzen-Unfall,Dämmerung,1,1,0,0,0,0,"360483,4142","5648824,37",7.01274729,50.97409725,nass/feucht,,"Rad, PKW"
128098,5,3,15,0,2019,November,14,Freitag,Unfall mit Leichtverletzten,Zusammenstoß mit vorausfahrendem / wartendem Fahrzeug,Unfall im Längsverkehr,Tageslicht,0,1,0,0,0,1,"350397,8117","5648522,345",6.86931644,50.96885173,nass/feucht,,"PKW, Sonstige"
128099,5,3,15,0,2019,November,9,Freitag,Unfall mit Leichtverletzten,Zusammenstoß mit anfahrendem/ anhaltendem/ruhendem Fahrzeug,Unfall durch ruhenden Verkehr,Tageslicht,1,1,0,0,0,0,"353390,6258","5645948,674",6.912947264,50.9464927,nass/feucht,,"Rad, PKW"
128100,5,3,15,0,2019,November,19,Freitag,Unfall mit Leichtverletzten,Abkommen von Fahrbahn nach links,Fahrunfall,Dunkelheit,0,1,0,0,0,0,"354576,1035","5643438,402",6.930813028,50.92423384,nass/feucht,,PKW
128181,5,3,15,0,2019,November,15,Freitag,Unfall mit Schwerverletzten,Zusammenstoß mit vorausfahrendem / wartendem Fahrzeug,Unfall im Längsverkehr,Tageslicht,0,1,0,0,0,0,"367109,6861","5641787,634",7.109641834,50.91242048,nass/feucht,,PKW
128183,5,3,15,0,2019,November,7,Freitag,Unfall mit Leichtverletzten,Zusammenstoß mit vorausfahrendem / wartendem Fahrzeug,Unfall im Längsverkehr,Dämmerung,0,1,0,0,0,0,"348806,2789","5643664,37",6.848683156,50.9247813,nass/feucht,,PKW
128233,5,3,15,0,2019,November,19,Donnerstag,Unfall mit Leichtverletzten,Zusammenstoß mit vorausfahrendem / wartendem Fahrzeug,Unfall im Längsverkehr,Dunkelheit,0,1,0,0,0,0,"354400,5717","5645607,474",6.927450621,50.9436824,nass/feucht,,PKW
128234,5,3,15,0,2019,November,18,Donnerstag,Unfall mit Schwerverletzten,Unfall anderer Art,Fahrunfall,Dunkelheit,1,0,0,0,0,0,"352019,2799","5643607,608",6.894390225,50.92510428,nass/feucht,,Rad
128235,5,3,15,0,2019,November,14,Donnerstag,Unfall mit Leichtverletzten,Zusammenstoß mit vorausfahrendem / wartendem Fahrzeug,Unfall im Längsverkehr,Tageslicht,0,1,0,0,0,0,"353132,0704","5640810,894",6.911338452,50.90025555,trocken,,PKW
128236,5,3,15,0,2019,November,9,Donnerstag,Unfall mit Leichtverletzten,Zusammenstoß zwischen Fahrzeug und Fußgänger,Sonstiger Unfall,Tageslicht,1,0,1,0,0,0,"354491,8054","5643667,674",6.929522921,50.926273,trocken,,"Rad, Fuss"
128237,5,3,15,0,2019,November,7,Donnerstag,Unfall mit Leichtverletzten,Zusammenstoß mit anfahrendem/ anhaltendem/ruhendem Fahrzeug,Sonstiger Unfall,Dämmerung,0,1,0,0,1,0,"356621,6495","5644101,561",6.95963773,50.93070557,trocken,,"PKW, Gkfz"
128338,5,3,15,0,2019,Dezember,6,Dienstag,Unfall mit Leichtverletzten,Abkommen von Fahrbahn nach links,Einbiegen / Kreuzen-Unfall,Dunkelheit,0,1,0,0,0,0,"356496,8734","5651730,346",6.954854054,50.99923312,nass/feucht,,PKW
128339,5,3,15,0,2019,Dezember,5,Dienstag,Unfall mit Leichtverletzten,Zusammenstoß zwischen Fahrzeug und Fußgänger,Sonstiger Unfall,Dunkelheit,0,0,1,0,0,1,"347566,3838","5647351,689",6.829511431,50.9575898,trocken,,"Fuss, Sonstige"
128340,5,3,15,0,2019,Dezember,16,Dienstag,Unfall mit Leichtverletzten,Zusammenstoß mit seitlich in gleicher Richtung fahrendem Fahrzeug,Unfall im Längsverkehr,Dunkelheit,0,1,0,0,1,0,"356940,5796","5634842,619",6.967798515,50.84757465,nass/feucht,,"PKW, Gkfz"
128341,5,3,15,0,2019,Dezember,9,Dienstag,Unfall mit Schwerverletzten,Unfall anderer Art,Fahrunfall,Tageslicht,1,0,0,0,0,0,"353245,0361","5643996,653",6.911662409,50.92891359,nass/feucht,,Rad
128410,5,3,15,0,2019,Dezember,8,Dienstag,Unfall mit Leichtverletzten,Zusammenstoß mit vorausfahrendem / wartendem Fahrzeug,Unfall im Längsverkehr,Tageslicht,0,1,0,0,1,0,"351070,695","5651182,138",6.877802994,50.99292795,trocken,,"PKW, Gkfz"
128432,5,3,15,0,2019,Dezember,0,Montag,Unfall mit Getöteten,Zusammenstoß zwischen Fahrzeug und Fußgänger,Überschreiten-Unfall,Dunkelheit,0,1,1,0,0,0,"359586,4949","5650552,283",6.999312453,50.9894081,trocken,,"Fuss, PKW"
128433,5,3,15,0,2019,Dezember,16,Montag,Unfall mit Leichtverletzten,Zusammenstoß mit einbiegendem / kreuzendem Fahrzeug,Abbiegeunfall,Tageslicht,0,1,0,0,0,1,"354388,3038","5642621,319",6.928468968,50.91684356,trocken,,"PKW, Sonstige"
128454,5,3,15,0,2019,Dezember,14,Montag,Unfall mit Leichtverletzten,Zusammenstoß mit vorausfahrendem / wartendem Fahrzeug,Unfall im Längsverkehr,Tageslicht,0,1,0,0,0,0,"356663,3222","5633100,212",6.964544269,50.83184689,trocken,,PKW
128495,5,3,15,0,2019,November,17,Sonntag,Unfall mit Leichtverletzten,Zusammenstoß mit vorausfahrendem / wartendem Fahrzeug,Unfall im Längsverkehr,Dämmerung,0,1,0,0,0,0,"357942,3505","5646585,031",6.977451053,50.95335126,trocken,,PKW
128496,5,3,15,0,2019,November,16,Sonntag,Unfall mit Leichtverletzten,Zusammenstoß mit einbiegendem / kreuzendem Fahrzeug,Abbiegeunfall,Tageslicht,1,1,0,0,0,0,"356158,976","5648789,025",6.951206131,50.9727158,trocken,,"Rad, PKW"
128497,5,3,15,0,2019,November,13,Sonntag,Unfall mit Leichtverletzten,Unfall anderer Art,Fahrunfall,Tageslicht,0,0,0,0,0,1,"357126,0005","5643129,057",6.967191209,50.92209088,nass/feucht,,Sonstige
128581,5,3,15,0,2019,November,10,Samstag,Unfall mit Schwerverletzten,Abkommen von Fahrbahn nach links,Sonstiger Unfall,Tageslicht,0,0,0,0,1,0,"364000,9542","5642053,214",7.065347923,50.91408325,trocken,,Gkfz
128582,5,3,15,0,2019,November,16,Samstag,Unfall mit Leichtverletzten,Unfall anderer Art,Sonstiger Unfall,Dunkelheit,0,1,0,1,0,0,"357330,9906","5637570,506",6.972277311,50.87218681,nass/feucht,,"Krad, PKW"
128584,5,3,15,0,2019,November,15,Samstag,Unfall mit Leichtverletzten,Zusammenstoß mit vorausfahrendem / wartendem Fahrzeug,Unfall im Längsverkehr,Tageslicht,0,1,0,0,0,0,"354117,7565","5640390,13",6.92551448,50.89672411,trocken,,PKW
128665,5,3,15,0,2019,Dezember,8,Freitag,Unfall mit Leichtverletzten,Zusammenstoß mit vorausfahrendem / wartendem Fahrzeug,Unfall im Längsverkehr,Tageslicht,0,1,0,0,0,0,"348874,0501","5644901,388",6.849133889,50.93591523,trocken,,PKW
128666,5,3,15,0,2019,Dezember,8,Freitag,Unfall mit Leichtverletzten,Zusammenstoß mit vorausfahrendem / wartendem Fahrzeug,Sonstiger Unfall,Tageslicht,0,1,0,0,0,0,"348874,1649","5644903,244",6.849134752,50.93593194,trocken,,PKW
128667,5,3,15,0,2019,Dezember,8,Freitag,Unfall mit Leichtverletzten,Zusammenstoß mit vorausfahrendem / wartendem Fahrzeug,Unfall im Längsverkehr,Tageslicht,0,0,0,0,1,0,"350310,4561","5642663,501",6.870480794,50.91617931,trocken,,Gkfz
128668,5,3,15,0,2019,Dezember,19,Freitag,Unfall mit Leichtverletzten,Zusammenstoß mit vorausfahrendem / wartendem Fahrzeug,Unfall im Längsverkehr,Dunkelheit,0,1,0,0,0,0,"358057,3504","5639764,941",6.981741873,50.89208725,trocken,,PKW
128718,5,3,15,0,2019,Dezember,14,Donnerstag,Unfall mit Leichtverletzten,Zusammenstoß zwischen Fahrzeug und Fußgänger,Überschreiten-Unfall,Tageslicht,0,1,1,0,0,0,"365081,1565","5638512,135",7.082013372,50.88251094,trocken,,"Fuss, PKW"
128719,5,3,15,0,2019,Dezember,17,Donnerstag,Unfall mit Leichtverletzten,Zusammenstoß mit vorausfahrendem / wartendem Fahrzeug,Unfall im Längsverkehr,Dunkelheit,0,1,0,0,0,0,"365020,3338","5638865,536",7.081018722,50.88567298,trocken,,PKW
128720,5,3,15,0,2019,Dezember,13,Donnerstag,Unfall mit Leichtverletzten,Zusammenstoß mit anfahrendem/ anhaltendem/ruhendem Fahrzeug,Abbiegeunfall,Tageslicht,0,1,0,0,0,0,"357940,1175","5646587,41",6.977418353,50.95337209,trocken,,PKW
128721,5,3,15,0,2019,Dezember,17,Donnerstag,Unfall mit Leichtverletzten,Zusammenstoß mit vorausfahrendem / wartendem Fahrzeug,Unfall im Längsverkehr,Dämmerung,0,1,0,0,1,0,"357940,9553","5646586,517",6.977430622,50.95336427,trocken,,"PKW, Gkfz"
128722,5,3,15,0,2019,Dezember,9,Donnerstag,Unfall mit Leichtverletzten,Zusammenstoß mit einbiegendem / kreuzendem Fahrzeug,Einbiegen / Kreuzen-Unfall,Tageslicht,0,1,0,1,0,0,"360483,9486","5648825,443",7.012754485,50.97410703,nass/feucht,,"Krad, PKW"
128723,5,3,15,0,2019,Dezember,17,Donnerstag,Unfall mit Leichtverletzten,Zusammenstoß mit einbiegendem / kreuzendem Fahrzeug,Einbiegen / Kreuzen-Unfall,Dunkelheit,0,0,0,1,0,1,"354295,3053","5647273,268",6.925286608,50.95862576,trocken,,"Krad, Sonstige"
128724,5,3,15,0,2019,Dezember,15,Donnerstag,Unfall mit Leichtverletzten,Zusammenstoß zwischen Fahrzeug und Fußgänger,Überschreiten-Unfall,Tageslicht,0,0,1,0,0,1,"353578,0021","5646449,378",6.915411428,50.95103996,trocken,,"Fuss, Sonstige"
128725,5,3,15,0,2019,Dezember,15,Donnerstag,Unfall mit Leichtverletzten,Zusammenstoß mit einbiegendem / kreuzendem Fahrzeug,Einbiegen / Kreuzen-Unfall,Tageslicht,1,0,0,1,0,0,"353875,841","5641853,667",6.921491012,50.90981536,trocken,,"Rad, Krad"
128812,5,3,15,0,2019,Dezember,17,Donnerstag,Unfall mit Leichtverletzten,Zusammenstoß mit vorausfahrendem / wartendem Fahrzeug,Unfall im Längsverkehr,Dunkelheit,0,1,0,0,0,1,"348730,3177","5643704,312",6.847586558,50.92512032,trocken,,"PKW, Sonstige"
128830,5,3,15,0,2019,Dezember,10,Samstag,Unfall mit Leichtverletzten,Zusammenstoß mit anfahrendem/ anhaltendem/ruhendem Fahrzeug,Unfall im Längsverkehr,Tageslicht,0,1,0,0,0,0,"348475,2889","5642732,719",6.84436415,50.91632241,nass/feucht,,PKW
128889,5,3,15,0,2019,Dezember,7,Mittwoch,Unfall mit Leichtverletzten,Zusammenstoß mit einbiegendem / kreuzendem Fahrzeug,Abbiegeunfall,Dämmerung,1,1,0,0,0,0,"362790,3125","5637556,396",7.049825746,50.87338179,nass/feucht,,"Rad, PKW"