OBJECTID,ULAND,UREGBEZ,UKREIS,UGEMEINDE,UJAHR,UMONAT,USTUNDE,UWOCHENTAG,UKATEGORIE,UART,UTYP1,ULICHTVERH,IstRad,IstPKW,IstFuss,IstKrad,IstGkfz,IstSonstige,LINREFX,LINREFY,XGCSWGS84,YGCSWGS84,USTRZUSTAND,UIDENTSTLAE,Participants
128891,5,3,15,0,2019,Dezember,7,Mittwoch,Unfall mit Schwerverletzten,Unfall anderer Art,Fahrunfall,Dunkelheit,0,0,0,1,0,0,"358181,93","5644798,103",6.981555621,50.93735114,nass/feucht,,Krad
128892,5,3,15,0,2019,Dezember,10,Mittwoch,Unfall mit Schwerverletzten,Unfall anderer Art,Fahrunfall,Tageslicht,1,0,0,0,0,0,"353139,141","5645067,897",6.909724908,50.9385135,nass/feucht,,Rad
128913,5,3,15,0,2019,Dezember,13,Freitag,Unfall mit Leichtverletzten,Zusammenstoß mit vorausfahrendem / wartendem Fahrzeug,Unfall im Längsverkehr,Tageslicht,0,1,0,0,0,0,"348838,6114","5644897,151",6.848631652,50.93586787,trocken,,PKW
128916,5,3,15,0,2019,Dezember,11,Freitag,Unfall mit Leichtverletzten,Unfall anderer Art,Fahrunfall,Tageslicht,1,0,0,0,0,1,"359723,7039","5644832,06",7.003471726,50.93803342,trocken,,"Rad, Sonstige"
128918,5,3,15,0,2019,Dezember,18,Freitag,Unfall mit Leichtverletzten,Zusammenstoß mit anfahrendem/ anhaltendem/ruhendem Fahrzeug,Unfall durch ruhenden Verkehr,Dämmerung,1,1,0,0,0,0,"359586,5061","5644806,501",7.001530132,50.93777034,trocken,,"Rad, PKW"
128920,5,3,15,0,2019,Dezember,11,Freitag,Unfall mit Leichtverletzten,Unfall anderer Art,Unfall durch ruhenden Verkehr,Tageslicht,0,1,1,0,0,0,"363105,7752","5648455,83",7.050215181,50.97141438,trocken,,"Fuss, PKW"
128921,5,3,15,0,2019,Dezember,20,Freitag,Unfall mit Schwerverletzten,Zusammenstoß mit einbiegendem / kreuzendem Fahrzeug,Einbiegen / Kreuzen-Unfall,Dunkelheit,1,0,0,0,0,1,"361612,8078","5647925,821",7.029165886,50.9662943,trocken,,"Rad, Sonstige"
128924,5,3,15,0,2019,Dezember,8,Freitag,Unfall mit Leichtverletzten,Unfall anderer Art,Unfall durch ruhenden Verkehr,Tageslicht,1,1,0,0,0,0,"356519,4022","5646614,578",6.95719385,50.95326431,trocken,,"Rad, PKW"
128926,5,3,15,0,2019,Dezember,7,Freitag,Unfall mit Leichtverletzten,Zusammenstoß mit einbiegendem / kreuzendem Fahrzeug,Einbiegen / Kreuzen-Unfall,Dunkelheit,0,1,0,0,0,0,"353923,9181","5636873,191",6.924165374,50.86506918,trocken,,PKW
128931,5,3,15,0,2019,Dezember,22,Freitag,Unfall mit Leichtverletzten,Zusammenstoß mit anfahrendem/ anhaltendem/ruhendem Fahrzeug,Unfall durch ruhenden Verkehr,Dunkelheit,1,0,0,0,0,1,"355253,0575","5645144,117",6.939761115,50.93973298,trocken,,"Rad, Sonstige"
129026,5,3,15,0,2019,Dezember,15,Dienstag,Unfall mit Leichtverletzten,Zusammenstoß mit seitlich in gleicher Richtung fahrendem Fahrzeug,Unfall im Längsverkehr,Dämmerung,0,1,0,0,0,0,"361970,005","5647047,1",7.034583042,50.95848269,nass/feucht,,PKW
129050,5,3,15,0,2019,Dezember,17,Montag,Unfall mit Leichtverletzten,Abkommen von Fahrbahn nach rechts,Fahrunfall,Dunkelheit,0,1,0,0,0,0,"350874,6715","5645059,053",6.87752173,50.93785287,nass/feucht,,PKW
129051,5,3,15,0,2019,Dezember,16,Montag,Unfall mit Leichtverletzten,Abkommen von Fahrbahn nach links,Sonstiger Unfall,Tageslicht,1,0,0,0,0,0,"356250,6886","5644601,95",6.954164962,50.93511017,nass/feucht,,Rad
129112,5,3,15,0,2019,Dezember,6,Sonntag,Unfall mit Leichtverletzten,Zusammenstoß mit entgegenkommendem Fahrzeug,Unfall im Längsverkehr,Dunkelheit,0,1,0,0,0,0,"363248,9327","5639044,39",7.055783499,50.88686384,nass/feucht,,PKW
129113,5,3,15,0,2019,Dezember,13,Sonntag,Unfall mit Leichtverletzten,Zusammenstoß mit einbiegendem / kreuzendem Fahrzeug,Einbiegen / Kreuzen-Unfall,Tageslicht,1,1,0,0,0,0,"356507,295","5646459,705",6.957082635,50.95186947,trocken,,"Rad, PKW"
129114,5,3,15,0,2019,Dezember,22,Sonntag,Unfall mit Leichtverletzten,Zusammenstoß mit vorausfahrendem / wartendem Fahrzeug,Unfall im Längsverkehr,Dunkelheit,0,1,0,0,0,0,"353480,2024","5654895,37",6.910613778,51.02691538,trocken,,PKW
129115,5,3,15,0,2019,Dezember,11,Sonntag,Unfall mit Leichtverletzten,Unfall anderer Art,Fahrunfall,Tageslicht,0,0,0,0,0,1,"356523,091","5646707,207",6.957209826,50.95409766,nass/feucht,,Sonstige
129116,5,3,15,0,2019,Dezember,18,Sonntag,Unfall mit Leichtverletzten,Zusammenstoß mit einbiegendem / kreuzendem Fahrzeug,Sonstiger Unfall,Dunkelheit,0,1,0,0,0,1,"354757,3147","5646120,81",6.932320452,50.9483856,trocken,,"PKW, Sonstige"
129117,5,3,15,0,2019,Dezember,12,Sonntag,Unfall mit Leichtverletzten,Unfall anderer Art,Fahrunfall,Tageslicht,1,0,0,0,0,0,"353935,83","5646736,874",6.920386833,50.95371438,nass/feucht,,Rad
129147,5,3,15,0,2019,Dezember,15,Sonntag,Unfall mit Schwerverletzten,Zusammenstoß mit vorausfahrendem / wartendem Fahrzeug,Unfall im Längsverkehr,Tageslicht,0,1,0,0,0,0,"366085,4221","5635425,171",7.097411543,50.85499977,trocken,,PKW
129148,5,3,15,0,2019,Dezember,16,Sonntag,Unfall mit Leichtverletzten,Zusammenstoß mit vorausfahrendem / wartendem Fahrzeug,Unfall im Längsverkehr,Dunkelheit,0,1,0,0,0,0,"357140,9942","5638050,591",6.969391194,50.87645442,trocken,,PKW
129149,5,3,15,0,2019,Dezember,8,Sonntag,Unfall mit Schwerverletzten,Zusammenstoß mit seitlich in gleicher Richtung fahrendem Fahrzeug,Fahrunfall,Tageslicht,0,1,0,0,0,0,"348152,6525","5658849,855",6.833041502,51.06106781,nass/feucht,,PKW
129193,5,3,15,0,2019,Dezember,14,Mittwoch,Unfall mit Schwerverletzten,Zusammenstoß mit anfahrendem/ anhaltendem/ruhendem Fahrzeug,Unfall im Längsverkehr,Tageslicht,0,1,0,0,0,0,"360505,0339","5650804,596",7.012294949,50.991899,trocken,,PKW
129195,5,3,15,0,2019,Dezember,8,Mittwoch,Unfall mit Schwerverletzten,Zusammenstoß mit vorausfahrendem / wartendem Fahrzeug,Unfall im Längsverkehr,Tageslicht,0,0,0,0,1,0,"350081,4011","5642837,028",6.867153302,50.91767925,trocken,,Gkfz
129233,5,3,15,0,2019,Dezember,8,Samstag,Unfall mit Leichtverletzten,Unfall anderer Art,Einbiegen / Kreuzen-Unfall,Tageslicht,1,1,0,0,0,0,"358974,9137","5644712,45",6.99286759,50.93677584,nass/feucht,,"Rad, PKW"
129235,5,3,15,0,2019,Dezember,15,Samstag,Unfall mit Leichtverletzten,Unfall anderer Art,Fahrunfall,Dämmerung,1,0,0,0,0,0,"354846,5043","5652473,325",6.931052925,51.00549605,nass/feucht,,Rad
129236,5,3,15,0,2019,Dezember,16,Samstag,Unfall mit Leichtverletzten,Zusammenstoß mit einbiegendem / kreuzendem Fahrzeug,Einbiegen / Kreuzen-Unfall,Dunkelheit,0,1,0,0,0,0,"353991,6336","5644849,302",6.921937498,50.93676555,trocken,,PKW
129237,5,3,15,0,2019,Dezember,9,Samstag,Unfall mit Leichtverletzten,Zusammenstoß zwischen Fahrzeug und Fußgänger,Überschreiten-Unfall,Tageslicht,1,0,1,0,0,0,"353382,2073","5646661,999",6.912540277,50.95290093,nass/feucht,,"Rad, Fuss"
129240,5,3,15,0,2019,Dezember,11,Samstag,Unfall mit Schwerverletzten,Zusammenstoß mit einbiegendem / kreuzendem Fahrzeug,Einbiegen / Kreuzen-Unfall,Tageslicht,0,1,0,0,1,0,"355464,1822","5635207,602",6.946696114,50.85048775,nass/feucht,,"PKW, Gkfz"
129241,5,3,15,0,2019,Dezember,7,Samstag,Unfall mit Leichtverletzten,Unfall anderer Art,Fahrunfall,Dunkelheit,1,0,0,0,0,0,"357182,939","5638791,014",6.969697739,50.883119,winterglatt,,Rad
129243,5,3,15,0,2019,Dezember,11,Samstag,Unfall mit Leichtverletzten,Zusammenstoß mit einbiegendem / kreuzendem Fahrzeug,Einbiegen / Kreuzen-Unfall,Tageslicht,1,1,0,0,0,0,"354482,316","5641761,909",6.930148231,50.90914396,nass/feucht,,"Rad, PKW"
129245,5,3,15,0,2019,Dezember,7,Samstag,Unfall mit Leichtverletzten,Unfall anderer Art,Fahrunfall,Dunkelheit,1,0,0,0,0,0,"354528,9091","5642782,295",6.930403684,50.91832568,nass/feucht,,Rad
129291,5,3,15,0,2019,Dezember,21,Dienstag,Unfall mit Leichtverletzten,Zusammenstoß mit einbiegendem / kreuzendem Fahrzeug,Einbiegen / Kreuzen-Unfall,Dunkelheit,0,1,0,0,0,0,"348509,931","5656633,934",6.839063482,51.04124989,nass/feucht,,PKW
129294,5,3,15,0,2019,Dezember,18,Dienstag,Unfall mit Leichtverletzten,Zusammenstoß zwischen Fahrzeug und Fußgänger,Überschreiten-Unfall,Dunkelheit,0,0,1,0,0,1,"353754,2854","5646485,046",6.917905047,50.95140526,nass/feucht,,"Fuss, Sonstige"
129296,5,3,15,0,2019,Dezember,9,Dienstag,Unfall mit Leichtverletzten,Zusammenstoß mit anfahrendem/ anhaltendem/ruhendem Fahrzeug,Fahrunfall,Tageslicht,1,1,0,0,0,0,"351976,3231","5647671,295",6.892128039,50.9616116,nass/feucht,,"Rad, PKW"
129300,5,3,15,0,2019,Dezember,9,Dienstag,Unfall mit Leichtverletzten,Zusammenstoß mit einbiegendem / kreuzendem Fahrzeug,Abbiegeunfall,Tageslicht,1,1,0,0,0,0,"353537,124","5646493,693",6.914812038,50.95142782,trocken,,"Rad, PKW"
129303,5,3,15,0,2019,Dezember,6,Dienstag,Unfall mit Leichtverletzten,Zusammenstoß mit einbiegendem / kreuzendem Fahrzeug,Einbiegen / Kreuzen-Unfall,Dunkelheit,1,0,0,0,0,1,"354789,1154","5646160,32",6.932757098,50.94874867,trocken,,"Rad, Sonstige"
129305,5,3,15,0,2019,Dezember,16,Dienstag,Unfall mit Leichtverletzten,Abkommen von Fahrbahn nach rechts,Fahrunfall,Dunkelheit,0,1,0,0,0,0,"356724,3895","5641107,104",6.962274908,50.90382012,nass/feucht,,PKW
129308,5,3,15,0,2019,Dezember,16,Dienstag,Unfall mit Leichtverletzten,Zusammenstoß mit einbiegendem / kreuzendem Fahrzeug,Einbiegen / Kreuzen-Unfall,Dunkelheit,1,1,0,0,0,0,"353071,3712","5640723,396",6.910511047,50.89945379,nass/feucht,,"Rad, PKW"
129370,5,3,15,0,2019,Dezember,15,Freitag,Unfall mit Leichtverletzten,Zusammenstoß mit seitlich in gleicher Richtung fahrendem Fahrzeug,Unfall im Längsverkehr,Tageslicht,0,1,0,0,0,1,"365330,9956","5642586,298",7.084060246,50.91918628,trocken,,"PKW, Sonstige"
129372,5,3,15,0,2019,Dezember,15,Freitag,Unfall mit Leichtverletzten,Zusammenstoß mit vorausfahrendem / wartendem Fahrzeug,Unfall im Längsverkehr,Tageslicht,0,1,0,0,0,0,"353212,5205","5652537,467",6.907753499,51.00565786,trocken,,PKW
129426,5,3,15,0,2019,Dezember,7,Donnerstag,Unfall mit Leichtverletzten,Zusammenstoß mit einbiegendem / kreuzendem Fahrzeug,Abbiegeunfall,Dunkelheit,0,1,1,0,0,0,"364943,9247","5639222,175",7.079801264,50.88886045,trocken,,"Fuss, PKW"
129427,5,3,15,0,2019,Dezember,9,Donnerstag,Unfall mit Leichtverletzten,Zusammenstoß mit vorausfahrendem / wartendem Fahrzeug,Unfall im Längsverkehr,Tageslicht,0,1,0,0,0,0,"357940,5316","5646586,969",6.977424416,50.95336822,nass/feucht,,PKW
129428,5,3,15,0,2019,Dezember,7,Donnerstag,Unfall mit Schwerverletzten,Zusammenstoß mit entgegenkommendem Fahrzeug,Unfall im Längsverkehr,Dämmerung,1,0,0,0,0,0,"359329,3111","5647725,062",6.996744302,50.96393699,nass/feucht,,Rad
129429,5,3,15,0,2019,Dezember,7,Donnerstag,Unfall mit Leichtverletzten,Zusammenstoß mit einbiegendem / kreuzendem Fahrzeug,Einbiegen / Kreuzen-Unfall,Dunkelheit,0,1,0,0,0,0,"354755,541","5638226,64",6.935437573,50.87744196,nass/feucht,,PKW
129527,5,3,15,0,2019,Dezember,19,Donnerstag,Unfall mit Leichtverletzten,Zusammenstoß mit vorausfahrendem / wartendem Fahrzeug,Unfall im Längsverkehr,Dunkelheit,0,0,0,0,1,0,"360607,9925","5651663,148",7.013431551,50.99963984,nass/feucht,,Gkfz
129529,5,3,15,0,2019,Dezember,6,Donnerstag,Unfall mit Leichtverletzten,Zusammenstoß mit seitlich in gleicher Richtung fahrendem Fahrzeug,Unfall im Längsverkehr,Dunkelheit,0,1,0,0,1,0,"349078,4455","5649189,96",6.850262616,50.97450689,nass/feucht,,"PKW, Gkfz"
129576,5,3,15,0,2019,Dezember,15,Samstag,Unfall mit Leichtverletzten,Zusammenstoß mit vorausfahrendem / wartendem Fahrzeug,Unfall im Längsverkehr,Tageslicht,0,1,0,0,0,0,"362204,4391","5642626,77",7.039590866,50.91881187,nass/feucht,,PKW
129578,5,3,15,0,2019,Dezember,14,Samstag,Unfall mit Leichtverletzten,Zusammenstoß mit vorausfahrendem / wartendem Fahrzeug,Unfall im Längsverkehr,Tageslicht,0,1,0,0,1,0,"361998,9075","5646909,79",7.035046393,50.95725558,nass/feucht,,"PKW, Gkfz"
129620,5,3,15,0,2019,Dezember,7,Mittwoch,Unfall mit Leichtverletzten,Zusammenstoß mit vorausfahrendem / wartendem Fahrzeug,Unfall im Längsverkehr,Dunkelheit,0,1,0,1,0,0,"365588,717","5635782,972",7.090227413,50.85810035,nass/feucht,,"Krad, PKW"
129621,5,3,15,0,2019,Dezember,8,Mittwoch,Unfall mit Leichtverletzten,Zusammenstoß zwischen Fahrzeug und Fußgänger,Überschreiten-Unfall,Tageslicht,0,1,1,0,0,0,"360121,5563","5644932,522",7.00909206,50.93903294,trocken,,"Fuss, PKW"
129624,5,3,15,0,2019,Dezember,14,Mittwoch,Unfall mit Leichtverletzten,Zusammenstoß mit seitlich in gleicher Richtung fahrendem Fahrzeug,Unfall durch ruhenden Verkehr,Tageslicht,0,1,0,1,0,0,"360383,4164","5647563,397",7.011807884,50.96274049,trocken,,"Krad, PKW"
129625,5,3,15,0,2019,Dezember,15,Mittwoch,Unfall mit Leichtverletzten,Zusammenstoß mit einbiegendem / kreuzendem Fahrzeug,Abbiegeunfall,Tageslicht,1,1,0,0,0,0,"354191,129","5644819,757",6.924786644,50.93655051,trocken,,"Rad, PKW"
129668,5,3,15,0,2019,Dezember,15,Freitag,Unfall mit Schwerverletzten,Zusammenstoß mit einbiegendem / kreuzendem Fahrzeug,Einbiegen / Kreuzen-Unfall,Tageslicht,1,1,0,0,0,0,"360055,087","5648488,613",7.006779422,50.97097585,trocken,,"Rad, PKW"
129789,5,3,15,0,2019,Dezember,12,Montag,Unfall mit Leichtverletzten,Zusammenstoß mit vorausfahrendem / wartendem Fahrzeug,Unfall im Längsverkehr,Tageslicht,0,1,0,0,0,0,"366043,009","5634132,488",7.097282183,50.84337161,nass/feucht,,PKW
129790,5,3,15,0,2019,Dezember,0,Montag,Unfall mit Leichtverletzten,Abkommen von Fahrbahn nach rechts,Fahrunfall,Dunkelheit,0,1,0,0,0,0,"364650,5356","5647660,74",7.072499681,50.96463363,nass/feucht,,PKW
129791,5,3,15,0,2019,Dezember,16,Montag,Unfall mit Leichtverletzten,Unfall anderer Art,Abbiegeunfall,Tageslicht,1,0,0,0,0,1,"356350,0698","5647501,843",6.954434428,50.96119582,trocken,,"Rad, Sonstige"
129792,5,3,15,0,2019,Dezember,20,Montag,Unfall mit Leichtverletzten,Unfall anderer Art,Sonstiger Unfall,Dunkelheit,1,0,0,0,0,0,"354250,1685","5645182,762",6.92548112,50.93982765,trocken,,Rad
129793,5,3,15,0,2019,Dezember,2,Montag,Unfall mit Leichtverletzten,Zusammenstoß mit seitlich in gleicher Richtung fahrendem Fahrzeug,Sonstiger Unfall,Dunkelheit,0,1,0,0,0,1,"355214,7314","5644513,545",6.939466537,50.93405655,nass/feucht,,"PKW, Sonstige"
129821,5,3,15,0,2019,Dezember,2,Montag,Unfall mit Leichtverletzten,Abkommen von Fahrbahn nach links,Fahrunfall,Dunkelheit,0,1,0,0,0,0,"361421,6526","5642240,011",7.028608161,50.9151485,nass/feucht,,PKW
129893,5,3,15,0,2019,Dezember,20,Sonntag,Unfall mit Leichtverletzten,Zusammenstoß mit vorausfahrendem / wartendem Fahrzeug,Unfall im Längsverkehr,Dunkelheit,0,1,0,0,0,0,"358187,221","5645365,375",6.981410062,50.94245052,nass/feucht,,PKW
129895,5,3,15,0,2019,Dezember,15,Sonntag,Unfall mit Leichtverletzten,Unfall anderer Art,Fahrunfall,Tageslicht,0,0,0,1,0,0,"355691,9094","5650637,351",6.943824214,50.98920938,nass/feucht,,Krad
129897,5,3,15,0,2019,Dezember,16,Sonntag,Unfall mit Schwerverletzten,Abkommen von Fahrbahn nach rechts,Fahrunfall,Dunkelheit,1,1,0,0,0,0,"352074,9898","5651054,984",6.892155275,50.99204428,nass/feucht,,"Rad, PKW"
129900,5,3,15,0,2019,Dezember,20,Mittwoch,Unfall mit Leichtverletzten,Abkommen von Fahrbahn nach rechts,Fahrunfall,Dunkelheit,1,0,0,0,0,0,"354845,597","5645534,1",6.933810207,50.94313523,nass/feucht,,Rad
129901,5,3,15,0,2019,Dezember,5,Sonntag,Unfall mit Leichtverletzten,Abkommen von Fahrbahn nach links,Sonstiger Unfall,Dunkelheit,0,1,0,0,0,0,"354348,609","5645495,487",6.926756251,50.94266289,nass/feucht,,PKW
129902,5,3,15,0,2019,Dezember,20,Sonntag,Unfall mit Leichtverletzten,Zusammenstoß mit vorausfahrendem / wartendem Fahrzeug,Unfall durch ruhenden Verkehr,Dunkelheit,0,1,0,0,0,0,"355294,9586","5644751,116",6.940513178,50.93621168,nass/feucht,,PKW
129903,5,3,15,0,2019,Dezember,16,Mittwoch,Unfall mit Leichtverletzten,Zusammenstoß zwischen Fahrzeug und Fußgänger,Überschreiten-Unfall,Dunkelheit,1,0,1,0,0,0,"353620,981","5646402,845",6.916041588,50.9506327,trocken,,"Rad, Fuss"
129904,5,3,15,0,2019,Dezember,12,Mittwoch,Unfall mit Leichtverletzten,Zusammenstoß mit einbiegendem / kreuzendem Fahrzeug,Abbiegeunfall,Tageslicht,0,1,0,0,0,0,"356616,9951","5646263,669",6.958720586,50.95013503,trocken,,PKW
130014,5,3,15,0,2019,Dezember,11,Sonntag,Unfall mit Schwerverletzten,Zusammenstoß mit vorausfahrendem / wartendem Fahrzeug,Unfall im Längsverkehr,Tageslicht,0,1,0,0,0,0,"357063,6726","5636084,19",6.969061199,50.85876317,nass/feucht,,PKW
130016,5,3,15,0,2019,Dezember,18,Sonntag,Unfall mit Schwerverletzten,Zusammenstoß mit vorausfahrendem / wartendem Fahrzeug,Unfall im Längsverkehr,Dunkelheit,0,1,0,0,0,1,"365942,2328","5638814,169",7.09413626,50.88542597,nass/feucht,,"PKW, Sonstige"
130019,5,3,15,0,2019,Dezember,15,Sonntag,Unfall mit Leichtverletzten,Zusammenstoß mit seitlich in gleicher Richtung fahrendem Fahrzeug,Unfall im Längsverkehr,Tageslicht,0,1,0,0,1,0,"354713,5383","5639357,49",6.934391447,50.88759416,nass/feucht,,"PKW, Gkfz"
130102,5,3,15,0,2019,Dezember,12,Dienstag,Unfall mit Leichtverletzten,Zusammenstoß zwischen Fahrzeug und Fußgänger,Sonstiger Unfall,Tageslicht,0,1,1,0,0,0,"360509,6554","5648823,352",7.013121216,50.97409446,nass/feucht,,"Fuss, PKW"
130103,5,3,15,0,2019,Dezember,17,Dienstag,Unfall mit Leichtverletzten,Zusammenstoß mit vorausfahrendem / wartendem Fahrzeug,Unfall im Längsverkehr,Tageslicht,0,1,0,0,0,0,"350833,2778","5652379,349",6.873930544,51.00362496,trocken,,PKW
130105,5,3,15,0,2019,Dezember,19,Dienstag,Unfall mit Leichtverletzten,Zusammenstoß mit vorausfahrendem / wartendem Fahrzeug,Unfall im Längsverkehr,Dunkelheit,0,1,0,1,0,0,"352404,3004","5647315,667",6.898362327,50.95852553,nass/feucht,,"Krad, PKW"
130107,5,3,15,0,2019,Dezember,9,Dienstag,Unfall mit Leichtverletzten,Zusammenstoß mit entgegenkommendem Fahrzeug,Sonstiger Unfall,Tageslicht,0,1,0,0,0,0,"356687,3504","5634925,852",6.964171173,50.84825999,nass/feucht,,PKW
130109,5,3,15,0,2019,Dezember,16,Dienstag,Unfall mit Leichtverletzten,Zusammenstoß mit einbiegendem / kreuzendem Fahrzeug,Abbiegeunfall,Dunkelheit,1,1,0,0,0,0,"358572,8052","5638838,488",6.989424787,50.88388754,nass/feucht,,"Rad, PKW"
130110,5,3,15,0,2019,Dezember,21,Dienstag,Unfall mit Leichtverletzten,Zusammenstoß mit einbiegendem / kreuzendem Fahrzeug,Einbiegen / Kreuzen-Unfall,Dunkelheit,1,1,0,0,0,0,"355452,906","5644699,21",6.942780174,50.93578482,nass/feucht,,"Rad, PKW"
130111,5,3,15,0,2019,Dezember,12,Dienstag,Unfall mit Leichtverletzten,Zusammenstoß mit anfahrendem/ anhaltendem/ruhendem Fahrzeug,Unfall durch ruhenden Verkehr,Tageslicht,1,1,0,0,0,0,"355302,3597","5645416,961",6.940353995,50.94219734,nass/feucht,,"Rad, PKW"
130132,5,3,15,0,2019,Dezember,18,Samstag,Unfall mit Schwerverletzten,Zusammenstoß zwischen Fahrzeug und Fußgänger,Überschreiten-Unfall,Dunkelheit,0,0,1,0,0,1,"352464,9462","5644949,916",6.900183719,50.93728116,nass/feucht,,"Fuss, Sonstige"
130133,5,3,15,0,2019,Dezember,22,Samstag,Unfall mit Leichtverletzten,Zusammenstoß mit anfahrendem/ anhaltendem/ruhendem Fahrzeug,Unfall im Längsverkehr,Dunkelheit,0,1,0,0,0,0,"354788,2804","5646138,726",6.93275383,50.9485544,nass/feucht,,PKW
130136,5,3,15,0,2019,Dezember,13,Samstag,Unfall mit Schwerverletzten,Unfall anderer Art,Überschreiten-Unfall,Tageslicht,0,1,1,0,0,0,"353672,9048","5646341,098",6.916805105,50.950091,nass/feucht,,"Fuss, PKW"
130138,5,3,15,0,2019,Dezember,10,Samstag,Unfall mit Leichtverletzten,Zusammenstoß mit einbiegendem / kreuzendem Fahrzeug,Abbiegeunfall,Tageslicht,1,1,0,0,0,0,"354741,601","5644805,463",6.932621428,50.93656097,nass/feucht,,"Rad, PKW"
130208,5,3,15,0,2019,Dezember,7,Dienstag,Unfall mit Schwerverletzten,Zusammenstoß mit vorausfahrendem / wartendem Fahrzeug,Unfall im Längsverkehr,Dunkelheit,0,1,0,0,0,0,"365920,6578","5633853,459",7.095647459,50.84083542,trocken,,PKW
130212,5,3,15,0,2019,Dezember,17,Dienstag,Unfall mit Leichtverletzten,Zusammenstoß mit vorausfahrendem / wartendem Fahrzeug,Unfall im Längsverkehr,Dunkelheit,0,1,0,0,0,0,"353804,6362","5653126,971",6.915949796,51.01110623,nass/feucht,,PKW
130285,5,3,15,0,2019,Dezember,0,Freitag,Unfall mit Leichtverletzten,Abkommen von Fahrbahn nach links,Fahrunfall,Dunkelheit,0,1,0,0,0,0,"361162,1582","5649385,02",7.022194929,50.97929995,trocken,,PKW
130289,5,3,15,0,2019,Dezember,21,Freitag,Unfall mit Leichtverletzten,Zusammenstoß mit anfahrendem/ anhaltendem/ruhendem Fahrzeug,Fahrunfall,Dunkelheit,1,0,0,0,0,1,"356216,6336","5646973,13",6.952744491,50.9564111,trocken,,"Rad, Sonstige"
130291,5,3,15,0,2019,Dezember,16,Freitag,Unfall mit Leichtverletzten,Zusammenstoß mit vorausfahrendem / wartendem Fahrzeug,Unfall im Längsverkehr,Tageslicht,0,1,0,0,0,0,"356572,2737","5647114,627",6.957749059,50.95777134,trocken,,PKW
130292,5,3,15,0,2019,Dezember,13,Montag,Unfall mit Leichtverletzten,Zusammenstoß mit vorausfahrendem / wartendem Fahrzeug,Unfall im Längsverkehr,Tageslicht,0,1,0,0,0,0,"351477,131","5644622,09",6.886268289,50.9340816,trocken,,PKW
130293,5,3,15,0,2019,Dezember,21,Montag,Unfall mit Leichtverletzten,Zusammenstoß mit vorausfahrendem / wartendem Fahrzeug,Unfall im Längsverkehr,Dunkelheit,0,1,0,0,0,0,"354690,336","5643010,542",6.932607753,50.92041755,nass/feucht,,PKW
130294,5,3,15,0,2019,Dezember,9,Freitag,Unfall mit Leichtverletzten,Zusammenstoß mit anfahrendem/ anhaltendem/ruhendem Fahrzeug,Abbiegeunfall,Tageslicht,0,1,0,0,0,0,"350397,8117","5648522,345",6.86931644,50.96885173,trocken,,PKW
130296,5,3,15,0,2019,Dezember,12,Freitag,Unfall mit Leichtverletzten,Unfall anderer Art,Fahrunfall,Tageslicht,1,0,0,0,0,0,"354951,1623","5646366,345",6.934980346,50.95064096,trocken,,Rad
130298,5,3,15,0,2019,Dezember,18,Freitag,Unfall mit Leichtverletzten,Zusammenstoß mit seitlich in gleicher Richtung fahrendem Fahrzeug,Unfall im Längsverkehr,Dunkelheit,0,1,0,1,0,0,"353400,5367","5641194,265",6.914999771,50.90376901,trocken,,"Krad, PKW"
130299,5,3,15,0,2019,Dezember,18,Freitag,Unfall mit Leichtverletzten,Zusammenstoß mit einbiegendem / kreuzendem Fahrzeug,Einbiegen / Kreuzen-Unfall,Dunkelheit,1,1,0,0,0,0,"354919,1251","5641483,82",6.936467654,50.90675478,trocken,,"Rad, PKW"
130302,5,3,15,0,2019,Dezember,14,Freitag,Unfall mit Schwerverletzten,Zusammenstoß zwischen Fahrzeug und Fußgänger,Sonstiger Unfall,Tageslicht,0,0,1,0,0,1,"355219,8247","5644664,191",6.939479124,50.93541164,trocken,,"Fuss, Sonstige"
130398,5,3,15,0,2019,Dezember,22,Sonntag,Unfall mit Schwerverletzten,Zusammenstoß zwischen Fahrzeug und Fußgänger,Überschreiten-Unfall,Dunkelheit,0,1,1,0,0,0,"357540,6195","5644026,951",6.97273562,50.93026275,trocken,,"Fuss, PKW"
130399,5,3,15,0,2019,Dezember,15,Sonntag,Unfall mit Schwerverletzten,Zusammenstoß zwischen Fahrzeug und Fußgänger,Überschreiten-Unfall,Tageslicht,0,0,1,1,0,0,"356305,0617","5647925,324",6.953626703,50.96499035,trocken,,"Fuss, Krad"
130401,5,3,15,0,2019,Dezember,12,Sonntag,Unfall mit Leichtverletzten,Zusammenstoß mit vorausfahrendem / wartendem Fahrzeug,Unfall im Längsverkehr,Tageslicht,0,1,0,0,0,0,"354617,3736","5641662,425",6.932107588,50.90828396,trocken,,PKW
130467,5,3,15,0,2019,Dezember,13,Sonntag,Unfall mit Leichtverletzten,Zusammenstoß mit vorausfahrendem / wartendem Fahrzeug,Unfall im Längsverkehr,Tageslicht,0,1,0,0,0,0,"360491,5007","5654980,573",7.010496638,51.02942549,trocken,,PKW
130469,5,3,15,0,2019,Dezember,9,Sonntag,Unfall mit Leichtverletzten,Abkommen von Fahrbahn nach links,Fahrunfall,Tageslicht,0,1,0,0,0,0,"362216,6963","5645884,965",7.038533344,50.94809728,trocken,,PKW