OBJECTID,ULAND,UREGBEZ,UKREIS,UGEMEINDE,UJAHR,UMONAT,USTUNDE,UWOCHENTAG,UKATEGORIE,UART,UTYP1,ULICHTVERH,IstRad,IstPKW,IstFuss,IstKrad,IstGkfz,IstSonstige,LINREFX,LINREFY,XGCSWGS84,YGCSWGS84,USTRZUSTAND,UIDENTSTLAE,Participants
130551,5,3,15,0,2019,Dezember,12,Donnerstag,Unfall mit Leichtverletzten,Zusammenstoß zwischen Fahrzeug und Fußgänger,Abbiegeunfall,Tageslicht,0,1,1,0,0,0,"365238,6596","5642876,726",7.082640052,50.92177497,trocken,,"Fuss, PKW"
130553,5,3,15,0,2019,Dezember,10,Donnerstag,Unfall mit Leichtverletzten,Zusammenstoß zwischen Fahrzeug und Fußgänger,Abbiegeunfall,Tageslicht,0,1,1,0,0,0,"365180,4352","5645578,357",7.0808127,50.94604243,trocken,,"Fuss, PKW"
130555,5,3,15,0,2019,Dezember,8,Donnerstag,Unfall mit Schwerverletzten,Zusammenstoß mit entgegenkommendem Fahrzeug,Unfall im Längsverkehr,Tageslicht,1,0,0,0,0,0,"357927,0263","5646580,948",6.977234613,50.95331078,nass/feucht,,Rad
130556,5,3,15,0,2019,Dezember,17,Samstag,Unfall mit Leichtverletzten,Zusammenstoß mit entgegenkommendem Fahrzeug,Unfall im Längsverkehr,Dunkelheit,0,1,0,0,0,0,"350837,9848","5652374,343",6.873999641,51.0035812,trocken,,PKW
130557,5,3,15,0,2019,Dezember,8,Donnerstag,Unfall mit Schwerverletzten,Zusammenstoß mit einbiegendem / kreuzendem Fahrzeug,Einbiegen / Kreuzen-Unfall,Tageslicht,1,0,0,0,0,1,"351225,8482","5648232,023",6.881219704,50.96645723,nass/feucht,,"Rad, Sonstige"
130558,5,3,15,0,2019,Dezember,14,Donnerstag,Unfall mit Leichtverletzten,Zusammenstoß mit einbiegendem / kreuzendem Fahrzeug,Einbiegen / Kreuzen-Unfall,Tageslicht,1,1,0,0,0,0,"359065,668","5636778,562",6.99722082,50.86549502,trocken,,"Rad, PKW"
130559,5,3,15,0,2019,Dezember,17,Samstag,Unfall mit Leichtverletzten,Zusammenstoß zwischen Fahrzeug und Fußgänger,Überschreiten-Unfall,Dunkelheit,0,1,1,0,0,0,"348541,9458","5645153,384",6.844306119,50.9380926,trocken,,"Fuss, PKW"
130560,5,3,15,0,2019,Dezember,17,Samstag,Unfall mit Leichtverletzten,Zusammenstoß mit einbiegendem / kreuzendem Fahrzeug,Sonstiger Unfall,Dunkelheit,1,1,0,0,0,0,"353566,7563","5646461,554",6.915246539,50.95114652,trocken,,"Rad, PKW"
130562,5,3,15,0,2019,Dezember,15,Donnerstag,Unfall mit Leichtverletzten,Unfall anderer Art,Sonstiger Unfall,Tageslicht,0,0,0,0,0,1,"354510,8712","5643568,08",6.929833764,50.92538278,trocken,,Sonstige
130564,5,3,15,0,2019,Dezember,0,Donnerstag,Unfall mit Leichtverletzten,Zusammenstoß mit entgegenkommendem Fahrzeug,Unfall im Längsverkehr,Dunkelheit,1,1,0,0,0,0,"355436,552","5645710,735",6.942146193,50.94487108,nass/feucht,,"Rad, PKW"
130702,5,3,15,0,2019,Dezember,17,Samstag,Unfall mit Leichtverletzten,Zusammenstoß mit vorausfahrendem / wartendem Fahrzeug,Unfall im Längsverkehr,Dunkelheit,0,1,0,0,0,0,"360669,0068","5652170,854",7.014105687,51.00421742,trocken,,PKW
130704,5,3,15,0,2019,Dezember,16,Samstag,Unfall mit Leichtverletzten,Zusammenstoß mit seitlich in gleicher Richtung fahrendem Fahrzeug,Unfall im Längsverkehr,Dunkelheit,0,1,0,0,1,0,"362357,7326","5645406,444",7.040720717,50.94383035,trocken,,"PKW, Gkfz"
130782,5,3,15,0,2019,Dezember,17,Samstag,Unfall mit Leichtverletzten,Zusammenstoß mit vorausfahrendem / wartendem Fahrzeug,Abbiegeunfall,Dunkelheit,1,1,0,0,0,0,"366456,7475","5640386,435",7.100871894,50.89967622,trocken,,"Rad, PKW"
130784,5,3,15,0,2019,Dezember,20,Samstag,Unfall mit Leichtverletzten,Zusammenstoß mit seitlich in gleicher Richtung fahrendem Fahrzeug,Sonstiger Unfall,Dunkelheit,0,1,0,0,0,1,"358000,7781","5645056,69",6.978878285,50.93963049,trocken,,"PKW, Sonstige"
130785,5,3,15,0,2019,Dezember,20,Samstag,Unfall mit Leichtverletzten,Zusammenstoß mit einbiegendem / kreuzendem Fahrzeug,Abbiegeunfall,Dunkelheit,0,1,0,0,0,0,"354208,9009","5636701,587",6.928280707,50.86359895,trocken,,PKW
130787,5,3,15,0,2019,Dezember,8,Samstag,Unfall mit Leichtverletzten,Zusammenstoß mit entgegenkommendem Fahrzeug,Abbiegeunfall,Dämmerung,1,1,0,0,0,0,"355186,0009","5643734,454",6.939367454,50.92704781,trocken,,"Rad, PKW"
130851,5,3,15,0,2019,Dezember,13,Samstag,Unfall mit Leichtverletzten,Zusammenstoß mit vorausfahrendem / wartendem Fahrzeug,Unfall im Längsverkehr,Tageslicht,0,1,0,0,0,0,"354401,5334","5647515,068",6.926701404,50.96082559,nass/feucht,,PKW
130869,5,3,15,0,2019,Dezember,21,Mittwoch,Unfall mit Leichtverletzten,Zusammenstoß mit vorausfahrendem / wartendem Fahrzeug,Unfall im Längsverkehr,Dunkelheit,0,1,0,0,0,0,"358337,14","5645557,788",6.983467789,50.9442166,winterglatt,,PKW
130872,5,3,15,0,2019,Dezember,13,Mittwoch,Unfall mit Leichtverletzten,Zusammenstoß mit vorausfahrendem / wartendem Fahrzeug,Unfall im Längsverkehr,Tageslicht,0,1,0,0,0,1,"353552,0201","5648798,578",6.914096298,50.97214468,trocken,,"PKW, Sonstige"
130875,5,3,15,0,2019,Dezember,6,Freitag,Unfall mit Schwerverletzten,Abkommen von Fahrbahn nach rechts,Fahrunfall,Tageslicht,0,1,0,0,0,0,"362967,9925","5645280,858",7.049449362,50.94284704,nass/feucht,,PKW
130877,5,3,15,0,2019,Dezember,9,Freitag,Unfall mit Leichtverletzten,Zusammenstoß mit anfahrendem/ anhaltendem/ruhendem Fahrzeug,Sonstiger Unfall,Tageslicht,1,1,0,0,0,0,"353441,5566","5646045,537",6.913632793,50.94737613,nass/feucht,,"Rad, PKW"
130878,5,3,15,0,2019,Dezember,9,Freitag,Unfall mit Leichtverletzten,Zusammenstoß mit einbiegendem / kreuzendem Fahrzeug,Einbiegen / Kreuzen-Unfall,Tageslicht,1,1,0,0,0,0,"357218,0071","5638501,534",6.970309014,50.8805261,nass/feucht,,"Rad, PKW"
130920,5,3,15,0,2019,Dezember,10,Freitag,Unfall mit Schwerverletzten,Abkommen von Fahrbahn nach links,Fahrunfall,Tageslicht,0,0,0,1,0,0,"361792,9388","5648262,447",7.031601686,50.96936287,nass/feucht,,Krad
130958,5,3,15,0,2019,Dezember,21,Donnerstag,Unfall mit Schwerverletzten,Zusammenstoß mit einbiegendem / kreuzendem Fahrzeug,Abbiegeunfall,Dunkelheit,0,1,0,0,0,0,"365325,7861","5638850,723",7.085364147,50.88561114,nass/feucht,,PKW
130969,5,3,15,0,2019,Dezember,15,Dienstag,Unfall mit Leichtverletzten,Zusammenstoß mit vorausfahrendem / wartendem Fahrzeug,Überschreiten-Unfall,Tageslicht,1,1,1,0,0,0,"359771,5944","5644842,677",7.004148814,50.93814049,trocken,,"Rad, Fuss, PKW"
130977,5,3,15,0,2019,Dezember,12,Dienstag,Unfall mit Schwerverletzten,Zusammenstoß mit vorausfahrendem / wartendem Fahrzeug,Unfall im Längsverkehr,Tageslicht,0,1,0,0,0,0,"357941,6974","5646585,727",6.977441488,50.95335735,trocken,,PKW
130979,5,3,15,0,2019,Dezember,22,Dienstag,Unfall mit Leichtverletzten,Zusammenstoß mit einbiegendem / kreuzendem Fahrzeug,Einbiegen / Kreuzen-Unfall,Dunkelheit,0,1,0,0,0,0,"355692,5","5644687,437",6.946192435,50.93573903,trocken,,PKW
130996,5,3,15,0,2019,Dezember,18,Donnerstag,Unfall mit Leichtverletzten,Zusammenstoß mit seitlich in gleicher Richtung fahrendem Fahrzeug,Unfall im Längsverkehr,Dunkelheit,0,1,0,0,0,1,"357130,7235","5636859,295",6.969710647,50.86574565,nass/feucht,,"PKW, Sonstige"
130997,5,3,15,0,2019,Dezember,0,Donnerstag,Unfall mit Schwerverletzten,Abkommen von Fahrbahn nach links,Unfall im Längsverkehr,Dunkelheit,0,1,0,0,0,0,"363150,2765","5646302,493",7.051658505,50.95207215,nass/feucht,,PKW
130998,5,3,15,0,2019,Dezember,18,Donnerstag,Unfall mit Leichtverletzten,Zusammenstoß mit vorausfahrendem / wartendem Fahrzeug,Unfall im Längsverkehr,Dunkelheit,0,1,0,0,0,0,"364103,886","5641366,281",7.067067105,50.90793368,nass/feucht,,PKW
131000,5,3,15,0,2019,Dezember,14,Donnerstag,Unfall mit Leichtverletzten,Zusammenstoß mit vorausfahrendem / wartendem Fahrzeug,Unfall im Längsverkehr,Tageslicht,0,1,0,0,0,0,"354414,9381","5653648,722",6.924434303,51.01594979,nass/feucht,,PKW
131033,5,3,15,0,2019,Dezember,7,Mittwoch,Unfall mit Leichtverletzten,Zusammenstoß zwischen Fahrzeug und Fußgänger,Überschreiten-Unfall,Dunkelheit,0,1,1,0,0,0,"362349,107","5636957,075",7.043784302,50.86789051,nass/feucht,,"Fuss, PKW"
131035,5,3,15,0,2019,Dezember,15,Mittwoch,Unfall mit Leichtverletzten,Abkommen von Fahrbahn nach links,Fahrunfall,Tageslicht,0,1,0,0,0,0,"351198,743","5645042,487",6.882137583,50.93778772,nass/feucht,,PKW
131093,5,3,15,0,2019,Dezember,1,Montag,Unfall mit Schwerverletzten,Unfall anderer Art,Sonstiger Unfall,Dunkelheit,0,0,1,0,0,1,"349474,0591","5645115,912",6.857578367,50.93799993,trocken,,"Fuss, Sonstige"
131126,5,3,15,0,2019,Dezember,14,Dienstag,Unfall mit Leichtverletzten,Unfall anderer Art,Abbiegeunfall,Tageslicht,0,0,0,0,1,1,"360237,886","5647086,047",7.009920155,50.9584152,nass/feucht,,"Gkfz, Sonstige"
131128,5,3,15,0,2019,Dezember,15,Dienstag,Unfall mit Leichtverletzten,Zusammenstoß mit einbiegendem / kreuzendem Fahrzeug,Einbiegen / Kreuzen-Unfall,Tageslicht,1,1,0,0,0,0,"359955,1572","5647764,081",7.00563601,50.96444012,nass/feucht,,"Rad, PKW"
131131,5,3,15,0,2019,Dezember,16,Dienstag,Unfall mit Leichtverletzten,Unfall anderer Art,Unfall durch ruhenden Verkehr,Dunkelheit,1,1,0,0,0,0,"354079,6704","5646021,424",6.922720075,50.94732131,nass/feucht,,"Rad, PKW"
131132,5,3,15,0,2019,Dezember,18,Dienstag,Unfall mit Leichtverletzten,Unfall anderer Art,Sonstiger Unfall,Dunkelheit,0,1,0,1,0,0,"351718,4831","5643680,128",6.890083811,50.92567876,nass/feucht,,"Krad, PKW"
131167,5,3,15,0,2019,Dezember,14,Sonntag,Unfall mit Leichtverletzten,Zusammenstoß mit einbiegendem / kreuzendem Fahrzeug,Einbiegen / Kreuzen-Unfall,Tageslicht,0,1,0,0,0,1,"349138,1541","5643085,549",6.85364126,50.91966672,trocken,,"PKW, Sonstige"
232806,5,3,15,0,2019,Januar,16,Samstag,Unfall mit Schwerverletzten,Unfall anderer Art,Fahrunfall,Tageslicht,1,0,0,0,0,0,"359603,64","5645803,974",7.001389388,50.94673891,nass/feucht,,Rad
232807,5,3,15,0,2019,Januar,8,Samstag,Unfall mit Leichtverletzten,Zusammenstoß mit einbiegendem / kreuzendem Fahrzeug,Einbiegen / Kreuzen-Unfall,Tageslicht,0,1,0,1,0,0,"351385,8903","5654551,315",6.880911427,51.02328597,nass/feucht,,"Krad, PKW"
232808,5,3,15,0,2019,Januar,19,Samstag,Unfall mit Schwerverletzten,Unfall anderer Art,Unfall durch ruhenden Verkehr,Dunkelheit,0,1,0,1,0,0,"351929,1031","5649058,429",6.890891438,50.97406488,nass/feucht,,"Krad, PKW"
232809,5,3,15,0,2019,Januar,17,Samstag,Unfall mit Leichtverletzten,Zusammenstoß mit anfahrendem/ anhaltendem/ruhendem Fahrzeug,Unfall durch ruhenden Verkehr,Dunkelheit,1,1,0,0,0,0,"360184,8389","5636742,308",7.013128648,50.86544094,nass/feucht,,"Rad, PKW"
232810,5,3,15,0,2019,Januar,13,Samstag,Unfall mit Leichtverletzten,Zusammenstoß mit anfahrendem/ anhaltendem/ruhendem Fahrzeug,Unfall durch ruhenden Verkehr,Tageslicht,1,1,0,0,0,0,"355212,9896","5641958,794",6.940456065,50.91109707,nass/feucht,,"Rad, PKW"
232811,5,3,15,0,2019,Januar,14,Samstag,Unfall mit Leichtverletzten,Zusammenstoß mit einbiegendem / kreuzendem Fahrzeug,Einbiegen / Kreuzen-Unfall,Tageslicht,1,1,0,0,0,0,"356392,9944","5645431,733",6.955861811,50.94260277,nass/feucht,,"Rad, PKW"
232857,5,3,15,0,2019,Januar,17,Freitag,Unfall mit Leichtverletzten,Abkommen von Fahrbahn nach links,Sonstiger Unfall,Dunkelheit,0,1,0,0,0,0,"362059,4794","5651317,158",7.034236002,50.99688016,nass/feucht,,PKW
232858,5,3,15,0,2019,Januar,17,Freitag,Unfall mit Schwerverletzten,Unfall anderer Art,Sonstiger Unfall,Dämmerung,0,1,0,0,0,0,"352422,3063","5653031,292",6.896297409,51.00989341,nass/feucht,,PKW
232859,5,3,15,0,2019,Januar,16,Freitag,Unfall mit Leichtverletzten,Unfall anderer Art,Fahrunfall,Dämmerung,0,0,0,1,0,0,"354024,8023","5639230,845",6.924656792,50.88628241,nass/feucht,,Krad
232860,5,3,15,0,2019,Januar,14,Freitag,Unfall mit Leichtverletzten,Zusammenstoß mit einbiegendem / kreuzendem Fahrzeug,Abbiegeunfall,Tageslicht,0,1,0,0,0,0,"357420,8024","5636007,739",6.974161936,50.85816426,nass/feucht,,PKW
232861,5,3,15,0,2019,Januar,12,Freitag,Unfall mit Leichtverletzten,Zusammenstoß mit einbiegendem / kreuzendem Fahrzeug,Einbiegen / Kreuzen-Unfall,Tageslicht,1,0,0,0,1,0,"354217,53","5642603,259",6.926048388,50.91663815,trocken,,"Rad, Gkfz"
232889,5,3,15,0,2019,Januar,21,Donnerstag,Unfall mit Leichtverletzten,Zusammenstoß mit entgegenkommendem Fahrzeug,Unfall im Längsverkehr,Dunkelheit,1,0,0,0,0,0,"356412,721","5650171,187",6.95427191,50.98520033,trocken,,Rad
232890,5,3,15,0,2019,Januar,22,Donnerstag,Unfall mit Leichtverletzten,Unfall anderer Art,Unfall im Längsverkehr,Dunkelheit,0,1,0,0,0,1,"355190,2079","5644095,225",6.939283969,50.93029104,trocken,,"PKW, Sonstige"
232919,5,3,15,0,2019,Januar,0,Mittwoch,Unfall mit Leichtverletzten,Unfall anderer Art,Sonstiger Unfall,Dunkelheit,1,0,1,0,0,0,"358618,7276","5650263,062",6.985644815,50.986572,trocken,,"Rad, Fuss"
232930,5,3,15,0,2019,Januar,16,Sonntag,Unfall mit Leichtverletzten,Zusammenstoß zwischen Fahrzeug und Fußgänger,Überschreiten-Unfall,Dunkelheit,0,1,1,0,0,0,"359617,016","5645984,826",7.001509959,50.9483675,nass/feucht,,"Fuss, PKW"
232935,5,3,15,0,2019,Januar,10,Sonntag,Unfall mit Leichtverletzten,Abkommen von Fahrbahn nach links,Fahrunfall,Tageslicht,0,1,0,0,0,0,"356193,8591","5645043,845",6.953182318,50.93906725,nass/feucht,,PKW
233043,5,3,15,0,2019,Januar,6,Donnerstag,Unfall mit Leichtverletzten,Zusammenstoß mit vorausfahrendem / wartendem Fahrzeug,Unfall im Längsverkehr,Dunkelheit,0,1,0,0,0,0,"364024,2323","5645076,959",7.064551069,50.94126458,nass/feucht,,PKW
233065,5,3,15,0,2019,Januar,11,Mittwoch,Unfall mit Getöteten,Unfall anderer Art,Überschreiten-Unfall,Tageslicht,0,0,1,0,0,1,"358367,5282","5651414,45",6.981619238,50.99685769,nass/feucht,,"Fuss, Sonstige"
233073,5,3,15,0,2019,Januar,8,Dienstag,Unfall mit Leichtverletzten,Zusammenstoß mit einbiegendem / kreuzendem Fahrzeug,Abbiegeunfall,Tageslicht,1,0,0,0,0,1,"353690,8709","5643955,532",6.9180187,50.92865731,nass/feucht,,"Rad, Sonstige"
233076,5,3,15,0,2019,Januar,18,Mittwoch,Unfall mit Leichtverletzten,Zusammenstoß mit einbiegendem / kreuzendem Fahrzeug,Einbiegen / Kreuzen-Unfall,Dunkelheit,1,0,0,0,0,0,"354096,4794","5642725,206",6.924278714,50.91770346,nass/feucht,,Rad
233091,5,3,15,0,2019,Januar,14,Donnerstag,Unfall mit Leichtverletzten,Zusammenstoß zwischen Fahrzeug und Fußgänger,Sonstiger Unfall,Tageslicht,0,1,1,0,0,0,"357281,9304","5641626,853",6.96999594,50.90862919,trocken,,"Fuss, PKW"
233095,5,3,15,0,2019,Januar,21,Freitag,Unfall mit Leichtverletzten,Zusammenstoß mit einbiegendem / kreuzendem Fahrzeug,Abbiegeunfall,Dunkelheit,0,1,0,0,0,0,"352936,776","5647404,625",6.905902955,50.9594611,nass/feucht,,PKW
233096,5,3,15,0,2019,Januar,16,Montag,Unfall mit Leichtverletzten,Unfall anderer Art,Sonstiger Unfall,Dunkelheit,0,0,0,0,0,1,"363679,8404","5643738,399",7.060152805,50.92915303,trocken,,Sonstige
233113,5,3,15,0,2019,Januar,7,Mittwoch,Unfall mit Leichtverletzten,Unfall anderer Art,Einbiegen / Kreuzen-Unfall,Dunkelheit,1,1,0,0,0,0,"352345,3589","5644681,122",6.898591812,50.93483503,nass/feucht,,"Rad, PKW"
233123,5,3,15,0,2019,Januar,10,Mittwoch,Unfall mit Leichtverletzten,Zusammenstoß zwischen Fahrzeug und Fußgänger,Unfall im Längsverkehr,Tageslicht,0,1,1,0,0,0,"355913,0484","5645167,627",6.949139272,50.94010955,trocken,,"Fuss, PKW"
233154,5,3,15,0,2019,Januar,9,Montag,Unfall mit Leichtverletzten,Abkommen von Fahrbahn nach links,Fahrunfall,Tageslicht,0,1,0,0,0,0,"362130,228","5646669,396",7.037006108,50.95512652,nass/feucht,,PKW
233163,5,3,15,0,2019,Januar,12,Mittwoch,Unfall mit Leichtverletzten,Unfall anderer Art,Einbiegen / Kreuzen-Unfall,Tageslicht,0,1,0,1,0,0,"364534,6544","5640023,18",7.073688815,50.89596373,nass/feucht,,"Krad, PKW"
233171,5,3,15,0,2019,Januar,10,Dienstag,Unfall mit Leichtverletzten,Zusammenstoß mit einbiegendem / kreuzendem Fahrzeug,Einbiegen / Kreuzen-Unfall,Tageslicht,1,1,0,0,0,0,"350293,4021","5644451,363",6.869504355,50.93224133,nass/feucht,,"Rad, PKW"
233174,5,3,15,0,2019,Januar,12,Mittwoch,Unfall mit Leichtverletzten,Zusammenstoß mit anfahrendem/ anhaltendem/ruhendem Fahrzeug,Einbiegen / Kreuzen-Unfall,Tageslicht,1,1,0,0,0,0,"357172,93","5642013,54",6.968295231,50.91207738,nass/feucht,,"Rad, PKW"
233191,5,3,15,0,2019,Januar,13,Donnerstag,Unfall mit Leichtverletzten,Zusammenstoß mit vorausfahrendem / wartendem Fahrzeug,Abbiegeunfall,Tageslicht,0,1,0,1,0,0,"352991,7054","5645431,859",6.907481083,50.94174671,nass/feucht,,"Krad, PKW"
233194,5,3,15,0,2019,Januar,18,Freitag,Unfall mit Leichtverletzten,Zusammenstoß mit einbiegendem / kreuzendem Fahrzeug,Abbiegeunfall,Dunkelheit,0,1,0,0,0,0,"356603,1353","5648938,285",6.957469328,50.97416793,nass/feucht,,PKW
233213,5,3,15,0,2019,Januar,14,Mittwoch,Unfall mit Leichtverletzten,Unfall anderer Art,Sonstiger Unfall,Tageslicht,1,0,0,0,0,0,"354302,8885","5645958,21",6.925920807,50.94680968,nass/feucht,,Rad
233222,5,3,15,0,2019,Januar,11,Dienstag,Unfall mit Leichtverletzten,Zusammenstoß mit einbiegendem / kreuzendem Fahrzeug,Abbiegeunfall,Tageslicht,1,0,0,0,1,0,"355289,789","5641931,039",6.941558763,50.9108669,trocken,,"Rad, Gkfz"
233225,5,3,15,0,2019,Januar,16,Mittwoch,Unfall mit Leichtverletzten,Zusammenstoß mit anfahrendem/ anhaltendem/ruhendem Fahrzeug,Unfall durch ruhenden Verkehr,Dämmerung,0,1,0,1,0,0,"356563,3261","5647014,842",6.957661067,50.95687236,nass/feucht,,"Krad, PKW"
233241,5,3,15,0,2019,Januar,9,Donnerstag,Unfall mit Leichtverletzten,Zusammenstoß mit anfahrendem/ anhaltendem/ruhendem Fahrzeug,Unfall durch ruhenden Verkehr,Tageslicht,1,1,0,0,0,0,"356758,6405","5643670,097",6.961755411,50.92686208,nass/feucht,,"Rad, PKW"
233245,5,3,15,0,2019,Januar,10,Freitag,Unfall mit Schwerverletzten,Zusammenstoß zwischen Fahrzeug und Fußgänger,Sonstiger Unfall,Tageslicht,0,0,1,0,1,0,"357530,1498","5637157,032",6.975267079,50.86852001,trocken,,"Fuss, Gkfz"
233246,5,3,15,0,2019,Januar,14,Montag,Unfall mit Leichtverletzten,Zusammenstoß mit seitlich in gleicher Richtung fahrendem Fahrzeug,Abbiegeunfall,Tageslicht,0,1,0,0,0,1,"354469,0103","5651285,66",6.926152135,50.9947276,nass/feucht,,"PKW, Sonstige"
233276,5,3,15,0,2019,Januar,9,Mittwoch,Unfall mit Leichtverletzten,Zusammenstoß mit einbiegendem / kreuzendem Fahrzeug,Einbiegen / Kreuzen-Unfall,Tageslicht,1,1,0,0,0,0,"356543,0231","5643300,533",6.958834778,50.92348726,trocken,,"Rad, PKW"
233280,5,3,15,0,2019,Januar,17,Mittwoch,Unfall mit Leichtverletzten,Zusammenstoß mit einbiegendem / kreuzendem Fahrzeug,Einbiegen / Kreuzen-Unfall,Dunkelheit,1,1,0,0,0,0,"359577,3148","5636697,753",7.004517988,50.86489327,nass/feucht,,"Rad, PKW"
233344,5,3,15,0,2019,Januar,10,Dienstag,Unfall mit Leichtverletzten,Zusammenstoß mit entgegenkommendem Fahrzeug,Unfall im Längsverkehr,Tageslicht,0,1,0,0,0,0,"365228,5512","5635614,356",7.085175157,50.85650106,nass/feucht,,PKW
233345,5,3,15,0,2019,Januar,7,Dienstag,Unfall mit Leichtverletzten,Zusammenstoß mit einbiegendem / kreuzendem Fahrzeug,Abbiegeunfall,Dunkelheit,0,1,0,0,0,0,"363822,8307","5639462,612",7.063781855,50.8907582,nass/feucht,,PKW
233346,5,3,15,0,2019,Januar,8,Dienstag,Unfall mit Schwerverletzten,Zusammenstoß mit entgegenkommendem Fahrzeug,Abbiegeunfall,Dämmerung,0,1,0,1,0,0,"357609,339","5645310,261",6.973211415,50.94181279,nass/feucht,,"Krad, PKW"
233347,5,3,15,0,2019,Januar,11,Dienstag,Unfall mit Leichtverletzten,Zusammenstoß mit vorausfahrendem / wartendem Fahrzeug,Überschreiten-Unfall,Tageslicht,0,1,1,0,0,1,"357388,1271","5648321,595",6.968884976,50.96882072,nass/feucht,,"Fuss, PKW, Sonstige"
233348,5,3,15,0,2019,Januar,17,Dienstag,Unfall mit Schwerverletzten,Zusammenstoß mit einbiegendem / kreuzendem Fahrzeug,Einbiegen / Kreuzen-Unfall,Dunkelheit,0,1,0,0,0,0,"351881,385","5654229,654",6.88810293,51.02052328,nass/feucht,,PKW
233349,5,3,15,0,2019,Januar,17,Dienstag,Unfall mit Leichtverletzten,Unfall anderer Art,Einbiegen / Kreuzen-Unfall,Dunkelheit,0,1,0,1,0,0,"349694,1908","5644275,655",6.86105569,50.93050652,nass/feucht,,"Krad, PKW"
233350,5,3,15,0,2019,Januar,12,Dienstag,Unfall mit Leichtverletzten,Abkommen von Fahrbahn nach links,Fahrunfall,Tageslicht,0,1,0,0,0,0,"352209,1705","5650906,098",6.894126464,50.9907408,nass/feucht,,PKW
233351,5,3,15,0,2019,Januar,10,Dienstag,Unfall mit Leichtverletzten,Zusammenstoß zwischen Fahrzeug und Fußgänger,Überschreiten-Unfall,Tageslicht,0,0,1,0,0,1,"351879,2487","5650199,447",6.889716893,50.98430574,nass/feucht,,"Fuss, Sonstige"
233352,5,3,15,0,2019,Januar,15,Dienstag,Unfall mit Leichtverletzten,Zusammenstoß zwischen Fahrzeug und Fußgänger,Unfall im Längsverkehr,Tageslicht,0,1,1,0,0,0,"352189,6648","5647133,513",6.89538228,50.95683359,trocken,,"Fuss, PKW"
233353,5,3,15,0,2019,Januar,12,Dienstag,Unfall mit Leichtverletzten,Unfall anderer Art,Fahrunfall,Tageslicht,0,0,0,1,0,0,"356364,5737","5645427,679",6.955459137,50.94255926,nass/feucht,,Krad
233402,5,3,15,0,2019,Januar,11,Montag,Unfall mit Leichtverletzten,Zusammenstoß mit einbiegendem / kreuzendem Fahrzeug,Einbiegen / Kreuzen-Unfall,Tageslicht,1,1,0,0,0,0,"352345,1147","5644743,436",6.898563091,50.93539495,nass/feucht,,"Rad, PKW"
233429,5,3,15,0,2019,Januar,17,Sonntag,Unfall mit Leichtverletzten,Zusammenstoß mit einbiegendem / kreuzendem Fahrzeug,Abbiegeunfall,Dunkelheit,0,1,0,0,0,0,"363537,176","5641442,171",7.058983003,50.90848205,nass/feucht,,PKW
233430,5,3,15,0,2019,Januar,20,Sonntag,Unfall mit Leichtverletzten,Unfall anderer Art,Fahrunfall,Dunkelheit,1,0,0,0,0,0,"352494,504","5644627,224",6.900734724,50.93438883,nass/feucht,,Rad
233431,5,3,15,0,2019,Januar,21,Sonntag,Unfall mit Leichtverletzten,Zusammenstoß zwischen Fahrzeug und Fußgänger,Abbiegeunfall,Dunkelheit,0,1,1,0,0,0,"355289,789","5641931,039",6.941558763,50.9108669,nass/feucht,,"Fuss, PKW"
233432,5,3,15,0,2019,Januar,22,Sonntag,Unfall mit Leichtverletzten,Zusammenstoß mit einbiegendem / kreuzendem Fahrzeug,Abbiegeunfall,Dunkelheit,0,1,0,0,0,0,"358004,8679","5640424,24",6.980739818,50.89799952,nass/feucht,,PKW
233433,5,3,15,0,2019,Januar,15,Sonntag,Unfall mit Leichtverletzten,Zusammenstoß mit anfahrendem/ anhaltendem/ruhendem Fahrzeug,Unfall durch ruhenden Verkehr,Tageslicht,0,1,0,0,0,0,"353930,0394","5635739,213",6.924704888,50.85487988,nass/feucht,,PKW
233434,5,3,15,0,2019,Januar,17,Sonntag,Unfall mit Leichtverletzten,Zusammenstoß zwischen Fahrzeug und Fußgänger,Abbiegeunfall,Dunkelheit,0,1,1,0,0,0,"355810,793","5645032,2",6.947738416,50.93886694,nass/feucht,,"Fuss, PKW"
233484,5,3,15,0,2019,Januar,21,Samstag,Unfall mit Leichtverletzten,Unfall anderer Art,Sonstiger Unfall,Dunkelheit,0,0,0,1,0,0,"362462,5964","5644368,101",7.042604462,50.93452344,nass/feucht,,Krad
233485,5,3,15,0,2019,Januar,14,Samstag,Unfall mit Schwerverletzten,Zusammenstoß mit entgegenkommendem Fahrzeug,Abbiegeunfall,Tageslicht,0,1,0,1,0,0,"355321,1789","5654720,533",6.936917724,51.02581048,nass/feucht,,"Krad, PKW"
233486,5,3,15,0,2019,Januar,12,Samstag,Unfall mit Leichtverletzten,Zusammenstoß zwischen Fahrzeug und Fußgänger,Sonstiger Unfall,Tageslicht,0,0,1,0,0,1,"352127,6405","5655213,032",6.891210449,51.02942366,nass/feucht,,"Fuss, Sonstige"
233487,5,3,15,0,2019,Januar,21,Samstag,Unfall mit Leichtverletzten,Zusammenstoß zwischen Fahrzeug und Fußgänger,Abbiegeunfall,Dunkelheit,0,1,1,0,0,0,"352930,0216","5647388,982",6.905813167,50.9593188,nass/feucht,,"Fuss, PKW"
233561,5,3,15,0,2019,Januar,10,Montag,Unfall mit Schwerverletzten,Zusammenstoß mit anfahrendem/ anhaltendem/ruhendem Fahrzeug,Unfall durch ruhenden Verkehr,Tageslicht,0,1,0,1,0,0,"353038,9538","5646377,79",6.907771433,50.95025945,nass/feucht,,"Krad, PKW"