OBJECTID,ULAND,UREGBEZ,UKREIS,UGEMEINDE,UJAHR,UMONAT,USTUNDE,UWOCHENTAG,UKATEGORIE,UART,UTYP1,ULICHTVERH,IstRad,IstPKW,IstFuss,IstKrad,IstGkfz,IstSonstige,LINREFX,LINREFY,XGCSWGS84,YGCSWGS84,USTRZUSTAND,UIDENTSTLAE,Participants
233562,5,3,15,0,2019,Januar,18,Montag,Unfall mit Leichtverletzten,Zusammenstoß mit anfahrendem/ anhaltendem/ruhendem Fahrzeug,Sonstiger Unfall,Dunkelheit,0,1,0,0,0,0,"356391,28","5642971,753",6.956806648,50.9204948,trocken,,PKW
233589,5,3,15,0,2019,Januar,20,Sonntag,Unfall mit Leichtverletzten,Zusammenstoß mit vorausfahrendem / wartendem Fahrzeug,Unfall im Längsverkehr,Dunkelheit,0,1,0,0,0,0,"355368,134","5648327,13",6.94013326,50.96836682,winterglatt,,PKW
233590,5,3,15,0,2019,Januar,8,Sonntag,Unfall mit Leichtverletzten,Zusammenstoß mit einbiegendem / kreuzendem Fahrzeug,Abbiegeunfall,Tageslicht,1,1,0,0,0,0,"354098,1","5651350,348",6.920844314,50.99521501,winterglatt,,"Rad, PKW"
233622,5,3,15,0,2019,Januar,11,Samstag,Unfall mit Leichtverletzten,Unfall anderer Art,Sonstiger Unfall,Tageslicht,0,1,0,0,0,0,"360739,2654","5644221,569",7.018150059,50.93279296,trocken,,PKW
233623,5,3,15,0,2019,Januar,9,Samstag,Unfall mit Leichtverletzten,Unfall anderer Art,Fahrunfall,Tageslicht,1,0,0,0,0,0,"362013,6742","5648477,382",7.034661956,50.97134747,winterglatt,,Rad
233624,5,3,15,0,2019,Januar,18,Samstag,Unfall mit Leichtverletzten,Zusammenstoß zwischen Fahrzeug und Fußgänger,Unfall durch ruhenden Verkehr,Dunkelheit,0,1,1,0,0,0,"356357,325","5648639,299",6.954088521,50.97141974,trocken,,"Fuss, PKW"
233625,5,3,15,0,2019,Januar,8,Samstag,Unfall mit Leichtverletzten,Unfall anderer Art,Fahrunfall,Tageslicht,1,0,0,0,0,0,"349355,4221","5652141,403",6.852981192,51.00110167,winterglatt,,Rad
233626,5,3,15,0,2019,Januar,12,Samstag,Unfall mit Leichtverletzten,Unfall anderer Art,Sonstiger Unfall,Tageslicht,0,0,1,0,0,1,"354096,8458","5646262,555",6.922867793,50.94949262,trocken,,"Fuss, Sonstige"
233627,5,3,15,0,2019,Januar,8,Samstag,Unfall mit Schwerverletzten,Unfall anderer Art,Fahrunfall,Tageslicht,1,0,0,0,0,0,"352860,1054","5649356,984",6.904022207,50.97698646,winterglatt,,Rad
233628,5,3,15,0,2019,Januar,16,Samstag,Unfall mit Leichtverletzten,Unfall anderer Art,Sonstiger Unfall,Dämmerung,1,1,0,0,0,0,"358674,083","5639091,866",6.990765656,50.88618947,trocken,,"Rad, PKW"
233629,5,3,15,0,2019,Januar,9,Samstag,Unfall mit Leichtverletzten,Unfall anderer Art,Fahrunfall,Tageslicht,1,0,0,0,0,0,"353943,6736","5641314,026",6.922671145,50.90498293,winterglatt,,Rad
233631,5,3,15,0,2019,Januar,20,Samstag,Unfall mit Leichtverletzten,Zusammenstoß mit anfahrendem/ anhaltendem/ruhendem Fahrzeug,Unfall durch ruhenden Verkehr,Dunkelheit,1,1,0,0,0,0,"352743,7606","5643007,99",6.904933558,50.91990113,nass/feucht,,"Rad, PKW"
233694,5,3,15,0,2019,Januar,12,Freitag,Unfall mit Leichtverletzten,Abkommen von Fahrbahn nach links,Fahrunfall,Tageslicht,0,1,0,0,0,0,"356005,044","5642222,638",6.951610922,50.91366634,nass/feucht,,PKW
233751,5,3,15,0,2019,Januar,18,Donnerstag,Unfall mit Leichtverletzten,Unfall anderer Art,Fahrunfall,Dunkelheit,1,0,0,0,0,0,"354084,7147","5644857,538",6.923258045,50.93686311,nass/feucht,,Rad
233752,5,3,15,0,2019,Januar,15,Donnerstag,Unfall mit Leichtverletzten,Unfall anderer Art,Sonstiger Unfall,Tageslicht,1,0,0,0,0,0,"352428,3036","5646659,085",6.898970059,50.9526313,trocken,,Rad
233791,5,3,15,0,2019,Januar,12,Mittwoch,Unfall mit Leichtverletzten,Zusammenstoß mit anfahrendem/ anhaltendem/ruhendem Fahrzeug,Unfall im Längsverkehr,Tageslicht,0,1,0,0,0,0,"366286,9384","5635804,808",7.10013422,50.85845848,trocken,,PKW
233792,5,3,15,0,2019,Januar,9,Mittwoch,Unfall mit Leichtverletzten,Zusammenstoß mit einbiegendem / kreuzendem Fahrzeug,Abbiegeunfall,Tageslicht,1,0,0,0,0,1,"359555,057","5644364,316",7.001253239,50.9337887,trocken,,"Rad, Sonstige"
233793,5,3,15,0,2019,Januar,17,Mittwoch,Unfall mit Schwerverletzten,Zusammenstoß mit einbiegendem / kreuzendem Fahrzeug,Abbiegeunfall,Tageslicht,1,0,0,0,0,1,"355270,276","5647194,726",6.939190977,50.95816563,trocken,,"Rad, Sonstige"
233794,5,3,15,0,2019,Januar,6,Mittwoch,Unfall mit Leichtverletzten,Zusammenstoß mit anfahrendem/ anhaltendem/ruhendem Fahrzeug,Abbiegeunfall,Dunkelheit,0,1,0,1,0,1,"353706,4043","5642108,474",6.918980448,50.91206232,nass/feucht,,"Krad, PKW, Sonstige"
233804,5,3,15,0,2019,Januar,7,Samstag,Unfall mit Leichtverletzten,Zusammenstoß zwischen Fahrzeug und Fußgänger,Überschreiten-Unfall,Dunkelheit,0,1,1,0,0,0,"359361,633","5647177,345",6.997415987,50.95902251,nass/feucht,,"Fuss, PKW"
233805,5,3,15,0,2019,Januar,10,Samstag,Unfall mit Leichtverletzten,Zusammenstoß mit einbiegendem / kreuzendem Fahrzeug,Abbiegeunfall,Tageslicht,0,1,0,0,0,0,"353612,219","5651483,41",6.913871597,50.99628738,nass/feucht,,PKW
233806,5,3,15,0,2019,Januar,18,Samstag,Unfall mit Leichtverletzten,Unfall anderer Art,Einbiegen / Kreuzen-Unfall,Dunkelheit,0,1,0,0,0,1,"353328,4928","5648155,41",6.911174157,50.96630793,nass/feucht,,"PKW, Sonstige"
233851,5,3,15,0,2019,Januar,23,Samstag,Unfall mit Leichtverletzten,Zusammenstoß mit einbiegendem / kreuzendem Fahrzeug,Einbiegen / Kreuzen-Unfall,Dunkelheit,0,1,0,0,0,1,"365144,381","5636353,174",7.083707747,50.8631217,nass/feucht,,"PKW, Sonstige"
233867,5,3,15,0,2019,Januar,7,Freitag,Unfall mit Leichtverletzten,Unfall anderer Art,Sonstiger Unfall,Dämmerung,0,1,0,0,1,0,"361443,809","5640351,81",7.029639917,50.89818395,winterglatt,,"PKW, Gkfz"
233868,5,3,15,0,2019,Januar,15,Freitag,Unfall mit Leichtverletzten,Unfall anderer Art,Sonstiger Unfall,Tageslicht,0,0,1,0,0,1,"362912,7905","5645402,866",7.048618168,50.94393044,nass/feucht,,"Fuss, Sonstige"
233869,5,3,15,0,2019,Januar,7,Freitag,Unfall mit Leichtverletzten,Unfall anderer Art,Fahrunfall,Dämmerung,1,0,0,0,0,0,"349862,7646","5642643,394",6.864124826,50.91588234,winterglatt,,Rad
233870,5,3,15,0,2019,Januar,22,Freitag,Unfall mit Leichtverletzten,Zusammenstoß mit einbiegendem / kreuzendem Fahrzeug,Abbiegeunfall,Dunkelheit,1,0,0,0,0,1,"356697,4777","5642297,191",6.961425122,50.91450869,trocken,,"Rad, Sonstige"
233871,5,3,15,0,2019,Januar,18,Freitag,Unfall mit Schwerverletzten,Zusammenstoß mit anfahrendem/ anhaltendem/ruhendem Fahrzeug,Unfall durch ruhenden Verkehr,Dunkelheit,1,1,0,0,0,0,"354593,8121","5643648,462",6.930981053,50.92612606,nass/feucht,,"Rad, PKW"
233872,5,3,15,0,2019,Januar,16,Freitag,Unfall mit Schwerverletzten,Unfall anderer Art,Fahrunfall,Tageslicht,1,0,0,0,0,0,"356410,7654","5645335,748",6.956152431,50.9417446,winterglatt,,Rad
233920,5,3,15,0,2019,Januar,14,Donnerstag,Unfall mit Leichtverletzten,Zusammenstoß zwischen Fahrzeug und Fußgänger,Unfall im Längsverkehr,Tageslicht,1,1,1,0,0,0,"361159,2849","5645452,482",7.023654579,50.94395674,nass/feucht,,"Rad, Fuss, PKW"
233921,5,3,15,0,2019,Januar,17,Donnerstag,Unfall mit Leichtverletzten,Zusammenstoß mit einbiegendem / kreuzendem Fahrzeug,Abbiegeunfall,Dunkelheit,1,1,0,0,0,0,"353032,2926","5645936,939",6.907854593,50.946296,trocken,,"Rad, PKW"
233960,5,3,15,0,2019,Januar,7,Mittwoch,Unfall mit Leichtverletzten,Zusammenstoß zwischen Fahrzeug und Fußgänger,Überschreiten-Unfall,Tageslicht,0,1,1,0,0,0,"357764,0983","5648314,353",6.974238902,50.9688486,nass/feucht,,"Fuss, PKW"
233961,5,3,15,0,2019,Januar,20,Mittwoch,Unfall mit Leichtverletzten,Abkommen von Fahrbahn nach links,Fahrunfall,Dunkelheit,0,0,0,0,0,1,"356302,91","5650777,53",6.952468656,50.990622,winterglatt,,Sonstige
233962,5,3,15,0,2019,Januar,17,Mittwoch,Unfall mit Leichtverletzten,Zusammenstoß mit vorausfahrendem / wartendem Fahrzeug,Unfall im Längsverkehr,Dunkelheit,0,1,0,0,1,0,"357310,3372","5647585,495",6.968066542,50.96218621,nass/feucht,,"PKW, Gkfz"
233963,5,3,15,0,2019,Januar,14,Mittwoch,Unfall mit Schwerverletzten,Unfall anderer Art,Sonstiger Unfall,Tageslicht,1,1,0,0,0,0,"353725,4749","5646747,078",6.917389881,50.95375273,trocken,,"Rad, PKW"
233964,5,3,15,0,2019,Januar,15,Mittwoch,Unfall mit Schwerverletzten,Unfall anderer Art,Sonstiger Unfall,Tageslicht,0,1,0,0,0,1,"353182,352","5647233,726",6.909466271,50.95798793,nass/feucht,,"PKW, Sonstige"
233965,5,3,15,0,2019,Januar,21,Mittwoch,Unfall mit Leichtverletzten,Zusammenstoß mit vorausfahrendem / wartendem Fahrzeug,Unfall im Längsverkehr,Dunkelheit,0,1,0,0,0,0,"356514,4251","5641870,991",6.958990436,50.91063298,winterglatt,,PKW
233966,5,3,15,0,2019,Januar,7,Mittwoch,Unfall mit Leichtverletzten,Zusammenstoß mit einbiegendem / kreuzendem Fahrzeug,Einbiegen / Kreuzen-Unfall,Dunkelheit,1,1,0,0,0,0,"352223,517","5643506,36",6.897335243,50.92424677,winterglatt,,"Rad, PKW"
234013,5,3,15,0,2019,Januar,12,Dienstag,Unfall mit Leichtverletzten,Zusammenstoß mit seitlich in gleicher Richtung fahrendem Fahrzeug,Unfall durch ruhenden Verkehr,Tageslicht,1,1,0,0,0,0,"359918,5615","5646081,782",7.005762674,50.94931222,trocken,,"Rad, PKW"
234014,5,3,15,0,2019,Januar,18,Dienstag,Unfall mit Leichtverletzten,Unfall anderer Art,Fahrunfall,Dunkelheit,0,0,0,1,0,0,"356580,1903","5647179,931",6.957835971,50.95836018,trocken,,Krad
234016,5,3,15,0,2019,Januar,16,Dienstag,Unfall mit Leichtverletzten,Unfall anderer Art,Einbiegen / Kreuzen-Unfall,Tageslicht,1,1,0,0,0,0,"348207,194","5647848,025",6.838421882,50.9622191,trocken,,"Rad, PKW"
234017,5,3,15,0,2019,Januar,13,Dienstag,Unfall mit Leichtverletzten,Zusammenstoß mit vorausfahrendem / wartendem Fahrzeug,Unfall im Längsverkehr,Tageslicht,0,1,0,0,0,0,"352319,2855","5645929,125",6.897715102,50.94604358,trocken,,PKW
234018,5,3,15,0,2019,Januar,12,Dienstag,Unfall mit Schwerverletzten,Zusammenstoß mit einbiegendem / kreuzendem Fahrzeug,Einbiegen / Kreuzen-Unfall,Tageslicht,0,1,0,0,1,0,"351477,131","5644622,09",6.886268289,50.9340816,trocken,,"PKW, Gkfz"
234019,5,3,15,0,2019,Januar,9,Dienstag,Unfall mit Leichtverletzten,Zusammenstoß zwischen Fahrzeug und Fußgänger,Abbiegeunfall,Tageslicht,0,1,1,0,0,0,"356987,968","5640390,834",6.966301644,50.89744836,trocken,,"Fuss, PKW"
234075,5,3,15,0,2019,Januar,17,Donnerstag,Unfall mit Leichtverletzten,Zusammenstoß mit anfahrendem/ anhaltendem/ruhendem Fahrzeug,Unfall durch ruhenden Verkehr,Dämmerung,0,1,0,0,1,0,"351947,4775","5653729,9",6.889248602,51.01604933,winterglatt,,"PKW, Gkfz"
234076,5,3,15,0,2019,Januar,16,Donnerstag,Unfall mit Leichtverletzten,Zusammenstoß mit vorausfahrendem / wartendem Fahrzeug,Unfall im Längsverkehr,Tageslicht,0,1,0,0,0,0,"357353,0917","5646882,465",6.968950536,50.95587873,nass/feucht,,PKW
234077,5,3,15,0,2019,Januar,21,Donnerstag,Unfall mit Leichtverletzten,Zusammenstoß mit vorausfahrendem / wartendem Fahrzeug,Unfall im Längsverkehr,Dunkelheit,0,1,0,0,0,0,"355567,2054","5645182,034",6.94421439,50.94015251,nass/feucht,,PKW
234141,5,3,15,0,2019,Januar,19,Mittwoch,Unfall mit Leichtverletzten,Zusammenstoß mit einbiegendem / kreuzendem Fahrzeug,Einbiegen / Kreuzen-Unfall,Dunkelheit,0,1,0,0,0,0,"360832,1816","5644956,675",7.019190775,50.93942196,trocken,,PKW
234143,5,3,15,0,2019,Januar,0,Mittwoch,Unfall mit Leichtverletzten,Zusammenstoß zwischen Fahrzeug und Fußgänger,Abbiegeunfall,Dunkelheit,0,1,1,0,0,0,"360101,5136","5644386,451",7.009016628,50.93412045,nass/feucht,,"Fuss, PKW"
234144,5,3,15,0,2019,Januar,18,Mittwoch,Unfall mit Leichtverletzten,Abkommen von Fahrbahn nach rechts,Sonstiger Unfall,Dunkelheit,0,1,0,0,0,0,"354878,0285","5656427,742",6.929919234,51.04104074,trocken,,PKW
234145,5,3,15,0,2019,Januar,7,Mittwoch,Unfall mit Leichtverletzten,Zusammenstoß mit seitlich in gleicher Richtung fahrendem Fahrzeug,Unfall im Längsverkehr,Dunkelheit,0,1,0,1,0,0,"353301,1297","5646356,705",6.911509773,50.95013675,nass/feucht,,"Krad, PKW"
234147,5,3,15,0,2019,Januar,13,Mittwoch,Unfall mit Leichtverletzten,Zusammenstoß mit anfahrendem/ anhaltendem/ruhendem Fahrzeug,Unfall durch ruhenden Verkehr,Tageslicht,1,1,0,0,0,0,"355151,6502","5640889,723",6.940008371,50.90147412,trocken,,"Rad, PKW"
234206,5,3,15,0,2019,Januar,14,Dienstag,Unfall mit Leichtverletzten,Zusammenstoß mit vorausfahrendem / wartendem Fahrzeug,Unfall im Längsverkehr,Tageslicht,0,1,0,0,0,0,"361592,444","5646823,884",7.029295212,50.95638603,nass/feucht,,PKW
234207,5,3,15,0,2019,Januar,13,Dienstag,Unfall mit Schwerverletzten,Zusammenstoß zwischen Fahrzeug und Fußgänger,Überschreiten-Unfall,Tageslicht,0,1,1,0,0,0,"362545,2321","5650970,265",7.041285333,50.99387878,nass/feucht,,"Fuss, PKW"
234208,5,3,15,0,2019,Januar,7,Dienstag,Unfall mit Leichtverletzten,Zusammenstoß mit anfahrendem/ anhaltendem/ruhendem Fahrzeug,Sonstiger Unfall,Dunkelheit,1,1,0,0,0,0,"349210,1391","5645571,339",6.853636337,50.94202357,nass/feucht,,"Rad, PKW"
234209,5,3,15,0,2019,Januar,8,Dienstag,Unfall mit Leichtverletzten,Zusammenstoß mit entgegenkommendem Fahrzeug,Sonstiger Unfall,Tageslicht,0,1,0,1,0,0,"355701,3138","5643949,33",6.946610012,50.92910799,nass/feucht,,"Krad, PKW"
234249,5,3,15,0,2019,Januar,13,Montag,Unfall mit Leichtverletzten,Zusammenstoß mit einbiegendem / kreuzendem Fahrzeug,Einbiegen / Kreuzen-Unfall,Tageslicht,0,1,0,0,0,0,"364266,0191","5641070,14",7.069481949,50.90531024,nass/feucht,,PKW
234250,5,3,15,0,2019,Januar,4,Montag,Unfall mit Leichtverletzten,Zusammenstoß mit einbiegendem / kreuzendem Fahrzeug,Einbiegen / Kreuzen-Unfall,Dunkelheit,0,1,0,0,0,0,"363436,041","5643826,301",7.056652721,50.92988538,nass/feucht,,PKW
234251,5,3,15,0,2019,Januar,21,Montag,Unfall mit Leichtverletzten,Zusammenstoß zwischen Fahrzeug und Fußgänger,Überschreiten-Unfall,Dunkelheit,1,0,1,0,0,0,"359245,6027","5647207,181",6.995753345,50.95926232,nass/feucht,,"Rad, Fuss"
234252,5,3,15,0,2019,Januar,0,Montag,Unfall mit Leichtverletzten,Unfall anderer Art,Fahrunfall,Dunkelheit,1,0,0,0,0,0,"356250,1804","5647681,565",6.952941977,50.96278605,nass/feucht,,Rad
234253,5,3,15,0,2019,Januar,12,Montag,Unfall mit Schwerverletzten,Zusammenstoß mit entgegenkommendem Fahrzeug,Abbiegeunfall,Tageslicht,0,1,0,0,0,0,"354926,9702","5642887,621",6.936021018,50.91937242,nass/feucht,,PKW
234254,5,3,15,0,2019,Januar,18,Montag,Unfall mit Leichtverletzten,Zusammenstoß mit einbiegendem / kreuzendem Fahrzeug,Einbiegen / Kreuzen-Unfall,Dunkelheit,0,1,0,0,0,0,"355514,4773","5643406,883",6.944168099,50.92418635,nass/feucht,,PKW
234255,5,3,15,0,2019,Januar,18,Montag,Unfall mit Leichtverletzten,Unfall anderer Art,Unfall durch ruhenden Verkehr,Dunkelheit,1,1,0,0,0,0,"356391,633","5644416,518",6.956242584,50.93347883,nass/feucht,,"Rad, PKW"
234276,5,3,15,0,2019,Januar,14,Sonntag,Unfall mit Leichtverletzten,Abkommen von Fahrbahn nach links,Fahrunfall,Tageslicht,0,1,0,0,0,0,"358007,1257","5643588,358",6.979540632,50.92643614,nass/feucht,,PKW
234277,5,3,15,0,2019,Januar,7,Sonntag,Unfall mit Leichtverletzten,Zusammenstoß mit einbiegendem / kreuzendem Fahrzeug,Einbiegen / Kreuzen-Unfall,Dämmerung,1,1,0,0,0,0,"358386,9219","5648327,144",6.983098448,50.96911701,trocken,,"Rad, PKW"
234278,5,3,15,0,2019,Januar,19,Sonntag,Unfall mit Leichtverletzten,Zusammenstoß mit einbiegendem / kreuzendem Fahrzeug,Einbiegen / Kreuzen-Unfall,Dunkelheit,0,1,0,0,0,0,"354499,4065","5642127,524",6.930245383,50.91243397,nass/feucht,,PKW
234346,5,3,15,0,2019,Februar,10,Dienstag,Unfall mit Leichtverletzten,Unfall anderer Art,Fahrunfall,Tageslicht,0,0,0,0,0,1,"357119,9911","5648932,051",6.964828844,50.97424036,trocken,,Sonstige
234347,5,3,15,0,2019,Februar,8,Dienstag,Unfall mit Leichtverletzten,Unfall anderer Art,Abbiegeunfall,Tageslicht,1,0,0,0,0,0,"356011,964","5647166,278",6.94975589,50.95809578,winterglatt,,Rad
234348,5,3,15,0,2019,Februar,7,Dienstag,Unfall mit Leichtverletzten,Zusammenstoß zwischen Fahrzeug und Fußgänger,Überschreiten-Unfall,Tageslicht,0,1,1,0,0,0,"356403,606","5646387,945",6.955635713,50.95119876,trocken,,"Fuss, PKW"
234386,5,3,15,0,2019,Februar,11,Montag,Unfall mit Leichtverletzten,Unfall anderer Art,Sonstiger Unfall,Tageslicht,1,0,0,0,0,0,"360370,3471","5640212,009",7.014437794,50.89666896,nass/feucht,,Rad
234388,5,3,15,0,2019,Februar,10,Montag,Unfall mit Leichtverletzten,Zusammenstoß mit anfahrendem/ anhaltendem/ruhendem Fahrzeug,Unfall durch ruhenden Verkehr,Tageslicht,1,1,0,0,0,0,"361314,3114","5649456,204",7.024333879,50.97997635,trocken,,"Rad, PKW"
234389,5,3,15,0,2019,Februar,12,Montag,Unfall mit Schwerverletzten,Unfall anderer Art,Fahrunfall,Tageslicht,1,0,0,0,0,0,"352486,6525","5652854,163",6.897285999,51.00831816,trocken,,Rad
234416,5,3,15,0,2019,Februar,17,Sonntag,Unfall mit Leichtverletzten,Zusammenstoß mit einbiegendem / kreuzendem Fahrzeug,Sonstiger Unfall,Dämmerung,0,1,0,0,0,0,"353495,143","5651819,692",6.912068689,50.9992796,nass/feucht,,PKW
234417,5,3,15,0,2019,Februar,17,Sonntag,Unfall mit Leichtverletzten,Unfall anderer Art,Sonstiger Unfall,Dämmerung,1,0,0,0,0,0,"353864,2702","5646567,473",6.919436706,50.95217389,nass/feucht,,Rad
234418,5,3,15,0,2019,Februar,9,Sonntag,Unfall mit Leichtverletzten,Unfall anderer Art,Fahrunfall,Tageslicht,1,0,0,0,0,0,"353752,1962","5643141,736",6.919217147,50.92135954,nass/feucht,,Rad
234419,5,3,15,0,2019,Februar,11,Sonntag,Unfall mit Leichtverletzten,Zusammenstoß mit einbiegendem / kreuzendem Fahrzeug,Abbiegeunfall,Tageslicht,0,1,0,0,0,0,"356869,075","5644432,313",6.963026481,50.93373946,nass/feucht,,PKW
234466,5,3,15,0,2019,Februar,14,Samstag,Unfall mit Leichtverletzten,Zusammenstoß zwischen Fahrzeug und Fußgänger,Überschreiten-Unfall,Tageslicht,0,1,1,0,0,0,"365508,7834","5636321,753",7.088894356,50.86292418,nass/feucht,,"Fuss, PKW"
234467,5,3,15,0,2019,Februar,10,Samstag,Unfall mit Leichtverletzten,Zusammenstoß mit einbiegendem / kreuzendem Fahrzeug,Einbiegen / Kreuzen-Unfall,Tageslicht,0,1,0,0,0,0,"361838,2534","5648434,877",7.032181162,50.97092342,nass/feucht,,PKW
234468,5,3,15,0,2019,Februar,1,Samstag,Unfall mit Leichtverletzten,Zusammenstoß mit anfahrendem/ anhaltendem/ruhendem Fahrzeug,Sonstiger Unfall,Dunkelheit,0,1,0,0,0,0,"360349,9386","5647722,143",7.011270522,50.96415905,winterglatt,,PKW
234469,5,3,15,0,2019,Februar,13,Samstag,Unfall mit Schwerverletzten,Zusammenstoß zwischen Fahrzeug und Fußgänger,Abbiegeunfall,Tageslicht,0,1,1,0,0,0,"352469,875","5654123,955",6.896530643,51.01972473,nass/feucht,,"Fuss, PKW"
234470,5,3,15,0,2019,Februar,12,Samstag,Unfall mit Leichtverletzten,Zusammenstoß mit entgegenkommendem Fahrzeug,Sonstiger Unfall,Tageslicht,0,1,0,0,0,0,"353817,9258","5646811,409",6.918679405,50.9543543,nass/feucht,,PKW
234471,5,3,15,0,2019,Februar,11,Samstag,Unfall mit Leichtverletzten,Zusammenstoß zwischen Fahrzeug und Fußgänger,Überschreiten-Unfall,Tageslicht,0,1,1,0,0,0,"352900,7293","5645850,955",6.9060178,50.94548975,nass/feucht,,"Fuss, PKW"
234472,5,3,15,0,2019,Februar,10,Samstag,Unfall mit Leichtverletzten,Zusammenstoß mit seitlich in gleicher Richtung fahrendem Fahrzeug,Abbiegeunfall,Tageslicht,0,1,0,0,0,0,"356768,413","5641852,082",6.962608263,50.91052612,nass/feucht,,PKW
234473,5,3,15,0,2019,Februar,18,Samstag,Unfall mit Leichtverletzten,Unfall anderer Art,Sonstiger Unfall,Dunkelheit,1,0,0,0,0,1,"353246,244","5644613,747",6.911431127,50.9344595,nass/feucht,,"Rad, Sonstige"
234474,5,3,15,0,2019,Februar,6,Samstag,Unfall mit Leichtverletzten,Zusammenstoß mit entgegenkommendem Fahrzeug,Unfall im Längsverkehr,Dunkelheit,1,1,0,0,0,0,"352081,215","5643148,924",6.895456912,50.92099818,winterglatt,,"Rad, PKW"
234475,5,3,15,0,2019,Februar,18,Samstag,Unfall mit Leichtverletzten,Zusammenstoß mit anfahrendem/ anhaltendem/ruhendem Fahrzeug,Unfall durch ruhenden Verkehr,Dunkelheit,1,1,0,0,0,0,"356011,2019","5645725,887",6.950314709,50.94515106,nass/feucht,,"Rad, PKW"
234476,5,3,15,0,2019,Februar,12,Samstag,Unfall mit Leichtverletzten,Unfall anderer Art,Fahrunfall,Tageslicht,1,1,0,0,0,0,"356491,6557","5646162,875",6.956977123,50.94919801,nass/feucht,,"Rad, PKW"
234477,5,3,15,0,2019,Februar,13,Samstag,Unfall mit Leichtverletzten,Zusammenstoß mit vorausfahrendem / wartendem Fahrzeug,Unfall im Längsverkehr,Tageslicht,0,1,0,0,0,1,"355955,9075","5642968,679",6.950617828,50.92035865,nass/feucht,,"PKW, Sonstige"
234535,5,3,15,0,2019,Januar,8,Freitag,Unfall mit Leichtverletzten,Zusammenstoß zwischen Fahrzeug und Fußgänger,Abbiegeunfall,Dämmerung,0,1,1,0,0,0,"359520,6803","5644687,784",7.000639629,50.93668738,nass/feucht,,"Fuss, PKW"
234536,5,3,15,0,2019,Januar,15,Freitag,Unfall mit Leichtverletzten,Zusammenstoß mit einbiegendem / kreuzendem Fahrzeug,Sonstiger Unfall,Tageslicht,0,1,0,1,0,0,"355827,0929","5647983,488",6.946801518,50.96539365,nass/feucht,,"Krad, PKW"
234537,5,3,15,0,2019,Januar,12,Freitag,Unfall mit Leichtverletzten,Zusammenstoß zwischen Fahrzeug und Fußgänger,Sonstiger Unfall,Tageslicht,0,1,1,0,0,0,"351940,3752","5649371,031",6.890924583,50.97687695,nass/feucht,,"Fuss, PKW"
234538,5,3,15,0,2019,Januar,10,Freitag,Unfall mit Leichtverletzten,Zusammenstoß mit vorausfahrendem / wartendem Fahrzeug,Abbiegeunfall,Tageslicht,0,1,0,0,0,0,"358622,8884","5640337,877",6.989556097,50.897375,winterglatt,,PKW
234563,5,3,15,0,2019,Februar,8,Dienstag,Unfall mit Leichtverletzten,Zusammenstoß mit anfahrendem/ anhaltendem/ruhendem Fahrzeug,Unfall durch ruhenden Verkehr,Tageslicht,1,1,0,0,0,0,"360320,982","5646916,333",7.011167736,50.95691011,nass/feucht,,"Rad, PKW"
234564,5,3,15,0,2019,Februar,17,Dienstag,Unfall mit Leichtverletzten,Zusammenstoß mit einbiegendem / kreuzendem Fahrzeug,Abbiegeunfall,Dämmerung,1,1,0,0,0,0,"356816,5742","5641539,527",6.963415492,50.90772916,nass/feucht,,"Rad, PKW"
234565,5,3,15,0,2019,Februar,9,Dienstag,Unfall mit Leichtverletzten,Zusammenstoß mit vorausfahrendem / wartendem Fahrzeug,Unfall im Längsverkehr,Tageslicht,0,1,0,0,1,0,"356196,6137","5644408,124",6.953472376,50.9333548,nass/feucht,,"PKW, Gkfz"
234566,5,3,15,0,2019,Februar,18,Dienstag,Unfall mit Leichtverletzten,Unfall anderer Art,Sonstiger Unfall,Dunkelheit,1,1,0,0,0,0,"355207,9049","5645865,105",6.938832292,50.94620099,nass/feucht,,"Rad, PKW"
234599,5,3,15,0,2019,Februar,16,Montag,Unfall mit Leichtverletzten,Zusammenstoß mit seitlich in gleicher Richtung fahrendem Fahrzeug,Unfall im Längsverkehr,Tageslicht,0,1,0,0,0,0,"359534,5829","5644907,913",7.000752506,50.93866909,nass/feucht,,PKW
234620,5,3,15,0,2019,Februar,5,Sonntag,Unfall mit Schwerverletzten,Zusammenstoß mit anfahrendem/ anhaltendem/ruhendem Fahrzeug,Sonstiger Unfall,Dunkelheit,0,1,0,0,0,0,"353965,5501","5649622,329",6.919651303,50.9796524,nass/feucht,,PKW
234621,5,3,15,0,2019,Februar,3,Sonntag,Unfall mit Leichtverletzten,Zusammenstoß mit einbiegendem / kreuzendem Fahrzeug,Einbiegen / Kreuzen-Unfall,Dunkelheit,1,0,0,0,0,0,"353260,2004","5646928,278",6.910697109,50.95526282,nass/feucht,,Rad
234623,5,3,15,0,2019,Februar,1,Sonntag,Unfall mit Leichtverletzten,Zusammenstoß zwischen Fahrzeug und Fußgänger,Überschreiten-Unfall,Dunkelheit,0,1,1,0,0,0,"356528,034","5644601,954",6.958109448,50.93517927,nass/feucht,,"Fuss, PKW"
234650,5,3,15,0,2019,Februar,2,Sonntag,Unfall mit Leichtverletzten,Abkommen von Fahrbahn nach links,Fahrunfall,Dunkelheit,0,1,0,0,0,0,"362229,4931","5646458,699",7.038498304,50.95325666,nass/feucht,,PKW