OBJECTID,ULAND,UREGBEZ,UKREIS,UGEMEINDE,UJAHR,UMONAT,USTUNDE,UWOCHENTAG,UKATEGORIE,UART,UTYP1,ULICHTVERH,IstRad,IstPKW,IstFuss,IstKrad,IstGkfz,IstSonstige,LINREFX,LINREFY,XGCSWGS84,YGCSWGS84,USTRZUSTAND,UIDENTSTLAE,Participants
234662,5,3,15,0,2019,Februar,14,Samstag,Unfall mit Leichtverletzten,Zusammenstoß zwischen Fahrzeug und Fußgänger,Überschreiten-Unfall,Tageslicht,0,1,1,0,0,0,"363456,6497","5643817,563",7.056949082,50.92981172,trocken,,"Fuss, PKW"
234663,5,3,15,0,2019,Februar,13,Samstag,Unfall mit Leichtverletzten,Zusammenstoß mit vorausfahrendem / wartendem Fahrzeug,Unfall im Längsverkehr,Tageslicht,0,1,0,0,0,0,"362707,8883","5650854,821",7.043645357,50.99288009,trocken,,PKW
234665,5,3,15,0,2019,Februar,7,Samstag,Unfall mit Leichtverletzten,Zusammenstoß mit einbiegendem / kreuzendem Fahrzeug,Abbiegeunfall,Dämmerung,1,1,0,0,0,0,"352337,443","5645926,659",6.897974394,50.94602606,trocken,,"Rad, PKW"
234666,5,3,15,0,2019,Februar,10,Samstag,Unfall mit Leichtverletzten,Unfall anderer Art,Sonstiger Unfall,Tageslicht,1,1,0,0,0,0,"353542,72","5642410,396",6.916532501,50.91473409,trocken,,"Rad, PKW"
234717,5,3,15,0,2019,Februar,16,Freitag,Unfall mit Leichtverletzten,Zusammenstoß mit einbiegendem / kreuzendem Fahrzeug,Einbiegen / Kreuzen-Unfall,Tageslicht,0,1,0,0,0,0,"363614,4057","5640497,276",7.060433844,50.90000806,trocken,,PKW
234718,5,3,15,0,2019,Februar,13,Freitag,Unfall mit Leichtverletzten,Zusammenstoß zwischen Fahrzeug und Fußgänger,Unfall im Längsverkehr,Tageslicht,0,1,1,0,0,0,"364948,5311","5645622,027",7.077497283,50.94638064,trocken,,"Fuss, PKW"
234719,5,3,15,0,2019,Februar,15,Freitag,Unfall mit Leichtverletzten,Unfall anderer Art,Überschreiten-Unfall,Tageslicht,1,0,1,0,0,0,"362987,9047","5645175,786",7.049772143,50.94190745,trocken,,"Rad, Fuss"
234720,5,3,15,0,2019,Februar,7,Freitag,Unfall mit Leichtverletzten,Unfall anderer Art,Einbiegen / Kreuzen-Unfall,Tageslicht,0,1,0,1,0,0,"356907,516","5650357,483",6.961243246,50.98699773,nass/feucht,,"Krad, PKW"
234721,5,3,15,0,2019,Februar,18,Freitag,Unfall mit Leichtverletzten,Zusammenstoß zwischen Fahrzeug und Fußgänger,Sonstiger Unfall,Dunkelheit,0,0,1,0,0,1,"355921,8551","5649164,821",6.947682115,50.97603372,nass/feucht,,"Fuss, Sonstige"
234722,5,3,15,0,2019,Februar,6,Freitag,Unfall mit Leichtverletzten,Zusammenstoß mit seitlich in gleicher Richtung fahrendem Fahrzeug,Unfall im Längsverkehr,Dunkelheit,0,1,0,0,0,1,"353568,5529","5648272,651",6.914543359,50.9674226,trocken,,"PKW, Sonstige"
234723,5,3,15,0,2019,Februar,13,Freitag,Unfall mit Leichtverletzten,Abkommen von Fahrbahn nach rechts,Sonstiger Unfall,Tageslicht,0,1,0,0,0,0,"352237,9429","5644644,738",6.897078929,50.93448055,nass/feucht,,PKW
234765,5,3,15,0,2019,Februar,6,Donnerstag,Unfall mit Leichtverletzten,Unfall anderer Art,Fahrunfall,Dämmerung,1,0,0,0,0,0,"363165,8874","5641670,972",7.053619342,50.91045049,winterglatt,,Rad
234766,5,3,15,0,2019,Februar,12,Donnerstag,Unfall mit Leichtverletzten,Zusammenstoß mit anfahrendem/ anhaltendem/ruhendem Fahrzeug,Sonstiger Unfall,Tageslicht,0,1,0,1,0,0,"359617,3203","5645152,379",7.001835143,50.94088629,trocken,,"Krad, PKW"
234767,5,3,15,0,2019,Februar,22,Donnerstag,Unfall mit Leichtverletzten,Unfall anderer Art,Fahrunfall,Dunkelheit,0,0,0,1,0,0,"351418,0347","5646122,169",6.884816051,50.94754678,trocken,,Krad
234808,5,3,15,0,2019,Februar,16,Mittwoch,Unfall mit Leichtverletzten,Zusammenstoß mit einbiegendem / kreuzendem Fahrzeug,Einbiegen / Kreuzen-Unfall,Tageslicht,1,1,0,0,0,0,"359182,59","5644764,225",6.995801389,50.9372919,trocken,,"Rad, PKW"
234809,5,3,15,0,2019,Februar,7,Mittwoch,Unfall mit Leichtverletzten,Zusammenstoß zwischen Fahrzeug und Fußgänger,Abbiegeunfall,Dunkelheit,0,1,1,0,0,0,"347796,6079","5646102,516",6.833309287,50.94642541,nass/feucht,,"Fuss, PKW"
234810,5,3,15,0,2019,Februar,16,Mittwoch,Unfall mit Leichtverletzten,Unfall anderer Art,Sonstiger Unfall,Tageslicht,1,0,0,0,0,0,"351928,8875","5648660,516",6.891050393,50.97048899,trocken,,Rad
234811,5,3,15,0,2019,Februar,18,Mittwoch,Unfall mit Leichtverletzten,Unfall anderer Art,Sonstiger Unfall,Dunkelheit,0,0,0,1,0,1,"353270,3552","5647177,542",6.910741107,50.95750544,trocken,,"Krad, Sonstige"
234812,5,3,15,0,2019,Februar,20,Mittwoch,Unfall mit Leichtverletzten,Zusammenstoß mit einbiegendem / kreuzendem Fahrzeug,Abbiegeunfall,Dunkelheit,0,1,0,1,0,0,"355119,8035","5644036,591",6.938306076,50.92974643,trocken,,"Krad, PKW"
234839,5,3,15,0,2019,Februar,13,Samstag,Unfall mit Leichtverletzten,Zusammenstoß mit einbiegendem / kreuzendem Fahrzeug,Einbiegen / Kreuzen-Unfall,Tageslicht,0,1,0,0,0,0,"359520,8328","5644687,011",7.000642096,50.93668047,trocken,,PKW
234840,5,3,15,0,2019,Februar,7,Samstag,Unfall mit Leichtverletzten,Zusammenstoß mit einbiegendem / kreuzendem Fahrzeug,Abbiegeunfall,Tageslicht,0,1,0,0,0,0,"360622,1857","5646328,589",7.01567874,50.95170088,trocken,,PKW
234841,5,3,15,0,2019,Februar,22,Samstag,Unfall mit Schwerverletzten,Zusammenstoß zwischen Fahrzeug und Fußgänger,Überschreiten-Unfall,Dunkelheit,0,1,1,0,0,0,"355346,436","5648397,256",6.939796558,50.96899158,trocken,,"Fuss, PKW"
234842,5,3,15,0,2019,Februar,7,Samstag,Unfall mit Leichtverletzten,Zusammenstoß zwischen Fahrzeug und Fußgänger,Abbiegeunfall,Tageslicht,0,1,1,0,0,0,"353385,8135","5648039,015",6.912036822,50.96527652,trocken,,"Fuss, PKW"
234843,5,3,15,0,2019,Februar,9,Samstag,Unfall mit Leichtverletzten,Unfall anderer Art,Unfall durch ruhenden Verkehr,Tageslicht,1,1,0,0,0,0,"355735,5354","5645557,227",6.946460083,50.94356643,trocken,,"Rad, PKW"
234916,5,3,15,0,2019,Februar,20,Freitag,Unfall mit Schwerverletzten,Zusammenstoß mit entgegenkommendem Fahrzeug,Abbiegeunfall,Dunkelheit,0,1,0,1,0,0,"359291,8397","5643924,408",6.997679523,50.92977104,trocken,,"Krad, PKW"
234917,5,3,15,0,2019,Februar,14,Freitag,Unfall mit Leichtverletzten,Zusammenstoß zwischen Fahrzeug und Fußgänger,Überschreiten-Unfall,Tageslicht,0,1,1,0,0,0,"365176,094","5636498,768",7.08410447,50.86443764,trocken,,"Fuss, PKW"
234918,5,3,15,0,2019,Februar,10,Freitag,Unfall mit Schwerverletzten,Zusammenstoß mit einbiegendem / kreuzendem Fahrzeug,Abbiegeunfall,Tageslicht,1,1,0,0,0,0,"363476,2805","5647978,656",7.055668153,50.96721378,trocken,,"Rad, PKW"
234919,5,3,15,0,2019,Februar,8,Freitag,Unfall mit Leichtverletzten,Zusammenstoß mit anfahrendem/ anhaltendem/ruhendem Fahrzeug,Unfall durch ruhenden Verkehr,Tageslicht,0,1,0,0,0,0,"351463,7803","5651703,477",6.883187018,50.99771447,trocken,,PKW
234920,5,3,15,0,2019,Februar,16,Freitag,Unfall mit Leichtverletzten,Zusammenstoß mit einbiegendem / kreuzendem Fahrzeug,Einbiegen / Kreuzen-Unfall,Tageslicht,0,1,0,0,0,0,"356410,6317","5648360,709",6.954957246,50.9689294,trocken,,PKW
234922,5,3,15,0,2019,Februar,9,Freitag,Unfall mit Leichtverletzten,Zusammenstoß mit einbiegendem / kreuzendem Fahrzeug,Abbiegeunfall,Tageslicht,1,1,0,0,0,0,"352493,0231","5644787,785",6.900648673,50.93583135,trocken,,"Rad, PKW"
234923,5,3,15,0,2019,Februar,6,Freitag,Unfall mit Schwerverletzten,Zusammenstoß mit anfahrendem/ anhaltendem/ruhendem Fahrzeug,Unfall durch ruhenden Verkehr,Dunkelheit,1,1,0,0,0,0,"352909,9127","5648643,303",6.905019892,50.97058567,trocken,,"Rad, PKW"
234924,5,3,15,0,2019,Februar,19,Freitag,Unfall mit Leichtverletzten,Zusammenstoß zwischen Fahrzeug und Fußgänger,Unfall im Längsverkehr,Dunkelheit,0,1,1,0,0,0,"353844,4849","5645887,977",6.919427957,50.94606248,trocken,,"Fuss, PKW"
234925,5,3,15,0,2019,Februar,7,Freitag,Unfall mit Leichtverletzten,Zusammenstoß mit einbiegendem / kreuzendem Fahrzeug,Abbiegeunfall,Tageslicht,1,1,0,0,0,0,"355100,9955","5641289,038",6.939129986,50.90504998,trocken,,"Rad, PKW"
234926,5,3,15,0,2019,Februar,18,Freitag,Unfall mit Leichtverletzten,Zusammenstoß mit vorausfahrendem / wartendem Fahrzeug,Unfall im Längsverkehr,Dunkelheit,0,1,0,0,0,0,"355967,874","5644649,983",6.950123722,50.93547127,trocken,,PKW
234990,5,3,15,0,2019,Februar,10,Donnerstag,Unfall mit Leichtverletzten,Zusammenstoß mit vorausfahrendem / wartendem Fahrzeug,Unfall im Längsverkehr,Tageslicht,0,1,0,0,0,0,"365870,374","5636004,206",7.094145869,50.86015415,trocken,,PKW
234991,5,3,15,0,2019,Februar,13,Donnerstag,Unfall mit Leichtverletzten,Zusammenstoß mit anfahrendem/ anhaltendem/ruhendem Fahrzeug,Unfall durch ruhenden Verkehr,Tageslicht,1,1,0,0,0,0,"360071,9259","5647861,002",7.007260545,50.96533954,trocken,,"Rad, PKW"
234992,5,3,15,0,2019,Februar,15,Donnerstag,Unfall mit Leichtverletzten,Unfall anderer Art,Sonstiger Unfall,Tageslicht,0,1,0,0,0,0,"366108,4919","5647863,006",7.093175503,50.9667922,trocken,,PKW
234993,5,3,15,0,2019,Februar,15,Donnerstag,Unfall mit Leichtverletzten,Zusammenstoß zwischen Fahrzeug und Fußgänger,Überschreiten-Unfall,Tageslicht,0,1,1,0,0,0,"354906,4657","5647921,329",6.933724543,50.96460391,trocken,,"Fuss, PKW"
234994,5,3,15,0,2019,Februar,8,Donnerstag,Unfall mit Leichtverletzten,Zusammenstoß mit einbiegendem / kreuzendem Fahrzeug,Einbiegen / Kreuzen-Unfall,Tageslicht,1,1,0,0,0,0,"347760,144","5646099,732",6.832791766,50.94639076,trocken,,"Rad, PKW"
234995,5,3,15,0,2019,Februar,15,Donnerstag,Unfall mit Leichtverletzten,Unfall anderer Art,Fahrunfall,Tageslicht,1,0,0,0,0,0,"354282,7866","5641757,174",6.927313987,50.90905108,trocken,,Rad
234996,5,3,15,0,2019,Februar,18,Donnerstag,Unfall mit Leichtverletzten,Zusammenstoß mit anfahrendem/ anhaltendem/ruhendem Fahrzeug,Abbiegeunfall,Dunkelheit,1,1,0,0,0,0,"355774,6787","5644455,913",6.94745284,50.93367891,trocken,,"Rad, PKW"
235050,5,3,15,0,2019,Februar,21,Mittwoch,Unfall mit Leichtverletzten,Zusammenstoß zwischen Fahrzeug und Fußgänger,Überschreiten-Unfall,Dunkelheit,0,1,1,0,0,0,"355839,5226","5649144,305",6.946518272,50.97582874,trocken,,"Fuss, PKW"
235051,5,3,15,0,2019,Februar,7,Mittwoch,Unfall mit Leichtverletzten,Unfall anderer Art,Fahrunfall,Tageslicht,1,0,0,0,0,0,"351660,894","5656153,324",6.884174177,51.03775315,winterglatt,,Rad
235052,5,3,15,0,2019,Februar,8,Mittwoch,Unfall mit Schwerverletzten,Unfall anderer Art,Einbiegen / Kreuzen-Unfall,Tageslicht,1,1,0,0,0,0,"351951,1556","5655032,403",6.888769222,51.02775504,nass/feucht,,"Rad, PKW"
235053,5,3,15,0,2019,Februar,20,Mittwoch,Unfall mit Leichtverletzten,Zusammenstoß mit einbiegendem / kreuzendem Fahrzeug,Abbiegeunfall,Dunkelheit,0,1,0,1,0,0,"352928,0303","5645844,613",6.906408718,50.94543972,trocken,,"Krad, PKW"
235054,5,3,15,0,2019,Februar,9,Mittwoch,Unfall mit Leichtverletzten,Zusammenstoß mit anfahrendem/ anhaltendem/ruhendem Fahrzeug,Unfall im Längsverkehr,Tageslicht,0,1,0,0,0,0,"357046,859","5639886,403",6.967335966,50.89292962,winterglatt,,PKW
235055,5,3,15,0,2019,Februar,19,Mittwoch,Unfall mit Leichtverletzten,Zusammenstoß mit entgegenkommendem Fahrzeug,Unfall im Längsverkehr,Dunkelheit,1,1,0,0,0,0,"355794,0619","5643661,192",6.948042898,50.92654174,trocken,,"Rad, PKW"
235109,5,3,15,0,2019,Februar,15,Mittwoch,Unfall mit Leichtverletzten,Zusammenstoß mit seitlich in gleicher Richtung fahrendem Fahrzeug,Abbiegeunfall,Tageslicht,1,1,0,0,1,0,"351682,4116","5646055,729",6.888603994,50.94701779,trocken,,"Rad, PKW, Gkfz"
235110,5,3,15,0,2019,Februar,14,Mittwoch,Unfall mit Leichtverletzten,Zusammenstoß mit anfahrendem/ anhaltendem/ruhendem Fahrzeug,Sonstiger Unfall,Tageslicht,0,1,0,1,0,0,"352493,0306","5644847,099",6.900624769,50.93636438,trocken,,"Krad, PKW"
235111,5,3,15,0,2019,Februar,12,Mittwoch,Unfall mit Leichtverletzten,Zusammenstoß mit anfahrendem/ anhaltendem/ruhendem Fahrzeug,Unfall durch ruhenden Verkehr,Tageslicht,1,0,0,0,0,0,"358834,6595","5640063,749",6.992671552,50.89496318,trocken,,Rad
235178,5,3,15,0,2019,Februar,20,Dienstag,Unfall mit Leichtverletzten,Unfall anderer Art,Unfall durch ruhenden Verkehr,Dunkelheit,1,1,0,0,0,0,"359531,7718","5644898,14",7.000716289,50.93858058,trocken,,"Rad, PKW"
235179,5,3,15,0,2019,Februar,19,Dienstag,Unfall mit Schwerverletzten,Zusammenstoß zwischen Fahrzeug und Fußgänger,Überschreiten-Unfall,Dunkelheit,0,1,1,0,0,0,"359560,6928","5644984,526",7.001094356,50.93936398,trocken,,"Fuss, PKW"
235180,5,3,15,0,2019,Februar,9,Dienstag,Unfall mit Leichtverletzten,Zusammenstoß mit seitlich in gleicher Richtung fahrendem Fahrzeug,Unfall im Längsverkehr,Tageslicht,1,0,0,0,1,0,"357663,2956","5645602,093",6.973864882,50.9444488,trocken,,"Rad, Gkfz"
235181,5,3,15,0,2019,Februar,17,Dienstag,Unfall mit Leichtverletzten,Zusammenstoß zwischen Fahrzeug und Fußgänger,Sonstiger Unfall,Tageslicht,0,0,1,0,0,1,"362039,5641","5649636,86",7.034590474,50.98177418,trocken,,"Fuss, Sonstige"
235182,5,3,15,0,2019,Februar,18,Dienstag,Unfall mit Schwerverletzten,Zusammenstoß mit einbiegendem / kreuzendem Fahrzeug,Abbiegeunfall,Tageslicht,1,1,0,0,0,0,"356097,3775","5647671,174",6.950771597,50.96265452,trocken,,"Rad, PKW"
235183,5,3,15,0,2019,Februar,13,Dienstag,Unfall mit Leichtverletzten,Unfall anderer Art,Sonstiger Unfall,Tageslicht,1,0,0,0,0,0,"357246,5653","5642744,537",6.969055953,50.91866505,trocken,,Rad
235184,5,3,15,0,2019,Februar,16,Dienstag,Unfall mit Leichtverletzten,Zusammenstoß zwischen Fahrzeug und Fußgänger,Abbiegeunfall,Tageslicht,0,1,1,0,0,0,"355799,932","5644902,787",6.947635154,50.93770121,trocken,,"Fuss, PKW"
235241,5,3,15,0,2019,Februar,15,Montag,Unfall mit Leichtverletzten,Zusammenstoß mit einbiegendem / kreuzendem Fahrzeug,Abbiegeunfall,Tageslicht,0,1,0,0,0,0,"359355,3221","5643119,71",6.998892719,50.9225546,trocken,,PKW
235242,5,3,15,0,2019,Februar,18,Montag,Unfall mit Leichtverletzten,Zusammenstoß mit seitlich in gleicher Richtung fahrendem Fahrzeug,Abbiegeunfall,Dunkelheit,1,1,0,0,0,0,"356528,265","5646354,067",6.957422612,50.95092534,trocken,,"Rad, PKW"
235279,5,3,15,0,2019,Februar,13,Sonntag,Unfall mit Leichtverletzten,Zusammenstoß zwischen Fahrzeug und Fußgänger,Überschreiten-Unfall,Tageslicht,1,0,1,0,0,0,"360108,6177","5648362,169",7.007589997,50.96985249,trocken,,"Rad, Fuss"
235280,5,3,15,0,2019,Februar,14,Sonntag,Unfall mit Leichtverletzten,Zusammenstoß mit vorausfahrendem / wartendem Fahrzeug,Abbiegeunfall,Tageslicht,0,1,0,0,0,0,"353269,624","5653255,203",6.908276639,51.01212235,trocken,,PKW
235281,5,3,15,0,2019,Februar,19,Sonntag,Unfall mit Leichtverletzten,Zusammenstoß zwischen Fahrzeug und Fußgänger,Überschreiten-Unfall,Dämmerung,1,0,1,0,0,0,"355549,618","5644998,429",6.944037029,50.93849807,trocken,,"Rad, Fuss"
235356,5,3,15,0,2019,Februar,16,Montag,Unfall mit Leichtverletzten,Zusammenstoß mit entgegenkommendem Fahrzeug,Einbiegen / Kreuzen-Unfall,Tageslicht,1,0,0,0,0,0,"366408,887","5636410,617",7.101644761,50.86393154,trocken,,Rad
235357,5,3,15,0,2019,Februar,4,Montag,Unfall mit Leichtverletzten,Unfall anderer Art,Unfall durch ruhenden Verkehr,Dunkelheit,0,1,0,0,0,0,"359377,5476","5650060,602",6.996527501,50.98493835,trocken,,PKW
235358,5,3,15,0,2019,Februar,15,Montag,Unfall mit Leichtverletzten,Zusammenstoß mit anfahrendem/ anhaltendem/ruhendem Fahrzeug,Unfall durch ruhenden Verkehr,Tageslicht,0,1,0,0,0,0,"354044,6895","5649863,065",6.920681228,50.98183587,trocken,,PKW
235359,5,3,15,0,2019,Februar,2,Montag,Unfall mit Leichtverletzten,Zusammenstoß mit anfahrendem/ anhaltendem/ruhendem Fahrzeug,Sonstiger Unfall,Dunkelheit,1,1,0,0,0,0,"355885,6764","5647735,826",6.947733352,50.96318262,trocken,,"Rad, PKW"
235360,5,3,15,0,2019,Februar,17,Montag,Unfall mit Leichtverletzten,Zusammenstoß mit einbiegendem / kreuzendem Fahrzeug,Abbiegeunfall,Tageslicht,0,1,1,0,0,0,"356685,0193","5644719,715",6.960295832,50.93627661,trocken,,"Fuss, PKW"
235394,5,3,15,0,2019,Februar,17,Sonntag,Unfall mit Schwerverletzten,Abkommen von Fahrbahn nach rechts,Fahrunfall,Dämmerung,0,0,0,1,0,0,"366535,9377","5635317,713",7.103847659,50.8541381,trocken,,Krad
235395,5,3,15,0,2019,Februar,12,Sonntag,Unfall mit Leichtverletzten,Unfall anderer Art,Sonstiger Unfall,Tageslicht,1,0,0,0,0,0,"358397,9941","5645741,719",6.984261946,50.94588454,trocken,,Rad
235396,5,3,15,0,2019,Februar,13,Sonntag,Unfall mit Leichtverletzten,Unfall anderer Art,Fahrunfall,Tageslicht,1,0,0,0,0,0,"354733,1804","5644292,195",6.932706257,50.93194624,trocken,,Rad
235397,5,3,15,0,2019,Februar,21,Sonntag,Unfall mit Schwerverletzten,Unfall anderer Art,Sonstiger Unfall,Dunkelheit,0,1,0,0,0,0,"355946,3511","5644891,294",6.949722218,50.93763452,trocken,,PKW
235456,5,3,15,0,2019,Februar,10,Samstag,Unfall mit Leichtverletzten,Unfall anderer Art,Sonstiger Unfall,Tageslicht,0,0,1,0,0,1,"360957,659","5643742,928",7.021438662,50.928544,trocken,,"Fuss, Sonstige"
235457,5,3,15,0,2019,Februar,19,Samstag,Unfall mit Leichtverletzten,Zusammenstoß mit seitlich in gleicher Richtung fahrendem Fahrzeug,Unfall durch ruhenden Verkehr,Dunkelheit,0,1,0,1,0,0,"352444,2044","5645071,7",6.899839401,50.93837028,trocken,,"Krad, PKW"
235503,5,3,15,0,2019,Februar,17,Freitag,Unfall mit Leichtverletzten,Zusammenstoß mit entgegenkommendem Fahrzeug,Abbiegeunfall,Tageslicht,0,1,0,0,0,0,"363670,634","5642095,184",7.06063615,50.91438252,trocken,,PKW
235504,5,3,15,0,2019,Februar,15,Freitag,Unfall mit Leichtverletzten,Zusammenstoß zwischen Fahrzeug und Fußgänger,Überschreiten-Unfall,Tageslicht,0,1,1,0,0,0,"360192,6377","5646191,425",7.009619877,50.95036414,trocken,,"Fuss, PKW"
235505,5,3,15,0,2019,Februar,10,Freitag,Unfall mit Leichtverletzten,Zusammenstoß mit anfahrendem/ anhaltendem/ruhendem Fahrzeug,Fahrunfall,Tageslicht,1,1,0,0,0,0,"360568,0137","5646631,63",7.014791919,50.95441126,trocken,,"Rad, PKW"
235507,5,3,15,0,2019,Februar,13,Freitag,Unfall mit Schwerverletzten,Zusammenstoß zwischen Fahrzeug und Fußgänger,Überschreiten-Unfall,Tageslicht,0,1,1,0,0,0,"356766,0179","5648939,677",6.959787289,50.97422097,trocken,,"Fuss, PKW"
235508,5,3,15,0,2019,Februar,16,Freitag,Unfall mit Leichtverletzten,Zusammenstoß mit einbiegendem / kreuzendem Fahrzeug,Einbiegen / Kreuzen-Unfall,Tageslicht,0,1,0,0,0,0,"356930,441","5636597,673",6.966968681,50.86334492,trocken,,PKW
235509,5,3,15,0,2019,Februar,5,Freitag,Unfall mit Schwerverletzten,Zusammenstoß mit einbiegendem / kreuzendem Fahrzeug,Abbiegeunfall,Dunkelheit,0,1,0,0,0,1,"356946,1447","5640676,008",6.965595584,50.90000085,trocken,,"PKW, Sonstige"
235510,5,3,15,0,2019,Februar,18,Freitag,Unfall mit Schwerverletzten,Unfall anderer Art,Fahrunfall,Dunkelheit,1,0,0,0,0,0,"356948,6364","5644179,303",6.964257302,50.93148542,nass/feucht,,Rad
235570,5,3,15,0,2019,Februar,13,Donnerstag,Unfall mit Leichtverletzten,Zusammenstoß mit einbiegendem / kreuzendem Fahrzeug,Abbiegeunfall,Tageslicht,1,1,0,0,0,0,"364021,8176","5640158,38",7.06635039,50.89705831,trocken,,"Rad, PKW"
235571,5,3,15,0,2019,Februar,8,Donnerstag,Unfall mit Leichtverletzten,Zusammenstoß mit einbiegendem / kreuzendem Fahrzeug,Einbiegen / Kreuzen-Unfall,Tageslicht,0,1,0,0,0,1,"361378,5317","5644542,695",7.027119669,50.93583301,trocken,,"PKW, Sonstige"
235572,5,3,15,0,2019,Februar,16,Donnerstag,Unfall mit Leichtverletzten,Zusammenstoß mit einbiegendem / kreuzendem Fahrzeug,Einbiegen / Kreuzen-Unfall,Tageslicht,1,1,0,0,0,0,"362648,1701","5649677,472",7.043240018,50.98228468,trocken,,"Rad, PKW"
235573,5,3,15,0,2019,Februar,20,Donnerstag,Unfall mit Leichtverletzten,Zusammenstoß mit entgegenkommendem Fahrzeug,Unfall im Längsverkehr,Dunkelheit,1,1,0,0,0,0,"354835,9149","5644908,18",6.933921889,50.9375078,nass/feucht,,"Rad, PKW"
235596,5,3,15,0,2019,Februar,8,Freitag,Unfall mit Leichtverletzten,Zusammenstoß mit einbiegendem / kreuzendem Fahrzeug,Einbiegen / Kreuzen-Unfall,Tageslicht,1,1,0,0,0,0,"359704,7671","5638905,611",7.0054809,50.88476677,trocken,,"Rad, PKW"
235597,5,3,15,0,2019,Februar,22,Freitag,Unfall mit Leichtverletzten,Zusammenstoß zwischen Fahrzeug und Fußgänger,Sonstiger Unfall,Dunkelheit,0,1,1,0,0,0,"356548,2361","5643024,213",6.959017592,50.92100529,nass/feucht,,"Fuss, PKW"
235598,5,3,15,0,2019,Februar,21,Freitag,Unfall mit Schwerverletzten,Zusammenstoß zwischen Fahrzeug und Fußgänger,Unfall im Längsverkehr,Dunkelheit,1,0,1,0,0,0,"355321,3806","5644816,464",6.940863017,50.93680558,nass/feucht,,"Rad, Fuss"
235653,5,3,15,0,2019,Februar,13,Donnerstag,Unfall mit Leichtverletzten,Zusammenstoß mit einbiegendem / kreuzendem Fahrzeug,Einbiegen / Kreuzen-Unfall,Tageslicht,0,1,0,0,0,0,"364634,1646","5639699,025",7.075223125,50.89307369,trocken,,PKW
235654,5,3,15,0,2019,Februar,16,Donnerstag,Unfall mit Leichtverletzten,Zusammenstoß mit seitlich in gleicher Richtung fahrendem Fahrzeug,Unfall im Längsverkehr,Tageslicht,1,1,0,0,0,0,"355713,9369","5649719,016",6.944502497,50.98096207,trocken,,"Rad, PKW"
235655,5,3,15,0,2019,Februar,14,Donnerstag,Unfall mit Leichtverletzten,Zusammenstoß mit anfahrendem/ anhaltendem/ruhendem Fahrzeug,Abbiegeunfall,Tageslicht,0,1,0,0,0,0,"355172,6469","5654719,505",6.934801579,51.02576383,trocken,,PKW
235656,5,3,15,0,2019,Februar,12,Donnerstag,Unfall mit Leichtverletzten,Zusammenstoß zwischen Fahrzeug und Fußgänger,Abbiegeunfall,Tageslicht,0,1,1,0,0,0,"356889,8797","5650677,183",6.960866206,50.98986644,trocken,,"Fuss, PKW"
235657,5,3,15,0,2019,Februar,8,Donnerstag,Unfall mit Leichtverletzten,Unfall anderer Art,Unfall durch ruhenden Verkehr,Tageslicht,1,1,0,0,0,0,"351197,214","5647028,599",6.881304321,50.95563538,trocken,,"Rad, PKW"
235658,5,3,15,0,2019,Februar,17,Donnerstag,Unfall mit Leichtverletzten,Unfall anderer Art,Fahrunfall,Tageslicht,0,0,0,1,0,0,"356775,1551","5638450,446",6.964037988,50.87995738,trocken,,Krad
235659,5,3,15,0,2019,Februar,8,Donnerstag,Unfall mit Leichtverletzten,Zusammenstoß mit vorausfahrendem / wartendem Fahrzeug,Unfall im Längsverkehr,Tageslicht,0,1,0,0,0,0,"355360,5055","5643168,111",6.942073505,50.92200197,trocken,,PKW
235686,5,3,15,0,2019,Februar,23,Freitag,Unfall mit Leichtverletzten,Zusammenstoß mit seitlich in gleicher Richtung fahrendem Fahrzeug,Sonstiger Unfall,Dunkelheit,0,1,0,0,0,1,"359814,6936","5646252,393",7.004219252,50.95082027,nass/feucht,,"PKW, Sonstige"
235737,5,3,15,0,2019,Februar,19,Mittwoch,Unfall mit Leichtverletzten,Zusammenstoß mit einbiegendem / kreuzendem Fahrzeug,Abbiegeunfall,Dämmerung,1,1,0,0,0,0,"357664,714","5645137,409",6.974066632,50.94027305,trocken,,"Rad, PKW"
235738,5,3,15,0,2019,Februar,13,Mittwoch,Unfall mit Leichtverletzten,Zusammenstoß mit anfahrendem/ anhaltendem/ruhendem Fahrzeug,Unfall im Längsverkehr,Tageslicht,0,1,0,0,0,0,"357352,9065","5646882,354",6.968947944,50.95587768,trocken,,PKW
235739,5,3,15,0,2019,Februar,13,Mittwoch,Unfall mit Leichtverletzten,Unfall anderer Art,Einbiegen / Kreuzen-Unfall,Tageslicht,1,1,0,0,0,0,"348050,3021","5647755,979",6.836227831,50.96135061,trocken,,"Rad, PKW"
235740,5,3,15,0,2019,Februar,10,Mittwoch,Unfall mit Schwerverletzten,Zusammenstoß zwischen Fahrzeug und Fußgänger,Überschreiten-Unfall,Tageslicht,0,1,1,0,0,0,"347861,7274","5645640,304",6.834428651,50.94228909,trocken,,"Fuss, PKW"
235741,5,3,15,0,2019,Februar,10,Mittwoch,Unfall mit Leichtverletzten,Zusammenstoß mit seitlich in gleicher Richtung fahrendem Fahrzeug,Sonstiger Unfall,Tageslicht,0,1,0,1,0,0,"354740,2096","5646178,571",6.932054073,50.94890036,trocken,,"Krad, PKW"