OBJECTID,ULAND,UREGBEZ,UKREIS,UGEMEINDE,UJAHR,UMONAT,USTUNDE,UWOCHENTAG,UKATEGORIE,UART,UTYP1,ULICHTVERH,IstRad,IstPKW,IstFuss,IstKrad,IstGkfz,IstSonstige,LINREFX,LINREFY,XGCSWGS84,YGCSWGS84,USTRZUSTAND,UIDENTSTLAE,Participants
235742,5,3,15,0,2019,Februar,14,Mittwoch,Unfall mit Schwerverletzten,Unfall anderer Art,Sonstiger Unfall,Tageslicht,1,0,1,0,0,0,"359766,6686","5639713,351",7.006050353,50.89204114,trocken,,"Rad, Fuss"
235743,5,3,15,0,2019,Februar,16,Mittwoch,Unfall mit Leichtverletzten,Zusammenstoß mit einbiegendem / kreuzendem Fahrzeug,Abbiegeunfall,Tageslicht,0,1,1,0,0,0,"353016,0554","5642819,042",6.90888097,50.91827255,trocken,,"Fuss, PKW"
235744,5,3,15,0,2019,Februar,15,Mittwoch,Unfall mit Schwerverletzten,Zusammenstoß mit einbiegendem / kreuzendem Fahrzeug,Abbiegeunfall,Tageslicht,1,1,0,0,0,0,"353012,551","5641346,03",6.909424487,50.90503422,trocken,,"Rad, PKW"
235794,5,3,15,0,2019,Februar,19,Mittwoch,Unfall mit Leichtverletzten,Zusammenstoß mit vorausfahrendem / wartendem Fahrzeug,Unfall im Längsverkehr,Dunkelheit,0,1,0,0,0,0,"361975,103","5646634,178",7.034812176,50.95477287,trocken,,PKW
235798,5,3,15,0,2019,Februar,15,Freitag,Unfall mit Leichtverletzten,Zusammenstoß zwischen Fahrzeug und Fußgänger,Sonstiger Unfall,Tageslicht,0,1,1,0,0,0,"363030,0186","5637829,897",7.053128162,50.87589674,trocken,,"Fuss, PKW"
235812,5,3,15,0,2019,Februar,16,Dienstag,Unfall mit Leichtverletzten,Zusammenstoß zwischen Fahrzeug und Fußgänger,Unfall im Längsverkehr,Tageslicht,0,1,1,0,0,0,"364820,1989","5638378,271",7.078355371,50.88124683,trocken,,"Fuss, PKW"
235813,5,3,15,0,2019,Februar,15,Dienstag,Unfall mit Leichtverletzten,Zusammenstoß zwischen Fahrzeug und Fußgänger,Abbiegeunfall,Tageslicht,0,1,1,0,0,0,"364316,9199","5638580,583",7.071130246,50.88294717,trocken,,"Fuss, PKW"
235814,5,3,15,0,2019,Februar,17,Dienstag,Unfall mit Schwerverletzten,Zusammenstoß mit seitlich in gleicher Richtung fahrendem Fahrzeug,Abbiegeunfall,Tageslicht,1,0,0,0,0,1,"357649,723","5647353,809",6.972986872,50.96018801,trocken,,"Rad, Sonstige"
235815,5,3,15,0,2019,Februar,5,Dienstag,Unfall mit Leichtverletzten,Zusammenstoß mit einbiegendem / kreuzendem Fahrzeug,Einbiegen / Kreuzen-Unfall,Dunkelheit,0,1,0,0,0,0,"349116,15","5648640,226",6.851027366,50.96957674,trocken,,PKW
235816,5,3,15,0,2019,Februar,7,Dienstag,Unfall mit Leichtverletzten,Zusammenstoß mit einbiegendem / kreuzendem Fahrzeug,Abbiegeunfall,Tageslicht,0,1,0,1,0,0,"354015,6191","5646687,462",6.921541858,50.95329054,trocken,,"Krad, PKW"
235817,5,3,15,0,2019,Februar,14,Dienstag,Unfall mit Leichtverletzten,Zusammenstoß mit einbiegendem / kreuzendem Fahrzeug,Abbiegeunfall,Tageslicht,0,1,0,1,0,1,"352750,883","5649419,319",6.902442224,50.97751871,trocken,,"Krad, PKW, Sonstige"
235818,5,3,15,0,2019,Februar,6,Dienstag,Unfall mit Leichtverletzten,Zusammenstoß mit einbiegendem / kreuzendem Fahrzeug,Abbiegeunfall,Dämmerung,0,1,0,0,0,0,"358005,2558","5640424,638",6.980745176,50.8980032,trocken,,PKW
235819,5,3,15,0,2019,Februar,15,Dienstag,Unfall mit Leichtverletzten,Zusammenstoß mit einbiegendem / kreuzendem Fahrzeug,Abbiegeunfall,Tageslicht,1,1,0,0,0,0,"356946,644","5640713,422",6.965588022,50.90033722,trocken,,"Rad, PKW"
235820,5,3,15,0,2019,Februar,15,Dienstag,Unfall mit Leichtverletzten,Zusammenstoß mit seitlich in gleicher Richtung fahrendem Fahrzeug,Abbiegeunfall,Tageslicht,1,1,0,0,0,0,"353689,7525","5643955,132",6.918002958,50.92865343,trocken,,"Rad, PKW"
235821,5,3,15,0,2019,Februar,16,Dienstag,Unfall mit Leichtverletzten,Zusammenstoß mit anfahrendem/ anhaltendem/ruhendem Fahrzeug,Unfall durch ruhenden Verkehr,Tageslicht,1,1,0,0,0,0,"353570,6739","5643286,33",6.916578254,50.92261291,trocken,,"Rad, PKW"
235853,5,3,15,0,2019,Februar,11,Freitag,Unfall mit Leichtverletzten,Zusammenstoß mit einbiegendem / kreuzendem Fahrzeug,Abbiegeunfall,Tageslicht,1,1,0,0,0,0,"357772,9171","5647625,531",6.974633727,50.96266039,trocken,,"Rad, PKW"
235892,5,3,15,0,2019,März,5,Donnerstag,Unfall mit Leichtverletzten,Unfall anderer Art,Fahrunfall,Dunkelheit,0,0,0,1,0,0,"356708,7985","5650206,371",6.958473467,50.98559029,nass/feucht,,Krad
235893,5,3,15,0,2019,März,14,Donnerstag,Unfall mit Leichtverletzten,Unfall anderer Art,Unfall durch ruhenden Verkehr,Tageslicht,1,1,0,0,0,0,"353051,0584","5645643,733",6.90823984,50.94366587,nass/feucht,,"Rad, PKW"
235894,5,3,15,0,2019,März,16,Donnerstag,Unfall mit Leichtverletzten,Zusammenstoß mit einbiegendem / kreuzendem Fahrzeug,Abbiegeunfall,Tageslicht,1,1,0,0,0,0,"354254,5589","5636687,16",6.928934809,50.8634808,trocken,,"Rad, PKW"
235895,5,3,15,0,2019,März,15,Donnerstag,Unfall mit Leichtverletzten,Zusammenstoß zwischen Fahrzeug und Fußgänger,Überschreiten-Unfall,Tageslicht,0,1,1,0,0,0,"353340,415","5643122,976",6.913370102,50.92108643,trocken,,"Fuss, PKW"
235896,5,3,15,0,2019,März,8,Donnerstag,Unfall mit Leichtverletzten,Zusammenstoß mit seitlich in gleicher Richtung fahrendem Fahrzeug,Unfall im Längsverkehr,Tageslicht,0,1,0,0,0,0,"356199,2084","5645037,509",6.953260906,50.93901164,trocken,,PKW
235943,5,3,15,0,2019,März,18,Mittwoch,Unfall mit Leichtverletzten,Zusammenstoß mit einbiegendem / kreuzendem Fahrzeug,Abbiegeunfall,Dunkelheit,0,1,0,1,0,0,"356392,5789","5644340,052",6.956286165,50.93279188,trocken,,"Krad, PKW"
235944,5,3,15,0,2019,März,15,Mittwoch,Unfall mit Leichtverletzten,Unfall anderer Art,Sonstiger Unfall,Tageslicht,1,0,0,0,0,0,"354978,0811","5643906,671",6.936342401,50.92854325,trocken,,Rad
235945,5,3,15,0,2019,März,8,Mittwoch,Unfall mit Leichtverletzten,Zusammenstoß mit einbiegendem / kreuzendem Fahrzeug,Abbiegeunfall,Tageslicht,1,1,0,0,0,0,"356438,7007","5644030,088",6.957064174,50.93001775,nass/feucht,,"Rad, PKW"
235974,5,3,15,0,2019,März,12,Dienstag,Unfall mit Leichtverletzten,Unfall anderer Art,Fahrunfall,Tageslicht,1,0,0,0,0,0,"352940,9432","5648258,071",6.905617296,50.96713169,nass/feucht,,Rad
235999,5,3,15,0,2019,März,16,Montag,Unfall mit Leichtverletzten,Zusammenstoß mit seitlich in gleicher Richtung fahrendem Fahrzeug,Unfall im Längsverkehr,Tageslicht,0,1,0,0,0,0,"358189,4701","5648449,208",6.980240546,50.97016541,trocken,,PKW
236000,5,3,15,0,2019,März,14,Montag,Unfall mit Leichtverletzten,Zusammenstoß mit seitlich in gleicher Richtung fahrendem Fahrzeug,Unfall im Längsverkehr,Tageslicht,0,1,0,0,0,0,"357309,167","5649846,957",6.967162509,50.98250941,trocken,,PKW
236026,5,3,15,0,2019,März,14,Sonntag,Unfall mit Schwerverletzten,Unfall anderer Art,Fahrunfall,Tageslicht,1,0,0,0,0,0,"349915,4509","5644447,372",6.864131313,50.93210724,trocken,,Rad
236027,5,3,15,0,2019,März,14,Sonntag,Unfall mit Leichtverletzten,Zusammenstoß mit einbiegendem / kreuzendem Fahrzeug,Einbiegen / Kreuzen-Unfall,Tageslicht,0,1,0,0,0,0,"352207,1643","5650911,409",6.894095737,50.99078801,nass/feucht,,PKW
236064,5,3,15,0,2019,März,11,Samstag,Unfall mit Leichtverletzten,Zusammenstoß mit einbiegendem / kreuzendem Fahrzeug,Einbiegen / Kreuzen-Unfall,Tageslicht,0,1,0,0,0,1,"366425,674","5636183,604",7.101966037,50.86189508,nass/feucht,,"PKW, Sonstige"
236065,5,3,15,0,2019,März,8,Samstag,Unfall mit Leichtverletzten,Zusammenstoß zwischen Fahrzeug und Fußgänger,Sonstiger Unfall,Tageslicht,0,1,1,0,0,0,"366419,5651","5637764,412",7.101301993,50.8761016,nass/feucht,,"Fuss, PKW"
236066,5,3,15,0,2019,März,22,Samstag,Unfall mit Leichtverletzten,Zusammenstoß mit seitlich in gleicher Richtung fahrendem Fahrzeug,Abbiegeunfall,Dunkelheit,0,1,0,0,0,0,"360260,5507","5647995,931",7.009893218,50.96659795,trocken,,PKW
236067,5,3,15,0,2019,März,10,Samstag,Unfall mit Leichtverletzten,Zusammenstoß mit vorausfahrendem / wartendem Fahrzeug,Sonstiger Unfall,Tageslicht,1,1,0,0,0,0,"356048,5291","5637749,403",6.953991918,50.87347658,nass/feucht,,"Rad, PKW"
236068,5,3,15,0,2019,März,13,Samstag,Unfall mit Schwerverletzten,Zusammenstoß mit einbiegendem / kreuzendem Fahrzeug,Einbiegen / Kreuzen-Unfall,Tageslicht,1,1,0,0,0,0,"354609,8657","5642024,163",6.93185676,50.91153292,nass/feucht,,"Rad, PKW"
236122,5,3,15,0,2019,März,8,Freitag,Unfall mit Leichtverletzten,Zusammenstoß mit einbiegendem / kreuzendem Fahrzeug,Sonstiger Unfall,Tageslicht,1,1,0,0,0,0,"355469,325","5644629,053",6.943041516,50.93515845,trocken,,"Rad, PKW"
236128,5,3,15,0,2019,März,18,Freitag,Unfall mit Leichtverletzten,Zusammenstoß mit einbiegendem / kreuzendem Fahrzeug,Einbiegen / Kreuzen-Unfall,Tageslicht,0,1,0,0,0,0,"352756,3528","5653922,176",6.900694196,51.01798489,trocken,,PKW
236152,5,3,15,0,2019,März,15,Mittwoch,Unfall mit Leichtverletzten,Unfall anderer Art,Sonstiger Unfall,Tageslicht,0,0,0,1,0,1,"357869,3542","5648104,045",6.975819162,50.96698456,trocken,,"Krad, Sonstige"
236153,5,3,15,0,2019,März,10,Mittwoch,Unfall mit Leichtverletzten,Unfall anderer Art,Sonstiger Unfall,Tageslicht,1,0,0,0,0,1,"356559,2856","5646749,664",6.957708076,50.95448823,trocken,,"Rad, Sonstige"
236154,5,3,15,0,2019,März,16,Mittwoch,Unfall mit Leichtverletzten,Zusammenstoß mit anfahrendem/ anhaltendem/ruhendem Fahrzeug,Unfall durch ruhenden Verkehr,Tageslicht,0,1,0,0,0,0,"348561,2689","5643218,69",6.845384646,50.92071205,trocken,,PKW
236155,5,3,15,0,2019,März,13,Mittwoch,Unfall mit Schwerverletzten,Zusammenstoß mit einbiegendem / kreuzendem Fahrzeug,Einbiegen / Kreuzen-Unfall,Tageslicht,1,0,0,0,0,0,"354409,321","5647057,474",6.926995284,50.95671531,trocken,,Rad
236156,5,3,15,0,2019,März,9,Mittwoch,Unfall mit Leichtverletzten,Unfall anderer Art,Fahrunfall,Tageslicht,1,0,0,0,0,0,"354854,7034","5643809,945",6.934626469,50.92764297,trocken,,Rad
236157,5,3,15,0,2019,März,15,Mittwoch,Unfall mit Leichtverletzten,Zusammenstoß mit anfahrendem/ anhaltendem/ruhendem Fahrzeug,Unfall durch ruhenden Verkehr,Tageslicht,0,1,0,0,0,0,"355463,5222","5642300,859",6.943881852,50.91423394,trocken,,PKW
236215,5,3,15,0,2019,März,15,Dienstag,Unfall mit Schwerverletzten,Zusammenstoß mit einbiegendem / kreuzendem Fahrzeug,Einbiegen / Kreuzen-Unfall,Tageslicht,1,1,0,0,0,0,"364573,6482","5639576,752",7.074408488,50.89196056,trocken,,"Rad, PKW"
236216,5,3,15,0,2019,März,12,Dienstag,Unfall mit Schwerverletzten,Zusammenstoß mit einbiegendem / kreuzendem Fahrzeug,Einbiegen / Kreuzen-Unfall,Tageslicht,0,1,0,1,0,0,"362743,932","5645205,972",7.046290222,50.94212071,nass/feucht,,"Krad, PKW"
236217,5,3,15,0,2019,März,13,Dienstag,Unfall mit Leichtverletzten,Zusammenstoß zwischen Fahrzeug und Fußgänger,Überschreiten-Unfall,Tageslicht,0,1,1,0,0,0,"361891,0872","5649281,228",7.032611708,50.97854244,nass/feucht,,"Fuss, PKW"
236218,5,3,15,0,2019,März,16,Dienstag,Unfall mit Leichtverletzten,Zusammenstoß zwischen Fahrzeug und Fußgänger,Sonstiger Unfall,Tageslicht,0,1,1,0,0,0,"351834,49","5652775,671",6.888028604,51.00744518,nass/feucht,,"Fuss, PKW"
236219,5,3,15,0,2019,März,14,Freitag,Unfall mit Leichtverletzten,Zusammenstoß mit vorausfahrendem / wartendem Fahrzeug,Abbiegeunfall,Tageslicht,0,1,0,0,0,0,"348819,9136","5646213,63",6.847819398,50.94769317,trocken,,PKW
236220,5,3,15,0,2019,März,16,Dienstag,Unfall mit Leichtverletzten,Zusammenstoß mit anfahrendem/ anhaltendem/ruhendem Fahrzeug,Unfall durch ruhenden Verkehr,Tageslicht,0,1,0,0,0,0,"356719,8388","5641774,622",6.961948201,50.90981794,trocken,,PKW
236261,5,3,15,0,2019,März,9,Montag,Unfall mit Leichtverletzten,Zusammenstoß mit einbiegendem / kreuzendem Fahrzeug,Einbiegen / Kreuzen-Unfall,Tageslicht,0,1,0,0,0,1,"360061,9003","5648009,233",7.00706084,50.96666927,nass/feucht,,"PKW, Sonstige"
236280,5,3,15,0,2019,März,10,Sonntag,Unfall mit Leichtverletzten,Zusammenstoß mit einbiegendem / kreuzendem Fahrzeug,Abbiegeunfall,Tageslicht,1,1,0,0,0,0,"357976,0174","5644232,885",6.978847169,50.93222086,nass/feucht,,"Rad, PKW"
236281,5,3,15,0,2019,März,23,Sonntag,Unfall mit Leichtverletzten,Abkommen von Fahrbahn nach links,Fahrunfall,Dunkelheit,0,1,0,0,0,0,"359069,2968","5639740,878",6.996130409,50.8921188,trocken,,PKW
236283,5,3,15,0,2019,März,10,Sonntag,Unfall mit Leichtverletzten,Zusammenstoß mit einbiegendem / kreuzendem Fahrzeug,Einbiegen / Kreuzen-Unfall,Tageslicht,1,1,0,0,0,0,"357977,1521","5644232,161",6.978863588,50.93221463,nass/feucht,,"Rad, PKW"
236329,5,3,15,0,2019,März,15,Samstag,Unfall mit Leichtverletzten,Zusammenstoß zwischen Fahrzeug und Fußgänger,Unfall im Längsverkehr,Tageslicht,1,0,1,0,0,0,"354775,301","5642357,694",6.934075657,50.91457194,trocken,,"Rad, Fuss"
236363,5,3,15,0,2019,März,15,Freitag,Unfall mit Leichtverletzten,Zusammenstoß mit einbiegendem / kreuzendem Fahrzeug,Einbiegen / Kreuzen-Unfall,Tageslicht,1,1,0,0,0,0,"356636,188","5642748,8",6.960376348,50.91855204,trocken,,"Rad, PKW"
236399,5,3,15,0,2019,März,5,Montag,Unfall mit Leichtverletzten,Zusammenstoß zwischen Fahrzeug und Fußgänger,Unfall im Längsverkehr,Dunkelheit,0,1,1,0,0,0,"351147,8563","5646211,274",6.880936232,50.94827781,trocken,,"Fuss, PKW"
236421,5,3,15,0,2019,März,13,Sonntag,Unfall mit Leichtverletzten,Unfall anderer Art,Sonstiger Unfall,Tageslicht,0,1,0,1,0,0,"353260,827","5646928,824",6.910705805,50.95526789,trocken,,"Krad, PKW"
236466,5,3,15,0,2019,März,13,Samstag,Unfall mit Schwerverletzten,Zusammenstoß zwischen Fahrzeug und Fußgänger,Überschreiten-Unfall,Tageslicht,0,1,1,0,0,0,"361494,586","5644571,6",7.028759338,50.93612067,trocken,,"Fuss, PKW"
236467,5,3,15,0,2019,März,9,Samstag,Unfall mit Leichtverletzten,Zusammenstoß mit einbiegendem / kreuzendem Fahrzeug,Einbiegen / Kreuzen-Unfall,Tageslicht,1,1,0,0,0,0,"350190,73","5644064,93",6.86820311,50.92874204,nass/feucht,,"Rad, PKW"
236468,5,3,15,0,2019,März,13,Samstag,Unfall mit Leichtverletzten,Zusammenstoß mit einbiegendem / kreuzendem Fahrzeug,Abbiegeunfall,Tageslicht,1,1,0,0,0,0,"354709,8604","5642252,542",6.933187237,50.9136105,nass/feucht,,"Rad, PKW"
236469,5,3,15,0,2019,März,11,Samstag,Unfall mit Leichtverletzten,Zusammenstoß mit einbiegendem / kreuzendem Fahrzeug,Einbiegen / Kreuzen-Unfall,Tageslicht,1,1,0,0,0,0,"355888,644","5644648,418",6.948997506,50.93543741,nass/feucht,,"Rad, PKW"
236530,5,3,15,0,2019,März,9,Freitag,Unfall mit Leichtverletzten,Zusammenstoß mit einbiegendem / kreuzendem Fahrzeug,Abbiegeunfall,Tageslicht,0,1,0,0,0,0,"355019,2155","5654763,579",6.932597587,51.02612124,nass/feucht,,PKW
236581,5,3,15,0,2019,März,10,Donnerstag,Unfall mit Leichtverletzten,Zusammenstoß zwischen Fahrzeug und Fußgänger,Sonstiger Unfall,Tageslicht,0,1,1,0,0,0,"363124,7578","5644528,111",7.051962227,50.93611904,trocken,,"Fuss, PKW"
236582,5,3,15,0,2019,März,11,Donnerstag,Unfall mit Leichtverletzten,Unfall anderer Art,Fahrunfall,Tageslicht,0,0,0,1,0,0,"362739,2968","5648237,17",7.0450812,50.96936199,nass/feucht,,Krad
236583,5,3,15,0,2019,März,15,Donnerstag,Unfall mit Leichtverletzten,Zusammenstoß mit einbiegendem / kreuzendem Fahrzeug,Einbiegen / Kreuzen-Unfall,Tageslicht,0,1,0,0,0,0,"355368,134","5648327,13",6.94013326,50.96836682,nass/feucht,,PKW
236584,5,3,15,0,2019,März,19,Donnerstag,Unfall mit Leichtverletzten,Unfall anderer Art,Sonstiger Unfall,Dunkelheit,1,0,0,0,0,0,"354324,4432","5646458,81",6.926027162,50.95131386,nass/feucht,,Rad
236585,5,3,15,0,2019,März,11,Donnerstag,Unfall mit Leichtverletzten,Zusammenstoß zwischen Fahrzeug und Fußgänger,Überschreiten-Unfall,Tageslicht,0,1,1,0,0,0,"352187,3097","5649446,792",6.894408762,50.97762121,nass/feucht,,"Fuss, PKW"
236586,5,3,15,0,2019,März,19,Donnerstag,Unfall mit Schwerverletzten,Zusammenstoß zwischen Fahrzeug und Fußgänger,Überschreiten-Unfall,Dunkelheit,0,1,1,0,0,0,"352365,7471","5647174,991",6.897870821,50.95725147,nass/feucht,,"Fuss, PKW"
236587,5,3,15,0,2019,März,16,Donnerstag,Unfall mit Leichtverletzten,Zusammenstoß mit vorausfahrendem / wartendem Fahrzeug,Unfall im Längsverkehr,Tageslicht,0,1,0,0,0,0,"355947,9284","5640480,596",6.951486452,50.89799655,nass/feucht,,PKW
236588,5,3,15,0,2019,März,19,Donnerstag,Unfall mit Leichtverletzten,Zusammenstoß zwischen Fahrzeug und Fußgänger,Überschreiten-Unfall,Dunkelheit,0,0,1,1,0,0,"355317,5144","5641274,79",6.942213014,50.90497624,nass/feucht,,"Fuss, Krad"
236677,5,3,15,0,2019,März,11,Freitag,Unfall mit Leichtverletzten,Zusammenstoß zwischen Fahrzeug und Fußgänger,Sonstiger Unfall,Tageslicht,0,1,1,0,0,0,"363462,0564","5638686,382",7.058945418,50.88369665,trocken,,"Fuss, PKW"
236678,5,3,15,0,2019,März,16,Freitag,Unfall mit Leichtverletzten,Abkommen von Fahrbahn nach links,Fahrunfall,Tageslicht,0,1,0,0,0,1,"364474,9504","5648296,413",7.069763858,50.97030543,trocken,,"PKW, Sonstige"
236679,5,3,15,0,2019,März,12,Freitag,Unfall mit Leichtverletzten,Zusammenstoß zwischen Fahrzeug und Fußgänger,Überschreiten-Unfall,Tageslicht,0,1,1,0,0,0,"357491,8992","5647067,056",6.970853317,50.95757198,trocken,,"Fuss, PKW"
236680,5,3,15,0,2019,März,13,Freitag,Unfall mit Leichtverletzten,Zusammenstoß mit anfahrendem/ anhaltendem/ruhendem Fahrzeug,Unfall durch ruhenden Verkehr,Tageslicht,0,1,0,0,0,0,"354191,8991","5656125,454",6.920260555,51.03815051,trocken,,PKW
236681,5,3,15,0,2019,März,13,Freitag,Unfall mit Leichtverletzten,Aufprall auf Fahrbahnhindernis,Sonstiger Unfall,Tageslicht,0,1,0,0,0,1,"352268,9597","5644745,979",6.897478996,50.9353983,trocken,,"PKW, Sonstige"
236682,5,3,15,0,2019,März,11,Freitag,Unfall mit Leichtverletzten,Unfall anderer Art,Fahrunfall,Tageslicht,1,0,0,0,0,0,"355260,4861","5642033,846",6.941101451,50.91178346,trocken,,Rad
236683,5,3,15,0,2019,März,8,Freitag,Unfall mit Leichtverletzten,Zusammenstoß mit vorausfahrendem / wartendem Fahrzeug,Sonstiger Unfall,Tageslicht,0,1,0,1,0,0,"356564,4811","5644410,863",6.958703021,50.93347102,trocken,,"Krad, PKW"
236751,5,3,15,0,2019,März,13,Donnerstag,Unfall mit Leichtverletzten,Abkommen von Fahrbahn nach links,Sonstiger Unfall,Tageslicht,0,1,0,0,0,0,"359024,5241","5644981,857",6.993468967,50.93920916,trocken,,PKW
236752,5,3,15,0,2019,März,8,Donnerstag,Unfall mit Leichtverletzten,Zusammenstoß zwischen Fahrzeug und Fußgänger,Überschreiten-Unfall,Tageslicht,0,1,1,0,0,0,"359377,7483","5645122,021",6.99843909,50.94055507,trocken,,"Fuss, PKW"
236753,5,3,15,0,2019,März,17,Donnerstag,Unfall mit Leichtverletzten,Zusammenstoß mit einbiegendem / kreuzendem Fahrzeug,Einbiegen / Kreuzen-Unfall,Tageslicht,1,1,0,0,0,0,"351223,6062","5650488,789",6.880264282,50.98673681,trocken,,"Rad, PKW"
236754,5,3,15,0,2019,März,7,Donnerstag,Unfall mit Leichtverletzten,Zusammenstoß mit entgegenkommendem Fahrzeug,Einbiegen / Kreuzen-Unfall,Tageslicht,1,0,0,0,0,0,"352405,726","5645211,174",6.899235631,50.93961382,trocken,,Rad
236755,5,3,15,0,2019,März,13,Donnerstag,Unfall mit Leichtverletzten,Zusammenstoß mit vorausfahrendem / wartendem Fahrzeug,Unfall im Längsverkehr,Tageslicht,0,1,0,0,0,0,"356731,5574","5642041,855",6.962009859,50.91222246,trocken,,PKW
236756,5,3,15,0,2019,März,12,Donnerstag,Unfall mit Leichtverletzten,Zusammenstoß mit einbiegendem / kreuzendem Fahrzeug,Abbiegeunfall,Tageslicht,0,0,0,0,1,1,"355266,1535","5641780,306",6.94128257,50.90950636,trocken,,"Gkfz, Sonstige"
236757,5,3,15,0,2019,März,21,Donnerstag,Unfall mit Leichtverletzten,Zusammenstoß zwischen Fahrzeug und Fußgänger,Sonstiger Unfall,Dunkelheit,1,0,1,0,0,0,"354901,6319","5645222,033",6.934731578,50.94034486,trocken,,"Rad, Fuss"
236758,5,3,15,0,2019,März,16,Donnerstag,Unfall mit Leichtverletzten,Zusammenstoß mit einbiegendem / kreuzendem Fahrzeug,Abbiegeunfall,Tageslicht,1,1,0,0,0,0,"356497,52","5643639,009",6.95805457,50.9265178,trocken,,"Rad, PKW"
236806,5,3,15,0,2019,März,18,Mittwoch,Unfall mit Leichtverletzten,Zusammenstoß zwischen Fahrzeug und Fußgänger,Überschreiten-Unfall,Dämmerung,0,1,1,0,0,0,"364475,9909","5639253,654",7.073140617,50.88903378,trocken,,"Fuss, PKW"
236807,5,3,15,0,2019,März,14,Mittwoch,Unfall mit Leichtverletzten,Zusammenstoß mit einbiegendem / kreuzendem Fahrzeug,Abbiegeunfall,Tageslicht,1,1,0,0,0,0,"363665,4005","5638900,049",7.061754727,50.88566501,trocken,,"Rad, PKW"
236808,5,3,15,0,2019,März,9,Mittwoch,Unfall mit Schwerverletzten,Zusammenstoß zwischen Fahrzeug und Fußgänger,Abbiegeunfall,Tageslicht,0,1,1,0,0,0,"364892,5483","5648470,123",7.075643431,50.97196475,trocken,,"Fuss, PKW"
236809,5,3,15,0,2019,März,8,Mittwoch,Unfall mit Leichtverletzten,Zusammenstoß mit einbiegendem / kreuzendem Fahrzeug,Einbiegen / Kreuzen-Unfall,Tageslicht,1,1,0,0,0,0,"362977,7784","5648619,082",7.048331739,50.97285114,trocken,,"Rad, PKW"
236810,5,3,15,0,2019,März,20,Mittwoch,Unfall mit Leichtverletzten,Unfall anderer Art,Einbiegen / Kreuzen-Unfall,Dunkelheit,1,0,0,0,0,0,"356836,872","5647474,339",6.96137258,50.96106981,trocken,,Rad
236811,5,3,15,0,2019,März,13,Mittwoch,Unfall mit Leichtverletzten,Zusammenstoß zwischen Fahrzeug und Fußgänger,Überschreiten-Unfall,Tageslicht,0,0,1,0,0,1,"352465,707","5654785,729",6.896201999,51.02567062,trocken,,"Fuss, Sonstige"
236812,5,3,15,0,2019,März,7,Mittwoch,Unfall mit Leichtverletzten,Zusammenstoß mit einbiegendem / kreuzendem Fahrzeug,Abbiegeunfall,Tageslicht,1,1,0,0,0,0,"351728,7033","5644783,037",6.889780508,50.93559268,trocken,,"Rad, PKW"
236813,5,3,15,0,2019,März,12,Mittwoch,Unfall mit Leichtverletzten,Unfall anderer Art,Fahrunfall,Tageslicht,1,0,0,0,0,0,"354206,2999","5642614,724",6.925884155,50.91673834,trocken,,Rad
236814,5,3,15,0,2019,März,12,Mittwoch,Unfall mit Leichtverletzten,Unfall anderer Art,Fahrunfall,Tageslicht,1,0,0,0,0,0,"353864,9581","5642360,141",6.921133487,50.91436414,trocken,,Rad
236815,5,3,15,0,2019,März,16,Mittwoch,Unfall mit Leichtverletzten,Unfall anderer Art,Sonstiger Unfall,Tageslicht,1,0,0,0,0,0,"355934,9737","5642918,091",6.950340179,50.9198988,trocken,,Rad
236876,5,3,15,0,2019,März,3,Dienstag,Unfall mit Schwerverletzten,Abkommen von Fahrbahn nach rechts,Sonstiger Unfall,Dunkelheit,0,1,0,0,0,0,"361590,8707","5646840,638",7.029266455,50.95653623,nass/feucht,,PKW
236877,5,3,15,0,2019,März,11,Dienstag,Unfall mit Leichtverletzten,Zusammenstoß mit vorausfahrendem / wartendem Fahrzeug,Unfall im Längsverkehr,Tageslicht,0,1,0,0,0,0,"356332,6414","5646984,877",6.954390502,50.9565456,trocken,,PKW
236878,5,3,15,0,2019,März,12,Dienstag,Unfall mit Leichtverletzten,Zusammenstoß mit vorausfahrendem / wartendem Fahrzeug,Unfall im Längsverkehr,Tageslicht,0,1,0,0,0,0,"355909,0662","5642856,447",6.949996189,50.91933834,nass/feucht,,PKW
236913,5,3,15,0,2019,März,0,Mittwoch,Unfall mit Leichtverletzten,Abkommen von Fahrbahn nach rechts,Sonstiger Unfall,Dunkelheit,0,1,0,0,0,0,"354938,4861","5646356,236",6.934804031,50.95054692,trocken,,PKW
236914,5,3,15,0,2019,März,18,Mittwoch,Unfall mit Leichtverletzten,Zusammenstoß mit einbiegendem / kreuzendem Fahrzeug,Einbiegen / Kreuzen-Unfall,Tageslicht,0,1,0,1,0,0,"352494,504","5644627,224",6.900734724,50.93438883,trocken,,"Krad, PKW"
236915,5,3,15,0,2019,März,8,Mittwoch,Unfall mit Leichtverletzten,Zusammenstoß mit einbiegendem / kreuzendem Fahrzeug,Einbiegen / Kreuzen-Unfall,Tageslicht,1,1,0,0,0,0,"351497,1225","5646098,034",6.885950952,50.94735026,trocken,,"Rad, PKW"
236916,5,3,15,0,2019,März,7,Mittwoch,Unfall mit Schwerverletzten,Zusammenstoß mit einbiegendem / kreuzendem Fahrzeug,Einbiegen / Kreuzen-Unfall,Tageslicht,1,0,0,0,1,0,"354527,4858","5644204,973",6.929815868,50.93111056,trocken,,"Rad, Gkfz"