OBJECTID,ULAND,UREGBEZ,UKREIS,UGEMEINDE,UJAHR,UMONAT,USTUNDE,UWOCHENTAG,UKATEGORIE,UART,UTYP1,ULICHTVERH,IstRad,IstPKW,IstFuss,IstKrad,IstGkfz,IstSonstige,LINREFX,LINREFY,XGCSWGS84,YGCSWGS84,USTRZUSTAND,UIDENTSTLAE,Participants
236917,5,3,15,0,2019,März,9,Mittwoch,Unfall mit Leichtverletzten,Zusammenstoß mit anfahrendem/ anhaltendem/ruhendem Fahrzeug,Unfall durch ruhenden Verkehr,Tageslicht,1,1,0,0,0,0,"356008,9267","5642889,736",6.951402807,50.91966244,trocken,,"Rad, PKW"
236967,5,3,15,0,2019,März,8,Dienstag,Unfall mit Leichtverletzten,Zusammenstoß mit einbiegendem / kreuzendem Fahrzeug,Einbiegen / Kreuzen-Unfall,Tageslicht,1,1,0,0,0,0,"362329,954","5648025,119",7.039335094,50.96735854,trocken,,"Rad, PKW"
236968,5,3,15,0,2019,März,21,Dienstag,Unfall mit Leichtverletzten,Zusammenstoß mit einbiegendem / kreuzendem Fahrzeug,Abbiegeunfall,Dunkelheit,1,1,0,0,0,0,"364782,634","5648846,699",7.073938811,50.97532341,nass/feucht,,"Rad, PKW"
236969,5,3,15,0,2019,März,16,Dienstag,Unfall mit Leichtverletzten,Zusammenstoß mit einbiegendem / kreuzendem Fahrzeug,Einbiegen / Kreuzen-Unfall,Tageslicht,1,0,0,0,0,0,"354915,3479","5646065,765",6.934590585,50.94793071,nass/feucht,,Rad
236970,5,3,15,0,2019,März,15,Dienstag,Unfall mit Leichtverletzten,Zusammenstoß mit einbiegendem / kreuzendem Fahrzeug,Abbiegeunfall,Tageslicht,0,1,0,1,0,0,"357777,4198","5641474,058",6.977098555,50.90737831,trocken,,"Krad, PKW"
236971,5,3,15,0,2019,März,14,Dienstag,Unfall mit Leichtverletzten,Zusammenstoß mit einbiegendem / kreuzendem Fahrzeug,Einbiegen / Kreuzen-Unfall,Tageslicht,1,1,0,0,0,0,"353858,3127","5642735,998",6.920888453,50.91774017,nass/feucht,,"Rad, PKW"
236972,5,3,15,0,2019,März,8,Dienstag,Unfall mit Leichtverletzten,Zusammenstoß mit einbiegendem / kreuzendem Fahrzeug,Einbiegen / Kreuzen-Unfall,Tageslicht,1,1,0,0,0,0,"355338,4911","5645904,321",6.940674372,50.9465862,nass/feucht,,"Rad, PKW"
237028,5,3,15,0,2019,März,7,Montag,Unfall mit Leichtverletzten,Unfall anderer Art,Sonstiger Unfall,Tageslicht,1,0,0,0,0,0,"353698,0232","5645977,322",6.917308606,50.94682825,nass/feucht,,Rad
237029,5,3,15,0,2019,März,9,Montag,Unfall mit Leichtverletzten,Unfall anderer Art,Fahrunfall,Tageslicht,1,0,0,0,0,0,"354895,8517","5644232,568",6.935043364,50.93145134,nass/feucht,,Rad
237056,5,3,15,0,2019,März,17,Sonntag,Unfall mit Leichtverletzten,Zusammenstoß mit anfahrendem/ anhaltendem/ruhendem Fahrzeug,Unfall im Längsverkehr,Tageslicht,0,1,0,0,0,0,"359505,7388","5644763,482",7.000397927,50.93736404,trocken,,PKW
237057,5,3,15,0,2019,März,20,Sonntag,Unfall mit Leichtverletzten,Zusammenstoß mit einbiegendem / kreuzendem Fahrzeug,Einbiegen / Kreuzen-Unfall,Dunkelheit,0,1,1,1,0,0,"357738,0138","5644913,507",6.975196678,50.93827893,trocken,,"Fuss, Krad, PKW"
237058,5,3,15,0,2019,März,12,Sonntag,Unfall mit Leichtverletzten,Zusammenstoß mit entgegenkommendem Fahrzeug,Einbiegen / Kreuzen-Unfall,Tageslicht,0,1,0,0,0,0,"354373,4118","5646672,342",6.926638424,50.95324518,trocken,,PKW
237102,5,3,15,0,2019,März,14,Samstag,Unfall mit Leichtverletzten,Unfall anderer Art,Fahrunfall,Tageslicht,1,0,0,0,0,0,"358867,5589","5650450,207",6.989115051,50.98831492,trocken,,Rad
237103,5,3,15,0,2019,März,14,Samstag,Unfall mit Leichtverletzten,Zusammenstoß mit einbiegendem / kreuzendem Fahrzeug,Abbiegeunfall,Tageslicht,1,1,0,0,0,0,"356848,2628","5649779,278",6.960627361,50.98178678,trocken,,"Rad, PKW"
237104,5,3,15,0,2019,März,11,Samstag,Unfall mit Leichtverletzten,Unfall anderer Art,Fahrunfall,Tageslicht,1,0,0,0,0,0,"354750,8453","5651239,157",6.930184136,50.99438089,trocken,,Rad
237105,5,3,15,0,2019,März,18,Samstag,Unfall mit Leichtverletzten,Zusammenstoß zwischen Fahrzeug und Fußgänger,Überschreiten-Unfall,Tageslicht,0,1,1,0,0,0,"352894,1485","5652736,692",6.903138058,51.00736686,trocken,,"Fuss, PKW"
237106,5,3,15,0,2019,März,15,Samstag,Unfall mit Leichtverletzten,Abkommen von Fahrbahn nach links,Fahrunfall,Tageslicht,0,1,0,0,0,0,"350307,0903","5649071,099",6.867799438,50.97375943,trocken,,PKW
237107,5,3,15,0,2019,März,17,Samstag,Unfall mit Leichtverletzten,Zusammenstoß mit einbiegendem / kreuzendem Fahrzeug,Einbiegen / Kreuzen-Unfall,Tageslicht,1,1,0,0,0,0,"351728,0247","5644779,997",6.889772093,50.93556519,trocken,,"Rad, PKW"
237108,5,3,15,0,2019,März,14,Samstag,Unfall mit Leichtverletzten,Zusammenstoß mit einbiegendem / kreuzendem Fahrzeug,Einbiegen / Kreuzen-Unfall,Tageslicht,1,1,0,0,0,0,"351642,866","5647529,159",6.887440975,50.96024853,trocken,,"Rad, PKW"
237109,5,3,15,0,2019,März,8,Samstag,Unfall mit Leichtverletzten,Unfall anderer Art,Fahrunfall,Tageslicht,1,0,0,0,0,0,"356346,2331","5640788,985",6.957025428,50.90086724,trocken,,Rad
237110,5,3,15,0,2019,März,11,Samstag,Unfall mit Schwerverletzten,Zusammenstoß zwischen Fahrzeug und Fußgänger,Sonstiger Unfall,Tageslicht,0,1,1,0,0,0,"356339,1543","5645384,469",6.955114599,50.94216461,trocken,,"Fuss, PKW"
237111,5,3,15,0,2019,März,11,Samstag,Unfall mit Leichtverletzten,Zusammenstoß mit vorausfahrendem / wartendem Fahrzeug,Sonstiger Unfall,Tageslicht,1,1,0,0,0,0,"356644,2098","5642682,189",6.960516575,50.9179554,trocken,,"Rad, PKW"
237143,5,3,15,0,2019,März,20,Montag,Unfall mit Leichtverletzten,Unfall anderer Art,Sonstiger Unfall,Dämmerung,0,0,1,0,0,1,"359940,7206","5645578,448",7.006271515,50.94479407,trocken,,"Fuss, Sonstige"
237184,5,3,15,0,2019,März,17,Sonntag,Unfall mit Leichtverletzten,Unfall anderer Art,Fahrunfall,Tageslicht,1,0,0,0,0,0,"363655,3959","5644241,664",7.059616915,50.93367032,trocken,,Rad
237185,5,3,15,0,2019,März,18,Sonntag,Unfall mit Leichtverletzten,Zusammenstoß zwischen Fahrzeug und Fußgänger,Abbiegeunfall,Tageslicht,0,1,1,0,0,0,"359601,1819","5645148,037",7.001607258,50.94084333,trocken,,"Fuss, PKW"
237186,5,3,15,0,2019,März,19,Sonntag,Unfall mit Leichtverletzten,Zusammenstoß mit anfahrendem/ anhaltendem/ruhendem Fahrzeug,Sonstiger Unfall,Dämmerung,0,1,0,1,0,0,"361243,8926","5649610,402",7.023272491,50.9813452,trocken,,"Krad, PKW"
237187,5,3,15,0,2019,März,11,Sonntag,Unfall mit Schwerverletzten,Zusammenstoß zwischen Fahrzeug und Fußgänger,Überschreiten-Unfall,Tageslicht,0,1,1,0,0,0,"354251,3137","5642728,351",6.926478691,50.91777085,trocken,,"Fuss, PKW"
237188,5,3,15,0,2019,März,17,Sonntag,Unfall mit Leichtverletzten,Unfall anderer Art,Fahrunfall,Tageslicht,1,0,0,0,0,0,"355019,1787","5644509,748",6.936686938,50.9339733,trocken,,Rad
237255,5,3,15,0,2019,März,16,Samstag,Unfall mit Leichtverletzten,Zusammenstoß mit entgegenkommendem Fahrzeug,Abbiegeunfall,Tageslicht,0,1,0,0,0,0,"362840,684","5642526,055",7.048674931,50.91805829,trocken,,PKW
237256,5,3,15,0,2019,März,15,Samstag,Unfall mit Leichtverletzten,Zusammenstoß mit einbiegendem / kreuzendem Fahrzeug,Einbiegen / Kreuzen-Unfall,Tageslicht,1,1,0,0,0,0,"362279,717","5647902,844",7.038666373,50.96624762,trocken,,"Rad, PKW"
237257,5,3,15,0,2019,März,9,Samstag,Unfall mit Leichtverletzten,Zusammenstoß zwischen Fahrzeug und Fußgänger,Abbiegeunfall,Tageslicht,1,1,1,0,0,0,"364891,8348","5648493,21",7.075624697,50.97217207,trocken,,"Rad, Fuss, PKW"
237258,5,3,15,0,2019,März,8,Samstag,Unfall mit Leichtverletzten,Zusammenstoß mit einbiegendem / kreuzendem Fahrzeug,Einbiegen / Kreuzen-Unfall,Tageslicht,0,1,0,0,0,1,"360060,5961","5648010,109",7.00704194,50.96667683,trocken,,"PKW, Sonstige"
237259,5,3,15,0,2019,März,7,Samstag,Unfall mit Leichtverletzten,Zusammenstoß mit einbiegendem / kreuzendem Fahrzeug,Einbiegen / Kreuzen-Unfall,Tageslicht,0,1,0,1,0,0,"353926,369","5636870,4",6.924201293,50.86504472,trocken,,"Krad, PKW"
237260,5,3,15,0,2019,März,18,Samstag,Unfall mit Leichtverletzten,Unfall anderer Art,Fahrunfall,Dämmerung,1,0,0,0,0,0,"355062,3128","5642034,977",6.938283965,50.91174389,trocken,,Rad
237329,5,3,15,0,2019,März,12,Freitag,Unfall mit Schwerverletzten,Unfall anderer Art,Sonstiger Unfall,Tageslicht,1,0,0,0,0,0,"359107,591","5643901,658",6.995068115,50.92952161,trocken,,Rad
237330,5,3,15,0,2019,März,17,Freitag,Unfall mit Leichtverletzten,Zusammenstoß zwischen Fahrzeug und Fußgänger,Überschreiten-Unfall,Tageslicht,0,1,1,0,0,0,"360439,8242","5648745,399",7.012157111,50.97337697,trocken,,"Fuss, PKW"
237331,5,3,15,0,2019,März,12,Freitag,Unfall mit Leichtverletzten,Zusammenstoß mit vorausfahrendem / wartendem Fahrzeug,Unfall im Längsverkehr,Tageslicht,0,1,0,0,0,0,"356614,6209","5648938,336",6.957632796,50.97417124,trocken,,PKW
237332,5,3,15,0,2019,März,15,Freitag,Unfall mit Leichtverletzten,Unfall anderer Art,Sonstiger Unfall,Tageslicht,0,1,0,0,0,0,"349492,4696","5659391,178",6.851921881,51.06628497,trocken,,PKW
237333,5,3,15,0,2019,März,7,Freitag,Unfall mit Leichtverletzten,Zusammenstoß mit vorausfahrendem / wartendem Fahrzeug,Unfall im Längsverkehr,Tageslicht,0,1,0,1,0,0,"353199,368","5653106,129",6.90733613,51.01076477,trocken,,"Krad, PKW"
237334,5,3,15,0,2019,März,15,Freitag,Unfall mit Schwerverletzten,Unfall anderer Art,Fahrunfall,Tageslicht,1,0,0,0,0,0,"353822,9122","5646139,696",6.91902004,50.94831912,trocken,,Rad
237335,5,3,15,0,2019,März,19,Freitag,Unfall mit Schwerverletzten,Zusammenstoß mit einbiegendem / kreuzendem Fahrzeug,Abbiegeunfall,Dunkelheit,0,1,0,1,0,0,"354973,0569","5643908,733",6.936270137,50.92856052,trocken,,"Krad, PKW"
237336,5,3,15,0,2019,März,20,Freitag,Unfall mit Leichtverletzten,Zusammenstoß mit anfahrendem/ anhaltendem/ruhendem Fahrzeug,Unfall durch ruhenden Verkehr,Dunkelheit,1,1,0,0,0,0,"356531,9624","5643397,032",6.958639542,50.92435174,trocken,,"Rad, PKW"
237385,5,3,15,0,2019,März,8,Donnerstag,Unfall mit Leichtverletzten,Zusammenstoß mit vorausfahrendem / wartendem Fahrzeug,Unfall im Längsverkehr,Tageslicht,0,1,0,0,0,0,"363066,2049","5640921,844",7.052483342,50.9036941,trocken,,PKW
237386,5,3,15,0,2019,März,12,Donnerstag,Unfall mit Leichtverletzten,Zusammenstoß mit anfahrendem/ anhaltendem/ruhendem Fahrzeug,Unfall durch ruhenden Verkehr,Tageslicht,1,0,0,0,0,1,"359527,1345","5644642,491",7.000748889,50.9362819,trocken,,"Rad, Sonstige"
237387,5,3,15,0,2019,März,8,Donnerstag,Unfall mit Leichtverletzten,Zusammenstoß zwischen Fahrzeug und Fußgänger,Überschreiten-Unfall,Tageslicht,0,0,1,0,0,1,"354295,7102","5646883,876",6.925448252,50.95512653,trocken,,"Fuss, Sonstige"
237388,5,3,15,0,2019,März,13,Donnerstag,Unfall mit Leichtverletzten,Zusammenstoß zwischen Fahrzeug und Fußgänger,Sonstiger Unfall,Tageslicht,0,1,1,0,0,0,"357293,1033","5641561,358",6.970180363,50.90804335,trocken,,"Fuss, PKW"
237389,5,3,15,0,2019,März,7,Donnerstag,Unfall mit Leichtverletzten,Zusammenstoß zwischen Fahrzeug und Fußgänger,Abbiegeunfall,Tageslicht,0,1,1,0,0,0,"355313,6501","5642608,799",6.941629175,50.91696379,trocken,,"Fuss, PKW"
237408,5,3,15,0,2019,April,20,Freitag,Unfall mit Leichtverletzten,Unfall anderer Art,Fahrunfall,Dämmerung,1,0,0,0,0,0,"359555,057","5644364,316",7.001253239,50.9337887,trocken,,Rad
237409,5,3,15,0,2019,April,22,Freitag,Unfall mit Leichtverletzten,Unfall anderer Art,Sonstiger Unfall,Dunkelheit,0,0,1,0,0,1,"353899,683","5651401,457",6.917998233,50.99562397,trocken,,"Fuss, Sonstige"
237410,5,3,15,0,2019,April,12,Freitag,Unfall mit Schwerverletzten,Zusammenstoß zwischen Fahrzeug und Fußgänger,Überschreiten-Unfall,Tageslicht,0,1,1,0,0,0,"356848,5972","5650828,065",6.960218925,50.99121212,nass/feucht,,"Fuss, PKW"
237411,5,3,15,0,2019,April,18,Freitag,Unfall mit Leichtverletzten,Unfall anderer Art,Einbiegen / Kreuzen-Unfall,Tageslicht,1,1,0,0,0,0,"357515,1272","5640251,141",6.973847578,50.89632324,nass/feucht,,"Rad, PKW"
237412,5,3,15,0,2019,April,11,Freitag,Unfall mit Leichtverletzten,Zusammenstoß mit anfahrendem/ anhaltendem/ruhendem Fahrzeug,Abbiegeunfall,Tageslicht,0,1,0,0,0,0,"352689,191","5642959,114",6.904177472,50.91944797,trocken,,PKW
237413,5,3,15,0,2019,April,14,Freitag,Unfall mit Schwerverletzten,Unfall anderer Art,Unfall im Längsverkehr,Dunkelheit,0,1,0,0,0,0,"356146,675","5644750,18",6.952627139,50.93641636,nass/feucht,,PKW
237475,5,3,15,0,2019,April,21,Donnerstag,Unfall mit Leichtverletzten,Unfall anderer Art,Abbiegeunfall,Dunkelheit,1,1,0,0,0,0,"359789,2396","5646762,97",7.003660457,50.95540269,nass/feucht,,"Rad, PKW"
237476,5,3,15,0,2019,April,7,Donnerstag,Unfall mit Leichtverletzten,Unfall anderer Art,Überschreiten-Unfall,Tageslicht,0,1,1,0,0,0,"363428,18","5648306,43",7.054860464,50.97014821,nass/feucht,,"Fuss, PKW"
237477,5,3,15,0,2019,April,11,Donnerstag,Unfall mit Leichtverletzten,Zusammenstoß mit entgegenkommendem Fahrzeug,Fahrunfall,Tageslicht,1,1,0,0,0,0,"354930,6104","5650964,512",6.932853716,50.9919581,nass/feucht,,"Rad, PKW"
237478,5,3,15,0,2019,April,6,Donnerstag,Unfall mit Leichtverletzten,Zusammenstoß mit einbiegendem / kreuzendem Fahrzeug,Abbiegeunfall,Dämmerung,0,1,0,0,0,0,"353024,0167","5645824,215",6.907782356,50.94528089,nass/feucht,,PKW
237479,5,3,15,0,2019,April,21,Donnerstag,Unfall mit Schwerverletzten,Zusammenstoß mit anfahrendem/ anhaltendem/ruhendem Fahrzeug,Abbiegeunfall,Dunkelheit,0,1,0,0,0,0,"356883,6932","5641096,7",6.96454314,50.90376613,nass/feucht,,PKW
237480,5,3,15,0,2019,April,16,Donnerstag,Unfall mit Leichtverletzten,Zusammenstoß mit vorausfahrendem / wartendem Fahrzeug,Abbiegeunfall,Dämmerung,0,1,0,0,0,0,"356197,8993","5646275,088",6.952753664,50.95013324,nass/feucht,,PKW
237481,5,3,15,0,2019,April,10,Donnerstag,Unfall mit Leichtverletzten,Zusammenstoß mit entgegenkommendem Fahrzeug,Abbiegeunfall,Tageslicht,1,1,0,0,0,0,"356020,4159","5645737,978",6.950441001,50.94526202,nass/feucht,,"Rad, PKW"
237539,5,3,15,0,2019,April,13,Mittwoch,Unfall mit Leichtverletzten,Zusammenstoß mit vorausfahrendem / wartendem Fahrzeug,Unfall im Längsverkehr,Tageslicht,0,1,0,1,0,0,"359261,7947","5644354,189",6.997086302,50.9336262,trocken,,"Krad, PKW"
237540,5,3,15,0,2019,April,14,Mittwoch,Unfall mit Leichtverletzten,Zusammenstoß mit einbiegendem / kreuzendem Fahrzeug,Einbiegen / Kreuzen-Unfall,Tageslicht,1,1,0,0,0,0,"355395,7795","5647222,236",6.940965858,50.95844436,nass/feucht,,"Rad, PKW"
237541,5,3,15,0,2019,April,17,Mittwoch,Unfall mit Leichtverletzten,Zusammenstoß zwischen Fahrzeug und Fußgänger,Sonstiger Unfall,Tageslicht,0,1,1,0,0,0,"355248,0072","5648343,032",6.938417253,50.96847956,trocken,,"Fuss, PKW"
237542,5,3,15,0,2019,April,7,Mittwoch,Unfall mit Schwerverletzten,Zusammenstoß mit seitlich in gleicher Richtung fahrendem Fahrzeug,Abbiegeunfall,Tageslicht,1,1,0,0,0,0,"352084,6071","5645973,215",6.894358878,50.94637963,trocken,,"Rad, PKW"
237543,5,3,15,0,2019,April,9,Mittwoch,Unfall mit Leichtverletzten,Abkommen von Fahrbahn nach rechts,Fahrunfall,Tageslicht,0,1,0,0,0,0,"356837,179","5637630,83",6.965239984,50.87260685,trocken,,PKW
237544,5,3,15,0,2019,April,13,Mittwoch,Unfall mit Leichtverletzten,Zusammenstoß mit vorausfahrendem / wartendem Fahrzeug,Abbiegeunfall,Tageslicht,0,1,0,0,0,0,"352691,8894","5643482,066",6.904004604,50.92414823,trocken,,PKW
237545,5,3,15,0,2019,April,18,Mittwoch,Unfall mit Leichtverletzten,Zusammenstoß mit anfahrendem/ anhaltendem/ruhendem Fahrzeug,Unfall durch ruhenden Verkehr,Tageslicht,1,1,0,0,0,0,"355730,1571","5645766,796",6.946300568,50.94544844,nass/feucht,,"Rad, PKW"
237546,5,3,15,0,2019,April,16,Mittwoch,Unfall mit Leichtverletzten,Zusammenstoß mit einbiegendem / kreuzendem Fahrzeug,Einbiegen / Kreuzen-Unfall,Tageslicht,1,1,0,0,0,0,"356833,7326","5646038,584",6.961892589,50.94816609,trocken,,"Rad, PKW"
237603,5,3,15,0,2019,April,12,Dienstag,Unfall mit Leichtverletzten,Zusammenstoß mit vorausfahrendem / wartendem Fahrzeug,Abbiegeunfall,Tageslicht,0,1,0,0,0,0,"359129,9591","5645429,547",6.99479554,50.94325835,trocken,,PKW
237604,5,3,15,0,2019,April,14,Dienstag,Unfall mit Leichtverletzten,Zusammenstoß mit seitlich in gleicher Richtung fahrendem Fahrzeug,Unfall im Längsverkehr,Tageslicht,1,1,0,0,0,0,"362755,944","5648537,281",7.045204892,50.97206315,trocken,,"Rad, PKW"
237605,5,3,15,0,2019,April,11,Dienstag,Unfall mit Schwerverletzten,Zusammenstoß mit vorausfahrendem / wartendem Fahrzeug,Abbiegeunfall,Tageslicht,0,1,0,1,0,0,"356764,539","5648939,706",6.959766227,50.97422086,trocken,,"Krad, PKW"
237606,5,3,15,0,2019,April,16,Dienstag,Unfall mit Schwerverletzten,Zusammenstoß mit einbiegendem / kreuzendem Fahrzeug,Abbiegeunfall,Tageslicht,0,0,0,0,1,1,"357430,5473","5648938,371",6.969246927,50.97437413,trocken,,"Gkfz, Sonstige"
237607,5,3,15,0,2019,April,7,Dienstag,Unfall mit Leichtverletzten,Zusammenstoß mit einbiegendem / kreuzendem Fahrzeug,Einbiegen / Kreuzen-Unfall,Tageslicht,1,0,0,0,0,1,"354907,4351","5647920,365",6.933738723,50.96459549,trocken,,"Rad, Sonstige"
237608,5,3,15,0,2019,April,17,Dienstag,Unfall mit Leichtverletzten,Zusammenstoß zwischen Fahrzeug und Fußgänger,Überschreiten-Unfall,Tageslicht,0,0,1,0,0,1,"352075,758","5653911,432",6.89100211,51.01771366,trocken,,"Fuss, Sonstige"
237609,5,3,15,0,2019,April,11,Dienstag,Unfall mit Leichtverletzten,Zusammenstoß mit einbiegendem / kreuzendem Fahrzeug,Einbiegen / Kreuzen-Unfall,Tageslicht,1,1,0,0,0,0,"353525,6083","5647007,341",6.914441531,50.95604085,trocken,,"Rad, PKW"
237610,5,3,15,0,2019,April,6,Dienstag,Unfall mit Leichtverletzten,Zusammenstoß mit vorausfahrendem / wartendem Fahrzeug,Sonstiger Unfall,Tageslicht,0,1,0,0,0,0,"351882,4775","5648267,324",6.89054998,50.96694367,trocken,,PKW
237611,5,3,15,0,2019,April,16,Dienstag,Unfall mit Leichtverletzten,Zusammenstoß mit seitlich in gleicher Richtung fahrendem Fahrzeug,Unfall durch ruhenden Verkehr,Tageslicht,1,1,0,0,0,0,"357631,5523","5641478,148",6.9750236,50.90737911,trocken,,"Rad, PKW"
237612,5,3,15,0,2019,April,16,Dienstag,Unfall mit Leichtverletzten,Unfall anderer Art,Fahrunfall,Tageslicht,0,0,0,1,0,0,"356155,118","5643782,834",6.95312899,50.92772506,trocken,,Krad
237710,5,3,15,0,2019,April,19,Dienstag,Unfall mit Leichtverletzten,Zusammenstoß mit einbiegendem / kreuzendem Fahrzeug,Sonstiger Unfall,Dämmerung,1,1,0,0,0,0,"359478,9484","5645394,236",6.999773584,50.94302617,trocken,,"Rad, PKW"
237711,5,3,15,0,2019,April,14,Dienstag,Unfall mit Leichtverletzten,Zusammenstoß mit vorausfahrendem / wartendem Fahrzeug,Unfall im Längsverkehr,Tageslicht,0,1,0,0,0,0,"357309,501","5647580,296",6.96805668,50.96213928,trocken,,PKW
237712,5,3,15,0,2019,April,14,Dienstag,Unfall mit Leichtverletzten,Zusammenstoß mit vorausfahrendem / wartendem Fahrzeug,Unfall im Längsverkehr,Tageslicht,0,1,0,0,0,0,"356142,2921","5647590,835",6.951442525,50.96194374,trocken,,PKW
237713,5,3,15,0,2019,April,8,Dienstag,Unfall mit Leichtverletzten,Unfall anderer Art,Abbiegeunfall,Tageslicht,0,1,1,0,0,0,"349348,565","5658646,632",6.850179637,51.05955668,trocken,,"Fuss, PKW"
237714,5,3,15,0,2019,April,13,Dienstag,Unfall mit Leichtverletzten,Abkommen von Fahrbahn nach links,Fahrunfall,Tageslicht,0,1,0,0,0,0,"349440,1938","5651765,446",6.854344365,50.99774544,trocken,,PKW
237715,5,3,15,0,2019,April,16,Dienstag,Unfall mit Leichtverletzten,Unfall anderer Art,Fahrunfall,Tageslicht,0,0,0,1,0,0,"352536,4435","5643849,671",6.901645731,50.92741202,trocken,,Krad
237716,5,3,15,0,2019,April,12,Dienstag,Unfall mit Leichtverletzten,Zusammenstoß mit vorausfahrendem / wartendem Fahrzeug,Unfall im Längsverkehr,Tageslicht,1,1,0,0,0,0,"350892,8246","5647835,553",6.876642891,50.9628083,trocken,,"Rad, PKW"
237717,5,3,15,0,2019,April,16,Dienstag,Unfall mit Leichtverletzten,Zusammenstoß mit anfahrendem/ anhaltendem/ruhendem Fahrzeug,Unfall im Längsverkehr,Tageslicht,1,1,0,0,0,0,"356639,5042","5641877,006",6.960766055,50.91071811,trocken,,"Rad, PKW"
237718,5,3,15,0,2019,April,7,Dienstag,Unfall mit Leichtverletzten,Zusammenstoß mit anfahrendem/ anhaltendem/ruhendem Fahrzeug,Unfall durch ruhenden Verkehr,Tageslicht,1,1,0,0,0,0,"355875,988","5644745,595",6.948779074,50.93630757,trocken,,"Rad, PKW"
237719,5,3,15,0,2019,April,20,Dienstag,Unfall mit Leichtverletzten,Zusammenstoß mit einbiegendem / kreuzendem Fahrzeug,Abbiegeunfall,Tageslicht,1,1,0,0,0,0,"355568,3355","5645184,115",6.94422964,50.94017149,nass/feucht,,"Rad, PKW"
237720,5,3,15,0,2019,April,9,Dienstag,Unfall mit Schwerverletzten,Zusammenstoß mit seitlich in gleicher Richtung fahrendem Fahrzeug,Sonstiger Unfall,Tageslicht,0,1,0,1,0,0,"355839,4522","5645505,667",6.947958684,50.94312906,trocken,,"Krad, PKW"
237763,5,3,15,0,2019,April,15,Montag,Unfall mit Leichtverletzten,Zusammenstoß mit entgegenkommendem Fahrzeug,Abbiegeunfall,Tageslicht,0,1,0,0,0,0,"359541,7433","5644534,1",7.00099845,50.93531133,trocken,,PKW
237764,5,3,15,0,2019,April,18,Montag,Unfall mit Leichtverletzten,Zusammenstoß mit entgegenkommendem Fahrzeug,Abbiegeunfall,Tageslicht,1,1,0,0,0,0,"361592,3941","5646822,669",7.029294965,50.9563751,trocken,,"Rad, PKW"
237765,5,3,15,0,2019,April,16,Montag,Unfall mit Leichtverletzten,Zusammenstoß mit anfahrendem/ anhaltendem/ruhendem Fahrzeug,Unfall durch ruhenden Verkehr,Tageslicht,1,1,0,0,0,0,"355659,9987","5647482,791",6.944622164,50.96085216,trocken,,"Rad, PKW"
237766,5,3,15,0,2019,April,16,Montag,Unfall mit Leichtverletzten,Unfall anderer Art,Überschreiten-Unfall,Tageslicht,0,1,1,0,0,0,"357212,9988","5648736,279",6.96622962,50.97250405,trocken,,"Fuss, PKW"
237767,5,3,15,0,2019,April,21,Montag,Unfall mit Leichtverletzten,Zusammenstoß mit einbiegendem / kreuzendem Fahrzeug,Einbiegen / Kreuzen-Unfall,Dunkelheit,0,1,0,0,0,0,"353586,9947","5646535,607",6.915504687,50.95181716,trocken,,PKW
237768,5,3,15,0,2019,April,22,Montag,Unfall mit Leichtverletzten,Zusammenstoß mit einbiegendem / kreuzendem Fahrzeug,Abbiegeunfall,Dunkelheit,0,1,0,0,0,0,"356019,6754","5645737,013",6.950430849,50.94525317,trocken,,PKW
237818,5,3,15,0,2019,April,15,Sonntag,Unfall mit Leichtverletzten,Zusammenstoß zwischen Fahrzeug und Fußgänger,Sonstiger Unfall,Tageslicht,1,0,1,0,0,0,"361273,9823","5644445,294",7.02566973,50.9349325,trocken,,"Rad, Fuss"
237819,5,3,15,0,2019,April,14,Sonntag,Unfall mit Schwerverletzten,Zusammenstoß zwischen Fahrzeug und Fußgänger,Überschreiten-Unfall,Tageslicht,0,1,1,0,0,0,"359813,4113","5646336,483",7.004168631,50.95157568,trocken,,"Fuss, PKW"
237820,5,3,15,0,2019,April,10,Sonntag,Unfall mit Schwerverletzten,Unfall anderer Art,Fahrunfall,Tageslicht,1,0,0,0,0,0,"355697,8526","5649961,832",6.944177109,50.98314016,trocken,,Rad
237821,5,3,15,0,2019,April,15,Sonntag,Unfall mit Leichtverletzten,Zusammenstoß zwischen Fahrzeug und Fußgänger,Abbiegeunfall,Tageslicht,0,1,1,0,0,0,"354729,2909","5643305,919",6.93304394,50.92308184,trocken,,"Fuss, PKW"
237822,5,3,15,0,2019,April,15,Sonntag,Unfall mit Leichtverletzten,Zusammenstoß zwischen Fahrzeug und Fußgänger,Sonstiger Unfall,Tageslicht,0,0,1,0,0,1,"355245,9924","5642194,043",6.940831872,50.91321949,trocken,,"Fuss, Sonstige"
237823,5,3,15,0,2019,April,16,Sonntag,Unfall mit Leichtverletzten,Zusammenstoß zwischen Fahrzeug und Fußgänger,Unfall im Längsverkehr,Tageslicht,1,0,1,0,0,0,"354248,6544","5643398,185",6.9261732,50.92378979,trocken,,"Rad, Fuss"
237824,5,3,15,0,2019,April,16,Sonntag,Unfall mit Leichtverletzten,Unfall anderer Art,Fahrunfall,Tageslicht,1,0,0,0,0,0,"355616,823","5643512,651",6.945581457,50.92516249,trocken,,Rad