OBJECTID,ULAND,UREGBEZ,UKREIS,UGEMEINDE,UJAHR,UMONAT,USTUNDE,UWOCHENTAG,UKATEGORIE,UART,UTYP1,ULICHTVERH,IstRad,IstPKW,IstFuss,IstKrad,IstGkfz,IstSonstige,LINREFX,LINREFY,XGCSWGS84,YGCSWGS84,USTRZUSTAND,UIDENTSTLAE,Participants
237825,5,3,15,0,2019,April,15,Sonntag,Unfall mit Leichtverletzten,Zusammenstoß zwischen Fahrzeug und Fußgänger,Überschreiten-Unfall,Tageslicht,1,0,1,0,0,0,"356459,7259","5645949,334",6.956607045,50.947271,trocken,,"Rad, Fuss"
237871,5,3,15,0,2019,April,17,Samstag,Unfall mit Leichtverletzten,Zusammenstoß mit vorausfahrendem / wartendem Fahrzeug,Unfall im Längsverkehr,Tageslicht,0,1,0,0,0,0,"359175,5753","5645763,413",6.995315345,50.94626997,trocken,,PKW
237872,5,3,15,0,2019,April,13,Samstag,Unfall mit Leichtverletzten,Zusammenstoß zwischen Fahrzeug und Fußgänger,Sonstiger Unfall,Tageslicht,0,1,1,0,0,0,"364974,6438","5643713,733",7.078575972,50.9292359,trocken,,"Fuss, PKW"
237873,5,3,15,0,2019,April,7,Samstag,Unfall mit Leichtverletzten,Zusammenstoß mit vorausfahrendem / wartendem Fahrzeug,Einbiegen / Kreuzen-Unfall,Tageslicht,1,1,0,0,0,0,"356738,5657","5650979,243",6.958592513,50.99254335,trocken,,"Rad, PKW"
237874,5,3,15,0,2019,April,7,Samstag,Unfall mit Leichtverletzten,Unfall anderer Art,Fahrunfall,Tageslicht,1,0,0,0,0,0,"357025,4463","5642373,919",6.966057481,50.91527957,trocken,,Rad
237875,5,3,15,0,2019,April,16,Samstag,Unfall mit Leichtverletzten,Zusammenstoß mit seitlich in gleicher Richtung fahrendem Fahrzeug,Unfall im Längsverkehr,Tageslicht,1,1,0,0,0,0,"355676,971","5642308,339",6.946913245,50.91435458,trocken,,"Rad, PKW"
237876,5,3,15,0,2019,April,8,Samstag,Unfall mit Leichtverletzten,Unfall anderer Art,Fahrunfall,Tageslicht,0,0,0,1,0,0,"355657,4446","5643936,416",6.945991289,50.92898096,trocken,,Krad
237877,5,3,15,0,2019,April,17,Samstag,Unfall mit Leichtverletzten,Zusammenstoß mit seitlich in gleicher Richtung fahrendem Fahrzeug,Unfall durch ruhenden Verkehr,Tageslicht,1,1,0,0,0,0,"356254,9167","5645321,627",6.953941166,50.94157886,trocken,,"Rad, PKW"
237878,5,3,15,0,2019,April,11,Samstag,Unfall mit Leichtverletzten,Zusammenstoß zwischen Fahrzeug und Fußgänger,Sonstiger Unfall,Tageslicht,0,1,1,0,0,0,"356654,693","5646260,684",6.959258084,50.95011757,trocken,,"Fuss, PKW"
237916,5,3,15,0,2019,April,16,Sonntag,Unfall mit Leichtverletzten,Zusammenstoß mit seitlich in gleicher Richtung fahrendem Fahrzeug,Sonstiger Unfall,Tageslicht,0,0,0,1,0,1,"356629,1241","5647543,063",6.958389201,50.96163577,nass/feucht,,"Krad, Sonstige"
237917,5,3,15,0,2019,April,22,Sonntag,Unfall mit Leichtverletzten,Zusammenstoß mit anfahrendem/ anhaltendem/ruhendem Fahrzeug,Abbiegeunfall,Dunkelheit,1,1,0,0,0,0,"353592,8913","5646533,917",6.915589258,50.95180347,trocken,,"Rad, PKW"
237918,5,3,15,0,2019,April,16,Sonntag,Unfall mit Leichtverletzten,Zusammenstoß mit einbiegendem / kreuzendem Fahrzeug,Einbiegen / Kreuzen-Unfall,Tageslicht,1,1,0,0,0,0,"355152,9582","5644344,681",6.938655122,50.93252349,trocken,,"Rad, PKW"
237968,5,3,15,0,2019,April,21,Samstag,Unfall mit Schwerverletzten,Zusammenstoß mit einbiegendem / kreuzendem Fahrzeug,Einbiegen / Kreuzen-Unfall,Dunkelheit,1,1,0,0,0,0,"366408,887","5636410,617",7.101644761,50.86393154,trocken,,"Rad, PKW"
237969,5,3,15,0,2019,April,19,Samstag,Unfall mit Leichtverletzten,Zusammenstoß mit einbiegendem / kreuzendem Fahrzeug,Einbiegen / Kreuzen-Unfall,Tageslicht,1,1,0,0,0,0,"360177,0461","5648420,77",7.008541433,50.97039576,trocken,,"Rad, PKW"
237970,5,3,15,0,2019,April,12,Samstag,Unfall mit Schwerverletzten,Unfall anderer Art,Fahrunfall,Tageslicht,1,0,0,0,0,0,"353144,9818","5646509,067",6.909226889,50.9514662,trocken,,Rad
237971,5,3,15,0,2019,April,17,Samstag,Unfall mit Leichtverletzten,Zusammenstoß mit einbiegendem / kreuzendem Fahrzeug,Abbiegeunfall,Tageslicht,0,1,0,1,0,0,"356760,9949","5641899,156",6.962484338,50.91094733,trocken,,"Krad, PKW"
238012,5,3,15,0,2019,April,6,Freitag,Unfall mit Leichtverletzten,Zusammenstoß mit einbiegendem / kreuzendem Fahrzeug,Abbiegeunfall,Dämmerung,0,1,0,0,0,0,"366408,707","5636413,051",7.101641316,50.86395338,trocken,,PKW
238013,5,3,15,0,2019,April,16,Freitag,Unfall mit Schwerverletzten,Zusammenstoß mit einbiegendem / kreuzendem Fahrzeug,Abbiegeunfall,Tageslicht,1,1,0,0,0,0,"364178,1909","5639613,21",7.068775438,50.89219537,trocken,,"Rad, PKW"
238014,5,3,15,0,2019,April,13,Freitag,Unfall mit Leichtverletzten,Zusammenstoß mit einbiegendem / kreuzendem Fahrzeug,Abbiegeunfall,Tageslicht,0,1,0,0,0,0,"363052,538","5640907,053",7.052294636,50.90355793,trocken,,PKW
238015,5,3,15,0,2019,April,6,Freitag,Unfall mit Schwerverletzten,Zusammenstoß zwischen Fahrzeug und Fußgänger,Abbiegeunfall,Dämmerung,0,1,1,0,0,0,"351881,385","5654229,654",6.88810293,51.02052328,trocken,,"Fuss, PKW"
238016,5,3,15,0,2019,April,13,Freitag,Unfall mit Leichtverletzten,Unfall anderer Art,Unfall im Längsverkehr,Tageslicht,1,0,1,0,0,0,"348625,4285","5644455,211",6.845783429,50.93184057,trocken,,"Rad, Fuss"
238017,5,3,15,0,2019,April,22,Freitag,Unfall mit Leichtverletzten,Zusammenstoß mit seitlich in gleicher Richtung fahrendem Fahrzeug,Unfall durch ruhenden Verkehr,Dunkelheit,0,1,0,0,0,0,"354713,0181","5645433,373",6.931964511,50.94219663,trocken,,PKW
238018,5,3,15,0,2019,April,9,Freitag,Unfall mit Leichtverletzten,Zusammenstoß mit vorausfahrendem / wartendem Fahrzeug,Unfall im Längsverkehr,Tageslicht,1,0,0,0,0,0,"354296,01","5646482,361",6.92561322,50.95151832,trocken,,Rad
238019,5,3,15,0,2019,April,21,Freitag,Unfall mit Leichtverletzten,Zusammenstoß mit einbiegendem / kreuzendem Fahrzeug,Überschreiten-Unfall,Dämmerung,1,0,1,0,0,0,"359665,6071","5639726,694",7.004609186,50.89213651,trocken,,"Rad, Fuss"
238020,5,3,15,0,2019,April,7,Freitag,Unfall mit Leichtverletzten,Zusammenstoß zwischen Fahrzeug und Fußgänger,Sonstiger Unfall,Tageslicht,1,0,1,0,0,0,"355468,4507","5644986,591",6.942887266,50.93837135,trocken,,"Rad, Fuss"
238021,5,3,15,0,2019,April,20,Freitag,Unfall mit Leichtverletzten,Zusammenstoß mit einbiegendem / kreuzendem Fahrzeug,Abbiegeunfall,Dämmerung,1,0,0,0,0,0,"357325,0998","5642742,963",6.970173124,50.91867033,trocken,,Rad
238077,5,3,15,0,2019,April,7,Donnerstag,Unfall mit Leichtverletzten,Zusammenstoß mit seitlich in gleicher Richtung fahrendem Fahrzeug,Unfall im Längsverkehr,Tageslicht,1,0,0,0,0,0,"363149,7289","5638965,729",7.054403426,50.88613339,trocken,,Rad
238078,5,3,15,0,2019,April,15,Donnerstag,Unfall mit Leichtverletzten,Zusammenstoß mit einbiegendem / kreuzendem Fahrzeug,Einbiegen / Kreuzen-Unfall,Tageslicht,0,1,0,0,0,0,"364634,0904","5639699,215",7.075222001,50.89307538,trocken,,PKW
238079,5,3,15,0,2019,April,7,Donnerstag,Unfall mit Leichtverletzten,Unfall anderer Art,Sonstiger Unfall,Tageslicht,1,0,0,0,0,1,"359141,294","5645012,682",6.99511797,50.93951472,nass/feucht,,"Rad, Sonstige"
238080,5,3,15,0,2019,April,7,Donnerstag,Unfall mit Leichtverletzten,Unfall anderer Art,Sonstiger Unfall,Tageslicht,1,0,0,0,0,1,"359143,9936","5645017,116",6.995154654,50.93955523,nass/feucht,,"Rad, Sonstige"
238081,5,3,15,0,2019,April,18,Donnerstag,Unfall mit Leichtverletzten,Zusammenstoß mit einbiegendem / kreuzendem Fahrzeug,Abbiegeunfall,Tageslicht,0,1,0,0,0,1,"361264,8773","5643183,3",7.026020522,50.92358844,trocken,,"PKW, Sonstige"
238082,5,3,15,0,2019,April,16,Donnerstag,Unfall mit Leichtverletzten,Unfall anderer Art,Fahrunfall,Tageslicht,0,0,0,1,0,0,"362673,801","5644663,647",7.045497019,50.93722995,trocken,,Krad
238083,5,3,15,0,2019,April,16,Donnerstag,Unfall mit Leichtverletzten,Unfall anderer Art,Fahrunfall,Tageslicht,1,0,0,0,0,0,"354097,792","5650238,338",6.921286545,50.98522175,trocken,,Rad
238084,5,3,15,0,2019,April,16,Donnerstag,Unfall mit Leichtverletzten,Zusammenstoß mit anfahrendem/ anhaltendem/ruhendem Fahrzeug,Unfall durch ruhenden Verkehr,Tageslicht,1,0,0,1,0,0,"347202,159","5644955,782",6.825334491,50.93596348,trocken,,"Rad, Krad"
238085,5,3,15,0,2019,April,12,Donnerstag,Unfall mit Leichtverletzten,Zusammenstoß mit vorausfahrendem / wartendem Fahrzeug,Unfall im Längsverkehr,Tageslicht,0,1,0,0,0,0,"353693,8852","5648410,451",6.916271634,50.96869279,trocken,,PKW
238086,5,3,15,0,2019,April,19,Donnerstag,Unfall mit Leichtverletzten,Unfall anderer Art,Sonstiger Unfall,Tageslicht,1,1,0,0,0,0,"354299,4209","5645952,241",6.925873866,50.94675517,trocken,,"Rad, PKW"
238087,5,3,15,0,2019,April,17,Donnerstag,Unfall mit Leichtverletzten,Zusammenstoß mit einbiegendem / kreuzendem Fahrzeug,Abbiegeunfall,Tageslicht,0,1,0,0,0,0,"354175,2711","5645235,231",6.92439482,50.94028023,trocken,,PKW
238088,5,3,15,0,2019,April,16,Donnerstag,Unfall mit Leichtverletzten,Zusammenstoß mit vorausfahrendem / wartendem Fahrzeug,Unfall im Längsverkehr,Tageslicht,0,1,0,0,0,0,"356234,8773","5643613,145",6.95433008,50.92621996,trocken,,PKW
238154,5,3,15,0,2019,April,14,Mittwoch,Unfall mit Leichtverletzten,Unfall anderer Art,Einbiegen / Kreuzen-Unfall,Tageslicht,0,0,0,1,0,1,"353350,6032","5650406,305",6.91058088,50.98654135,trocken,,"Krad, Sonstige"
238155,5,3,15,0,2019,April,16,Mittwoch,Unfall mit Schwerverletzten,Zusammenstoß mit einbiegendem / kreuzendem Fahrzeug,Einbiegen / Kreuzen-Unfall,Tageslicht,1,1,0,0,0,0,"351558,8838","5654569,016",6.883369094,51.02348973,trocken,,"Rad, PKW"
238156,5,3,15,0,2019,April,16,Mittwoch,Unfall mit Leichtverletzten,Zusammenstoß zwischen Fahrzeug und Fußgänger,Abbiegeunfall,Tageslicht,0,1,1,0,0,0,"351435,0231","5648511,847",6.884082223,50.96902583,trocken,,"Fuss, PKW"
238157,5,3,15,0,2019,April,17,Mittwoch,Unfall mit Schwerverletzten,Zusammenstoß mit einbiegendem / kreuzendem Fahrzeug,Abbiegeunfall,Tageslicht,1,1,0,0,0,0,"353035,8929","5643059,604",6.909066067,50.92043945,trocken,,"Rad, PKW"
238158,5,3,15,0,2019,April,14,Mittwoch,Unfall mit Leichtverletzten,Zusammenstoß mit anfahrendem/ anhaltendem/ruhendem Fahrzeug,Unfall durch ruhenden Verkehr,Tageslicht,1,1,0,0,0,0,"356397,2729","5645451,678",6.955914806,50.94278308,trocken,,"Rad, PKW"
238223,5,3,15,0,2019,April,12,Donnerstag,Unfall mit Schwerverletzten,Zusammenstoß mit anfahrendem/ anhaltendem/ruhendem Fahrzeug,Unfall durch ruhenden Verkehr,Tageslicht,1,1,0,0,0,0,"350598,829","5651438,628",6.8709785,50.99511054,trocken,,"Rad, PKW"
238224,5,3,15,0,2019,April,12,Donnerstag,Unfall mit Schwerverletzten,Unfall anderer Art,Einbiegen / Kreuzen-Unfall,Tageslicht,1,1,0,0,0,0,"351721,617","5648529,705",6.888153752,50.96926015,trocken,,"Rad, PKW"
238225,5,3,15,0,2019,April,17,Donnerstag,Unfall mit Leichtverletzten,Zusammenstoß mit seitlich in gleicher Richtung fahrendem Fahrzeug,Abbiegeunfall,Tageslicht,1,0,0,0,0,1,"353765,4497","5646849,585",6.917917448,50.95468406,trocken,,"Rad, Sonstige"
238260,5,3,15,0,2019,April,13,Donnerstag,Unfall mit Leichtverletzten,Zusammenstoß mit seitlich in gleicher Richtung fahrendem Fahrzeug,Sonstiger Unfall,Tageslicht,0,1,0,0,1,0,"362120,1284","5646013,501",7.037110807,50.94922938,trocken,,"PKW, Gkfz"
238272,5,3,15,0,2019,April,11,Mittwoch,Unfall mit Leichtverletzten,Zusammenstoß mit vorausfahrendem / wartendem Fahrzeug,Unfall im Längsverkehr,Tageslicht,0,1,0,0,0,0,"363887,2743","5640586,056",7.064278898,50.90087037,trocken,,PKW
238273,5,3,15,0,2019,April,17,Mittwoch,Unfall mit Leichtverletzten,Unfall anderer Art,Sonstiger Unfall,Tageslicht,1,0,0,0,0,0,"362163,559","5648489,856",7.036790694,50.97149547,trocken,,Rad
238274,5,3,15,0,2019,April,10,Mittwoch,Unfall mit Leichtverletzten,Zusammenstoß mit einbiegendem / kreuzendem Fahrzeug,Einbiegen / Kreuzen-Unfall,Tageslicht,0,1,0,0,0,0,"355763,5363","5647445,614",6.946110245,50.96054398,trocken,,PKW
238275,5,3,15,0,2019,April,10,Mittwoch,Unfall mit Leichtverletzten,Abkommen von Fahrbahn nach rechts,Fahrunfall,Tageslicht,1,0,0,0,0,0,"349357,693","5652327,892",6.852936148,51.00277809,trocken,,Rad
238276,5,3,15,0,2019,April,16,Mittwoch,Unfall mit Leichtverletzten,Abkommen von Fahrbahn nach rechts,Sonstiger Unfall,Tageslicht,1,0,0,0,0,0,"349468,077","5644443,616",6.85777099,50.93195691,trocken,,Rad
238277,5,3,15,0,2019,April,9,Mittwoch,Unfall mit Getöteten,Zusammenstoß zwischen Fahrzeug und Fußgänger,Überschreiten-Unfall,Tageslicht,0,1,1,0,0,0,"354094,5851","5644205,805",6.923659349,50.93100869,trocken,,"Fuss, PKW"
238278,5,3,15,0,2019,April,14,Mittwoch,Unfall mit Leichtverletzten,Zusammenstoß zwischen Fahrzeug und Fußgänger,Überschreiten-Unfall,Tageslicht,1,0,1,0,0,0,"356464,4783","5646001,109",6.956654246,50.94773748,trocken,,"Rad, Fuss"
238279,5,3,15,0,2019,April,0,Mittwoch,Unfall mit Leichtverletzten,Zusammenstoß mit anfahrendem/ anhaltendem/ruhendem Fahrzeug,Sonstiger Unfall,Dunkelheit,1,1,0,0,0,0,"356393,0815","5643014,576",6.9568154,50.9208801,trocken,,"Rad, PKW"
238280,5,3,15,0,2019,April,16,Mittwoch,Unfall mit Leichtverletzten,Unfall anderer Art,Sonstiger Unfall,Tageslicht,1,0,0,0,0,0,"355879,3242","5644585,716",6.948889753,50.9348716,trocken,,Rad
238281,5,3,15,0,2019,April,12,Mittwoch,Unfall mit Leichtverletzten,Zusammenstoß mit vorausfahrendem / wartendem Fahrzeug,Sonstiger Unfall,Dunkelheit,0,0,0,1,0,1,"356650,7925","5645322,441",6.959571891,50.94168473,trocken,,"Krad, Sonstige"
238329,5,3,15,0,2019,April,12,Dienstag,Unfall mit Leichtverletzten,Zusammenstoß mit einbiegendem / kreuzendem Fahrzeug,Einbiegen / Kreuzen-Unfall,Tageslicht,0,1,0,0,0,0,"350878,075","5652417,972",6.874552701,51.00398365,trocken,,PKW
238330,5,3,15,0,2019,April,23,Dienstag,Unfall mit Leichtverletzten,Unfall anderer Art,Sonstiger Unfall,Dunkelheit,0,0,0,0,0,1,"352817,954","5653998,833",6.901540728,51.01868953,trocken,,Sonstige
238331,5,3,15,0,2019,April,16,Dienstag,Unfall mit Leichtverletzten,Zusammenstoß mit anfahrendem/ anhaltendem/ruhendem Fahrzeug,Unfall durch ruhenden Verkehr,Tageslicht,0,1,0,0,0,0,"354414,36","5655882,003",6.923529228,51.03601914,trocken,,PKW
238332,5,3,15,0,2019,April,22,Dienstag,Unfall mit Schwerverletzten,Unfall anderer Art,Fahrunfall,Dunkelheit,1,1,0,0,0,0,"349621,8908","5645477,002",6.85953183,50.94128337,trocken,,"Rad, PKW"
238333,5,3,15,0,2019,April,17,Dienstag,Unfall mit Leichtverletzten,Unfall anderer Art,Unfall durch ruhenden Verkehr,Tageslicht,1,1,0,0,0,0,"355055,9901","5647071,792",6.93619083,50.95700699,trocken,,"Rad, PKW"
238334,5,3,15,0,2019,April,13,Dienstag,Unfall mit Schwerverletzten,Zusammenstoß mit entgegenkommendem Fahrzeug,Abbiegeunfall,Tageslicht,1,1,0,0,0,0,"352789,909","5644617,706",6.904939698,50.93437878,trocken,,"Rad, PKW"
238385,5,3,15,0,2019,April,18,Montag,Unfall mit Leichtverletzten,Zusammenstoß mit entgegenkommendem Fahrzeug,Sonstiger Unfall,Tageslicht,0,1,0,0,0,0,"363784,52","5642674,547",7.062038914,50.91961643,trocken,,PKW
238386,5,3,15,0,2019,April,22,Montag,Unfall mit Schwerverletzten,Abkommen von Fahrbahn nach rechts,Fahrunfall,Dunkelheit,0,1,0,0,0,0,"361826,8378","5642985,354",7.034086283,50.92194429,trocken,,PKW
238415,5,3,15,0,2019,April,8,Freitag,Unfall mit Leichtverletzten,Zusammenstoß mit einbiegendem / kreuzendem Fahrzeug,Abbiegeunfall,Tageslicht,1,1,0,0,0,0,"364179,2214","5639610,055",7.068791256,50.89216725,trocken,,"Rad, PKW"
238416,5,3,15,0,2019,April,14,Freitag,Unfall mit Leichtverletzten,Unfall anderer Art,Sonstiger Unfall,Tageslicht,1,0,0,0,0,0,"357318,844","5645213,657",6.969117121,50.9408728,trocken,,Rad
238419,5,3,15,0,2019,April,19,Freitag,Unfall mit Leichtverletzten,Zusammenstoß mit einbiegendem / kreuzendem Fahrzeug,Einbiegen / Kreuzen-Unfall,Tageslicht,1,1,0,0,0,0,"360569,5853","5646241,397",7.014963739,50.95090455,trocken,,"Rad, PKW"
238420,5,3,15,0,2019,April,19,Freitag,Unfall mit Leichtverletzten,Unfall anderer Art,Sonstiger Unfall,Tageslicht,0,1,0,0,0,0,"360438,544","5647701,827",7.012539315,50.96399794,trocken,,PKW
238421,5,3,15,0,2019,April,13,Freitag,Unfall mit Schwerverletzten,Zusammenstoß mit einbiegendem / kreuzendem Fahrzeug,Einbiegen / Kreuzen-Unfall,Tageslicht,0,1,0,0,0,0,"361316,8387","5649456,492",7.024369749,50.97997955,trocken,,PKW
238423,5,3,15,0,2019,April,12,Freitag,Unfall mit Leichtverletzten,Zusammenstoß zwischen Fahrzeug und Fußgänger,Sonstiger Unfall,Tageslicht,0,1,1,0,0,0,"360604,7722","5646758,405",7.015266396,50.9555595,trocken,,"Fuss, PKW"
238424,5,3,15,0,2019,April,14,Freitag,Unfall mit Leichtverletzten,Unfall anderer Art,Sonstiger Unfall,Tageslicht,0,1,0,1,0,0,"354736,2429","5646263,189",6.931963883,50.9496598,trocken,,"Krad, PKW"
238425,5,3,15,0,2019,April,19,Freitag,Unfall mit Leichtverletzten,Zusammenstoß mit vorausfahrendem / wartendem Fahrzeug,Unfall im Längsverkehr,Tageslicht,0,1,0,0,0,0,"356194,502","5640873,403",6.954835803,50.90158813,trocken,,PKW
238426,5,3,15,0,2019,April,7,Freitag,Unfall mit Leichtverletzten,Zusammenstoß mit einbiegendem / kreuzendem Fahrzeug,Abbiegeunfall,Tageslicht,1,1,0,0,0,0,"354661,5596","5642281,836",6.932488947,50.91386159,trocken,,"Rad, PKW"
238447,5,3,15,0,2019,April,16,Mittwoch,Unfall mit Leichtverletzten,Zusammenstoß mit einbiegendem / kreuzendem Fahrzeug,Einbiegen / Kreuzen-Unfall,Tageslicht,1,1,0,0,0,0,"352817,2768","5645867,845",6.904823865,50.94562023,trocken,,"Rad, PKW"
238448,5,3,15,0,2019,April,15,Mittwoch,Unfall mit Leichtverletzten,Zusammenstoß mit einbiegendem / kreuzendem Fahrzeug,Abbiegeunfall,Tageslicht,0,1,0,0,0,1,"356761,0185","5641898,835",6.962484801,50.91094445,trocken,,"PKW, Sonstige"
238449,5,3,15,0,2019,April,9,Mittwoch,Unfall mit Leichtverletzten,Zusammenstoß zwischen Fahrzeug und Fußgänger,Sonstiger Unfall,Tageslicht,1,0,1,0,0,0,"356215,0432","5643714,669",6.954008011,50.92712741,trocken,,"Rad, Fuss"
238450,5,3,15,0,2019,April,14,Mittwoch,Unfall mit Leichtverletzten,Zusammenstoß zwischen Fahrzeug und Fußgänger,Überschreiten-Unfall,Tageslicht,0,1,1,0,0,0,"356558,4497","5643225,911",6.959083477,50.92282047,trocken,,"Fuss, PKW"
238506,5,3,15,0,2019,April,20,Dienstag,Unfall mit Leichtverletzten,Zusammenstoß zwischen Fahrzeug und Fußgänger,Sonstiger Unfall,Dämmerung,0,1,1,0,0,0,"362913,3562","5645403,317",7.048626046,50.94393464,trocken,,"Fuss, PKW"
238507,5,3,15,0,2019,April,6,Dienstag,Unfall mit Schwerverletzten,Unfall anderer Art,Abbiegeunfall,Tageslicht,1,1,0,0,0,0,"353881,435","5650627,382",6.918049761,50.98866305,trocken,,"Rad, PKW"
238508,5,3,15,0,2019,April,18,Dienstag,Unfall mit Leichtverletzten,Zusammenstoß mit anfahrendem/ anhaltendem/ruhendem Fahrzeug,Unfall durch ruhenden Verkehr,Tageslicht,1,1,0,0,0,0,"355376,5224","5645888,315",6.941221748,50.9464519,trocken,,"Rad, PKW"
238541,5,3,15,0,2019,April,18,Montag,Unfall mit Schwerverletzten,Unfall anderer Art,Sonstiger Unfall,Tageslicht,1,0,1,0,0,0,"357602,2059","5643421,718",6.973847832,50.92483875,trocken,,"Rad, Fuss"
238542,5,3,15,0,2019,April,19,Montag,Unfall mit Leichtverletzten,Zusammenstoß mit einbiegendem / kreuzendem Fahrzeug,Einbiegen / Kreuzen-Unfall,Tageslicht,0,1,0,0,0,0,"357763,747","5647606,022",6.974510854,50.9624828,trocken,,PKW
238579,5,3,15,0,2019,April,6,Sonntag,Unfall mit Leichtverletzten,Unfall anderer Art,Unfall durch ruhenden Verkehr,Tageslicht,0,1,0,0,0,1,"364264,1259","5639336,746",7.070099309,50.88973084,trocken,,"PKW, Sonstige"
238580,5,3,15,0,2019,April,23,Sonntag,Unfall mit Schwerverletzten,Abkommen von Fahrbahn nach rechts,Fahrunfall,Dunkelheit,1,0,0,0,0,0,"361562,3205","5650815,608",7.027346753,50.99225326,trocken,,Rad
238581,5,3,15,0,2019,April,12,Sonntag,Unfall mit Schwerverletzten,Unfall anderer Art,Fahrunfall,Tageslicht,0,0,0,1,0,0,"359993,844","5648041,019",7.006080004,50.9669384,trocken,,Krad
238582,5,3,15,0,2019,April,10,Sonntag,Unfall mit Leichtverletzten,Unfall anderer Art,Sonstiger Unfall,Tageslicht,0,1,0,0,1,0,"358476,3204","5649494,999",6.983916286,50.97963446,trocken,,"PKW, Gkfz"
238583,5,3,15,0,2019,April,10,Sonntag,Unfall mit Leichtverletzten,Zusammenstoß zwischen Fahrzeug und Fußgänger,Abbiegeunfall,Tageslicht,0,1,1,0,0,0,"355817,5157","5648894,135",6.946304215,50.97357502,trocken,,"Fuss, PKW"
238584,5,3,15,0,2019,April,21,Sonntag,Unfall mit Leichtverletzten,Unfall anderer Art,Fahrunfall,Dunkelheit,1,0,0,0,0,0,"352993,6993","5647353,12",6.906733737,50.95901277,trocken,,Rad
238585,5,3,15,0,2019,April,14,Sonntag,Unfall mit Leichtverletzten,Zusammenstoß mit vorausfahrendem / wartendem Fahrzeug,Sonstiger Unfall,Tageslicht,0,1,0,1,0,0,"353535,0984","5643673,497",6.915916925,50.92608322,trocken,,"Krad, PKW"
238638,5,3,15,0,2019,April,14,Samstag,Unfall mit Leichtverletzten,Unfall anderer Art,Fahrunfall,Tageslicht,1,0,0,0,0,0,"352662,509","5651298,941",6.900422093,50.99438729,trocken,,Rad
238639,5,3,15,0,2019,April,9,Samstag,Unfall mit Leichtverletzten,Unfall anderer Art,Einbiegen / Kreuzen-Unfall,Tageslicht,1,1,0,0,0,0,"349036,092","5646250,888",6.850879124,50.94808463,trocken,,"Rad, PKW"
238640,5,3,15,0,2019,April,19,Samstag,Unfall mit Leichtverletzten,Unfall anderer Art,Überschreiten-Unfall,Tageslicht,1,0,1,0,0,0,"357183,3733","5641974,917",6.968458804,50.91173286,trocken,,"Rad, Fuss"
238665,5,3,15,0,2019,April,15,Mittwoch,Unfall mit Schwerverletzten,Unfall anderer Art,Einbiegen / Kreuzen-Unfall,Tageslicht,0,1,0,1,0,0,"358207,4791","5642147,2",6.982949894,50.91353367,trocken,,"Krad, PKW"
238669,5,3,15,0,2019,April,3,Mittwoch,Unfall mit Leichtverletzten,Abkommen von Fahrbahn nach rechts,Fahrunfall,Dunkelheit,0,1,0,0,0,0,"351742,675","5655292,616",6.885691947,51.03003966,trocken,,PKW
238671,5,3,15,0,2019,April,16,Mittwoch,Unfall mit Leichtverletzten,Zusammenstoß mit einbiegendem / kreuzendem Fahrzeug,Abbiegeunfall,Tageslicht,1,1,0,0,0,0,"348967,3782","5659168,718",6.844526209,51.06414802,trocken,,"Rad, PKW"
238674,5,3,15,0,2019,April,13,Mittwoch,Unfall mit Leichtverletzten,Zusammenstoß mit seitlich in gleicher Richtung fahrendem Fahrzeug,Unfall im Längsverkehr,Tageslicht,0,1,0,0,0,0,"356874,6008","5650027,502",6.960904568,50.98402407,trocken,,PKW
238691,5,3,15,0,2019,April,15,Mittwoch,Unfall mit Leichtverletzten,Zusammenstoß mit anfahrendem/ anhaltendem/ruhendem Fahrzeug,Unfall im Längsverkehr,Tageslicht,0,1,0,0,0,1,"361060,8498","5647853,212",7.02133794,50.96550888,trocken,,"PKW, Sonstige"
238696,5,3,15,0,2019,April,17,Mittwoch,Unfall mit Leichtverletzten,Zusammenstoß mit anfahrendem/ anhaltendem/ruhendem Fahrzeug,Sonstiger Unfall,Tageslicht,0,1,0,0,0,0,"359764,8343","5648867,527",7.00250194,50.97431058,trocken,,PKW
238704,5,3,15,0,2019,April,17,Sonntag,Unfall mit Leichtverletzten,Zusammenstoß mit einbiegendem / kreuzendem Fahrzeug,Abbiegeunfall,Tageslicht,1,1,0,0,0,0,"358755,5292","5644024,803",6.99001377,50.93054222,nass/feucht,,"Rad, PKW"
238705,5,3,15,0,2019,April,16,Sonntag,Unfall mit Leichtverletzten,Zusammenstoß mit vorausfahrendem / wartendem Fahrzeug,Unfall im Längsverkehr,Tageslicht,0,1,0,0,0,0,"359541,6436","5644534,84",7.000996747,50.93531796,nass/feucht,,PKW
238706,5,3,15,0,2019,April,14,Sonntag,Unfall mit Leichtverletzten,Zusammenstoß mit anfahrendem/ anhaltendem/ruhendem Fahrzeug,Unfall durch ruhenden Verkehr,Tageslicht,0,1,0,0,0,0,"352439,8204","5648131,766",6.898536776,50.9658685,nass/feucht,,PKW
238707,5,3,15,0,2019,April,12,Sonntag,Unfall mit Leichtverletzten,Zusammenstoß mit einbiegendem / kreuzendem Fahrzeug,Unfall durch ruhenden Verkehr,Tageslicht,0,0,0,1,0,1,"353845,2101","5647172,663",6.918922544,50.95760768,nass/feucht,,"Krad, Sonstige"