OBJECTID,ULAND,UREGBEZ,UKREIS,UGEMEINDE,UJAHR,UMONAT,USTUNDE,UWOCHENTAG,UKATEGORIE,UART,UTYP1,ULICHTVERH,IstRad,IstPKW,IstFuss,IstKrad,IstGkfz,IstSonstige,LINREFX,LINREFY,XGCSWGS84,YGCSWGS84,USTRZUSTAND,UIDENTSTLAE,Participants
238708,5,3,15,0,2019,April,17,Sonntag,Unfall mit Leichtverletzten,Unfall anderer Art,Fahrunfall,Tageslicht,1,0,0,0,0,0,"353744,7421","5642171,962",6.91949997,50.91264258,trocken,,Rad
238709,5,3,15,0,2019,April,13,Sonntag,Unfall mit Leichtverletzten,Zusammenstoß mit seitlich in gleicher Richtung fahrendem Fahrzeug,Abbiegeunfall,Tageslicht,1,0,0,0,0,0,"356520,4488","5643486,2",6.958440742,50.92515022,nass/feucht,,Rad
238710,5,3,15,0,2019,April,23,Sonntag,Unfall mit Leichtverletzten,Unfall anderer Art,Fahrunfall,Dunkelheit,1,0,0,0,0,0,"355632,279","5644442,942",6.945432806,50.93352672,trocken,,Rad
238711,5,3,15,0,2019,April,15,Sonntag,Unfall mit Leichtverletzten,Zusammenstoß mit vorausfahrendem / wartendem Fahrzeug,Unfall im Längsverkehr,Tageslicht,0,1,0,0,0,0,"356225,7456","5644233,035",6.953955751,50.93178856,nass/feucht,,PKW
238764,5,3,15,0,2019,April,18,Samstag,Unfall mit Schwerverletzten,Unfall anderer Art,Fahrunfall,Tageslicht,1,0,0,0,0,0,"362923,7623","5640781,643",7.050511372,50.90240026,trocken,,Rad
238765,5,3,15,0,2019,April,12,Samstag,Unfall mit Leichtverletzten,Zusammenstoß mit entgegenkommendem Fahrzeug,Abbiegeunfall,Tageslicht,0,1,0,1,0,0,"352173,9583","5653660,704",6.892503348,51.01548577,trocken,,"Krad, PKW"
238766,5,3,15,0,2019,April,12,Samstag,Unfall mit Leichtverletzten,Zusammenstoß mit vorausfahrendem / wartendem Fahrzeug,Abbiegeunfall,Tageslicht,1,1,0,0,0,0,"352494,504","5644627,224",6.900734724,50.93438883,trocken,,"Rad, PKW"
238767,5,3,15,0,2019,April,9,Samstag,Unfall mit Leichtverletzten,Zusammenstoß mit einbiegendem / kreuzendem Fahrzeug,Einbiegen / Kreuzen-Unfall,Tageslicht,1,1,0,0,0,0,"351838,2983","5644665,384",6.891386984,50.93456355,nass/feucht,,"Rad, PKW"
238817,5,3,15,0,2019,April,15,Freitag,Unfall mit Leichtverletzten,Zusammenstoß mit vorausfahrendem / wartendem Fahrzeug,Abbiegeunfall,Tageslicht,0,1,0,0,0,0,"352208,5872","5650905,362",6.894118458,50.99073403,trocken,,PKW
238818,5,3,15,0,2019,April,17,Freitag,Unfall mit Schwerverletzten,Unfall anderer Art,Fahrunfall,Tageslicht,1,0,0,0,0,0,"354854,9826","5643810,082",6.934630385,50.92764427,trocken,,Rad
238819,5,3,15,0,2019,April,17,Freitag,Unfall mit Leichtverletzten,Unfall anderer Art,Fahrunfall,Tageslicht,1,0,0,0,0,0,"354171,6188","5642650,132",6.925376959,50.91704778,trocken,,Rad
238820,5,3,15,0,2019,April,15,Freitag,Unfall mit Leichtverletzten,Zusammenstoß mit einbiegendem / kreuzendem Fahrzeug,Einbiegen / Kreuzen-Unfall,Tageslicht,1,1,0,0,0,0,"355719,3862","5643878,897",6.946894884,50.92847954,trocken,,"Rad, PKW"
238821,5,3,15,0,2019,April,21,Freitag,Unfall mit Leichtverletzten,Zusammenstoß mit seitlich in gleicher Richtung fahrendem Fahrzeug,Unfall im Längsverkehr,Dunkelheit,0,1,0,1,0,0,"356698,1044","5642326,785",6.961422407,50.9147748,trocken,,"Krad, PKW"
238876,5,3,15,0,2019,April,16,Donnerstag,Unfall mit Leichtverletzten,Unfall anderer Art,Sonstiger Unfall,Tageslicht,1,0,0,0,0,0,"358695,15","5642986,88",6.989557355,50.92119955,trocken,,Rad
238877,5,3,15,0,2019,April,4,Donnerstag,Unfall mit Leichtverletzten,Abkommen von Fahrbahn nach rechts,Unfall im Längsverkehr,Dunkelheit,0,0,0,1,0,0,"361693,3719","5649516,974",7.029707294,50.98061368,trocken,,Krad
238878,5,3,15,0,2019,April,12,Donnerstag,Unfall mit Leichtverletzten,Unfall anderer Art,Sonstiger Unfall,Tageslicht,1,0,0,0,0,0,"353821,5965","5649982,124",6.917457341,50.9828492,trocken,,Rad
238879,5,3,15,0,2019,April,23,Donnerstag,Unfall mit Schwerverletzten,Abkommen von Fahrbahn nach rechts,Fahrunfall,Dunkelheit,0,1,0,0,0,0,"351624,0278","5653191,086",6.884860977,51.011124,nass/feucht,,PKW
238880,5,3,15,0,2019,April,17,Donnerstag,Unfall mit Schwerverletzten,Zusammenstoß mit einbiegendem / kreuzendem Fahrzeug,Abbiegeunfall,Tageslicht,1,1,0,0,0,0,"349394,282","5651982,497",6.853600531,50.99968389,trocken,,"Rad, PKW"
238881,5,3,15,0,2019,April,18,Donnerstag,Unfall mit Leichtverletzten,Zusammenstoß mit einbiegendem / kreuzendem Fahrzeug,Einbiegen / Kreuzen-Unfall,Tageslicht,1,1,0,0,0,0,"352051,892","5655093,573",6.890179752,51.02833067,trocken,,"Rad, PKW"
238882,5,3,15,0,2019,April,13,Donnerstag,Unfall mit Schwerverletzten,Unfall anderer Art,Sonstiger Unfall,Tageslicht,0,0,0,1,0,1,"353064,7677","5650542,99",6.906456007,50.98769678,trocken,,"Krad, Sonstige"
238883,5,3,15,0,2019,April,9,Donnerstag,Unfall mit Leichtverletzten,Zusammenstoß mit vorausfahrendem / wartendem Fahrzeug,Unfall im Längsverkehr,Tageslicht,0,1,0,1,0,0,"352584,9061","5646605,387",6.901219806,50.95218881,trocken,,"Krad, PKW"
238884,5,3,15,0,2019,April,18,Donnerstag,Unfall mit Leichtverletzten,Zusammenstoß mit anfahrendem/ anhaltendem/ruhendem Fahrzeug,Unfall durch ruhenden Verkehr,Tageslicht,1,1,0,0,0,0,"350660,9623","5647305,744",6.873560919,50.9579872,trocken,,"Rad, PKW"
238885,5,3,15,0,2019,April,18,Donnerstag,Unfall mit Leichtverletzten,Abkommen von Fahrbahn nach links,Sonstiger Unfall,Tageslicht,0,0,0,1,0,0,"359014,4744","5637980,502",6.99603049,50.87628461,trocken,,Krad
238886,5,3,15,0,2019,April,8,Donnerstag,Unfall mit Leichtverletzten,Zusammenstoß mit entgegenkommendem Fahrzeug,Unfall im Längsverkehr,Tageslicht,1,0,0,0,0,0,"354708,4212","5643446,871",6.932691045,50.92434329,trocken,,Rad
238887,5,3,15,0,2019,April,14,Donnerstag,Unfall mit Leichtverletzten,Zusammenstoß mit seitlich in gleicher Richtung fahrendem Fahrzeug,Unfall im Längsverkehr,Tageslicht,1,1,0,0,0,0,"355416,5873","5645180,703",6.942072572,50.9401028,trocken,,"Rad, PKW"
238889,5,3,15,0,2019,April,10,Donnerstag,Unfall mit Leichtverletzten,Abkommen von Fahrbahn nach links,Fahrunfall,Tageslicht,0,1,0,0,0,0,"356257,1738","5643665,37",6.954626537,50.92669487,trocken,,PKW
238890,5,3,15,0,2019,April,8,Donnerstag,Unfall mit Leichtverletzten,Zusammenstoß mit einbiegendem / kreuzendem Fahrzeug,Einbiegen / Kreuzen-Unfall,Tageslicht,1,1,0,0,0,0,"355855,0611","5644467,3",6.948591518,50.93380135,trocken,,"Rad, PKW"
238979,5,3,15,0,2019,Mai,19,Donnerstag,Unfall mit Leichtverletzten,Unfall anderer Art,Sonstiger Unfall,Tageslicht,1,0,0,0,0,0,"365025,694","5637790,248",7.081491927,50.87600993,trocken,,Rad
238980,5,3,15,0,2019,Mai,14,Donnerstag,Unfall mit Leichtverletzten,Zusammenstoß mit einbiegendem / kreuzendem Fahrzeug,Einbiegen / Kreuzen-Unfall,Tageslicht,1,0,0,0,0,0,"357546,654","5643596,618",6.97298959,50.92639685,trocken,,Rad
238981,5,3,15,0,2019,Mai,14,Donnerstag,Unfall mit Leichtverletzten,Zusammenstoß zwischen Fahrzeug und Fußgänger,Sonstiger Unfall,Tageslicht,1,0,1,0,0,0,"349765,6129","5647513,957",6.860735559,50.95962553,trocken,,"Rad, Fuss"
239036,5,3,15,0,2019,April,13,Mittwoch,Unfall mit Leichtverletzten,Zusammenstoß zwischen Fahrzeug und Fußgänger,Überschreiten-Unfall,Tageslicht,0,1,1,0,0,0,"359037,2228","5642421,272",6.994639655,50.91620004,trocken,,"Fuss, PKW"
239037,5,3,15,0,2019,April,13,Mittwoch,Unfall mit Leichtverletzten,Zusammenstoß zwischen Fahrzeug und Fußgänger,Unfall im Längsverkehr,Tageslicht,0,1,1,0,0,0,"361795,1659","5650408,424",7.030817476,50.98864977,trocken,,"Fuss, PKW"
239038,5,3,15,0,2019,April,19,Mittwoch,Unfall mit Leichtverletzten,Zusammenstoß mit einbiegendem / kreuzendem Fahrzeug,Einbiegen / Kreuzen-Unfall,Tageslicht,1,1,0,0,0,0,"353881,435","5650627,382",6.918049761,50.98866305,trocken,,"Rad, PKW"
239039,5,3,15,0,2019,April,14,Mittwoch,Unfall mit Schwerverletzten,Zusammenstoß mit einbiegendem / kreuzendem Fahrzeug,Einbiegen / Kreuzen-Unfall,Tageslicht,0,1,0,0,0,0,"357583,4178","5647014,028",6.972176311,50.95711805,trocken,,PKW
239040,5,3,15,0,2019,April,12,Mittwoch,Unfall mit Leichtverletzten,Zusammenstoß mit entgegenkommendem Fahrzeug,Unfall im Längsverkehr,Tageslicht,1,1,0,0,0,0,"347675,0629","5647776,457",6.830879922,50.96143554,trocken,,"Rad, PKW"
239041,5,3,15,0,2019,April,15,Mittwoch,Unfall mit Leichtverletzten,Zusammenstoß zwischen Fahrzeug und Fußgänger,Unfall im Längsverkehr,Tageslicht,1,0,1,0,0,0,"357395,9862","5642300,973",6.971353724,50.91471569,trocken,,"Rad, Fuss"
239042,5,3,15,0,2019,April,7,Mittwoch,Unfall mit Schwerverletzten,Zusammenstoß mit einbiegendem / kreuzendem Fahrzeug,Einbiegen / Kreuzen-Unfall,Tageslicht,1,1,0,0,0,0,"356723,824","5645535,177",6.96052704,50.94361472,trocken,,"Rad, PKW"
239043,5,3,15,0,2019,April,18,Mittwoch,Unfall mit Schwerverletzten,Aufprall auf Fahrbahnhindernis,Fahrunfall,Tageslicht,1,0,0,0,0,0,"357151,211","5643048,454",6.967581235,50.92137275,trocken,,Rad
239123,5,3,15,0,2019,April,17,Dienstag,Unfall mit Leichtverletzten,Zusammenstoß mit anfahrendem/ anhaltendem/ruhendem Fahrzeug,Abbiegeunfall,Tageslicht,0,1,0,0,0,0,"359356,0367","5643120,275",6.998902662,50.92255986,trocken,,PKW
239124,5,3,15,0,2019,April,14,Dienstag,Unfall mit Leichtverletzten,Zusammenstoß zwischen Fahrzeug und Fußgänger,Sonstiger Unfall,Tageslicht,0,1,1,0,0,0,"363857,8528","5644403,389",7.062435993,50.93517165,trocken,,"Fuss, PKW"
239125,5,3,15,0,2019,April,6,Dienstag,Unfall mit Leichtverletzten,Zusammenstoß mit einbiegendem / kreuzendem Fahrzeug,Einbiegen / Kreuzen-Unfall,Dämmerung,1,1,0,0,0,0,"359829,291","5652566,203",7.001992238,51.00756645,trocken,,"Rad, PKW"
239126,5,3,15,0,2019,April,17,Dienstag,Unfall mit Leichtverletzten,Zusammenstoß zwischen Fahrzeug und Fußgänger,Überschreiten-Unfall,Tageslicht,1,0,1,0,0,0,"362854,5675","5651376,937",7.045537,50.99760745,trocken,,"Rad, Fuss"
239127,5,3,15,0,2019,April,10,Dienstag,Unfall mit Leichtverletzten,Zusammenstoß mit seitlich in gleicher Richtung fahrendem Fahrzeug,Unfall im Längsverkehr,Tageslicht,0,1,0,1,0,0,"356287,7085","5647438,555",6.953572008,50.96061152,trocken,,"Krad, PKW"
239190,5,3,15,0,2019,April,16,Montag,Unfall mit Leichtverletzten,Abkommen von Fahrbahn nach rechts,Fahrunfall,Tageslicht,0,1,0,0,0,0,"360161,1466","5648247,101",7.008381901,50.96883112,nass/feucht,,PKW
239191,5,3,15,0,2019,April,11,Montag,Unfall mit Leichtverletzten,Zusammenstoß mit anfahrendem/ anhaltendem/ruhendem Fahrzeug,Fahrunfall,Tageslicht,0,1,0,0,0,0,"361846,455","5649819,163",7.031771842,50.98336627,trocken,,PKW
239192,5,3,15,0,2019,April,14,Montag,Unfall mit Leichtverletzten,Unfall anderer Art,Sonstiger Unfall,Tageslicht,1,0,0,0,0,0,"356987,6015","5648687,358",6.963040607,50.97200849,trocken,,Rad
239193,5,3,15,0,2019,April,22,Montag,Unfall mit Leichtverletzten,Zusammenstoß mit einbiegendem / kreuzendem Fahrzeug,Einbiegen / Kreuzen-Unfall,Dunkelheit,0,1,0,0,0,0,"357127,3498","5643125,19",6.96721191,50.92205645,trocken,,PKW
239241,5,3,15,0,2019,Mai,13,Dienstag,Unfall mit Leichtverletzten,Zusammenstoß zwischen Fahrzeug und Fußgänger,Überschreiten-Unfall,Tageslicht,0,1,1,0,0,0,"363334,4944","5638641,65",7.057149807,50.88326446,trocken,,"Fuss, PKW"
239243,5,3,15,0,2019,Mai,23,Dienstag,Unfall mit Schwerverletzten,Unfall anderer Art,Sonstiger Unfall,Dunkelheit,0,1,0,0,0,0,"359435,8153","5647296,931",6.998425406,50.96011534,trocken,,PKW
239244,5,3,15,0,2019,Mai,8,Dienstag,Unfall mit Leichtverletzten,Unfall anderer Art,Unfall durch ruhenden Verkehr,Tageslicht,1,1,0,0,0,0,"351784,429","5646033,49",6.890064275,50.94684419,trocken,,"Rad, PKW"
239245,5,3,15,0,2019,Mai,17,Dienstag,Unfall mit Leichtverletzten,Unfall anderer Art,Fahrunfall,Dämmerung,1,0,0,0,0,0,"353436,2205","5643028,842",6.914770058,50.92026482,nass/feucht,,Rad
239246,5,3,15,0,2019,Mai,7,Dienstag,Unfall mit Leichtverletzten,Zusammenstoß mit seitlich in gleicher Richtung fahrendem Fahrzeug,Unfall im Längsverkehr,Tageslicht,1,0,0,0,0,0,"353389,227","5641695,05",6.914637895,50.90826654,trocken,,Rad
239247,5,3,15,0,2019,Mai,0,Dienstag,Unfall mit Leichtverletzten,Zusammenstoß zwischen Fahrzeug und Fußgänger,Abbiegeunfall,Dunkelheit,0,1,1,0,0,0,"356462,3451","5645980,177",6.956632148,50.94754883,trocken,,"Fuss, PKW"
239288,5,3,15,0,2019,Mai,20,Montag,Unfall mit Leichtverletzten,Zusammenstoß mit anfahrendem/ anhaltendem/ruhendem Fahrzeug,Sonstiger Unfall,Dämmerung,0,1,0,0,0,1,"359728,8286","5647307,976",7.00259082,50.960286,trocken,,"PKW, Sonstige"
239289,5,3,15,0,2019,Mai,17,Montag,Unfall mit Leichtverletzten,Zusammenstoß zwischen Fahrzeug und Fußgänger,Sonstiger Unfall,Tageslicht,0,1,1,0,0,0,"360829,4429","5646954,207",7.018388381,50.95737351,trocken,,"Fuss, PKW"
239311,5,3,15,0,2019,Mai,22,Sonntag,Unfall mit Leichtverletzten,Unfall anderer Art,Abbiegeunfall,Dunkelheit,0,1,0,1,0,0,"353640,5659","5647638,034",6.915823539,50.96173784,nass/feucht,,"Krad, PKW"
239312,5,3,15,0,2019,Mai,20,Sonntag,Unfall mit Leichtverletzten,Unfall anderer Art,Fahrunfall,Tageslicht,1,0,0,0,0,0,"355085,3778","5644006,002",6.937828686,50.92946289,nass/feucht,,Rad
239365,5,3,15,0,2019,Mai,18,Samstag,Unfall mit Leichtverletzten,Zusammenstoß mit vorausfahrendem / wartendem Fahrzeug,Unfall im Längsverkehr,Tageslicht,0,1,0,0,0,0,"353160,9207","5647720,105",6.908965068,50.96235334,trocken,,PKW
239366,5,3,15,0,2019,Mai,11,Samstag,Unfall mit Leichtverletzten,Zusammenstoß mit vorausfahrendem / wartendem Fahrzeug,Unfall im Längsverkehr,Tageslicht,0,1,0,0,0,0,"359354,2705","5638655,323",7.000597589,50.88243216,trocken,,PKW
239367,5,3,15,0,2019,Mai,8,Samstag,Unfall mit Schwerverletzten,Zusammenstoß mit einbiegendem / kreuzendem Fahrzeug,Abbiegeunfall,Tageslicht,1,1,0,0,0,0,"356640,1098","5641640,167",6.960867699,50.9085898,trocken,,"Rad, PKW"
239368,5,3,15,0,2019,Mai,2,Samstag,Unfall mit Leichtverletzten,Zusammenstoß zwischen Fahrzeug und Fußgänger,Sonstiger Unfall,Dunkelheit,0,1,1,0,0,0,"356772,4182","5642909,541",6.962250052,50.92003044,nass/feucht,,"Fuss, PKW"
239445,5,3,15,0,2019,Mai,17,Freitag,Unfall mit Leichtverletzten,Zusammenstoß zwischen Fahrzeug und Fußgänger,Sonstiger Unfall,Tageslicht,0,1,1,0,0,0,"361731,6939","5649506,71",7.030256782,50.98053065,trocken,,"Fuss, PKW"
239446,5,3,15,0,2019,Mai,7,Freitag,Unfall mit Leichtverletzten,Zusammenstoß mit seitlich in gleicher Richtung fahrendem Fahrzeug,Einbiegen / Kreuzen-Unfall,Tageslicht,1,1,0,0,0,0,"356259,6383","5648490,473",6.952756936,50.9700579,trocken,,"Rad, PKW"
239448,5,3,15,0,2019,Mai,19,Freitag,Unfall mit Leichtverletzten,Zusammenstoß mit einbiegendem / kreuzendem Fahrzeug,Abbiegeunfall,Tageslicht,0,1,0,0,0,0,"356764,539","5648939,706",6.959766227,50.97422086,nass/feucht,,PKW
239449,5,3,15,0,2019,Mai,17,Freitag,Unfall mit Leichtverletzten,Zusammenstoß mit einbiegendem / kreuzendem Fahrzeug,Einbiegen / Kreuzen-Unfall,Tageslicht,1,1,0,0,0,0,"356512,796","5648873,64",6.95620893,50.97356447,trocken,,"Rad, PKW"
239450,5,3,15,0,2019,Mai,13,Freitag,Unfall mit Leichtverletzten,Unfall anderer Art,Sonstiger Unfall,Tageslicht,0,0,0,0,0,1,"361366,4308","5637882,832",7.029476945,50.87597581,trocken,,Sonstige
239451,5,3,15,0,2019,Mai,21,Freitag,Unfall mit Leichtverletzten,Zusammenstoß mit einbiegendem / kreuzendem Fahrzeug,Einbiegen / Kreuzen-Unfall,Dunkelheit,1,1,0,0,0,0,"355851,317","5644464,516",6.948539371,50.93377539,nass/feucht,,"Rad, PKW"
239490,5,3,15,0,2019,Mai,14,Samstag,Unfall mit Schwerverletzten,Unfall anderer Art,Fahrunfall,Tageslicht,1,0,0,0,0,0,"366280,442","5635652,26",7.100097701,50.85708591,trocken,,Rad
239491,5,3,15,0,2019,Mai,12,Samstag,Unfall mit Leichtverletzten,Zusammenstoß mit einbiegendem / kreuzendem Fahrzeug,Einbiegen / Kreuzen-Unfall,Tageslicht,1,1,0,0,0,0,"360468,9025","5648785,61",7.012555594,50.9737454,nass/feucht,,"Rad, PKW"
239492,5,3,15,0,2019,Mai,22,Samstag,Unfall mit Leichtverletzten,Unfall anderer Art,Fahrunfall,Dunkelheit,1,0,0,0,0,0,"356548,8488","5648927,114",6.956701009,50.97405402,nass/feucht,,Rad
239493,5,3,15,0,2019,Mai,12,Samstag,Unfall mit Schwerverletzten,Unfall anderer Art,Fahrunfall,Tageslicht,1,0,0,0,0,0,"352494,0084","5644670,588",6.900710124,50.9347784,nass/feucht,,Rad
239494,5,3,15,0,2019,Mai,8,Samstag,Unfall mit Schwerverletzten,Zusammenstoß mit einbiegendem / kreuzendem Fahrzeug,Sonstiger Unfall,Tageslicht,1,1,0,0,0,0,"352422,1595","5646653,173",6.898885043,50.95257659,nass/feucht,,"Rad, PKW"
239496,5,3,15,0,2019,Mai,11,Samstag,Unfall mit Leichtverletzten,Zusammenstoß mit einbiegendem / kreuzendem Fahrzeug,Abbiegeunfall,Tageslicht,1,1,0,0,0,0,"352924,9992","5645845,316",6.906365317,50.94544526,trocken,,"Rad, PKW"
239497,5,3,15,0,2019,Mai,10,Samstag,Unfall mit Leichtverletzten,Zusammenstoß mit anfahrendem/ anhaltendem/ruhendem Fahrzeug,Fahrunfall,Tageslicht,1,1,0,0,0,0,"355261,1235","5642032,368",6.941111098,50.91177034,nass/feucht,,"Rad, PKW"
239498,5,3,15,0,2019,Mai,12,Samstag,Unfall mit Leichtverletzten,Unfall anderer Art,Fahrunfall,Tageslicht,1,0,0,0,0,0,"354957,5112","5643894,669",6.936054671,50.92843022,nass/feucht,,Rad
239499,5,3,15,0,2019,Mai,12,Samstag,Unfall mit Leichtverletzten,Zusammenstoß mit einbiegendem / kreuzendem Fahrzeug,Einbiegen / Kreuzen-Unfall,Tageslicht,1,1,0,0,0,0,"353690,2111","5643955,296",6.918009412,50.92865502,trocken,,"Rad, PKW"
239500,5,3,15,0,2019,Mai,7,Samstag,Unfall mit Leichtverletzten,Zusammenstoß zwischen Fahrzeug und Fußgänger,Überschreiten-Unfall,Tageslicht,0,1,1,0,0,0,"355688,161","5643921,509",6.946433988,50.92885468,nass/feucht,,"Fuss, PKW"
239573,5,3,15,0,2019,Mai,15,Freitag,Unfall mit Leichtverletzten,Zusammenstoß zwischen Fahrzeug und Fußgänger,Überschreiten-Unfall,Tageslicht,1,0,1,0,0,0,"364289,7331","5639194,585",7.070515977,50.88845917,trocken,,"Rad, Fuss"
239574,5,3,15,0,2019,Mai,14,Freitag,Unfall mit Leichtverletzten,Unfall anderer Art,Sonstiger Unfall,Tageslicht,1,0,0,0,0,0,"359040,9774","5642429,219",6.994689962,50.91627238,trocken,,Rad
239575,5,3,15,0,2019,Mai,9,Freitag,Unfall mit Leichtverletzten,Zusammenstoß zwischen Fahrzeug und Fußgänger,Sonstiger Unfall,Tageslicht,0,1,1,0,0,0,"356589,7291","5641907,326",6.960046592,50.91097823,trocken,,"Fuss, PKW"
239576,5,3,15,0,2019,Mai,8,Freitag,Unfall mit Leichtverletzten,Zusammenstoß zwischen Fahrzeug und Fußgänger,Unfall durch ruhenden Verkehr,Tageslicht,0,0,1,0,0,1,"354994,3868","5645360,329",6.935995848,50.94161103,trocken,,"Fuss, Sonstige"
239645,5,3,15,0,2019,Mai,21,Donnerstag,Unfall mit Leichtverletzten,Zusammenstoß zwischen Fahrzeug und Fußgänger,Sonstiger Unfall,Dunkelheit,0,1,1,0,0,0,"363794,344","5640095,496",7.063141076,50.89643953,nass/feucht,,"Fuss, PKW"
239646,5,3,15,0,2019,Mai,12,Donnerstag,Unfall mit Leichtverletzten,Zusammenstoß mit anfahrendem/ anhaltendem/ruhendem Fahrzeug,Unfall durch ruhenden Verkehr,Tageslicht,1,1,0,0,0,0,"354082,7508","5645730,413",6.922880493,50.94470687,nass/feucht,,"Rad, PKW"
239647,5,3,15,0,2019,Mai,5,Donnerstag,Unfall mit Leichtverletzten,Zusammenstoß mit vorausfahrendem / wartendem Fahrzeug,Unfall im Längsverkehr,Dämmerung,0,0,0,1,0,0,"352369,8268","5645512,066",6.898603098,50.9423086,trocken,,Krad
239648,5,3,15,0,2019,Mai,8,Donnerstag,Unfall mit Leichtverletzten,Zusammenstoß mit einbiegendem / kreuzendem Fahrzeug,Einbiegen / Kreuzen-Unfall,Tageslicht,0,1,0,0,0,0,"354498,4377","5642124,496",6.930232818,50.91240651,nass/feucht,,PKW
239649,5,3,15,0,2019,Mai,16,Donnerstag,Unfall mit Leichtverletzten,Unfall anderer Art,Unfall durch ruhenden Verkehr,Tageslicht,1,1,0,0,0,0,"353801,5075","5643022,534",6.919966025,50.9203008,nass/feucht,,"Rad, PKW"
239650,5,3,15,0,2019,Mai,18,Donnerstag,Unfall mit Leichtverletzten,Zusammenstoß zwischen Fahrzeug und Fußgänger,Abbiegeunfall,Tageslicht,0,1,1,0,0,0,"356394,8336","5645431,523",6.955888054,50.94260135,nass/feucht,,"Fuss, PKW"
239707,5,3,15,0,2019,Mai,11,Mittwoch,Unfall mit Leichtverletzten,Zusammenstoß mit einbiegendem / kreuzendem Fahrzeug,Einbiegen / Kreuzen-Unfall,Tageslicht,1,1,0,0,0,0,"353503,1186","5650124,417",6.912865977,50.98404697,trocken,,"Rad, PKW"
239708,5,3,15,0,2019,Mai,15,Mittwoch,Unfall mit Leichtverletzten,Zusammenstoß zwischen Fahrzeug und Fußgänger,Sonstiger Unfall,Tageslicht,0,1,1,0,0,0,"353612,6126","5653509,478",6.913060059,51.01449479,trocken,,"Fuss, PKW"
239709,5,3,15,0,2019,Mai,8,Mittwoch,Unfall mit Leichtverletzten,Zusammenstoß mit einbiegendem / kreuzendem Fahrzeug,Einbiegen / Kreuzen-Unfall,Tageslicht,1,1,0,0,0,0,"352217,8484","5644826,299",6.896719526,50.936107,trocken,,"Rad, PKW"
239710,5,3,15,0,2019,Mai,9,Mittwoch,Unfall mit Leichtverletzten,Zusammenstoß zwischen Fahrzeug und Fußgänger,Sonstiger Unfall,Tageslicht,1,0,1,0,0,0,"353825,4744","5642003,496",6.920715074,50.91114908,trocken,,"Rad, Fuss"
239711,5,3,15,0,2019,Mai,20,Mittwoch,Unfall mit Leichtverletzten,Unfall anderer Art,Sonstiger Unfall,Tageslicht,1,0,0,0,0,0,"354882,6063","5644856,562",6.934606531,50.93705568,trocken,,Rad
239784,5,3,15,0,2019,Mai,16,Mittwoch,Unfall mit Leichtverletzten,Unfall anderer Art,Sonstiger Unfall,Tageslicht,1,0,0,0,0,0,"361187,8548","5644381,619",7.024469008,50.93433952,trocken,,Rad
239785,5,3,15,0,2019,Mai,14,Mittwoch,Unfall mit Leichtverletzten,Zusammenstoß mit anfahrendem/ anhaltendem/ruhendem Fahrzeug,Unfall durch ruhenden Verkehr,Tageslicht,0,1,0,0,0,1,"358496,8632","5651786,515",6.983316149,51.00023323,trocken,,"PKW, Sonstige"
239786,5,3,15,0,2019,Mai,15,Mittwoch,Unfall mit Leichtverletzten,Zusammenstoß mit einbiegendem / kreuzendem Fahrzeug,Abbiegeunfall,Tageslicht,0,1,0,0,0,0,"352166,1837","5653659,609",6.892393034,51.01547393,trocken,,PKW
239787,5,3,15,0,2019,Mai,13,Mittwoch,Unfall mit Leichtverletzten,Zusammenstoß zwischen Fahrzeug und Fußgänger,Sonstiger Unfall,Tageslicht,0,1,1,0,0,0,"353205,9743","5646248,028",6.910199862,50.94913588,trocken,,"Fuss, PKW"
239788,5,3,15,0,2019,Mai,19,Mittwoch,Unfall mit Leichtverletzten,Zusammenstoß zwischen Fahrzeug und Fußgänger,Überschreiten-Unfall,Tageslicht,0,1,1,0,0,0,"354064,5791","5636565,225",6.926285684,50.86233707,trocken,,"Fuss, PKW"
239789,5,3,15,0,2019,Mai,15,Mittwoch,Unfall mit Leichtverletzten,Zusammenstoß mit anfahrendem/ anhaltendem/ruhendem Fahrzeug,Unfall durch ruhenden Verkehr,Tageslicht,1,1,0,0,0,0,"359189,5439","5639135,425",6.998072405,50.88670681,trocken,,"Rad, PKW"
239791,5,3,15,0,2019,Mai,8,Mittwoch,Unfall mit Leichtverletzten,Unfall anderer Art,Fahrunfall,Tageslicht,0,0,0,1,0,0,"353040,0562","5642794,63",6.909232017,50.91805928,trocken,,Krad
239792,5,3,15,0,2019,Mai,7,Mittwoch,Unfall mit Leichtverletzten,Unfall anderer Art,Sonstiger Unfall,Tageslicht,1,0,0,0,0,0,"355160,2477","5645898,394",6.938141105,50.94648818,trocken,,Rad
239793,5,3,15,0,2019,Mai,20,Mittwoch,Unfall mit Leichtverletzten,Unfall anderer Art,Fahrunfall,Tageslicht,1,0,0,0,0,0,"355415,6756","5644289,74",6.942413117,50.93209567,trocken,,Rad
239794,5,3,15,0,2019,Mai,14,Mittwoch,Unfall mit Leichtverletzten,Zusammenstoß mit anfahrendem/ anhaltendem/ruhendem Fahrzeug,Unfall durch ruhenden Verkehr,Tageslicht,0,1,0,0,1,0,"356328,251","5645689,612",6.954839145,50.94490416,trocken,,"PKW, Gkfz"
239874,5,3,15,0,2019,Mai,16,Dienstag,Unfall mit Schwerverletzten,Zusammenstoß mit seitlich in gleicher Richtung fahrendem Fahrzeug,Abbiegeunfall,Tageslicht,1,1,0,0,0,0,"361074,4381","5648839,915",7.021154422,50.97437983,trocken,,"Rad, PKW"