OBJECTID,ULAND,UREGBEZ,UKREIS,UGEMEINDE,UJAHR,UMONAT,USTUNDE,UWOCHENTAG,UKATEGORIE,UART,UTYP1,ULICHTVERH,IstRad,IstPKW,IstFuss,IstKrad,IstGkfz,IstSonstige,LINREFX,LINREFY,XGCSWGS84,YGCSWGS84,USTRZUSTAND,UIDENTSTLAE,Participants
239875,5,3,15,0,2019,Mai,10,Dienstag,Unfall mit Leichtverletzten,Zusammenstoß mit anfahrendem/ anhaltendem/ruhendem Fahrzeug,Unfall durch ruhenden Verkehr,Tageslicht,1,1,0,0,0,0,"356539,7212","5647492,124",6.957137047,50.96115573,trocken,,"Rad, PKW"
239876,5,3,15,0,2019,Mai,14,Dienstag,Unfall mit Leichtverletzten,Unfall anderer Art,Unfall durch ruhenden Verkehr,Tageslicht,1,1,0,0,0,0,"353028,2926","5646380,884",6.907618513,50.95028453,trocken,,"Rad, PKW"
239877,5,3,15,0,2019,Mai,13,Dienstag,Unfall mit Leichtverletzten,Zusammenstoß mit entgegenkommendem Fahrzeug,Abbiegeunfall,Tageslicht,1,1,0,0,0,0,"356840,5697","5641376,301",6.963820583,50.9062682,trocken,,"Rad, PKW"
239878,5,3,15,0,2019,Mai,8,Dienstag,Unfall mit Leichtverletzten,Zusammenstoß mit entgegenkommendem Fahrzeug,Unfall im Längsverkehr,Tageslicht,1,0,0,0,0,0,"356191,0989","5645038,204",6.953145287,50.93901587,trocken,,Rad
239939,5,3,15,0,2019,Mai,20,Montag,Unfall mit Schwerverletzten,Unfall anderer Art,Einbiegen / Kreuzen-Unfall,Tageslicht,1,1,0,0,0,0,"365620,9799","5635645,651",7.09073596,50.85687365,trocken,,"Rad, PKW"
239941,5,3,15,0,2019,Mai,14,Montag,Unfall mit Leichtverletzten,Unfall anderer Art,Fahrunfall,Tageslicht,0,0,0,1,0,0,"352718,642","5651380,967",6.901188157,50.99513878,trocken,,Krad
239942,5,3,15,0,2019,Mai,21,Montag,Unfall mit Schwerverletzten,Abkommen von Fahrbahn nach links,Fahrunfall,Dunkelheit,1,0,0,0,0,0,"356391,7748","5644648,317",6.956153257,50.93556201,trocken,,Rad
240053,5,3,15,0,2019,Mai,12,Samstag,Unfall mit Schwerverletzten,Zusammenstoß mit einbiegendem / kreuzendem Fahrzeug,Einbiegen / Kreuzen-Unfall,Tageslicht,0,1,0,1,0,0,"366201,1583","5636379,441",7.098706031,50.86360331,nass/feucht,,"Krad, PKW"
240054,5,3,15,0,2019,Mai,13,Samstag,Unfall mit Leichtverletzten,Unfall anderer Art,Unfall durch ruhenden Verkehr,Tageslicht,1,1,1,0,0,0,"359515,9727","5644127,971",7.000788472,50.93165513,trocken,,"Rad, Fuss, PKW"
240055,5,3,15,0,2019,Mai,14,Samstag,Unfall mit Leichtverletzten,Zusammenstoß zwischen Fahrzeug und Fußgänger,Sonstiger Unfall,Tageslicht,0,0,1,1,0,0,"359518,3339","5649412,222",6.998782619,50.97914571,trocken,,"Fuss, Krad"
240056,5,3,15,0,2019,Mai,7,Samstag,Unfall mit Leichtverletzten,Unfall anderer Art,Fahrunfall,Tageslicht,1,0,0,0,0,0,"355743,3607","5650400,234",6.944650962,50.98709137,nass/feucht,,Rad
240057,5,3,15,0,2019,Mai,16,Samstag,Unfall mit Leichtverletzten,Zusammenstoß mit einbiegendem / kreuzendem Fahrzeug,Einbiegen / Kreuzen-Unfall,Tageslicht,1,1,0,0,0,0,"353680,2938","5648396,795",6.916083693,50.96856662,trocken,,"Rad, PKW"
240058,5,3,15,0,2019,Mai,16,Samstag,Unfall mit Schwerverletzten,Zusammenstoß mit einbiegendem / kreuzendem Fahrzeug,Einbiegen / Kreuzen-Unfall,Tageslicht,0,1,0,0,0,0,"352440,5267","5645089,172",6.899780019,50.93852635,nass/feucht,,PKW
240060,5,3,15,0,2019,Mai,17,Samstag,Unfall mit Leichtverletzten,Zusammenstoß mit seitlich in gleicher Richtung fahrendem Fahrzeug,Unfall im Längsverkehr,Tageslicht,0,1,0,0,1,0,"357902,3071","5641256,676",6.978958332,50.90545544,trocken,,"PKW, Gkfz"
240061,5,3,15,0,2019,Mai,12,Samstag,Unfall mit Leichtverletzten,Zusammenstoß mit entgegenkommendem Fahrzeug,Abbiegeunfall,Tageslicht,0,1,0,0,0,0,"355254,2497","5642276,763",6.940916437,50.91396495,nass/feucht,,PKW
240083,5,3,15,0,2019,Mai,17,Sonntag,Unfall mit Leichtverletzten,Unfall anderer Art,Sonstiger Unfall,Tageslicht,1,0,0,1,0,0,"364507,0274","5648496,324",7.07014596,50.97210967,trocken,,"Rad, Krad"
240092,5,3,15,0,2019,Mai,18,Sonntag,Unfall mit Schwerverletzten,Unfall anderer Art,Sonstiger Unfall,Tageslicht,0,1,0,0,0,0,"349390,7397","5650272,298",6.854259176,50.98431477,nass/feucht,,PKW
240112,5,3,15,0,2019,Mai,16,Sonntag,Unfall mit Leichtverletzten,Zusammenstoß mit seitlich in gleicher Richtung fahrendem Fahrzeug,Abbiegeunfall,Tageslicht,1,1,0,0,0,0,"355515,6414","5643407,058",6.944184581,50.92418822,trocken,,"Rad, PKW"
240116,5,3,15,0,2019,Mai,12,Sonntag,Unfall mit Leichtverletzten,Zusammenstoß mit anfahrendem/ anhaltendem/ruhendem Fahrzeug,Unfall im Längsverkehr,Tageslicht,0,1,0,1,0,0,"357129,5095",5643119,6.967245043,50.92200136,trocken,,"Krad, PKW"
240123,5,3,15,0,2019,Mai,16,Freitag,Unfall mit Leichtverletzten,Zusammenstoß mit anfahrendem/ anhaltendem/ruhendem Fahrzeug,Unfall durch ruhenden Verkehr,Tageslicht,1,1,0,0,0,0,"366176,1184","5637747,27",7.097849977,50.8758912,trocken,,"Rad, PKW"
240124,5,3,15,0,2019,Mai,7,Freitag,Unfall mit Leichtverletzten,Zusammenstoß mit einbiegendem / kreuzendem Fahrzeug,Einbiegen / Kreuzen-Unfall,Tageslicht,1,1,0,0,0,0,"361538,191","5645213,118",7.029135738,50.94189664,trocken,,"Rad, PKW"
240125,5,3,15,0,2019,Mai,15,Freitag,Unfall mit Schwerverletzten,Unfall anderer Art,Überschreiten-Unfall,Tageslicht,0,0,1,0,0,1,"361894,789","5649422,35",7.03261079,50.97981162,trocken,,"Fuss, Sonstige"
240126,5,3,15,0,2019,Mai,10,Freitag,Unfall mit Leichtverletzten,Zusammenstoß mit einbiegendem / kreuzendem Fahrzeug,Einbiegen / Kreuzen-Unfall,Tageslicht,1,1,0,0,0,0,"362150,1939","5651683,437",7.035388885,51.00019373,trocken,,"Rad, PKW"
240127,5,3,15,0,2019,Mai,11,Freitag,Unfall mit Schwerverletzten,Unfall anderer Art,Einbiegen / Kreuzen-Unfall,Tageslicht,0,0,0,0,0,1,"355366,9096","5648334,036",6.940113088,50.96842857,trocken,,Sonstige
240128,5,3,15,0,2019,Mai,10,Freitag,Unfall mit Leichtverletzten,Zusammenstoß mit anfahrendem/ anhaltendem/ruhendem Fahrzeug,Unfall durch ruhenden Verkehr,Tageslicht,1,1,0,0,0,0,"358689,161","5639082,089",6.990983661,50.88610529,trocken,,"Rad, PKW"
240129,5,3,15,0,2019,Mai,19,Freitag,Unfall mit Schwerverletzten,Unfall anderer Art,Fahrunfall,Tageslicht,1,0,0,0,0,0,"355239,7576","5642097,981",6.940781352,50.91235463,trocken,,Rad
240130,5,3,15,0,2019,Mai,15,Freitag,Unfall mit Leichtverletzten,Unfall anderer Art,Sonstiger Unfall,Tageslicht,1,0,0,0,0,0,"354445,6792","5643578,508",6.928902632,50.92546005,trocken,,Rad
240131,5,3,15,0,2019,Mai,15,Freitag,Unfall mit Leichtverletzten,Zusammenstoß mit seitlich in gleicher Richtung fahrendem Fahrzeug,Abbiegeunfall,Tageslicht,1,1,0,0,0,0,"356008,5736","5645051,775",6.950543787,50.93909227,trocken,,"Rad, PKW"
240135,5,3,15,0,2019,Mai,23,Sonntag,Unfall mit Schwerverletzten,Zusammenstoß zwischen Fahrzeug und Fußgänger,Sonstiger Unfall,Dunkelheit,0,1,1,0,0,0,"355352,929","5645207,259",6.941156573,50.94032548,nass/feucht,,"Fuss, PKW"
240227,5,3,15,0,2019,Mai,17,Donnerstag,Unfall mit Schwerverletzten,Zusammenstoß zwischen Fahrzeug und Fußgänger,Sonstiger Unfall,Tageslicht,0,1,1,0,0,0,"364233,6207","5638747,956",7.06988461,50.88443187,trocken,,"Fuss, PKW"
240228,5,3,15,0,2019,Mai,18,Donnerstag,Unfall mit Leichtverletzten,Zusammenstoß mit seitlich in gleicher Richtung fahrendem Fahrzeug,Sonstiger Unfall,Tageslicht,0,1,0,1,0,0,"358825,0987","5644943,136",6.990647377,50.93881238,trocken,,"Krad, PKW"
240229,5,3,15,0,2019,Mai,9,Donnerstag,Unfall mit Schwerverletzten,Zusammenstoß mit anfahrendem/ anhaltendem/ruhendem Fahrzeug,Einbiegen / Kreuzen-Unfall,Tageslicht,0,1,0,1,0,0,"359507,0421","5646916,487",6.999585851,50.95671363,trocken,,"Krad, PKW"
240230,5,3,15,0,2019,Mai,19,Donnerstag,Unfall mit Leichtverletzten,Unfall anderer Art,Unfall durch ruhenden Verkehr,Tageslicht,1,1,0,0,0,0,"358035,1669","5651874,864",6.97670595,51.00091348,trocken,,"Rad, PKW"
240231,5,3,15,0,2019,Mai,16,Donnerstag,Unfall mit Schwerverletzten,Zusammenstoß zwischen Fahrzeug und Fußgänger,Überschreiten-Unfall,Tageslicht,0,1,1,0,0,0,"352584,9061","5646605,387",6.901219806,50.95218881,trocken,,"Fuss, PKW"
240232,5,3,15,0,2019,Mai,8,Donnerstag,Unfall mit Leichtverletzten,Zusammenstoß mit anfahrendem/ anhaltendem/ruhendem Fahrzeug,Unfall durch ruhenden Verkehr,Tageslicht,1,1,0,0,0,0,"352257,5047","5643500,21",6.897820986,50.9242002,trocken,,"Rad, PKW"
240233,5,3,15,0,2019,Mai,14,Donnerstag,Unfall mit Schwerverletzten,Unfall anderer Art,Fahrunfall,Tageslicht,1,0,0,0,0,0,"354854,3776","5643809,786",6.934621899,50.92764145,trocken,,Rad
240234,5,3,15,0,2019,Mai,20,Donnerstag,Unfall mit Leichtverletzten,Unfall anderer Art,Sonstiger Unfall,Tageslicht,1,0,0,0,0,0,"355351,3675","5645208,107",6.941134027,50.94033271,trocken,,Rad
240313,5,3,15,0,2019,Mai,8,Mittwoch,Unfall mit Leichtverletzten,Zusammenstoß mit vorausfahrendem / wartendem Fahrzeug,Unfall im Längsverkehr,Tageslicht,0,1,0,0,0,0,"356105,1504","5651053,767",6.94954329,50.99305505,nass/feucht,,PKW
240314,5,3,15,0,2019,Mai,15,Mittwoch,Unfall mit Leichtverletzten,Zusammenstoß mit vorausfahrendem / wartendem Fahrzeug,Unfall im Längsverkehr,Tageslicht,0,1,0,0,0,1,"353499,6375","5647024,828",6.914064972,50.95619139,nass/feucht,,"PKW, Sonstige"
240315,5,3,15,0,2019,Mai,17,Mittwoch,Unfall mit Leichtverletzten,Unfall anderer Art,Fahrunfall,Tageslicht,0,0,0,1,0,0,"354732,82","5644530,644",6.932606092,50.93408903,nass/feucht,,Krad
240316,5,3,15,0,2019,Mai,16,Mittwoch,Unfall mit Leichtverletzten,Unfall anderer Art,Unfall durch ruhenden Verkehr,Tageslicht,1,1,0,0,0,0,"356167,8899","5646385,787",6.952282995,50.95112059,nass/feucht,,"Rad, PKW"
240318,5,3,15,0,2019,Mai,8,Mittwoch,Unfall mit Leichtverletzten,Zusammenstoß mit einbiegendem / kreuzendem Fahrzeug,Einbiegen / Kreuzen-Unfall,Tageslicht,1,1,0,0,0,0,"356402,9419","5645424,073",6.956006328,50.94253641,nass/feucht,,"Rad, PKW"
240393,5,3,15,0,2019,Mai,16,Donnerstag,Unfall mit Leichtverletzten,Zusammenstoß mit einbiegendem / kreuzendem Fahrzeug,Einbiegen / Kreuzen-Unfall,Tageslicht,1,1,0,0,0,0,"366208,7118","5636168,338",7.09889049,50.86170771,trocken,,"Rad, PKW"
240401,5,3,15,0,2019,Mai,16,Dienstag,Unfall mit Leichtverletzten,Zusammenstoß zwischen Fahrzeug und Fußgänger,Sonstiger Unfall,Tageslicht,0,1,1,0,0,0,"361808,7047","5640734,16",7.034681004,50.9017077,trocken,,"Fuss, PKW"
240402,5,3,15,0,2019,Mai,16,Donnerstag,Unfall mit Leichtverletzten,Zusammenstoß mit seitlich in gleicher Richtung fahrendem Fahrzeug,Unfall im Längsverkehr,Tageslicht,0,1,0,0,1,0,"356557,2501","5648939,571",6.956815681,50.97416806,trocken,,"PKW, Gkfz"
240403,5,3,15,0,2019,Mai,8,Dienstag,Unfall mit Leichtverletzten,Zusammenstoß mit seitlich in gleicher Richtung fahrendem Fahrzeug,Unfall durch ruhenden Verkehr,Tageslicht,0,1,0,0,0,0,"359345,1581","5647050,591",6.997230539,50.95787935,trocken,,PKW
240404,5,3,15,0,2019,Mai,18,Dienstag,Unfall mit Leichtverletzten,Zusammenstoß mit anfahrendem/ anhaltendem/ruhendem Fahrzeug,Abbiegeunfall,Tageslicht,0,1,0,1,0,0,"353486,0299","5642715,656",6.915604016,50.91746298,trocken,,"Krad, PKW"
240405,5,3,15,0,2019,Mai,16,Dienstag,Unfall mit Leichtverletzten,Zusammenstoß mit einbiegendem / kreuzendem Fahrzeug,Einbiegen / Kreuzen-Unfall,Tageslicht,1,1,0,0,0,0,"356716,6964","5642292,045",6.961700356,50.91446721,trocken,,"Rad, PKW"
240407,5,3,15,0,2019,Mai,14,Donnerstag,Unfall mit Schwerverletzten,Abkommen von Fahrbahn nach rechts,Fahrunfall,Tageslicht,0,0,0,1,0,0,"348825,6199","5643169,018",6.849163489,50.920335,trocken,,Krad
240427,5,3,15,0,2019,Mai,18,Donnerstag,Unfall mit Leichtverletzten,Zusammenstoß mit einbiegendem / kreuzendem Fahrzeug,Abbiegeunfall,Tageslicht,1,1,0,0,0,0,"353386,2336","5648039,604",6.912042563,50.96528192,trocken,,"Rad, PKW"
240435,5,3,15,0,2019,Mai,8,Donnerstag,Unfall mit Leichtverletzten,Zusammenstoß mit einbiegendem / kreuzendem Fahrzeug,Einbiegen / Kreuzen-Unfall,Tageslicht,1,1,0,0,0,0,"352566,545","5642868,449",6.902470456,50.91860188,trocken,,"Rad, PKW"
240439,5,3,15,0,2019,Mai,19,Donnerstag,Unfall mit Leichtverletzten,Unfall anderer Art,Fahrunfall,Tageslicht,1,0,0,0,0,0,"354196,7609","5643373,069",6.925445392,50.92355097,trocken,,Rad
240447,5,3,15,0,2019,Mai,13,Donnerstag,Unfall mit Leichtverletzten,Zusammenstoß zwischen Fahrzeug und Fußgänger,Überschreiten-Unfall,Tageslicht,0,1,1,0,0,0,"353302,9332","5641600,524",6.913449332,50.90739514,trocken,,"Fuss, PKW"
240460,5,3,15,0,2019,Mai,22,Donnerstag,Unfall mit Schwerverletzten,Abkommen von Fahrbahn nach rechts,Fahrunfall,Dunkelheit,1,0,0,0,0,0,"356394,9839","5646013,887",6.95566057,50.947835,trocken,,Rad
240465,5,3,15,0,2019,Mai,10,Montag,Unfall mit Leichtverletzten,Unfall anderer Art,Sonstiger Unfall,Tageslicht,1,0,1,0,0,0,"362849,9938","5644008,574",7.048249668,50.93138449,trocken,,"Rad, Fuss"
240473,5,3,15,0,2019,Mai,17,Donnerstag,Unfall mit Leichtverletzten,Zusammenstoß mit entgegenkommendem Fahrzeug,Unfall im Längsverkehr,Tageslicht,1,0,0,0,0,0,"355853,5285","5642707,31",6.949265523,50.9179842,trocken,,Rad
240513,5,3,15,0,2019,Mai,18,Sonntag,Unfall mit Schwerverletzten,Zusammenstoß zwischen Fahrzeug und Fußgänger,Überschreiten-Unfall,Tageslicht,0,1,1,0,0,0,"359494,9472","5645404,255",6.999997304,50.94312011,trocken,,"Fuss, PKW"
240514,5,3,15,0,2019,Mai,19,Sonntag,Unfall mit Leichtverletzten,Zusammenstoß zwischen Fahrzeug und Fußgänger,Sonstiger Unfall,Tageslicht,0,1,1,0,0,0,"359055,4898","5644838,374",6.993964925,50.93792724,trocken,,"Fuss, PKW"
240515,5,3,15,0,2019,Mai,13,Sonntag,Unfall mit Leichtverletzten,Zusammenstoß mit einbiegendem / kreuzendem Fahrzeug,Einbiegen / Kreuzen-Unfall,Tageslicht,0,1,0,1,0,0,"358040,4714","5643602,705",6.980009217,50.92657329,trocken,,"Krad, PKW"
240516,5,3,15,0,2019,Mai,12,Sonntag,Unfall mit Schwerverletzten,Unfall anderer Art,Sonstiger Unfall,Tageslicht,0,0,0,1,0,0,"361502,4456","5652426,469",7.025879643,51.00671591,trocken,,Krad
240517,5,3,15,0,2019,Mai,20,Sonntag,Unfall mit Leichtverletzten,Zusammenstoß zwischen Fahrzeug und Fußgänger,Sonstiger Unfall,Dämmerung,0,0,1,0,0,1,"352962,5403","5654498,817",6.903397975,51.0232196,trocken,,"Fuss, Sonstige"
240518,5,3,15,0,2019,Mai,16,Sonntag,Unfall mit Leichtverletzten,Zusammenstoß mit einbiegendem / kreuzendem Fahrzeug,Einbiegen / Kreuzen-Unfall,Tageslicht,1,1,0,0,0,0,"354433,5319","5649878,816",6.926210585,50.98207585,trocken,,"Rad, PKW"
240519,5,3,15,0,2019,Mai,0,Sonntag,Unfall mit Schwerverletzten,Abkommen von Fahrbahn nach rechts,Sonstiger Unfall,Dunkelheit,1,1,0,0,0,0,"353497,077","5647026,552",6.914027847,50.95620624,trocken,,"Rad, PKW"
240520,5,3,15,0,2019,Mai,22,Sonntag,Unfall mit Leichtverletzten,Zusammenstoß mit anfahrendem/ anhaltendem/ruhendem Fahrzeug,Sonstiger Unfall,Dunkelheit,0,1,1,0,0,0,"354703,719","5642908,64",6.93283862,50.91950515,trocken,,"Fuss, PKW"
240521,5,3,15,0,2019,Mai,14,Sonntag,Unfall mit Leichtverletzten,Unfall anderer Art,Überschreiten-Unfall,Tageslicht,1,0,1,0,0,0,"356538,1766","5643340,027",6.958750328,50.92384098,trocken,,"Rad, Fuss"
240522,5,3,15,0,2019,Mai,14,Sonntag,Unfall mit Leichtverletzten,Zusammenstoß zwischen Fahrzeug und Fußgänger,Überschreiten-Unfall,Tageslicht,0,1,1,0,0,0,"356566,0031","5643176,209",6.959210424,50.92237568,trocken,,"Fuss, PKW"
240591,5,3,15,0,2019,Mai,9,Samstag,Unfall mit Leichtverletzten,Zusammenstoß mit entgegenkommendem Fahrzeug,Einbiegen / Kreuzen-Unfall,Tageslicht,1,1,0,0,0,0,"360093,42","5644730,301",7.008769501,50.93720872,trocken,,"Rad, PKW"
240592,5,3,15,0,2019,Mai,21,Samstag,Unfall mit Leichtverletzten,Zusammenstoß mit einbiegendem / kreuzendem Fahrzeug,Abbiegeunfall,Dämmerung,1,1,0,0,0,0,"359341,3147","5644562,404",6.998136886,50.93551685,trocken,,"Rad, PKW"
240593,5,3,15,0,2019,Mai,17,Samstag,Unfall mit Leichtverletzten,Zusammenstoß mit seitlich in gleicher Richtung fahrendem Fahrzeug,Abbiegeunfall,Tageslicht,1,0,0,0,0,0,"358684,833","5641970,922",6.989804222,50.91206652,trocken,,Rad
240594,5,3,15,0,2019,Mai,18,Samstag,Unfall mit Leichtverletzten,Zusammenstoß zwischen Fahrzeug und Fußgänger,Überschreiten-Unfall,Tageslicht,0,1,1,0,0,0,"359397,0949","5644889,67",6.998803952,50.93847163,trocken,,"Fuss, PKW"
240595,5,3,15,0,2019,Mai,16,Samstag,Unfall mit Schwerverletzten,Zusammenstoß mit seitlich in gleicher Richtung fahrendem Fahrzeug,Unfall durch ruhenden Verkehr,Tageslicht,0,1,0,1,0,0,"360107,6923","5645122,797",7.008821795,50.94073961,trocken,,"Krad, PKW"
240597,5,3,15,0,2019,Mai,13,Samstag,Unfall mit Leichtverletzten,Unfall anderer Art,Einbiegen / Kreuzen-Unfall,Tageslicht,1,1,0,0,0,0,"361424,7712","5652429,637",7.024771979,51.00672568,trocken,,"Rad, PKW"
240598,5,3,15,0,2019,Mai,21,Samstag,Unfall mit Leichtverletzten,Zusammenstoß mit einbiegendem / kreuzendem Fahrzeug,Einbiegen / Kreuzen-Unfall,Dämmerung,1,1,0,0,0,0,"356861,4577","5649906,512",6.9607651,50.98293348,trocken,,"Rad, PKW"
240600,5,3,15,0,2019,Mai,19,Samstag,Unfall mit Leichtverletzten,Zusammenstoß mit seitlich in gleicher Richtung fahrendem Fahrzeug,Unfall im Längsverkehr,Tageslicht,0,1,0,0,0,0,"356604,7114","5648938,292",6.95749176,50.97416839,trocken,,PKW
240601,5,3,15,0,2019,Mai,9,Samstag,Unfall mit Schwerverletzten,Zusammenstoß mit einbiegendem / kreuzendem Fahrzeug,Einbiegen / Kreuzen-Unfall,Tageslicht,1,1,0,1,0,0,"355368,134","5648327,13",6.94013326,50.96836682,trocken,,"Rad, Krad, PKW"
240602,5,3,15,0,2019,Mai,17,Samstag,Unfall mit Leichtverletzten,Zusammenstoß mit einbiegendem / kreuzendem Fahrzeug,Abbiegeunfall,Tageslicht,0,1,0,0,0,0,"349036,092","5646250,888",6.850879124,50.94808463,trocken,,PKW
240604,5,3,15,0,2019,Mai,16,Samstag,Unfall mit Leichtverletzten,Unfall anderer Art,Sonstiger Unfall,Tageslicht,1,1,0,0,0,0,"354147,153","5646611,942",6.923443518,50.95264517,trocken,,"Rad, PKW"
240605,5,3,15,0,2019,Mai,17,Samstag,Unfall mit Leichtverletzten,Zusammenstoß mit einbiegendem / kreuzendem Fahrzeug,Abbiegeunfall,Tageslicht,1,0,0,0,0,1,"352373,6394","5645468,157",6.898675122,50.94191499,trocken,,"Rad, Sonstige"
240606,5,3,15,0,2019,Mai,21,Samstag,Unfall mit Schwerverletzten,Zusammenstoß mit vorausfahrendem / wartendem Fahrzeug,Sonstiger Unfall,Dunkelheit,0,1,0,1,0,0,"354370,8663","5642461,588",6.92828483,50.9154037,trocken,,"Krad, PKW"
240705,5,3,15,0,2019,Mai,11,Freitag,Unfall mit Leichtverletzten,Zusammenstoß mit vorausfahrendem / wartendem Fahrzeug,Abbiegeunfall,Tageslicht,1,1,0,0,0,0,"354375,113","5643285,902",6.928016099,50.92281267,trocken,,"Rad, PKW"
240706,5,3,15,0,2019,Mai,9,Freitag,Unfall mit Leichtverletzten,Zusammenstoß mit seitlich in gleicher Richtung fahrendem Fahrzeug,Unfall durch ruhenden Verkehr,Tageslicht,1,1,0,0,0,1,"354365,2771","5642465,274",6.928203903,50.91543541,trocken,,"Rad, PKW, Sonstige"
240707,5,3,15,0,2019,Mai,20,Freitag,Unfall mit Leichtverletzten,Zusammenstoß mit anfahrendem/ anhaltendem/ruhendem Fahrzeug,Unfall durch ruhenden Verkehr,Tageslicht,1,1,0,0,0,0,"356129,5829","5643091,235",6.953038757,50.92150338,trocken,,"Rad, PKW"
240756,5,3,15,0,2019,Mai,16,Freitag,Unfall mit Leichtverletzten,Zusammenstoß mit anfahrendem/ anhaltendem/ruhendem Fahrzeug,Unfall im Längsverkehr,Tageslicht,0,1,0,0,0,1,"361453,6523","5642189,894",7.029082127,50.91470576,trocken,,"PKW, Sonstige"
240777,5,3,15,0,2019,Mai,11,Montag,Unfall mit Leichtverletzten,Zusammenstoß mit einbiegendem / kreuzendem Fahrzeug,Einbiegen / Kreuzen-Unfall,Tageslicht,1,1,0,0,0,0,"354954,9357","5641553,194",6.93694908,50.90738723,trocken,,"Rad, PKW"
240803,5,3,15,0,2019,Mai,20,Donnerstag,Unfall mit Leichtverletzten,Zusammenstoß zwischen Fahrzeug und Fußgänger,Überschreiten-Unfall,Tageslicht,0,1,1,0,0,0,"359133,173","5645088,139",6.99497328,50.94019088,trocken,,"Fuss, PKW"
240804,5,3,15,0,2019,Mai,23,Donnerstag,Unfall mit Schwerverletzten,Unfall anderer Art,Sonstiger Unfall,Dunkelheit,1,0,0,0,0,0,"357481,1162","5644830,142",6.971575331,50.9374663,trocken,,Rad
240805,5,3,15,0,2019,Mai,21,Donnerstag,Unfall mit Leichtverletzten,Unfall anderer Art,Fahrunfall,Dämmerung,1,0,0,0,0,0,"357638,2835","5649494,532",6.971986142,50.97942368,trocken,,Rad
240806,5,3,15,0,2019,Mai,2,Donnerstag,Unfall mit Getöteten,Unfall anderer Art,Fahrunfall,Dunkelheit,0,1,0,0,0,0,"356857,1207","5651410,421",6.960110777,50.99644775,nass/feucht,,PKW
240807,5,3,15,0,2019,Mai,19,Donnerstag,Unfall mit Leichtverletzten,Zusammenstoß mit anfahrendem/ anhaltendem/ruhendem Fahrzeug,Unfall im Längsverkehr,Tageslicht,0,1,0,0,0,0,"355920,476","5651339,608",6.94680015,50.99557763,trocken,,PKW
240808,5,3,15,0,2019,Mai,15,Donnerstag,Unfall mit Leichtverletzten,Zusammenstoß mit einbiegendem / kreuzendem Fahrzeug,Abbiegeunfall,Tageslicht,1,1,0,0,0,0,"351738,5635","5655281,106",6.885638064,51.02993517,trocken,,"Rad, PKW"
240809,5,3,15,0,2019,Mai,17,Donnerstag,Unfall mit Leichtverletzten,Zusammenstoß mit einbiegendem / kreuzendem Fahrzeug,Einbiegen / Kreuzen-Unfall,Tageslicht,1,1,0,0,0,0,"348423,2893","5648024,923",6.841423115,50.96386562,trocken,,"Rad, PKW"
240810,5,3,15,0,2019,Mai,14,Donnerstag,Unfall mit Leichtverletzten,Zusammenstoß mit anfahrendem/ anhaltendem/ruhendem Fahrzeug,Unfall im Längsverkehr,Tageslicht,0,1,0,0,0,0,"354976,2847","5646044,613",6.935465896,50.94775596,trocken,,PKW
240811,5,3,15,0,2019,Mai,14,Donnerstag,Unfall mit Leichtverletzten,Zusammenstoß mit einbiegendem / kreuzendem Fahrzeug,Einbiegen / Kreuzen-Unfall,Tageslicht,1,1,0,0,0,0,"355544,833","5643883,713",6.944410801,50.92847914,trocken,,"Rad, PKW"
240812,5,3,15,0,2019,Mai,11,Donnerstag,Unfall mit Leichtverletzten,Zusammenstoß mit entgegenkommendem Fahrzeug,Unfall im Längsverkehr,Tageslicht,1,0,0,0,0,0,"356375,146","5646565,706",6.955160681,50.95278917,trocken,,Rad
240813,5,3,15,0,2019,Mai,15,Donnerstag,Unfall mit Leichtverletzten,Unfall anderer Art,Überschreiten-Unfall,Tageslicht,1,0,1,0,0,0,"355746,4511","5644915,137",6.946869606,50.93779882,trocken,,"Rad, Fuss"
240896,5,3,15,0,2019,Mai,7,Mittwoch,Unfall mit Leichtverletzten,Zusammenstoß mit einbiegendem / kreuzendem Fahrzeug,Einbiegen / Kreuzen-Unfall,Tageslicht,1,1,0,0,0,0,"359265,2965","5647003,422",6.996112382,50.95743593,trocken,,"Rad, PKW"
240897,5,3,15,0,2019,Mai,6,Mittwoch,Unfall mit Leichtverletzten,Zusammenstoß mit einbiegendem / kreuzendem Fahrzeug,Sonstiger Unfall,Tageslicht,1,0,0,0,0,0,"359212,0607","5649704,533",6.994309268,50.98169791,trocken,,Rad
240898,5,3,15,0,2019,Mai,16,Mittwoch,Unfall mit Leichtverletzten,Zusammenstoß mit einbiegendem / kreuzendem Fahrzeug,Einbiegen / Kreuzen-Unfall,Tageslicht,0,0,0,1,1,0,"354021,4569","5649890,323",6.920339534,50.98207493,trocken,,"Krad, Gkfz"
240899,5,3,15,0,2019,Mai,15,Mittwoch,Unfall mit Leichtverletzten,Zusammenstoß mit einbiegendem / kreuzendem Fahrzeug,Einbiegen / Kreuzen-Unfall,Tageslicht,1,1,0,0,0,0,"355807,6668","5648742,747",6.946224056,50.97221207,trocken,,"Rad, PKW"
240900,5,3,15,0,2019,Mai,16,Mittwoch,Unfall mit Leichtverletzten,Unfall anderer Art,Fahrunfall,Tageslicht,1,0,0,0,0,0,"356493,3023","5638424,304",6.960044383,50.87965251,trocken,,Rad
240959,5,3,15,0,2019,Mai,10,Dienstag,Unfall mit Leichtverletzten,Unfall anderer Art,Einbiegen / Kreuzen-Unfall,Tageslicht,0,0,0,0,1,1,"360431,7403","5648225,483",7.012241573,50.96870246,trocken,,"Gkfz, Sonstige"
240960,5,3,15,0,2019,Mai,18,Dienstag,Unfall mit Leichtverletzten,Zusammenstoß mit anfahrendem/ anhaltendem/ruhendem Fahrzeug,Unfall durch ruhenden Verkehr,Tageslicht,1,1,0,0,0,0,"359764,8411","5648867,196",7.002502164,50.97430761,trocken,,"Rad, PKW"