OBJECTID,ULAND,UREGBEZ,UKREIS,UGEMEINDE,UJAHR,UMONAT,USTUNDE,UWOCHENTAG,UKATEGORIE,UART,UTYP1,ULICHTVERH,IstRad,IstPKW,IstFuss,IstKrad,IstGkfz,IstSonstige,LINREFX,LINREFY,XGCSWGS84,YGCSWGS84,USTRZUSTAND,UIDENTSTLAE,Participants
240961,5,3,15,0,2019,Mai,14,Dienstag,Unfall mit Leichtverletzten,Abkommen von Fahrbahn nach rechts,Fahrunfall,Tageslicht,0,1,0,0,0,0,"356113,0474","5651041,909",6.949660441,50.99295047,trocken,,PKW
240962,5,3,15,0,2019,Mai,12,Dienstag,Unfall mit Leichtverletzten,Zusammenstoß mit anfahrendem/ anhaltendem/ruhendem Fahrzeug,Unfall durch ruhenden Verkehr,Tageslicht,0,1,0,0,0,1,"357736,1435","5647546,358",6.974141362,50.96193979,trocken,,"PKW, Sonstige"
240963,5,3,15,0,2019,Mai,11,Dienstag,Unfall mit Schwerverletzten,Zusammenstoß mit entgegenkommendem Fahrzeug,Abbiegeunfall,Tageslicht,0,1,0,0,0,0,"353884,8096","5650622,58",6.918099741,50.98862076,trocken,,PKW
240964,5,3,15,0,2019,Mai,7,Dienstag,Unfall mit Leichtverletzten,Zusammenstoß zwischen Fahrzeug und Fußgänger,Sonstiger Unfall,Dämmerung,0,1,1,0,0,0,"353770,9391","5646555,134",6.918113828,50.95203933,nass/feucht,,"Fuss, PKW"
240965,5,3,15,0,2019,Mai,15,Dienstag,Unfall mit Leichtverletzten,Zusammenstoß mit vorausfahrendem / wartendem Fahrzeug,Abbiegeunfall,Tageslicht,0,1,0,0,0,0,"352373,119","5649440,843",6.897056122,50.97761542,trocken,,PKW
240966,5,3,15,0,2019,Mai,7,Dienstag,Unfall mit Schwerverletzten,Zusammenstoß mit einbiegendem / kreuzendem Fahrzeug,Einbiegen / Kreuzen-Unfall,Tageslicht,1,1,0,0,0,0,"355097,9432","5641287,15",6.939087354,50.90503225,nass/feucht,,"Rad, PKW"
240967,5,3,15,0,2019,Mai,20,Dienstag,Unfall mit Schwerverletzten,Unfall anderer Art,Unfall im Längsverkehr,Tageslicht,1,0,0,0,0,1,"356659,2019","5642589,752",6.960766041,50.91712841,trocken,,"Rad, Sonstige"
241016,5,3,15,0,2019,Mai,17,Montag,Unfall mit Leichtverletzten,Unfall anderer Art,Einbiegen / Kreuzen-Unfall,Tageslicht,1,1,0,0,0,0,"360076,2642","5645263,666",7.008320641,50.94199799,trocken,,"Rad, PKW"
241017,5,3,15,0,2019,Mai,2,Montag,Unfall mit Schwerverletzten,Unfall anderer Art,Fahrunfall,Dunkelheit,1,0,0,0,0,0,"362824,6619","5651964,158",7.044889209,51.00287784,trocken,,Rad
241018,5,3,15,0,2019,Mai,0,Montag,Unfall mit Leichtverletzten,Zusammenstoß mit anfahrendem/ anhaltendem/ruhendem Fahrzeug,Fahrunfall,Dunkelheit,0,1,0,0,0,0,"357649,4061","5648262,308",6.972626889,50.96835254,trocken,,PKW
241022,5,3,15,0,2019,Mai,12,Montag,Unfall mit Leichtverletzten,Abkommen von Fahrbahn nach links,Fahrunfall,Tageslicht,1,0,0,0,0,0,"359489,32","5639760,22",7.002091321,50.89239496,trocken,,Rad
241023,5,3,15,0,2019,Mai,18,Montag,Unfall mit Leichtverletzten,Zusammenstoß mit anfahrendem/ anhaltendem/ruhendem Fahrzeug,Unfall durch ruhenden Verkehr,Tageslicht,1,1,0,0,0,0,"352976,2035","5647363,773",6.906480483,50.95910404,trocken,,"Rad, PKW"
241025,5,3,15,0,2019,Mai,17,Montag,Unfall mit Leichtverletzten,Unfall anderer Art,Sonstiger Unfall,Tageslicht,1,0,0,0,0,0,"352542,5044","5643712,53",6.90178738,50.92618114,trocken,,Rad
241062,5,3,15,0,2019,Juni,16,Montag,Unfall mit Schwerverletzten,Zusammenstoß mit anfahrendem/ anhaltendem/ruhendem Fahrzeug,Unfall durch ruhenden Verkehr,Tageslicht,0,1,0,1,0,0,"363256,1503","5650735,467",7.05149795,50.99193794,trocken,,"Krad, PKW"
241063,5,3,15,0,2019,Juni,22,Montag,Unfall mit Leichtverletzten,Unfall anderer Art,Sonstiger Unfall,Dunkelheit,1,0,0,0,0,0,"355387,5658","5644496,851",6.941931183,50.93394989,trocken,,Rad
241111,5,3,15,0,2019,Juni,12,Sonntag,Unfall mit Leichtverletzten,Unfall anderer Art,Unfall durch ruhenden Verkehr,Tageslicht,1,1,0,0,0,0,"360103,8511","5647480,787",7.007861104,50.96193025,trocken,,"Rad, PKW"
241112,5,3,15,0,2019,Juni,13,Sonntag,Unfall mit Schwerverletzten,Unfall anderer Art,Sonstiger Unfall,Tageslicht,0,0,0,1,0,0,"358645,006","5649362,259",6.986369337,50.97848296,trocken,,Krad
241113,5,3,15,0,2019,Juni,11,Sonntag,Unfall mit Leichtverletzten,Zusammenstoß mit entgegenkommendem Fahrzeug,Abbiegeunfall,Tageslicht,0,1,0,1,0,0,"357602,9975","5648010,053",6.972065125,50.96607408,trocken,,"Krad, PKW"
241114,5,3,15,0,2019,Juni,10,Sonntag,Unfall mit Leichtverletzten,Unfall anderer Art,Abbiegeunfall,Tageslicht,1,1,0,0,0,0,"353607,5659","5653506,395",6.912989407,51.01446581,trocken,,"Rad, PKW"
241115,5,3,15,0,2019,Juni,19,Sonntag,Unfall mit Leichtverletzten,Zusammenstoß mit anfahrendem/ anhaltendem/ruhendem Fahrzeug,Unfall durch ruhenden Verkehr,Tageslicht,0,1,0,0,0,0,"357749,227","5640839,566",6.976945066,50.90166916,trocken,,PKW
241116,5,3,15,0,2019,Juni,20,Sonntag,Unfall mit Schwerverletzten,Zusammenstoß zwischen Fahrzeug und Fußgänger,Unfall im Längsverkehr,Tageslicht,1,0,1,0,0,0,"353957,0057","5636447,169",6.924805272,50.86124897,trocken,,"Rad, Fuss"
241117,5,3,15,0,2019,Juni,15,Sonntag,Unfall mit Leichtverletzten,Unfall anderer Art,Fahrunfall,Tageslicht,1,0,0,0,0,0,"354163,0323","5641536,092",6.925700129,50.90703403,trocken,,Rad
241118,5,3,15,0,2019,Juni,17,Sonntag,Unfall mit Leichtverletzten,Zusammenstoß zwischen Fahrzeug und Fußgänger,Unfall im Längsverkehr,Tageslicht,1,0,1,0,0,0,"354727,501","5644278,009",6.932631145,50.93181733,trocken,,"Rad, Fuss"
241187,5,3,15,0,2019,Mai,15,Samstag,Unfall mit Leichtverletzten,Unfall anderer Art,Überschreiten-Unfall,Tageslicht,1,0,1,0,0,0,"359357,0128","5644492,644",6.99838708,50.93489374,trocken,,"Rad, Fuss"
241188,5,3,15,0,2019,Mai,14,Samstag,Unfall mit Leichtverletzten,Zusammenstoß mit seitlich in gleicher Richtung fahrendem Fahrzeug,Sonstiger Unfall,Tageslicht,0,1,0,0,0,0,"359051,2129","5644858,197",6.993896424,50.93810434,trocken,,PKW
241189,5,3,15,0,2019,Mai,13,Samstag,Unfall mit Leichtverletzten,Zusammenstoß mit einbiegendem / kreuzendem Fahrzeug,Abbiegeunfall,Tageslicht,0,1,0,1,0,0,"356760,9637","5641899,579",6.962483729,50.91095113,trocken,,"Krad, PKW"
241190,5,3,15,0,2019,Mai,15,Samstag,Unfall mit Leichtverletzten,Zusammenstoß zwischen Fahrzeug und Fußgänger,Überschreiten-Unfall,Tageslicht,1,0,1,0,0,0,"353987,4191","5642829,844",6.922686353,50.91861622,trocken,,"Rad, Fuss"
241191,5,3,15,0,2019,Mai,17,Samstag,Unfall mit Leichtverletzten,Zusammenstoß mit seitlich in gleicher Richtung fahrendem Fahrzeug,Unfall im Längsverkehr,Tageslicht,0,1,0,1,0,0,"356179,9072","5645306,758",6.952880084,50.94142653,trocken,,"Krad, PKW"
241192,5,3,15,0,2019,Mai,12,Samstag,Unfall mit Leichtverletzten,Unfall anderer Art,Fahrunfall,Tageslicht,1,0,0,0,0,0,"354785,9402","5644340,071",6.933437487,50.93238977,trocken,,Rad
241193,5,3,15,0,2019,Mai,22,Samstag,Unfall mit Leichtverletzten,Zusammenstoß mit entgegenkommendem Fahrzeug,Abbiegeunfall,Dunkelheit,0,1,0,0,0,0,"356171,4846","5645432,622",6.952710584,50.94255555,trocken,,PKW
241258,5,3,15,0,2019,Mai,22,Freitag,Unfall mit Leichtverletzten,Zusammenstoß zwischen Fahrzeug und Fußgänger,Sonstiger Unfall,Dunkelheit,1,0,1,0,0,0,"362755,8782","5637563,375",7.049334012,50.87343634,trocken,,"Rad, Fuss"
241259,5,3,15,0,2019,Mai,17,Freitag,Unfall mit Leichtverletzten,Zusammenstoß mit anfahrendem/ anhaltendem/ruhendem Fahrzeug,Unfall durch ruhenden Verkehr,Tageslicht,0,1,0,1,0,1,"360313,1736","5647769,001",7.010729304,50.96457126,nass/feucht,,"Krad, PKW, Sonstige"
241260,5,3,15,0,2019,Mai,17,Freitag,Unfall mit Schwerverletzten,Unfall anderer Art,Fahrunfall,Tageslicht,1,0,0,0,0,0,"351456,32","5641970,496",6.887052358,50.9102477,trocken,,Rad
241261,5,3,15,0,2019,Mai,13,Freitag,Unfall mit Leichtverletzten,Unfall anderer Art,Sonstiger Unfall,Tageslicht,1,0,0,0,0,0,"356727,4165","5645175,993",6.960719412,50.94038766,trocken,,Rad
241262,5,3,15,0,2019,Mai,19,Freitag,Unfall mit Leichtverletzten,Zusammenstoß mit anfahrendem/ anhaltendem/ruhendem Fahrzeug,Unfall im Längsverkehr,Tageslicht,0,1,0,0,0,0,"355340,094","5645902,947",6.94069772,50.94657426,trocken,,PKW
241322,5,3,15,0,2019,Juni,10,Donnerstag,Unfall mit Leichtverletzten,Zusammenstoß zwischen Fahrzeug und Fußgänger,Abbiegeunfall,Tageslicht,0,1,1,0,0,0,"362069,9846","5651604,285",7.034276546,50.99946315,trocken,,"Fuss, PKW"
241323,5,3,15,0,2019,Juni,15,Donnerstag,Unfall mit Leichtverletzten,Zusammenstoß mit einbiegendem / kreuzendem Fahrzeug,Einbiegen / Kreuzen-Unfall,Tageslicht,0,1,0,0,0,1,"364551,7219","5648038,438",7.070952699,50.96800495,trocken,,"PKW, Sonstige"
241324,5,3,15,0,2019,Juni,20,Donnerstag,Unfall mit Leichtverletzten,Unfall anderer Art,Sonstiger Unfall,Tageslicht,1,0,0,0,0,0,"351641,9685","5652670,136",6.885329515,51.00644719,trocken,,Rad
241325,5,3,15,0,2019,Juni,17,Donnerstag,Unfall mit Leichtverletzten,Zusammenstoß zwischen Fahrzeug und Fußgänger,Sonstiger Unfall,Tageslicht,0,1,1,0,0,0,"354744,0235","5646478,319",6.931988748,50.95159508,trocken,,"Fuss, PKW"
241326,5,3,15,0,2019,Juni,19,Donnerstag,Unfall mit Leichtverletzten,Unfall anderer Art,Unfall durch ruhenden Verkehr,Tageslicht,1,1,0,0,0,0,"354460,567","5646374,667",6.927997427,50.95059208,trocken,,"Rad, PKW"
241327,5,3,15,0,2019,Juni,11,Donnerstag,Unfall mit Leichtverletzten,Zusammenstoß mit entgegenkommendem Fahrzeug,Abbiegeunfall,Tageslicht,1,1,0,0,0,0,"357030,102","5640039,406",6.967037972,50.89430051,trocken,,"Rad, PKW"
241328,5,3,15,0,2019,Juni,8,Donnerstag,Unfall mit Leichtverletzten,Zusammenstoß mit einbiegendem / kreuzendem Fahrzeug,Einbiegen / Kreuzen-Unfall,Tageslicht,1,1,0,0,0,0,"355760,482","5644297,207",6.947313748,50.9322491,trocken,,"Rad, PKW"
241329,5,3,15,0,2019,Juni,15,Donnerstag,Unfall mit Leichtverletzten,Zusammenstoß mit vorausfahrendem / wartendem Fahrzeug,Abbiegeunfall,Tageslicht,1,1,0,0,0,0,"355128,4295","5645284,616",6.937932594,50.94096431,trocken,,"Rad, PKW"
241330,5,3,15,0,2019,Juni,14,Donnerstag,Unfall mit Leichtverletzten,Zusammenstoß mit einbiegendem / kreuzendem Fahrzeug,Einbiegen / Kreuzen-Unfall,Tageslicht,1,1,0,0,0,0,"355619,4213","5645002,887",6.945028088,50.93855562,trocken,,"Rad, PKW"
241398,5,3,15,0,2019,Juni,11,Mittwoch,Unfall mit Getöteten,Unfall anderer Art,Fahrunfall,Tageslicht,1,0,0,0,0,0,"363772,7384","5639453,047",7.063073627,50.89066041,trocken,,Rad
241399,5,3,15,0,2019,Juni,18,Mittwoch,Unfall mit Leichtverletzten,Zusammenstoß mit einbiegendem / kreuzendem Fahrzeug,Unfall durch ruhenden Verkehr,Tageslicht,1,1,0,0,0,0,"356560,5698","5643211,366",6.959119342,50.92269029,trocken,,"Rad, PKW"
241491,5,3,15,0,2019,Juni,10,Dienstag,Unfall mit Leichtverletzten,Unfall anderer Art,Fahrunfall,Tageslicht,1,0,0,0,0,0,"363714,3098","5648551,262",7.058841443,50.97241638,trocken,,Rad
241492,5,3,15,0,2019,Juni,7,Dienstag,Unfall mit Leichtverletzten,Zusammenstoß zwischen Fahrzeug und Fußgänger,Sonstiger Unfall,Tageslicht,0,1,1,0,0,0,"365561,681","5648420,024",7.085186806,50.97167106,nass/feucht,,"Fuss, PKW"
241493,5,3,15,0,2019,Juni,15,Dienstag,Unfall mit Schwerverletzten,Zusammenstoß mit anfahrendem/ anhaltendem/ruhendem Fahrzeug,Einbiegen / Kreuzen-Unfall,Tageslicht,0,1,0,0,0,0,"353299,0174","5650567,751",6.909781237,50.98797904,trocken,,PKW
241494,5,3,15,0,2019,Juni,20,Dienstag,Unfall mit Leichtverletzten,Unfall anderer Art,Fahrunfall,Tageslicht,0,0,0,1,0,0,"349859,258","5649418,771",6.861281768,50.97676713,trocken,,Krad
241495,5,3,15,0,2019,Juni,18,Dienstag,Unfall mit Leichtverletzten,Zusammenstoß mit einbiegendem / kreuzendem Fahrzeug,Einbiegen / Kreuzen-Unfall,Tageslicht,1,1,0,0,0,0,"353174,7148","5645809,751",6.909931863,50.94518931,trocken,,"Rad, PKW"
241496,5,3,15,0,2019,Juni,7,Dienstag,Unfall mit Leichtverletzten,Zusammenstoß mit vorausfahrendem / wartendem Fahrzeug,Unfall im Längsverkehr,Tageslicht,0,1,0,1,0,0,"357776,9258","5641474,997",6.977091168,50.90738662,nass/feucht,,"Krad, PKW"
241497,5,3,15,0,2019,Juni,7,Dienstag,Unfall mit Leichtverletzten,Zusammenstoß zwischen Fahrzeug und Fußgänger,Überschreiten-Unfall,Tageslicht,1,0,1,0,0,0,"356044,0176","5645039,587",6.951052739,50.9389916,nass/feucht,,"Rad, Fuss"
241549,5,3,15,0,2019,Juni,12,Montag,Unfall mit Leichtverletzten,Unfall anderer Art,Fahrunfall,Tageslicht,1,0,0,0,0,0,"351587,928","5648013,596",6.886461649,50.96458774,trocken,,Rad
241561,5,3,15,0,2019,Juni,9,Montag,Unfall mit Leichtverletzten,Zusammenstoß mit seitlich in gleicher Richtung fahrendem Fahrzeug,Unfall im Längsverkehr,Tageslicht,1,1,0,0,0,0,"356892,0234","5640965,981",6.964712776,50.90259343,trocken,,"Rad, PKW"
241573,5,3,15,0,2019,Juni,19,Montag,Unfall mit Leichtverletzten,Unfall anderer Art,Sonstiger Unfall,Tageslicht,1,0,0,0,0,0,"357018,8852","5642566,43",6.965888755,50.91700804,trocken,,Rad
241600,5,3,15,0,2019,Juni,17,Montag,Unfall mit Leichtverletzten,Unfall anderer Art,Unfall im Längsverkehr,Tageslicht,0,0,1,0,0,1,"356430,621","5645183,985",6.956494673,50.94038567,trocken,,"Fuss, Sonstige"
241612,5,3,15,0,2019,Juni,3,Montag,Unfall mit Leichtverletzten,Unfall anderer Art,Sonstiger Unfall,Dunkelheit,0,1,1,0,0,0,"356592,1125","5645703,806",6.958587061,50.94509742,trocken,,"Fuss, PKW"
241638,5,3,15,0,2019,Juni,9,Samstag,Unfall mit Leichtverletzten,Zusammenstoß zwischen Fahrzeug und Fußgänger,Abbiegeunfall,Tageslicht,0,1,1,0,0,0,"364964,3311","5638530,943",7.080346647,50.88265269,trocken,,"Fuss, PKW"
241639,5,3,15,0,2019,Juni,20,Samstag,Unfall mit Leichtverletzten,Unfall anderer Art,Sonstiger Unfall,Tageslicht,1,1,0,0,0,0,"354326,2506","5646457,313",6.926053476,50.95130086,trocken,,"Rad, PKW"
241640,5,3,15,0,2019,Juni,17,Samstag,Unfall mit Leichtverletzten,Unfall anderer Art,Fahrunfall,Tageslicht,0,0,0,1,0,0,"351595,996","5650141,56",6.885707955,50.98371259,nass/feucht,,Krad
241641,5,3,15,0,2019,Juni,16,Samstag,Unfall mit Leichtverletzten,Zusammenstoß mit einbiegendem / kreuzendem Fahrzeug,Abbiegeunfall,Tageslicht,0,1,0,1,0,0,"353596,9015","5645632,68",6.916008638,50.9437054,trocken,,"Krad, PKW"
241642,5,3,15,0,2019,Juni,16,Samstag,Unfall mit Leichtverletzten,Unfall anderer Art,Sonstiger Unfall,Tageslicht,1,0,0,0,0,0,"352755,2726","5648280,723",6.902965739,50.96728782,trocken,,Rad
241643,5,3,15,0,2019,Juni,15,Samstag,Unfall mit Schwerverletzten,Zusammenstoß mit anfahrendem/ anhaltendem/ruhendem Fahrzeug,Einbiegen / Kreuzen-Unfall,Tageslicht,1,1,0,0,0,0,"358974,0262","5639876,07",6.994724467,50.89331053,trocken,,"Rad, PKW"
241644,5,3,15,0,2019,Juni,12,Samstag,Unfall mit Leichtverletzten,Zusammenstoß mit vorausfahrendem / wartendem Fahrzeug,Unfall im Längsverkehr,Tageslicht,0,1,0,0,0,0,"357574,2241","5641870,143",6.97405576,50.91088783,trocken,,PKW
241645,5,3,15,0,2019,Juni,9,Samstag,Unfall mit Leichtverletzten,Zusammenstoß zwischen Fahrzeug und Fußgänger,Überschreiten-Unfall,Tageslicht,0,1,1,0,0,0,"355614,325","5644413,628",6.945189083,50.93325879,trocken,,"Fuss, PKW"
241646,5,3,15,0,2019,Juni,18,Samstag,Unfall mit Leichtverletzten,Zusammenstoß mit vorausfahrendem / wartendem Fahrzeug,Unfall im Längsverkehr,Tageslicht,0,1,0,1,0,0,"354587,3706","5645107,102",6.930307506,50.93923285,nass/feucht,,"Krad, PKW"
241647,5,3,15,0,2019,Juni,18,Samstag,Unfall mit Leichtverletzten,Zusammenstoß mit einbiegendem / kreuzendem Fahrzeug,Einbiegen / Kreuzen-Unfall,Tageslicht,0,1,0,1,0,0,"356644,7947","5642731,578",6.960505479,50.91839941,nass/feucht,,"Krad, PKW"
241752,5,3,15,0,2019,Juni,16,Freitag,Unfall mit Leichtverletzten,Zusammenstoß mit anfahrendem/ anhaltendem/ruhendem Fahrzeug,Unfall durch ruhenden Verkehr,Tageslicht,1,1,0,0,0,0,"364857,4515","5645747,909",7.076154801,50.94749065,trocken,,"Rad, PKW"
241753,5,3,15,0,2019,Juni,20,Montag,Unfall mit Leichtverletzten,Zusammenstoß mit einbiegendem / kreuzendem Fahrzeug,Einbiegen / Kreuzen-Unfall,Tageslicht,1,1,0,0,0,0,"360822,6856","5644594,518",7.01919404,50.93616488,trocken,,"Rad, PKW"
241754,5,3,15,0,2019,Juni,11,Freitag,Unfall mit Leichtverletzten,Unfall anderer Art,Sonstiger Unfall,Tageslicht,0,1,0,0,0,0,"359589,1054","5644693,515",7.001610642,50.93675555,trocken,,PKW
241755,5,3,15,0,2019,Juni,20,Freitag,Unfall mit Leichtverletzten,Unfall anderer Art,Fahrunfall,Tageslicht,0,0,0,1,0,0,"353962,2211","5646720,528",6.920768873,50.95357417,trocken,,Krad
241756,5,3,15,0,2019,Juni,16,Freitag,Unfall mit Leichtverletzten,Unfall anderer Art,Unfall durch ruhenden Verkehr,Tageslicht,0,1,0,0,0,0,"353796,4084","5646491,753",6.918501634,50.95147621,trocken,,PKW
241757,5,3,15,0,2019,Juni,16,Montag,Unfall mit Leichtverletzten,Unfall anderer Art,Sonstiger Unfall,Tageslicht,0,0,0,0,0,1,"359060,2847","5650397,233",6.991879792,50.98788607,trocken,,Sonstige
241758,5,3,15,0,2019,Juni,19,Freitag,Unfall mit Leichtverletzten,Zusammenstoß mit einbiegendem / kreuzendem Fahrzeug,Abbiegeunfall,Tageslicht,1,1,0,0,0,0,"355113,6707","5642008,575",6.939024501,50.91151952,trocken,,"Rad, PKW"
241759,5,3,15,0,2019,Juni,9,Freitag,Unfall mit Leichtverletzten,Unfall anderer Art,Fahrunfall,Tageslicht,1,0,0,0,0,0,"353912,4227","5643227,467",6.921460869,50.92217056,trocken,,Rad
241760,5,3,15,0,2019,Juni,14,Montag,Unfall mit Leichtverletzten,Zusammenstoß zwischen Fahrzeug und Fußgänger,Überschreiten-Unfall,Tageslicht,1,0,1,0,0,0,"362371,8478","5648149,721",7.039884215,50.96848839,trocken,,"Rad, Fuss"
241761,5,3,15,0,2019,Juni,6,Freitag,Unfall mit Leichtverletzten,Zusammenstoß zwischen Fahrzeug und Fußgänger,Überschreiten-Unfall,Tageslicht,0,0,1,1,0,0,"356461,6239","5645965,682",6.956627603,50.94741839,nass/feucht,,"Fuss, Krad"
241763,5,3,15,0,2019,Juni,23,Freitag,Unfall mit Schwerverletzten,Zusammenstoß mit einbiegendem / kreuzendem Fahrzeug,Einbiegen / Kreuzen-Unfall,Dunkelheit,1,1,0,0,0,0,"355855,8921","5644471,3",6.948601755,50.9338375,trocken,,"Rad, PKW"
241764,5,3,15,0,2019,Juni,0,Freitag,Unfall mit Schwerverletzten,Zusammenstoß mit einbiegendem / kreuzendem Fahrzeug,Einbiegen / Kreuzen-Unfall,Dunkelheit,1,1,0,0,0,0,"356687,6121","5644911,789",6.960257163,50.9380034,nass/feucht,,"Rad, PKW"
241818,5,3,15,0,2019,Juni,15,Freitag,Unfall mit Leichtverletzten,Zusammenstoß mit anfahrendem/ anhaltendem/ruhendem Fahrzeug,Unfall im Längsverkehr,Tageslicht,0,1,0,0,0,0,"357518,3776","5648297,842",6.970748097,50.9686395,trocken,,PKW
241828,5,3,15,0,2019,Juni,18,Freitag,Unfall mit Leichtverletzten,Unfall anderer Art,Einbiegen / Kreuzen-Unfall,Tageslicht,0,1,0,1,0,0,"356035,6171","5643159,555",6.951675772,50.92209392,trocken,,"Krad, PKW"
241860,5,3,15,0,2019,Juni,16,Donnerstag,Unfall mit Leichtverletzten,Zusammenstoß mit einbiegendem / kreuzendem Fahrzeug,Abbiegeunfall,Tageslicht,0,1,0,1,0,0,"364633,718","5639700,169",7.075216355,50.89308386,trocken,,"Krad, PKW"
241861,5,3,15,0,2019,Juni,12,Donnerstag,Unfall mit Schwerverletzten,Zusammenstoß mit einbiegendem / kreuzendem Fahrzeug,Abbiegeunfall,Tageslicht,1,0,0,0,0,1,"354121,9309","5648889,693",6.92217144,50.97310812,nass/feucht,,"Rad, Sonstige"
241862,5,3,15,0,2019,Juni,11,Donnerstag,Unfall mit Leichtverletzten,Zusammenstoß mit anfahrendem/ anhaltendem/ruhendem Fahrzeug,Unfall durch ruhenden Verkehr,Tageslicht,0,0,0,1,0,1,"355836,5354","5646058,681",6.94769829,50.94809817,nass/feucht,,"Krad, Sonstige"
241872,5,3,15,0,2019,Juni,7,Freitag,Unfall mit Leichtverletzten,Unfall anderer Art,Fahrunfall,Tageslicht,1,0,0,0,0,0,"357776,7417","5644170,538",6.976037482,50.93161144,trocken,,Rad
241883,5,3,15,0,2019,Juni,15,Freitag,Unfall mit Leichtverletzten,Zusammenstoß mit anfahrendem/ anhaltendem/ruhendem Fahrzeug,Unfall durch ruhenden Verkehr,Tageslicht,1,1,0,0,0,0,"358656,9712","5637152,483",6.991272281,50.86875575,trocken,,"Rad, PKW"
241925,5,3,15,0,2019,Juni,11,Freitag,Unfall mit Leichtverletzten,Zusammenstoß mit seitlich in gleicher Richtung fahrendem Fahrzeug,Abbiegeunfall,Tageslicht,1,1,0,0,0,0,"359135,6655","5650117,705",6.993061488,50.9853924,trocken,,"Rad, PKW"
241936,5,3,15,0,2019,Juni,17,Freitag,Unfall mit Leichtverletzten,Abkommen von Fahrbahn nach rechts,Fahrunfall,Tageslicht,0,0,0,1,0,0,"356159,5366","5644676,769",6.952839043,50.93575983,trocken,,Krad
241945,5,3,15,0,2019,Juni,18,Mittwoch,Unfall mit Leichtverletzten,Zusammenstoß mit einbiegendem / kreuzendem Fahrzeug,Einbiegen / Kreuzen-Unfall,Tageslicht,1,1,0,0,0,0,"359556,945","5644985,654",7.001040612,50.9393732,trocken,,"Rad, PKW"
241946,5,3,15,0,2019,Juni,18,Mittwoch,Unfall mit Leichtverletzten,Zusammenstoß zwischen Fahrzeug und Fußgänger,Überschreiten-Unfall,Tageslicht,0,1,1,0,0,0,"359165,6958","5649915,222",6.993567532,50.98358003,trocken,,"Fuss, PKW"
241947,5,3,15,0,2019,Juni,15,Mittwoch,Unfall mit Schwerverletzten,Unfall anderer Art,Fahrunfall,Tageslicht,1,0,0,0,0,0,"357197,6432","5650183,46",6.96544253,50.98550586,trocken,,Rad
241948,5,3,15,0,2019,Juni,18,Mittwoch,Unfall mit Leichtverletzten,Zusammenstoß mit vorausfahrendem / wartendem Fahrzeug,Unfall im Längsverkehr,Tageslicht,1,1,0,0,0,0,"350842,459","5644399,549",6.877333521,50.93191796,trocken,,"Rad, PKW"
241950,5,3,15,0,2019,Juni,18,Mittwoch,Unfall mit Leichtverletzten,Unfall anderer Art,Fahrunfall,Tageslicht,1,0,0,0,0,0,"357293,5881","5641557,869",6.970188619,50.90801212,trocken,,Rad
241951,5,3,15,0,2019,Juni,16,Mittwoch,Unfall mit Leichtverletzten,Zusammenstoß mit entgegenkommendem Fahrzeug,Unfall im Längsverkehr,Tageslicht,0,1,0,0,0,0,"358043,4656","5641032,497",6.981051858,50.90347545,trocken,,PKW
241952,5,3,15,0,2019,Juni,5,Mittwoch,Unfall mit Leichtverletzten,Unfall anderer Art,Fahrunfall,Dämmerung,0,0,0,1,0,0,"355239,252","5642105,4",6.940771221,50.91242118,nass/feucht,,Krad
241953,5,3,15,0,2019,Juni,15,Mittwoch,Unfall mit Leichtverletzten,Zusammenstoß mit anfahrendem/ anhaltendem/ruhendem Fahrzeug,Unfall durch ruhenden Verkehr,Tageslicht,1,1,0,0,0,0,"354189,3851","5641972,859",6.925900197,50.9109658,trocken,,"Rad, PKW"
241954,5,3,15,0,2019,Juni,18,Mittwoch,Unfall mit Leichtverletzten,Zusammenstoß mit anfahrendem/ anhaltendem/ruhendem Fahrzeug,Unfall durch ruhenden Verkehr,Tageslicht,1,1,0,0,0,0,"355620,3584","5644895,8",6.945083851,50.93759348,trocken,,"Rad, PKW"
241955,5,3,15,0,2019,Juni,10,Mittwoch,Unfall mit Leichtverletzten,Unfall anderer Art,Sonstiger Unfall,Tageslicht,1,0,0,0,0,0,"356411,1738","5645665,3",6.956028328,50.94470633,trocken,,Rad
241991,5,3,15,0,2019,Juni,9,Freitag,Unfall mit Leichtverletzten,Unfall anderer Art,Fahrunfall,Tageslicht,1,0,0,0,0,0,"355257,311","5642307,474",6.940947772,50.91424171,trocken,,Rad
242015,5,3,15,0,2019,Juni,10,Dienstag,Unfall mit Leichtverletzten,Zusammenstoß mit anfahrendem/ anhaltendem/ruhendem Fahrzeug,Unfall im Längsverkehr,Tageslicht,1,1,0,0,0,0,"352482,7733","5644929,955",6.900445345,50.93710634,trocken,,"Rad, PKW"
242016,5,3,15,0,2019,Juni,9,Dienstag,Unfall mit Leichtverletzten,Abkommen von Fahrbahn nach rechts,Sonstiger Unfall,Tageslicht,0,1,0,0,0,0,"356328,9707","5645689,753",6.954849328,50.94490561,trocken,,PKW
242017,5,3,15,0,2019,Juni,3,Dienstag,Unfall mit Schwerverletzten,Abkommen von Fahrbahn nach rechts,Sonstiger Unfall,Dunkelheit,0,1,0,0,0,0,"355615,8492","5645951,351",6.944601332,50.94707838,trocken,,PKW
242034,5,3,15,0,2019,Juni,8,Freitag,Unfall mit Leichtverletzten,Zusammenstoß mit einbiegendem / kreuzendem Fahrzeug,Einbiegen / Kreuzen-Unfall,Tageslicht,0,1,0,0,0,0,"359649,2783","5646820,516",7.001646775,50.95588579,trocken,,PKW