OBJECTID,ULAND,UREGBEZ,UKREIS,UGEMEINDE,UJAHR,UMONAT,USTUNDE,UWOCHENTAG,UKATEGORIE,UART,UTYP1,ULICHTVERH,IstRad,IstPKW,IstFuss,IstKrad,IstGkfz,IstSonstige,LINREFX,LINREFY,XGCSWGS84,YGCSWGS84,USTRZUSTAND,UIDENTSTLAE,Participants
242045,5,3,15,0,2019,Juni,8,Freitag,Unfall mit Leichtverletzten,Unfall anderer Art,Sonstiger Unfall,Tageslicht,0,1,0,1,0,0,"354936,5278","5646051,589",6.934897538,50.94780865,trocken,,"Krad, PKW"
242110,5,3,15,0,2019,Juni,19,Sonntag,Unfall mit Leichtverletzten,Zusammenstoß mit entgegenkommendem Fahrzeug,Unfall im Längsverkehr,Tageslicht,0,1,0,1,0,0,"362170,211","5643600,639",7.03873612,50.9275562,trocken,,"Krad, PKW"
242111,5,3,15,0,2019,Juni,9,Sonntag,Unfall mit Leichtverletzten,Zusammenstoß zwischen Fahrzeug und Fußgänger,Sonstiger Unfall,Tageslicht,0,0,1,0,0,1,"362368,355","5644363,828",7.041265695,50.93446255,trocken,,"Fuss, Sonstige"
242112,5,3,15,0,2019,Juni,6,Sonntag,Unfall mit Leichtverletzten,Zusammenstoß mit anfahrendem/ anhaltendem/ruhendem Fahrzeug,Unfall im Längsverkehr,Tageslicht,0,1,0,1,0,0,"359516,1836","5650201,756",6.99844681,50.98624075,nass/feucht,,"Krad, PKW"
242114,5,3,15,0,2019,Juni,1,Sonntag,Unfall mit Leichtverletzten,Zusammenstoß zwischen Fahrzeug und Fußgänger,Sonstiger Unfall,Dunkelheit,0,0,1,0,0,1,"353908,0373","5646140,187",6.920230831,50.94834512,trocken,,"Fuss, Sonstige"
242115,5,3,15,0,2019,Juni,10,Sonntag,Unfall mit Leichtverletzten,Zusammenstoß mit entgegenkommendem Fahrzeug,Abbiegeunfall,Tageslicht,0,1,0,1,0,0,"359069,55","5639180,188",6.99635028,50.88707984,trocken,,"Krad, PKW"
242116,5,3,15,0,2019,Juni,13,Sonntag,Unfall mit Schwerverletzten,Unfall anderer Art,Fahrunfall,Tageslicht,1,0,0,0,0,0,"356755,9582","5642042,041",6.962356652,50.91223019,trocken,,Rad
242117,5,3,15,0,2019,Juni,1,Sonntag,Unfall mit Schwerverletzten,Unfall anderer Art,Fahrunfall,Dunkelheit,1,0,0,0,0,0,"354854,2531","5643809,725",6.934620153,50.92764087,nass/feucht,,Rad
242193,5,3,15,0,2019,Juni,10,Samstag,Unfall mit Leichtverletzten,Zusammenstoß zwischen Fahrzeug und Fußgänger,Überschreiten-Unfall,Tageslicht,0,0,1,0,0,1,"362640,741","5640231,971",7.046695534,50.89739286,trocken,,"Fuss, Sonstige"
242194,5,3,15,0,2019,Juni,15,Samstag,Unfall mit Leichtverletzten,Zusammenstoß mit einbiegendem / kreuzendem Fahrzeug,Einbiegen / Kreuzen-Unfall,Tageslicht,0,1,0,0,0,0,"359592,2404","5647712,57",7.000490991,50.96388885,trocken,,PKW
242196,5,3,15,0,2019,Juni,13,Samstag,Unfall mit Schwerverletzten,Zusammenstoß zwischen Fahrzeug und Fußgänger,Sonstiger Unfall,Tageslicht,0,1,1,0,0,0,"356330,7387","5647570,188",6.954132357,50.96180521,trocken,,"Fuss, PKW"
242197,5,3,15,0,2019,Juni,18,Samstag,Unfall mit Leichtverletzten,Zusammenstoß mit entgegenkommendem Fahrzeug,Einbiegen / Kreuzen-Unfall,Tageslicht,1,0,0,0,0,1,"352749,6428","5644712,6",6.904328706,50.93522127,trocken,,"Rad, Sonstige"
242198,5,3,15,0,2019,Juni,7,Samstag,Unfall mit Schwerverletzten,Zusammenstoß mit einbiegendem / kreuzendem Fahrzeug,Einbiegen / Kreuzen-Unfall,Tageslicht,1,1,0,0,0,0,"356436,613","5636024,79",6.960180818,50.858074,trocken,,"Rad, PKW"
242199,5,3,15,0,2019,Juni,10,Samstag,Unfall mit Leichtverletzten,Zusammenstoß mit anfahrendem/ anhaltendem/ruhendem Fahrzeug,Einbiegen / Kreuzen-Unfall,Tageslicht,1,1,0,0,0,0,"354723,8583","5642268,214",6.933379985,50.91375485,trocken,,"Rad, PKW"
242200,5,3,15,0,2019,Juni,19,Samstag,Unfall mit Leichtverletzten,Unfall anderer Art,Fahrunfall,Tageslicht,1,0,0,0,0,0,"354678,0571","5642271,664",6.932727521,50.91377433,trocken,,Rad
242201,5,3,15,0,2019,Juni,17,Samstag,Unfall mit Leichtverletzten,Zusammenstoß mit vorausfahrendem / wartendem Fahrzeug,Unfall im Längsverkehr,Tageslicht,1,1,0,0,0,0,"356855,6738","5641273,797",6.964075464,50.90535074,trocken,,"Rad, PKW"
242202,5,3,15,0,2019,Juni,12,Samstag,Unfall mit Leichtverletzten,Unfall anderer Art,Fahrunfall,Tageslicht,1,0,0,0,0,0,"356182,9305","5642811,843",6.953907427,50.91900581,trocken,,Rad
242222,5,3,15,0,2019,Juni,18,Montag,Unfall mit Leichtverletzten,Zusammenstoß mit einbiegendem / kreuzendem Fahrzeug,Einbiegen / Kreuzen-Unfall,Tageslicht,1,0,0,0,0,0,"360898,645","5646708,837",7.019466874,50.95518503,trocken,,Rad
242246,5,3,15,0,2019,Juni,20,Montag,Unfall mit Leichtverletzten,Zusammenstoß mit entgegenkommendem Fahrzeug,Unfall im Längsverkehr,Tageslicht,1,1,0,0,0,0,"356121,121","5647474,359",6.951187307,50.96089171,trocken,,"Rad, PKW"
242250,5,3,15,0,2019,Juni,9,Montag,Unfall mit Leichtverletzten,Zusammenstoß mit anfahrendem/ anhaltendem/ruhendem Fahrzeug,Unfall durch ruhenden Verkehr,Tageslicht,1,1,0,0,0,0,"356729,3159","5651156,181",6.958391002,50.99413115,trocken,,"Rad, PKW"
242310,5,3,15,0,2019,Juni,17,Donnerstag,Unfall mit Leichtverletzten,Zusammenstoß mit anfahrendem/ anhaltendem/ruhendem Fahrzeug,Unfall im Längsverkehr,Tageslicht,0,1,0,0,0,0,"357113,0357","5639114,356",6.968578237,50.8860076,trocken,,PKW
242348,5,3,15,0,2019,Juni,15,Mittwoch,Unfall mit Leichtverletzten,Zusammenstoß zwischen Fahrzeug und Fußgänger,Überschreiten-Unfall,Tageslicht,0,1,1,0,0,0,"356169,2662","5647867,508",6.951717005,50.96443688,trocken,,"Fuss, PKW"
242349,5,3,15,0,2019,Juni,17,Mittwoch,Unfall mit Leichtverletzten,Zusammenstoß mit vorausfahrendem / wartendem Fahrzeug,Unfall im Längsverkehr,Tageslicht,0,1,0,0,0,0,"355942,1131","5651760,533",6.946941287,50.99936579,trocken,,PKW
242350,5,3,15,0,2019,Juni,16,Mittwoch,Unfall mit Leichtverletzten,Unfall anderer Art,Fahrunfall,Tageslicht,1,0,0,0,0,0,"354974,4181","5654047,382",6.932245681,51.01967376,trocken,,Rad
242351,5,3,15,0,2019,Juni,8,Mittwoch,Unfall mit Schwerverletzten,Unfall anderer Art,Fahrunfall,Tageslicht,1,0,0,0,0,0,"351940,4938","5649373,773",6.890925154,50.97690162,trocken,,Rad
242352,5,3,15,0,2019,Juni,20,Mittwoch,Unfall mit Leichtverletzten,Zusammenstoß mit einbiegendem / kreuzendem Fahrzeug,Einbiegen / Kreuzen-Unfall,Tageslicht,1,0,0,0,0,0,"354580,8747","5646274,342",6.929749084,50.94972086,trocken,,Rad
242353,5,3,15,0,2019,Juni,16,Mittwoch,Unfall mit Leichtverletzten,Zusammenstoß mit einbiegendem / kreuzendem Fahrzeug,Einbiegen / Kreuzen-Unfall,Tageslicht,1,1,0,0,0,0,"355336,9534","5644818,287",6.941083782,50.93682586,trocken,,"Rad, PKW"
242457,5,3,15,0,2019,Juni,20,Dienstag,Unfall mit Leichtverletzten,Zusammenstoß mit entgegenkommendem Fahrzeug,Unfall im Längsverkehr,Tageslicht,1,0,0,0,0,0,"361533,3694","5636260,56",7.032462383,50.86143584,trocken,,Rad
242458,5,3,15,0,2019,Juni,17,Dienstag,Unfall mit Leichtverletzten,Abkommen von Fahrbahn nach rechts,Sonstiger Unfall,Tageslicht,0,0,0,0,0,1,"363031,565","5637019,886",7.053453491,50.86861713,trocken,,Sonstige
242459,5,3,15,0,2019,Juni,18,Dienstag,Unfall mit Leichtverletzten,Zusammenstoß mit anfahrendem/ anhaltendem/ruhendem Fahrzeug,Sonstiger Unfall,Tageslicht,0,0,0,1,0,1,"365754,9543","5642171,1",7.09024113,50.91555343,trocken,,"Krad, Sonstige"
242460,5,3,15,0,2019,Juni,12,Dienstag,Unfall mit Leichtverletzten,Unfall anderer Art,Einbiegen / Kreuzen-Unfall,Tageslicht,1,1,0,0,0,0,"359190,5476","5646103,419",6.995396869,50.94932929,trocken,,"Rad, PKW"
242461,5,3,15,0,2019,Juni,15,Dienstag,Unfall mit Leichtverletzten,Zusammenstoß mit einbiegendem / kreuzendem Fahrzeug,Einbiegen / Kreuzen-Unfall,Tageslicht,1,1,0,0,0,0,"357306,439","5645113,449",6.968979921,50.93996917,trocken,,"Rad, PKW"
242462,5,3,15,0,2019,Juni,17,Dienstag,Unfall mit Leichtverletzten,Zusammenstoß mit einbiegendem / kreuzendem Fahrzeug,Sonstiger Unfall,Tageslicht,0,1,0,0,0,0,"354777,8154","5648053,125",6.931841099,50.9657559,trocken,,PKW
242463,5,3,15,0,2019,Juni,16,Dienstag,Unfall mit Leichtverletzten,Unfall anderer Art,Sonstiger Unfall,Tageslicht,1,1,0,0,0,0,"355819,4025","5648646,765",6.946429152,50.97135243,trocken,,"Rad, PKW"
242464,5,3,15,0,2019,Juni,8,Dienstag,Unfall mit Leichtverletzten,Zusammenstoß mit einbiegendem / kreuzendem Fahrzeug,Einbiegen / Kreuzen-Unfall,Tageslicht,1,0,0,0,0,1,"352624,172","5654139,681",6.898722619,51.01990562,trocken,,"Rad, Sonstige"
242465,5,3,15,0,2019,Juni,21,Dienstag,Unfall mit Leichtverletzten,Zusammenstoß mit einbiegendem / kreuzendem Fahrzeug,Abbiegeunfall,Tageslicht,1,1,0,0,0,0,"352519,828","5652771,009",6.897792348,51.0075794,trocken,,"Rad, PKW"
242466,5,3,15,0,2019,Juni,18,Dienstag,Unfall mit Leichtverletzten,Zusammenstoß mit einbiegendem / kreuzendem Fahrzeug,Einbiegen / Kreuzen-Unfall,Tageslicht,1,1,0,0,0,0,"349405,7412","5658086,081",6.851228196,51.05453452,trocken,,"Rad, PKW"
242467,5,3,15,0,2019,Juni,15,Dienstag,Unfall mit Leichtverletzten,Zusammenstoß mit einbiegendem / kreuzendem Fahrzeug,Abbiegeunfall,Tageslicht,0,1,0,0,0,0,"353356,528","5650361,888",6.91068316,50.9861437,trocken,,PKW
242469,5,3,15,0,2019,Juni,22,Dienstag,Unfall mit Schwerverletzten,Zusammenstoß mit entgegenkommendem Fahrzeug,Abbiegeunfall,Dunkelheit,0,1,0,0,0,0,"353023,907","5645826,275",6.907779964,50.94529937,trocken,,PKW
242470,5,3,15,0,2019,Juni,7,Dienstag,Unfall mit Leichtverletzten,Zusammenstoß mit einbiegendem / kreuzendem Fahrzeug,Abbiegeunfall,Tageslicht,1,0,0,0,1,0,"352350,787","5646444,57",6.897954218,50.9506837,trocken,,"Rad, Gkfz"
242471,5,3,15,0,2019,Juni,19,Dienstag,Unfall mit Schwerverletzten,Zusammenstoß mit vorausfahrendem / wartendem Fahrzeug,Unfall im Längsverkehr,Tageslicht,1,1,0,0,0,0,"358714,4039","5640235,188",6.990896358,50.89647452,trocken,,"Rad, PKW"
242472,5,3,15,0,2019,Juni,9,Dienstag,Unfall mit Leichtverletzten,Unfall anderer Art,Einbiegen / Kreuzen-Unfall,Tageslicht,1,0,0,0,0,0,"354526,6586","5644204,914",6.929804128,50.93110982,trocken,,Rad
242473,5,3,15,0,2019,Juni,20,Dienstag,Unfall mit Leichtverletzten,Unfall anderer Art,Einbiegen / Kreuzen-Unfall,Tageslicht,1,1,0,0,0,0,"354989,4773","5642766,272",6.936957944,50.9182976,trocken,,"Rad, PKW"
242474,5,3,15,0,2019,Juni,12,Dienstag,Unfall mit Leichtverletzten,Zusammenstoß mit vorausfahrendem / wartendem Fahrzeug,Unfall im Längsverkehr,Tageslicht,0,1,0,0,0,0,"353215,5972","5641509,072",6.912244764,50.90655109,trocken,,PKW
242476,5,3,15,0,2019,Juni,12,Dienstag,Unfall mit Leichtverletzten,Zusammenstoß mit seitlich in gleicher Richtung fahrendem Fahrzeug,Sonstiger Unfall,Tageslicht,1,1,0,0,0,0,"355147,2965","5644058,363",6.938688388,50.929949,trocken,,"Rad, PKW"
242477,5,3,15,0,2019,Juni,16,Dienstag,Unfall mit Leichtverletzten,Zusammenstoß mit einbiegendem / kreuzendem Fahrzeug,Einbiegen / Kreuzen-Unfall,Tageslicht,1,1,0,0,0,0,"355661,7321","5644937,994",6.945655592,50.93798304,trocken,,"Rad, PKW"
242563,5,3,15,0,2019,Juni,7,Dienstag,Unfall mit Leichtverletzten,Zusammenstoß mit seitlich in gleicher Richtung fahrendem Fahrzeug,Unfall im Längsverkehr,Tageslicht,0,1,0,0,0,0,"362239,0658","5646012,077",7.038803505,50.94924502,trocken,,PKW
242616,5,3,15,0,2019,Juni,16,Samstag,Unfall mit Leichtverletzten,Zusammenstoß zwischen Fahrzeug und Fußgänger,Sonstiger Unfall,Tageslicht,0,1,1,0,0,0,"359977,6304","5647450,034",7.006076703,50.96162322,trocken,,"Fuss, PKW"
242617,5,3,15,0,2019,Juni,18,Samstag,Unfall mit Leichtverletzten,Unfall anderer Art,Unfall durch ruhenden Verkehr,Tageslicht,1,1,0,0,0,0,"350670,8394","5644419,527",6.874884807,50.93205308,trocken,,"Rad, PKW"
242619,5,3,15,0,2019,Juni,19,Samstag,Unfall mit Leichtverletzten,Zusammenstoß mit einbiegendem / kreuzendem Fahrzeug,Einbiegen / Kreuzen-Unfall,Tageslicht,0,1,0,0,0,0,"349169,6137","5643269,36",6.854012497,50.92132672,trocken,,PKW
242620,5,3,15,0,2019,Juni,15,Samstag,Unfall mit Leichtverletzten,Zusammenstoß mit anfahrendem/ anhaltendem/ruhendem Fahrzeug,Unfall durch ruhenden Verkehr,Tageslicht,1,1,0,0,0,0,"354695,2499","5646862,731",6.931141405,50.95503738,trocken,,"Rad, PKW"
242622,5,3,15,0,2019,Juni,20,Samstag,Unfall mit Leichtverletzten,Zusammenstoß mit einbiegendem / kreuzendem Fahrzeug,Einbiegen / Kreuzen-Unfall,Tageslicht,1,0,0,0,0,0,"355243,3302","5643680,091",6.940204243,50.92657365,trocken,,Rad
242698,5,3,15,0,2019,Juni,14,Freitag,Unfall mit Leichtverletzten,Zusammenstoß mit einbiegendem / kreuzendem Fahrzeug,Einbiegen / Kreuzen-Unfall,Tageslicht,1,1,0,0,0,0,"360341,84","5641490,896",7.01354347,50.90815574,nass/feucht,,"Rad, PKW"
242699,5,3,15,0,2019,Juni,1,Freitag,Unfall mit Leichtverletzten,Zusammenstoß mit einbiegendem / kreuzendem Fahrzeug,Abbiegeunfall,Dunkelheit,1,1,0,0,0,0,"359820,3088","5645681,628",7.004518865,50.9456921,trocken,,"Rad, PKW"
242700,5,3,15,0,2019,Juni,22,Freitag,Unfall mit Leichtverletzten,Zusammenstoß mit seitlich in gleicher Richtung fahrendem Fahrzeug,Unfall im Längsverkehr,Dunkelheit,1,0,0,0,0,0,"364401,5668","5649871,091",7.068131961,50.98444045,trocken,,Rad
242701,5,3,15,0,2019,Juni,15,Freitag,Unfall mit Leichtverletzten,Zusammenstoß mit anfahrendem/ anhaltendem/ruhendem Fahrzeug,Fahrunfall,Tageslicht,1,1,0,0,0,0,"355020,6556","5643950,014",6.936930578,50.92894346,nass/feucht,,"Rad, PKW"
242785,5,3,15,0,2019,Juni,18,Donnerstag,Unfall mit Leichtverletzten,Unfall anderer Art,Unfall im Längsverkehr,Tageslicht,0,1,0,0,0,1,"365155,296","5636459,177",7.083823691,50.86407697,trocken,,"PKW, Sonstige"
242787,5,3,15,0,2019,Juni,19,Donnerstag,Unfall mit Schwerverletzten,Zusammenstoß zwischen Fahrzeug und Fußgänger,Überschreiten-Unfall,Tageslicht,0,0,1,1,0,0,"359286,8282","5651499,607",6.994678416,50.99784853,nass/feucht,,"Fuss, Krad"
242788,5,3,15,0,2019,Juni,1,Donnerstag,Unfall mit Schwerverletzten,Zusammenstoß mit anfahrendem/ anhaltendem/ruhendem Fahrzeug,Sonstiger Unfall,Dunkelheit,0,1,0,0,0,0,360903,"5648337,808",7.018906089,50.96982594,trocken,,PKW
242789,5,3,15,0,2019,Juni,6,Donnerstag,Unfall mit Leichtverletzten,Zusammenstoß mit entgegenkommendem Fahrzeug,Abbiegeunfall,Tageslicht,1,0,0,0,0,0,"353363,538","5650364,735",6.910781816,50.98617107,trocken,,Rad
242790,5,3,15,0,2019,Juni,13,Donnerstag,Unfall mit Leichtverletzten,Zusammenstoß zwischen Fahrzeug und Fußgänger,Überschreiten-Unfall,Tageslicht,1,0,1,0,0,0,"355576,649","5648644,294",6.942974965,50.97126941,trocken,,"Rad, Fuss"
242791,5,3,15,0,2019,Juni,14,Donnerstag,Unfall mit Leichtverletzten,Unfall anderer Art,Unfall durch ruhenden Verkehr,Tageslicht,0,1,0,0,0,1,"357302,2644","5641493,894",6.970336957,50.90743931,trocken,,"PKW, Sonstige"
242792,5,3,15,0,2019,Juni,8,Donnerstag,Unfall mit Leichtverletzten,Unfall anderer Art,Fahrunfall,Tageslicht,1,0,0,0,0,0,"354655,3642","5643385,289",6.931961185,50.9237765,trocken,,Rad
242793,5,3,15,0,2019,Juni,18,Donnerstag,Unfall mit Leichtverletzten,Zusammenstoß mit seitlich in gleicher Richtung fahrendem Fahrzeug,Abbiegeunfall,Tageslicht,1,1,0,0,0,0,"355504,383","5643362,279",6.944042244,50.92378297,trocken,,"Rad, PKW"
242794,5,3,15,0,2019,Juni,9,Donnerstag,Unfall mit Leichtverletzten,Zusammenstoß mit anfahrendem/ anhaltendem/ruhendem Fahrzeug,Unfall durch ruhenden Verkehr,Tageslicht,1,1,0,0,0,0,"356367,2469","5645331,976",6.955534898,50.94169986,trocken,,"Rad, PKW"
242795,5,3,15,0,2019,Juni,7,Donnerstag,Unfall mit Leichtverletzten,Unfall anderer Art,Unfall durch ruhenden Verkehr,Tageslicht,1,0,0,0,0,1,"355568,3361","5645184,113",6.944229648,50.94017147,trocken,,"Rad, Sonstige"
242796,5,3,15,0,2019,Juni,19,Donnerstag,Unfall mit Leichtverletzten,Zusammenstoß mit seitlich in gleicher Richtung fahrendem Fahrzeug,Unfall im Längsverkehr,Tageslicht,0,1,0,0,0,0,"356159,3707","5644964,601",6.952723059,50.9383465,trocken,,PKW
242925,5,3,15,0,2019,Juni,18,Dienstag,Unfall mit Leichtverletzten,Zusammenstoß zwischen Fahrzeug und Fußgänger,Überschreiten-Unfall,Tageslicht,0,1,1,0,0,0,"355491,2087","5644037,212",6.943587407,50.92984517,trocken,,"Fuss, PKW"
242926,5,3,15,0,2019,Juni,9,Dienstag,Unfall mit Leichtverletzten,Zusammenstoß mit einbiegendem / kreuzendem Fahrzeug,Einbiegen / Kreuzen-Unfall,Tageslicht,1,1,0,0,0,0,"366179,52","5637457,287",7.09800442,50.8732857,trocken,,"Rad, PKW"
242928,5,3,15,0,2019,Juni,15,Dienstag,Unfall mit Leichtverletzten,Unfall anderer Art,Sonstiger Unfall,Tageslicht,1,0,0,0,0,0,"350057,3616","5645115,163",6.865874595,50.93814516,trocken,,Rad
242929,5,3,15,0,2019,Juni,7,Dienstag,Unfall mit Leichtverletzten,Zusammenstoß mit einbiegendem / kreuzendem Fahrzeug,Abbiegeunfall,Tageslicht,0,1,0,1,0,0,"350306,9749","5644453,202",6.869696614,50.93226138,trocken,,"Krad, PKW"
242930,5,3,15,0,2019,Juni,10,Dienstag,Unfall mit Leichtverletzten,Zusammenstoß mit einbiegendem / kreuzendem Fahrzeug,Abbiegeunfall,Tageslicht,0,1,1,0,0,0,"355289,789","5641931,039",6.941558763,50.9108669,trocken,,"Fuss, PKW"
242931,5,3,15,0,2019,Juni,8,Dienstag,Unfall mit Leichtverletzten,Unfall anderer Art,Sonstiger Unfall,Tageslicht,1,1,0,0,0,0,"355772,6771","5644599,299",6.947367629,50.934967,trocken,,"Rad, PKW"
242932,5,3,15,0,2019,Juni,7,Dienstag,Unfall mit Leichtverletzten,Zusammenstoß mit einbiegendem / kreuzendem Fahrzeug,Einbiegen / Kreuzen-Unfall,Tageslicht,1,0,0,0,0,1,"356178,82","5646052,077",6.95257031,50.94812432,trocken,,"Rad, Sonstige"
243022,5,3,15,0,2019,Juni,16,Montag,Unfall mit Leichtverletzten,Unfall anderer Art,Sonstiger Unfall,Tageslicht,1,0,0,0,0,0,"361870,0358","5636681,655",7.037084268,50.86530092,trocken,,Rad
243023,5,3,15,0,2019,Juni,19,Montag,Unfall mit Leichtverletzten,Zusammenstoß zwischen Fahrzeug und Fußgänger,Sonstiger Unfall,Tageslicht,0,1,1,0,0,0,"363030,6438","5646045,247",7.050053115,50.94973177,trocken,,"Fuss, PKW"
243024,5,3,15,0,2019,Juni,17,Montag,Unfall mit Leichtverletzten,Zusammenstoß mit entgegenkommendem Fahrzeug,Abbiegeunfall,Tageslicht,0,1,0,1,0,0,"355289,789","5641931,039",6.941558763,50.9108669,trocken,,"Krad, PKW"
243061,5,3,15,0,2019,Juni,7,Mittwoch,Unfall mit Leichtverletzten,Zusammenstoß mit einbiegendem / kreuzendem Fahrzeug,Abbiegeunfall,Tageslicht,0,1,0,0,0,1,"366941,5391","5635534,149",7.1095281,50.85617684,trocken,,"PKW, Sonstige"
243064,5,3,15,0,2019,Juni,11,Mittwoch,Unfall mit Leichtverletzten,Zusammenstoß mit anfahrendem/ anhaltendem/ruhendem Fahrzeug,Einbiegen / Kreuzen-Unfall,Tageslicht,1,1,0,0,0,0,"348249,9608","5644654,717",6.840361125,50.93353471,trocken,,"Rad, PKW"
243073,5,3,15,0,2019,Juni,12,Mittwoch,Unfall mit Leichtverletzten,Unfall anderer Art,Unfall durch ruhenden Verkehr,Tageslicht,0,1,0,1,0,0,"355271,7532","5642007,962",6.941271879,50.91155367,trocken,,"Krad, PKW"
243085,5,3,15,0,2019,Juni,11,Sonntag,Unfall mit Leichtverletzten,Zusammenstoß mit einbiegendem / kreuzendem Fahrzeug,Einbiegen / Kreuzen-Unfall,Tageslicht,0,1,0,0,0,0,"364635,6054","5639700,932",7.075242894,50.89309116,trocken,,PKW
243086,5,3,15,0,2019,Juni,13,Sonntag,Unfall mit Schwerverletzten,Abkommen von Fahrbahn nach rechts,Fahrunfall,Tageslicht,1,0,0,0,0,0,"359573,2296","5645042,079",7.001250494,50.93988426,trocken,,Rad
243087,5,3,15,0,2019,Juni,16,Sonntag,Unfall mit Leichtverletzten,Aufprall auf Fahrbahnhindernis,Fahrunfall,Tageslicht,0,1,0,0,0,0,"356026,6196","5653858,181",6.947312588,51.0182379,trocken,,PKW
243088,5,3,15,0,2019,Juni,12,Sonntag,Unfall mit Leichtverletzten,Zusammenstoß mit seitlich in gleicher Richtung fahrendem Fahrzeug,Abbiegeunfall,Tageslicht,0,1,0,1,0,0,"353023,451","5646124,888",6.907652963,50.94798277,trocken,,"Krad, PKW"
243089,5,3,15,0,2019,Juni,17,Sonntag,Unfall mit Leichtverletzten,Zusammenstoß mit vorausfahrendem / wartendem Fahrzeug,Sonstiger Unfall,Tageslicht,0,1,0,1,0,0,"353669,1813","5643822,616",6.917763626,50.92745733,trocken,,"Krad, PKW"
243090,5,3,15,0,2019,Juni,1,Sonntag,Unfall mit Leichtverletzten,Unfall anderer Art,Sonstiger Unfall,Dunkelheit,1,0,0,0,0,0,"356608,601","5642912,484",6.959919787,50.9200162,trocken,,Rad
243091,5,3,15,0,2019,Juni,0,Sonntag,Unfall mit Leichtverletzten,Aufprall auf Fahrbahnhindernis,Fahrunfall,Dunkelheit,1,0,0,0,0,0,"354897,1977","5645163,275",6.93469191,50.9398157,trocken,,Rad
243197,5,3,15,0,2019,Juni,14,Freitag,Unfall mit Schwerverletzten,Zusammenstoß zwischen Fahrzeug und Fußgänger,Überschreiten-Unfall,Tageslicht,0,1,1,0,0,0,"359245,4785","5643947,937",6.997011134,50.92997119,trocken,,"Fuss, PKW"
243198,5,3,15,0,2019,Juni,15,Freitag,Unfall mit Leichtverletzten,Zusammenstoß mit anfahrendem/ anhaltendem/ruhendem Fahrzeug,Unfall durch ruhenden Verkehr,Tageslicht,0,1,0,0,0,0,"360277,9718","5648024,736",7.010130097,50.96686105,trocken,,PKW
243199,5,3,15,0,2019,Juni,19,Freitag,Unfall mit Leichtverletzten,Zusammenstoß mit anfahrendem/ anhaltendem/ruhendem Fahrzeug,Unfall im Längsverkehr,Tageslicht,0,1,0,0,0,0,"356066,123","5651134,596",6.948955513,50.99377169,trocken,,PKW
243200,5,3,15,0,2019,Juni,11,Freitag,Unfall mit Leichtverletzten,Zusammenstoß zwischen Fahrzeug und Fußgänger,Sonstiger Unfall,Tageslicht,0,1,1,0,0,0,"353212,4324","5646854,052",6.910047398,50.95458362,trocken,,"Fuss, PKW"
243201,5,3,15,0,2019,Juni,20,Freitag,Unfall mit Schwerverletzten,Unfall anderer Art,Sonstiger Unfall,Tageslicht,1,0,0,0,0,0,"351045,992","5646089,247",6.879537063,50.94715491,trocken,,Rad
243202,5,3,15,0,2019,Juni,17,Freitag,Unfall mit Leichtverletzten,Zusammenstoß mit einbiegendem / kreuzendem Fahrzeug,Einbiegen / Kreuzen-Unfall,Tageslicht,0,1,0,1,0,0,"354005,668","5646693,617",6.921397811,50.95334334,trocken,,"Krad, PKW"
243203,5,3,15,0,2019,Juni,10,Freitag,Unfall mit Leichtverletzten,Abkommen von Fahrbahn nach links,Fahrunfall,Tageslicht,1,0,0,0,0,0,"355538,7794","5644477,154",6.944089522,50.93381076,trocken,,Rad
243204,5,3,15,0,2019,Juni,22,Freitag,Unfall mit Leichtverletzten,Zusammenstoß mit einbiegendem / kreuzendem Fahrzeug,Abbiegeunfall,Dunkelheit,1,0,0,0,0,0,"356392,9944","5645431,733",6.955861811,50.94260277,trocken,,Rad
243291,5,3,15,0,2019,Juni,18,Donnerstag,Unfall mit Leichtverletzten,Zusammenstoß mit anfahrendem/ anhaltendem/ruhendem Fahrzeug,Abbiegeunfall,Tageslicht,0,1,0,1,0,0,"363303,862","5644935,805",7.054356747,50.93982564,trocken,,"Krad, PKW"
243292,5,3,15,0,2019,Juni,9,Donnerstag,Unfall mit Leichtverletzten,Unfall anderer Art,Sonstiger Unfall,Tageslicht,0,0,0,0,1,1,"357538,4451","5644581,682",6.972487866,50.93524757,trocken,,"Gkfz, Sonstige"
243293,5,3,15,0,2019,Juni,17,Donnerstag,Unfall mit Leichtverletzten,Zusammenstoß mit einbiegendem / kreuzendem Fahrzeug,Unfall im Längsverkehr,Tageslicht,1,1,0,0,0,0,"355828,5332","5647222,548",6.947123522,50.9585556,trocken,,"Rad, PKW"
243294,5,3,15,0,2019,Juni,12,Donnerstag,Unfall mit Leichtverletzten,Zusammenstoß mit einbiegendem / kreuzendem Fahrzeug,Einbiegen / Kreuzen-Unfall,Tageslicht,1,1,0,0,0,0,"352496,479","5644627,086",6.900762868,50.93438809,trocken,,"Rad, PKW"
243295,5,3,15,0,2019,Juni,12,Donnerstag,Unfall mit Leichtverletzten,Zusammenstoß zwischen Fahrzeug und Fußgänger,Unfall im Längsverkehr,Tageslicht,1,1,1,0,0,0,"353136,4397","5644098,917",6.910076971,50.92980497,trocken,,"Rad, Fuss, PKW"
243297,5,3,15,0,2019,Juni,16,Donnerstag,Unfall mit Leichtverletzten,Unfall anderer Art,Fahrunfall,Tageslicht,1,0,0,0,0,0,"355266,5585","5641729,99",6.941308281,50.90905428,trocken,,Rad
243369,5,3,15,0,2019,Juni,18,Samstag,Unfall mit Leichtverletzten,Zusammenstoß mit seitlich in gleicher Richtung fahrendem Fahrzeug,Sonstiger Unfall,Tageslicht,1,0,0,0,0,0,"358860,8199","5647935,975",6.989995195,50.96571788,trocken,,Rad