OBJECTID,ULAND,UREGBEZ,UKREIS,UGEMEINDE,UJAHR,UMONAT,USTUNDE,UWOCHENTAG,UKATEGORIE,UART,UTYP1,ULICHTVERH,IstRad,IstPKW,IstFuss,IstKrad,IstGkfz,IstSonstige,LINREFX,LINREFY,XGCSWGS84,YGCSWGS84,USTRZUSTAND,UIDENTSTLAE,Participants
243431,5,3,15,0,2019,Juni,0,Montag,Unfall mit Leichtverletzten,Zusammenstoß zwischen Fahrzeug und Fußgänger,Überschreiten-Unfall,Dunkelheit,0,1,1,0,0,0,"357468,3617","5645674,206",6.971063673,50.94504871,trocken,,"Fuss, PKW"
243432,5,3,15,0,2019,Juni,12,Montag,Unfall mit Leichtverletzten,Unfall anderer Art,Sonstiger Unfall,Tageslicht,0,1,0,1,0,0,"359936,6659","5646009,537",7.006048035,50.94866734,trocken,,"Krad, PKW"
243433,5,3,15,0,2019,Juni,10,Montag,Unfall mit Leichtverletzten,Zusammenstoß mit entgegenkommendem Fahrzeug,Unfall im Längsverkehr,Tageslicht,0,1,0,1,0,0,"349891,6727","5643803,09",6.864058468,50.92631131,trocken,,"Krad, PKW"
243434,5,3,15,0,2019,Juni,23,Montag,Unfall mit Leichtverletzten,Zusammenstoß mit anfahrendem/ anhaltendem/ruhendem Fahrzeug,Unfall durch ruhenden Verkehr,Dunkelheit,0,1,0,0,0,0,"353005,8551","5647501,866",6.906846621,50.96035259,trocken,,PKW
243435,5,3,15,0,2019,Juni,20,Montag,Unfall mit Leichtverletzten,Unfall anderer Art,Unfall im Längsverkehr,Tageslicht,1,0,1,0,0,0,"358956,758","5640121,33",6.994384383,50.8955105,trocken,,"Rad, Fuss"
243436,5,3,15,0,2019,Juni,12,Montag,Unfall mit Leichtverletzten,Zusammenstoß mit einbiegendem / kreuzendem Fahrzeug,Einbiegen / Kreuzen-Unfall,Tageslicht,0,1,0,0,0,0,"359477,198","5639547,478",7.002000903,50.89048006,trocken,,PKW
243437,5,3,15,0,2019,Juni,13,Montag,Unfall mit Leichtverletzten,Unfall anderer Art,Fahrunfall,Tageslicht,1,0,0,0,0,0,"357314,3419","5639837,604",6.97115584,50.8925572,trocken,,Rad
243484,5,3,15,0,2019,Juni,18,Sonntag,Unfall mit Leichtverletzten,Zusammenstoß mit einbiegendem / kreuzendem Fahrzeug,Einbiegen / Kreuzen-Unfall,Tageslicht,1,1,0,0,0,0,"363641,0871","5639373,821",7.061232477,50.88991731,trocken,,"Rad, PKW"
243485,5,3,15,0,2019,Juni,14,Sonntag,Unfall mit Leichtverletzten,Unfall anderer Art,Sonstiger Unfall,Tageslicht,1,0,0,0,0,0,"360644,13","5641644,635",7.017781697,50.90961048,trocken,,Rad
243486,5,3,15,0,2019,Juni,19,Sonntag,Unfall mit Leichtverletzten,Zusammenstoß mit anfahrendem/ anhaltendem/ruhendem Fahrzeug,Sonstiger Unfall,Tageslicht,0,0,0,1,0,0,"357226,3677","5648059,014",6.966685774,50.96642087,trocken,,Krad
243487,5,3,15,0,2019,Juni,14,Sonntag,Unfall mit Leichtverletzten,Unfall anderer Art,Sonstiger Unfall,Tageslicht,0,0,0,1,0,0,"352225,2562","5652192,001",6.893832232,51.0023006,trocken,,Krad
243488,5,3,15,0,2019,Juni,20,Sonntag,Unfall mit Leichtverletzten,Zusammenstoß mit seitlich in gleicher Richtung fahrendem Fahrzeug,Unfall im Längsverkehr,Tageslicht,0,1,0,0,0,0,"356026,5908","5653856,35",6.947312905,51.01822144,trocken,,PKW
243489,5,3,15,0,2019,Juni,16,Sonntag,Unfall mit Leichtverletzten,Zusammenstoß mit anfahrendem/ anhaltendem/ruhendem Fahrzeug,Unfall durch ruhenden Verkehr,Tageslicht,1,1,0,0,0,0,"350290,4886","5648745,106",6.867697348,50.97082564,trocken,,"Rad, PKW"
243490,5,3,15,0,2019,Juni,20,Sonntag,Unfall mit Leichtverletzten,Unfall anderer Art,Sonstiger Unfall,Tageslicht,0,0,0,1,0,0,"353883,0432","5646769,992",6.919622508,50.95399862,trocken,,Krad
243491,5,3,15,0,2019,Juni,11,Sonntag,Unfall mit Leichtverletzten,Zusammenstoß mit vorausfahrendem / wartendem Fahrzeug,Fahrunfall,Tageslicht,0,1,0,0,0,0,"353333,7579","5647965,766",6.911325544,50.96460502,trocken,,PKW
243492,5,3,15,0,2019,Juni,13,Sonntag,Unfall mit Leichtverletzten,Zusammenstoß zwischen Fahrzeug und Fußgänger,Unfall im Längsverkehr,Tageslicht,1,0,1,0,0,0,"359263,112","5636841,65",7.000000547,50.86611011,trocken,,"Rad, Fuss"
243493,5,3,15,0,2019,Juni,17,Sonntag,Unfall mit Leichtverletzten,Unfall anderer Art,Unfall durch ruhenden Verkehr,Tageslicht,0,1,0,0,0,1,"354329,2461","5636672,267",6.930001314,50.86336578,trocken,,"PKW, Sonstige"
243494,5,3,15,0,2019,Juni,15,Sonntag,Unfall mit Leichtverletzten,Unfall anderer Art,Unfall durch ruhenden Verkehr,Tageslicht,1,1,0,0,0,0,"355110,202","5644027,477",6.938173161,50.92966211,trocken,,"Rad, PKW"
243495,5,3,15,0,2019,Juni,18,Sonntag,Unfall mit Leichtverletzten,Unfall anderer Art,Unfall durch ruhenden Verkehr,Tageslicht,1,1,0,0,0,0,"355363,4328","5643932,913",6.941811746,50.92887583,trocken,,"Rad, PKW"
243535,5,3,15,0,2019,Juni,18,Samstag,Unfall mit Leichtverletzten,Unfall anderer Art,Unfall durch ruhenden Verkehr,Tageslicht,1,1,0,0,0,0,"355341,6865","5647296,842",6.940166499,50.95910125,trocken,,"Rad, PKW"
243542,5,3,15,0,2019,Juni,13,Samstag,Unfall mit Leichtverletzten,Zusammenstoß mit anfahrendem/ anhaltendem/ruhendem Fahrzeug,Sonstiger Unfall,Tageslicht,0,0,0,0,0,1,"350919,2097","5645662,304",6.877908311,50.94328546,trocken,,Sonstige
243550,5,3,15,0,2019,Juni,12,Samstag,Unfall mit Leichtverletzten,Zusammenstoß mit einbiegendem / kreuzendem Fahrzeug,Unfall durch ruhenden Verkehr,Tageslicht,0,1,0,0,0,1,"353050,8311","5645644,749",6.908236197,50.94367494,trocken,,"PKW, Sonstige"
243556,5,3,15,0,2019,Juni,3,Samstag,Unfall mit Schwerverletzten,Zusammenstoß mit anfahrendem/ anhaltendem/ruhendem Fahrzeug,Fahrunfall,Dunkelheit,1,1,0,0,0,0,"353285,5423","5646341,875",6.911293994,50.94999951,trocken,,"Rad, PKW"
243560,5,3,15,0,2019,Juni,15,Samstag,Unfall mit Leichtverletzten,Zusammenstoß mit einbiegendem / kreuzendem Fahrzeug,Einbiegen / Kreuzen-Unfall,Tageslicht,0,1,0,1,0,0,"356275,6304","5641013,417",6.955933686,50.90286662,trocken,,"Krad, PKW"
243564,5,3,15,0,2019,Juni,20,Samstag,Unfall mit Leichtverletzten,Unfall anderer Art,Fahrunfall,Dämmerung,1,0,0,0,0,0,"352855,6538","5641476,701",6.907141883,50.90616855,trocken,,Rad
243567,5,3,15,0,2019,Juni,19,Samstag,Unfall mit Leichtverletzten,Zusammenstoß mit einbiegendem / kreuzendem Fahrzeug,Einbiegen / Kreuzen-Unfall,Tageslicht,0,1,0,1,0,0,"357621,1266","5637814,27",6.976303294,50.87444908,trocken,,"Krad, PKW"
243598,5,3,15,0,2019,Juni,20,Samstag,Unfall mit Schwerverletzten,Zusammenstoß mit entgegenkommendem Fahrzeug,Sonstiger Unfall,Tageslicht,0,1,0,0,0,0,"364037,8914","5644979,414",7.064781776,50.94039112,trocken,,PKW
243599,5,3,15,0,2019,Juni,9,Samstag,Unfall mit Leichtverletzten,Zusammenstoß mit entgegenkommendem Fahrzeug,Abbiegeunfall,Tageslicht,0,1,0,1,0,0,"359025,1962","5644075,915",6.993828992,50.93106755,trocken,,"Krad, PKW"
243600,5,3,15,0,2019,Juni,11,Samstag,Unfall mit Leichtverletzten,Zusammenstoß mit entgegenkommendem Fahrzeug,Unfall im Längsverkehr,Tageslicht,0,1,0,0,0,1,"360237,4617","5649625,241",7.00893834,50.98123513,trocken,,"PKW, Sonstige"
243638,5,3,15,0,2019,Juli,13,Donnerstag,Unfall mit Schwerverletzten,Zusammenstoß zwischen Fahrzeug und Fußgänger,Überschreiten-Unfall,Tageslicht,0,0,1,0,0,1,"358239,7187","5644339,904",6.982555805,50.93324751,trocken,,"Fuss, Sonstige"
243639,5,3,15,0,2019,Juli,21,Donnerstag,Unfall mit Leichtverletzten,Zusammenstoß mit entgegenkommendem Fahrzeug,Sonstiger Unfall,Tageslicht,0,1,0,0,0,0,"364875,7719","5648727,609",7.075308943,50.97427496,trocken,,PKW
243640,5,3,15,0,2019,Juli,13,Donnerstag,Unfall mit Leichtverletzten,Zusammenstoß mit einbiegendem / kreuzendem Fahrzeug,Einbiegen / Kreuzen-Unfall,Tageslicht,0,1,0,0,1,0,"356760,999","5641899,1",6.962484418,50.91094684,trocken,,"PKW, Gkfz"
243739,5,3,15,0,2019,Juli,16,Mittwoch,Unfall mit Leichtverletzten,Zusammenstoß mit einbiegendem / kreuzendem Fahrzeug,Unfall durch ruhenden Verkehr,Tageslicht,0,1,0,0,0,0,"363526,3417","5644138,498",7.057820045,50.9327126,trocken,,PKW
243740,5,3,15,0,2019,Juli,14,Mittwoch,Unfall mit Leichtverletzten,Zusammenstoß mit einbiegendem / kreuzendem Fahrzeug,Einbiegen / Kreuzen-Unfall,Tageslicht,1,1,0,0,0,0,"359949,2997","5645374,913",7.00647182,50.94296696,trocken,,"Rad, PKW"
243741,5,3,15,0,2019,Juli,8,Mittwoch,Unfall mit Leichtverletzten,Zusammenstoß mit einbiegendem / kreuzendem Fahrzeug,Einbiegen / Kreuzen-Unfall,Tageslicht,1,1,0,0,0,0,"354696,7862","5646211,932",6.931423007,50.94918923,trocken,,"Rad, PKW"
243742,5,3,15,0,2019,Juli,17,Mittwoch,Unfall mit Leichtverletzten,Unfall anderer Art,Einbiegen / Kreuzen-Unfall,Tageslicht,1,1,0,0,0,0,"354535,5985","5645320,276",6.929486019,50.94113552,trocken,,"Rad, PKW"
243743,5,3,15,0,2019,Juli,17,Mittwoch,Unfall mit Leichtverletzten,Zusammenstoß mit anfahrendem/ anhaltendem/ruhendem Fahrzeug,Unfall im Längsverkehr,Tageslicht,0,1,0,0,0,1,"356116,2864","5640735,922",6.953778374,50.90033311,trocken,,"PKW, Sonstige"
243744,5,3,15,0,2019,Juli,11,Mittwoch,Unfall mit Leichtverletzten,Unfall anderer Art,Fahrunfall,Tageslicht,1,0,0,0,0,0,"355257,5803","5642310,094",6.940950561,50.91426532,trocken,,Rad
243745,5,3,15,0,2019,Juli,20,Mittwoch,Unfall mit Leichtverletzten,Zusammenstoß mit seitlich in gleicher Richtung fahrendem Fahrzeug,Unfall im Längsverkehr,Tageslicht,1,0,0,0,0,0,"354997,3146","5643906,737",6.936615878,50.92854868,trocken,,Rad
243841,5,3,15,0,2019,Juli,20,Dienstag,Unfall mit Leichtverletzten,Zusammenstoß zwischen Fahrzeug und Fußgänger,Überschreiten-Unfall,Tageslicht,1,0,1,0,0,0,"358009,1649","5642489,304",6.979997531,50.91655942,trocken,,"Rad, Fuss"
243842,5,3,15,0,2019,Juli,14,Dienstag,Unfall mit Leichtverletzten,Unfall anderer Art,Sonstiger Unfall,Tageslicht,0,0,0,0,0,1,"360851,8598","5644911,685",7.019487865,50.93902237,trocken,,Sonstige
243843,5,3,15,0,2019,Juli,13,Dienstag,Unfall mit Leichtverletzten,Zusammenstoß mit seitlich in gleicher Richtung fahrendem Fahrzeug,Abbiegeunfall,Tageslicht,0,1,0,0,0,0,"359504,9727","5650167,006",6.998300623,50.98592572,trocken,,PKW
243844,5,3,15,0,2019,Juli,18,Dienstag,Unfall mit Schwerverletzten,Unfall anderer Art,Sonstiger Unfall,Tageslicht,0,1,1,0,0,0,"356912,4949","5650397,589",6.961298343,50.98735939,trocken,,"Fuss, PKW"
243845,5,3,15,0,2019,Juli,15,Dienstag,Unfall mit Leichtverletzten,Zusammenstoß mit anfahrendem/ anhaltendem/ruhendem Fahrzeug,Einbiegen / Kreuzen-Unfall,Tageslicht,1,0,0,0,0,1,"352520,5485","5652769,116",6.89780338,51.00756258,trocken,,"Rad, Sonstige"
243846,5,3,15,0,2019,Juli,12,Dienstag,Unfall mit Leichtverletzten,Zusammenstoß mit entgegenkommendem Fahrzeug,Abbiegeunfall,Tageslicht,0,1,0,1,0,0,"352335,046","5646674,244",6.897637125,50.95274364,trocken,,"Krad, PKW"
243847,5,3,15,0,2019,Juli,11,Dienstag,Unfall mit Leichtverletzten,Zusammenstoß mit einbiegendem / kreuzendem Fahrzeug,Einbiegen / Kreuzen-Unfall,Tageslicht,1,0,0,0,0,0,"352372,5009","5648223,017",6.89754171,50.96667129,trocken,,Rad
243848,5,3,15,0,2019,Juli,10,Dienstag,Unfall mit Leichtverletzten,Zusammenstoß mit einbiegendem / kreuzendem Fahrzeug,Einbiegen / Kreuzen-Unfall,Tageslicht,1,1,0,0,0,0,"356390,6063","5644342,952",6.95625697,50.93281744,trocken,,"Rad, PKW"
243849,5,3,15,0,2019,Juli,22,Dienstag,Unfall mit Leichtverletzten,Zusammenstoß mit einbiegendem / kreuzendem Fahrzeug,Einbiegen / Kreuzen-Unfall,Tageslicht,0,1,0,0,0,1,"356685,6196","5645460,519",6.960012959,50.94293428,trocken,,"PKW, Sonstige"
243850,5,3,15,0,2019,Juli,12,Dienstag,Unfall mit Leichtverletzten,Unfall anderer Art,Fahrunfall,Tageslicht,1,0,0,0,0,0,"355474,3268","5644326,485",6.943232639,50.93244059,trocken,,Rad
243870,5,3,15,0,2019,Juli,17,Sonntag,Unfall mit Leichtverletzten,Unfall anderer Art,Unfall durch ruhenden Verkehr,Tageslicht,1,1,0,0,0,0,"353703,825","5645956,456",6.917399523,50.9466422,trocken,,"Rad, PKW"
243871,5,3,15,0,2019,Juli,9,Sonntag,Unfall mit Getöteten,Zusammenstoß zwischen Fahrzeug und Fußgänger,Überschreiten-Unfall,Tageslicht,0,1,1,0,0,0,"356535,1617","5641871,9",6.959284847,50.9106463,trocken,,"Fuss, PKW"
243872,5,3,15,0,2019,Juli,11,Sonntag,Unfall mit Leichtverletzten,Unfall anderer Art,Einbiegen / Kreuzen-Unfall,Tageslicht,0,1,0,1,0,0,"358460,7455","5637538,36",6.988336089,50.87217567,trocken,,"Krad, PKW"
243873,5,3,15,0,2019,Juli,11,Sonntag,Unfall mit Leichtverletzten,Zusammenstoß zwischen Fahrzeug und Fußgänger,Überschreiten-Unfall,Tageslicht,0,1,1,0,0,0,"357776,8308","5641475,177",6.977089747,50.90738822,trocken,,"Fuss, PKW"
243874,5,3,15,0,2019,Juli,22,Sonntag,Unfall mit Leichtverletzten,Zusammenstoß mit seitlich in gleicher Richtung fahrendem Fahrzeug,Unfall im Längsverkehr,Dämmerung,1,0,0,0,0,0,"354054,5428","5641136,082",6.924318047,50.90341182,trocken,,Rad
243943,5,3,15,0,2019,Juli,21,Samstag,Unfall mit Leichtverletzten,Zusammenstoß mit seitlich in gleicher Richtung fahrendem Fahrzeug,Abbiegeunfall,Tageslicht,1,1,0,0,0,0,"359604,3714","5645808,387",7.001398092,50.94677875,trocken,,"Rad, PKW"
243944,5,3,15,0,2019,Juli,9,Samstag,Unfall mit Leichtverletzten,Zusammenstoß mit anfahrendem/ anhaltendem/ruhendem Fahrzeug,Unfall durch ruhenden Verkehr,Tageslicht,1,1,0,0,0,0,"350705,8723","5645377,355",6.874990571,50.94066959,trocken,,"Rad, PKW"
243945,5,3,15,0,2019,Juli,15,Samstag,Unfall mit Schwerverletzten,Zusammenstoß zwischen Fahrzeug und Fußgänger,Überschreiten-Unfall,Tageslicht,0,0,1,0,0,1,"354879,216","5644800,227",6.934580747,50.93654856,trocken,,"Fuss, Sonstige"
243980,5,3,15,0,2019,Juli,11,Montag,Unfall mit Leichtverletzten,Zusammenstoß mit seitlich in gleicher Richtung fahrendem Fahrzeug,Unfall im Längsverkehr,Tageslicht,0,1,0,0,0,0,"363503,1024","5643333,643",7.057790894,50.92547352,trocken,,PKW
244040,5,3,15,0,2019,Juli,19,Freitag,Unfall mit Leichtverletzten,Zusammenstoß zwischen Fahrzeug und Fußgänger,Überschreiten-Unfall,Tageslicht,1,0,1,0,0,0,"363133,3437","5638868,473",7.054207046,50.88525541,trocken,,"Rad, Fuss"
244041,5,3,15,0,2019,Juli,11,Freitag,Unfall mit Leichtverletzten,Zusammenstoß mit anfahrendem/ anhaltendem/ruhendem Fahrzeug,Unfall im Längsverkehr,Tageslicht,0,1,0,0,0,0,"364310,4166","5638472,975",7.071077799,50.8819785,trocken,,PKW
244043,5,3,15,0,2019,Juli,11,Freitag,Unfall mit Leichtverletzten,Zusammenstoß mit einbiegendem / kreuzendem Fahrzeug,Abbiegeunfall,Tageslicht,1,1,0,0,0,0,"363724,7721","5638764,409",7.062648867,50.88445994,trocken,,"Rad, PKW"
244044,5,3,15,0,2019,Juli,18,Freitag,Unfall mit Leichtverletzten,Zusammenstoß mit vorausfahrendem / wartendem Fahrzeug,Unfall im Längsverkehr,Tageslicht,0,1,0,1,0,0,"357889,3357","5643518,584",6.977892875,50.92578007,trocken,,"Krad, PKW"
244045,5,3,15,0,2019,Juli,18,Freitag,Unfall mit Leichtverletzten,Zusammenstoß zwischen Fahrzeug und Fußgänger,Überschreiten-Unfall,Tageslicht,0,1,1,0,0,0,"360371,5863","5647021,422",7.011847488,50.95786682,trocken,,"Fuss, PKW"
244046,5,3,15,0,2019,Juli,10,Freitag,Unfall mit Leichtverletzten,Abkommen von Fahrbahn nach rechts,Fahrunfall,Tageslicht,1,0,0,0,0,0,"364884,2637","5648979,09",7.075336367,50.97653713,trocken,,Rad
244047,5,3,15,0,2019,Juli,19,Freitag,Unfall mit Schwerverletzten,Zusammenstoß mit einbiegendem / kreuzendem Fahrzeug,Abbiegeunfall,Tageslicht,0,1,0,1,0,0,"356764,4078","5648938,308",6.95976491,50.97420827,trocken,,"Krad, PKW"
244048,5,3,15,0,2019,Juli,14,Freitag,Unfall mit Leichtverletzten,Unfall anderer Art,Sonstiger Unfall,Tageslicht,0,0,1,0,0,1,"357406,1506","5649210,831",6.968792797,50.97681665,trocken,,"Fuss, Sonstige"
244049,5,3,15,0,2019,Juli,12,Freitag,Unfall mit Leichtverletzten,Unfall anderer Art,Abbiegeunfall,Tageslicht,0,1,1,0,0,0,"358228,297","5648249,896",6.980870868,50.96838377,trocken,,"Fuss, PKW"
244050,5,3,15,0,2019,Juli,7,Freitag,Unfall mit Leichtverletzten,Zusammenstoß mit vorausfahrendem / wartendem Fahrzeug,Unfall im Längsverkehr,Tageslicht,0,1,0,0,0,0,"347763,0208","5646099,933",6.832832602,50.94639333,trocken,,PKW
244051,5,3,15,0,2019,Juli,16,Freitag,Unfall mit Leichtverletzten,Unfall anderer Art,Fahrunfall,Tageslicht,1,0,0,0,0,0,"352468,2782","5647196,03",6.89932116,50.95746679,trocken,,Rad
244052,5,3,15,0,2019,Juli,19,Freitag,Unfall mit Schwerverletzten,Zusammenstoß mit einbiegendem / kreuzendem Fahrzeug,Einbiegen / Kreuzen-Unfall,Tageslicht,1,1,0,0,0,0,"356761,0653","5641898,2",6.962485715,50.91093876,trocken,,"Rad, PKW"
244054,5,3,15,0,2019,Juli,18,Freitag,Unfall mit Leichtverletzten,Zusammenstoß mit anfahrendem/ anhaltendem/ruhendem Fahrzeug,Unfall im Längsverkehr,Tageslicht,0,0,0,1,1,0,"353888,8005","5638937,197",6.922841998,50.88360908,trocken,,"Krad, Gkfz"
244056,5,3,15,0,2019,Juli,18,Freitag,Unfall mit Leichtverletzten,Unfall anderer Art,Einbiegen / Kreuzen-Unfall,Tageslicht,1,1,0,0,0,0,"357435,2649","5637010,966",6.973976432,50.86718391,trocken,,"Rad, PKW"
244057,5,3,15,0,2019,Juli,9,Freitag,Unfall mit Leichtverletzten,Zusammenstoß zwischen Fahrzeug und Fußgänger,Unfall im Längsverkehr,Tageslicht,1,0,1,0,0,0,"356597,1393","5645342,353",6.958800873,50.94185034,trocken,,"Rad, Fuss"
244169,5,3,15,0,2019,Juli,12,Mittwoch,Unfall mit Schwerverletzten,Unfall anderer Art,Unfall im Längsverkehr,Tageslicht,0,1,0,1,0,0,"367636,3884","5638229,885",7.118419251,50.88056518,trocken,,"Krad, PKW"
244170,5,3,15,0,2019,Juli,20,Mittwoch,Unfall mit Leichtverletzten,Abkommen von Fahrbahn nach rechts,Fahrunfall,Tageslicht,0,1,0,0,0,0,"359215,4077","5646974,526",6.995413669,50.95716406,trocken,,PKW
244171,5,3,15,0,2019,Juli,18,Mittwoch,Unfall mit Leichtverletzten,Zusammenstoß mit einbiegendem / kreuzendem Fahrzeug,Abbiegeunfall,Tageslicht,1,1,0,0,0,0,"358026,3924","5643598,33",6.979810718,50.9265305,trocken,,"Rad, PKW"
244172,5,3,15,0,2019,Juli,15,Mittwoch,Unfall mit Leichtverletzten,Unfall anderer Art,Fahrunfall,Tageslicht,1,0,0,0,0,0,"357696,6033","5644152,182",6.974904969,50.9314267,trocken,,Rad
244173,5,3,15,0,2019,Juli,20,Mittwoch,Unfall mit Leichtverletzten,Zusammenstoß mit einbiegendem / kreuzendem Fahrzeug,Einbiegen / Kreuzen-Unfall,Tageslicht,0,1,0,0,0,0,"359947,1191","5649023,559",7.005036602,50.97575721,trocken,,PKW
244175,5,3,15,0,2019,Juli,14,Mittwoch,Unfall mit Schwerverletzten,Zusammenstoß zwischen Fahrzeug und Fußgänger,Überschreiten-Unfall,Tageslicht,0,1,1,0,0,0,"362311,9858","5651658,862",7.037702588,51.0000116,trocken,,"Fuss, PKW"
244176,5,3,15,0,2019,Juli,9,Mittwoch,Unfall mit Leichtverletzten,Zusammenstoß zwischen Fahrzeug und Fußgänger,Unfall im Längsverkehr,Tageslicht,1,0,1,0,0,0,"355492,0367","5647289,103",6.942308977,50.95906942,trocken,,"Rad, Fuss"
244177,5,3,15,0,2019,Juli,7,Mittwoch,Unfall mit Leichtverletzten,Zusammenstoß mit einbiegendem / kreuzendem Fahrzeug,Abbiegeunfall,Tageslicht,1,1,0,0,0,0,"353641,758","5653526,965",6.913468214,51.01465936,trocken,,"Rad, PKW"
244178,5,3,15,0,2019,Juli,20,Mittwoch,Unfall mit Leichtverletzten,Unfall anderer Art,Fahrunfall,Tageslicht,1,0,0,0,0,0,"353028,722","5646389,645",6.907621085,50.95036337,trocken,,Rad
244179,5,3,15,0,2019,Juli,20,Mittwoch,Unfall mit Leichtverletzten,Zusammenstoß mit einbiegendem / kreuzendem Fahrzeug,Einbiegen / Kreuzen-Unfall,Tageslicht,1,1,0,0,0,0,"354530,2902","5646962,251",6.928754567,50.95589012,trocken,,"Rad, PKW"
244180,5,3,15,0,2019,Juli,8,Mittwoch,Unfall mit Schwerverletzten,Zusammenstoß mit anfahrendem/ anhaltendem/ruhendem Fahrzeug,Unfall durch ruhenden Verkehr,Tageslicht,1,1,0,0,0,0,"350638,8292","5647391,48",6.873210811,50.95875192,trocken,,"Rad, PKW"
244181,5,3,15,0,2019,Juli,11,Mittwoch,Unfall mit Schwerverletzten,Zusammenstoß mit einbiegendem / kreuzendem Fahrzeug,Abbiegeunfall,Tageslicht,1,1,0,0,0,0,"352337,443","5645926,659",6.897974394,50.94602606,trocken,,"Rad, PKW"
244182,5,3,15,0,2019,Juli,16,Mittwoch,Unfall mit Leichtverletzten,Zusammenstoß mit anfahrendem/ anhaltendem/ruhendem Fahrzeug,Unfall durch ruhenden Verkehr,Tageslicht,0,1,0,0,0,0,"353683,0959","5644298,249",6.917770576,50.93173522,trocken,,PKW
244183,5,3,15,0,2019,Juli,7,Mittwoch,Unfall mit Schwerverletzten,Zusammenstoß mit einbiegendem / kreuzendem Fahrzeug,Fahrunfall,Tageslicht,1,1,0,0,0,0,"353599,011","5642218,956",6.917409534,50.91302796,trocken,,"Rad, PKW"
244184,5,3,15,0,2019,Juli,16,Mittwoch,Unfall mit Leichtverletzten,Zusammenstoß mit entgegenkommendem Fahrzeug,Abbiegeunfall,Tageslicht,1,1,0,0,0,0,"355832,248","5646065,812",6.947634474,50.94816118,trocken,,"Rad, PKW"
244185,5,3,15,0,2019,Juli,17,Mittwoch,Unfall mit Leichtverletzten,Unfall anderer Art,Fahrunfall,Tageslicht,0,0,0,1,0,0,"356443,36","5645840,214",6.956417239,50.94628628,trocken,,Krad
244263,5,3,15,0,2019,Juli,11,Dienstag,Unfall mit Leichtverletzten,Zusammenstoß mit anfahrendem/ anhaltendem/ruhendem Fahrzeug,Sonstiger Unfall,Tageslicht,0,1,0,0,0,0,"367303,0468","5638392,048",7.113624591,50.8819462,nass/feucht,,PKW
244264,5,3,15,0,2019,Juli,20,Dienstag,Unfall mit Leichtverletzten,Unfall anderer Art,Fahrunfall,Tageslicht,1,0,0,0,0,0,"359887,9276","5647605,101",7.004740447,50.96299501,trocken,,Rad
244265,5,3,15,0,2019,Juli,20,Dienstag,Unfall mit Leichtverletzten,Zusammenstoß mit vorausfahrendem / wartendem Fahrzeug,Unfall im Längsverkehr,Tageslicht,1,1,0,0,0,0,"360361,06","5647000,025",7.011705912,50.95767197,trocken,,"Rad, PKW"
244266,5,3,15,0,2019,Juli,9,Dienstag,Unfall mit Schwerverletzten,Unfall anderer Art,Fahrunfall,Tageslicht,1,0,0,0,0,0,"349224,2422","5658097,723",6.84863556,51.05459152,trocken,,Rad
244267,5,3,15,0,2019,Juli,8,Dienstag,Unfall mit Leichtverletzten,Unfall anderer Art,Unfall im Längsverkehr,Tageslicht,0,1,1,0,0,0,"353779,0004","5648073,628",6.917618406,50.96568751,trocken,,"Fuss, PKW"
244269,5,3,15,0,2019,Juli,16,Dienstag,Unfall mit Schwerverletzten,Zusammenstoß mit einbiegendem / kreuzendem Fahrzeug,Einbiegen / Kreuzen-Unfall,Tageslicht,1,1,0,0,0,0,"355822,3577","5645259,533",6.947812939,50.94091283,trocken,,"Rad, PKW"
244270,5,3,15,0,2019,Juli,7,Dienstag,Unfall mit Leichtverletzten,Unfall anderer Art,Fahrunfall,Tageslicht,1,0,0,0,0,0,"356651,4422","5645583,773",6.95947829,50.94403345,trocken,,Rad
244271,5,3,15,0,2019,Juli,9,Dienstag,Unfall mit Leichtverletzten,Unfall anderer Art,Fahrunfall,Tageslicht,0,0,0,1,0,0,"355736,4544","5643634,541",6.947234288,50.92628783,nass/feucht,,Krad
244335,5,3,15,0,2019,Juli,16,Montag,Unfall mit Leichtverletzten,Zusammenstoß zwischen Fahrzeug und Fußgänger,Sonstiger Unfall,Tageslicht,0,0,1,0,0,1,"363420,7844","5637979,694",7.058623084,50.87733553,trocken,,"Fuss, Sonstige"
244336,5,3,15,0,2019,Juli,23,Montag,Unfall mit Schwerverletzten,Zusammenstoß mit einbiegendem / kreuzendem Fahrzeug,Einbiegen / Kreuzen-Unfall,Dunkelheit,1,0,0,0,0,0,"356148,03","5646503,145",6.951954076,50.9521703,trocken,,Rad
244337,5,3,15,0,2019,Juli,18,Montag,Unfall mit Leichtverletzten,Zusammenstoß zwischen Fahrzeug und Fußgänger,Sonstiger Unfall,Tageslicht,0,1,1,0,0,0,"354419,1872","5653754,321",6.924452456,51.01689984,trocken,,"Fuss, PKW"
244338,5,3,15,0,2019,Juli,2,Montag,Unfall mit Leichtverletzten,Zusammenstoß zwischen Fahrzeug und Fußgänger,Sonstiger Unfall,Dunkelheit,0,1,1,0,0,0,"354241,6071","5653685,282",6.921950218,51.01623443,trocken,,"Fuss, PKW"
244339,5,3,15,0,2019,Juli,15,Montag,Unfall mit Leichtverletzten,Unfall anderer Art,Fahrunfall,Tageslicht,1,0,0,0,0,0,"353968,1236","5646716,872",6.920854319,50.95354281,trocken,,Rad
244340,5,3,15,0,2019,Juli,19,Montag,Unfall mit Leichtverletzten,Zusammenstoß mit einbiegendem / kreuzendem Fahrzeug,Abbiegeunfall,Tageslicht,1,1,0,0,0,0,"356705,9443","5641750,871",6.961760021,50.90960104,trocken,,"Rad, PKW"