OBJECTID,ULAND,UREGBEZ,UKREIS,UGEMEINDE,UJAHR,UMONAT,USTUNDE,UWOCHENTAG,UKATEGORIE,UART,UTYP1,ULICHTVERH,IstRad,IstPKW,IstFuss,IstKrad,IstGkfz,IstSonstige,LINREFX,LINREFY,XGCSWGS84,YGCSWGS84,USTRZUSTAND,UIDENTSTLAE,Participants
244341,5,3,15,0,2019,Juli,1,Montag,Unfall mit Leichtverletzten,Zusammenstoß mit einbiegendem / kreuzendem Fahrzeug,Abbiegeunfall,Dunkelheit,1,1,0,0,0,0,"355553,2576","5641224,356",6.945583588,50.90458203,trocken,,"Rad, PKW"
244342,5,3,15,0,2019,Juli,11,Montag,Unfall mit Leichtverletzten,Unfall anderer Art,Fahrunfall,Tageslicht,1,0,0,0,0,0,"356205,9546","5645858,089",6.953032931,50.94638775,trocken,,Rad
244343,5,3,15,0,2019,Juli,2,Montag,Unfall mit Leichtverletzten,Abkommen von Fahrbahn nach rechts,Sonstiger Unfall,Dunkelheit,1,0,0,0,0,0,"356531,6888","5643413,37",6.958629223,50.9244985,trocken,,Rad
244383,5,3,15,0,2019,Juli,14,Sonntag,Unfall mit Leichtverletzten,Zusammenstoß mit anfahrendem/ anhaltendem/ruhendem Fahrzeug,Unfall durch ruhenden Verkehr,Tageslicht,1,1,0,0,0,0,"365595,6754","5643080,793",7.087641368,50.92369232,trocken,,"Rad, PKW"
244384,5,3,15,0,2019,Juli,0,Sonntag,Unfall mit Leichtverletzten,Unfall anderer Art,Fahrunfall,Dunkelheit,0,0,0,1,0,0,"358060,109","5641007,948",6.981297953,50.90325892,nass/feucht,,Krad
244405,5,3,15,0,2019,Juli,0,Montag,Unfall mit Leichtverletzten,Unfall anderer Art,Sonstiger Unfall,Dunkelheit,0,0,0,1,0,0,"356566,34","5644060,241",6.958867436,50.93032048,trocken,,Krad
244447,5,3,15,0,2019,Juli,20,Samstag,Unfall mit Leichtverletzten,Zusammenstoß mit einbiegendem / kreuzendem Fahrzeug,Einbiegen / Kreuzen-Unfall,Tageslicht,0,1,0,0,0,0,"358515,3554","5651685,14",6.983619027,50.99932673,trocken,,PKW
244448,5,3,15,0,2019,Juli,16,Samstag,Unfall mit Leichtverletzten,Zusammenstoß mit vorausfahrendem / wartendem Fahrzeug,Unfall im Längsverkehr,Tageslicht,0,1,0,0,0,0,"353366,832","5650364,27",6.910828902,50.98616773,trocken,,PKW
244449,5,3,15,0,2019,Juli,17,Samstag,Unfall mit Leichtverletzten,Unfall anderer Art,Sonstiger Unfall,Tageslicht,1,0,0,0,0,0,"356498,493","5644596,638",6.9576914,50.93512414,trocken,,Rad
244529,5,3,15,0,2019,Juli,15,Freitag,Unfall mit Leichtverletzten,Zusammenstoß zwischen Fahrzeug und Fußgänger,Sonstiger Unfall,Tageslicht,0,1,1,0,0,0,"356721,4556","5649131,554",6.959077365,50.97593425,trocken,,"Fuss, PKW"
244530,5,3,15,0,2019,Juli,16,Freitag,Unfall mit Schwerverletzten,Unfall anderer Art,Fahrunfall,Tageslicht,1,0,0,0,0,0,"348873,2546","5643182,49",6.84983512,50.92046854,trocken,,Rad
244531,5,3,15,0,2019,Juli,8,Freitag,Unfall mit Leichtverletzten,Zusammenstoß mit einbiegendem / kreuzendem Fahrzeug,Einbiegen / Kreuzen-Unfall,Tageslicht,0,1,0,0,0,0,"353926,369","5636870,4",6.924201293,50.86504472,trocken,,PKW
244532,5,3,15,0,2019,Juli,17,Freitag,Unfall mit Schwerverletzten,Zusammenstoß mit einbiegendem / kreuzendem Fahrzeug,Einbiegen / Kreuzen-Unfall,Tageslicht,0,1,0,1,0,0,"356166,8442","5640328,47",6.954657368,50.89668397,trocken,,"Krad, PKW"
244533,5,3,15,0,2019,Juli,11,Freitag,Unfall mit Leichtverletzten,Unfall anderer Art,Fahrunfall,Tageslicht,0,0,0,0,0,1,"355028,1112","5645378,825",6.936468186,50.94178573,trocken,,Sonstige
244534,5,3,15,0,2019,Juli,2,Freitag,Unfall mit Leichtverletzten,Unfall anderer Art,Sonstiger Unfall,Dunkelheit,0,0,0,0,0,1,"355287,3975","5645231,1",6.940215,50.94052329,trocken,,Sonstige
244604,5,3,15,0,2019,Juli,22,Donnerstag,Unfall mit Leichtverletzten,Zusammenstoß mit vorausfahrendem / wartendem Fahrzeug,Unfall im Längsverkehr,Dunkelheit,0,1,0,0,0,0,"361198,838","5640769,52",7.025999693,50.90187921,trocken,,PKW
244605,5,3,15,0,2019,Juli,17,Donnerstag,Unfall mit Leichtverletzten,Zusammenstoß zwischen Fahrzeug und Fußgänger,Überschreiten-Unfall,Tageslicht,1,0,1,0,0,0,"363341,9168","5641237,992",7.056283835,50.90660081,trocken,,"Rad, Fuss"
244606,5,3,15,0,2019,Juli,11,Donnerstag,Unfall mit Leichtverletzten,Zusammenstoß mit anfahrendem/ anhaltendem/ruhendem Fahrzeug,Unfall im Längsverkehr,Tageslicht,0,1,0,0,0,0,"359413,0933","5643354,241",6.999623738,50.92467645,trocken,,PKW
244608,5,3,15,0,2019,Juli,15,Donnerstag,Unfall mit Leichtverletzten,Unfall anderer Art,Fahrunfall,Tageslicht,1,0,0,0,0,0,"363165,015","5644220,657",7.052650267,50.93336539,trocken,,Rad
244609,5,3,15,0,2019,Juli,14,Donnerstag,Unfall mit Leichtverletzten,Zusammenstoß mit vorausfahrendem / wartendem Fahrzeug,Unfall im Längsverkehr,Tageslicht,1,0,0,0,0,0,"358202,214","5642144,979",6.982875909,50.91351241,trocken,,Rad
244610,5,3,15,0,2019,Juli,17,Donnerstag,Unfall mit Schwerverletzten,Zusammenstoß mit anfahrendem/ anhaltendem/ruhendem Fahrzeug,Unfall durch ruhenden Verkehr,Tageslicht,1,1,0,0,0,0,"358133,9717","5651868,152",6.978115809,51.00087753,trocken,,"Rad, PKW"
244611,5,3,15,0,2019,Juli,17,Donnerstag,Unfall mit Leichtverletzten,Zusammenstoß mit einbiegendem / kreuzendem Fahrzeug,Sonstiger Unfall,Tageslicht,1,1,0,0,0,0,"357680,545","5644391,078",6.974583314,50.9335697,trocken,,"Rad, PKW"
244612,5,3,15,0,2019,Juli,8,Donnerstag,Unfall mit Leichtverletzten,Unfall anderer Art,Fahrunfall,Tageslicht,1,0,0,0,0,0,"359388,2274","5647546,771",6.99765167,50.96234905,trocken,,Rad
244613,5,3,15,0,2019,Juli,20,Donnerstag,Unfall mit Schwerverletzten,Zusammenstoß mit entgegenkommendem Fahrzeug,Einbiegen / Kreuzen-Unfall,Tageslicht,0,1,0,0,0,0,"354064,335","5649461,974",6.921121939,50.9782364,trocken,,PKW
244614,5,3,15,0,2019,Juli,15,Donnerstag,Unfall mit Leichtverletzten,Zusammenstoß mit einbiegendem / kreuzendem Fahrzeug,Unfall durch ruhenden Verkehr,Tageslicht,1,1,0,0,0,0,"356719,511","5648516,773",6.959291927,50.97040883,trocken,,"Rad, PKW"
244615,5,3,15,0,2019,Juli,23,Donnerstag,Unfall mit Schwerverletzten,Aufprall auf Fahrbahnhindernis,Sonstiger Unfall,Dunkelheit,0,0,0,1,0,0,"352626,0809","5647590,548",6.901406706,50.96105252,trocken,,Krad
244616,5,3,15,0,2019,Juli,15,Donnerstag,Unfall mit Leichtverletzten,Zusammenstoß mit seitlich in gleicher Richtung fahrendem Fahrzeug,Abbiegeunfall,Tageslicht,1,0,0,0,0,1,"353032,2243","5645936,001",6.907853999,50.94628756,trocken,,"Rad, Sonstige"
244617,5,3,15,0,2019,Juli,10,Donnerstag,Unfall mit Leichtverletzten,Zusammenstoß mit einbiegendem / kreuzendem Fahrzeug,Einbiegen / Kreuzen-Unfall,Tageslicht,1,0,0,0,0,0,"354679,4447","5646856,027",6.930919203,50.95497315,trocken,,Rad
244618,5,3,15,0,2019,Juli,20,Donnerstag,Unfall mit Leichtverletzten,Zusammenstoß mit anfahrendem/ anhaltendem/ruhendem Fahrzeug,Fahrunfall,Tageslicht,1,0,0,1,0,0,"355293,7735","5641428,718",6.941814565,50.90635362,trocken,,"Rad, Krad"
244619,5,3,15,0,2019,Juli,14,Donnerstag,Unfall mit Leichtverletzten,Unfall anderer Art,Sonstiger Unfall,Tageslicht,0,1,1,0,0,1,"357026,5103","5642371,581",6.966073524,50.91525883,trocken,,"Fuss, PKW, Sonstige"
244620,5,3,15,0,2019,Juli,14,Donnerstag,Unfall mit Leichtverletzten,Unfall anderer Art,Unfall im Längsverkehr,Tageslicht,0,0,0,1,0,0,"356184,2774","5644562,194",6.953236134,50.93473633,trocken,,Krad
244621,5,3,15,0,2019,Juli,21,Donnerstag,Unfall mit Leichtverletzten,Zusammenstoß mit einbiegendem / kreuzendem Fahrzeug,Einbiegen / Kreuzen-Unfall,Tageslicht,1,1,0,0,0,0,"355888,0821","5644644,638",6.94899101,50.9354033,trocken,,"Rad, PKW"
244652,5,3,15,0,2019,Juli,13,Freitag,Unfall mit Leichtverletzten,Zusammenstoß mit entgegenkommendem Fahrzeug,Unfall im Längsverkehr,Tageslicht,0,1,0,0,0,0,"363920,4319","5644474,421",7.063299544,50.93582481,trocken,,PKW
244653,5,3,15,0,2019,Juli,19,Freitag,Unfall mit Schwerverletzten,Zusammenstoß zwischen Fahrzeug und Fußgänger,Sonstiger Unfall,Tageslicht,0,1,1,0,0,0,"362861,3419","5645445,469",7.047870232,50.9443011,trocken,,"Fuss, PKW"
244654,5,3,15,0,2019,Juli,18,Freitag,Unfall mit Leichtverletzten,Unfall anderer Art,Einbiegen / Kreuzen-Unfall,Tageslicht,1,1,0,0,0,0,"357526,5687","5643734,471",6.972650112,50.92763077,trocken,,"Rad, PKW"
244655,5,3,15,0,2019,Juli,7,Freitag,Unfall mit Leichtverletzten,Unfall anderer Art,Überschreiten-Unfall,Tageslicht,1,0,1,0,0,0,"356710,9913","5646426,39",6.95999382,50.95162075,trocken,,"Rad, Fuss"
244656,5,3,15,0,2019,Juli,15,Freitag,Unfall mit Leichtverletzten,Zusammenstoß mit einbiegendem / kreuzendem Fahrzeug,Einbiegen / Kreuzen-Unfall,Tageslicht,1,1,0,0,0,0,"352223,9816","5653550,908",6.89326072,51.01451196,trocken,,"Rad, PKW"
244657,5,3,15,0,2019,Juli,13,Freitag,Unfall mit Leichtverletzten,Zusammenstoß mit einbiegendem / kreuzendem Fahrzeug,Einbiegen / Kreuzen-Unfall,Tageslicht,1,1,0,0,0,0,"351349,307",5646000,6.883888238,50.94643119,trocken,,"Rad, PKW"
244658,5,3,15,0,2019,Juli,11,Freitag,Unfall mit Leichtverletzten,Zusammenstoß mit vorausfahrendem / wartendem Fahrzeug,Einbiegen / Kreuzen-Unfall,Tageslicht,1,1,0,0,0,0,"352930,0491","5648266,052",6.905459029,50.96720063,trocken,,"Rad, PKW"
244659,5,3,15,0,2019,Juli,20,Freitag,Unfall mit Leichtverletzten,Unfall anderer Art,Fahrunfall,Tageslicht,1,0,0,0,0,0,"354803,7979","5643785,433",6.933912365,50.92740987,trocken,,Rad
244660,5,3,15,0,2019,Juli,17,Freitag,Unfall mit Leichtverletzten,Zusammenstoß mit seitlich in gleicher Richtung fahrendem Fahrzeug,Sonstiger Unfall,Tageslicht,1,1,0,0,0,0,"359592,1274","5638994,742",7.003846342,50.88554045,trocken,,"Rad, PKW"
244661,5,3,15,0,2019,Juli,7,Freitag,Unfall mit Leichtverletzten,Zusammenstoß mit einbiegendem / kreuzendem Fahrzeug,Einbiegen / Kreuzen-Unfall,Tageslicht,1,0,0,1,0,0,"352078,887","5642446,799",6.89570853,50.9146879,trocken,,"Rad, Krad"
244662,5,3,15,0,2019,Juli,15,Freitag,Unfall mit Leichtverletzten,Zusammenstoß mit einbiegendem / kreuzendem Fahrzeug,Einbiegen / Kreuzen-Unfall,Tageslicht,1,1,0,0,0,0,"354191,7513","5642822,399",6.925594315,50.91860099,trocken,,"Rad, PKW"
244663,5,3,15,0,2019,Juli,12,Freitag,Unfall mit Leichtverletzten,Unfall anderer Art,Fahrunfall,Tageslicht,1,0,0,0,0,0,"353633,4976","5642833,469",6.917653226,50.91855914,trocken,,Rad
244665,5,3,15,0,2019,Juli,21,Freitag,Unfall mit Schwerverletzten,Unfall anderer Art,Fahrunfall,Dunkelheit,0,0,0,0,0,1,"356595,6988","5644492,328",6.959114938,50.9342109,nass/feucht,,Sonstige
244727,5,3,15,0,2019,Juli,11,Donnerstag,Unfall mit Schwerverletzten,Zusammenstoß mit anfahrendem/ anhaltendem/ruhendem Fahrzeug,Sonstiger Unfall,Tageslicht,0,1,0,0,0,0,"364546,6245","5645198,262",7.071937066,50.94247775,trocken,,PKW
244729,5,3,15,0,2019,Juli,20,Donnerstag,Unfall mit Schwerverletzten,Unfall anderer Art,Fahrunfall,Tageslicht,1,0,0,0,0,0,"366478,625","5647691,516",7.098506614,50.96533683,trocken,,Rad
244730,5,3,15,0,2019,Juli,8,Donnerstag,Unfall mit Leichtverletzten,Unfall anderer Art,Fahrunfall,Tageslicht,1,0,0,0,0,0,"362445,402","5649922,134",7.040260515,50.98443512,trocken,,Rad
244731,5,3,15,0,2019,Juli,20,Donnerstag,Unfall mit Leichtverletzten,Unfall anderer Art,Unfall im Längsverkehr,Tageslicht,1,1,0,0,0,0,"359094,9822","5639705,639",6.996508978,50.89180836,trocken,,"Rad, PKW"
244732,5,3,15,0,2019,Juli,9,Donnerstag,Unfall mit Leichtverletzten,Unfall anderer Art,Fahrunfall,Tageslicht,1,0,0,0,0,0,"352920,203","5643193,59",6.907367228,50.92161405,trocken,,Rad
244734,5,3,15,0,2019,Juli,18,Donnerstag,Unfall mit Leichtverletzten,Zusammenstoß mit einbiegendem / kreuzendem Fahrzeug,Einbiegen / Kreuzen-Unfall,Tageslicht,1,0,0,0,0,1,"356660,4052","5643962,231",6.960243664,50.92946306,trocken,,"Rad, Sonstige"
244784,5,3,15,0,2019,Juli,17,Mittwoch,Unfall mit Leichtverletzten,Zusammenstoß zwischen Fahrzeug und Fußgänger,Überschreiten-Unfall,Tageslicht,0,1,1,0,0,0,"359303,9256","5652997,725",6.994341211,51.01131626,trocken,,"Fuss, PKW"
244785,5,3,15,0,2019,Juli,13,Mittwoch,Unfall mit Leichtverletzten,Zusammenstoß mit einbiegendem / kreuzendem Fahrzeug,Einbiegen / Kreuzen-Unfall,Tageslicht,1,1,0,0,0,0,"357109,8433","5648932,225",6.964684329,50.97423941,trocken,,"Rad, PKW"
244787,5,3,15,0,2019,Juli,16,Mittwoch,Unfall mit Leichtverletzten,Zusammenstoß mit einbiegendem / kreuzendem Fahrzeug,Abbiegeunfall,Tageslicht,1,0,0,1,0,0,"353040,7499","5646559,83",6.907723507,50.95189582,trocken,,"Rad, Krad"
244788,5,3,15,0,2019,Juli,13,Mittwoch,Unfall mit Schwerverletzten,Unfall anderer Art,Abbiegeunfall,Tageslicht,1,1,0,0,0,0,"351772,9418","5650376,167",6.888131349,50.98586645,trocken,,"Rad, PKW"
244789,5,3,15,0,2019,Juli,9,Mittwoch,Unfall mit Leichtverletzten,Unfall anderer Art,Fahrunfall,Tageslicht,1,0,0,0,0,0,"356661,6727","5641677,331",6.961159604,50.90892915,trocken,,Rad
244790,5,3,15,0,2019,Juli,14,Mittwoch,Unfall mit Leichtverletzten,Zusammenstoß mit entgegenkommendem Fahrzeug,Unfall im Längsverkehr,Tageslicht,0,1,0,0,0,1,"359550,648","5636160,026",7.004345672,50.8600541,trocken,,"PKW, Sonstige"
244791,5,3,15,0,2019,Juli,11,Mittwoch,Unfall mit Getöteten,Zusammenstoß mit anfahrendem/ anhaltendem/ruhendem Fahrzeug,Unfall durch ruhenden Verkehr,Tageslicht,0,1,0,1,0,1,"356941,5633","5639540,686",6.965975144,50.88979659,trocken,,"Krad, PKW, Sonstige"
244792,5,3,15,0,2019,Juli,17,Mittwoch,Unfall mit Leichtverletzten,Zusammenstoß mit vorausfahrendem / wartendem Fahrzeug,Unfall im Längsverkehr,Tageslicht,0,1,0,0,0,0,"356171,5217","5645432,215",6.952711273,50.9425519,trocken,,PKW
244793,5,3,15,0,2019,Juli,9,Mittwoch,Unfall mit Leichtverletzten,Zusammenstoß zwischen Fahrzeug und Fußgänger,Unfall im Längsverkehr,Tageslicht,1,0,1,0,0,0,"356912,9804","5642940,623",6.964236337,50.92034464,trocken,,"Rad, Fuss"
244850,5,3,15,0,2019,Juli,15,Dienstag,Unfall mit Leichtverletzten,Unfall anderer Art,Unfall im Längsverkehr,Tageslicht,0,0,0,1,0,0,"352768,8487","5646703,198",6.903797205,50.95311481,trocken,,Krad
244851,5,3,15,0,2019,Juli,19,Dienstag,Unfall mit Leichtverletzten,Zusammenstoß zwischen Fahrzeug und Fußgänger,Sonstiger Unfall,Tageslicht,1,0,1,0,0,0,"356656,419","5641668,321",6.961088465,50.90884688,trocken,,"Rad, Fuss"
244853,5,3,15,0,2019,Juli,9,Dienstag,Unfall mit Leichtverletzten,Unfall anderer Art,Sonstiger Unfall,Tageslicht,1,0,0,0,0,1,"353967,7084","5644710,226",6.921652957,50.93550966,trocken,,"Rad, Sonstige"
244932,5,3,15,0,2019,Juli,8,Dienstag,Unfall mit Leichtverletzten,Unfall anderer Art,Einbiegen / Kreuzen-Unfall,Tageslicht,0,1,0,1,0,0,"367349,4","5634991,396",7.115516221,50.85139235,trocken,,"Krad, PKW"
244933,5,3,15,0,2019,Juli,12,Dienstag,Unfall mit Leichtverletzten,Zusammenstoß mit vorausfahrendem / wartendem Fahrzeug,Unfall im Längsverkehr,Tageslicht,0,1,0,0,0,0,"364203,3012","5639545,746",7.069157338,50.89159494,trocken,,PKW
244935,5,3,15,0,2019,Juli,18,Dienstag,Unfall mit Leichtverletzten,Zusammenstoß mit vorausfahrendem / wartendem Fahrzeug,Unfall im Längsverkehr,Tageslicht,0,1,0,0,0,0,"359886,4929","5645746,354",7.005435494,50.94628989,trocken,,PKW
244936,5,3,15,0,2019,Juli,18,Dienstag,Unfall mit Leichtverletzten,Zusammenstoß zwischen Fahrzeug und Fußgänger,Abbiegeunfall,Tageslicht,0,1,1,0,0,0,"360681,858","5648996,053",7.015506293,50.97568823,trocken,,"Fuss, PKW"
244938,5,3,15,0,2019,Juli,0,Dienstag,Unfall mit Leichtverletzten,Zusammenstoß mit vorausfahrendem / wartendem Fahrzeug,Abbiegeunfall,Dunkelheit,0,1,0,1,0,0,"360343,4106","5646964,063",7.011468566,50.95734451,trocken,,"Krad, PKW"
244939,5,3,15,0,2019,Juli,13,Dienstag,Unfall mit Leichtverletzten,Zusammenstoß mit einbiegendem / kreuzendem Fahrzeug,Einbiegen / Kreuzen-Unfall,Tageslicht,0,1,0,1,0,0,"355171,9264","5647136,295",6.937814796,50.95761581,trocken,,"Krad, PKW"
244940,5,3,15,0,2019,Juli,17,Dienstag,Unfall mit Leichtverletzten,Zusammenstoß mit anfahrendem/ anhaltendem/ruhendem Fahrzeug,Unfall durch ruhenden Verkehr,Tageslicht,1,0,0,0,0,1,"348374,1128","5648564,403",6.840498473,50.96870054,trocken,,"Rad, Sonstige"
244941,5,3,15,0,2019,Juli,9,Dienstag,Unfall mit Schwerverletzten,Unfall anderer Art,Fahrunfall,Tageslicht,1,0,0,0,0,0,"354263,6975","5643937,477",6.92617153,50.92864006,trocken,,Rad
244942,5,3,15,0,2019,Juli,13,Dienstag,Unfall mit Leichtverletzten,Unfall anderer Art,Einbiegen / Kreuzen-Unfall,Tageslicht,1,1,0,0,0,0,"355501,9536","5645662,511",6.943095672,50.9444541,trocken,,"Rad, PKW"
244943,5,3,15,0,2019,Juli,13,Dienstag,Unfall mit Leichtverletzten,Unfall anderer Art,Unfall durch ruhenden Verkehr,Tageslicht,1,0,0,0,1,0,"356409,2216","5645720,742",6.9559787,50.9452041,trocken,,"Rad, Gkfz"
245051,5,3,15,0,2019,Juli,17,Sonntag,Unfall mit Leichtverletzten,Zusammenstoß zwischen Fahrzeug und Fußgänger,Unfall im Längsverkehr,Tageslicht,0,0,1,0,0,1,"358619,3733","5646604,961",6.987076062,50.95369685,trocken,,"Fuss, Sonstige"
245052,5,3,15,0,2019,Juli,11,Sonntag,Unfall mit Leichtverletzten,Zusammenstoß mit einbiegendem / kreuzendem Fahrzeug,Einbiegen / Kreuzen-Unfall,Tageslicht,1,1,0,0,0,0,"352475,1997","5654133,85",6.896602481,51.01981501,trocken,,"Rad, PKW"
245053,5,3,15,0,2019,Juli,11,Sonntag,Unfall mit Schwerverletzten,Zusammenstoß mit einbiegendem / kreuzendem Fahrzeug,Einbiegen / Kreuzen-Unfall,Tageslicht,1,1,0,0,0,0,"354472,434","5651349,414",6.926175342,50.9953014,trocken,,"Rad, PKW"
245054,5,3,15,0,2019,Juli,13,Sonntag,Unfall mit Leichtverletzten,Zusammenstoß mit anfahrendem/ anhaltendem/ruhendem Fahrzeug,Unfall durch ruhenden Verkehr,Tageslicht,0,1,0,1,0,0,"355291,618","5641908,544",6.941593682,50.9106652,trocken,,"Krad, PKW"
245055,5,3,15,0,2019,Juli,12,Sonntag,Unfall mit Leichtverletzten,Zusammenstoß mit vorausfahrendem / wartendem Fahrzeug,Unfall im Längsverkehr,Tageslicht,1,1,0,0,0,0,"354616,5787","5642309,571",6.931838467,50.91409951,trocken,,"Rad, PKW"
245056,5,3,15,0,2019,Juli,12,Sonntag,Unfall mit Leichtverletzten,Zusammenstoß mit einbiegendem / kreuzendem Fahrzeug,Einbiegen / Kreuzen-Unfall,Tageslicht,0,1,0,0,0,0,"354845,6205","5641503,793",6.935414957,50.9069158,trocken,,PKW
245057,5,3,15,0,2019,Juli,19,Sonntag,Unfall mit Leichtverletzten,Zusammenstoß mit vorausfahrendem / wartendem Fahrzeug,Sonstiger Unfall,Tageslicht,0,1,0,0,0,0,"357135,4294","5643101,582",6.967336036,50.9218463,nass/feucht,,PKW
245058,5,3,15,0,2019,Juli,21,Sonntag,Unfall mit Leichtverletzten,Zusammenstoß mit vorausfahrendem / wartendem Fahrzeug,Abbiegeunfall,Dämmerung,0,1,0,0,0,0,"355034,0972","5645983,787",6.936312548,50.94722388,nass/feucht,,PKW
245059,5,3,15,0,2019,Juli,18,Sonntag,Unfall mit Leichtverletzten,Zusammenstoß mit seitlich in gleicher Richtung fahrendem Fahrzeug,Unfall im Längsverkehr,Tageslicht,1,0,0,0,0,1,"356619,1716","5645342,287",6.959114295,50.94185522,trocken,,"Rad, Sonstige"
245125,5,3,15,0,2019,Juli,23,Samstag,Unfall mit Leichtverletzten,Zusammenstoß mit entgegenkommendem Fahrzeug,Abbiegeunfall,Dunkelheit,0,1,0,0,0,0,"363536,2453","5641441,633",7.058969974,50.90847699,trocken,,PKW
245126,5,3,15,0,2019,Juli,3,Samstag,Unfall mit Leichtverletzten,Abkommen von Fahrbahn nach rechts,Fahrunfall,Dunkelheit,1,0,0,0,0,0,"363378,5613","5641674,908",7.056641161,50.91053625,nass/feucht,,Rad
245128,5,3,15,0,2019,Juli,17,Samstag,Unfall mit Leichtverletzten,Zusammenstoß zwischen Fahrzeug und Fußgänger,Abbiegeunfall,Tageslicht,0,1,1,0,0,0,"359446,4525","5643841,606",6.999910203,50.92906459,trocken,,"Fuss, PKW"
245129,5,3,15,0,2019,Juli,7,Samstag,Unfall mit Leichtverletzten,Zusammenstoß mit einbiegendem / kreuzendem Fahrzeug,Abbiegeunfall,Tageslicht,0,1,0,0,0,0,"356520,129","5652105,954",6.955036815,51.00261443,nass/feucht,,PKW
245130,5,3,15,0,2019,Juli,20,Samstag,Unfall mit Leichtverletzten,Abkommen von Fahrbahn nach rechts,Fahrunfall,Tageslicht,0,0,0,1,0,0,"356886,7926","5652106,918",6.960258802,51.00271441,trocken,,Krad
245132,5,3,15,0,2019,Juli,17,Samstag,Unfall mit Leichtverletzten,Zusammenstoß mit einbiegendem / kreuzendem Fahrzeug,Abbiegeunfall,Tageslicht,0,1,0,1,0,0,"353602,2291","5651460,061",6.913738747,50.99607502,trocken,,"Krad, PKW"
245133,5,3,15,0,2019,Juli,8,Samstag,Unfall mit Schwerverletzten,Zusammenstoß mit entgegenkommendem Fahrzeug,Unfall durch ruhenden Verkehr,Tageslicht,0,1,0,1,0,0,"353249,7603","5642579,577",6.912299827,50.91618004,nass/feucht,,"Krad, PKW"
245153,5,3,15,0,2019,Juli,11,Sonntag,Unfall mit Leichtverletzten,Zusammenstoß mit vorausfahrendem / wartendem Fahrzeug,Abbiegeunfall,Tageslicht,1,1,0,0,0,0,"356676,7261","5642504,275",6.961048762,50.91636458,trocken,,"Rad, PKW"
245167,5,3,15,0,2019,Juli,13,Samstag,Unfall mit Leichtverletzten,Zusammenstoß mit einbiegendem / kreuzendem Fahrzeug,Einbiegen / Kreuzen-Unfall,Tageslicht,1,0,0,0,0,1,"358172,207","5644798,77",6.981417069,50.93735475,trocken,,"Rad, Sonstige"
245168,5,3,15,0,2019,Juli,17,Samstag,Unfall mit Leichtverletzten,Zusammenstoß mit entgegenkommendem Fahrzeug,Unfall im Längsverkehr,Tageslicht,1,0,0,0,0,0,"360002,0517","5647266,588",7.006494816,50.9599805,trocken,,Rad
245169,5,3,15,0,2019,Juli,15,Samstag,Unfall mit Leichtverletzten,Unfall anderer Art,Fahrunfall,Tageslicht,1,0,0,0,0,0,"355623,196","5649533,087",6.943284545,50.97926844,trocken,,Rad
245171,5,3,15,0,2019,Juli,12,Samstag,Unfall mit Leichtverletzten,Zusammenstoß mit einbiegendem / kreuzendem Fahrzeug,Einbiegen / Kreuzen-Unfall,Tageslicht,1,0,0,0,0,1,"350400,1731","5649297,359",6.869031219,50.97581686,trocken,,"Rad, Sonstige"
245172,5,3,15,0,2019,Juli,1,Samstag,Unfall mit Schwerverletzten,Zusammenstoß mit anfahrendem/ anhaltendem/ruhendem Fahrzeug,Sonstiger Unfall,Dunkelheit,0,1,0,0,0,0,"353777,0979","5645509,473",6.918621311,50.94264392,trocken,,PKW
245173,5,3,15,0,2019,Juli,16,Samstag,Unfall mit Leichtverletzten,Unfall anderer Art,Fahrunfall,Tageslicht,1,1,0,0,0,0,"353044,824","5646560,595",6.90778116,50.95190374,trocken,,"Rad, PKW"
245174,5,3,15,0,2019,Juli,0,Samstag,Unfall mit Leichtverletzten,Unfall anderer Art,Unfall durch ruhenden Verkehr,Dunkelheit,0,1,0,1,0,0,"354226,8478","5642862,688",6.926077179,50.91897192,trocken,,"Krad, PKW"
245175,5,3,15,0,2019,Juli,13,Samstag,Unfall mit Schwerverletzten,Zusammenstoß mit einbiegendem / kreuzendem Fahrzeug,Einbiegen / Kreuzen-Unfall,Tageslicht,1,1,0,0,0,0,"359179,3346","5639258,115",6.997880069,50.88780696,trocken,,"Rad, PKW"
245176,5,3,15,0,2019,Juli,10,Samstag,Unfall mit Leichtverletzten,Zusammenstoß mit einbiegendem / kreuzendem Fahrzeug,Abbiegeunfall,Tageslicht,1,1,0,0,0,0,"355403,4545","5645886,95",6.941605416,50.94644639,trocken,,"Rad, PKW"
245177,5,3,15,0,2019,Juli,19,Sonntag,Unfall mit Schwerverletzten,Abkommen von Fahrbahn nach links,Fahrunfall,Tageslicht,1,0,0,0,0,0,"347796,46","5646102,5",6.833307189,50.94642523,nass/feucht,,Rad
245246,5,3,15,0,2019,Juli,22,Sonntag,Unfall mit Leichtverletzten,Zusammenstoß mit einbiegendem / kreuzendem Fahrzeug,Einbiegen / Kreuzen-Unfall,Dunkelheit,1,1,0,0,0,0,"354608,667","5643331,083",6.931318828,50.9232776,nass/feucht,,"Rad, PKW"
245251,5,3,15,0,2019,Juli,12,Freitag,Unfall mit Leichtverletzten,Zusammenstoß mit einbiegendem / kreuzendem Fahrzeug,Einbiegen / Kreuzen-Unfall,Tageslicht,1,1,0,0,0,0,"359479,3671","5645254,761",6.999833346,50.94177279,trocken,,"Rad, PKW"
245252,5,3,15,0,2019,Juli,8,Freitag,Unfall mit Leichtverletzten,Unfall anderer Art,Sonstiger Unfall,Tageslicht,0,1,1,0,0,0,"357729,9646","5645132,932",6.974996506,50.94024892,trocken,,"Fuss, PKW"