OBJECTID,ULAND,UREGBEZ,UKREIS,UGEMEINDE,UJAHR,UMONAT,USTUNDE,UWOCHENTAG,UKATEGORIE,UART,UTYP1,ULICHTVERH,IstRad,IstPKW,IstFuss,IstKrad,IstGkfz,IstSonstige,LINREFX,LINREFY,XGCSWGS84,YGCSWGS84,USTRZUSTAND,UIDENTSTLAE,Participants
245253,5,3,15,0,2019,Juli,1,Freitag,Unfall mit Leichtverletzten,Abkommen von Fahrbahn nach rechts,Fahrunfall,Dunkelheit,0,1,0,0,0,0,"353046,6754","5650863,584",6.906068731,50.99057318,trocken,,PKW
245254,5,3,15,0,2019,Juli,21,Freitag,Unfall mit Leichtverletzten,Abkommen von Fahrbahn nach rechts,Fahrunfall,Dämmerung,0,1,0,0,0,0,"354989,1383","5646014,833",6.93566061,50.94749157,trocken,,PKW
245256,5,3,15,0,2019,Juli,8,Freitag,Unfall mit Leichtverletzten,Unfall anderer Art,Fahrunfall,Tageslicht,1,0,0,0,0,0,"353797,9544","5643165,587",6.919858165,50.92158547,trocken,,Rad
245257,5,3,15,0,2019,Juli,22,Freitag,Unfall mit Leichtverletzten,Zusammenstoß mit seitlich in gleicher Richtung fahrendem Fahrzeug,Abbiegeunfall,Dunkelheit,0,1,0,0,0,0,"355622,181","5637695,734",6.94795749,50.87288791,trocken,,PKW
245259,5,3,15,0,2019,Juli,15,Freitag,Unfall mit Leichtverletzten,Unfall anderer Art,Sonstiger Unfall,Tageslicht,1,1,0,0,0,0,"353824,225","5642298,513",6.92057913,50.9138,trocken,,"Rad, PKW"
245260,5,3,15,0,2019,Juli,10,Freitag,Unfall mit Schwerverletzten,Zusammenstoß zwischen Fahrzeug und Fußgänger,Überschreiten-Unfall,Tageslicht,0,1,1,0,0,0,"356617,3357","5642852,251",6.960067654,50.91947706,trocken,,"Fuss, PKW"
245261,5,3,15,0,2019,Juli,3,Freitag,Unfall mit Leichtverletzten,Unfall anderer Art,Sonstiger Unfall,Dunkelheit,0,0,0,0,0,1,"355034,9768","5644267,377",6.937008018,50.93179913,trocken,,Sonstige
245262,5,3,15,0,2019,Juli,21,Freitag,Unfall mit Leichtverletzten,Zusammenstoß mit anfahrendem/ anhaltendem/ruhendem Fahrzeug,Sonstiger Unfall,Dunkelheit,0,1,0,0,0,1,"356705,8225","5642824,121",6.961336771,50.91924624,trocken,,"PKW, Sonstige"
245264,5,3,15,0,2019,Juli,15,Freitag,Unfall mit Leichtverletzten,Unfall anderer Art,Fahrunfall,Tageslicht,0,0,0,0,0,1,"356528,0676","5645875,951",6.957608185,50.94662853,trocken,,Sonstige
245265,5,3,15,0,2019,Juli,9,Freitag,Unfall mit Leichtverletzten,Unfall anderer Art,Fahrunfall,Tageslicht,0,0,0,0,0,1,"355950,2471","5644228,295",6.950039699,50.93167723,trocken,,Sonstige
245266,5,3,15,0,2019,Juli,22,Freitag,Unfall mit Leichtverletzten,Unfall anderer Art,Unfall im Längsverkehr,Dunkelheit,0,1,0,0,0,1,"356176,0662","5645432,169",6.952775933,50.94255262,trocken,,"PKW, Sonstige"
245292,5,3,15,0,2019,Juli,10,Sonntag,Unfall mit Schwerverletzten,Zusammenstoß mit vorausfahrendem / wartendem Fahrzeug,Unfall im Längsverkehr,Tageslicht,0,1,0,1,0,0,"356239,0093","5648467,889",6.952472252,50.9698498,trocken,,"Krad, PKW"
245302,5,3,15,0,2019,Juli,15,Sonntag,Unfall mit Leichtverletzten,Zusammenstoß mit anfahrendem/ anhaltendem/ruhendem Fahrzeug,Unfall durch ruhenden Verkehr,Tageslicht,1,1,0,0,0,0,"356099,5108","5646003,523",6.951461227,50.94766818,trocken,,"Rad, PKW"
245333,5,3,15,0,2019,Juli,18,Donnerstag,Unfall mit Leichtverletzten,Unfall anderer Art,Fahrunfall,Tageslicht,1,0,0,0,0,0,"363405,4282","5638901,129",7.058060609,50.8856133,trocken,,Rad
245334,5,3,15,0,2019,Juli,16,Donnerstag,Unfall mit Leichtverletzten,Unfall anderer Art,Sonstiger Unfall,Tageslicht,1,0,0,0,0,0,"357535,589","5644758,033",6.972378299,50.93683172,trocken,,Rad
245336,5,3,15,0,2019,Juli,13,Donnerstag,Unfall mit Schwerverletzten,Unfall anderer Art,Fahrunfall,Tageslicht,1,0,0,0,0,0,"358255,773","5642947,637",6.983325417,50.9207391,trocken,,Rad
245337,5,3,15,0,2019,Juli,8,Donnerstag,Unfall mit Leichtverletzten,Zusammenstoß mit einbiegendem / kreuzendem Fahrzeug,Einbiegen / Kreuzen-Unfall,Tageslicht,0,1,0,0,0,0,"359456,4235","5650124,784",6.997625701,50.98553442,trocken,,PKW
245338,5,3,15,0,2019,Juli,12,Donnerstag,Unfall mit Leichtverletzten,Zusammenstoß mit seitlich in gleicher Richtung fahrendem Fahrzeug,Unfall durch ruhenden Verkehr,Tageslicht,1,1,0,0,0,0,"357647,425","5647771,215",6.972790868,50.96393864,trocken,,"Rad, PKW"
245339,5,3,15,0,2019,Juli,8,Donnerstag,Unfall mit Leichtverletzten,Zusammenstoß mit einbiegendem / kreuzendem Fahrzeug,Einbiegen / Kreuzen-Unfall,Tageslicht,1,1,0,0,0,0,"352584,9061","5646605,387",6.901219806,50.95218881,trocken,,"Rad, PKW"
245340,5,3,15,0,2019,Juli,8,Donnerstag,Unfall mit Leichtverletzten,Unfall anderer Art,Sonstiger Unfall,Tageslicht,1,0,0,0,0,1,"352493,0428","5644855,733",6.900621447,50.93644197,trocken,,"Rad, Sonstige"
245341,5,3,15,0,2019,Juli,18,Donnerstag,Unfall mit Leichtverletzten,Unfall anderer Art,Sonstiger Unfall,Tageslicht,1,0,1,0,0,0,"360634,9034","5639561,144",7.01844576,50.89088336,trocken,,"Rad, Fuss"
245343,5,3,15,0,2019,Juli,9,Donnerstag,Unfall mit Schwerverletzten,Unfall anderer Art,Fahrunfall,Tageslicht,1,0,0,0,0,0,"356382,4257","5641552,229",6.957239526,50.90773546,trocken,,Rad
245344,5,3,15,0,2019,Juli,13,Donnerstag,Unfall mit Leichtverletzten,Zusammenstoß mit einbiegendem / kreuzendem Fahrzeug,Unfall durch ruhenden Verkehr,Tageslicht,0,1,0,0,0,0,"356638,6906","5642715,141",6.960425156,50.91825017,trocken,,PKW
245345,5,3,15,0,2019,Juli,11,Donnerstag,Unfall mit Leichtverletzten,Unfall anderer Art,Fahrunfall,Tageslicht,1,0,0,0,0,0,"354971,3982","5643914,218",6.936244367,50.9286094,trocken,,Rad
245346,5,3,15,0,2019,Juli,10,Donnerstag,Unfall mit Leichtverletzten,Zusammenstoß mit einbiegendem / kreuzendem Fahrzeug,Abbiegeunfall,Tageslicht,1,1,0,0,0,0,"355832,248","5646065,812",6.947634474,50.94816118,trocken,,"Rad, PKW"
245348,5,3,15,0,2019,Juli,10,Sonntag,Unfall mit Schwerverletzten,Zusammenstoß mit anfahrendem/ anhaltendem/ruhendem Fahrzeug,Unfall durch ruhenden Verkehr,Tageslicht,0,1,0,1,0,0,"355522,6055","5641035,89",6.945222519,50.90288065,nass/feucht,,"Krad, PKW"
245385,5,3,15,0,2019,Juli,15,Donnerstag,Unfall mit Schwerverletzten,Abkommen von Fahrbahn nach links,Fahrunfall,Tageslicht,0,0,0,1,0,0,"361778,892","5646248,439",7.03216676,50.95125911,trocken,,Krad
245404,5,3,15,0,2019,Juli,8,Mittwoch,Unfall mit Leichtverletzten,Zusammenstoß mit entgegenkommendem Fahrzeug,Unfall im Längsverkehr,Tageslicht,1,0,0,0,0,0,"357600,5413","5645418,881",6.97304381,50.94278678,trocken,,Rad
245405,5,3,15,0,2019,Juli,16,Mittwoch,Unfall mit Leichtverletzten,Unfall anderer Art,Sonstiger Unfall,Tageslicht,1,1,0,0,0,0,"363227,9125","5648009,416",7.052121585,50.96743132,trocken,,"Rad, PKW"
245406,5,3,15,0,2019,Juli,19,Mittwoch,Unfall mit Leichtverletzten,Zusammenstoß mit einbiegendem / kreuzendem Fahrzeug,Einbiegen / Kreuzen-Unfall,Tageslicht,1,1,0,0,0,0,"359074,5918","5651558,255",6.991633033,50.99832366,trocken,,"Rad, PKW"
245407,5,3,15,0,2019,Juli,16,Sonntag,Unfall mit Leichtverletzten,Zusammenstoß mit anfahrendem/ anhaltendem/ruhendem Fahrzeug,Einbiegen / Kreuzen-Unfall,Tageslicht,1,1,0,0,0,0,"364652,181","5647663,831",7.07252195,50.9646618,nass/feucht,,"Rad, PKW"
245408,5,3,15,0,2019,Juli,17,Mittwoch,Unfall mit Leichtverletzten,Zusammenstoß mit einbiegendem / kreuzendem Fahrzeug,Einbiegen / Kreuzen-Unfall,Tageslicht,0,1,0,0,0,1,"360063,548","5648008,125",7.007084717,50.96665971,trocken,,"PKW, Sonstige"
245409,5,3,15,0,2019,Juli,13,Mittwoch,Unfall mit Leichtverletzten,Zusammenstoß mit einbiegendem / kreuzendem Fahrzeug,Einbiegen / Kreuzen-Unfall,Tageslicht,0,0,0,1,0,1,"356736,2999","5651149,773",6.958492984,50.9940753,trocken,,"Krad, Sonstige"
245410,5,3,15,0,2019,Juli,20,Mittwoch,Unfall mit Schwerverletzten,Zusammenstoß zwischen Fahrzeug und Fußgänger,Unfall im Längsverkehr,Tageslicht,1,0,1,0,0,0,"354791,7858","5653942,366",6.9296856,51.01868393,trocken,,"Rad, Fuss"
245411,5,3,15,0,2019,Juli,1,Mittwoch,Unfall mit Schwerverletzten,Abkommen von Fahrbahn nach rechts,Fahrunfall,Dunkelheit,1,0,0,0,0,0,"349106,027","5645909,122",6.852015574,50.94503174,trocken,,Rad
245412,5,3,15,0,2019,Juli,13,Mittwoch,Unfall mit Leichtverletzten,Zusammenstoß zwischen Fahrzeug und Fußgänger,Sonstiger Unfall,Tageslicht,0,0,1,0,0,1,"351306,5664","5645748,698",6.883382846,50.94416186,trocken,,"Fuss, Sonstige"
245413,5,3,15,0,2019,Juli,10,Mittwoch,Unfall mit Leichtverletzten,Zusammenstoß mit seitlich in gleicher Richtung fahrendem Fahrzeug,Unfall im Längsverkehr,Tageslicht,1,1,0,0,0,1,"354202,235","5646738,618",6.924176456,50.95379751,trocken,,"Rad, PKW, Sonstige"
245414,5,3,15,0,2019,Juli,12,Mittwoch,Unfall mit Leichtverletzten,Unfall anderer Art,Fahrunfall,Tageslicht,1,0,0,0,0,0,"355270,2762","5643057,805",6.940834385,50.92098805,trocken,,Rad
245415,5,3,15,0,2019,Juli,18,Mittwoch,Unfall mit Leichtverletzten,Zusammenstoß mit entgegenkommendem Fahrzeug,Sonstiger Unfall,Tageslicht,0,1,0,0,0,0,"355559,8764","5641329,415",6.945636092,50.90552784,trocken,,PKW
245416,5,3,15,0,2019,Juli,10,Mittwoch,Unfall mit Leichtverletzten,Zusammenstoß mit einbiegendem / kreuzendem Fahrzeug,Einbiegen / Kreuzen-Unfall,Tageslicht,0,1,0,0,0,0,"357974,7497","5640961,208",6.980102942,50.90281788,trocken,,PKW
245417,5,3,15,0,2019,Juli,1,Mittwoch,Unfall mit Leichtverletzten,Unfall anderer Art,Sonstiger Unfall,Dunkelheit,0,0,0,0,0,1,"355666,646","5644691,273",6.945823211,50.93576703,trocken,,Sonstige
245418,5,3,15,0,2019,Juli,16,Sonntag,Unfall mit Leichtverletzten,Zusammenstoß zwischen Fahrzeug und Fußgänger,Überschreiten-Unfall,Tageslicht,1,0,1,0,0,0,"355430,8943","5645711,892",6.942065253,50.94488007,nass/feucht,,"Rad, Fuss"
245450,5,3,15,0,2019,Juli,12,Donnerstag,Unfall mit Leichtverletzten,Unfall anderer Art,Fahrunfall,Tageslicht,1,0,0,0,0,0,"363724,3409","5639349,176",7.062424658,50.88971545,trocken,,Rad
245451,5,3,15,0,2019,Juli,7,Donnerstag,Unfall mit Leichtverletzten,Zusammenstoß mit vorausfahrendem / wartendem Fahrzeug,Abbiegeunfall,Tageslicht,0,1,0,0,0,0,"365861,7262","5635838,935",7.094083638,50.85866673,trocken,,PKW
245452,5,3,15,0,2019,Juli,18,Donnerstag,Unfall mit Leichtverletzten,Zusammenstoß mit einbiegendem / kreuzendem Fahrzeug,Abbiegeunfall,Tageslicht,1,1,0,0,0,0,"359139,1202","5645449,614",6.994918097,50.94344094,trocken,,"Rad, PKW"
245453,5,3,15,0,2019,Juli,6,Donnerstag,Unfall mit Leichtverletzten,Zusammenstoß mit einbiegendem / kreuzendem Fahrzeug,Unfall durch ruhenden Verkehr,Tageslicht,0,1,0,1,0,0,"358953,6893","5651733,264",6.989843166,50.99986683,trocken,,"Krad, PKW"
245454,5,3,15,0,2019,Juli,16,Donnerstag,Unfall mit Leichtverletzten,Zusammenstoß mit vorausfahrendem / wartendem Fahrzeug,Unfall im Längsverkehr,Tageslicht,0,1,0,0,0,0,"356303,0141","5650777,386",6.952470195,50.99062072,trocken,,PKW
245455,5,3,15,0,2019,Juli,17,Donnerstag,Unfall mit Leichtverletzten,Zusammenstoß mit einbiegendem / kreuzendem Fahrzeug,Abbiegeunfall,Tageslicht,1,1,0,0,0,0,"355313,146","5642606,119",6.941623071,50.91693958,trocken,,"Rad, PKW"
245456,5,3,15,0,2019,Juli,15,Donnerstag,Unfall mit Leichtverletzten,Unfall anderer Art,Fahrunfall,Tageslicht,1,0,0,0,0,0,"352852,8291","5641479,746",6.907100509,50.90619519,trocken,,Rad
245457,5,3,15,0,2019,Juli,8,Donnerstag,Unfall mit Leichtverletzten,Zusammenstoß mit einbiegendem / kreuzendem Fahrzeug,Abbiegeunfall,Tageslicht,1,1,0,0,0,0,"356196,2973","5644410,133",6.953467085,50.93337278,trocken,,"Rad, PKW"
245521,5,3,15,0,2019,Juli,15,Mittwoch,Unfall mit Schwerverletzten,Zusammenstoß mit einbiegendem / kreuzendem Fahrzeug,Abbiegeunfall,Tageslicht,0,1,0,1,0,0,"360183,6708","5649694,22",7.008145992,50.98184199,trocken,,"Krad, PKW"
245522,5,3,15,0,2019,Juli,15,Mittwoch,Unfall mit Leichtverletzten,Zusammenstoß zwischen Fahrzeug und Fußgänger,Überschreiten-Unfall,Tageslicht,0,1,1,0,0,0,"354687,1969","5649105,631",6.930130934,50.97519158,trocken,,"Fuss, PKW"
245523,5,3,15,0,2019,Juli,13,Mittwoch,Unfall mit Leichtverletzten,Abkommen von Fahrbahn nach rechts,Fahrunfall,Tageslicht,0,1,0,0,0,0,"352109,3426","5653450,188",6.891668634,51.01357738,trocken,,PKW
245524,5,3,15,0,2019,Juli,16,Mittwoch,Unfall mit Leichtverletzten,Zusammenstoß mit vorausfahrendem / wartendem Fahrzeug,Unfall im Längsverkehr,Tageslicht,0,1,0,0,0,0,"353473,1677","5654900,816",6.910511333,51.02696252,trocken,,PKW
245525,5,3,15,0,2019,Juli,8,Mittwoch,Unfall mit Leichtverletzten,Zusammenstoß mit einbiegendem / kreuzendem Fahrzeug,Einbiegen / Kreuzen-Unfall,Tageslicht,1,0,0,0,0,1,"355037,905","5645973,796",6.936370695,50.94713505,trocken,,"Rad, Sonstige"
245526,5,3,15,0,2019,Juli,16,Mittwoch,Unfall mit Schwerverletzten,Unfall anderer Art,Unfall durch ruhenden Verkehr,Tageslicht,1,1,0,0,0,0,"355269,0409","5642800,628",6.940918872,50.91867653,trocken,,"Rad, PKW"
245527,5,3,15,0,2019,Juli,23,Mittwoch,Unfall mit Schwerverletzten,Unfall anderer Art,Fahrunfall,Dunkelheit,1,0,0,0,0,0,"351456,32","5641970,496",6.887052358,50.9102477,trocken,,Rad
245576,5,3,15,0,2019,Juli,21,Dienstag,Unfall mit Schwerverletzten,Zusammenstoß mit einbiegendem / kreuzendem Fahrzeug,Einbiegen / Kreuzen-Unfall,Dämmerung,0,1,0,0,0,0,"366869,6672","5638199,46",7.107537539,50.88011557,trocken,,PKW
245577,5,3,15,0,2019,Juli,17,Dienstag,Unfall mit Schwerverletzten,Unfall anderer Art,Fahrunfall,Tageslicht,1,0,0,0,0,0,"358761,8286","5651860,568",6.987061097,51.00096384,trocken,,Rad
245578,5,3,15,0,2019,Juli,15,Dienstag,Unfall mit Schwerverletzten,Unfall anderer Art,Fahrunfall,Tageslicht,1,0,0,0,0,0,"355126,8467","5645963,835",6.937639923,50.94706789,trocken,,Rad
245579,5,3,15,0,2019,Juli,20,Dienstag,Unfall mit Leichtverletzten,Unfall anderer Art,Fahrunfall,Tageslicht,1,1,0,0,0,0,"355416,6125","5645180,694",6.942072934,50.94010272,trocken,,"Rad, PKW"
245580,5,3,15,0,2019,Juli,11,Dienstag,Unfall mit Leichtverletzten,Zusammenstoß zwischen Fahrzeug und Fußgänger,Unfall im Längsverkehr,Tageslicht,1,0,1,0,0,0,"355958,3542","5644761,959",6.949944065,50.93647521,trocken,,"Rad, Fuss"
245634,5,3,15,0,2019,Juli,21,Montag,Unfall mit Leichtverletzten,Zusammenstoß mit einbiegendem / kreuzendem Fahrzeug,Abbiegeunfall,Tageslicht,0,1,0,0,0,0,"355818,6649","5648890,155",6.946322151,50.97353954,nass/feucht,,PKW
245636,5,3,15,0,2019,Juli,17,Montag,Unfall mit Leichtverletzten,Unfall anderer Art,Sonstiger Unfall,Tageslicht,1,0,0,0,0,0,"357635,0843","5649499,91",6.971938492,50.97947122,nass/feucht,,Rad
245637,5,3,15,0,2019,Juli,14,Montag,Unfall mit Leichtverletzten,Unfall anderer Art,Sonstiger Unfall,Tageslicht,1,0,0,0,0,0,"354774,7366","5643771,294",6.933504753,50.9272755,nass/feucht,,Rad
245638,5,3,15,0,2019,Juli,21,Montag,Unfall mit Leichtverletzten,Zusammenstoß zwischen Fahrzeug und Fußgänger,Überschreiten-Unfall,Dunkelheit,0,1,1,0,0,0,"356686,2498","5644849,737",6.960262194,50.93744541,nass/feucht,,"Fuss, PKW"
245640,5,3,15,0,2019,Juli,14,Montag,Unfall mit Leichtverletzten,Zusammenstoß mit einbiegendem / kreuzendem Fahrzeug,Einbiegen / Kreuzen-Unfall,Tageslicht,1,1,0,0,0,0,"355855,8921","5644471,3",6.948601755,50.9338375,nass/feucht,,"Rad, PKW"
245713,5,3,15,0,2019,August,14,Montag,Unfall mit Leichtverletzten,Zusammenstoß mit einbiegendem / kreuzendem Fahrzeug,Einbiegen / Kreuzen-Unfall,Tageslicht,1,1,0,0,0,0,"354117,1721","5653622,469",6.920202683,51.01563841,trocken,,"Rad, PKW"
245714,5,3,15,0,2019,August,1,Montag,Unfall mit Leichtverletzten,Aufprall auf Fahrbahnhindernis,Sonstiger Unfall,Dunkelheit,1,0,0,0,0,0,"354466,2704","5646727,196",6.927937646,50.95376159,trocken,,Rad
245749,5,3,15,0,2019,August,17,Sonntag,Unfall mit Leichtverletzten,Zusammenstoß mit entgegenkommendem Fahrzeug,Unfall durch ruhenden Verkehr,Tageslicht,1,1,0,0,0,0,"366577,6378","5636194,181",7.104120258,50.86202523,trocken,,"Rad, PKW"
245750,5,3,15,0,2019,August,17,Sonntag,Unfall mit Schwerverletzten,Unfall anderer Art,Fahrunfall,Tageslicht,0,0,0,0,0,1,"357678,4031","5645136,529",6.97426169,50.94026852,trocken,,Sonstige
245751,5,3,15,0,2019,August,12,Sonntag,Unfall mit Leichtverletzten,Zusammenstoß mit einbiegendem / kreuzendem Fahrzeug,Einbiegen / Kreuzen-Unfall,Tageslicht,1,1,0,0,0,0,"360621,178","5646327,791",7.015664707,50.95169347,trocken,,"Rad, PKW"
245752,5,3,15,0,2019,August,4,Sonntag,Unfall mit Schwerverletzten,Unfall anderer Art,Fahrunfall,Dunkelheit,0,0,0,0,0,1,"360150,545","5647132,706",7.008659375,50.95881334,nass/feucht,,Sonstige
245753,5,3,15,0,2019,August,10,Sonntag,Unfall mit Schwerverletzten,Aufprall auf Fahrbahnhindernis,Sonstiger Unfall,Tageslicht,1,0,0,0,0,0,"353850,614","5657804,743",6.91471833,51.05315469,trocken,,Rad
245754,5,3,15,0,2019,August,6,Sonntag,Unfall mit Leichtverletzten,Zusammenstoß mit einbiegendem / kreuzendem Fahrzeug,Einbiegen / Kreuzen-Unfall,Tageslicht,1,1,0,0,0,0,"349708,4378","5659210,277",6.855077078,51.06471596,nass/feucht,,"Rad, PKW"
245755,5,3,15,0,2019,August,3,Sonntag,Unfall mit Leichtverletzten,Zusammenstoß mit entgegenkommendem Fahrzeug,Sonstiger Unfall,Dunkelheit,1,1,0,0,0,0,"355031,0182","5645957,977",6.936279022,50.94699115,nass/feucht,,"Rad, PKW"
245756,5,3,15,0,2019,August,1,Sonntag,Unfall mit Leichtverletzten,Zusammenstoß mit einbiegendem / kreuzendem Fahrzeug,Einbiegen / Kreuzen-Unfall,Dunkelheit,1,1,0,0,0,0,"352879,2526","5647324,622",6.905116783,50.95872746,nass/feucht,,"Rad, PKW"
245757,5,3,15,0,2019,August,15,Sonntag,Unfall mit Leichtverletzten,Unfall anderer Art,Sonstiger Unfall,Tageslicht,1,0,0,0,0,0,"353386,2035","5641691,599",6.914596306,50.90823475,trocken,,Rad
245758,5,3,15,0,2019,August,22,Sonntag,Unfall mit Leichtverletzten,Unfall anderer Art,Sonstiger Unfall,Dunkelheit,0,0,0,0,0,1,"356083,6351","5645179,725",6.951560878,50.94026088,trocken,,Sonstige
245810,5,3,15,0,2019,August,18,Samstag,Unfall mit Leichtverletzten,Zusammenstoß mit einbiegendem / kreuzendem Fahrzeug,Einbiegen / Kreuzen-Unfall,Tageslicht,0,1,0,0,0,0,"357156,0591","5649267,158",6.965210587,50.97726087,trocken,,PKW
245811,5,3,15,0,2019,August,13,Samstag,Unfall mit Leichtverletzten,Zusammenstoß mit einbiegendem / kreuzendem Fahrzeug,Einbiegen / Kreuzen-Unfall,Tageslicht,1,1,0,0,0,0,"352673,7651","5645885,894",6.902775107,50.94574577,trocken,,"Rad, PKW"
245812,5,3,15,0,2019,August,19,Samstag,Unfall mit Leichtverletzten,Zusammenstoß mit anfahrendem/ anhaltendem/ruhendem Fahrzeug,Fahrunfall,Tageslicht,1,1,0,0,0,0,"355251,2621","5642053,105",6.940962692,50.91195423,nass/feucht,,"Rad, PKW"
245813,5,3,15,0,2019,August,13,Samstag,Unfall mit Leichtverletzten,Zusammenstoß mit entgegenkommendem Fahrzeug,Unfall im Längsverkehr,Tageslicht,1,1,0,0,0,1,"354705,9764","5642500,837",6.933033144,50.91584089,trocken,,"Rad, PKW, Sonstige"
245814,5,3,15,0,2019,August,17,Samstag,Unfall mit Leichtverletzten,Zusammenstoß mit vorausfahrendem / wartendem Fahrzeug,Unfall im Längsverkehr,Tageslicht,0,1,0,0,0,1,"353794,5273","5644202,974",6.919393449,50.93090727,trocken,,"PKW, Sonstige"
245815,5,3,15,0,2019,August,14,Samstag,Unfall mit Leichtverletzten,Zusammenstoß zwischen Fahrzeug und Fußgänger,Überschreiten-Unfall,Tageslicht,1,0,1,0,0,0,"356734,808","5642994,45",6.961681967,50.92078417,trocken,,"Rad, Fuss"
245891,5,3,15,0,2019,August,15,Freitag,Unfall mit Leichtverletzten,Zusammenstoß mit einbiegendem / kreuzendem Fahrzeug,Einbiegen / Kreuzen-Unfall,Tageslicht,0,1,0,0,0,0,"364633,718","5639700,169",7.075216355,50.89308386,trocken,,PKW
245893,5,3,15,0,2019,August,12,Freitag,Unfall mit Leichtverletzten,Unfall anderer Art,Sonstiger Unfall,Tageslicht,1,1,0,0,0,0,"361281,5147","5649689,516",7.023777921,50.98206527,trocken,,"Rad, PKW"
245894,5,3,15,0,2019,August,17,Freitag,Unfall mit Schwerverletzten,Unfall anderer Art,Fahrunfall,Tageslicht,1,0,0,0,0,0,"356805,192","5654709,494",6.958069267,51.02608285,trocken,,Rad
245895,5,3,15,0,2019,August,16,Freitag,Unfall mit Leichtverletzten,Zusammenstoß mit einbiegendem / kreuzendem Fahrzeug,Abbiegeunfall,Tageslicht,0,1,0,0,0,0,"355313,759","5642609,377",6.941630493,50.91696901,trocken,,PKW
245897,5,3,15,0,2019,August,13,Freitag,Unfall mit Leichtverletzten,Zusammenstoß mit einbiegendem / kreuzendem Fahrzeug,Abbiegeunfall,Tageslicht,1,1,0,0,0,0,"354791,788","5643151,564",6.93399401,50.92171042,trocken,,"Rad, PKW"
245898,5,3,15,0,2019,August,0,Freitag,Unfall mit Leichtverletzten,Unfall anderer Art,Fahrunfall,Dunkelheit,1,0,0,0,0,0,"354976,7687","5643912,049",6.9363216,50.92859125,trocken,,Rad
245900,5,3,15,0,2019,August,8,Freitag,Unfall mit Leichtverletzten,Zusammenstoß mit einbiegendem / kreuzendem Fahrzeug,Einbiegen / Kreuzen-Unfall,Tageslicht,1,1,0,0,0,0,"355525,4881","5643357,982",6.944344034,50.92374964,trocken,,"Rad, PKW"
245968,5,3,15,0,2019,August,11,Freitag,Unfall mit Leichtverletzten,Unfall anderer Art,Sonstiger Unfall,Tageslicht,0,0,0,1,0,0,"363654,878","5641127,564",7.060773668,50.90568233,trocken,,Krad
245969,5,3,15,0,2019,August,6,Freitag,Unfall mit Leichtverletzten,Zusammenstoß mit einbiegendem / kreuzendem Fahrzeug,Abbiegeunfall,Tageslicht,1,1,0,0,0,0,"363518,7993","5648183,25",7.056196551,50.96906262,trocken,,"Rad, PKW"
245970,5,3,15,0,2019,August,13,Freitag,Unfall mit Leichtverletzten,Zusammenstoß mit anfahrendem/ anhaltendem/ruhendem Fahrzeug,Unfall durch ruhenden Verkehr,Tageslicht,0,1,0,0,1,0,"358221,587","5649633,439",6.980235877,50.98081594,trocken,,"PKW, Gkfz"
245971,5,3,15,0,2019,August,16,Freitag,Unfall mit Leichtverletzten,Zusammenstoß mit vorausfahrendem / wartendem Fahrzeug,Unfall im Längsverkehr,Tageslicht,0,1,0,0,0,1,"357353,2875","5646882,582",6.968953275,50.95587983,trocken,,"PKW, Sonstige"
245972,5,3,15,0,2019,August,13,Freitag,Unfall mit Leichtverletzten,Unfall anderer Art,Überschreiten-Unfall,Tageslicht,0,0,1,0,0,1,"357333,223","5647610,664",6.968382353,50.96241806,trocken,,"Fuss, Sonstige"
245973,5,3,15,0,2019,August,17,Freitag,Unfall mit Leichtverletzten,Unfall anderer Art,Unfall durch ruhenden Verkehr,Tageslicht,1,1,0,0,0,0,"357101,6692","5649687,481",6.964271099,50.98102476,trocken,,"Rad, PKW"
245974,5,3,15,0,2019,August,8,Freitag,Unfall mit Leichtverletzten,Unfall anderer Art,Fahrunfall,Tageslicht,1,0,0,0,0,0,"354383,805","5655761,017",6.923142355,51.03492416,trocken,,Rad
245975,5,3,15,0,2019,August,16,Freitag,Unfall mit Leichtverletzten,Zusammenstoß mit einbiegendem / kreuzendem Fahrzeug,Abbiegeunfall,Tageslicht,1,1,0,0,0,0,"350090,0274","5659749,093",6.86029563,51.0696576,trocken,,"Rad, PKW"
245976,5,3,15,0,2019,August,17,Freitag,Unfall mit Leichtverletzten,Unfall anderer Art,Unfall durch ruhenden Verkehr,Tageslicht,1,1,0,0,0,0,"353681,1885","5646679,733",6.916786858,50.95313628,trocken,,"Rad, PKW"
245977,5,3,15,0,2019,August,18,Freitag,Unfall mit Leichtverletzten,Zusammenstoß mit vorausfahrendem / wartendem Fahrzeug,Abbiegeunfall,Tageslicht,0,1,0,0,0,0,"350397,8117","5648522,345",6.86931644,50.96885173,trocken,,PKW
245978,5,3,15,0,2019,August,8,Freitag,Unfall mit Leichtverletzten,Zusammenstoß mit einbiegendem / kreuzendem Fahrzeug,Abbiegeunfall,Tageslicht,1,1,0,0,0,0,"356382,4657","5641193,56",6.957381212,50.90451214,trocken,,"Rad, PKW"
245979,5,3,15,0,2019,August,14,Freitag,Unfall mit Leichtverletzten,Unfall anderer Art,Fahrunfall,Tageslicht,0,0,0,1,0,0,"354443,4717","5642416,46",6.929334995,50.91501647,trocken,,Krad
245980,5,3,15,0,2019,August,18,Freitag,Unfall mit Leichtverletzten,Unfall anderer Art,Fahrunfall,Tageslicht,1,0,0,0,0,0,"352920,1369","5643193,674",6.907366254,50.92161479,trocken,,Rad