OBJECTID,ULAND,UREGBEZ,UKREIS,UGEMEINDE,UJAHR,UMONAT,USTUNDE,UWOCHENTAG,UKATEGORIE,UART,UTYP1,ULICHTVERH,IstRad,IstPKW,IstFuss,IstKrad,IstGkfz,IstSonstige,LINREFX,LINREFY,XGCSWGS84,YGCSWGS84,USTRZUSTAND,UIDENTSTLAE,Participants
245981,5,3,15,0,2019,August,12,Freitag,Unfall mit Schwerverletzten,Unfall anderer Art,Sonstiger Unfall,Tageslicht,0,0,0,0,0,1,"353520,7357","5643642,89",6.915724996,50.92580453,trocken,,Sonstige
246041,5,3,15,0,2019,August,12,Donnerstag,Unfall mit Leichtverletzten,Zusammenstoß mit vorausfahrendem / wartendem Fahrzeug,Unfall im Längsverkehr,Tageslicht,0,1,0,0,0,0,"359376,4341","5643502,73",6.999045195,50.92600201,trocken,,PKW
246042,5,3,15,0,2019,August,12,Donnerstag,Unfall mit Leichtverletzten,Zusammenstoß mit vorausfahrendem / wartendem Fahrzeug,Unfall im Längsverkehr,Tageslicht,0,1,0,0,0,0,"352350,8334","5654221,081",6.894795043,51.02056698,trocken,,PKW
246043,5,3,15,0,2019,August,18,Donnerstag,Unfall mit Leichtverletzten,Zusammenstoß mit einbiegendem / kreuzendem Fahrzeug,Unfall durch ruhenden Verkehr,Tageslicht,1,1,0,0,0,0,"351784,5004","5655716,486",6.886114637,51.03385949,trocken,,"Rad, PKW"
246044,5,3,15,0,2019,August,19,Donnerstag,Unfall mit Leichtverletzten,Unfall anderer Art,Abbiegeunfall,Tageslicht,0,0,0,1,0,0,"357395,4547","5648180,573",6.969044556,50.96755519,nass/feucht,,Krad
246045,5,3,15,0,2019,August,15,Donnerstag,Unfall mit Leichtverletzten,Unfall anderer Art,Unfall durch ruhenden Verkehr,Tageslicht,1,1,0,0,0,0,"352653,1713","5647510,377",6.901824659,50.96033899,trocken,,"Rad, PKW"
246046,5,3,15,0,2019,August,10,Donnerstag,Unfall mit Leichtverletzten,Zusammenstoß mit einbiegendem / kreuzendem Fahrzeug,Einbiegen / Kreuzen-Unfall,Tageslicht,1,1,0,0,0,0,"352691,8894","5643482,066",6.904004604,50.92414823,trocken,,"Rad, PKW"
246047,5,3,15,0,2019,August,16,Donnerstag,Unfall mit Leichtverletzten,Zusammenstoß mit vorausfahrendem / wartendem Fahrzeug,Unfall im Längsverkehr,Tageslicht,0,1,0,1,0,0,"356802,3263","5641660,286",6.963165592,50.90881088,trocken,,"Krad, PKW"
246048,5,3,15,0,2019,August,20,Donnerstag,Unfall mit Leichtverletzten,Zusammenstoß mit anfahrendem/ anhaltendem/ruhendem Fahrzeug,Abbiegeunfall,Tageslicht,1,1,0,0,0,1,"355891,5016","5642817,176",6.949761981,50.91898103,nass/feucht,,"Rad, PKW, Sonstige"
246049,5,3,15,0,2019,August,12,Donnerstag,Unfall mit Leichtverletzten,Zusammenstoß zwischen Fahrzeug und Fußgänger,Abbiegeunfall,Tageslicht,0,1,1,0,0,0,"356344,108","5647571,346",6.954322151,50.96181895,trocken,,"Fuss, PKW"
246050,5,3,15,0,2019,August,18,Donnerstag,Unfall mit Leichtverletzten,Zusammenstoß mit einbiegendem / kreuzendem Fahrzeug,Einbiegen / Kreuzen-Unfall,Tageslicht,1,1,0,0,0,0,"356716,8221","5644122,678",6.960982879,50.93091899,nass/feucht,,"Rad, PKW"
246051,5,3,15,0,2019,August,16,Donnerstag,Unfall mit Leichtverletzten,Unfall anderer Art,Fahrunfall,Tageslicht,1,0,0,0,0,0,"355551,2026","5644720,153",6.944169883,50.93599766,trocken,,Rad
246052,5,3,15,0,2019,August,11,Donnerstag,Unfall mit Leichtverletzten,Zusammenstoß mit anfahrendem/ anhaltendem/ruhendem Fahrzeug,Unfall im Längsverkehr,Tageslicht,0,1,0,0,0,0,"356197,523","5643570,776",6.953815629,50.92582989,trocken,,PKW
246103,5,3,15,0,2019,August,8,Mittwoch,Unfall mit Leichtverletzten,Zusammenstoß mit einbiegendem / kreuzendem Fahrzeug,Einbiegen / Kreuzen-Unfall,Tageslicht,0,1,0,0,0,0,"361625,909","5643068,715",7.031197661,50.92264533,trocken,,PKW
246104,5,3,15,0,2019,August,3,Mittwoch,Unfall mit Leichtverletzten,Unfall anderer Art,Sonstiger Unfall,Dunkelheit,0,0,0,0,0,1,"353740,675",5646000,6.917906242,50.94704287,trocken,,Sonstige
246105,5,3,15,0,2019,August,17,Mittwoch,Unfall mit Leichtverletzten,Unfall anderer Art,Sonstiger Unfall,Tageslicht,1,0,0,0,0,0,"354777,7718","5646272,858",6.932550838,50.94975716,trocken,,Rad
246106,5,3,15,0,2019,August,21,Mittwoch,Unfall mit Leichtverletzten,Unfall anderer Art,Fahrunfall,Dämmerung,1,0,0,0,0,0,"355701,8233","5642369,5",6.947242353,50.91491043,nass/feucht,,Rad
246107,5,3,15,0,2019,August,18,Mittwoch,Unfall mit Schwerverletzten,Unfall anderer Art,Fahrunfall,Tageslicht,1,0,0,0,0,0,"355261,4816","5642348,055",6.940990963,50.91460745,nass/feucht,,Rad
246108,5,3,15,0,2019,August,9,Mittwoch,Unfall mit Leichtverletzten,Unfall anderer Art,Fahrunfall,Tageslicht,1,0,0,0,0,0,"355390,0528","5643207,739",6.942477899,50.92236551,trocken,,Rad
246152,5,3,15,0,2019,August,12,Dienstag,Unfall mit Leichtverletzten,Zusammenstoß mit einbiegendem / kreuzendem Fahrzeug,Abbiegeunfall,Tageslicht,1,1,0,0,0,0,"363267,296","5639540,779",7.055858649,50.89132948,trocken,,"Rad, PKW"
246153,5,3,15,0,2019,August,1,Dienstag,Unfall mit Schwerverletzten,Unfall anderer Art,Fahrunfall,Dunkelheit,1,0,0,0,0,0,"352555,291","5649647,502",6.899565473,50.97951923,trocken,,Rad
246154,5,3,15,0,2019,August,6,Dienstag,Unfall mit Schwerverletzten,Zusammenstoß mit seitlich in gleicher Richtung fahrendem Fahrzeug,Abbiegeunfall,Tageslicht,0,0,0,1,1,0,"349158,1955","5645593,91",6.852888173,50.94221282,trocken,,"Krad, Gkfz"
246155,5,3,15,0,2019,August,8,Dienstag,Unfall mit Schwerverletzten,Unfall anderer Art,Fahrunfall,Tageslicht,0,0,0,0,0,1,"356716,6964","5642292,045",6.961700356,50.91446721,nass/feucht,,Sonstige
246156,5,3,15,0,2019,August,6,Dienstag,Unfall mit Leichtverletzten,Zusammenstoß mit einbiegendem / kreuzendem Fahrzeug,Einbiegen / Kreuzen-Unfall,Dämmerung,1,1,0,0,0,0,"352350,7797","5643258,967",6.899244887,50.92205613,trocken,,"Rad, PKW"
246157,5,3,15,0,2019,August,15,Dienstag,Unfall mit Leichtverletzten,Zusammenstoß mit entgegenkommendem Fahrzeug,Abbiegeunfall,Tageslicht,1,1,0,0,0,0,"356309,7616","5643073,875",6.9556074,50.92139226,trocken,,"Rad, PKW"
246195,5,3,15,0,2019,August,16,Mittwoch,Unfall mit Schwerverletzten,Unfall anderer Art,Sonstiger Unfall,Tageslicht,1,0,0,0,0,0,"349066,5786","5656729,886",6.84695781,51.04225862,nass/feucht,,Rad
246196,5,3,15,0,2019,August,9,Mittwoch,Unfall mit Leichtverletzten,Unfall anderer Art,Sonstiger Unfall,Tageslicht,1,0,0,0,0,0,"351482,8508","5646066,139",6.885760939,50.94705997,trocken,,Rad
246197,5,3,15,0,2019,August,18,Mittwoch,Unfall mit Leichtverletzten,Zusammenstoß mit einbiegendem / kreuzendem Fahrzeug,Abbiegeunfall,Tageslicht,1,1,0,0,0,0,"357175,8335","5638785,036",6.96959913,50.88306352,trocken,,"Rad, PKW"
246198,5,3,15,0,2019,August,12,Mittwoch,Unfall mit Leichtverletzten,Zusammenstoß mit anfahrendem/ anhaltendem/ruhendem Fahrzeug,Unfall durch ruhenden Verkehr,Tageslicht,1,1,0,0,0,0,"353634,333","5643327,751",6.917466742,50.9230013,trocken,,"Rad, PKW"
246199,5,3,15,0,2019,August,13,Mittwoch,Unfall mit Leichtverletzten,Zusammenstoß mit anfahrendem/ anhaltendem/ruhendem Fahrzeug,Unfall durch ruhenden Verkehr,Tageslicht,1,1,0,0,0,0,"356465,9907","5646015,17",6.956670219,50.94786422,trocken,,"Rad, PKW"
246200,5,3,15,0,2019,August,10,Mittwoch,Unfall mit Leichtverletzten,Zusammenstoß mit anfahrendem/ anhaltendem/ruhendem Fahrzeug,Unfall durch ruhenden Verkehr,Tageslicht,0,0,0,0,1,1,"356532,4995","5643651,313",6.958547126,50.92663707,trocken,,"Gkfz, Sonstige"
246201,5,3,15,0,2019,August,9,Mittwoch,Unfall mit Leichtverletzten,Unfall anderer Art,Fahrunfall,Tageslicht,0,0,0,0,0,1,"356644,7947","5642731,578",6.960505479,50.91839941,trocken,,Sonstige
246202,5,3,15,0,2019,August,18,Mittwoch,Unfall mit Schwerverletzten,Unfall anderer Art,Fahrunfall,Tageslicht,1,0,0,0,0,0,"356830,9741","5643300,92",6.962928941,50.92356227,nass/feucht,,Rad
246258,5,3,15,0,2019,August,12,Dienstag,Unfall mit Leichtverletzten,Abkommen von Fahrbahn nach links,Sonstiger Unfall,Tageslicht,0,1,0,0,0,1,"366385,9565","5638147,067",7.100684718,50.87953303,trocken,,"PKW, Sonstige"
246259,5,3,15,0,2019,August,23,Dienstag,Unfall mit Leichtverletzten,Zusammenstoß mit anfahrendem/ anhaltendem/ruhendem Fahrzeug,Unfall durch ruhenden Verkehr,Dunkelheit,0,1,0,0,0,0,"365773,1797","5638421,124",7.09187865,50.88185415,nass/feucht,,PKW
246260,5,3,15,0,2019,August,15,Dienstag,Unfall mit Leichtverletzten,Unfall anderer Art,Fahrunfall,Tageslicht,1,0,0,0,0,0,"355330,9885","5648425,549",6.939565448,50.96924196,trocken,,Rad
246261,5,3,15,0,2019,August,19,Dienstag,Unfall mit Leichtverletzten,Zusammenstoß mit einbiegendem / kreuzendem Fahrzeug,Einbiegen / Kreuzen-Unfall,Tageslicht,0,1,0,0,0,0,"348320,1711","5646128,904",6.840745809,50.94680053,nass/feucht,,PKW
246262,5,3,15,0,2019,August,14,Dienstag,Unfall mit Leichtverletzten,Zusammenstoß mit einbiegendem / kreuzendem Fahrzeug,Sonstiger Unfall,Tageslicht,0,1,0,1,0,0,"357405,5023","5637337,972",6.97342628,50.8701154,trocken,,"Krad, PKW"
246263,5,3,15,0,2019,August,14,Dienstag,Unfall mit Leichtverletzten,Unfall anderer Art,Abbiegeunfall,Tageslicht,1,1,0,1,0,0,"355709,994","5640052,265",6.948274406,50.89408778,nass/feucht,,"Rad, Krad, PKW"
246264,5,3,15,0,2019,August,15,Dienstag,Unfall mit Leichtverletzten,Unfall anderer Art,Fahrunfall,Tageslicht,0,0,0,1,0,0,"356743,306","5644726,984",6.961121967,50.93635642,nass/feucht,,Krad
246265,5,3,15,0,2019,August,14,Dienstag,Unfall mit Leichtverletzten,Unfall anderer Art,Fahrunfall,Tageslicht,1,0,0,0,0,0,"356115,0374","5643656,786",6.952608789,50.92658229,nass/feucht,,Rad
246266,5,3,15,0,2019,August,10,Dienstag,Unfall mit Leichtverletzten,Zusammenstoß mit anfahrendem/ anhaltendem/ruhendem Fahrzeug,Unfall durch ruhenden Verkehr,Tageslicht,0,1,0,0,0,0,"357271,7712","5646698,029",6.967865767,50.95420108,trocken,,PKW
246267,5,3,15,0,2019,August,16,Dienstag,Unfall mit Leichtverletzten,Zusammenstoß mit anfahrendem/ anhaltendem/ruhendem Fahrzeug,Unfall durch ruhenden Verkehr,Tageslicht,1,1,0,0,0,0,"356111,6552","5644968,578",6.952042821,50.93837033,nass/feucht,,"Rad, PKW"
246312,5,3,15,0,2019,August,16,Montag,Unfall mit Leichtverletzten,Zusammenstoß mit vorausfahrendem / wartendem Fahrzeug,Unfall im Längsverkehr,Tageslicht,0,1,0,0,0,0,"358451,286","5645584,551",6.985081151,50.94448515,trocken,,PKW
246313,5,3,15,0,2019,August,15,Montag,Unfall mit Schwerverletzten,Unfall anderer Art,Einbiegen / Kreuzen-Unfall,Tageslicht,0,1,0,1,0,0,"361068,4512","5648842,725",7.021068126,50.97440365,trocken,,"Krad, PKW"
246314,5,3,15,0,2019,August,13,Montag,Unfall mit Leichtverletzten,Unfall anderer Art,Fahrunfall,Tageslicht,1,0,0,0,0,0,"358004,6074","5648362,907",6.977643056,50.96934429,trocken,,Rad
246315,5,3,15,0,2019,August,14,Montag,Unfall mit Leichtverletzten,Unfall anderer Art,Fahrunfall,Tageslicht,1,0,0,0,0,0,"353929,9501","5655280,275",6.916867573,51.03048878,trocken,,Rad
246316,5,3,15,0,2019,August,16,Montag,Unfall mit Schwerverletzten,Abkommen von Fahrbahn nach rechts,Sonstiger Unfall,Tageslicht,0,0,0,0,0,1,"356981,1325","5642004,547",6.965572288,50.91194907,trocken,,Sonstige
246317,5,3,15,0,2019,August,0,Montag,Unfall mit Leichtverletzten,Zusammenstoß mit vorausfahrendem / wartendem Fahrzeug,Sonstiger Unfall,Dunkelheit,1,1,0,0,0,0,"356002,631","5643883,899",6.950920707,50.92859527,trocken,,"Rad, PKW"
246356,5,3,15,0,2019,August,13,Sonntag,Unfall mit Leichtverletzten,Zusammenstoß mit einbiegendem / kreuzendem Fahrzeug,Einbiegen / Kreuzen-Unfall,Tageslicht,0,1,0,0,0,0,"364266,8307","5641069,615",7.06949368,50.90530572,trocken,,PKW
246357,5,3,15,0,2019,August,12,Sonntag,Unfall mit Leichtverletzten,Zusammenstoß mit einbiegendem / kreuzendem Fahrzeug,Einbiegen / Kreuzen-Unfall,Tageslicht,1,1,0,0,0,0,"359556,945","5644985,654",7.001040612,50.9393732,trocken,,"Rad, PKW"
246358,5,3,15,0,2019,August,21,Sonntag,Unfall mit Schwerverletzten,Unfall anderer Art,Fahrunfall,Dunkelheit,0,0,0,0,0,1,"357520,0662","5645667,692",6.971801742,50.94500295,trocken,,Sonstige
246359,5,3,15,0,2019,August,14,Sonntag,Unfall mit Leichtverletzten,Zusammenstoß zwischen Fahrzeug und Fußgänger,Sonstiger Unfall,Tageslicht,0,1,1,0,0,0,"362535,6214","5651479,407",7.040955737,50.99845227,trocken,,"Fuss, PKW"
246360,5,3,15,0,2019,August,21,Sonntag,Unfall mit Leichtverletzten,Zusammenstoß mit vorausfahrendem / wartendem Fahrzeug,Abbiegeunfall,Dämmerung,0,1,0,0,0,0,"357431,612","5648938,565",6.969262007,50.97437613,trocken,,PKW
246423,5,3,15,0,2019,August,15,Samstag,Unfall mit Leichtverletzten,Abkommen von Fahrbahn nach rechts,Fahrunfall,Tageslicht,0,1,0,0,0,1,"351168,931","5652945,212",6.878479048,51.00879692,nass/feucht,,"PKW, Sonstige"
246425,5,3,15,0,2019,August,13,Samstag,Unfall mit Schwerverletzten,Unfall anderer Art,Fahrunfall,Tageslicht,1,0,0,0,0,0,"354847,1307","5648423,804",6.932679636,50.96910455,trocken,,Rad
246426,5,3,15,0,2019,August,9,Samstag,Unfall mit Schwerverletzten,Zusammenstoß mit einbiegendem / kreuzendem Fahrzeug,Einbiegen / Kreuzen-Unfall,Tageslicht,0,1,0,1,0,0,"350097,6805","5644448,984",6.866722054,50.93216912,trocken,,"Krad, PKW"
246427,5,3,15,0,2019,August,5,Samstag,Unfall mit Leichtverletzten,Zusammenstoß mit einbiegendem / kreuzendem Fahrzeug,Einbiegen / Kreuzen-Unfall,Dunkelheit,1,1,0,0,0,0,"352878,9493","5647324,198",6.905112638,50.95872357,trocken,,"Rad, PKW"
246428,5,3,15,0,2019,August,15,Samstag,Unfall mit Schwerverletzten,Unfall anderer Art,Fahrunfall,Tageslicht,1,0,0,0,0,0,"354746,0696","5645189,151",6.932532021,50.94001019,nass/feucht,,Rad
246429,5,3,15,0,2019,August,16,Samstag,Unfall mit Schwerverletzten,Zusammenstoß mit seitlich in gleicher Richtung fahrendem Fahrzeug,Fahrunfall,Tageslicht,1,0,0,1,0,0,"356012,7381","5643109,745",6.951370139,50.92164058,nass/feucht,,"Rad, Krad"
246438,5,3,15,0,2019,August,14,Montag,Unfall mit Leichtverletzten,Zusammenstoß zwischen Fahrzeug und Fußgänger,Überschreiten-Unfall,Tageslicht,0,1,1,0,0,0,"360232,3534","5648469,613",7.009309879,50.97084814,nass/feucht,,"Fuss, PKW"
246439,5,3,15,0,2019,August,10,Montag,Unfall mit Leichtverletzten,Zusammenstoß mit entgegenkommendem Fahrzeug,Unfall im Längsverkehr,Tageslicht,0,1,0,0,0,1,"349290,723","5649272,668",6.853249758,50.97530571,nass/feucht,,"PKW, Sonstige"
246440,5,3,15,0,2019,August,16,Montag,Unfall mit Leichtverletzten,Zusammenstoß mit vorausfahrendem / wartendem Fahrzeug,Unfall im Längsverkehr,Tageslicht,0,1,0,0,0,0,"355967,9581","5640480,903",6.951770972,50.8980043,nass/feucht,,PKW
246441,5,3,15,0,2019,August,0,Montag,Unfall mit Leichtverletzten,Zusammenstoß mit vorausfahrendem / wartendem Fahrzeug,Sonstiger Unfall,Dunkelheit,0,1,0,0,0,0,"357046,859","5639886,403",6.967335966,50.89292962,nass/feucht,,PKW
246442,5,3,15,0,2019,August,15,Montag,Unfall mit Leichtverletzten,Unfall anderer Art,Fahrunfall,Tageslicht,1,1,0,0,0,0,"355544,7068","5643416,829",6.944593987,50.9242833,nass/feucht,,"Rad, PKW"
246443,5,3,15,0,2019,August,20,Montag,Unfall mit Leichtverletzten,Zusammenstoß mit vorausfahrendem / wartendem Fahrzeug,Unfall im Längsverkehr,Dämmerung,1,1,0,0,0,0,"356601,4668","5644375,247",6.959243037,50.93316015,trocken,,"Rad, PKW"
246444,5,3,15,0,2019,August,2,Montag,Unfall mit Leichtverletzten,Unfall anderer Art,Sonstiger Unfall,Dunkelheit,0,0,0,0,0,1,"356687,648","5644913,994",6.960256807,50.93802323,nass/feucht,,Sonstige
246469,5,3,15,0,2019,August,15,Sonntag,Unfall mit Leichtverletzten,Zusammenstoß mit seitlich in gleicher Richtung fahrendem Fahrzeug,Abbiegeunfall,Tageslicht,1,0,0,1,0,0,"366918,472","5634918,556",7.109424326,50.85063869,trocken,,"Rad, Krad"
246471,5,3,15,0,2019,August,0,Sonntag,Unfall mit Schwerverletzten,Zusammenstoß mit entgegenkommendem Fahrzeug,Fahrunfall,Dunkelheit,0,1,0,0,0,1,"357388,5527","5645637,148",6.969942867,50.94469593,nass/feucht,,"PKW, Sonstige"
246472,5,3,15,0,2019,August,11,Sonntag,Unfall mit Leichtverletzten,Zusammenstoß mit anfahrendem/ anhaltendem/ruhendem Fahrzeug,Unfall durch ruhenden Verkehr,Tageslicht,1,1,0,0,0,0,"358710,2489","5646286,134",6.988492797,50.95085383,trocken,,"Rad, PKW"
246473,5,3,15,0,2019,August,18,Sonntag,Unfall mit Leichtverletzten,Unfall anderer Art,Fahrunfall,Tageslicht,1,0,0,0,0,0,"351916,3931","5648668,282",6.890869404,50.97055557,nass/feucht,,Rad
246474,5,3,15,0,2019,August,11,Sonntag,Unfall mit Leichtverletzten,Zusammenstoß mit anfahrendem/ anhaltendem/ruhendem Fahrzeug,Unfall durch ruhenden Verkehr,Tageslicht,1,1,0,0,0,0,"356315,0953","5642954,522",6.955730255,50.92032098,trocken,,"Rad, PKW"
246475,5,3,15,0,2019,August,13,Sonntag,Unfall mit Leichtverletzten,Unfall anderer Art,Fahrunfall,Tageslicht,1,0,0,0,0,0,"355439,379","5644303,015",6.942744943,50.9322209,trocken,,Rad
246476,5,3,15,0,2019,August,4,Sonntag,Unfall mit Schwerverletzten,Unfall anderer Art,Sonstiger Unfall,Dunkelheit,0,0,0,0,0,1,"356209,3374","5646204,697",6.952944189,50.94950351,trocken,,Sonstige
246527,5,3,15,0,2019,August,12,Samstag,Unfall mit Leichtverletzten,Zusammenstoß mit einbiegendem / kreuzendem Fahrzeug,Abbiegeunfall,Tageslicht,1,1,0,0,0,0,"353580,5918","5643320,96",6.916705363,50.92292664,trocken,,"Rad, PKW"
246586,5,3,15,0,2019,August,13,Freitag,Unfall mit Leichtverletzten,Zusammenstoß mit vorausfahrendem / wartendem Fahrzeug,Unfall im Längsverkehr,Tageslicht,0,1,0,0,0,0,"364516,8769","5639659,028",7.073571245,50.8926867,trocken,,PKW
246587,5,3,15,0,2019,August,7,Freitag,Unfall mit Leichtverletzten,Zusammenstoß mit seitlich in gleicher Richtung fahrendem Fahrzeug,Abbiegeunfall,Tageslicht,1,1,0,0,0,0,"364490,008","5633776,662",7.075368273,50.83981192,nass/feucht,,"Rad, PKW"
246588,5,3,15,0,2019,August,22,Freitag,Unfall mit Leichtverletzten,Zusammenstoß mit einbiegendem / kreuzendem Fahrzeug,Einbiegen / Kreuzen-Unfall,Dunkelheit,0,1,0,0,0,0,"364009,5543","5639497,512",7.066422153,50.89111585,nass/feucht,,PKW
246589,5,3,15,0,2019,August,19,Freitag,Unfall mit Leichtverletzten,Zusammenstoß mit vorausfahrendem / wartendem Fahrzeug,Unfall im Längsverkehr,Tageslicht,0,1,0,0,0,0,"360949,0262","5645299,455",7.020721952,50.94253078,nass/feucht,,PKW
246590,5,3,15,0,2019,August,15,Freitag,Unfall mit Leichtverletzten,Zusammenstoß mit seitlich in gleicher Richtung fahrendem Fahrzeug,Unfall im Längsverkehr,Tageslicht,0,1,0,0,1,0,"355996,8117","5652737,013",6.947332917,51.00815483,trocken,,"PKW, Gkfz"
246591,5,3,15,0,2019,August,19,Freitag,Unfall mit Leichtverletzten,Zusammenstoß zwischen Fahrzeug und Fußgänger,Unfall im Längsverkehr,Tageslicht,1,0,1,0,0,0,"357043,0988","5646814,521",6.964566424,50.95519131,nass/feucht,,"Rad, Fuss"
246592,5,3,15,0,2019,August,8,Freitag,Unfall mit Leichtverletzten,Zusammenstoß mit vorausfahrendem / wartendem Fahrzeug,Unfall im Längsverkehr,Tageslicht,0,0,0,0,0,1,"351928,337","5648968,984",6.890916958,50.97326089,trocken,,Sonstige
246593,5,3,15,0,2019,August,8,Freitag,Unfall mit Schwerverletzten,Unfall anderer Art,Unfall durch ruhenden Verkehr,Tageslicht,0,1,0,1,0,0,"354042,572","5646301,995",6.922079864,50.94983331,nass/feucht,,"Krad, PKW"
246594,5,3,15,0,2019,August,19,Freitag,Unfall mit Leichtverletzten,Zusammenstoß mit vorausfahrendem / wartendem Fahrzeug,Abbiegeunfall,Tageslicht,0,1,0,1,0,0,"357146,4096","5635000,083",6.970659008,50.84904066,nass/feucht,,"Krad, PKW"
246595,5,3,15,0,2019,August,6,Freitag,Unfall mit Schwerverletzten,Zusammenstoß mit einbiegendem / kreuzendem Fahrzeug,Unfall durch ruhenden Verkehr,Dämmerung,1,1,0,0,0,0,"353301,6472","5641599,14",6.913431609,50.90738237,nass/feucht,,"Rad, PKW"
246596,5,3,15,0,2019,August,9,Freitag,Unfall mit Leichtverletzten,Unfall anderer Art,Unfall im Längsverkehr,Tageslicht,0,1,0,1,0,0,"355513,0182","5644021,258",6.943903874,50.92970726,nass/feucht,,"Krad, PKW"
246658,5,3,15,0,2019,August,19,Donnerstag,Unfall mit Leichtverletzten,Unfall anderer Art,Fahrunfall,Tageslicht,1,0,0,0,0,0,"359451,812","5653003,979",6.996445568,51.01140862,trocken,,Rad
246659,5,3,15,0,2019,August,17,Donnerstag,Unfall mit Schwerverletzten,Zusammenstoß mit seitlich in gleicher Richtung fahrendem Fahrzeug,Abbiegeunfall,Tageslicht,1,0,0,0,0,0,"363398,2593","5647643,806",7.054683422,50.96418587,trocken,,Rad
246660,5,3,15,0,2019,August,18,Donnerstag,Unfall mit Leichtverletzten,Zusammenstoß mit entgegenkommendem Fahrzeug,Unfall im Längsverkehr,Tageslicht,1,0,0,0,0,1,"351109,2832","5645231,836",6.880787871,50.9394662,trocken,,"Rad, Sonstige"
246661,5,3,15,0,2019,August,12,Donnerstag,Unfall mit Leichtverletzten,Unfall anderer Art,Unfall durch ruhenden Verkehr,Tageslicht,1,1,0,0,0,0,"349797,752","5644502,299",6.862434937,50.9325702,trocken,,"Rad, PKW"
246662,5,3,15,0,2019,August,11,Donnerstag,Unfall mit Leichtverletzten,Unfall anderer Art,Unfall durch ruhenden Verkehr,Tageslicht,1,1,0,0,0,0,"358870,6174","5639746,6",6.993305059,50.89212171,trocken,,"Rad, PKW"
246663,5,3,15,0,2019,August,16,Donnerstag,Unfall mit Leichtverletzten,Zusammenstoß mit seitlich in gleicher Richtung fahrendem Fahrzeug,Unfall im Längsverkehr,Tageslicht,1,0,0,0,1,0,"356204,5866","5641963,251",6.954549784,50.91138501,trocken,,"Rad, Gkfz"
246664,5,3,15,0,2019,August,9,Donnerstag,Unfall mit Leichtverletzten,Zusammenstoß mit einbiegendem / kreuzendem Fahrzeug,Einbiegen / Kreuzen-Unfall,Tageslicht,1,1,0,0,0,0,"356716,6964","5642292,045",6.961700356,50.91446721,trocken,,"Rad, PKW"
246665,5,3,15,0,2019,August,9,Donnerstag,Unfall mit Leichtverletzten,Zusammenstoß mit einbiegendem / kreuzendem Fahrzeug,Einbiegen / Kreuzen-Unfall,Tageslicht,1,1,0,0,0,0,"356812,244","5642691,028",6.962902065,50.91807656,trocken,,"Rad, PKW"
246738,5,3,15,0,2019,August,18,Freitag,Unfall mit Leichtverletzten,Zusammenstoß zwischen Fahrzeug und Fußgänger,Unfall im Längsverkehr,Tageslicht,1,0,1,0,0,0,"359843,5784","5634518,372",7.009133684,50.84537116,trocken,,"Rad, Fuss"
246739,5,3,15,0,2019,August,21,Freitag,Unfall mit Leichtverletzten,Unfall anderer Art,Unfall im Längsverkehr,Dunkelheit,0,1,0,0,0,1,"359435,2578","5643737,505",6.999791145,50.92812629,trocken,,"PKW, Sonstige"
246740,5,3,15,0,2019,August,19,Freitag,Unfall mit Leichtverletzten,Zusammenstoß mit einbiegendem / kreuzendem Fahrzeug,Einbiegen / Kreuzen-Unfall,Tageslicht,1,1,0,0,0,0,"360252,859","5644757,812",7.011026714,50.93749463,trocken,,"Rad, PKW"
246741,5,3,15,0,2019,August,23,Freitag,Unfall mit Leichtverletzten,Unfall anderer Art,Fahrunfall,Dunkelheit,0,0,0,0,0,1,"358788,0093","5646375,91",6.989564303,50.9516797,trocken,,Sonstige
246742,5,3,15,0,2019,August,22,Freitag,Unfall mit Leichtverletzten,Abkommen von Fahrbahn nach rechts,Sonstiger Unfall,Dunkelheit,0,1,0,0,1,0,"363756,7645","5648823,855",7.059343628,50.97487632,trocken,,"PKW, Gkfz"
246743,5,3,15,0,2019,August,18,Freitag,Unfall mit Leichtverletzten,Zusammenstoß mit anfahrendem/ anhaltendem/ruhendem Fahrzeug,Unfall durch ruhenden Verkehr,Tageslicht,0,1,0,0,0,0,"359941,9782","5645990,485",7.006130941,50.94849741,trocken,,PKW
246744,5,3,15,0,2019,August,18,Freitag,Unfall mit Leichtverletzten,Zusammenstoß mit seitlich in gleicher Richtung fahrendem Fahrzeug,Unfall durch ruhenden Verkehr,Tageslicht,1,1,0,0,0,0,"359666,796","5647248,086",7.001731169,50.95973267,trocken,,"Rad, PKW"
246745,5,3,15,0,2019,August,12,Freitag,Unfall mit Leichtverletzten,Zusammenstoß mit einbiegendem / kreuzendem Fahrzeug,Einbiegen / Kreuzen-Unfall,Tageslicht,1,1,0,0,0,0,"355602,5091","5648334,593",6.943465998,50.96849269,trocken,,"Rad, PKW"