OBJECTID,ULAND,UREGBEZ,UKREIS,UGEMEINDE,UJAHR,UMONAT,USTUNDE,UWOCHENTAG,UKATEGORIE,UART,UTYP1,ULICHTVERH,IstRad,IstPKW,IstFuss,IstKrad,IstGkfz,IstSonstige,LINREFX,LINREFY,XGCSWGS84,YGCSWGS84,USTRZUSTAND,UIDENTSTLAE,Participants
247652,5,3,15,0,2019,August,12,Sonntag,Unfall mit Leichtverletzten,Zusammenstoß mit vorausfahrendem / wartendem Fahrzeug,Unfall im Längsverkehr,Tageslicht,0,1,0,0,0,0,"364725,1534","5640630,709",7.076171013,50.90146859,trocken,,PKW
247653,5,3,15,0,2019,August,13,Sonntag,Unfall mit Schwerverletzten,Zusammenstoß zwischen Fahrzeug und Fußgänger,Überschreiten-Unfall,Tageslicht,0,1,1,0,0,0,"359825,7621","5645292,65",7.004746141,50.94219763,trocken,,"Fuss, PKW"
247654,5,3,15,0,2019,August,2,Sonntag,Unfall mit Leichtverletzten,Zusammenstoß mit anfahrendem/ anhaltendem/ruhendem Fahrzeug,Sonstiger Unfall,Dunkelheit,1,0,0,0,0,1,"358438,8323","5642442,94",6.986124052,50.9162483,trocken,,"Rad, Sonstige"
247656,5,3,15,0,2019,August,21,Sonntag,Unfall mit Leichtverletzten,Zusammenstoß mit einbiegendem / kreuzendem Fahrzeug,Abbiegeunfall,Dunkelheit,1,1,0,0,0,0,"359815,6186","5645681,529",7.004452181,50.94569007,trocken,,"Rad, PKW"
247657,5,3,15,0,2019,August,16,Sonntag,Unfall mit Schwerverletzten,Unfall anderer Art,Sonstiger Unfall,Tageslicht,0,1,0,0,0,0,"366524,2393","5648330,788",7.098921235,50.97109292,trocken,,PKW
247658,5,3,15,0,2019,August,12,Sonntag,Unfall mit Schwerverletzten,Unfall anderer Art,Fahrunfall,Tageslicht,0,0,0,0,0,1,"357405,2148","5645651,46",6.970174287,50.94482867,trocken,,Sonstige
247659,5,3,15,0,2019,August,11,Sonntag,Unfall mit Leichtverletzten,Unfall anderer Art,Fahrunfall,Tageslicht,1,0,0,0,0,0,"359077,2003","5647104,55",6.993396723,50.95829881,trocken,,Rad
247660,5,3,15,0,2019,August,15,Sonntag,Unfall mit Leichtverletzten,Zusammenstoß mit einbiegendem / kreuzendem Fahrzeug,Einbiegen / Kreuzen-Unfall,Tageslicht,1,1,0,0,0,0,"356880,8929","5650085,572",6.960971279,50.98454749,trocken,,"Rad, PKW"
247661,5,3,15,0,2019,August,19,Sonntag,Unfall mit Leichtverletzten,Unfall anderer Art,Sonstiger Unfall,Tageslicht,1,0,0,0,0,0,"359935,4844","5639690,995",7.008457732,50.89188119,trocken,,Rad
247662,5,3,15,0,2019,August,16,Sonntag,Unfall mit Leichtverletzten,Zusammenstoß mit seitlich in gleicher Richtung fahrendem Fahrzeug,Unfall im Längsverkehr,Tageslicht,1,1,0,0,0,0,"360042,9824","5637948,946",7.01065234,50.876251,trocken,,"Rad, PKW"
247663,5,3,15,0,2019,August,3,Sonntag,Unfall mit Schwerverletzten,Unfall anderer Art,Fahrunfall,Dunkelheit,1,0,0,0,0,0,"352391,1565","5642789,63",6.900008897,50.91784873,trocken,,Rad
247664,5,3,15,0,2019,August,9,Sonntag,Unfall mit Leichtverletzten,Zusammenstoß mit anfahrendem/ anhaltendem/ruhendem Fahrzeug,Unfall durch ruhenden Verkehr,Tageslicht,1,1,0,0,0,0,"355536,2405","5644634,564",6.943991016,50.93522474,trocken,,"Rad, PKW"
247758,5,3,15,0,2019,August,15,Samstag,Unfall mit Leichtverletzten,Zusammenstoß mit einbiegendem / kreuzendem Fahrzeug,Einbiegen / Kreuzen-Unfall,Tageslicht,0,1,0,0,0,0,"364245,8901","5641832,475",7.068912266,50.91215703,trocken,,PKW
247759,5,3,15,0,2019,August,23,Samstag,Unfall mit Schwerverletzten,Abkommen von Fahrbahn nach rechts,Sonstiger Unfall,Dunkelheit,1,0,0,0,0,0,"357750,9888","5645756,856",6.975051897,50.94586129,trocken,,Rad
247761,5,3,15,0,2019,August,14,Samstag,Unfall mit Leichtverletzten,Unfall anderer Art,Fahrunfall,Tageslicht,1,0,0,0,0,0,"360796,342","5648306,773",7.017399861,50.96952126,trocken,,Rad
247820,5,3,15,0,2019,September,19,Freitag,Unfall mit Leichtverletzten,Zusammenstoß mit einbiegendem / kreuzendem Fahrzeug,Einbiegen / Kreuzen-Unfall,Dämmerung,0,1,0,0,0,0,"367545,6983","5637848,597",7.117268958,50.87711744,trocken,,PKW
247821,5,3,15,0,2019,September,13,Freitag,Unfall mit Leichtverletzten,Unfall anderer Art,Einbiegen / Kreuzen-Unfall,Tageslicht,1,1,0,0,0,0,"354733,2","5648097,814",6.931188313,50.96614626,trocken,,"Rad, PKW"
247822,5,3,15,0,2019,September,10,Freitag,Unfall mit Leichtverletzten,Zusammenstoß mit einbiegendem / kreuzendem Fahrzeug,Einbiegen / Kreuzen-Unfall,Tageslicht,1,1,0,0,0,0,"352682,3665","5653775,027",6.89969987,51.01664359,trocken,,"Rad, PKW"
247823,5,3,15,0,2019,September,18,Freitag,Unfall mit Leichtverletzten,Zusammenstoß zwischen Fahrzeug und Fußgänger,Überschreiten-Unfall,Tageslicht,0,1,1,0,0,0,"350221,2022","5643807,351",6.86874223,50.92643525,trocken,,"Fuss, PKW"
247824,5,3,15,0,2019,September,16,Freitag,Unfall mit Leichtverletzten,Unfall anderer Art,Unfall im Längsverkehr,Tageslicht,1,1,0,0,0,0,"354764,5117","5646619,73",6.932223823,50.95287106,trocken,,"Rad, PKW"
247825,5,3,15,0,2019,September,16,Freitag,Unfall mit Leichtverletzten,Zusammenstoß mit entgegenkommendem Fahrzeug,Abbiegeunfall,Tageslicht,0,1,0,0,0,0,"350240,702","5643640,025",6.869088221,50.92493666,trocken,,PKW
247826,5,3,15,0,2019,September,18,Freitag,Unfall mit Leichtverletzten,Zusammenstoß mit einbiegendem / kreuzendem Fahrzeug,Einbiegen / Kreuzen-Unfall,Tageslicht,0,1,0,0,0,0,"356275,6299","5641013,416",6.955933679,50.90286661,trocken,,PKW
247827,5,3,15,0,2019,September,3,Freitag,Unfall mit Leichtverletzten,Abkommen von Fahrbahn nach links,Fahrunfall,Dunkelheit,0,1,0,0,0,1,"356309,4018","5641900,465",6.956064461,50.91084685,trocken,,"PKW, Sonstige"
247828,5,3,15,0,2019,September,12,Freitag,Unfall mit Leichtverletzten,Unfall anderer Art,Fahrunfall,Tageslicht,0,0,0,1,0,0,"353599,5383","5643079,874",6.917071528,50.92076489,nass/feucht,,Krad
247887,5,3,15,0,2019,September,14,Donnerstag,Unfall mit Leichtverletzten,Zusammenstoß mit seitlich in gleicher Richtung fahrendem Fahrzeug,Unfall im Längsverkehr,Tageslicht,1,1,0,0,0,0,"363449,3274","5648276,285",7.055172792,50.9698823,trocken,,"Rad, PKW"
247888,5,3,15,0,2019,September,13,Donnerstag,Unfall mit Leichtverletzten,Unfall anderer Art,Sonstiger Unfall,Tageslicht,1,0,0,0,0,1,"354442,8244","5646088,968",6.927859213,50.94802012,trocken,,"Rad, Sonstige"
247889,5,3,15,0,2019,September,8,Donnerstag,Unfall mit Leichtverletzten,Zusammenstoß mit vorausfahrendem / wartendem Fahrzeug,Unfall im Längsverkehr,Tageslicht,0,1,0,0,0,0,"356498,2475","5641871,059",6.958760447,50.91062956,trocken,,PKW
247890,5,3,15,0,2019,September,8,Donnerstag,Unfall mit Leichtverletzten,Zusammenstoß mit anfahrendem/ anhaltendem/ruhendem Fahrzeug,Unfall durch ruhenden Verkehr,Tageslicht,1,1,0,0,0,0,"357336,8287","5642179,388",6.97056027,50.91360838,trocken,,"Rad, PKW"
247891,5,3,15,0,2019,September,21,Donnerstag,Unfall mit Leichtverletzten,Zusammenstoß mit einbiegendem / kreuzendem Fahrzeug,Einbiegen / Kreuzen-Unfall,Dunkelheit,0,1,0,0,0,0,"359704,2864","5638905,071",7.005474278,50.8847618,nass/feucht,,PKW
247892,5,3,15,0,2019,September,17,Donnerstag,Unfall mit Schwerverletzten,Zusammenstoß mit einbiegendem / kreuzendem Fahrzeug,Einbiegen / Kreuzen-Unfall,Tageslicht,1,0,0,0,0,0,"355189,6662","5644664,49",6.939050084,50.93540677,trocken,,Rad
247983,5,3,15,0,2019,September,6,Mittwoch,Unfall mit Leichtverletzten,Zusammenstoß mit vorausfahrendem / wartendem Fahrzeug,Unfall im Längsverkehr,Dämmerung,0,1,0,1,0,0,"361262,059","5649722,286",7.023488416,50.98235509,trocken,,"Krad, PKW"
247985,5,3,15,0,2019,September,15,Mittwoch,Unfall mit Schwerverletzten,Zusammenstoß mit einbiegendem / kreuzendem Fahrzeug,Einbiegen / Kreuzen-Unfall,Tageslicht,1,1,0,0,0,0,"354537,236","5645319,209",6.929509737,50.94112635,trocken,,"Rad, PKW"
247987,5,3,15,0,2019,September,17,Mittwoch,Unfall mit Leichtverletzten,Zusammenstoß mit seitlich in gleicher Richtung fahrendem Fahrzeug,Abbiegeunfall,Tageslicht,1,1,0,0,0,0,"351582,1141","5646259,373",6.887094234,50.94882202,trocken,,"Rad, PKW"
247988,5,3,15,0,2019,September,20,Mittwoch,Unfall mit Leichtverletzten,Unfall anderer Art,Fahrunfall,Dämmerung,1,0,0,0,0,0,"353956,2876","5647216,138",6.920485601,50.95802653,trocken,,Rad
247990,5,3,15,0,2019,September,13,Mittwoch,Unfall mit Leichtverletzten,Zusammenstoß mit entgegenkommendem Fahrzeug,Unfall im Längsverkehr,Tageslicht,1,1,0,0,0,0,"356640,1853","5642706,217",6.960449915,50.91817034,trocken,,"Rad, PKW"
247991,5,3,15,0,2019,September,3,Mittwoch,Unfall mit Leichtverletzten,Unfall anderer Art,Sonstiger Unfall,Dunkelheit,0,0,0,0,0,1,"355887,2695","5644639,171",6.948981614,50.93535397,trocken,,Sonstige
247992,5,3,15,0,2019,September,15,Mittwoch,Unfall mit Leichtverletzten,Unfall anderer Art,Fahrunfall,Tageslicht,0,0,0,0,0,1,"356487,4745","5643696,881",6.957888946,50.92703539,trocken,,Sonstige
247993,5,3,15,0,2019,September,11,Mittwoch,Unfall mit Leichtverletzten,Unfall anderer Art,Sonstiger Unfall,Tageslicht,1,1,0,0,0,1,"355812,5178","5645467,34",6.947590722,50.94277789,trocken,,"Rad, PKW, Sonstige"
248018,5,3,15,0,2019,September,18,Mittwoch,Unfall mit Leichtverletzten,Zusammenstoß zwischen Fahrzeug und Fußgänger,Überschreiten-Unfall,Tageslicht,0,1,1,0,0,0,"365617,6662","5636322,651",7.090440321,50.86295757,trocken,,"Fuss, PKW"
248019,5,3,15,0,2019,September,15,Mittwoch,Unfall mit Leichtverletzten,Unfall anderer Art,Sonstiger Unfall,Tageslicht,0,0,0,0,0,1,"364803,405","5635954,454",7.079012703,50.85945851,trocken,,Sonstige
248020,5,3,15,0,2019,September,17,Mittwoch,Unfall mit Leichtverletzten,Zusammenstoß mit seitlich in gleicher Richtung fahrendem Fahrzeug,Abbiegeunfall,Tageslicht,1,1,0,0,0,0,"359593,327","5645116,579",7.001507651,50.9405587,trocken,,"Rad, PKW"
248021,5,3,15,0,2019,September,15,Mittwoch,Unfall mit Leichtverletzten,Zusammenstoß mit seitlich in gleicher Richtung fahrendem Fahrzeug,Abbiegeunfall,Tageslicht,1,1,0,0,0,0,"359073,793","5644753,545",6.994258069,50.93716934,trocken,,"Rad, PKW"
248022,5,3,15,0,2019,September,16,Mittwoch,Unfall mit Leichtverletzten,Zusammenstoß mit einbiegendem / kreuzendem Fahrzeug,Einbiegen / Kreuzen-Unfall,Tageslicht,1,1,0,0,0,0,"364865,168","5648767,694",7.075143095,50.97463273,trocken,,"Rad, PKW"
248023,5,3,15,0,2019,September,16,Mittwoch,Unfall mit Leichtverletzten,Zusammenstoß mit einbiegendem / kreuzendem Fahrzeug,Einbiegen / Kreuzen-Unfall,Tageslicht,1,1,0,0,0,0,"357411,9359","5649343,296",6.968823196,50.97800853,trocken,,"Rad, PKW"
248024,5,3,15,0,2019,September,19,Mittwoch,Unfall mit Schwerverletzten,Unfall anderer Art,Fahrunfall,Dämmerung,0,0,0,1,0,0,"353050,6653","5650863,028",6.906125766,50.9905692,trocken,,Krad
248025,5,3,15,0,2019,September,18,Mittwoch,Unfall mit Leichtverletzten,Zusammenstoß zwischen Fahrzeug und Fußgänger,Überschreiten-Unfall,Tageslicht,0,0,1,0,0,1,"356768,6178","5641850,838",6.962611662,50.910515,trocken,,"Fuss, Sonstige"
248026,5,3,15,0,2019,September,7,Mittwoch,Unfall mit Leichtverletzten,Zusammenstoß mit einbiegendem / kreuzendem Fahrzeug,Einbiegen / Kreuzen-Unfall,Tageslicht,1,0,0,0,0,0,"354160,2212","5644166,603",6.924608428,50.93067299,trocken,,Rad
248027,5,3,15,0,2019,September,19,Mittwoch,Unfall mit Leichtverletzten,Zusammenstoß mit vorausfahrendem / wartendem Fahrzeug,Unfall im Längsverkehr,Dämmerung,0,1,0,0,0,1,"354724,5355","5644474,213",6.932510766,50.93357981,trocken,,"PKW, Sonstige"
248028,5,3,15,0,2019,September,18,Mittwoch,Unfall mit Leichtverletzten,Zusammenstoß mit vorausfahrendem / wartendem Fahrzeug,Unfall im Längsverkehr,Tageslicht,0,1,0,0,0,0,"356497,173","5643641,137",6.958048798,50.92653683,trocken,,PKW
248091,5,3,15,0,2019,September,9,Dienstag,Unfall mit Leichtverletzten,Zusammenstoß mit einbiegendem / kreuzendem Fahrzeug,Einbiegen / Kreuzen-Unfall,Tageslicht,0,1,0,1,0,0,"365932,1123","5648314,991",7.090498466,50.97081342,trocken,,"Krad, PKW"
248092,5,3,15,0,2019,September,14,Dienstag,Unfall mit Leichtverletzten,Zusammenstoß zwischen Fahrzeug und Fußgänger,Unfall durch ruhenden Verkehr,Tageslicht,0,1,1,0,0,0,"352954,2184","5654401,057",6.903319043,51.02233895,trocken,,"Fuss, PKW"
248147,5,3,15,0,2019,September,18,Montag,Unfall mit Leichtverletzten,Unfall anderer Art,Überschreiten-Unfall,Tageslicht,0,1,1,0,0,0,"360431,9861","5649968,519",7.011575922,50.98436739,nass/feucht,,"Fuss, PKW"
248148,5,3,15,0,2019,September,17,Montag,Unfall mit Leichtverletzten,Unfall anderer Art,Einbiegen / Kreuzen-Unfall,Tageslicht,1,1,0,0,0,0,"361023,8478","5645383,127",7.021754374,50.9433008,nass/feucht,,"Rad, PKW"
248149,5,3,15,0,2019,September,19,Montag,Unfall mit Leichtverletzten,Zusammenstoß mit einbiegendem / kreuzendem Fahrzeug,Einbiegen / Kreuzen-Unfall,Tageslicht,1,1,0,0,0,0,"356716,6964","5642292,045",6.961700356,50.91446721,nass/feucht,,"Rad, PKW"
248150,5,3,15,0,2019,September,12,Montag,Unfall mit Leichtverletzten,Unfall anderer Art,Fahrunfall,Tageslicht,0,0,0,1,0,0,"358856,0833","5639782,113",6.993084816,50.89243732,trocken,,Krad
248185,5,3,15,0,2019,September,13,Sonntag,Unfall mit Schwerverletzten,Zusammenstoß mit anfahrendem/ anhaltendem/ruhendem Fahrzeug,Unfall durch ruhenden Verkehr,Tageslicht,0,1,0,0,0,0,"356885,2847","5650422,104",6.960901259,50.98757294,trocken,,PKW
248186,5,3,15,0,2019,September,1,Sonntag,Unfall mit Schwerverletzten,Unfall anderer Art,Sonstiger Unfall,Dunkelheit,1,0,0,0,0,0,"352062,1678","5654725,483",6.890476395,51.02502553,trocken,,Rad
248187,5,3,15,0,2019,September,13,Sonntag,Unfall mit Leichtverletzten,Zusammenstoß mit einbiegendem / kreuzendem Fahrzeug,Einbiegen / Kreuzen-Unfall,Tageslicht,1,1,0,0,0,0,"352421,2574","5646653,69",6.898872,50.95258101,trocken,,"Rad, PKW"
248188,5,3,15,0,2019,September,12,Sonntag,Unfall mit Leichtverletzten,Zusammenstoß mit vorausfahrendem / wartendem Fahrzeug,Abbiegeunfall,Tageslicht,0,1,0,0,0,0,"353426,4627","5647074,058",6.913003992,50.9566152,trocken,,PKW
248189,5,3,15,0,2019,September,14,Sonntag,Unfall mit Leichtverletzten,Zusammenstoß mit einbiegendem / kreuzendem Fahrzeug,Einbiegen / Kreuzen-Unfall,Tageslicht,0,1,0,1,0,0,"356750,2607","5638475,084",6.963674696,50.88017263,trocken,,"Krad, PKW"
248190,5,3,15,0,2019,September,18,Sonntag,Unfall mit Leichtverletzten,Zusammenstoß mit entgegenkommendem Fahrzeug,Fahrunfall,Tageslicht,0,1,0,0,0,0,"356980,9202","5639275,548",6.966638129,50.88742354,nass/feucht,,PKW
248191,5,3,15,0,2019,September,15,Sonntag,Unfall mit Leichtverletzten,Unfall anderer Art,Sonstiger Unfall,Tageslicht,0,0,0,0,0,1,"356730,673","5644766,401",6.960926794,50.93670751,nass/feucht,,Sonstige
248192,5,3,15,0,2019,September,2,Sonntag,Unfall mit Leichtverletzten,Unfall anderer Art,Fahrunfall,Dunkelheit,1,0,0,0,0,0,"356409,1679","5645655,11",6.956003812,50.94461426,trocken,,Rad
248193,5,3,15,0,2019,September,0,Sonntag,Unfall mit Schwerverletzten,Unfall anderer Art,Überschreiten-Unfall,Dunkelheit,0,1,1,0,0,0,"356197,523","5643570,776",6.953815629,50.92582989,trocken,,"Fuss, PKW"
248213,5,3,15,0,2019,September,16,Samstag,Unfall mit Leichtverletzten,Zusammenstoß zwischen Fahrzeug und Fußgänger,Abbiegeunfall,Tageslicht,0,1,1,0,0,0,"363475,46","5640205,144",7.058568301,50.8973497,trocken,,"Fuss, PKW"
248219,5,3,15,0,2019,September,22,Samstag,Unfall mit Schwerverletzten,Zusammenstoß mit anfahrendem/ anhaltendem/ruhendem Fahrzeug,Fahrunfall,Dunkelheit,0,1,0,0,0,1,"360847,6862","5647828,486",7.018313631,50.96523521,trocken,,"PKW, Sonstige"
248223,5,3,15,0,2019,September,8,Samstag,Unfall mit Leichtverletzten,Zusammenstoß mit entgegenkommendem Fahrzeug,Abbiegeunfall,Tageslicht,1,1,0,0,0,0,"359982,7846","5647178,169",7.00625466,50.95918119,trocken,,"Rad, PKW"
248227,5,3,15,0,2019,September,15,Samstag,Unfall mit Leichtverletzten,Zusammenstoß mit einbiegendem / kreuzendem Fahrzeug,Abbiegeunfall,Tageslicht,1,1,0,0,0,0,"355289,789","5641931,039",6.941558763,50.9108669,trocken,,"Rad, PKW"
248230,5,3,15,0,2019,September,19,Samstag,Unfall mit Leichtverletzten,Unfall anderer Art,Unfall durch ruhenden Verkehr,Tageslicht,1,1,0,0,0,0,"356505,7335","5643587,961",6.958191454,50.92606108,trocken,,"Rad, PKW"
248232,5,3,15,0,2019,September,12,Samstag,Unfall mit Leichtverletzten,Zusammenstoß mit einbiegendem / kreuzendem Fahrzeug,Einbiegen / Kreuzen-Unfall,Tageslicht,1,1,0,0,0,0,"356800,1414","5645347,956",6.96168625,50.94195115,trocken,,"Rad, PKW"
248271,5,3,15,0,2019,September,14,Samstag,Unfall mit Leichtverletzten,Unfall anderer Art,Sonstiger Unfall,Tageslicht,0,1,0,0,0,1,"366985,5265","5637792,574",7.109331572,50.87648525,trocken,,"PKW, Sonstige"
248272,5,3,15,0,2019,September,22,Samstag,Unfall mit Leichtverletzten,Zusammenstoß zwischen Fahrzeug und Fußgänger,Unfall im Längsverkehr,Dunkelheit,0,1,1,0,0,0,"361220,6294","5648206,779",7.023477052,50.96872497,trocken,,"Fuss, PKW"
248273,5,3,15,0,2019,September,22,Samstag,Unfall mit Leichtverletzten,Unfall anderer Art,Fahrunfall,Dunkelheit,1,0,0,0,0,0,"353662,5965","5651468,374",6.914595061,50.99616508,trocken,,Rad
248274,5,3,15,0,2019,September,8,Samstag,Unfall mit Leichtverletzten,Zusammenstoß mit einbiegendem / kreuzendem Fahrzeug,Einbiegen / Kreuzen-Unfall,Tageslicht,0,1,0,0,0,0,"352698,3673","5647549,449",6.902451959,50.96070167,trocken,,PKW
248275,5,3,15,0,2019,September,14,Samstag,Unfall mit Leichtverletzten,Zusammenstoß mit seitlich in gleicher Richtung fahrendem Fahrzeug,Unfall im Längsverkehr,Tageslicht,1,1,0,0,0,0,"356719,4258","5642298,779",6.961736514,50.91452841,trocken,,"Rad, PKW"
248276,5,3,15,0,2019,September,16,Samstag,Unfall mit Leichtverletzten,Zusammenstoß mit einbiegendem / kreuzendem Fahrzeug,Unfall durch ruhenden Verkehr,Tageslicht,1,1,0,0,0,0,"355963,6899","5642987,485",6.95072105,50.92052961,trocken,,"Rad, PKW"
248277,5,3,15,0,2019,September,12,Samstag,Unfall mit Leichtverletzten,Zusammenstoß mit einbiegendem / kreuzendem Fahrzeug,Sonstiger Unfall,Tageslicht,0,1,0,0,1,1,"355191,134","5644096,023",6.939296822,50.93029845,trocken,,"PKW, Gkfz, Sonstige"
248349,5,3,15,0,2019,September,22,Freitag,Unfall mit Leichtverletzten,Unfall anderer Art,Einbiegen / Kreuzen-Unfall,Dunkelheit,1,1,0,0,0,0,"359617,7834","5645152,381",7.00184173,50.94088642,trocken,,"Rad, PKW"
248350,5,3,15,0,2019,September,7,Freitag,Unfall mit Leichtverletzten,Unfall anderer Art,Einbiegen / Kreuzen-Unfall,Tageslicht,0,1,0,1,0,0,"358462,9829","5644849,748",6.985533035,50.93788433,nass/feucht,,"Krad, PKW"
248351,5,3,15,0,2019,September,14,Freitag,Unfall mit Leichtverletzten,Zusammenstoß mit einbiegendem / kreuzendem Fahrzeug,Einbiegen / Kreuzen-Unfall,Tageslicht,1,1,0,0,0,0,"352690,58","5643485,596",6.903984561,50.92417961,trocken,,"Rad, PKW"
248352,5,3,15,0,2019,September,7,Freitag,Unfall mit Leichtverletzten,Zusammenstoß mit einbiegendem / kreuzendem Fahrzeug,Einbiegen / Kreuzen-Unfall,Tageslicht,1,0,0,0,0,0,"354712,309","5642251,075",6.93322263,50.91359793,nass/feucht,,Rad
248353,5,3,15,0,2019,September,11,Freitag,Unfall mit Leichtverletzten,Zusammenstoß mit einbiegendem / kreuzendem Fahrzeug,Sonstiger Unfall,Tageslicht,0,0,0,1,0,1,"355845,0456","5642710,995",6.949143465,50.9180152,nass/feucht,,"Krad, Sonstige"
248447,5,3,15,0,2019,September,13,Donnerstag,Unfall mit Leichtverletzten,Zusammenstoß mit seitlich in gleicher Richtung fahrendem Fahrzeug,Unfall im Längsverkehr,Tageslicht,1,1,0,0,0,0,"359151,9786","5644551,18",6.995448343,50.93536977,trocken,,"Rad, PKW"
248448,5,3,15,0,2019,September,15,Donnerstag,Unfall mit Leichtverletzten,Abkommen von Fahrbahn nach rechts,Fahrunfall,Tageslicht,0,1,0,0,0,0,"359362,6038","5646060,908",6.997861128,50.94898924,nass/feucht,,PKW
248449,5,3,15,0,2019,September,8,Donnerstag,Unfall mit Schwerverletzten,Zusammenstoß mit einbiegendem / kreuzendem Fahrzeug,Einbiegen / Kreuzen-Unfall,Tageslicht,0,1,0,1,0,0,"362708,4594","5650854,417",7.043653642,50.99287659,trocken,,"Krad, PKW"
248450,5,3,15,0,2019,September,17,Donnerstag,Unfall mit Leichtverletzten,Zusammenstoß mit entgegenkommendem Fahrzeug,Abbiegeunfall,Tageslicht,1,1,0,0,0,0,"360376,116","5648239,148",7.011444626,50.96881179,trocken,,"Rad, PKW"
248451,5,3,15,0,2019,September,17,Donnerstag,Unfall mit Leichtverletzten,Zusammenstoß zwischen Fahrzeug und Fußgänger,Überschreiten-Unfall,Tageslicht,0,0,1,0,0,1,"357414,1668","5648758,297",6.969084374,50.97275177,nass/feucht,,"Fuss, Sonstige"
248452,5,3,15,0,2019,September,17,Donnerstag,Unfall mit Leichtverletzten,Zusammenstoß mit einbiegendem / kreuzendem Fahrzeug,Einbiegen / Kreuzen-Unfall,Tageslicht,0,1,0,0,0,0,"356599,811","5648068,958",6.957764781,50.96635461,nass/feucht,,PKW
248453,5,3,15,0,2019,September,16,Donnerstag,Unfall mit Leichtverletzten,Zusammenstoß mit anfahrendem/ anhaltendem/ruhendem Fahrzeug,Unfall durch ruhenden Verkehr,Tageslicht,1,1,0,0,0,0,"357424,6594","5649206,336",6.969058035,50.97678084,trocken,,"Rad, PKW"
248454,5,3,15,0,2019,September,16,Donnerstag,Unfall mit Leichtverletzten,Zusammenstoß mit anfahrendem/ anhaltendem/ruhendem Fahrzeug,Unfall durch ruhenden Verkehr,Tageslicht,0,0,0,1,1,0,"353699,3878","5647534,476",6.916702214,50.96082215,nass/feucht,,"Krad, Gkfz"
248455,5,3,15,0,2019,September,19,Donnerstag,Unfall mit Leichtverletzten,Unfall anderer Art,Unfall durch ruhenden Verkehr,Dämmerung,1,1,0,0,0,0,"356904,5438","5642805,243",6.964169499,50.9191259,nass/feucht,,"Rad, PKW"
248547,5,3,15,0,2019,September,8,Mittwoch,Unfall mit Leichtverletzten,Zusammenstoß mit einbiegendem / kreuzendem Fahrzeug,Einbiegen / Kreuzen-Unfall,Tageslicht,1,1,0,0,0,0,"365043,807","5637744,956",7.081765946,50.8756071,trocken,,"Rad, PKW"
248548,5,3,15,0,2019,September,7,Mittwoch,Unfall mit Leichtverletzten,Unfall anderer Art,Fahrunfall,Tageslicht,0,0,0,1,0,0,"352910,745","5650991,138",6.904081601,50.99168472,trocken,,Krad
248549,5,3,15,0,2019,September,11,Mittwoch,Unfall mit Leichtverletzten,Zusammenstoß mit einbiegendem / kreuzendem Fahrzeug,Einbiegen / Kreuzen-Unfall,Tageslicht,1,1,0,0,0,0,"353008,803","5653762,45",6.90435562,51.01661411,trocken,,"Rad, PKW"
248550,5,3,15,0,2019,September,8,Mittwoch,Unfall mit Schwerverletzten,Zusammenstoß zwischen Fahrzeug und Fußgänger,Überschreiten-Unfall,Tageslicht,0,1,1,0,0,0,"351175,9959","5645097,342",6.881791658,50.93827479,trocken,,"Fuss, PKW"
248551,5,3,15,0,2019,September,8,Mittwoch,Unfall mit Leichtverletzten,Zusammenstoß mit anfahrendem/ anhaltendem/ruhendem Fahrzeug,Sonstiger Unfall,Tageslicht,0,1,0,1,0,0,"352600,312","5645452,344",6.901905681,50.94183088,trocken,,"Krad, PKW"
248552,5,3,15,0,2019,September,16,Mittwoch,Unfall mit Leichtverletzten,Zusammenstoß mit einbiegendem / kreuzendem Fahrzeug,Sonstiger Unfall,Tageslicht,1,0,0,0,0,0,"353825,331","5646806,491",6.918786739,50.95431198,trocken,,Rad
248553,5,3,15,0,2019,September,16,Mittwoch,Unfall mit Leichtverletzten,Zusammenstoß mit anfahrendem/ anhaltendem/ruhendem Fahrzeug,Unfall durch ruhenden Verkehr,Tageslicht,1,1,0,0,0,0,"356596,6095","5642997,676",6.9597158,50.92077883,trocken,,"Rad, PKW"
248594,5,3,15,0,2019,September,15,Dienstag,Unfall mit Leichtverletzten,Unfall anderer Art,Fahrunfall,Tageslicht,1,0,0,0,0,0,"366281,4816","5635625,344",7.100122295,50.85684424,trocken,,Rad
248595,5,3,15,0,2019,September,16,Dienstag,Unfall mit Leichtverletzten,Unfall anderer Art,Sonstiger Unfall,Tageslicht,0,1,0,1,0,0,"361838,2087","5648434,992",7.032180481,50.97092444,trocken,,"Krad, PKW"