OBJECTID,ULAND,UREGBEZ,UKREIS,UGEMEINDE,UJAHR,UMONAT,USTUNDE,UWOCHENTAG,UKATEGORIE,UART,UTYP1,ULICHTVERH,IstRad,IstPKW,IstFuss,IstKrad,IstGkfz,IstSonstige,LINREFX,LINREFY,XGCSWGS84,YGCSWGS84,USTRZUSTAND,UIDENTSTLAE,Participants
249510,5,3,15,0,2019,September,17,Donnerstag,Unfall mit Leichtverletzten,Zusammenstoß zwischen Fahrzeug und Fußgänger,Überschreiten-Unfall,Tageslicht,0,1,1,0,0,0,"356629,0797","5645599,92",6.959153826,50.94417301,nass/feucht,,"Fuss, PKW"
249633,5,3,15,0,2019,Oktober,12,Mittwoch,Unfall mit Leichtverletzten,Unfall anderer Art,Fahrunfall,Tageslicht,0,0,0,1,0,0,"364584,3765","5640807,279",7.074104654,50.90302253,nass/feucht,,Krad
249634,5,3,15,0,2019,Oktober,17,Mittwoch,Unfall mit Leichtverletzten,Unfall anderer Art,Fahrunfall,Tageslicht,0,0,0,1,0,0,"359268,2325","5646081,203",6.996510676,50.9491486,nass/feucht,,Krad
249635,5,3,15,0,2019,Oktober,13,Mittwoch,Unfall mit Leichtverletzten,Zusammenstoß mit einbiegendem / kreuzendem Fahrzeug,Einbiegen / Kreuzen-Unfall,Tageslicht,1,0,0,0,0,1,"360067,3885","5648005,412",7.007140419,50.96663626,nass/feucht,,"Rad, Sonstige"
249636,5,3,15,0,2019,Oktober,8,Mittwoch,Unfall mit Leichtverletzten,Unfall anderer Art,Fahrunfall,Tageslicht,0,0,0,1,0,0,"356884,8911","5652097,594",6.960235395,51.00263014,nass/feucht,,Krad
249637,5,3,15,0,2019,Oktober,15,Mittwoch,Unfall mit Leichtverletzten,Zusammenstoß mit einbiegendem / kreuzendem Fahrzeug,Einbiegen / Kreuzen-Unfall,Tageslicht,1,1,0,0,0,0,"354445,1919","5646390,355",6.927772417,50.95072919,nass/feucht,,"Rad, PKW"
249638,5,3,15,0,2019,Oktober,9,Donnerstag,Unfall mit Leichtverletzten,Zusammenstoß mit einbiegendem / kreuzendem Fahrzeug,Einbiegen / Kreuzen-Unfall,Tageslicht,0,1,0,0,0,0,"363714,8799","5640192,809",7.061975464,50.89729539,nass/feucht,,PKW
249639,5,3,15,0,2019,Oktober,17,Mittwoch,Unfall mit Leichtverletzten,Zusammenstoß mit seitlich in gleicher Richtung fahrendem Fahrzeug,Sonstiger Unfall,Tageslicht,1,1,0,0,0,0,"352315,2584","5644639,604",6.898180557,50.93445422,nass/feucht,,"Rad, PKW"
249640,5,3,15,0,2019,Oktober,17,Mittwoch,Unfall mit Leichtverletzten,Unfall anderer Art,Fahrunfall,Tageslicht,1,0,0,0,0,0,"354133,7042","5643342,375",6.924561099,50.92325919,nass/feucht,,Rad
249641,5,3,15,0,2019,Oktober,17,Mittwoch,Unfall mit Leichtverletzten,Abkommen von Fahrbahn nach links,Fahrunfall,Tageslicht,0,0,0,0,0,1,"354912,685","5643682,786",6.93550156,50.9265148,nass/feucht,,Sonstige
249642,5,3,15,0,2019,Oktober,15,Mittwoch,Unfall mit Schwerverletzten,Zusammenstoß mit einbiegendem / kreuzendem Fahrzeug,Unfall durch ruhenden Verkehr,Tageslicht,1,1,0,0,0,0,"356207,2291","5642919,547",6.954210429,50.9199798,nass/feucht,,"Rad, PKW"
249643,5,3,15,0,2019,Oktober,17,Mittwoch,Unfall mit Leichtverletzten,Zusammenstoß mit einbiegendem / kreuzendem Fahrzeug,Einbiegen / Kreuzen-Unfall,Tageslicht,0,1,0,0,0,0,"355504,383","5643362,279",6.944042244,50.92378297,trocken,,PKW
249644,5,3,15,0,2019,Oktober,11,Donnerstag,Unfall mit Leichtverletzten,Zusammenstoß mit einbiegendem / kreuzendem Fahrzeug,Abbiegeunfall,Tageslicht,1,1,0,0,0,0,"361320,0112","5649648,458",7.02434167,50.98170554,trocken,,"Rad, PKW"
249647,5,3,15,0,2019,Oktober,18,Donnerstag,Unfall mit Leichtverletzten,Zusammenstoß mit einbiegendem / kreuzendem Fahrzeug,Einbiegen / Kreuzen-Unfall,Tageslicht,1,1,0,0,0,0,"357441,387","5648940,268",6.96940048,50.97439386,trocken,,"Rad, PKW"
249651,5,3,15,0,2019,Oktober,14,Donnerstag,Unfall mit Leichtverletzten,Zusammenstoß mit einbiegendem / kreuzendem Fahrzeug,Einbiegen / Kreuzen-Unfall,Tageslicht,0,1,0,0,0,1,"355310,6463","5648455,108",6.939264168,50.96950248,trocken,,"PKW, Sonstige"
249670,5,3,15,0,2019,Oktober,11,Donnerstag,Unfall mit Leichtverletzten,Zusammenstoß zwischen Fahrzeug und Fußgänger,Überschreiten-Unfall,Tageslicht,1,0,1,0,0,0,"357226,2813","5648059,047",6.966684532,50.96642114,nass/feucht,,"Rad, Fuss"
249685,5,3,15,0,2019,Oktober,20,Donnerstag,Unfall mit Leichtverletzten,Zusammenstoß mit anfahrendem/ anhaltendem/ruhendem Fahrzeug,Sonstiger Unfall,Dunkelheit,0,1,0,0,0,0,"347612,8513","5645466,472",6.830961518,50.94066129,trocken,,PKW
249693,5,3,15,0,2019,Oktober,9,Donnerstag,Unfall mit Schwerverletzten,Zusammenstoß mit einbiegendem / kreuzendem Fahrzeug,Fahrunfall,Tageslicht,1,1,0,0,0,0,"352895,6783","5647783,759",6.905164894,50.96285771,nass/feucht,,"Rad, PKW"
249703,5,3,15,0,2019,Oktober,6,Donnerstag,Unfall mit Leichtverletzten,Zusammenstoß mit einbiegendem / kreuzendem Fahrzeug,Einbiegen / Kreuzen-Unfall,Dunkelheit,1,1,0,0,0,0,"355711,5525","5642357,552",6.947385389,50.91480549,nass/feucht,,"Rad, PKW"
249710,5,3,15,0,2019,Oktober,15,Donnerstag,Unfall mit Leichtverletzten,Zusammenstoß mit einbiegendem / kreuzendem Fahrzeug,Einbiegen / Kreuzen-Unfall,Tageslicht,0,1,0,0,0,0,"354845,3049","5642482,707",6.935021081,50.91571302,trocken,,PKW
249714,5,3,15,0,2019,Oktober,11,Donnerstag,Unfall mit Leichtverletzten,Unfall anderer Art,Einbiegen / Kreuzen-Unfall,Tageslicht,1,1,0,0,0,0,"356076,9149","5644828,607",6.951603989,50.93710376,trocken,,"Rad, PKW"
249718,5,3,15,0,2019,Oktober,18,Donnerstag,Unfall mit Leichtverletzten,Zusammenstoß zwischen Fahrzeug und Fußgänger,Unfall im Längsverkehr,Tageslicht,0,0,1,0,0,1,"355563,4573","5645202,485",6.94415297,50.94033536,trocken,,"Fuss, Sonstige"
249725,5,3,15,0,2019,Oktober,17,Donnerstag,Unfall mit Leichtverletzten,Unfall anderer Art,Sonstiger Unfall,Tageslicht,0,0,0,0,0,1,"356345,5434","5645329,823",6.95522703,50.9416751,trocken,,Sonstige
249727,5,3,15,0,2019,September,15,Dienstag,Unfall mit Leichtverletzten,Zusammenstoß zwischen Fahrzeug und Fußgänger,Überschreiten-Unfall,Tageslicht,0,1,1,0,0,0,"359492,7144","5650532,855",6.997984604,50.98921062,trocken,,"Fuss, PKW"
249728,5,3,15,0,2019,September,5,Dienstag,Unfall mit Leichtverletzten,Zusammenstoß mit entgegenkommendem Fahrzeug,Abbiegeunfall,Dunkelheit,0,1,0,0,0,1,"361864,0657","5648992,852",7.032336599,50.97594426,nass/feucht,,"PKW, Sonstige"
249729,5,3,15,0,2019,September,7,Dienstag,Unfall mit Leichtverletzten,Zusammenstoß mit vorausfahrendem / wartendem Fahrzeug,Unfall im Längsverkehr,Dämmerung,0,1,0,0,0,0,"361865,5628","5649008,808",7.032351849,50.97608802,nass/feucht,,PKW
249730,5,3,15,0,2019,September,22,Dienstag,Unfall mit Leichtverletzten,Unfall anderer Art,Abbiegeunfall,Dunkelheit,0,1,0,0,0,1,"362908,379","5649010,262",7.047196373,50.97635028,trocken,,"PKW, Sonstige"
249731,5,3,15,0,2019,September,21,Dienstag,Unfall mit Schwerverletzten,Zusammenstoß mit einbiegendem / kreuzendem Fahrzeug,Sonstiger Unfall,Dunkelheit,0,1,0,0,0,0,"357519,4246","5648954,865",6.970505578,50.97454435,trocken,,PKW
249732,5,3,15,0,2019,September,8,Dienstag,Unfall mit Leichtverletzten,Unfall anderer Art,Abbiegeunfall,Tageslicht,0,1,0,0,0,1,"354469,0097","5651285,632",6.926152137,50.99472734,nass/feucht,,"PKW, Sonstige"
249733,5,3,15,0,2019,September,18,Dienstag,Unfall mit Leichtverletzten,Zusammenstoß mit einbiegendem / kreuzendem Fahrzeug,Einbiegen / Kreuzen-Unfall,Tageslicht,1,1,0,0,0,0,"354470,585","5646348,016",6.928150603,50.95035511,trocken,,"Rad, PKW"
249734,5,3,15,0,2019,September,0,Dienstag,Unfall mit Leichtverletzten,Zusammenstoß mit anfahrendem/ anhaltendem/ruhendem Fahrzeug,Unfall durch ruhenden Verkehr,Dunkelheit,0,1,0,0,0,0,"355148,0604","5647123,05",6.937480478,50.95749079,nass/feucht,,PKW
249735,5,3,15,0,2019,September,20,Dienstag,Unfall mit Leichtverletzten,Zusammenstoß mit einbiegendem / kreuzendem Fahrzeug,Abbiegeunfall,Dunkelheit,0,1,0,0,0,0,"352337,443","5645926,659",6.897974394,50.94602606,trocken,,PKW
249736,5,3,15,0,2019,September,12,Dienstag,Unfall mit Leichtverletzten,Zusammenstoß mit vorausfahrendem / wartendem Fahrzeug,Sonstiger Unfall,Tageslicht,0,1,0,0,0,0,"357142,3662","5636363,509",6.970069552,50.86129287,trocken,,PKW
249737,5,3,15,0,2019,September,14,Dienstag,Unfall mit Leichtverletzten,Zusammenstoß mit seitlich in gleicher Richtung fahrendem Fahrzeug,Unfall im Längsverkehr,Tageslicht,0,1,0,1,0,0,"356191,1572","5644403,982",6.953396411,50.93331622,trocken,,"Krad, PKW"
249776,5,3,15,0,2019,September,22,Montag,Unfall mit Schwerverletzten,Unfall anderer Art,Überschreiten-Unfall,Dunkelheit,0,0,1,0,0,1,"353569,252","5651493,996",6.913255452,50.99637159,nass/feucht,,"Fuss, Sonstige"
249777,5,3,15,0,2019,September,5,Montag,Unfall mit Schwerverletzten,Zusammenstoß zwischen Fahrzeug und Fußgänger,Überschreiten-Unfall,Dunkelheit,1,0,1,0,0,0,"353010,9585","5646214,517",6.907439069,50.94878504,trocken,,"Rad, Fuss"
249778,5,3,15,0,2019,September,1,Montag,Unfall mit Schwerverletzten,Abkommen von Fahrbahn nach rechts,Fahrunfall,Dunkelheit,0,0,0,0,0,1,"354532,7474","5646306,189",6.929051678,50.94999492,trocken,,Sonstige
249810,5,3,15,0,2019,September,12,Sonntag,Unfall mit Leichtverletzten,Zusammenstoß mit anfahrendem/ anhaltendem/ruhendem Fahrzeug,Unfall im Längsverkehr,Tageslicht,0,1,0,0,0,0,"358944,8026","5642531,714",6.993283028,50.91717001,trocken,,PKW
249812,5,3,15,0,2019,September,6,Sonntag,Unfall mit Leichtverletzten,Unfall anderer Art,Sonstiger Unfall,Dunkelheit,0,0,0,1,0,0,"351888,2261","5646828,589",6.891217382,50.95401601,trocken,,Krad
249813,5,3,15,0,2019,September,8,Sonntag,Unfall mit Leichtverletzten,Zusammenstoß zwischen Fahrzeug und Fußgänger,Überschreiten-Unfall,Tageslicht,0,1,1,0,0,0,"355209,6357","5641497,407",6.940591436,50.90694982,trocken,,"Fuss, PKW"
249814,5,3,15,0,2019,September,17,Sonntag,Unfall mit Leichtverletzten,Zusammenstoß mit einbiegendem / kreuzendem Fahrzeug,Einbiegen / Kreuzen-Unfall,Tageslicht,1,1,0,0,0,0,"355179,7598","5645607,646",6.938534286,50.9438802,trocken,,"Rad, PKW"
249886,5,3,15,0,2019,Oktober,19,Montag,Unfall mit Leichtverletzten,Zusammenstoß zwischen Fahrzeug und Fußgänger,Sonstiger Unfall,Dunkelheit,0,1,1,0,0,0,"358543,1554","5642265,095",6.98767615,50.91467557,nass/feucht,,"Fuss, PKW"
249887,5,3,15,0,2019,Oktober,0,Montag,Unfall mit Schwerverletzten,Zusammenstoß zwischen Fahrzeug und Fußgänger,Überschreiten-Unfall,Dunkelheit,0,0,1,0,0,1,"362591,221","5647118,331",7.043396147,50.95927134,trocken,,"Fuss, Sonstige"
249888,5,3,15,0,2019,Oktober,13,Montag,Unfall mit Leichtverletzten,Unfall anderer Art,Sonstiger Unfall,Tageslicht,0,1,0,1,0,0,"360280,0709","5648028,208",7.01015864,50.96689276,nass/feucht,,"Krad, PKW"
249889,5,3,15,0,2019,Oktober,3,Montag,Unfall mit Leichtverletzten,Unfall anderer Art,Sonstiger Unfall,Dunkelheit,1,0,0,0,0,0,"355245,2636",5644143,6.940047926,50.9307342,trocken,,Rad
249920,5,3,15,0,2019,Oktober,14,Sonntag,Unfall mit Schwerverletzten,Zusammenstoß mit einbiegendem / kreuzendem Fahrzeug,Einbiegen / Kreuzen-Unfall,Tageslicht,1,1,0,0,0,0,"361838,0493","5648435,402",7.032178057,50.97092809,trocken,,"Rad, PKW"
249921,5,3,15,0,2019,Oktober,0,Sonntag,Unfall mit Schwerverletzten,Unfall anderer Art,Fahrunfall,Dunkelheit,1,0,0,0,0,0,"355968,324","5647825,379",6.94887404,50.96400807,nass/feucht,,Rad
249922,5,3,15,0,2019,Oktober,1,Sonntag,Unfall mit Schwerverletzten,Unfall anderer Art,Fahrunfall,Dunkelheit,1,0,0,0,0,0,"351639,805","5655892,496",6.883980398,51.03540383,nass/feucht,,Rad
249923,5,3,15,0,2019,Oktober,20,Sonntag,Unfall mit Leichtverletzten,Zusammenstoß mit seitlich in gleicher Richtung fahrendem Fahrzeug,Sonstiger Unfall,Tageslicht,0,1,0,0,0,0,"354876,5937","5646090,403",6.934029449,50.94814238,trocken,,PKW
249924,5,3,15,0,2019,Oktober,14,Sonntag,Unfall mit Leichtverletzten,Unfall anderer Art,Einbiegen / Kreuzen-Unfall,Tageslicht,1,1,0,0,0,0,"354669,7173","5646976,034",6.930732886,50.95604916,trocken,,"Rad, PKW"
249925,5,3,15,0,2019,Oktober,19,Sonntag,Unfall mit Getöteten,Zusammenstoß mit einbiegendem / kreuzendem Fahrzeug,Einbiegen / Kreuzen-Unfall,Dämmerung,0,1,0,1,0,0,"352867,6868","5646758,239",6.905181159,50.95363468,trocken,,"Krad, PKW"
249926,5,3,15,0,2019,Oktober,19,Sonntag,Unfall mit Leichtverletzten,Unfall anderer Art,Fahrunfall,Dunkelheit,1,0,0,0,0,0,"353862,6229","5641972,101",6.921255699,50.91087635,trocken,,Rad
249927,5,3,15,0,2019,Oktober,18,Sonntag,Unfall mit Leichtverletzten,Unfall anderer Art,Sonstiger Unfall,Dämmerung,1,0,0,0,0,0,"356048,1241","5643008,951",6.951913046,50.92074358,trocken,,Rad
249928,5,3,15,0,2019,Oktober,11,Sonntag,Unfall mit Leichtverletzten,Zusammenstoß mit seitlich in gleicher Richtung fahrendem Fahrzeug,Unfall durch ruhenden Verkehr,Tageslicht,0,1,0,0,0,1,"356454,5145","5643897,56",6.957341244,50.92883067,trocken,,"PKW, Sonstige"
249991,5,3,15,0,2019,Oktober,11,Samstag,Unfall mit Leichtverletzten,Zusammenstoß mit vorausfahrendem / wartendem Fahrzeug,Unfall im Längsverkehr,Tageslicht,0,1,0,0,0,0,"359541,6686","5644534,655",7.000997173,50.9353163,nass/feucht,,PKW
249992,5,3,15,0,2019,Oktober,10,Samstag,Unfall mit Leichtverletzten,Zusammenstoß mit vorausfahrendem / wartendem Fahrzeug,Unfall im Längsverkehr,Tageslicht,0,1,0,0,0,0,"353012,7935","5646503,318",6.907348587,50.95138085,nass/feucht,,PKW
249993,5,3,15,0,2019,Oktober,16,Samstag,Unfall mit Leichtverletzten,Zusammenstoß mit einbiegendem / kreuzendem Fahrzeug,Abbiegeunfall,Tageslicht,1,1,0,0,0,0,"353925,473","5645835,715",6.920600999,50.94561335,nass/feucht,,"Rad, PKW"
249994,5,3,15,0,2019,Oktober,17,Samstag,Unfall mit Leichtverletzten,Zusammenstoß mit vorausfahrendem / wartendem Fahrzeug,Abbiegeunfall,Tageslicht,0,1,0,0,0,0,"356313,4969","5641078,008",6.956446442,50.90345652,nass/feucht,,PKW
249996,5,3,15,0,2019,Oktober,12,Samstag,Unfall mit Leichtverletzten,Zusammenstoß mit vorausfahrendem / wartendem Fahrzeug,Unfall im Längsverkehr,Tageslicht,0,1,0,0,0,0,"355987,9213","5643047,519",6.951041862,50.92107517,nass/feucht,,PKW
250028,5,3,15,0,2019,Oktober,22,Dienstag,Unfall mit Leichtverletzten,Zusammenstoß mit vorausfahrendem / wartendem Fahrzeug,Unfall im Längsverkehr,Dunkelheit,0,1,0,0,0,0,"358080,03","5645199,549",6.979949902,50.94093387,trocken,,PKW
250031,5,3,15,0,2019,Oktober,16,Dienstag,Unfall mit Leichtverletzten,Zusammenstoß mit einbiegendem / kreuzendem Fahrzeug,Abbiegeunfall,Tageslicht,0,1,0,1,0,0,"352337,443","5645926,659",6.897974394,50.94602606,trocken,,"Krad, PKW"
250044,5,3,15,0,2019,Oktober,7,Dienstag,Unfall mit Leichtverletzten,Zusammenstoß zwischen Fahrzeug und Fußgänger,Abbiegeunfall,Dunkelheit,0,1,1,0,0,0,"355009,4961","5642818,5",6.937221791,50.918772,nass/feucht,,"Fuss, PKW"
250050,5,3,15,0,2019,Oktober,7,Freitag,Unfall mit Leichtverletzten,Unfall anderer Art,Sonstiger Unfall,Tageslicht,1,0,0,0,0,0,"357960,891","5644693,215",6.978452631,50.93635412,trocken,,Rad
250051,5,3,15,0,2019,Oktober,19,Freitag,Unfall mit Leichtverletzten,Zusammenstoß zwischen Fahrzeug und Fußgänger,Abbiegeunfall,Dunkelheit,0,1,1,0,0,0,"352499,281","5646982,265",6.899848913,50.95555373,nass/feucht,,"Fuss, PKW"
250052,5,3,15,0,2019,Oktober,1,Freitag,Unfall mit Leichtverletzten,Unfall anderer Art,Unfall im Längsverkehr,Dunkelheit,1,1,0,0,0,0,"355266,4069","5641787,412",6.941283354,50.90957028,trocken,,"Rad, PKW"
250055,5,3,15,0,2019,Oktober,6,Dienstag,Unfall mit Leichtverletzten,Zusammenstoß mit anfahrendem/ anhaltendem/ruhendem Fahrzeug,Unfall durch ruhenden Verkehr,Dunkelheit,1,1,0,0,0,0,"354778,2075","5643773,086",6.933553395,50.92729247,nass/feucht,,"Rad, PKW"
250070,5,3,15,0,2019,Oktober,10,Dienstag,Unfall mit Leichtverletzten,Zusammenstoß mit einbiegendem / kreuzendem Fahrzeug,Abbiegeunfall,Tageslicht,1,1,0,0,0,0,"356462,0492","5645974,229",6.956630284,50.9474953,trocken,,"Rad, PKW"
250078,5,3,15,0,2019,Oktober,6,Dienstag,Unfall mit Schwerverletzten,Unfall anderer Art,Fahrunfall,Dämmerung,1,0,0,0,0,0,"355295,9893","5644187,487",6.940751625,50.93114672,nass/feucht,,Rad
250095,5,3,15,0,2019,Oktober,16,Samstag,Unfall mit Leichtverletzten,Unfall anderer Art,Einbiegen / Kreuzen-Unfall,Tageslicht,1,0,0,0,0,0,"355611,404","5648719,956",6.9434396,50.97195808,trocken,,Rad
250104,5,3,15,0,2019,Oktober,8,Samstag,Unfall mit Leichtverletzten,Zusammenstoß mit einbiegendem / kreuzendem Fahrzeug,Einbiegen / Kreuzen-Unfall,Tageslicht,1,1,0,0,0,0,"351087,5541","5646097,81",6.880124794,50.9472426,trocken,,"Rad, PKW"
250105,5,3,15,0,2019,Oktober,7,Samstag,Unfall mit Leichtverletzten,Zusammenstoß mit einbiegendem / kreuzendem Fahrzeug,Einbiegen / Kreuzen-Unfall,Dunkelheit,1,1,0,0,0,0,"356876,1059","5641952,631",6.964099666,50.91145646,trocken,,"Rad, PKW"
250106,5,3,15,0,2019,Oktober,8,Samstag,Unfall mit Schwerverletzten,Unfall anderer Art,Einbiegen / Kreuzen-Unfall,Tageslicht,1,1,0,0,0,0,"353377,4234","5644772,882",6.913232693,50.93592295,trocken,,"Rad, PKW"
250107,5,3,15,0,2019,Oktober,9,Samstag,Unfall mit Leichtverletzten,Unfall anderer Art,Sonstiger Unfall,Tageslicht,0,1,0,0,0,0,"356207,3677","5645317,085",6.953266611,50.94152619,trocken,,PKW
250175,5,3,15,0,2019,Oktober,0,Freitag,Unfall mit Leichtverletzten,Abkommen von Fahrbahn nach rechts,Sonstiger Unfall,Dunkelheit,0,1,0,0,0,0,"357956,8681","5644768,374",6.978366116,50.93702858,trocken,,PKW
250176,5,3,15,0,2019,Oktober,17,Freitag,Unfall mit Leichtverletzten,Zusammenstoß mit einbiegendem / kreuzendem Fahrzeug,Einbiegen / Kreuzen-Unfall,Tageslicht,1,1,0,0,0,0,"359447,25","5647431,424",6.998536176,50.96132683,trocken,,"Rad, PKW"
250177,5,3,15,0,2019,Oktober,13,Freitag,Unfall mit Schwerverletzten,Zusammenstoß zwischen Fahrzeug und Fußgänger,Überschreiten-Unfall,Tageslicht,0,1,1,0,0,0,"352372,9223","5649442,067",6.897052825,50.97762637,trocken,,"Fuss, PKW"
250178,5,3,15,0,2019,Oktober,18,Freitag,Unfall mit Schwerverletzten,Zusammenstoß mit seitlich in gleicher Richtung fahrendem Fahrzeug,Abbiegeunfall,Tageslicht,1,0,0,0,0,1,"353028,3482","5646381,312",6.907619131,50.95028839,trocken,,"Rad, Sonstige"
250179,5,3,15,0,2019,Oktober,16,Freitag,Unfall mit Leichtverletzten,Zusammenstoß zwischen Fahrzeug und Fußgänger,Überschreiten-Unfall,Tageslicht,1,0,1,0,0,0,"356433,216","5645194,297",6.95652752,50.94047898,trocken,,"Rad, Fuss"
250180,5,3,15,0,2019,Oktober,18,Freitag,Unfall mit Leichtverletzten,Zusammenstoß mit einbiegendem / kreuzendem Fahrzeug,Abbiegeunfall,Tageslicht,0,1,0,0,0,1,"355439,954","5644301,477",6.942753731,50.93220723,trocken,,"PKW, Sonstige"
250232,5,3,15,0,2019,Oktober,6,Donnerstag,Unfall mit Leichtverletzten,Zusammenstoß zwischen Fahrzeug und Fußgänger,Überschreiten-Unfall,Dunkelheit,0,1,1,0,0,0,"365053,3536","5639251,652",7.081345282,50.88915096,nass/feucht,,"Fuss, PKW"
250233,5,3,15,0,2019,Oktober,12,Donnerstag,Unfall mit Leichtverletzten,Unfall anderer Art,Sonstiger Unfall,Tageslicht,0,0,0,0,0,1,"359437,1079","5644439,07",6.999546904,50.9344318,trocken,,Sonstige
250234,5,3,15,0,2019,Oktober,8,Donnerstag,Unfall mit Leichtverletzten,Zusammenstoß mit einbiegendem / kreuzendem Fahrzeug,Einbiegen / Kreuzen-Unfall,Tageslicht,1,1,0,0,0,0,"364244,2602","5649151,058",7.066161125,50.97793215,nass/feucht,,"Rad, PKW"
250235,5,3,15,0,2019,Oktober,15,Donnerstag,Unfall mit Leichtverletzten,Zusammenstoß mit einbiegendem / kreuzendem Fahrzeug,Abbiegeunfall,Tageslicht,0,1,0,1,0,0,"355638,7918","5650220,519",6.943233506,50.9854501,nass/feucht,,"Krad, PKW"
250236,5,3,15,0,2019,Oktober,8,Donnerstag,Unfall mit Leichtverletzten,Zusammenstoß mit einbiegendem / kreuzendem Fahrzeug,Einbiegen / Kreuzen-Unfall,Tageslicht,1,1,0,0,0,0,"356818,72","5644313,686",6.96235694,50.93266087,trocken,,"Rad, PKW"
250237,5,3,15,0,2019,Oktober,0,Donnerstag,Unfall mit Leichtverletzten,Unfall anderer Art,Sonstiger Unfall,Dunkelheit,1,0,0,0,0,0,"356490,7","5643155,77",6.958147777,50.92217328,nass/feucht,,Rad
250306,5,3,15,0,2019,Oktober,10,Mittwoch,Unfall mit Leichtverletzten,Zusammenstoß mit entgegenkommendem Fahrzeug,Abbiegeunfall,Tageslicht,0,1,0,1,0,0,"364904,9551","5638962,473",7.079343553,50.88651724,nass/feucht,,"Krad, PKW"
250307,5,3,15,0,2019,Oktober,21,Mittwoch,Unfall mit Leichtverletzten,Zusammenstoß zwischen Fahrzeug und Fußgänger,Überschreiten-Unfall,Dunkelheit,0,1,1,0,0,0,"365861,7262","5635838,935",7.094083638,50.85866673,nass/feucht,,"Fuss, PKW"
250308,5,3,15,0,2019,Oktober,12,Mittwoch,Unfall mit Leichtverletzten,Zusammenstoß zwischen Fahrzeug und Fußgänger,Sonstiger Unfall,Tageslicht,0,1,1,0,0,0,"362251,4367","5644025,583",7.039730629,50.93139471,nass/feucht,,"Fuss, PKW"
250309,5,3,15,0,2019,Oktober,17,Mittwoch,Unfall mit Leichtverletzten,Zusammenstoß mit vorausfahrendem / wartendem Fahrzeug,Unfall im Längsverkehr,Tageslicht,0,1,0,1,0,0,"356796,2434","5646525,558",6.961167726,50.95253315,nass/feucht,,"Krad, PKW"
250310,5,3,15,0,2019,Oktober,13,Mittwoch,Unfall mit Leichtverletzten,Zusammenstoß mit anfahrendem/ anhaltendem/ruhendem Fahrzeug,Unfall durch ruhenden Verkehr,Tageslicht,1,1,0,0,0,0,"355974,0403","5647351,128",6.949143109,50.95974751,nass/feucht,,"Rad, PKW"
250311,5,3,15,0,2019,Oktober,17,Mittwoch,Unfall mit Leichtverletzten,Zusammenstoß mit anfahrendem/ anhaltendem/ruhendem Fahrzeug,Unfall durch ruhenden Verkehr,Tageslicht,0,0,0,1,0,1,"358446,4242","5648417,558",6.98391015,50.96994419,nass/feucht,,"Krad, Sonstige"
250312,5,3,15,0,2019,Oktober,16,Mittwoch,Unfall mit Schwerverletzten,Unfall anderer Art,Überschreiten-Unfall,Tageslicht,0,1,1,0,0,0,"352726,6233","5654703,759",6.899953213,51.02500091,nass/feucht,,"Fuss, PKW"
250313,5,3,15,0,2019,Oktober,15,Mittwoch,Unfall mit Leichtverletzten,Zusammenstoß zwischen Fahrzeug und Fußgänger,Überschreiten-Unfall,Tageslicht,0,1,1,0,0,0,"350190,5012","5644065,916",6.868199451,50.92875084,nass/feucht,,"Fuss, PKW"
250314,5,3,15,0,2019,Oktober,17,Mittwoch,Unfall mit Leichtverletzten,Zusammenstoß mit einbiegendem / kreuzendem Fahrzeug,Einbiegen / Kreuzen-Unfall,Tageslicht,1,1,0,0,0,0,"351519,8518","5649427,074",6.884915794,50.97727231,nass/feucht,,"Rad, PKW"
250315,5,3,15,0,2019,Oktober,5,Mittwoch,Unfall mit Schwerverletzten,Zusammenstoß mit entgegenkommendem Fahrzeug,Abbiegeunfall,Dunkelheit,0,1,0,0,0,0,"353023,907","5645826,275",6.907779964,50.94529937,nass/feucht,,PKW
250316,5,3,15,0,2019,Oktober,18,Mittwoch,Unfall mit Leichtverletzten,Zusammenstoß mit einbiegendem / kreuzendem Fahrzeug,Einbiegen / Kreuzen-Unfall,Tageslicht,1,1,0,0,0,0,"352350,9925","5645753,076",6.898237507,50.94446962,nass/feucht,,"Rad, PKW"
250317,5,3,15,0,2019,Oktober,6,Mittwoch,Unfall mit Leichtverletzten,Zusammenstoß mit anfahrendem/ anhaltendem/ruhendem Fahrzeug,Unfall durch ruhenden Verkehr,Dämmerung,0,1,0,1,0,0,"355290,1352","5641892,047",6.941579146,50.91051657,nass/feucht,,"Krad, PKW"
250318,5,3,15,0,2019,Oktober,15,Mittwoch,Unfall mit Leichtverletzten,Unfall anderer Art,Unfall im Längsverkehr,Tageslicht,0,1,0,0,0,0,"358139,0981","5640739,648",6.982524858,50.90086711,nass/feucht,,PKW
250319,5,3,15,0,2019,Oktober,16,Mittwoch,Unfall mit Leichtverletzten,Zusammenstoß mit entgegenkommendem Fahrzeug,Abbiegeunfall,Tageslicht,0,1,0,1,0,0,"356383,8259","5641195,915",6.957399619,50.90453365,nass/feucht,,"Krad, PKW"
250320,5,3,15,0,2019,Oktober,8,Mittwoch,Unfall mit Leichtverletzten,Zusammenstoß mit vorausfahrendem / wartendem Fahrzeug,Unfall im Längsverkehr,Tageslicht,0,1,0,0,0,0,"356869,075","5644432,313",6.963026481,50.93373946,nass/feucht,,PKW
250321,5,3,15,0,2019,Oktober,17,Mittwoch,Unfall mit Leichtverletzten,Zusammenstoß mit seitlich in gleicher Richtung fahrendem Fahrzeug,Fahrunfall,Tageslicht,0,1,0,0,0,0,"355531,4934","5645904,141",6.943420029,50.94663298,nass/feucht,,PKW