OBJECTID,ULAND,UREGBEZ,UKREIS,UGEMEINDE,UJAHR,UMONAT,USTUNDE,UWOCHENTAG,UKATEGORIE,UART,UTYP1,ULICHTVERH,IstRad,IstPKW,IstFuss,IstKrad,IstGkfz,IstSonstige,LINREFX,LINREFY,XGCSWGS84,YGCSWGS84,USTRZUSTAND,UIDENTSTLAE,Participants
250322,5,3,15,0,2019,Oktober,19,Mittwoch,Unfall mit Leichtverletzten,Zusammenstoß zwischen Fahrzeug und Fußgänger,Überschreiten-Unfall,Dunkelheit,0,1,1,0,0,0,"355739,0296","5645278,938",6.946619999,50.94106638,trocken,,"Fuss, PKW"
250385,5,3,15,0,2019,Oktober,13,Mittwoch,Unfall mit Schwerverletzten,Unfall anderer Art,Fahrunfall,Tageslicht,1,0,0,0,0,0,"365670,0616","5645416,2",7.087838295,50.94469934,trocken,,Rad
250386,5,3,15,0,2019,Oktober,21,Mittwoch,Unfall mit Leichtverletzten,Zusammenstoß mit einbiegendem / kreuzendem Fahrzeug,Einbiegen / Kreuzen-Unfall,Dunkelheit,0,1,0,0,0,0,"356099,9685","5650128,157",6.949836126,50.98473554,nass/feucht,,PKW
250387,5,3,15,0,2019,Oktober,8,Mittwoch,Unfall mit Leichtverletzten,Unfall anderer Art,Überschreiten-Unfall,Tageslicht,0,1,1,0,0,0,"347796,7761","5647588,821",6.832690283,50.95978159,nass/feucht,,"Fuss, PKW"
250388,5,3,15,0,2019,Oktober,21,Mittwoch,Unfall mit Leichtverletzten,Unfall anderer Art,Abbiegeunfall,Dunkelheit,0,1,1,0,0,0,"353652,083","5646923,833",6.916274627,50.95532252,nass/feucht,,"Fuss, PKW"
250389,5,3,15,0,2019,Oktober,19,Mittwoch,Unfall mit Schwerverletzten,Zusammenstoß zwischen Fahrzeug und Fußgänger,Überschreiten-Unfall,Dunkelheit,0,1,1,0,0,0,"354967,2479","5647021,23",6.934948285,50.95653028,nass/feucht,,"Fuss, PKW"
250390,5,3,15,0,2019,Oktober,10,Mittwoch,Unfall mit Schwerverletzten,Zusammenstoß mit seitlich in gleicher Richtung fahrendem Fahrzeug,Sonstiger Unfall,Tageslicht,0,1,0,0,0,0,"352371,7597","5650769,984",6.896496843,50.98955934,trocken,,PKW
250391,5,3,15,0,2019,Oktober,12,Mittwoch,Unfall mit Leichtverletzten,Abkommen von Fahrbahn nach rechts,Abbiegeunfall,Tageslicht,1,1,0,0,0,0,"350979,2174","5647156,441",6.878150358,50.95672789,trocken,,"Rad, PKW"
250392,5,3,15,0,2019,Oktober,9,Mittwoch,Unfall mit Leichtverletzten,Unfall anderer Art,Fahrunfall,Tageslicht,1,0,0,0,0,0,"355496,2136","5645666,501",6.943012439,50.94448852,nass/feucht,,Rad
250393,5,3,15,0,2019,Oktober,0,Mittwoch,Unfall mit Leichtverletzten,Zusammenstoß zwischen Fahrzeug und Fußgänger,Überschreiten-Unfall,Dunkelheit,1,0,1,0,0,0,"356600,0168","5644320,708",6.959243875,50.93266965,trocken,,"Rad, Fuss"
250457,5,3,15,0,2019,Oktober,11,Dienstag,Unfall mit Leichtverletzten,Zusammenstoß mit einbiegendem / kreuzendem Fahrzeug,Einbiegen / Kreuzen-Unfall,Tageslicht,0,1,0,0,0,0,"364634,9534","5639700,669",7.075233726,50.89308864,trocken,,PKW
250458,5,3,15,0,2019,Oktober,20,Dienstag,Unfall mit Schwerverletzten,Zusammenstoß mit anfahrendem/ anhaltendem/ruhendem Fahrzeug,Unfall durch ruhenden Verkehr,Dunkelheit,0,1,0,1,0,0,"360331,7062","5647745,38",7.011002124,50.96436347,trocken,,"Krad, PKW"
250459,5,3,15,0,2019,Oktober,11,Dienstag,Unfall mit Leichtverletzten,Zusammenstoß mit vorausfahrendem / wartendem Fahrzeug,Einbiegen / Kreuzen-Unfall,Tageslicht,1,1,0,0,0,0,"354536,3789","5645319,767",6.929497322,50.94113115,trocken,,"Rad, PKW"
250460,5,3,15,0,2019,Oktober,14,Dienstag,Unfall mit Leichtverletzten,Zusammenstoß mit einbiegendem / kreuzendem Fahrzeug,Einbiegen / Kreuzen-Unfall,Tageslicht,1,1,0,0,0,0,"359528,101","5636160,091",7.004025483,50.86004922,trocken,,"Rad, PKW"
250461,5,3,15,0,2019,Oktober,19,Dienstag,Unfall mit Schwerverletzten,Unfall anderer Art,Fahrunfall,Dämmerung,1,0,0,0,0,0,"356197,8993","5646275,088",6.952753664,50.95013324,trocken,,Rad
250462,5,3,15,0,2019,Oktober,17,Dienstag,Unfall mit Leichtverletzten,Zusammenstoß mit anfahrendem/ anhaltendem/ruhendem Fahrzeug,Unfall durch ruhenden Verkehr,Tageslicht,1,1,0,0,0,0,"355334,3665","5645100,58",6.940934907,50.93936212,trocken,,"Rad, PKW"
250517,5,3,15,0,2019,Oktober,22,Montag,Unfall mit Leichtverletzten,Zusammenstoß mit anfahrendem/ anhaltendem/ruhendem Fahrzeug,Unfall durch ruhenden Verkehr,Dunkelheit,0,1,0,0,0,0,"360753,113","5644290,194",7.018320782,50.93341305,trocken,,PKW
250518,5,3,15,0,2019,Oktober,19,Montag,Unfall mit Leichtverletzten,Zusammenstoß zwischen Fahrzeug und Fußgänger,Überschreiten-Unfall,Dämmerung,1,0,1,0,0,0,"349871,1917","5659221,567",6.857393435,51.06485999,trocken,,"Rad, Fuss"
250519,5,3,15,0,2019,Oktober,11,Montag,Unfall mit Schwerverletzten,Zusammenstoß mit einbiegendem / kreuzendem Fahrzeug,Einbiegen / Kreuzen-Unfall,Tageslicht,1,1,0,0,0,0,"355416,7497","5651008,037",6.939758768,50.99247158,trocken,,"Rad, PKW"
250520,5,3,15,0,2019,Oktober,0,Montag,Unfall mit Schwerverletzten,Unfall anderer Art,Fahrunfall,Dunkelheit,0,0,0,0,0,1,"355334,4841","5645895,215",6.940620987,50.94650336,trocken,,Sonstige
250552,5,3,15,0,2019,Oktober,1,Sonntag,Unfall mit Schwerverletzten,Aufprall auf Fahrbahnhindernis,Sonstiger Unfall,Dunkelheit,0,0,0,0,0,1,"360356,3168","5641298,182",7.013822982,50.90642728,trocken,,Sonstige
250553,5,3,15,0,2019,Oktober,10,Sonntag,Unfall mit Schwerverletzten,Zusammenstoß mit anfahrendem/ anhaltendem/ruhendem Fahrzeug,Sonstiger Unfall,Tageslicht,1,1,0,0,0,0,"354250,2606","5636437,378",6.928973259,50.86123497,trocken,,"Rad, PKW"
250554,5,3,15,0,2019,Oktober,13,Sonntag,Unfall mit Leichtverletzten,Zusammenstoß mit vorausfahrendem / wartendem Fahrzeug,Unfall im Längsverkehr,Tageslicht,0,1,0,0,0,0,"357148,8229","5642029,696",6.967946216,50.91221661,trocken,,PKW
250555,5,3,15,0,2019,Oktober,17,Sonntag,Unfall mit Leichtverletzten,Zusammenstoß mit anfahrendem/ anhaltendem/ruhendem Fahrzeug,Unfall durch ruhenden Verkehr,Tageslicht,0,1,0,0,0,0,"356626,3547","5643864,278",6.959797969,50.9285743,trocken,,PKW
250596,5,3,15,0,2019,Oktober,11,Montag,Unfall mit Leichtverletzten,Zusammenstoß mit einbiegendem / kreuzendem Fahrzeug,Abbiegeunfall,Tageslicht,0,1,0,0,0,0,"359355,8126","5643120,098",6.998899543,50.92255821,nass/feucht,,PKW
250597,5,3,15,0,2019,Oktober,1,Montag,Unfall mit Schwerverletzten,Unfall anderer Art,Sonstiger Unfall,Dunkelheit,0,0,0,0,0,1,"359200,4139","5644112,069",6.996306867,50.93143526,nass/feucht,,Sonstige
250598,5,3,15,0,2019,Oktober,22,Montag,Unfall mit Leichtverletzten,Zusammenstoß mit einbiegendem / kreuzendem Fahrzeug,Einbiegen / Kreuzen-Unfall,Dunkelheit,0,1,0,0,0,0,"359609,269","5646187,866",7.00132146,50.95019036,nass/feucht,,PKW
250599,5,3,15,0,2019,Oktober,21,Montag,Unfall mit Leichtverletzten,Zusammenstoß mit einbiegendem / kreuzendem Fahrzeug,Einbiegen / Kreuzen-Unfall,Dunkelheit,0,1,0,0,0,0,"354054,8708","5649493,317",6.920974631,50.97851567,nass/feucht,,PKW
250600,5,3,15,0,2019,Oktober,19,Montag,Unfall mit Leichtverletzten,Abkommen von Fahrbahn nach links,Fahrunfall,Dunkelheit,0,1,0,0,0,0,"355099,6884","5644542,522",6.937818897,50.93428806,nass/feucht,,PKW
250601,5,3,15,0,2019,Oktober,12,Montag,Unfall mit Leichtverletzten,Unfall anderer Art,Fahrunfall,Tageslicht,0,0,0,1,0,0,"356206,4748","5645037,352",6.95336432,50.93901204,nass/feucht,,Krad
250627,5,3,15,0,2019,Oktober,16,Sonntag,Unfall mit Leichtverletzten,Zusammenstoß mit einbiegendem / kreuzendem Fahrzeug,Einbiegen / Kreuzen-Unfall,Tageslicht,0,1,0,0,0,0,"358582,1284","5646062,822",6.986756713,50.94881549,nass/feucht,,PKW
250629,5,3,15,0,2019,Oktober,17,Sonntag,Unfall mit Leichtverletzten,Zusammenstoß mit einbiegendem / kreuzendem Fahrzeug,Abbiegeunfall,Tageslicht,0,1,0,0,0,0,"353471,8299","5647043,552",6.913661778,50.95635259,nass/feucht,,PKW
250630,5,3,15,0,2019,Oktober,11,Sonntag,Unfall mit Schwerverletzten,Unfall anderer Art,Sonstiger Unfall,Tageslicht,1,0,0,0,0,0,"356860,3043","5641243,817",6.964153033,50.90508247,trocken,,Rad
250631,5,3,15,0,2019,Oktober,12,Sonntag,Unfall mit Schwerverletzten,Unfall anderer Art,Fahrunfall,Tageslicht,1,0,0,0,0,0,"356734,1713","5644431,132",6.961108356,50.93369535,nass/feucht,,Rad
250683,5,3,15,0,2019,Oktober,16,Samstag,Unfall mit Leichtverletzten,Zusammenstoß mit anfahrendem/ anhaltendem/ruhendem Fahrzeug,Unfall durch ruhenden Verkehr,Tageslicht,0,1,0,0,1,0,"363271,1365","5639208,005",7.056037758,50.88833959,trocken,,"PKW, Gkfz"
250684,5,3,15,0,2019,Oktober,16,Samstag,Unfall mit Leichtverletzten,Unfall anderer Art,Sonstiger Unfall,Tageslicht,1,0,1,0,0,0,"358403,556","5641826,619",6.985861716,50.91070072,nass/feucht,,"Rad, Fuss"
250685,5,3,15,0,2019,Oktober,11,Samstag,Unfall mit Leichtverletzten,Zusammenstoß mit entgegenkommendem Fahrzeug,Unfall im Längsverkehr,Tageslicht,1,1,0,0,0,0,"353249,6434","5656038,412",6.90686548,51.03712845,nass/feucht,,"Rad, PKW"
250686,5,3,15,0,2019,Oktober,15,Samstag,Unfall mit Schwerverletzten,Zusammenstoß mit anfahrendem/ anhaltendem/ruhendem Fahrzeug,Unfall durch ruhenden Verkehr,Tageslicht,0,1,0,0,0,1,"351926,3595","5654949,865",6.888449593,51.02700693,nass/feucht,,"PKW, Sonstige"
250687,5,3,15,0,2019,Oktober,23,Samstag,Unfall mit Leichtverletzten,Zusammenstoß mit seitlich in gleicher Richtung fahrendem Fahrzeug,Unfall durch ruhenden Verkehr,Dunkelheit,1,1,0,0,0,0,"352828,7805","5647450,599",6.904347668,50.95984667,trocken,,"Rad, PKW"
250688,5,3,15,0,2019,Oktober,17,Samstag,Unfall mit Leichtverletzten,Unfall anderer Art,Fahrunfall,Tageslicht,1,0,0,0,0,0,"357385,8991","5640212,925",6.97202609,50.8959479,nass/feucht,,Rad
250689,5,3,15,0,2019,Oktober,15,Samstag,Unfall mit Leichtverletzten,Zusammenstoß mit anfahrendem/ anhaltendem/ruhendem Fahrzeug,Unfall durch ruhenden Verkehr,Tageslicht,0,1,0,0,0,0,"357520,5913","5640467,075",6.973840983,50.8982652,trocken,,PKW
250690,5,3,15,0,2019,Oktober,8,Samstag,Unfall mit Leichtverletzten,Zusammenstoß mit anfahrendem/ anhaltendem/ruhendem Fahrzeug,Unfall durch ruhenden Verkehr,Tageslicht,1,1,0,0,0,0,"355862,048","5645497,339",6.948283397,50.94305987,trocken,,"Rad, PKW"
250749,5,3,15,0,2019,Oktober,4,Freitag,Unfall mit Leichtverletzten,Zusammenstoß zwischen Fahrzeug und Fußgänger,Überschreiten-Unfall,Dunkelheit,0,1,1,0,0,0,"364824,869","5639758,434",7.077911149,50.89365229,nass/feucht,,"Fuss, PKW"
250750,5,3,15,0,2019,Oktober,14,Freitag,Unfall mit Leichtverletzten,Zusammenstoß mit einbiegendem / kreuzendem Fahrzeug,Einbiegen / Kreuzen-Unfall,Tageslicht,1,1,0,0,0,0,"365334,0429","5637821,889",7.08586049,50.87636625,nass/feucht,,"Rad, PKW"
250751,5,3,15,0,2019,Oktober,12,Freitag,Unfall mit Schwerverletzten,Zusammenstoß mit seitlich in gleicher Richtung fahrendem Fahrzeug,Unfall im Längsverkehr,Tageslicht,1,0,0,1,0,0,"368865,7874","5638402,524",7.135823589,50.88239716,nass/feucht,,"Rad, Krad"
250752,5,3,15,0,2019,Oktober,14,Freitag,Unfall mit Leichtverletzten,Zusammenstoß mit einbiegendem / kreuzendem Fahrzeug,Einbiegen / Kreuzen-Unfall,Tageslicht,1,1,0,0,0,0,"356880,8197","5650084,857",6.960970519,50.98454105,nass/feucht,,"Rad, PKW"
250753,5,3,15,0,2019,Oktober,21,Freitag,Unfall mit Schwerverletzten,Unfall anderer Art,Fahrunfall,Dunkelheit,0,1,0,1,0,0,"356978,826","5654324,481",6.960695452,51.02266605,nass/feucht,,"Krad, PKW"
250754,5,3,15,0,2019,Oktober,17,Freitag,Unfall mit Leichtverletzten,Zusammenstoß mit einbiegendem / kreuzendem Fahrzeug,Einbiegen / Kreuzen-Unfall,Tageslicht,1,1,0,0,0,0,"352931,4721","5647926,568",6.905616525,50.96415021,nass/feucht,,"Rad, PKW"
250755,5,3,15,0,2019,Oktober,15,Freitag,Unfall mit Leichtverletzten,Zusammenstoß mit einbiegendem / kreuzendem Fahrzeug,Einbiegen / Kreuzen-Unfall,Tageslicht,0,1,0,0,0,0,"356885,4717","5641088,936",6.964571462,50.9036968,trocken,,PKW
250756,5,3,15,0,2019,Oktober,19,Freitag,Unfall mit Leichtverletzten,Zusammenstoß mit anfahrendem/ anhaltendem/ruhendem Fahrzeug,Fahrunfall,Dunkelheit,1,1,0,0,0,0,"353904,9378","5643223,534",6.921356025,50.92213333,nass/feucht,,"Rad, PKW"
250757,5,3,15,0,2019,Oktober,9,Freitag,Unfall mit Leichtverletzten,Zusammenstoß mit einbiegendem / kreuzendem Fahrzeug,Einbiegen / Kreuzen-Unfall,Tageslicht,1,1,0,0,0,0,"356913,1172","5646012,897",6.963032034,50.94795495,nass/feucht,,"Rad, PKW"
250821,5,3,15,0,2019,Oktober,19,Donnerstag,Unfall mit Schwerverletzten,Zusammenstoß zwischen Fahrzeug und Fußgänger,Abbiegeunfall,Dunkelheit,0,1,1,0,0,0,"364634,8135","5639700,612",7.075231759,50.8930881,nass/feucht,,"Fuss, PKW"
250822,5,3,15,0,2019,Oktober,19,Donnerstag,Unfall mit Leichtverletzten,Zusammenstoß zwischen Fahrzeug und Fußgänger,Abbiegeunfall,Dunkelheit,0,1,1,0,0,0,"355270,276","5647194,726",6.939190977,50.95816563,nass/feucht,,"Fuss, PKW"
250823,5,3,15,0,2019,Oktober,18,Donnerstag,Unfall mit Leichtverletzten,Zusammenstoß mit anfahrendem/ anhaltendem/ruhendem Fahrzeug,Unfall durch ruhenden Verkehr,Dunkelheit,1,1,0,0,0,0,"356273,4844","5646541,697",6.953723754,50.95254806,nass/feucht,,"Rad, PKW"
250824,5,3,15,0,2019,Oktober,18,Donnerstag,Unfall mit Leichtverletzten,Unfall anderer Art,Fahrunfall,Dunkelheit,0,0,0,0,0,1,"354652,9013","5645259,784",6.931178657,50.94062148,nass/feucht,,Sonstige
250825,5,3,15,0,2019,Oktober,12,Donnerstag,Unfall mit Leichtverletzten,Zusammenstoß mit anfahrendem/ anhaltendem/ruhendem Fahrzeug,Unfall im Längsverkehr,Tageslicht,1,1,0,0,0,0,"349411,193","5645734,874",6.856428416,50.94354569,nass/feucht,,"Rad, PKW"
250863,5,3,15,0,2019,Oktober,14,Samstag,Unfall mit Leichtverletzten,Zusammenstoß mit anfahrendem/ anhaltendem/ruhendem Fahrzeug,Unfall durch ruhenden Verkehr,Tageslicht,1,1,0,0,0,0,"353445,8849","5648263,572",6.912801236,50.96730981,trocken,,"Rad, PKW"
250899,5,3,15,0,2019,Oktober,12,Freitag,Unfall mit Leichtverletzten,Unfall anderer Art,Fahrunfall,Tageslicht,0,0,0,0,0,1,"358824,8359","5644943,078",6.99064366,50.93881179,trocken,,Sonstige
250900,5,3,15,0,2019,Oktober,9,Freitag,Unfall mit Leichtverletzten,Zusammenstoß mit einbiegendem / kreuzendem Fahrzeug,Einbiegen / Kreuzen-Unfall,Tageslicht,0,1,0,1,0,0,"362708,0397","5650854,714",7.043647554,50.99287916,trocken,,"Krad, PKW"
250901,5,3,15,0,2019,Oktober,19,Freitag,Unfall mit Leichtverletzten,Zusammenstoß mit einbiegendem / kreuzendem Fahrzeug,Abbiegeunfall,Dämmerung,1,1,0,0,0,0,"353512,9819","5646519,774",6.914458076,50.95165606,trocken,,"Rad, PKW"
250902,5,3,15,0,2019,Oktober,17,Freitag,Unfall mit Leichtverletzten,Zusammenstoß mit vorausfahrendem / wartendem Fahrzeug,Abbiegeunfall,Tageslicht,0,1,0,0,1,0,"357324,0373","5637595,499",6.972168801,50.87240971,trocken,,"PKW, Gkfz"
250918,5,3,15,0,2019,Oktober,16,Samstag,Unfall mit Leichtverletzten,Unfall anderer Art,Sonstiger Unfall,Tageslicht,0,0,1,1,0,0,"355929,143","5647603,294",6.948404392,50.96200245,trocken,,"Fuss, Krad"
250931,5,3,15,0,2019,Oktober,16,Samstag,Unfall mit Leichtverletzten,Zusammenstoß mit seitlich in gleicher Richtung fahrendem Fahrzeug,Abbiegeunfall,Tageslicht,1,1,0,0,0,0,"354710,7395","5642252,016",6.933199943,50.91360598,trocken,,"Rad, PKW"
250959,5,3,15,0,2019,Oktober,16,Donnerstag,Unfall mit Leichtverletzten,Zusammenstoß mit einbiegendem / kreuzendem Fahrzeug,Abbiegeunfall,Tageslicht,1,1,0,0,0,0,"363924,103","5639483,008",7.065213309,50.89096537,trocken,,"Rad, PKW"
250960,5,3,15,0,2019,Oktober,12,Donnerstag,Unfall mit Leichtverletzten,Zusammenstoß zwischen Fahrzeug und Fußgänger,Sonstiger Unfall,Tageslicht,0,0,1,0,0,1,"355456,2045","5647224,254",6.94182486,50.95847766,trocken,,"Fuss, Sonstige"
250961,5,3,15,0,2019,Oktober,8,Donnerstag,Unfall mit Leichtverletzten,Zusammenstoß mit anfahrendem/ anhaltendem/ruhendem Fahrzeug,Sonstiger Unfall,Tageslicht,0,1,0,0,0,0,"358705,8549","5639204,866",6.99117337,50.88721279,trocken,,PKW
250970,5,3,15,0,2019,Oktober,9,Samstag,Unfall mit Leichtverletzten,Zusammenstoß mit einbiegendem / kreuzendem Fahrzeug,Einbiegen / Kreuzen-Unfall,Tageslicht,0,0,0,1,1,0,"351914,114","5649747,823",6.890397276,50.98025622,trocken,,"Krad, Gkfz"
250983,5,3,15,0,2019,Oktober,14,Samstag,Unfall mit Leichtverletzten,Zusammenstoß zwischen Fahrzeug und Fußgänger,Überschreiten-Unfall,Tageslicht,1,0,1,0,0,0,"355456,6298","5643471,965",6.943319776,50.92475674,trocken,,"Rad, Fuss"
251020,5,3,15,0,2019,Oktober,3,Mittwoch,Unfall mit Leichtverletzten,Zusammenstoß mit vorausfahrendem / wartendem Fahrzeug,Unfall im Längsverkehr,Dunkelheit,0,1,0,0,0,0,"367545,3276","5637842,893",7.117265759,50.87706609,trocken,,PKW
251021,5,3,15,0,2019,Oktober,14,Mittwoch,Unfall mit Leichtverletzten,Unfall anderer Art,Sonstiger Unfall,Tageslicht,0,1,0,0,0,0,"367298,5204","5638400,624",7.113557169,50.88202225,trocken,,PKW
251022,5,3,15,0,2019,Oktober,23,Mittwoch,Unfall mit Leichtverletzten,Zusammenstoß mit vorausfahrendem / wartendem Fahrzeug,Unfall im Längsverkehr,Dunkelheit,0,1,0,0,0,0,"359433,5039","5645832,528",6.998957975,50.94695406,trocken,,PKW
251023,5,3,15,0,2019,Oktober,9,Mittwoch,Unfall mit Leichtverletzten,Zusammenstoß mit einbiegendem / kreuzendem Fahrzeug,Einbiegen / Kreuzen-Unfall,Tageslicht,1,1,0,0,0,0,"355374,7167","5649425,399",6.939790131,50.97823831,trocken,,"Rad, PKW"
251024,5,3,15,0,2019,Oktober,8,Samstag,Unfall mit Leichtverletzten,Unfall anderer Art,Unfall im Längsverkehr,Tageslicht,1,0,0,0,1,0,"360769,3161","5640596,393",7.019961035,50.90021986,trocken,,"Rad, Gkfz"
251025,5,3,15,0,2019,Oktober,12,Mittwoch,Unfall mit Leichtverletzten,Zusammenstoß mit seitlich in gleicher Richtung fahrendem Fahrzeug,Unfall im Längsverkehr,Tageslicht,1,1,0,0,0,0,"356918,2247","5646633,877",6.96286066,50.95353689,trocken,,"Rad, PKW"
251026,5,3,15,0,2019,Oktober,14,Mittwoch,Unfall mit Leichtverletzten,Zusammenstoß mit seitlich in gleicher Richtung fahrendem Fahrzeug,Unfall im Längsverkehr,Tageslicht,1,1,0,0,0,0,"347648,6127","5645407,931",6.831494627,50.94014468,trocken,,"Rad, PKW"
251036,5,3,15,0,2019,Oktober,21,Samstag,Unfall mit Leichtverletzten,Zusammenstoß zwischen Fahrzeug und Fußgänger,Überschreiten-Unfall,Dunkelheit,0,1,1,0,0,0,"356727,0711","5642208,899",6.961880494,50.91372256,trocken,,"Fuss, PKW"
251070,5,3,15,0,2019,Oktober,17,Dienstag,Unfall mit Leichtverletzten,Zusammenstoß mit anfahrendem/ anhaltendem/ruhendem Fahrzeug,Fahrunfall,Tageslicht,0,1,0,0,1,0,"363844,42","5638505,801",7.064445137,50.88216391,nass/feucht,,"PKW, Gkfz"
251071,5,3,15,0,2019,Oktober,10,Dienstag,Unfall mit Leichtverletzten,Zusammenstoß mit vorausfahrendem / wartendem Fahrzeug,Sonstiger Unfall,Tageslicht,0,1,0,0,0,0,"365073,3898","5640025,043",7.081344321,50.89610658,trocken,,PKW
251072,5,3,15,0,2019,Oktober,17,Dienstag,Unfall mit Schwerverletzten,Zusammenstoß mit seitlich in gleicher Richtung fahrendem Fahrzeug,Unfall im Längsverkehr,Tageslicht,1,0,1,0,0,0,"361292,02","5647019,524",7.024945803,50.95807206,nass/feucht,,"Rad, Fuss"
251073,5,3,15,0,2019,Oktober,16,Dienstag,Unfall mit Leichtverletzten,Zusammenstoß mit vorausfahrendem / wartendem Fahrzeug,Abbiegeunfall,Tageslicht,0,1,0,0,0,0,"351515,0113","5649443,341",6.884840248,50.97741724,trocken,,PKW
251074,5,3,15,0,2019,Oktober,8,Dienstag,Unfall mit Schwerverletzten,Zusammenstoß mit entgegenkommendem Fahrzeug,Unfall durch ruhenden Verkehr,Tageslicht,1,0,0,0,0,0,"355975,4974","5644762,688",6.950187599,50.93648604,trocken,,Rad
251075,5,3,15,0,2019,Oktober,7,Samstag,Unfall mit Leichtverletzten,Unfall anderer Art,Überschreiten-Unfall,Dämmerung,0,1,1,0,0,0,"356410,1455","5648775,529",6.954786543,50.97265719,trocken,,"Fuss, PKW"
251076,5,3,15,0,2019,Oktober,18,Dienstag,Unfall mit Leichtverletzten,Zusammenstoß mit anfahrendem/ anhaltendem/ruhendem Fahrzeug,Unfall durch ruhenden Verkehr,Dunkelheit,1,1,0,0,0,0,"356228,8255","5645319,135",6.953571022,50.94154996,trocken,,"Rad, PKW"
251088,5,3,15,0,2019,Oktober,18,Samstag,Unfall mit Leichtverletzten,Zusammenstoß mit einbiegendem / kreuzendem Fahrzeug,Sonstiger Unfall,Tageslicht,1,1,0,0,0,0,"355855,3077","5644468,487",6.948594555,50.93381207,trocken,,"Rad, PKW"
251137,5,3,15,0,2019,Oktober,12,Mittwoch,Unfall mit Leichtverletzten,Zusammenstoß zwischen Fahrzeug und Fußgänger,Sonstiger Unfall,Tageslicht,0,1,1,0,0,0,"356144,5248","5647841,062",6.951375362,50.96419304,trocken,,"Fuss, PKW"
251138,5,3,15,0,2019,Oktober,13,Mittwoch,Unfall mit Leichtverletzten,Zusammenstoß mit einbiegendem / kreuzendem Fahrzeug,Einbiegen / Kreuzen-Unfall,Tageslicht,1,1,0,0,0,0,"356716,6964","5642292,045",6.961700356,50.91446721,trocken,,"Rad, PKW"
251139,5,3,15,0,2019,Oktober,18,Mittwoch,Unfall mit Leichtverletzten,Zusammenstoß zwischen Fahrzeug und Fußgänger,Überschreiten-Unfall,Dämmerung,1,0,1,0,0,0,"354856,0196","5643815,846",6.934642836,50.92769633,trocken,,"Rad, Fuss"
251140,5,3,15,0,2019,Oktober,7,Mittwoch,Unfall mit Leichtverletzten,Unfall anderer Art,Unfall durch ruhenden Verkehr,Tageslicht,1,1,0,0,0,0,"355343,2032","5643146,579",6.941836038,50.92180413,trocken,,"Rad, PKW"
251222,5,3,15,0,2019,Oktober,12,Dienstag,Unfall mit Leichtverletzten,Zusammenstoß mit anfahrendem/ anhaltendem/ruhendem Fahrzeug,Sonstiger Unfall,Tageslicht,1,1,0,0,0,0,"355732,1303","5644605,236",6.946788616,50.93501022,trocken,,"Rad, PKW"
251264,5,3,15,0,2019,Oktober,0,Montag,Unfall mit Leichtverletzten,Unfall anderer Art,Fahrunfall,Dunkelheit,1,0,0,0,0,0,"358935,9032","5639843,585",6.994195288,50.89300928,trocken,,Rad
251265,5,3,15,0,2019,Oktober,12,Montag,Unfall mit Leichtverletzten,Zusammenstoß zwischen Fahrzeug und Fußgänger,Sonstiger Unfall,Tageslicht,0,1,1,0,0,0,"356722,1752","5645563,293",6.960492525,50.94386698,trocken,,"Fuss, PKW"
251304,5,3,15,0,2019,Oktober,13,Sonntag,Unfall mit Leichtverletzten,Zusammenstoß mit einbiegendem / kreuzendem Fahrzeug,Abbiegeunfall,Tageslicht,1,1,0,0,0,0,"364021,9178","5640157,931",7.066351981,50.8970543,trocken,,"Rad, PKW"
251305,5,3,15,0,2019,Oktober,14,Sonntag,Unfall mit Schwerverletzten,Zusammenstoß mit einbiegendem / kreuzendem Fahrzeug,Einbiegen / Kreuzen-Unfall,Tageslicht,1,0,0,1,0,0,"353471,0936","5642708,468",6.915394561,50.91739458,trocken,,"Rad, Krad"
251306,5,3,15,0,2019,Oktober,11,Sonntag,Unfall mit Schwerverletzten,Unfall anderer Art,Sonstiger Unfall,Tageslicht,0,0,0,0,0,1,"356569,344","5646344,288",6.9580109,50.95084768,trocken,,Sonstige
251307,5,3,15,0,2019,Oktober,13,Sonntag,Unfall mit Leichtverletzten,Zusammenstoß zwischen Fahrzeug und Fußgänger,Abbiegeunfall,Tageslicht,0,1,1,0,0,0,"356497,173","5643641,137",6.958048798,50.92653683,trocken,,"Fuss, PKW"
251308,5,3,15,0,2019,Oktober,23,Sonntag,Unfall mit Leichtverletzten,Zusammenstoß mit einbiegendem / kreuzendem Fahrzeug,Einbiegen / Kreuzen-Unfall,Dunkelheit,0,1,0,0,0,1,"354976,1179","5643911,486",6.936312569,50.92858603,trocken,,"PKW, Sonstige"
251309,5,3,15,0,2019,Oktober,18,Sonntag,Unfall mit Leichtverletzten,Zusammenstoß zwischen Fahrzeug und Fußgänger,Überschreiten-Unfall,Dunkelheit,0,1,1,0,0,0,"356287,1796","5646079,722",6.954100947,50.94839979,trocken,,"Fuss, PKW"
251385,5,3,15,0,2019,November,9,Montag,Unfall mit Schwerverletzten,Zusammenstoß mit anfahrendem/ anhaltendem/ruhendem Fahrzeug,Unfall durch ruhenden Verkehr,Tageslicht,0,1,0,1,0,0,"355289,5565","5641888,904",6.941572166,50.91048818,nass/feucht,,"Krad, PKW"
251413,5,3,15,0,2019,November,14,Sonntag,Unfall mit Leichtverletzten,Abkommen von Fahrbahn nach links,Fahrunfall,Tageslicht,0,1,0,0,0,0,"356006,991","5651107,14",6.94812435,50.99351016,nass/feucht,,PKW