OBJECTID,ULAND,UREGBEZ,UKREIS,UGEMEINDE,UJAHR,UMONAT,USTUNDE,UWOCHENTAG,UKATEGORIE,UART,UTYP1,ULICHTVERH,IstRad,IstPKW,IstFuss,IstKrad,IstGkfz,IstSonstige,LINREFX,LINREFY,XGCSWGS84,YGCSWGS84,USTRZUSTAND,UIDENTSTLAE,Participants
251414,5,3,15,0,2019,November,12,Sonntag,Unfall mit Leichtverletzten,Unfall anderer Art,Fahrunfall,Tageslicht,1,0,0,0,0,0,"353807,1815","5647293,739",6.918332807,50.9586861,trocken,,Rad
251415,5,3,15,0,2019,November,13,Sonntag,Unfall mit Leichtverletzten,Unfall anderer Art,Fahrunfall,Tageslicht,1,0,0,0,0,0,"352371,4538","5649451,207",6.89702821,50.97770813,nass/feucht,,Rad
251416,5,3,15,0,2019,November,11,Sonntag,Unfall mit Leichtverletzten,Zusammenstoß mit vorausfahrendem / wartendem Fahrzeug,Unfall im Längsverkehr,Tageslicht,0,1,0,0,0,0,"356883,1138","5641099,229",6.964533913,50.90378871,nass/feucht,,PKW
251461,5,3,15,0,2019,November,17,Samstag,Unfall mit Leichtverletzten,Zusammenstoß mit vorausfahrendem / wartendem Fahrzeug,Unfall im Längsverkehr,Dämmerung,0,1,0,0,0,0,"367809,1383","5638100,128",7.120920442,50.87943848,trocken,,PKW
251462,5,3,15,0,2019,November,17,Samstag,Unfall mit Leichtverletzten,Zusammenstoß mit vorausfahrendem / wartendem Fahrzeug,Sonstiger Unfall,Dunkelheit,1,1,0,0,0,0,"353248,0286","5648275,571",6.909980562,50.96736727,nass/feucht,,"Rad, PKW"
251463,5,3,15,0,2019,November,20,Samstag,Unfall mit Leichtverletzten,Unfall anderer Art,Fahrunfall,Dunkelheit,1,0,0,0,0,0,"354800,7267","5643783,978",6.933869273,50.92739603,trocken,,Rad
251508,5,3,15,0,2019,Oktober,15,Freitag,Unfall mit Leichtverletzten,Zusammenstoß mit vorausfahrendem / wartendem Fahrzeug,Abbiegeunfall,Tageslicht,0,1,0,1,0,0,"363432,5125","5641389,806",7.057514801,50.90798667,trocken,,"Krad, PKW"
251510,5,3,15,0,2019,Oktober,19,Freitag,Unfall mit Leichtverletzten,Zusammenstoß mit einbiegendem / kreuzendem Fahrzeug,Einbiegen / Kreuzen-Unfall,Dunkelheit,1,1,0,0,0,0,"359400,5353","5644900,122",6.998848854,50.9385664,trocken,,"Rad, PKW"
251511,5,3,15,0,2019,Oktober,17,Freitag,Unfall mit Leichtverletzten,Abkommen von Fahrbahn nach rechts,Fahrunfall,Dunkelheit,0,1,0,0,0,0,"355172,3968","5654719,543",6.934797999,51.02576411,trocken,,PKW
251512,5,3,15,0,2019,Oktober,19,Freitag,Unfall mit Schwerverletzten,Zusammenstoß mit einbiegendem / kreuzendem Fahrzeug,Abbiegeunfall,Dunkelheit,0,1,0,0,0,0,"352814,111","5651765,875",6.902391639,50.99862218,trocken,,PKW
251513,5,3,15,0,2019,Oktober,18,Freitag,Unfall mit Leichtverletzten,Zusammenstoß mit entgegenkommendem Fahrzeug,Unfall im Längsverkehr,Dunkelheit,1,1,0,0,0,0,"357374,556","5647749,931",6.968915958,50.96367988,trocken,,"Rad, PKW"
251514,5,3,15,0,2019,Oktober,13,Freitag,Unfall mit Schwerverletzten,Zusammenstoß mit einbiegendem / kreuzendem Fahrzeug,Abbiegeunfall,Tageslicht,0,1,0,1,0,0,"349188,7369","5643272,279",6.854283167,50.92135795,trocken,,"Krad, PKW"
251515,5,3,15,0,2019,Oktober,16,Freitag,Unfall mit Schwerverletzten,Zusammenstoß mit einbiegendem / kreuzendem Fahrzeug,Einbiegen / Kreuzen-Unfall,Tageslicht,1,1,0,0,0,0,"351093,9265","5649360,858",6.878880094,50.97656728,trocken,,"Rad, PKW"
251516,5,3,15,0,2019,Oktober,17,Freitag,Unfall mit Schwerverletzten,Zusammenstoß zwischen Fahrzeug und Fußgänger,Abbiegeunfall,Dunkelheit,0,1,1,0,0,0,"355114,307","5647671,638",6.936781787,50.96241231,trocken,,"Fuss, PKW"
251517,5,3,15,0,2019,Oktober,12,Freitag,Unfall mit Leichtverletzten,Zusammenstoß mit einbiegendem / kreuzendem Fahrzeug,Einbiegen / Kreuzen-Unfall,Tageslicht,1,0,0,0,0,1,"352379,2873","5647188,969",6.898057808,50.95738055,trocken,,"Rad, Sonstige"
251518,5,3,15,0,2019,Oktober,19,Freitag,Unfall mit Leichtverletzten,Unfall anderer Art,Sonstiger Unfall,Dunkelheit,0,1,0,0,0,0,"361380,1652","5637871,107",7.029676486,50.87587373,trocken,,PKW
251599,5,3,15,0,2019,Oktober,20,Donnerstag,Unfall mit Leichtverletzten,Zusammenstoß zwischen Fahrzeug und Fußgänger,Überschreiten-Unfall,Dunkelheit,0,1,1,0,0,0,"363457,39","5641465,232",7.057840214,50.90867044,trocken,,"Fuss, PKW"
251600,5,3,15,0,2019,Oktober,22,Donnerstag,Unfall mit Leichtverletzten,Zusammenstoß zwischen Fahrzeug und Fußgänger,Überschreiten-Unfall,Dunkelheit,0,1,1,0,0,0,"362040,0196","5644274,584",7.036629633,50.93358204,trocken,,"Fuss, PKW"
251602,5,3,15,0,2019,Oktober,13,Donnerstag,Unfall mit Leichtverletzten,Unfall anderer Art,Sonstiger Unfall,Tageslicht,1,0,0,0,0,0,"360292,056","5645411,028",7.011333728,50.94337469,trocken,,Rad
251603,5,3,15,0,2019,Oktober,7,Donnerstag,Unfall mit Leichtverletzten,Zusammenstoß mit vorausfahrendem / wartendem Fahrzeug,Unfall im Längsverkehr,Tageslicht,0,1,0,0,0,0,"351747,7515","5648780,936",6.88842329,50.97152455,trocken,,PKW
251604,5,3,15,0,2019,Oktober,17,Donnerstag,Unfall mit Leichtverletzten,Unfall anderer Art,Fahrunfall,Tageslicht,0,0,0,0,0,1,"354253,64","5645873,057",6.925254297,50.94603199,trocken,,Sonstige
251605,5,3,15,0,2019,Oktober,17,Donnerstag,Unfall mit Leichtverletzten,Zusammenstoß mit vorausfahrendem / wartendem Fahrzeug,Unfall im Längsverkehr,Tageslicht,1,1,0,0,0,0,"352956,0134","5643590,553",6.907716303,50.92519053,trocken,,"Rad, PKW"
251606,5,3,15,0,2019,Oktober,17,Donnerstag,Unfall mit Leichtverletzten,Zusammenstoß mit einbiegendem / kreuzendem Fahrzeug,Einbiegen / Kreuzen-Unfall,Dunkelheit,1,1,0,0,0,0,"354136,4872","5644705,46",6.924055255,50.93550954,trocken,,"Rad, PKW"
251607,5,3,15,0,2019,Oktober,18,Donnerstag,Unfall mit Leichtverletzten,Zusammenstoß zwischen Fahrzeug und Fußgänger,Sonstiger Unfall,Dämmerung,0,1,1,0,0,0,"356810,9484","5645500,455",6.961780027,50.94332432,trocken,,"Fuss, PKW"
251609,5,3,15,0,2019,Oktober,8,Donnerstag,Unfall mit Leichtverletzten,Zusammenstoß mit entgegenkommendem Fahrzeug,Fahrunfall,Tageslicht,1,1,0,0,0,0,"357176,063","5646276,488",6.966669385,50.95038903,trocken,,"Rad, PKW"
251661,5,3,15,0,2019,November,16,Donnerstag,Unfall mit Leichtverletzten,Zusammenstoß zwischen Fahrzeug und Fußgänger,Abbiegeunfall,Dämmerung,0,1,1,0,0,0,"363714,3917","5640157,639",7.061981651,50.89697918,nass/feucht,,"Fuss, PKW"
251662,5,3,15,0,2019,November,10,Donnerstag,Unfall mit Leichtverletzten,Zusammenstoß mit einbiegendem / kreuzendem Fahrzeug,Abbiegeunfall,Tageslicht,1,1,0,0,0,0,"363765,209","5648806,776",7.059470238,50.97472482,nass/feucht,,"Rad, PKW"
251664,5,3,15,0,2019,November,21,Donnerstag,Unfall mit Leichtverletzten,Zusammenstoß mit anfahrendem/ anhaltendem/ruhendem Fahrzeug,Unfall im Längsverkehr,Dunkelheit,0,1,0,0,0,0,"360218,9553","5646396,448",7.009915593,50.95221309,nass/feucht,,PKW
251665,5,3,15,0,2019,November,5,Donnerstag,Unfall mit Leichtverletzten,Zusammenstoß mit einbiegendem / kreuzendem Fahrzeug,Einbiegen / Kreuzen-Unfall,Dunkelheit,1,1,0,0,0,0,"348722,3975","5646202,813",6.846436712,50.94757038,nass/feucht,,"Rad, PKW"
251666,5,3,15,0,2019,November,22,Donnerstag,Unfall mit Leichtverletzten,Unfall anderer Art,Fahrunfall,Dunkelheit,0,0,0,1,0,0,"356457,9255","5641324,138",6.958402375,50.9057044,nass/feucht,,Krad
251667,5,3,15,0,2019,November,17,Donnerstag,Unfall mit Leichtverletzten,Unfall anderer Art,Fahrunfall,Dunkelheit,1,0,0,0,0,0,"354778,3227","5643773,145",6.933555009,50.92729303,nass/feucht,,Rad
251668,5,3,15,0,2019,November,16,Donnerstag,Unfall mit Leichtverletzten,Zusammenstoß zwischen Fahrzeug und Fußgänger,Abbiegeunfall,Tageslicht,0,1,1,0,0,0,"356333,0756","5643745,162",6.955674396,50.92743085,nass/feucht,,"Fuss, PKW"
251669,5,3,15,0,2019,November,11,Donnerstag,Unfall mit Leichtverletzten,Abkommen von Fahrbahn nach links,Fahrunfall,Tageslicht,0,1,0,0,0,0,"356221,487","5645676,107",6.953325732,50.94475618,nass/feucht,,PKW
251670,5,3,15,0,2019,November,6,Donnerstag,Unfall mit Leichtverletzten,Zusammenstoß zwischen Fahrzeug und Fußgänger,Überschreiten-Unfall,Dunkelheit,0,1,1,0,0,0,"356003,2816","5645211,44",6.950405409,50.94052583,nass/feucht,,"Fuss, PKW"
251671,5,3,15,0,2019,November,11,Donnerstag,Unfall mit Leichtverletzten,Zusammenstoß zwischen Fahrzeug und Fußgänger,Abbiegeunfall,Tageslicht,0,1,1,0,0,0,"355381,595","5645355,988",6.941505269,50.94166927,nass/feucht,,"Fuss, PKW"
251672,5,3,15,0,2019,November,19,Donnerstag,Unfall mit Leichtverletzten,Zusammenstoß mit einbiegendem / kreuzendem Fahrzeug,Einbiegen / Kreuzen-Unfall,Dunkelheit,1,1,0,0,0,0,"355270,386","5645234,533",6.939971669,50.94054988,nass/feucht,,"Rad, PKW"
251754,5,3,15,0,2019,November,8,Mittwoch,Unfall mit Leichtverletzten,Zusammenstoß mit vorausfahrendem / wartendem Fahrzeug,Unfall im Längsverkehr,Tageslicht,0,1,0,0,0,0,"356658,9328","5645192,771",6.959738704,50.94052142,trocken,,PKW
251755,5,3,15,0,2019,November,7,Mittwoch,Unfall mit Leichtverletzten,Aufprall auf Fahrbahnhindernis,Fahrunfall,Tageslicht,1,0,0,0,0,0,"356321,5431","5648929,223",6.953464671,50.97401631,nass/feucht,,Rad
251756,5,3,15,0,2019,November,19,Mittwoch,Unfall mit Leichtverletzten,Unfall anderer Art,Fahrunfall,Dunkelheit,0,0,0,1,0,0,"353185,0597","5646807,479",6.909676727,50.95415811,nass/feucht,,Krad
251757,5,3,15,0,2019,November,16,Mittwoch,Unfall mit Schwerverletzten,Unfall anderer Art,Sonstiger Unfall,Tageslicht,1,0,0,0,0,0,"351194,2291","5644474,475",6.882305325,50.93268214,nass/feucht,,Rad
251758,5,3,15,0,2019,November,11,Mittwoch,Unfall mit Leichtverletzten,Zusammenstoß mit anfahrendem/ anhaltendem/ruhendem Fahrzeug,Unfall durch ruhenden Verkehr,Tageslicht,1,1,0,0,0,0,"352932,4897","5648151,701",6.905539993,50.96617364,trocken,,"Rad, PKW"
251759,5,3,15,0,2019,November,17,Mittwoch,Unfall mit Leichtverletzten,Zusammenstoß mit vorausfahrendem / wartendem Fahrzeug,Unfall im Längsverkehr,Dämmerung,0,1,0,0,0,0,"353855,8677","5646786,901",6.919229075,50.95414368,nass/feucht,,PKW
251760,5,3,15,0,2019,November,18,Mittwoch,Unfall mit Leichtverletzten,Zusammenstoß mit vorausfahrendem / wartendem Fahrzeug,Unfall im Längsverkehr,Dunkelheit,0,1,0,0,0,0,"354997,3841","5642828,998",6.93704542,50.91886329,trocken,,PKW
251761,5,3,15,0,2019,November,8,Mittwoch,Unfall mit Leichtverletzten,Zusammenstoß mit anfahrendem/ anhaltendem/ruhendem Fahrzeug,Unfall im Längsverkehr,Tageslicht,0,1,0,0,0,0,"356208,5226","5645119,12",6.953361175,50.93974739,nass/feucht,,PKW
251762,5,3,15,0,2019,November,21,Mittwoch,Unfall mit Leichtverletzten,Zusammenstoß mit einbiegendem / kreuzendem Fahrzeug,Einbiegen / Kreuzen-Unfall,Dunkelheit,1,1,0,0,0,0,"356234,1798","5645752,521",6.953476127,50.94544607,nass/feucht,,"Rad, PKW"
251763,5,3,15,0,2019,November,16,Mittwoch,Unfall mit Leichtverletzten,Zusammenstoß mit vorausfahrendem / wartendem Fahrzeug,Abbiegeunfall,Tageslicht,0,1,0,0,0,0,"355790,792","5644758,428",6.947562289,50.9364016,nass/feucht,,PKW
251865,5,3,15,0,2019,November,19,Dienstag,Unfall mit Leichtverletzten,Zusammenstoß mit einbiegendem / kreuzendem Fahrzeug,Einbiegen / Kreuzen-Unfall,Dämmerung,0,1,0,0,0,0,"365299,9654","5635710,907",7.086153671,50.85738547,nass/feucht,,PKW
251866,5,3,15,0,2019,November,15,Dienstag,Unfall mit Schwerverletzten,Zusammenstoß mit entgegenkommendem Fahrzeug,Unfall im Längsverkehr,Tageslicht,0,1,0,0,1,0,"364002,2145","5637303,401",7.067134184,50.87139442,nass/feucht,,"PKW, Gkfz"
251868,5,3,15,0,2019,November,17,Dienstag,Unfall mit Leichtverletzten,Aufprall auf Fahrbahnhindernis,Sonstiger Unfall,Dunkelheit,1,0,0,0,0,0,"358403,9707","5641826,001",6.985867851,50.91069527,nass/feucht,,Rad
251869,5,3,15,0,2019,November,8,Dienstag,Unfall mit Leichtverletzten,Unfall anderer Art,Fahrunfall,Tageslicht,0,0,0,1,0,0,"363427,528","5647666,416",7.055091487,50.96439601,nass/feucht,,Krad
251870,5,3,15,0,2019,November,7,Dienstag,Unfall mit Leichtverletzten,Zusammenstoß mit einbiegendem / kreuzendem Fahrzeug,Einbiegen / Kreuzen-Unfall,Tageslicht,1,1,0,0,0,0,"351870,0599","5653445,447",6.888261831,51.0134732,nass/feucht,,"Rad, PKW"
251871,5,3,15,0,2019,November,7,Dienstag,Unfall mit Leichtverletzten,Unfall anderer Art,Fahrunfall,Dämmerung,1,0,0,0,0,0,"353409,2478","5646774,576",6.912879658,50.9539195,nass/feucht,,Rad
251872,5,3,15,0,2019,November,18,Dienstag,Unfall mit Leichtverletzten,Zusammenstoß mit einbiegendem / kreuzendem Fahrzeug,Abbiegeunfall,Dunkelheit,0,1,0,1,0,0,"358840,5482","5637640,477",6.993691178,50.8731863,nass/feucht,,"Krad, PKW"
251873,5,3,15,0,2019,November,15,Dienstag,Unfall mit Leichtverletzten,Zusammenstoß zwischen Fahrzeug und Fußgänger,Sonstiger Unfall,Tageslicht,0,1,1,0,0,0,"356796,9269","5641913,783",6.962989371,50.9110877,nass/feucht,,"Fuss, PKW"
251875,5,3,15,0,2019,November,10,Dienstag,Unfall mit Schwerverletzten,Unfall anderer Art,Fahrunfall,Tageslicht,1,0,0,0,0,0,"355160,2997","5641981,353",6.939698134,50.91128658,trocken,,Rad
251876,5,3,15,0,2019,November,15,Dienstag,Unfall mit Leichtverletzten,Unfall anderer Art,Fahrunfall,Tageslicht,1,0,0,0,0,0,"355000,2983","5643932,403",6.936648098,50.92878009,nass/feucht,,Rad
251893,5,3,15,0,2019,November,17,Dienstag,Unfall mit Leichtverletzten,Zusammenstoß mit seitlich in gleicher Richtung fahrendem Fahrzeug,Sonstiger Unfall,Dunkelheit,0,1,0,0,0,0,"358537,0149","5644869,075",6.986578518,50.93807619,nass/feucht,,PKW
251903,5,3,15,0,2019,November,15,Dienstag,Unfall mit Leichtverletzten,Zusammenstoß mit einbiegendem / kreuzendem Fahrzeug,Abbiegeunfall,Dämmerung,0,1,0,0,0,0,"356405,8275","5641234,005",6.957697344,50.90488142,trocken,,PKW
251906,5,3,15,0,2019,November,12,Dienstag,Unfall mit Leichtverletzten,Zusammenstoß mit seitlich in gleicher Richtung fahrendem Fahrzeug,Unfall im Längsverkehr,Tageslicht,0,1,0,0,0,1,"353002,9004","5644259,587",6.908113218,50.93121483,trocken,,"PKW, Sonstige"
251911,5,3,15,0,2019,November,18,Dienstag,Unfall mit Schwerverletzten,Zusammenstoß zwischen Fahrzeug und Fußgänger,Fahrunfall,Dunkelheit,0,1,1,0,0,0,"355976,3661","5640494,477",6.951885104,50.89812839,nass/feucht,,"Fuss, PKW"
251920,5,3,15,0,2019,November,16,Dienstag,Unfall mit Leichtverletzten,Unfall anderer Art,Sonstiger Unfall,Dunkelheit,0,0,0,0,0,1,"355122,5908","5644853,529",6.938020964,50.93708877,nass/feucht,,Sonstige
251929,5,3,15,0,2019,November,23,Dienstag,Unfall mit Leichtverletzten,Unfall anderer Art,Fahrunfall,Dunkelheit,0,0,0,0,0,1,"355237,227","5645061,471",6.939568788,50.93898628,nass/feucht,,Sonstige
251942,5,3,15,0,2019,November,19,Dienstag,Unfall mit Schwerverletzten,Zusammenstoß zwischen Fahrzeug und Fußgänger,Überschreiten-Unfall,Dunkelheit,0,1,1,0,0,0,"356239,084","5644223,399",6.95414924,50.93170529,nass/feucht,,"Fuss, PKW"
251943,5,3,15,0,2019,November,16,Montag,Unfall mit Leichtverletzten,Zusammenstoß zwischen Fahrzeug und Fußgänger,Überschreiten-Unfall,Tageslicht,0,1,1,0,0,0,"359769,5936","5647443,636",7.00311864,50.96151512,trocken,,"Fuss, PKW"
251944,5,3,15,0,2019,November,1,Montag,Unfall mit Leichtverletzten,Abkommen von Fahrbahn nach links,Fahrunfall,Dunkelheit,0,1,0,0,0,0,"357046,18","5639903,267",6.967319718,50.89308101,trocken,,PKW
251945,5,3,15,0,2019,November,3,Montag,Unfall mit Leichtverletzten,Unfall anderer Art,Sonstiger Unfall,Dunkelheit,0,0,0,0,0,1,"356098,355","5645424,982",6.951673369,50.94246864,trocken,,Sonstige
251949,5,3,15,0,2019,November,17,Dienstag,Unfall mit Schwerverletzten,Zusammenstoß zwischen Fahrzeug und Fußgänger,Überschreiten-Unfall,Dunkelheit,0,1,1,0,0,0,"349840,991","5658702,08",6.857178355,51.06018393,nass/feucht,,"Fuss, PKW"
251952,5,3,15,0,2019,November,15,Dienstag,Unfall mit Leichtverletzten,Zusammenstoß mit einbiegendem / kreuzendem Fahrzeug,Einbiegen / Kreuzen-Unfall,Tageslicht,1,1,0,0,0,0,"355417,6939","5643567,211",6.942728378,50.92560294,trocken,,"Rad, PKW"
251991,5,3,15,0,2019,November,18,Sonntag,Unfall mit Leichtverletzten,Zusammenstoß zwischen Fahrzeug und Fußgänger,Überschreiten-Unfall,Dunkelheit,0,1,1,0,0,0,"359313,3315","5634069,517",7.001779002,50.84120848,trocken,,"Fuss, PKW"
251992,5,3,15,0,2019,November,11,Sonntag,Unfall mit Leichtverletzten,Zusammenstoß mit einbiegendem / kreuzendem Fahrzeug,Sonstiger Unfall,Tageslicht,0,1,0,0,0,0,"361451,6744","5644620,387",7.028130446,50.93654883,trocken,,PKW
251993,5,3,15,0,2019,November,10,Sonntag,Unfall mit Schwerverletzten,Zusammenstoß mit einbiegendem / kreuzendem Fahrzeug,Einbiegen / Kreuzen-Unfall,Tageslicht,1,1,0,0,0,0,"359264,0341","5644766,235",6.996959017,50.93732985,nass/feucht,,"Rad, PKW"
251994,5,3,15,0,2019,November,15,Sonntag,Unfall mit Leichtverletzten,Zusammenstoß zwischen Fahrzeug und Fußgänger,Überschreiten-Unfall,Tageslicht,0,1,1,0,0,0,"360897,2895","5644790,116",7.020180472,50.93794076,nass/feucht,,"Fuss, PKW"
251995,5,3,15,0,2019,November,12,Sonntag,Unfall mit Leichtverletzten,Zusammenstoß mit einbiegendem / kreuzendem Fahrzeug,Abbiegeunfall,Tageslicht,0,1,0,0,0,0,"362237,71","5648254,781",7.037935214,50.96940052,trocken,,PKW
252053,5,3,15,0,2019,November,6,Samstag,Unfall mit Schwerverletzten,Zusammenstoß zwischen Fahrzeug und Fußgänger,Überschreiten-Unfall,Dunkelheit,0,1,1,0,0,0,"352757,4242","5653923,508",6.900708919,51.01799713,nass/feucht,,"Fuss, PKW"
252054,5,3,15,0,2019,November,15,Samstag,Unfall mit Leichtverletzten,Zusammenstoß zwischen Fahrzeug und Fußgänger,Überschreiten-Unfall,Tageslicht,0,1,1,0,0,0,"354147,1749","5645681,94",6.923816332,50.94428755,trocken,,"Fuss, PKW"
252055,5,3,15,0,2019,November,14,Samstag,Unfall mit Schwerverletzten,Zusammenstoß mit anfahrendem/ anhaltendem/ruhendem Fahrzeug,Unfall durch ruhenden Verkehr,Tageslicht,1,1,0,0,0,0,"347770,1535","5647614,935",6.832300555,50.96000922,trocken,,"Rad, PKW"
252056,5,3,15,0,2019,November,5,Samstag,Unfall mit Leichtverletzten,Zusammenstoß zwischen Fahrzeug und Fußgänger,Sonstiger Unfall,Dunkelheit,0,0,1,0,0,1,"361260,251","5637829,095",7.02798906,50.87546738,trocken,,"Fuss, Sonstige"
252057,5,3,15,0,2019,November,13,Samstag,Unfall mit Leichtverletzten,Zusammenstoß mit anfahrendem/ anhaltendem/ruhendem Fahrzeug,Unfall durch ruhenden Verkehr,Tageslicht,1,1,0,0,0,0,"356704,115","5642500,656",6.961439561,50.91633886,trocken,,"Rad, PKW"
252062,5,3,15,0,2019,November,8,Dienstag,Unfall mit Leichtverletzten,Zusammenstoß zwischen Fahrzeug und Fußgänger,Überschreiten-Unfall,Tageslicht,0,1,1,0,0,0,"353266,3248","5650607,972",6.909299517,50.98833215,trocken,,"Fuss, PKW"
252148,5,3,15,0,2019,November,18,Freitag,Unfall mit Leichtverletzten,Aufprall auf Fahrbahnhindernis,Sonstiger Unfall,Dunkelheit,1,0,0,0,0,0,"364180,1509","5638669,177",7.069154196,50.88371127,trocken,,Rad
252149,5,3,15,0,2019,November,8,Freitag,Unfall mit Leichtverletzten,Zusammenstoß zwischen Fahrzeug und Fußgänger,Überschreiten-Unfall,Tageslicht,0,1,1,0,0,0,"358404,0602","5641825,868",6.985869175,50.9106941,trocken,,"Fuss, PKW"
252150,5,3,15,0,2019,November,23,Freitag,Unfall mit Schwerverletzten,Unfall anderer Art,Sonstiger Unfall,Dunkelheit,1,1,0,0,0,0,"360441,1599","5647162,879",7.012783255,50.95915497,nass/feucht,,"Rad, PKW"
252151,5,3,15,0,2019,November,7,Freitag,Unfall mit Leichtverletzten,Zusammenstoß mit einbiegendem / kreuzendem Fahrzeug,Abbiegeunfall,Tageslicht,0,1,0,1,0,0,"352747,0869","5649419,845",6.902387974,50.97752247,trocken,,"Krad, PKW"
252152,5,3,15,0,2019,November,17,Freitag,Unfall mit Schwerverletzten,Zusammenstoß zwischen Fahrzeug und Fußgänger,Abbiegeunfall,Dunkelheit,0,1,1,0,0,0,"351497,6032","5646097,909",6.885957842,50.94734926,nass/feucht,,"Fuss, PKW"
252154,5,3,15,0,2019,November,17,Freitag,Unfall mit Leichtverletzten,Zusammenstoß mit anfahrendem/ anhaltendem/ruhendem Fahrzeug,Unfall im Längsverkehr,Dunkelheit,0,1,0,0,0,0,"358006,8578","5641086,492",6.980510555,50.90395171,nass/feucht,,PKW
252155,5,3,15,0,2019,November,13,Freitag,Unfall mit Leichtverletzten,Zusammenstoß mit vorausfahrendem / wartendem Fahrzeug,Unfall im Längsverkehr,Tageslicht,0,1,0,0,0,0,"358857,4791","5639783,188",6.993104235,50.89244732,nass/feucht,,PKW
252156,5,3,15,0,2019,November,10,Freitag,Unfall mit Leichtverletzten,Zusammenstoß zwischen Fahrzeug und Fußgänger,Unfall im Längsverkehr,Tageslicht,0,0,1,0,0,1,"355984,5712","5644931,519",6.950249924,50.93800556,nass/feucht,,"Fuss, Sonstige"
252157,5,3,15,0,2019,November,20,Freitag,Unfall mit Leichtverletzten,Unfall anderer Art,Sonstiger Unfall,Dunkelheit,1,0,0,0,0,0,"355924,6408","5642893,122",6.950203133,50.91967182,nass/feucht,,Rad
252187,5,3,15,0,2019,November,14,Freitag,Unfall mit Leichtverletzten,Zusammenstoß mit vorausfahrendem / wartendem Fahrzeug,Unfall im Längsverkehr,Tageslicht,0,1,0,1,0,0,"363251,7999","5637709,855",7.056323484,50.87487038,trocken,,"Krad, PKW"
252188,5,3,15,0,2019,November,15,Freitag,Unfall mit Leichtverletzten,Unfall anderer Art,Fahrunfall,Tageslicht,0,0,0,1,0,0,"351552,1628","5646084,97",6.886739247,50.94724704,trocken,,Krad
252189,5,3,15,0,2019,November,11,Freitag,Unfall mit Leichtverletzten,Zusammenstoß zwischen Fahrzeug und Fußgänger,Sonstiger Unfall,Tageslicht,0,0,1,0,1,0,"352372,374","5649165,455",6.89715734,50.97514046,trocken,,"Fuss, Gkfz"
252190,5,3,15,0,2019,November,11,Freitag,Unfall mit Leichtverletzten,Zusammenstoß mit einbiegendem / kreuzendem Fahrzeug,Abbiegeunfall,Tageslicht,1,1,0,0,0,0,"356892,789","5641052,296",6.964689823,50.90336933,trocken,,"Rad, PKW"
252191,5,3,15,0,2019,November,7,Freitag,Unfall mit Leichtverletzten,Zusammenstoß mit anfahrendem/ anhaltendem/ruhendem Fahrzeug,Sonstiger Unfall,Tageslicht,1,1,0,0,0,0,"355757,0103","5641799,569",6.948252188,50.90980234,nass/feucht,,"Rad, PKW"
252192,5,3,15,0,2019,November,10,Freitag,Unfall mit Leichtverletzten,Zusammenstoß mit entgegenkommendem Fahrzeug,Einbiegen / Kreuzen-Unfall,Tageslicht,1,0,0,0,0,0,"354028,7192","5642790,218",6.923289372,50.91827057,trocken,,Rad
252193,5,3,15,0,2019,November,12,Freitag,Unfall mit Leichtverletzten,Zusammenstoß mit einbiegendem / kreuzendem Fahrzeug,Abbiegeunfall,Tageslicht,1,1,0,0,0,0,"352918,5649","5643191,113",6.907344937,50.92159137,trocken,,"Rad, PKW"
252194,5,3,15,0,2019,November,13,Freitag,Unfall mit Schwerverletzten,Zusammenstoß mit anfahrendem/ anhaltendem/ruhendem Fahrzeug,Unfall durch ruhenden Verkehr,Tageslicht,1,1,0,0,0,0,"356483,6557","5643540,576",6.957896169,50.92562974,trocken,,"Rad, PKW"
252260,5,3,15,0,2019,November,17,Donnerstag,Unfall mit Leichtverletzten,Zusammenstoß zwischen Fahrzeug und Fußgänger,Überschreiten-Unfall,Dämmerung,0,1,1,0,0,0,"357483,4388","5647110,538",6.970715905,50.95796065,trocken,,"Fuss, PKW"
252261,5,3,15,0,2019,November,18,Donnerstag,Unfall mit Schwerverletzten,Abkommen von Fahrbahn nach rechts,Fahrunfall,Dämmerung,0,1,0,0,0,0,"354635,5972","5656944,249",6.926256206,51.04562107,trocken,,PKW
252262,5,3,15,0,2019,November,6,Donnerstag,Unfall mit Leichtverletzten,Zusammenstoß mit einbiegendem / kreuzendem Fahrzeug,Einbiegen / Kreuzen-Unfall,Dunkelheit,0,1,0,0,0,0,"352747,0869","5649419,845",6.902387974,50.97752247,nass/feucht,,PKW
252263,5,3,15,0,2019,November,16,Donnerstag,Unfall mit Schwerverletzten,Zusammenstoß zwischen Fahrzeug und Fußgänger,Überschreiten-Unfall,Tageslicht,1,0,1,0,0,0,"353313,9608","5645792,8",6.911919458,50.94507243,trocken,,"Rad, Fuss"