OBJECTID,ULAND,UREGBEZ,UKREIS,UGEMEINDE,UJAHR,UMONAT,USTUNDE,UWOCHENTAG,UKATEGORIE,UART,UTYP1,ULICHTVERH,IstRad,IstPKW,IstFuss,IstKrad,IstGkfz,IstSonstige,LINREFX,LINREFY,XGCSWGS84,YGCSWGS84,USTRZUSTAND,UIDENTSTLAE,Participants
252264,5,3,15,0,2019,November,17,Donnerstag,Unfall mit Leichtverletzten,Zusammenstoß mit einbiegendem / kreuzendem Fahrzeug,Abbiegeunfall,Dunkelheit,0,1,0,0,0,0,"352335,046","5646674,244",6.897637125,50.95274364,trocken,,PKW
252265,5,3,15,0,2019,November,15,Donnerstag,Unfall mit Leichtverletzten,Zusammenstoß zwischen Fahrzeug und Fußgänger,Fahrunfall,Tageslicht,0,0,1,0,0,1,"350806,5519","5646401,023",6.876003233,50.94989474,trocken,,"Fuss, Sonstige"
252267,5,3,15,0,2019,November,9,Donnerstag,Unfall mit Schwerverletzten,Unfall anderer Art,Unfall durch ruhenden Verkehr,Tageslicht,1,1,0,0,0,0,"355001,3338","5642825,574",6.937102934,50.91883352,nass/feucht,,"Rad, PKW"
252268,5,3,15,0,2019,November,13,Donnerstag,Unfall mit Leichtverletzten,Zusammenstoß mit einbiegendem / kreuzendem Fahrzeug,Abbiegeunfall,Tageslicht,1,0,0,1,0,0,"354711,29","5642251,686",6.933207901,50.91360316,trocken,,"Rad, Krad"
252343,5,3,15,0,2019,November,11,Mittwoch,Unfall mit Schwerverletzten,Unfall anderer Art,Fahrunfall,Tageslicht,0,0,0,1,0,0,"356843,7759","5649733,419",6.960581546,50.98137353,nass/feucht,,Krad
252344,5,3,15,0,2019,November,18,Mittwoch,Unfall mit Schwerverletzten,Zusammenstoß mit einbiegendem / kreuzendem Fahrzeug,Einbiegen / Kreuzen-Unfall,Dunkelheit,1,1,0,0,0,0,"354907,8386","5647919,964",6.933744625,50.96459198,nass/feucht,,"Rad, PKW"
252345,5,3,15,0,2019,November,18,Mittwoch,Unfall mit Leichtverletzten,Zusammenstoß mit vorausfahrendem / wartendem Fahrzeug,Abbiegeunfall,Dunkelheit,0,1,0,0,0,0,"353615,3243","5651482,46",6.913916201,50.99627964,nass/feucht,,PKW
252346,5,3,15,0,2019,November,3,Mittwoch,Unfall mit Leichtverletzten,Aufprall auf Fahrbahnhindernis,Fahrunfall,Dunkelheit,0,1,0,0,0,0,"353262,7286","5647865,858",6.910355031,50.9636891,trocken,,PKW
252347,5,3,15,0,2019,November,16,Mittwoch,Unfall mit Leichtverletzten,Zusammenstoß mit vorausfahrendem / wartendem Fahrzeug,Unfall im Längsverkehr,Tageslicht,1,1,0,0,0,0,"355568,3577","5641869,618",6.945542867,50.91038469,nass/feucht,,"Rad, PKW"
252348,5,3,15,0,2019,November,2,Mittwoch,Unfall mit Leichtverletzten,Unfall anderer Art,Sonstiger Unfall,Dunkelheit,0,0,0,0,0,1,"355524,7299","5645252,894",6.94358213,50.94077866,nass/feucht,,Sonstige
252425,5,3,15,0,2019,November,22,Samstag,Unfall mit Leichtverletzten,Unfall anderer Art,Sonstiger Unfall,Dunkelheit,1,0,0,0,0,0,"360645,263","5643718,662",7.017005412,50.92825053,trocken,,Rad
252426,5,3,15,0,2019,November,21,Samstag,Unfall mit Leichtverletzten,Unfall anderer Art,Unfall im Längsverkehr,Dunkelheit,0,1,0,0,0,1,"356393,2805","5644340,293",6.956296049,50.93279421,trocken,,"PKW, Sonstige"
252443,5,3,15,0,2019,November,20,Mittwoch,Unfall mit Leichtverletzten,Zusammenstoß mit einbiegendem / kreuzendem Fahrzeug,Abbiegeunfall,Dunkelheit,1,1,0,0,0,0,"363711,74","5640155,067",7.061944926,50.89695544,nass/feucht,,"Rad, PKW"
252444,5,3,15,0,2019,November,16,Mittwoch,Unfall mit Leichtverletzten,Aufprall auf Fahrbahnhindernis,Fahrunfall,Dämmerung,1,0,0,0,0,0,"359854,1727","5643161,686",7.005969683,50.92305324,nass/feucht,,Rad
252445,5,3,15,0,2019,November,14,Mittwoch,Unfall mit Leichtverletzten,Zusammenstoß zwischen Fahrzeug und Fußgänger,Sonstiger Unfall,Tageslicht,0,1,1,0,0,0,"359797,2171","5647554,007",7.003469216,50.96251375,nass/feucht,,"Fuss, PKW"
252446,5,3,15,0,2019,November,19,Mittwoch,Unfall mit Leichtverletzten,Unfall anderer Art,Fahrunfall,Dunkelheit,0,0,0,1,0,0,"353835,1664","5643511,671",6.920248523,50.92470505,nass/feucht,,Krad
252447,5,3,15,0,2019,November,19,Mittwoch,Unfall mit Schwerverletzten,Zusammenstoß mit einbiegendem / kreuzendem Fahrzeug,Sonstiger Unfall,Dunkelheit,1,1,0,0,0,0,"354886,5818","5642920,742",6.935433628,50.91965992,trocken,,"Rad, PKW"
252448,5,3,15,0,2019,November,15,Mittwoch,Unfall mit Leichtverletzten,Unfall anderer Art,Fahrunfall,Tageslicht,1,0,0,0,0,0,"353706,4043","5642108,474",6.918980448,50.91206232,nass/feucht,,Rad
252449,5,3,15,0,2019,November,11,Mittwoch,Unfall mit Schwerverletzten,Zusammenstoß mit einbiegendem / kreuzendem Fahrzeug,Abbiegeunfall,Tageslicht,1,1,0,0,0,0,"355700,793","5645884,543",6.9458362,50.94649926,nass/feucht,,"Rad, PKW"
252512,5,3,15,0,2019,November,6,Dienstag,Unfall mit Leichtverletzten,Zusammenstoß mit einbiegendem / kreuzendem Fahrzeug,Einbiegen / Kreuzen-Unfall,Dunkelheit,1,1,0,0,0,0,"363307,908","5641898,963",7.055552848,50.9125332,nass/feucht,,"Rad, PKW"
252513,5,3,15,0,2019,November,6,Dienstag,Unfall mit Leichtverletzten,Zusammenstoß mit anfahrendem/ anhaltendem/ruhendem Fahrzeug,Unfall durch ruhenden Verkehr,Dunkelheit,0,1,0,0,0,0,"360958,3617","5643731,785",7.021452906,50.92844402,nass/feucht,,PKW
252514,5,3,15,0,2019,November,21,Dienstag,Unfall mit Leichtverletzten,Zusammenstoß zwischen Fahrzeug und Fußgänger,Abbiegeunfall,Dunkelheit,0,1,1,0,0,0,"360204,7795","5646208,428",7.009786095,50.95051989,nass/feucht,,"Fuss, PKW"
252515,5,3,15,0,2019,November,17,Dienstag,Unfall mit Schwerverletzten,Zusammenstoß mit einbiegendem / kreuzendem Fahrzeug,Abbiegeunfall,Dämmerung,0,1,0,1,0,0,"353881,435","5650627,382",6.918049761,50.98866305,nass/feucht,,"Krad, PKW"
252516,5,3,15,0,2019,November,16,Dienstag,Unfall mit Schwerverletzten,Zusammenstoß mit einbiegendem / kreuzendem Fahrzeug,Abbiegeunfall,Dunkelheit,0,1,0,1,0,0,"355306,0752","5654614,16",6.936744952,51.02485074,nass/feucht,,"Krad, PKW"
252517,5,3,15,0,2019,November,15,Dienstag,Unfall mit Leichtverletzten,Zusammenstoß mit vorausfahrendem / wartendem Fahrzeug,Unfall im Längsverkehr,Dämmerung,0,1,0,0,0,0,"356799,0816","5649282,024",6.960123087,50.9773058,nass/feucht,,PKW
252518,5,3,15,0,2019,November,19,Dienstag,Unfall mit Leichtverletzten,Zusammenstoß mit seitlich in gleicher Richtung fahrendem Fahrzeug,Abbiegeunfall,Dunkelheit,1,1,0,0,0,0,"352371,3376","5645494,198",6.898631829,50.94214842,nass/feucht,,"Rad, PKW"
252519,5,3,15,0,2019,November,17,Dienstag,Unfall mit Leichtverletzten,Zusammenstoß zwischen Fahrzeug und Fußgänger,Abbiegeunfall,Dunkelheit,0,1,1,0,0,0,"356116,2864","5640735,922",6.953778374,50.90033311,nass/feucht,,"Fuss, PKW"
252520,5,3,15,0,2019,November,8,Dienstag,Unfall mit Leichtverletzten,Zusammenstoß zwischen Fahrzeug und Fußgänger,Abbiegeunfall,Dämmerung,0,1,1,0,0,0,"355581,6417","5641821,714",6.945750652,50.9099575,nass/feucht,,"Fuss, PKW"
252521,5,3,15,0,2019,November,7,Dienstag,Unfall mit Schwerverletzten,Zusammenstoß mit entgegenkommendem Fahrzeug,Abbiegeunfall,Dunkelheit,0,1,0,1,0,0,"355009,5916","5642818,418",6.937223182,50.91877128,nass/feucht,,"Krad, PKW"
252522,5,3,15,0,2019,November,17,Dienstag,Unfall mit Leichtverletzten,Zusammenstoß mit einbiegendem / kreuzendem Fahrzeug,Abbiegeunfall,Dunkelheit,0,1,0,0,1,0,"354262,999","5640290,277",6.927618267,50.89586343,nass/feucht,,"PKW, Gkfz"
252588,5,3,15,0,2019,November,19,Montag,Unfall mit Leichtverletzten,Zusammenstoß zwischen Fahrzeug und Fußgänger,Sonstiger Unfall,Dunkelheit,0,1,1,0,0,0,"357469,8311","5645321,686",6.97122252,50.94188099,nass/feucht,,"Fuss, PKW"
252589,5,3,15,0,2019,November,20,Montag,Unfall mit Leichtverletzten,Unfall anderer Art,Fahrunfall,Dunkelheit,0,1,0,0,0,0,"355959,5674","5652151,869",6.947034605,51.00288698,nass/feucht,,PKW
252590,5,3,15,0,2019,November,4,Montag,Unfall mit Leichtverletzten,Abkommen von Fahrbahn nach rechts,Sonstiger Unfall,Dunkelheit,1,0,0,0,0,0,"353277,2969","5646371,183",6.911164882,50.95026079,trocken,,Rad
252591,5,3,15,0,2019,November,21,Montag,Unfall mit Leichtverletzten,Zusammenstoß mit entgegenkommendem Fahrzeug,Abbiegeunfall,Dunkelheit,1,1,0,0,0,0,"356760,9892","5641899,233",6.962484227,50.91094802,nass/feucht,,"Rad, PKW"
252592,5,3,15,0,2019,November,16,Montag,Unfall mit Schwerverletzten,Zusammenstoß mit einbiegendem / kreuzendem Fahrzeug,Einbiegen / Kreuzen-Unfall,Dunkelheit,1,0,0,0,0,0,"353711,0775","5643340,762",6.918552695,50.9231377,nass/feucht,,Rad
252622,5,3,15,0,2019,November,13,Sonntag,Unfall mit Leichtverletzten,Zusammenstoß mit anfahrendem/ anhaltendem/ruhendem Fahrzeug,Unfall durch ruhenden Verkehr,Tageslicht,1,1,0,0,0,0,"351623,2308","5648528,626",6.886753951,50.96922512,trocken,,"Rad, PKW"
252623,5,3,15,0,2019,November,23,Sonntag,Unfall mit Schwerverletzten,Zusammenstoß zwischen Fahrzeug und Fußgänger,Sonstiger Unfall,Dunkelheit,0,0,1,0,0,1,"358967,573","5638835,319",6.995034482,50.88395556,trocken,,"Fuss, Sonstige"
252624,5,3,15,0,2019,November,2,Sonntag,Unfall mit Schwerverletzten,Zusammenstoß zwischen Fahrzeug und Fußgänger,Überschreiten-Unfall,Dunkelheit,0,0,1,0,0,1,"353379,4245","5641683,861",6.91450306,50.90816349,trocken,,"Fuss, Sonstige"
252625,5,3,15,0,2019,November,8,Sonntag,Unfall mit Leichtverletzten,Zusammenstoß zwischen Fahrzeug und Fußgänger,Sonstiger Unfall,Tageslicht,1,0,1,0,0,0,"355939,3113","5642775,307",6.950458243,50.9186167,trocken,,"Rad, Fuss"
252626,5,3,15,0,2019,November,14,Sonntag,Unfall mit Leichtverletzten,Zusammenstoß mit anfahrendem/ anhaltendem/ruhendem Fahrzeug,Sonstiger Unfall,Tageslicht,0,1,0,1,0,0,"355985,8979","5644937,706",6.950266348,50.9380615,trocken,,"Krad, PKW"
252627,5,3,15,0,2019,November,12,Sonntag,Unfall mit Leichtverletzten,Zusammenstoß mit einbiegendem / kreuzendem Fahrzeug,Abbiegeunfall,Tageslicht,0,1,0,1,0,0,"356049,3154","5645436,657",6.950971193,50.94256132,trocken,,"Krad, PKW"
252666,5,3,15,0,2019,November,7,Samstag,Unfall mit Leichtverletzten,Zusammenstoß mit seitlich in gleicher Richtung fahrendem Fahrzeug,Unfall im Längsverkehr,Tageslicht,1,0,0,0,0,0,"364360,7901","5639605,061",7.071373235,50.89216504,trocken,,Rad
252667,5,3,15,0,2019,November,10,Samstag,Unfall mit Schwerverletzten,Zusammenstoß mit vorausfahrendem / wartendem Fahrzeug,Unfall im Längsverkehr,Tageslicht,0,1,0,0,0,0,"357046,7894","5639888,132",6.967334301,50.89294514,trocken,,PKW
252668,5,3,15,0,2019,November,14,Samstag,Unfall mit Leichtverletzten,Unfall anderer Art,Fahrunfall,Tageslicht,0,0,0,1,0,0,"355161,5172","5642708,986",6.939426581,50.91782599,trocken,,Krad
252669,5,3,15,0,2019,November,16,Samstag,Unfall mit Leichtverletzten,Zusammenstoß mit einbiegendem / kreuzendem Fahrzeug,Abbiegeunfall,Dämmerung,1,1,0,0,0,0,"354966,9874","5645435,301",6.935576267,50.94227789,trocken,,"Rad, PKW"
252671,5,3,15,0,2019,November,11,Samstag,Unfall mit Leichtverletzten,Zusammenstoß mit einbiegendem / kreuzendem Fahrzeug,Einbiegen / Kreuzen-Unfall,Tageslicht,0,1,0,0,0,0,"357510,771","5641222,111",6.973406763,50.9050483,trocken,,PKW
252672,5,3,15,0,2019,November,13,Samstag,Unfall mit Leichtverletzten,Zusammenstoß mit einbiegendem / kreuzendem Fahrzeug,Einbiegen / Kreuzen-Unfall,Tageslicht,0,1,0,0,0,0,"355551,883","5644713,654",6.944182136,50.93593943,trocken,,PKW
252673,5,3,15,0,2019,November,11,Samstag,Unfall mit Leichtverletzten,Zusammenstoß mit einbiegendem / kreuzendem Fahrzeug,Abbiegeunfall,Tageslicht,1,1,0,0,0,0,"351826,4929","5646024,838",6.890666165,50.94677724,trocken,,"Rad, PKW"
252675,5,3,15,0,2019,November,16,Samstag,Unfall mit Leichtverletzten,Zusammenstoß mit einbiegendem / kreuzendem Fahrzeug,Abbiegeunfall,Tageslicht,1,1,0,0,0,0,"359456,2712","5637224,513",7.002596638,50.86959798,trocken,,"Rad, PKW"
252680,5,3,15,0,2019,November,13,Sonntag,Unfall mit Leichtverletzten,Zusammenstoß mit einbiegendem / kreuzendem Fahrzeug,Abbiegeunfall,Tageslicht,1,1,0,0,0,0,"358974,9137","5644712,45",6.99286759,50.93677584,trocken,,"Rad, PKW"
252681,5,3,15,0,2019,November,10,Sonntag,Unfall mit Schwerverletzten,Zusammenstoß mit einbiegendem / kreuzendem Fahrzeug,Abbiegeunfall,Tageslicht,0,1,0,0,0,0,"352192,8011","5650911,964",6.893890998,50.99078931,trocken,,PKW
252682,5,3,15,0,2019,November,19,Sonntag,Unfall mit Leichtverletzten,Zusammenstoß zwischen Fahrzeug und Fußgänger,Überschreiten-Unfall,Tageslicht,1,1,1,0,0,0,"356195,9255","5644966,017",6.953242429,50.93836834,nass/feucht,,"Rad, Fuss, PKW"
252683,5,3,15,0,2019,November,20,Sonntag,Unfall mit Leichtverletzten,Zusammenstoß zwischen Fahrzeug und Fußgänger,Überschreiten-Unfall,Tageslicht,0,1,1,0,0,0,"356005,2719","5645092,318",6.950480801,50.93945581,trocken,,"Fuss, PKW"
252684,5,3,15,0,2019,November,12,Sonntag,Unfall mit Leichtverletzten,Zusammenstoß mit anfahrendem/ anhaltendem/ruhendem Fahrzeug,Fahrunfall,Tageslicht,0,1,0,0,0,1,"356222,0639","5645253,237",6.953500852,50.94095606,trocken,,"PKW, Sonstige"
252728,5,3,15,0,2019,November,12,Samstag,Unfall mit Leichtverletzten,Zusammenstoß mit seitlich in gleicher Richtung fahrendem Fahrzeug,Abbiegeunfall,Tageslicht,1,1,0,0,0,0,"362415,728","5636749,844",7.044808429,50.86604389,nass/feucht,,"Rad, PKW"
252729,5,3,15,0,2019,November,14,Samstag,Unfall mit Leichtverletzten,Unfall anderer Art,Unfall durch ruhenden Verkehr,Tageslicht,1,1,0,0,0,0,"357472,0139","5648133,014",6.970152806,50.96714673,trocken,,"Rad, PKW"
252730,5,3,15,0,2019,November,7,Samstag,Unfall mit Leichtverletzten,Zusammenstoß mit einbiegendem / kreuzendem Fahrzeug,Einbiegen / Kreuzen-Unfall,Tageslicht,1,1,0,0,0,0,"357408,8318","5649182,824",6.96884195,50.97656562,nass/feucht,,"Rad, PKW"
252731,5,3,15,0,2019,November,17,Samstag,Unfall mit Leichtverletzten,Unfall anderer Art,Überschreiten-Unfall,Dunkelheit,0,1,1,0,0,0,"353644,3703","5651536,134",6.914308202,50.99676937,nass/feucht,,"Fuss, PKW"
252732,5,3,15,0,2019,November,7,Samstag,Unfall mit Schwerverletzten,Unfall anderer Art,Fahrunfall,Tageslicht,0,0,0,1,0,0,"352494,504","5644627,224",6.900734724,50.93438883,nass/feucht,,Krad
252733,5,3,15,0,2019,November,11,Samstag,Unfall mit Leichtverletzten,Zusammenstoß mit einbiegendem / kreuzendem Fahrzeug,Einbiegen / Kreuzen-Unfall,Tageslicht,0,1,0,0,0,1,"359033,5148","5639790,307",6.995602889,50.89255429,trocken,,"PKW, Sonstige"
252734,5,3,15,0,2019,November,10,Samstag,Unfall mit Schwerverletzten,Unfall anderer Art,Sonstiger Unfall,Tageslicht,1,0,0,0,0,0,"360333,4351","5637329,008",7.015014947,50.87074971,nass/feucht,,Rad
252735,5,3,15,0,2019,November,10,Samstag,Unfall mit Leichtverletzten,Zusammenstoß mit vorausfahrendem / wartendem Fahrzeug,Unfall im Längsverkehr,Tageslicht,0,1,0,0,0,0,"356081,1361","5643278,027",6.95227622,50.92316997,trocken,,PKW
252801,5,3,15,0,2019,November,20,Freitag,Unfall mit Leichtverletzten,Zusammenstoß mit seitlich in gleicher Richtung fahrendem Fahrzeug,Unfall durch ruhenden Verkehr,Dunkelheit,0,1,0,1,0,0,"359597,4639","5645358,223",7.001473359,50.94273139,nass/feucht,,"Krad, PKW"
252802,5,3,15,0,2019,November,18,Freitag,Unfall mit Leichtverletzten,Zusammenstoß zwischen Fahrzeug und Fußgänger,Überschreiten-Unfall,Dunkelheit,0,1,1,0,0,0,"360331,432","5648826,779",7.010582949,50.97408207,trocken,,"Fuss, PKW"
252803,5,3,15,0,2019,November,8,Freitag,Unfall mit Leichtverletzten,Zusammenstoß mit einbiegendem / kreuzendem Fahrzeug,Einbiegen / Kreuzen-Unfall,Tageslicht,0,1,0,0,0,1,"360055,087","5648488,613",7.006779422,50.97097585,trocken,,"PKW, Sonstige"
252804,5,3,15,0,2019,November,8,Freitag,Unfall mit Leichtverletzten,Zusammenstoß mit einbiegendem / kreuzendem Fahrzeug,Abbiegeunfall,Tageslicht,1,1,0,0,0,0,"349160,113","5644846,257",6.853224976,50.9354947,nass/feucht,,"Rad, PKW"
252805,5,3,15,0,2019,November,15,Freitag,Unfall mit Leichtverletzten,Zusammenstoß mit vorausfahrendem / wartendem Fahrzeug,Unfall im Längsverkehr,Tageslicht,0,1,0,1,0,0,"357374,686","5637333,647",6.972990292,50.87006893,trocken,,"Krad, PKW"
252806,5,3,15,0,2019,November,18,Freitag,Unfall mit Schwerverletzten,Unfall anderer Art,Einbiegen / Kreuzen-Unfall,Dunkelheit,1,1,0,0,0,0,"357281,4955","5642153,716",6.969783703,50.91336399,nass/feucht,,"Rad, PKW"
252807,5,3,15,0,2019,November,8,Freitag,Unfall mit Leichtverletzten,Zusammenstoß zwischen Fahrzeug und Fußgänger,Unfall im Längsverkehr,Tageslicht,1,0,1,0,0,0,"354453,4724","5643495,904",6.929046418,50.92471967,trocken,,"Rad, Fuss"
252808,5,3,15,0,2019,November,16,Freitag,Unfall mit Schwerverletzten,Zusammenstoß mit anfahrendem/ anhaltendem/ruhendem Fahrzeug,Unfall durch ruhenden Verkehr,Tageslicht,1,1,0,0,0,0,"353820,5234","5643178,043",6.920174054,50.92170313,trocken,,"Rad, PKW"
252809,5,3,15,0,2019,November,15,Freitag,Unfall mit Leichtverletzten,Zusammenstoß mit vorausfahrendem / wartendem Fahrzeug,Abbiegeunfall,Tageslicht,1,1,0,0,0,0,"355267,8377","5641783,419",6.941305275,50.90953476,trocken,,"Rad, PKW"
252810,5,3,15,0,2019,November,8,Freitag,Unfall mit Leichtverletzten,Unfall anderer Art,Fahrunfall,Dämmerung,1,0,0,0,0,0,"355939,7191","5642774,957",6.950464179,50.91861366,winterglatt,,Rad
252811,5,3,15,0,2019,November,14,Freitag,Unfall mit Leichtverletzten,Zusammenstoß mit einbiegendem / kreuzendem Fahrzeug,Einbiegen / Kreuzen-Unfall,Tageslicht,1,1,0,0,0,0,"355103,135","5644660,468",6.937821018,50.93534888,trocken,,"Rad, PKW"
252872,5,3,15,0,2019,November,8,Donnerstag,Unfall mit Leichtverletzten,Unfall anderer Art,Unfall durch ruhenden Verkehr,Tageslicht,0,1,0,0,0,1,"366413,9555","5637379,48",7.101362927,50.87264062,trocken,,"PKW, Sonstige"
252873,5,3,15,0,2019,November,12,Donnerstag,Unfall mit Leichtverletzten,Unfall anderer Art,Unfall im Längsverkehr,Tageslicht,1,0,0,0,0,0,"357745,9175","5644210,319",6.975583593,50.93196135,trocken,,Rad
252874,5,3,15,0,2019,November,14,Donnerstag,Unfall mit Leichtverletzten,Zusammenstoß mit vorausfahrendem / wartendem Fahrzeug,Unfall im Längsverkehr,Tageslicht,0,1,0,0,0,0,"360098,797","5647248,205",7.007878601,50.95983879,trocken,,PKW
252875,5,3,15,0,2019,November,13,Donnerstag,Unfall mit Leichtverletzten,Zusammenstoß mit seitlich in gleicher Richtung fahrendem Fahrzeug,Unfall durch ruhenden Verkehr,Tageslicht,1,1,0,0,0,0,"355833,0135","5648453,025",6.94669968,50.96961474,nass/feucht,,"Rad, PKW"
252876,5,3,15,0,2019,November,7,Donnerstag,Unfall mit Leichtverletzten,Zusammenstoß mit einbiegendem / kreuzendem Fahrzeug,Einbiegen / Kreuzen-Unfall,Dämmerung,0,1,0,0,0,0,"354021,651","5655357,927",6.918143137,51.0312099,trocken,,PKW
252877,5,3,15,0,2019,November,18,Donnerstag,Unfall mit Leichtverletzten,Zusammenstoß mit entgegenkommendem Fahrzeug,Abbiegeunfall,Dunkelheit,1,1,0,0,0,0,"353023,0717","5645592,593",6.90786238,50.94319916,trocken,,"Rad, PKW"
252878,5,3,15,0,2019,November,17,Donnerstag,Unfall mit Leichtverletzten,Unfall anderer Art,Sonstiger Unfall,Dunkelheit,1,0,1,0,0,0,"353236,2833","5644454,666",6.911353531,50.93302736,trocken,,"Rad, Fuss"
252969,5,3,15,0,2019,November,17,Montag,Unfall mit Leichtverletzten,Zusammenstoß mit einbiegendem / kreuzendem Fahrzeug,Abbiegeunfall,Dunkelheit,1,1,0,0,0,0,"362803,8467","5644022,686",7.047588055,50.93150035,trocken,,"Rad, PKW"
252978,5,3,15,0,2019,November,8,Donnerstag,Unfall mit Leichtverletzten,Zusammenstoß mit einbiegendem / kreuzendem Fahrzeug,Abbiegeunfall,Tageslicht,1,1,0,0,0,0,"357923,5387","5644694,974",6.977920691,50.93636072,trocken,,"Rad, PKW"
252979,5,3,15,0,2019,November,8,Donnerstag,Unfall mit Leichtverletzten,Zusammenstoß mit anfahrendem/ anhaltendem/ruhendem Fahrzeug,Unfall durch ruhenden Verkehr,Tageslicht,1,0,0,0,1,0,"356093,498","5650165,692",6.949729138,50.98507123,trocken,,"Rad, Gkfz"
252980,5,3,15,0,2019,November,9,Donnerstag,Unfall mit Leichtverletzten,Unfall anderer Art,Fahrunfall,Tageslicht,1,0,0,0,0,0,"355154,4096","5648646,309",6.936964361,50.97118149,nass/feucht,,Rad
252981,5,3,15,0,2019,November,7,Donnerstag,Unfall mit Leichtverletzten,Zusammenstoß mit vorausfahrendem / wartendem Fahrzeug,Unfall im Längsverkehr,Tageslicht,1,1,0,0,0,1,"356757,953","5649170,309",6.959581628,50.97629162,nass/feucht,,"Rad, PKW, Sonstige"
252982,5,3,15,0,2019,November,17,Donnerstag,Unfall mit Schwerverletzten,Zusammenstoß zwischen Fahrzeug und Fußgänger,Überschreiten-Unfall,Dunkelheit,0,1,1,0,0,0,"357401,2061","5649264,34",6.968701423,50.97729631,nass/feucht,,"Fuss, PKW"
252983,5,3,15,0,2019,November,15,Donnerstag,Unfall mit Leichtverletzten,Zusammenstoß mit vorausfahrendem / wartendem Fahrzeug,Abbiegeunfall,Tageslicht,0,1,0,0,0,0,"351929,49","5649702,254",6.890634724,50.97985067,nass/feucht,,PKW
252984,5,3,15,0,2019,November,9,Donnerstag,Unfall mit Leichtverletzten,Unfall anderer Art,Fahrunfall,Tageslicht,1,0,0,0,0,0,"354804,7677","5643785,892",6.933925972,50.92741424,nass/feucht,,Rad
252996,5,3,15,0,2019,November,14,Montag,Unfall mit Leichtverletzten,Zusammenstoß mit vorausfahrendem / wartendem Fahrzeug,Abbiegeunfall,Tageslicht,0,1,0,0,0,0,"350923,257","5652279,072",6.875253253,51.00274717,trocken,,PKW
253008,5,3,15,0,2019,November,16,Montag,Unfall mit Leichtverletzten,Abkommen von Fahrbahn nach rechts,Unfall durch ruhenden Verkehr,Tageslicht,0,1,0,0,0,0,"351516,2722","5649964,672",6.884645239,50.98210245,trocken,,PKW
253040,5,3,15,0,2019,November,17,Mittwoch,Unfall mit Leichtverletzten,Zusammenstoß mit vorausfahrendem / wartendem Fahrzeug,Abbiegeunfall,Dunkelheit,0,1,0,1,0,0,"363226,911","5638595,788",7.055638494,50.88282682,nass/feucht,,"Krad, PKW"
253041,5,3,15,0,2019,November,7,Mittwoch,Unfall mit Leichtverletzten,Zusammenstoß mit einbiegendem / kreuzendem Fahrzeug,Einbiegen / Kreuzen-Unfall,Dunkelheit,0,1,0,0,0,0,"352804,9669","5647214,217",6.904104423,50.95771633,nass/feucht,,PKW
253042,5,3,15,0,2019,November,7,Mittwoch,Unfall mit Leichtverletzten,Unfall anderer Art,Sonstiger Unfall,Tageslicht,0,0,1,0,0,1,"348504,399","5648152,724",6.84252409,50.9650354,trocken,,"Fuss, Sonstige"
253043,5,3,15,0,2019,November,17,Mittwoch,Unfall mit Schwerverletzten,Zusammenstoß zwischen Fahrzeug und Fußgänger,Überschreiten-Unfall,Dunkelheit,0,1,1,0,0,0,"351595,996","5650141,56",6.885707955,50.98371259,trocken,,"Fuss, PKW"
253044,5,3,15,0,2019,November,16,Mittwoch,Unfall mit Leichtverletzten,Zusammenstoß mit seitlich in gleicher Richtung fahrendem Fahrzeug,Unfall im Längsverkehr,Tageslicht,1,1,0,0,0,0,"356607,758","5642918,472",6.959905448,50.92006981,trocken,,"Rad, PKW"
253045,5,3,15,0,2019,November,19,Mittwoch,Unfall mit Schwerverletzten,Zusammenstoß zwischen Fahrzeug und Fußgänger,Überschreiten-Unfall,Dunkelheit,0,0,1,1,0,0,"356492,9469","5646344,537",6.956923893,50.9508309,nass/feucht,,"Fuss, Krad"
253046,5,3,15,0,2019,November,16,Mittwoch,Unfall mit Leichtverletzten,Zusammenstoß zwischen Fahrzeug und Fußgänger,Sonstiger Unfall,Dunkelheit,0,1,1,0,0,0,"356521,401","5643870,196",6.958303166,50.92860139,trocken,,"Fuss, PKW"
253047,5,3,15,0,2019,November,12,Mittwoch,Unfall mit Leichtverletzten,Zusammenstoß mit seitlich in gleicher Richtung fahrendem Fahrzeug,Unfall durch ruhenden Verkehr,Tageslicht,1,1,0,0,0,0,"356623,6675","5642812,964",6.96017312,50.91912556,trocken,,"Rad, PKW"
253050,5,3,15,0,2019,November,5,Montag,Unfall mit Leichtverletzten,Zusammenstoß mit einbiegendem / kreuzendem Fahrzeug,Abbiegeunfall,Dunkelheit,0,1,0,0,0,0,"356885,4068","5641089,22",6.964570428,50.90369933,trocken,,PKW
253059,5,3,15,0,2019,November,13,Montag,Unfall mit Leichtverletzten,Unfall anderer Art,Fahrunfall,Tageslicht,1,0,0,0,0,0,"352511,8247","5644147,707",6.901175089,50.93008405,trocken,,Rad