OBJECTID,ULAND,UREGBEZ,UKREIS,UGEMEINDE,UJAHR,UMONAT,USTUNDE,UWOCHENTAG,UKATEGORIE,UART,UTYP1,ULICHTVERH,IstRad,IstPKW,IstFuss,IstKrad,IstGkfz,IstSonstige,LINREFX,LINREFY,XGCSWGS84,YGCSWGS84,USTRZUSTAND,UIDENTSTLAE,Participants
253062,5,3,15,0,2019,November,13,Montag,Unfall mit Leichtverletzten,Zusammenstoß zwischen Fahrzeug und Fußgänger,Abbiegeunfall,Tageslicht,0,1,1,0,0,0,"355661,919","5644627,687",6.945781167,50.93519441,trocken,,"Fuss, PKW"
253114,5,3,15,0,2019,November,17,Dienstag,Unfall mit Leichtverletzten,Zusammenstoß mit anfahrendem/ anhaltendem/ruhendem Fahrzeug,Sonstiger Unfall,Dunkelheit,0,1,0,0,0,0,"362855,7112","5639829,031",7.049901906,50.89382255,trocken,,PKW
253115,5,3,15,0,2019,November,16,Dienstag,Unfall mit Leichtverletzten,Zusammenstoß zwischen Fahrzeug und Fußgänger,Sonstiger Unfall,Tageslicht,0,1,1,0,0,0,"359634,6368","5650186,879",7.000139128,50.98613594,trocken,,"Fuss, PKW"
253116,5,3,15,0,2019,November,14,Dienstag,Unfall mit Leichtverletzten,Unfall anderer Art,Fahrunfall,Tageslicht,1,0,0,0,0,0,"357675,7773","5644137,737",6.974614436,50.93129175,trocken,,Rad
253117,5,3,15,0,2019,November,12,Dienstag,Unfall mit Leichtverletzten,Unfall anderer Art,Sonstiger Unfall,Tageslicht,0,0,0,0,0,1,"352926,469","5647390,655",6.90576194,50.95933293,trocken,,Sonstige
253118,5,3,15,0,2019,November,13,Dienstag,Unfall mit Leichtverletzten,Unfall anderer Art,Sonstiger Unfall,Tageslicht,0,1,0,1,0,0,"356927,265","5639820,792",6.96566229,50.89231036,trocken,,"Krad, PKW"
253119,5,3,15,0,2019,November,11,Dienstag,Unfall mit Leichtverletzten,Zusammenstoß mit entgegenkommendem Fahrzeug,Unfall durch ruhenden Verkehr,Tageslicht,1,0,0,0,0,0,"353920,01","5643071,749",6.921631119,50.92077309,trocken,,Rad
253120,5,3,15,0,2019,November,15,Dienstag,Unfall mit Leichtverletzten,Zusammenstoß zwischen Fahrzeug und Fußgänger,Überschreiten-Unfall,Tageslicht,1,0,1,0,0,0,"353893,0945","5643396,843",6.9211182,50.9236878,trocken,,"Rad, Fuss"
253121,5,3,15,0,2019,November,16,Dienstag,Unfall mit Leichtverletzten,Unfall anderer Art,Unfall im Längsverkehr,Dämmerung,0,1,0,0,0,1,"354515,447","5643607,491",6.929883104,50.92573811,trocken,,"PKW, Sonstige"
253123,5,3,15,0,2019,November,13,Dienstag,Unfall mit Leichtverletzten,Unfall anderer Art,Sonstiger Unfall,Tageslicht,1,1,1,0,0,0,"355798,2615","5644876,403",6.947621837,50.93746368,trocken,,"Rad, Fuss, PKW"
253207,5,3,15,0,2019,Dezember,11,Montag,Unfall mit Leichtverletzten,Zusammenstoß mit vorausfahrendem / wartendem Fahrzeug,Sonstiger Unfall,Tageslicht,0,1,0,0,0,0,"359741,5676","5645823,785",7.003343948,50.94695053,trocken,,PKW
253243,5,3,15,0,2019,November,18,Sonntag,Unfall mit Schwerverletzten,Zusammenstoß zwischen Fahrzeug und Fußgänger,Überschreiten-Unfall,Dunkelheit,0,1,1,0,0,0,"362263,144","5636865,713",7.042597806,50.86704892,trocken,,"Fuss, PKW"
253244,5,3,15,0,2019,November,18,Sonntag,Unfall mit Leichtverletzten,Zusammenstoß mit vorausfahrendem / wartendem Fahrzeug,Unfall im Längsverkehr,Dunkelheit,0,1,0,0,0,0,"360781,778","5645954,131",7.018092576,50.94837413,trocken,,PKW
253245,5,3,15,0,2019,November,13,Sonntag,Unfall mit Leichtverletzten,Unfall anderer Art,Einbiegen / Kreuzen-Unfall,Tageslicht,0,1,1,0,0,0,"359370,178","5645207,336",6.998298472,50.94131996,trocken,,"Fuss, PKW"
253246,5,3,15,0,2019,November,22,Sonntag,Unfall mit Schwerverletzten,Zusammenstoß mit anfahrendem/ anhaltendem/ruhendem Fahrzeug,Fahrunfall,Dunkelheit,0,1,0,0,0,1,"352550,8596","5653423,524",6.897969204,51.01345114,trocken,,"PKW, Sonstige"
253247,5,3,15,0,2019,November,18,Sonntag,Unfall mit Leichtverletzten,Unfall anderer Art,Sonstiger Unfall,Dunkelheit,0,1,0,1,0,0,"350251,9763","5644451,03",6.868915392,50.93222758,trocken,,"Krad, PKW"
253248,5,3,15,0,2019,November,12,Sonntag,Unfall mit Leichtverletzten,Zusammenstoß mit einbiegendem / kreuzendem Fahrzeug,Einbiegen / Kreuzen-Unfall,Tageslicht,0,0,0,0,0,1,"353042,3115","5646558,974",6.90774607,50.95188852,trocken,,Sonstige
253249,5,3,15,0,2019,November,10,Sonntag,Unfall mit Leichtverletzten,Zusammenstoß mit einbiegendem / kreuzendem Fahrzeug,Einbiegen / Kreuzen-Unfall,Tageslicht,1,1,0,0,0,0,"352197,5959","5647481,232",6.89535391,50.9599604,trocken,,"Rad, PKW"
253250,5,3,15,0,2019,November,11,Sonntag,Unfall mit Leichtverletzten,Zusammenstoß mit anfahrendem/ anhaltendem/ruhendem Fahrzeug,Unfall durch ruhenden Verkehr,Tageslicht,1,1,0,0,0,0,"352848,4229","5642669,926",6.90655794,50.91688978,trocken,,"Rad, PKW"
253251,5,3,15,0,2019,November,16,Sonntag,Unfall mit Leichtverletzten,Zusammenstoß mit einbiegendem / kreuzendem Fahrzeug,Sonstiger Unfall,Tageslicht,1,1,0,0,0,0,"354942,212","5644478,414",6.935604808,50.93367236,trocken,,"Rad, PKW"
253316,5,3,15,0,2019,November,12,Samstag,Unfall mit Leichtverletzten,Zusammenstoß zwischen Fahrzeug und Fußgänger,Überschreiten-Unfall,Tageslicht,0,1,1,0,0,0,"359525,4601","5644682,939",7.000709481,50.936645,trocken,,"Fuss, PKW"
253317,5,3,15,0,2019,November,23,Samstag,Unfall mit Leichtverletzten,Zusammenstoß zwischen Fahrzeug und Fußgänger,Überschreiten-Unfall,Dunkelheit,0,0,1,1,0,0,"359880,476","5646278,189",7.005145245,50.95106809,trocken,,"Fuss, Krad"
253318,5,3,15,0,2019,November,16,Samstag,Unfall mit Leichtverletzten,Unfall anderer Art,Einbiegen / Kreuzen-Unfall,Dunkelheit,0,1,0,0,0,1,"355103,4203","5649313,738",6.935972656,50.97716664,trocken,,"PKW, Sonstige"
253320,5,3,15,0,2019,November,17,Samstag,Unfall mit Leichtverletzten,Zusammenstoß mit einbiegendem / kreuzendem Fahrzeug,Abbiegeunfall,Dunkelheit,1,1,0,0,0,0,"355037,9958","5645981,726",6.93636883,50.94720633,trocken,,"Rad, PKW"
253321,5,3,15,0,2019,November,13,Samstag,Unfall mit Leichtverletzten,Unfall anderer Art,Fahrunfall,Tageslicht,1,0,0,0,0,0,"359706,8759","5638907,902",7.005509982,50.88478787,nass/feucht,,Rad
253323,5,3,15,0,2019,November,17,Samstag,Unfall mit Leichtverletzten,Zusammenstoß mit vorausfahrendem / wartendem Fahrzeug,Unfall im Längsverkehr,Dämmerung,0,1,0,0,1,0,"356715,1466","5641884,891",6.961838208,50.91080775,nass/feucht,,"PKW, Gkfz"
253324,5,3,15,0,2019,November,20,Samstag,Unfall mit Leichtverletzten,Zusammenstoß zwischen Fahrzeug und Fußgänger,Abbiegeunfall,Dunkelheit,0,1,1,0,0,0,"355289,996","5644592,626",6.940505535,50.93478612,trocken,,"Fuss, PKW"
253395,5,3,15,0,2019,November,21,Freitag,Unfall mit Leichtverletzten,Zusammenstoß zwischen Fahrzeug und Fußgänger,Überschreiten-Unfall,Dunkelheit,0,1,1,0,0,0,"359074,518","5644750,386",6.994269604,50.93714113,nass/feucht,,"Fuss, PKW"
253396,5,3,15,0,2019,November,13,Freitag,Unfall mit Leichtverletzten,Unfall anderer Art,Fahrunfall,Tageslicht,1,0,0,0,0,0,"360690,9472","5643954,273",7.017565034,50.93037905,nass/feucht,,Rad
253397,5,3,15,0,2019,November,14,Freitag,Unfall mit Schwerverletzten,Zusammenstoß mit einbiegendem / kreuzendem Fahrzeug,Einbiegen / Kreuzen-Unfall,Tageslicht,1,1,0,0,0,0,"352542,9042","5653782,784",6.89770984,51.01667756,nass/feucht,,"Rad, PKW"
253399,5,3,15,0,2019,November,7,Freitag,Unfall mit Leichtverletzten,Zusammenstoß mit einbiegendem / kreuzendem Fahrzeug,Einbiegen / Kreuzen-Unfall,Dunkelheit,1,1,0,0,0,0,"353001,9326","5654546,753",6.903939832,51.02366044,nass/feucht,,"Rad, PKW"
253400,5,3,15,0,2019,November,7,Freitag,Unfall mit Leichtverletzten,Zusammenstoß mit einbiegendem / kreuzendem Fahrzeug,Abbiegeunfall,Dämmerung,0,1,0,1,0,0,"353023,451","5646124,888",6.907652963,50.94798277,nass/feucht,,"Krad, PKW"
253401,5,3,15,0,2019,November,18,Freitag,Unfall mit Leichtverletzten,Zusammenstoß mit einbiegendem / kreuzendem Fahrzeug,Abbiegeunfall,Dunkelheit,0,1,0,0,0,1,"351626,8182","5646272,694",6.887724759,50.94895324,nass/feucht,,"PKW, Sonstige"
253402,5,3,15,0,2019,November,11,Freitag,Unfall mit Schwerverletzten,Zusammenstoß mit einbiegendem / kreuzendem Fahrzeug,Einbiegen / Kreuzen-Unfall,Tageslicht,1,1,0,0,0,0,"355660,9437","5641834,525",6.946872826,50.91009247,nass/feucht,,"Rad, PKW"
253403,5,3,15,0,2019,November,9,Freitag,Unfall mit Leichtverletzten,Unfall anderer Art,Sonstiger Unfall,Tageslicht,1,0,0,0,0,1,"352169,3875","5643174,649",6.896700072,50.92125196,nass/feucht,,"Rad, Sonstige"
253404,5,3,15,0,2019,November,19,Freitag,Unfall mit Leichtverletzten,Zusammenstoß zwischen Fahrzeug und Fußgänger,Überschreiten-Unfall,Dunkelheit,0,1,1,0,0,0,"355537,0728","5641813,264",6.945120472,50.90987041,nass/feucht,,"Fuss, PKW"
253406,5,3,15,0,2019,November,0,Freitag,Unfall mit Leichtverletzten,Unfall anderer Art,Sonstiger Unfall,Dunkelheit,0,0,0,0,0,1,"356658,8983","5645193,165",6.959738059,50.94052496,nass/feucht,,Sonstige
253407,5,3,15,0,2019,November,13,Freitag,Unfall mit Leichtverletzten,Unfall anderer Art,Fahrunfall,Tageslicht,1,0,0,0,0,0,"355545,38","5644460,357",6.944190052,50.93366147,nass/feucht,,Rad
253408,5,3,15,0,2019,November,8,Freitag,Unfall mit Leichtverletzten,Unfall anderer Art,Fahrunfall,Tageslicht,1,0,0,0,0,0,"354791,0626","5643779,402",6.933733675,50.92735247,nass/feucht,,Rad
253501,5,3,15,0,2019,Dezember,17,Donnerstag,Unfall mit Schwerverletzten,Unfall anderer Art,Unfall durch ruhenden Verkehr,Dunkelheit,0,1,0,0,0,1,"364732,3","5648935,761",7.073189142,50.97611203,trocken,,"PKW, Sonstige"
253502,5,3,15,0,2019,Dezember,9,Donnerstag,Unfall mit Leichtverletzten,Zusammenstoß mit einbiegendem / kreuzendem Fahrzeug,Einbiegen / Kreuzen-Unfall,Tageslicht,1,1,0,0,0,0,"355398,1405","5647219,633",6.941000488,50.95842156,trocken,,"Rad, PKW"
253503,5,3,15,0,2019,Dezember,17,Donnerstag,Unfall mit Leichtverletzten,Zusammenstoß zwischen Fahrzeug und Fußgänger,Überschreiten-Unfall,Dunkelheit,0,1,1,0,0,0,"356182,7694","5644616,149",6.953193394,50.93522085,trocken,,"Fuss, PKW"
253504,5,3,15,0,2019,Dezember,19,Donnerstag,Unfall mit Leichtverletzten,Zusammenstoß mit einbiegendem / kreuzendem Fahrzeug,Abbiegeunfall,Dunkelheit,1,1,0,0,0,0,"356438,522","5644031,868",6.957060932,50.9300337,trocken,,"Rad, PKW"
253608,5,3,15,0,2019,Dezember,14,Mittwoch,Unfall mit Leichtverletzten,Zusammenstoß mit einbiegendem / kreuzendem Fahrzeug,Einbiegen / Kreuzen-Unfall,Tageslicht,1,1,0,0,0,0,"365187,8716","5642759,278",7.081961297,50.92070754,nass/feucht,,"Rad, PKW"
253609,5,3,15,0,2019,Dezember,8,Mittwoch,Unfall mit Leichtverletzten,Zusammenstoß mit seitlich in gleicher Richtung fahrendem Fahrzeug,Abbiegeunfall,Tageslicht,1,1,0,0,0,0,"362164,034","5650587,422",7.036001992,50.99034692,nass/feucht,,"Rad, PKW"
253610,5,3,15,0,2019,Dezember,16,Mittwoch,Unfall mit Leichtverletzten,Zusammenstoß zwischen Fahrzeug und Fußgänger,Überschreiten-Unfall,Tageslicht,1,0,1,0,0,0,"357750,034","5647855,743",6.97421807,50.96472364,trocken,,"Rad, Fuss"
253611,5,3,15,0,2019,Dezember,14,Mittwoch,Unfall mit Leichtverletzten,Zusammenstoß mit anfahrendem/ anhaltendem/ruhendem Fahrzeug,Sonstiger Unfall,Tageslicht,1,1,0,0,0,0,"353989,3013","5644730,434",6.921951956,50.93569673,trocken,,"Rad, PKW"
253677,5,3,15,0,2019,Dezember,7,Dienstag,Unfall mit Leichtverletzten,Zusammenstoß mit einbiegendem / kreuzendem Fahrzeug,Einbiegen / Kreuzen-Unfall,Dunkelheit,1,1,0,0,0,0,"364056,3927","5639147,565",7.067217928,50.88798171,nass/feucht,,"Rad, PKW"
253679,5,3,15,0,2019,Dezember,14,Dienstag,Unfall mit Leichtverletzten,Zusammenstoß zwischen Fahrzeug und Fußgänger,Abbiegeunfall,Tageslicht,0,1,1,0,0,0,"363233,439","5638721,898",7.055684048,50.88396178,nass/feucht,,"Fuss, PKW"
253680,5,3,15,0,2019,Dezember,8,Dienstag,Unfall mit Leichtverletzten,Zusammenstoß zwischen Fahrzeug und Fußgänger,Überschreiten-Unfall,Tageslicht,0,1,1,0,0,0,"363928,1918","5640148,329",7.065023561,50.89694592,trocken,,"Fuss, PKW"
253681,5,3,15,0,2019,Dezember,17,Dienstag,Unfall mit Schwerverletzten,Zusammenstoß mit einbiegendem / kreuzendem Fahrzeug,Einbiegen / Kreuzen-Unfall,Dunkelheit,1,1,0,0,0,0,"356100,378","5650125,782",6.949842897,50.98471429,nass/feucht,,"Rad, PKW"
253682,5,3,15,0,2019,Dezember,16,Dienstag,Unfall mit Leichtverletzten,Zusammenstoß mit anfahrendem/ anhaltendem/ruhendem Fahrzeug,Abbiegeunfall,Dämmerung,0,1,0,0,0,1,"353165,7924","5645810,809",6.909804515,50.94519654,nass/feucht,,"PKW, Sonstige"
253683,5,3,15,0,2019,Dezember,9,Dienstag,Unfall mit Leichtverletzten,Unfall anderer Art,Fahrunfall,Tageslicht,1,0,0,0,0,0,"354774,0048","5642780,05",6.933889094,50.91836723,nass/feucht,,Rad
253684,5,3,15,0,2019,Dezember,16,Dienstag,Unfall mit Leichtverletzten,Zusammenstoß mit einbiegendem / kreuzendem Fahrzeug,Einbiegen / Kreuzen-Unfall,Dämmerung,1,1,0,0,0,0,"355545,4958","5641069,116",6.945534697,50.90318497,nass/feucht,,"Rad, PKW"
253685,5,3,15,0,2019,Dezember,19,Dienstag,Unfall mit Leichtverletzten,Zusammenstoß mit einbiegendem / kreuzendem Fahrzeug,Einbiegen / Kreuzen-Unfall,Dunkelheit,0,1,0,1,0,0,"354414,0749","5643478,607",6.928493135,50.92455429,nass/feucht,,"Krad, PKW"
253686,5,3,15,0,2019,Dezember,15,Dienstag,Unfall mit Leichtverletzten,Zusammenstoß mit einbiegendem / kreuzendem Fahrzeug,Abbiegeunfall,Tageslicht,1,1,0,0,0,0,"355202,5902","5643158,432",6.939832086,50.92187538,nass/feucht,,"Rad, PKW"
253688,5,3,15,0,2019,Dezember,19,Dienstag,Unfall mit Leichtverletzten,Zusammenstoß mit vorausfahrendem / wartendem Fahrzeug,Unfall im Längsverkehr,Dunkelheit,0,1,0,0,0,0,"356121,5383","5643440,693",6.952786501,50.92464191,nass/feucht,,PKW
253689,5,3,15,0,2019,Dezember,12,Dienstag,Unfall mit Leichtverletzten,Unfall anderer Art,Abbiegeunfall,Tageslicht,0,1,0,0,0,1,"356866,269","5644599,433",6.962920936,50.93524066,trocken,,"PKW, Sonstige"
253738,5,3,15,0,2019,Dezember,16,Montag,Unfall mit Leichtverletzten,Zusammenstoß mit einbiegendem / kreuzendem Fahrzeug,Abbiegeunfall,Dunkelheit,0,1,0,0,0,0,"361864,2491","5648994,808",7.032338467,50.97596188,nass/feucht,,PKW
253739,5,3,15,0,2019,Dezember,16,Montag,Unfall mit Leichtverletzten,Unfall anderer Art,Fahrunfall,Tageslicht,0,0,0,0,0,1,"354975,7074","5643911,13",6.936306872,50.92858273,nass/feucht,,Sonstige
253740,5,3,15,0,2019,Dezember,17,Dienstag,Unfall mit Leichtverletzten,Zusammenstoß zwischen Fahrzeug und Fußgänger,Sonstiger Unfall,Dunkelheit,0,1,1,0,0,0,"356392,5905","5644340,056",6.956286329,50.93279192,nass/feucht,,"Fuss, PKW"
253766,5,3,15,0,2019,Dezember,17,Sonntag,Unfall mit Leichtverletzten,Unfall anderer Art,Sonstiger Unfall,Dunkelheit,0,1,1,0,0,0,"360120,8517","5647875,262",7.007951373,50.96547958,trocken,,"Fuss, PKW"
253767,5,3,15,0,2019,Dezember,11,Sonntag,Unfall mit Schwerverletzten,Zusammenstoß mit einbiegendem / kreuzendem Fahrzeug,Einbiegen / Kreuzen-Unfall,Tageslicht,1,1,0,0,0,0,"354428,7414",5641654,6.929429755,50.9081607,nass/feucht,,"Rad, PKW"
253768,5,3,15,0,2019,Dezember,14,Sonntag,Unfall mit Leichtverletzten,Unfall anderer Art,Fahrunfall,Tageslicht,1,1,0,0,0,0,"355658,7276","5644452,065",6.945805337,50.93361533,trocken,,"Rad, PKW"
253769,5,3,15,0,2019,Dezember,21,Sonntag,Unfall mit Leichtverletzten,Zusammenstoß mit seitlich in gleicher Richtung fahrendem Fahrzeug,Abbiegeunfall,Dunkelheit,1,1,0,0,0,0,"355035,4695","5644668,618",6.936855425,50.93540512,trocken,,"Rad, PKW"
253770,5,3,15,0,2019,Dezember,22,Sonntag,Unfall mit Leichtverletzten,Zusammenstoß zwischen Fahrzeug und Fußgänger,Sonstiger Unfall,Dunkelheit,0,1,1,0,0,0,"356190,8552","5644963,078",6.953171472,50.93834066,trocken,,"Fuss, PKW"
253771,5,3,15,0,2019,Dezember,14,Sonntag,Unfall mit Leichtverletzten,Zusammenstoß mit einbiegendem / kreuzendem Fahrzeug,Abbiegeunfall,Tageslicht,1,1,0,0,0,0,"355765,974","5645271,143",6.947006343,50.94100306,trocken,,"Rad, PKW"
253772,5,3,15,0,2019,Dezember,14,Sonntag,Unfall mit Leichtverletzten,Zusammenstoß mit einbiegendem / kreuzendem Fahrzeug,Einbiegen / Kreuzen-Unfall,Tageslicht,0,1,0,1,0,0,"355811,4009","5645814,353",6.947437461,50.94589615,trocken,,"Krad, PKW"
253773,5,3,15,0,2019,Dezember,12,Sonntag,Unfall mit Leichtverletzten,Zusammenstoß zwischen Fahrzeug und Fußgänger,Überschreiten-Unfall,Tageslicht,1,0,1,0,0,0,"356628,1108","5645121,133",6.959328485,50.93986996,trocken,,"Rad, Fuss"
253774,5,3,15,0,2019,Dezember,1,Sonntag,Unfall mit Leichtverletzten,Unfall anderer Art,Sonstiger Unfall,Dunkelheit,0,0,0,0,0,1,"356594,5117","5645041,578",6.958881895,50.93914665,nass/feucht,,Sonstige
253797,5,3,15,0,2019,Dezember,6,Dienstag,Unfall mit Leichtverletzten,Unfall anderer Art,Unfall im Längsverkehr,Dunkelheit,0,0,0,1,0,1,"360053,219","5636838,319",7.011222714,50.86627198,trocken,,"Krad, Sonstige"
253836,5,3,15,0,2019,Dezember,6,Samstag,Unfall mit Leichtverletzten,Unfall anderer Art,Fahrunfall,Dunkelheit,1,0,0,0,0,0,"358833,4455","5640831,766",6.992357409,50.90186515,winterglatt,,Rad
253837,5,3,15,0,2019,Dezember,17,Samstag,Unfall mit Leichtverletzten,Zusammenstoß mit vorausfahrendem / wartendem Fahrzeug,Unfall im Längsverkehr,Dunkelheit,0,1,0,0,0,0,"360781,778","5645954,131",7.018092576,50.94837413,nass/feucht,,PKW
253838,5,3,15,0,2019,Dezember,12,Samstag,Unfall mit Leichtverletzten,Zusammenstoß zwischen Fahrzeug und Fußgänger,Überschreiten-Unfall,Tageslicht,0,0,1,0,0,1,"364702,4884","5648986,211",7.072745975,50.97655844,nass/feucht,,"Fuss, Sonstige"
253839,5,3,15,0,2019,Dezember,6,Samstag,Unfall mit Leichtverletzten,Unfall anderer Art,Fahrunfall,Dunkelheit,1,0,0,0,0,0,"359091,426","5651189,945",6.992015699,50.99501779,nass/feucht,,Rad
253840,5,3,15,0,2019,Dezember,5,Samstag,Unfall mit Leichtverletzten,Abkommen von Fahrbahn nach rechts,Fahrunfall,Dunkelheit,0,1,0,0,0,0,"351865,226","5653402,899",6.888210341,51.0130896,trocken,,PKW
253841,5,3,15,0,2019,Dezember,9,Samstag,Unfall mit Leichtverletzten,Zusammenstoß mit einbiegendem / kreuzendem Fahrzeug,Einbiegen / Kreuzen-Unfall,Tageslicht,0,1,0,0,0,1,"356520,5398","5652615,615",6.9548412,51.00719473,nass/feucht,,"PKW, Sonstige"
253842,5,3,15,0,2019,Dezember,8,Samstag,Unfall mit Leichtverletzten,Unfall anderer Art,Fahrunfall,Dämmerung,1,0,0,0,0,0,"354110,9694","5647186,896",6.922698285,50.95780292,nass/feucht,,Rad
253843,5,3,15,0,2019,Dezember,10,Samstag,Unfall mit Schwerverletzten,Zusammenstoß zwischen Fahrzeug und Fußgänger,Überschreiten-Unfall,Tageslicht,0,1,1,0,0,0,"360688,94","5637290,127",7.020079076,50.87048607,nass/feucht,,"Fuss, PKW"
253845,5,3,15,0,2019,Dezember,7,Samstag,Unfall mit Leichtverletzten,Unfall anderer Art,Fahrunfall,Dunkelheit,1,0,0,0,0,0,"359729,5815","5639617,693",7.005560089,50.89117244,winterglatt,,Rad
253846,5,3,15,0,2019,Dezember,6,Samstag,Unfall mit Schwerverletzten,Unfall anderer Art,Fahrunfall,Dunkelheit,1,0,0,0,0,0,"359769,9842","5638975,076",7.00638081,50.8854069,winterglatt,,Rad
253847,5,3,15,0,2019,Dezember,16,Samstag,Unfall mit Leichtverletzten,Zusammenstoß mit anfahrendem/ anhaltendem/ruhendem Fahrzeug,Unfall durch ruhenden Verkehr,Dämmerung,0,0,0,0,0,1,"357154,9484","5642074,359",6.968015807,50.91261951,nass/feucht,,Sonstige
253848,5,3,15,0,2019,Dezember,15,Samstag,Unfall mit Leichtverletzten,Unfall anderer Art,Fahrunfall,Tageslicht,1,0,0,0,0,0,"353731,3069","5643132,899",6.918923692,50.92127482,nass/feucht,,Rad
253849,5,3,15,0,2019,Dezember,16,Samstag,Unfall mit Leichtverletzten,Zusammenstoß mit einbiegendem / kreuzendem Fahrzeug,Sonstiger Unfall,Dämmerung,0,1,0,0,0,1,"355933,8587","5645478,132",6.949312476,50.94290521,nass/feucht,,"PKW, Sonstige"
253850,5,3,15,0,2019,Dezember,16,Dienstag,Unfall mit Leichtverletzten,Unfall anderer Art,Unfall durch ruhenden Verkehr,Dämmerung,1,1,0,0,0,0,"354875,8391","5644735,988",6.934558303,50.93597041,nass/feucht,,"Rad, PKW"
253851,5,3,15,0,2019,Dezember,8,Samstag,Unfall mit Leichtverletzten,Zusammenstoß mit einbiegendem / kreuzendem Fahrzeug,Einbiegen / Kreuzen-Unfall,Tageslicht,1,1,0,0,0,0,"356791,7049","5642764,484",6.962581218,50.9187316,nass/feucht,,"Rad, PKW"
253852,5,3,15,0,2019,Dezember,6,Samstag,Unfall mit Leichtverletzten,Unfall anderer Art,Fahrunfall,Dunkelheit,1,0,0,0,0,0,"356433,2562","5644066,584",6.956972376,50.93034437,nass/feucht,,Rad
253853,5,3,15,0,2019,Dezember,6,Samstag,Unfall mit Leichtverletzten,Unfall anderer Art,Fahrunfall,Dunkelheit,1,0,0,0,0,0,"356424,284","5644122,947",6.956822583,50.93084867,winterglatt,,Rad
253854,5,3,15,0,2019,Dezember,7,Samstag,Unfall mit Leichtverletzten,Unfall anderer Art,Fahrunfall,Dunkelheit,1,0,0,0,0,0,"356427,989","5644101,31",6.956883794,50.93065514,winterglatt,,Rad
253903,5,3,15,0,2019,Dezember,9,Dienstag,Unfall mit Leichtverletzten,Zusammenstoß mit einbiegendem / kreuzendem Fahrzeug,Einbiegen / Kreuzen-Unfall,Tageslicht,1,1,0,0,0,0,"356800,059","5645345,622",6.961685996,50.94193015,nass/feucht,,"Rad, PKW"
253931,5,3,15,0,2019,Dezember,8,Freitag,Unfall mit Leichtverletzten,Zusammenstoß mit anfahrendem/ anhaltendem/ruhendem Fahrzeug,Unfall im Längsverkehr,Tageslicht,0,1,0,0,0,0,"359024,4845","5644982,036",6.993468335,50.93921076,trocken,,PKW
253932,5,3,15,0,2019,Dezember,17,Freitag,Unfall mit Leichtverletzten,Zusammenstoß mit einbiegendem / kreuzendem Fahrzeug,Einbiegen / Kreuzen-Unfall,Dunkelheit,1,1,0,0,0,0,"357354,3082","5647885,115",6.968574805,50.96488975,trocken,,"Rad, PKW"
253933,5,3,15,0,2019,Dezember,8,Freitag,Unfall mit Leichtverletzten,Unfall anderer Art,Fahrunfall,Tageslicht,1,0,0,0,0,0,"355717,028","5647566,852",6.945400362,50.96162188,nass/feucht,,Rad
253934,5,3,15,0,2019,Dezember,8,Freitag,Unfall mit Leichtverletzten,Zusammenstoß mit einbiegendem / kreuzendem Fahrzeug,Einbiegen / Kreuzen-Unfall,Tageslicht,1,1,0,0,0,0,"356137,508","5648877,379",6.950865606,50.97350446,trocken,,"Rad, PKW"
253935,5,3,15,0,2019,Dezember,7,Freitag,Unfall mit Leichtverletzten,Zusammenstoß mit seitlich in gleicher Richtung fahrendem Fahrzeug,Unfall im Längsverkehr,Dunkelheit,1,1,0,0,0,0,"356021,617","5646888,231",6.950003235,50.95559944,trocken,,"Rad, PKW"
253936,5,3,15,0,2019,Dezember,16,Freitag,Unfall mit Leichtverletzten,Zusammenstoß mit vorausfahrendem / wartendem Fahrzeug,Unfall im Längsverkehr,Tageslicht,0,1,0,0,0,0,"351621,1717","5653189,46",6.884820957,51.01110865,trocken,,PKW
253937,5,3,15,0,2019,Dezember,15,Freitag,Unfall mit Leichtverletzten,Unfall anderer Art,Sonstiger Unfall,Tageslicht,0,0,1,0,0,1,"355611,3808","5649095,584",6.943290111,50.97533374,trocken,,"Fuss, Sonstige"
253938,5,3,15,0,2019,Dezember,15,Freitag,Unfall mit Leichtverletzten,Zusammenstoß mit einbiegendem / kreuzendem Fahrzeug,Abbiegeunfall,Tageslicht,1,1,0,0,0,0,"355168,2003","5647132,147",6.937763429,50.9575776,trocken,,"Rad, PKW"
253939,5,3,15,0,2019,Dezember,17,Freitag,Unfall mit Leichtverletzten,Zusammenstoß mit anfahrendem/ anhaltendem/ruhendem Fahrzeug,Einbiegen / Kreuzen-Unfall,Dunkelheit,0,1,1,0,0,0,"352087,5393","5647112,21",6.893937858,50.95661595,trocken,,"Fuss, PKW"
253940,5,3,15,0,2019,Dezember,7,Freitag,Unfall mit Leichtverletzten,Zusammenstoß zwischen Fahrzeug und Fußgänger,Abbiegeunfall,Dunkelheit,0,1,1,0,0,0,"353926,369","5636870,4",6.924201293,50.86504472,trocken,,"Fuss, PKW"
253941,5,3,15,0,2019,Dezember,22,Freitag,Unfall mit Schwerverletzten,Unfall anderer Art,Sonstiger Unfall,Dunkelheit,1,0,0,0,0,0,"355992,9697","5643028,291",6.951121231,50.92090363,trocken,,Rad
253943,5,3,15,0,2019,Dezember,18,Freitag,Unfall mit Leichtverletzten,Zusammenstoß zwischen Fahrzeug und Fußgänger,Unfall im Längsverkehr,Dunkelheit,1,0,1,0,0,0,"356447,649","5645870,957",6.956466135,50.94656362,trocken,,"Rad, Fuss"