OBJECTID,ULAND,UREGBEZ,UKREIS,UGEMEINDE,UJAHR,UMONAT,USTUNDE,UWOCHENTAG,UKATEGORIE,UART,UTYP1,ULICHTVERH,IstRad,IstPKW,IstFuss,IstKrad,IstGkfz,IstSonstige,LINREFX,LINREFY,XGCSWGS84,YGCSWGS84,USTRZUSTAND,UIDENTSTLAE,Participants
253960,5,3,15,0,2019,Dezember,15,Dienstag,Unfall mit Leichtverletzten,Zusammenstoß mit einbiegendem / kreuzendem Fahrzeug,Einbiegen / Kreuzen-Unfall,Dämmerung,1,0,0,1,0,0,"360800,9757","5637375,171",7.021637971,50.87127737,nass/feucht,,"Rad, Krad"
253989,5,3,15,0,2019,Dezember,20,Donnerstag,Unfall mit Leichtverletzten,Zusammenstoß zwischen Fahrzeug und Fußgänger,Überschreiten-Unfall,Dunkelheit,0,0,1,1,0,0,"363235,015","5638291,203",7.055867592,50.88009128,nass/feucht,,"Fuss, Krad"
253990,5,3,15,0,2019,Dezember,13,Donnerstag,Unfall mit Leichtverletzten,Zusammenstoß mit vorausfahrendem / wartendem Fahrzeug,Unfall im Längsverkehr,Tageslicht,0,1,0,0,0,0,"364682,522","5638365,801",7.076404023,50.88110253,nass/feucht,,PKW
253991,5,3,15,0,2019,Dezember,9,Donnerstag,Unfall mit Leichtverletzten,Zusammenstoß zwischen Fahrzeug und Fußgänger,Überschreiten-Unfall,Tageslicht,0,1,1,0,0,0,"362404,2027","5647019,217",7.040772277,50.95833594,nass/feucht,,"Fuss, PKW"
253992,5,3,15,0,2019,Dezember,15,Donnerstag,Unfall mit Leichtverletzten,Zusammenstoß zwischen Fahrzeug und Fußgänger,Abbiegeunfall,Tageslicht,0,1,1,0,0,0,"352385,6097","5653140,453",6.895730274,51.01086495,nass/feucht,,"Fuss, PKW"
253993,5,3,15,0,2019,Dezember,22,Donnerstag,Unfall mit Schwerverletzten,Aufprall auf Fahrbahnhindernis,Fahrunfall,Dunkelheit,1,0,0,0,0,0,"355335,1568","5643790,38",6.941466214,50.92758783,nass/feucht,,Rad
254096,5,3,15,0,2019,Dezember,12,Mittwoch,Unfall mit Leichtverletzten,Zusammenstoß zwischen Fahrzeug und Fußgänger,Überschreiten-Unfall,Tageslicht,0,1,1,0,0,0,"362316,7045","5648052,68",7.039136083,50.96760308,trocken,,"Fuss, PKW"
254097,5,3,15,0,2019,Dezember,8,Mittwoch,Unfall mit Leichtverletzten,Zusammenstoß mit vorausfahrendem / wartendem Fahrzeug,Unfall im Längsverkehr,Tageslicht,0,1,0,0,0,1,"358121,9714","5645255,723",6.98052461,50.94144903,nass/feucht,,"PKW, Sonstige"
254098,5,3,15,0,2019,Dezember,16,Mittwoch,Unfall mit Leichtverletzten,Zusammenstoß mit anfahrendem/ anhaltendem/ruhendem Fahrzeug,Unfall durch ruhenden Verkehr,Dämmerung,1,1,0,0,0,0,"355210,8017","5647481,773",6.938230501,50.9607303,trocken,,"Rad, PKW"
254099,5,3,15,0,2019,Dezember,19,Mittwoch,Unfall mit Leichtverletzten,Unfall anderer Art,Sonstiger Unfall,Dunkelheit,1,0,0,0,0,0,"356595,7474","5647333,196",6.957996945,50.95974142,trocken,,Rad
254100,5,3,15,0,2019,Dezember,16,Mittwoch,Unfall mit Leichtverletzten,Zusammenstoß mit einbiegendem / kreuzendem Fahrzeug,Einbiegen / Kreuzen-Unfall,Tageslicht,1,1,0,0,0,0,"353619,5597","5653513,721",6.913157316,51.0145347,trocken,,"Rad, PKW"
254101,5,3,15,0,2019,Dezember,16,Mittwoch,Unfall mit Leichtverletzten,Zusammenstoß mit vorausfahrendem / wartendem Fahrzeug,Abbiegeunfall,Dämmerung,1,1,0,0,0,0,"357284,4031","5642155,064",6.96982451,50.91337683,nass/feucht,,"Rad, PKW"
254102,5,3,15,0,2019,Dezember,12,Mittwoch,Unfall mit Leichtverletzten,Unfall anderer Art,Sonstiger Unfall,Tageslicht,0,0,0,0,0,1,"356329,4946","5641104,336",6.956663451,50.90369711,trocken,,Sonstige
254218,5,3,15,0,2019,Dezember,14,Dienstag,Unfall mit Leichtverletzten,Zusammenstoß mit anfahrendem/ anhaltendem/ruhendem Fahrzeug,Unfall durch ruhenden Verkehr,Tageslicht,0,1,0,0,0,0,"359411,7241","5644934,113",6.998994884,50.93887461,trocken,,PKW
254219,5,3,15,0,2019,Dezember,18,Dienstag,Unfall mit Schwerverletzten,Zusammenstoß zwischen Fahrzeug und Fußgänger,Überschreiten-Unfall,Dunkelheit,0,1,1,0,0,0,"362997,2606","5645189,169",7.049900199,50.94202995,nass/feucht,,"Fuss, PKW"
254220,5,3,15,0,2019,Dezember,15,Dienstag,Unfall mit Leichtverletzten,Zusammenstoß mit seitlich in gleicher Richtung fahrendem Fahrzeug,Unfall im Längsverkehr,Tageslicht,0,1,0,0,1,0,"357361,7721","5649687,379",6.967974069,50.98108834,nass/feucht,,"PKW, Gkfz"
254221,5,3,15,0,2019,Dezember,8,Dienstag,Unfall mit Leichtverletzten,Zusammenstoß mit anfahrendem/ anhaltendem/ruhendem Fahrzeug,Unfall im Längsverkehr,Tageslicht,0,1,0,0,1,0,"355308,9537","5648457,479",6.939239135,50.96952337,trocken,,"PKW, Gkfz"
254223,5,3,15,0,2019,Dezember,17,Dienstag,Unfall mit Leichtverletzten,Zusammenstoß mit einbiegendem / kreuzendem Fahrzeug,Einbiegen / Kreuzen-Unfall,Dunkelheit,1,1,0,0,0,0,"351545,1203","5650172,564",6.884970998,50.98397809,nass/feucht,,"Rad, PKW"
254224,5,3,15,0,2019,Dezember,19,Dienstag,Unfall mit Leichtverletzten,Unfall anderer Art,Fahrunfall,Dunkelheit,0,0,0,1,0,0,"354175,9911","5646594,002",6.923860994,50.95249125,nass/feucht,,Krad
254225,5,3,15,0,2019,Dezember,12,Dienstag,Unfall mit Leichtverletzten,Zusammenstoß zwischen Fahrzeug und Fußgänger,Überschreiten-Unfall,Tageslicht,0,1,1,0,0,0,"355056,3542","5647071,994",6.93619593,50.9570089,nass/feucht,,"Fuss, PKW"
254231,5,3,15,0,2019,Dezember,11,Dienstag,Unfall mit Leichtverletzten,Unfall anderer Art,Sonstiger Unfall,Tageslicht,1,1,0,0,0,0,"363660,1311","5638887,501",7.061684541,50.88555099,nass/feucht,,"Rad, PKW"
254232,5,3,15,0,2019,Dezember,17,Dienstag,Unfall mit Schwerverletzten,Zusammenstoß zwischen Fahrzeug und Fußgänger,Überschreiten-Unfall,Dunkelheit,0,1,1,0,0,0,"362084,6295","5649655,014",7.035225192,50.98194813,nass/feucht,,"Fuss, PKW"
254234,5,3,15,0,2019,Dezember,12,Dienstag,Unfall mit Leichtverletzten,Zusammenstoß mit seitlich in gleicher Richtung fahrendem Fahrzeug,Unfall im Längsverkehr,Tageslicht,1,0,0,0,0,1,"355373,8284","5648222,435",6.940255932,50.96742738,nass/feucht,,"Rad, Sonstige"
254235,5,3,15,0,2019,Dezember,18,Dienstag,Unfall mit Leichtverletzten,Zusammenstoß mit einbiegendem / kreuzendem Fahrzeug,Abbiegeunfall,Dunkelheit,1,1,0,0,0,0,"357091,1827","5648932,545",6.964418582,50.97423766,nass/feucht,,"Rad, PKW"
254236,5,3,15,0,2019,Dezember,8,Dienstag,Unfall mit Schwerverletzten,Unfall anderer Art,Überschreiten-Unfall,Dämmerung,0,1,1,0,0,0,"354673,0117","5648404,665",6.930209146,50.96888865,trocken,,"Fuss, PKW"
254237,5,3,15,0,2019,Dezember,8,Dienstag,Unfall mit Schwerverletzten,Zusammenstoß mit anfahrendem/ anhaltendem/ruhendem Fahrzeug,Unfall im Längsverkehr,Tageslicht,0,1,0,1,0,0,"353693,7881","5648410,354",6.916270291,50.96869189,nass/feucht,,"Krad, PKW"
254286,5,3,15,0,2019,Dezember,16,Montag,Unfall mit Leichtverletzten,Zusammenstoß mit anfahrendem/ anhaltendem/ruhendem Fahrzeug,Unfall im Längsverkehr,Dunkelheit,0,1,0,0,0,0,"353229,419","5643518,922",6.911632649,50.92461643,trocken,,PKW
254287,5,3,15,0,2019,Dezember,16,Montag,Unfall mit Schwerverletzten,Zusammenstoß mit entgegenkommendem Fahrzeug,Fahrunfall,Tageslicht,1,1,0,0,0,0,"355255,0187","5642045,705",6.941019028,50.91188866,nass/feucht,,"Rad, PKW"
254288,5,3,15,0,2019,Dezember,4,Montag,Unfall mit Leichtverletzten,Zusammenstoß mit einbiegendem / kreuzendem Fahrzeug,Sonstiger Unfall,Dunkelheit,1,1,0,0,0,0,"355090,131","5644995,011",6.93750303,50.93835208,nass/feucht,,"Rad, PKW"
254324,5,3,15,0,2019,Dezember,17,Sonntag,Unfall mit Leichtverletzten,Zusammenstoß mit einbiegendem / kreuzendem Fahrzeug,Abbiegeunfall,Dunkelheit,0,1,0,0,0,0,"356335,5951","5641115,71",6.956745679,50.90380085,nass/feucht,,PKW
254325,5,3,15,0,2019,Dezember,15,Sonntag,Unfall mit Leichtverletzten,Zusammenstoß mit entgegenkommendem Fahrzeug,Unfall im Längsverkehr,Tageslicht,1,1,0,0,0,0,"352586,7395","5643204,847",6.902621596,50.92163011,trocken,,"Rad, PKW"
254374,5,3,15,0,2019,Dezember,18,Samstag,Unfall mit Schwerverletzten,Zusammenstoß zwischen Fahrzeug und Fußgänger,Abbiegeunfall,Dunkelheit,0,1,1,0,0,0,"358982,8075","5645190,548",6.992794817,50.94107448,nass/feucht,,"Fuss, PKW"
254375,5,3,15,0,2019,Dezember,18,Samstag,Unfall mit Leichtverletzten,Zusammenstoß mit vorausfahrendem / wartendem Fahrzeug,Unfall im Längsverkehr,Dunkelheit,0,1,0,0,0,0,"357533,319","5644041,958",6.972625934,50.93039582,nass/feucht,,PKW
254377,5,3,15,0,2019,Dezember,17,Samstag,Unfall mit Leichtverletzten,Zusammenstoß zwischen Fahrzeug und Fußgänger,Überschreiten-Unfall,Dunkelheit,0,1,1,0,0,0,"360379,599","5647037,709",7.011955258,50.95801514,nass/feucht,,"Fuss, PKW"
254378,5,3,15,0,2019,Dezember,14,Samstag,Unfall mit Leichtverletzten,Zusammenstoß mit einbiegendem / kreuzendem Fahrzeug,Einbiegen / Kreuzen-Unfall,Tageslicht,0,1,0,0,0,0,"357388,879","5649815,854",6.968309563,50.98224964,nass/feucht,,PKW
254379,5,3,15,0,2019,Dezember,8,Samstag,Unfall mit Schwerverletzten,Zusammenstoß zwischen Fahrzeug und Fußgänger,Überschreiten-Unfall,Tageslicht,0,0,1,0,0,1,"358060,109","5641007,948",6.981297953,50.90325892,nass/feucht,,"Fuss, Sonstige"
254380,5,3,15,0,2019,Dezember,8,Samstag,Unfall mit Leichtverletzten,Zusammenstoß mit einbiegendem / kreuzendem Fahrzeug,Einbiegen / Kreuzen-Unfall,Dämmerung,1,1,0,0,0,0,"359577,0889","5636698,845",7.004514361,50.86490303,nass/feucht,,"Rad, PKW"
254381,5,3,15,0,2019,Dezember,22,Samstag,Unfall mit Leichtverletzten,Zusammenstoß mit einbiegendem / kreuzendem Fahrzeug,Abbiegeunfall,Dunkelheit,0,1,1,0,0,0,"354358,3431","5643037,423",6.92787689,50.92057542,nass/feucht,,"Fuss, PKW"
254469,5,3,15,0,2019,Dezember,9,Freitag,Unfall mit Leichtverletzten,Zusammenstoß mit einbiegendem / kreuzendem Fahrzeug,Sonstiger Unfall,Tageslicht,0,1,0,0,0,0,"362958,841","5639754,736",7.051395308,50.89317931,nass/feucht,,PKW
254470,5,3,15,0,2019,Dezember,18,Freitag,Unfall mit Leichtverletzten,Zusammenstoß zwischen Fahrzeug und Fußgänger,Überschreiten-Unfall,Dunkelheit,0,1,1,0,0,0,"358172,207","5644798,77",6.981417069,50.93735475,nass/feucht,,"Fuss, PKW"
254472,5,3,15,0,2019,Dezember,14,Freitag,Unfall mit Schwerverletzten,Zusammenstoß mit einbiegendem / kreuzendem Fahrzeug,Einbiegen / Kreuzen-Unfall,Tageslicht,1,0,0,0,0,1,"350280,1023","5644451,256",6.869315268,50.93223692,trocken,,"Rad, Sonstige"
254473,5,3,15,0,2019,Dezember,22,Freitag,Unfall mit Schwerverletzten,Unfall anderer Art,Sonstiger Unfall,Dunkelheit,1,0,0,0,0,0,"352336,0284","5646121,376",6.897875318,50.94777553,trocken,,Rad
254474,5,3,15,0,2019,Dezember,15,Freitag,Unfall mit Leichtverletzten,Zusammenstoß mit anfahrendem/ anhaltendem/ruhendem Fahrzeug,Unfall im Längsverkehr,Tageslicht,0,1,0,0,0,0,"354900,5596","5646982,935",6.934014668,50.95616935,trocken,,PKW
254475,5,3,15,0,2019,Dezember,12,Freitag,Unfall mit Leichtverletzten,Unfall anderer Art,Sonstiger Unfall,Tageslicht,0,0,0,0,0,1,"353986,825","5639364,939",6.924063663,50.88747788,trocken,,Sonstige
254476,5,3,15,0,2019,Dezember,12,Freitag,Unfall mit Schwerverletzten,Unfall anderer Art,Fahrunfall,Tageslicht,1,0,0,0,0,0,"352763,6105","5643385,929",6.905063186,50.92330259,nass/feucht,,Rad
254537,5,3,15,0,2019,Dezember,11,Freitag,Unfall mit Leichtverletzten,Zusammenstoß mit seitlich in gleicher Richtung fahrendem Fahrzeug,Unfall im Längsverkehr,Tageslicht,1,1,0,0,0,0,"359559,0543","5644288,845",7.001339173,50.93311141,trocken,,"Rad, PKW"
254538,5,3,15,0,2019,Dezember,6,Freitag,Unfall mit Leichtverletzten,Abkommen von Fahrbahn nach links,Fahrunfall,Dunkelheit,0,1,0,0,0,0,"355173,855","5654719,322",6.934818867,51.0257625,trocken,,PKW
254539,5,3,15,0,2019,Dezember,15,Freitag,Unfall mit Leichtverletzten,Unfall anderer Art,Einbiegen / Kreuzen-Unfall,Tageslicht,0,1,0,1,0,0,"353767,5688","5657723,038",6.913567276,51.05239932,nass/feucht,,"Krad, PKW"
254540,5,3,15,0,2019,Dezember,12,Freitag,Unfall mit Leichtverletzten,Zusammenstoß mit einbiegendem / kreuzendem Fahrzeug,Einbiegen / Kreuzen-Unfall,Tageslicht,0,1,0,1,0,0,"348251,833","5647861,233",6.839051563,50.96234955,nass/feucht,,"Krad, PKW"
254541,5,3,15,0,2019,Dezember,13,Freitag,Unfall mit Leichtverletzten,Zusammenstoß zwischen Fahrzeug und Fußgänger,Abbiegeunfall,Tageslicht,0,1,1,0,0,0,"359069,55","5639180,188",6.99635028,50.88707984,trocken,,"Fuss, PKW"
254542,5,3,15,0,2019,Dezember,9,Freitag,Unfall mit Leichtverletzten,Zusammenstoß mit anfahrendem/ anhaltendem/ruhendem Fahrzeug,Sonstiger Unfall,Tageslicht,1,1,0,0,0,0,"356688,3575","5643824,314",6.960695379,50.92823055,trocken,,"Rad, PKW"
254543,5,3,15,0,2019,Dezember,16,Samstag,Unfall mit Leichtverletzten,Zusammenstoß zwischen Fahrzeug und Fußgänger,Überschreiten-Unfall,Tageslicht,0,1,1,0,0,0,"357149,878","5648130,307",6.965569181,50.96704261,trocken,,"Fuss, PKW"
254544,5,3,15,0,2019,Dezember,20,Freitag,Unfall mit Leichtverletzten,Zusammenstoß mit einbiegendem / kreuzendem Fahrzeug,Einbiegen / Kreuzen-Unfall,Dunkelheit,1,1,0,0,0,0,"356231,258","5644232,723",6.954034267,50.93178713,trocken,,"Rad, PKW"
254545,5,3,15,0,2019,Dezember,18,Freitag,Unfall mit Leichtverletzten,Zusammenstoß mit seitlich in gleicher Richtung fahrendem Fahrzeug,Abbiegeunfall,Dunkelheit,0,1,0,1,0,0,"356065,5668","5643246,825",6.952067161,50.92288568,trocken,,"Krad, PKW"
254546,5,3,15,0,2019,Dezember,4,Freitag,Unfall mit Leichtverletzten,Zusammenstoß zwischen Fahrzeug und Fußgänger,Überschreiten-Unfall,Dunkelheit,0,1,1,0,0,0,"355703,3971","5644453,109",6.946440202,50.93363589,nass/feucht,,"Fuss, PKW"
254547,5,3,15,0,2019,Dezember,15,Freitag,Unfall mit Leichtverletzten,Zusammenstoß mit anfahrendem/ anhaltendem/ruhendem Fahrzeug,Unfall durch ruhenden Verkehr,Dunkelheit,0,1,1,0,0,0,"356722,3743","5642762,056",6.961596476,50.91869258,trocken,,"Fuss, PKW"
254562,5,3,15,0,2019,Dezember,12,Samstag,Unfall mit Leichtverletzten,Zusammenstoß mit einbiegendem / kreuzendem Fahrzeug,Abbiegeunfall,Tageslicht,1,1,0,0,0,0,"350357,6238","5644785,742",6.870280333,50.93526286,trocken,,"Rad, PKW"
254565,5,3,15,0,2019,Dezember,12,Samstag,Unfall mit Getöteten,Zusammenstoß mit anfahrendem/ anhaltendem/ruhendem Fahrzeug,Fahrunfall,Tageslicht,0,1,0,0,0,0,"357263,374","5636147,285",6.971872189,50.85937953,trocken,,PKW
254569,5,3,15,0,2019,Dezember,9,Samstag,Unfall mit Schwerverletzten,Zusammenstoß mit einbiegendem / kreuzendem Fahrzeug,Einbiegen / Kreuzen-Unfall,Tageslicht,1,1,0,0,0,0,"354361,0083","5643958,846",6.927546758,50.92885667,trocken,,"Rad, PKW"
254578,5,3,15,0,2019,Dezember,3,Samstag,Unfall mit Leichtverletzten,Zusammenstoß zwischen Fahrzeug und Fußgänger,Überschreiten-Unfall,Dunkelheit,0,1,1,0,0,0,"356687,4249","5644900,31",6.960259017,50.93790019,trocken,,"Fuss, PKW"
254587,5,3,15,0,2019,Dezember,23,Samstag,Unfall mit Leichtverletzten,Unfall anderer Art,Sonstiger Unfall,Dunkelheit,0,1,1,0,0,0,"356839,935","5644765,575",6.962481132,50.93672723,trocken,,"Fuss, PKW"
254630,5,3,15,0,2019,Dezember,15,Donnerstag,Unfall mit Leichtverletzten,Abkommen von Fahrbahn nach rechts,Fahrunfall,Tageslicht,0,1,0,0,0,0,"364940,5082","5643275,893",7.078252712,50.9252928,trocken,,PKW
254631,5,3,15,0,2019,Dezember,14,Donnerstag,Unfall mit Leichtverletzten,Zusammenstoß zwischen Fahrzeug und Fußgänger,Überschreiten-Unfall,Tageslicht,0,1,1,0,0,0,"359880,476","5646278,189",7.005145245,50.95106809,nass/feucht,,"Fuss, PKW"
254633,5,3,15,0,2019,Dezember,12,Donnerstag,Unfall mit Leichtverletzten,Zusammenstoß mit vorausfahrendem / wartendem Fahrzeug,Unfall im Längsverkehr,Tageslicht,1,1,0,0,0,0,"360452,2811","5636946,687",7.016848796,50.86734237,trocken,,"Rad, PKW"
254634,5,3,15,0,2019,Dezember,15,Donnerstag,Unfall mit Leichtverletzten,Zusammenstoß zwischen Fahrzeug und Fußgänger,Abbiegeunfall,Tageslicht,0,1,1,0,0,0,"355544,4618","5641342,481",6.94541183,50.9056414,trocken,,"Fuss, PKW"
254636,5,3,15,0,2019,Dezember,20,Donnerstag,Unfall mit Leichtverletzten,Unfall anderer Art,Fahrunfall,Dunkelheit,1,0,0,0,0,0,"355258,9654","5642305,164",6.940972207,50.91422136,trocken,,Rad
254637,5,3,15,0,2019,Dezember,6,Donnerstag,Unfall mit Leichtverletzten,Unfall anderer Art,Fahrunfall,Dunkelheit,1,0,0,0,0,0,"355414,8623","5644289,012",6.942401839,50.93208892,nass/feucht,,Rad
254638,5,3,15,0,2019,Dezember,13,Donnerstag,Unfall mit Leichtverletzten,Zusammenstoß mit seitlich in gleicher Richtung fahrendem Fahrzeug,Abbiegeunfall,Tageslicht,1,1,0,0,0,0,"356438,7053","5644030,043",6.957064257,50.93001734,trocken,,"Rad, PKW"
254704,5,3,15,0,2019,Dezember,22,Mittwoch,Unfall mit Leichtverletzten,Zusammenstoß zwischen Fahrzeug und Fußgänger,Abbiegeunfall,Dunkelheit,0,1,1,0,0,0,"362248,558","5644335,996",7.039572365,50.93418382,nass/feucht,,"Fuss, PKW"
254705,5,3,15,0,2019,Dezember,19,Mittwoch,Unfall mit Schwerverletzten,Zusammenstoß zwischen Fahrzeug und Fußgänger,Überschreiten-Unfall,Dunkelheit,0,0,1,0,0,1,"361143,9554","5645396,283",7.023457934,50.94344798,trocken,,"Fuss, Sonstige"
254706,5,3,15,0,2019,Dezember,13,Mittwoch,Unfall mit Leichtverletzten,Abkommen von Fahrbahn nach links,Unfall im Längsverkehr,Tageslicht,0,1,0,0,0,0,"363104,528","5642682,199",7.052367639,50.91952428,trocken,,PKW
254707,5,3,15,0,2019,Dezember,9,Mittwoch,Unfall mit Leichtverletzten,Zusammenstoß mit vorausfahrendem / wartendem Fahrzeug,Unfall im Längsverkehr,Tageslicht,0,1,0,0,0,0,"362535,1334","5648513,635",7.042070743,50.97179797,trocken,,PKW
254708,5,3,15,0,2019,Dezember,16,Mittwoch,Unfall mit Leichtverletzten,Unfall anderer Art,Fahrunfall,Tageslicht,1,0,0,0,0,0,"361051,9235","5647811,72",7.021226748,50.96513383,trocken,,Rad
254710,5,3,15,0,2019,Dezember,14,Mittwoch,Unfall mit Leichtverletzten,Unfall anderer Art,Fahrunfall,Tageslicht,0,0,0,1,0,0,"360546,9421","5648207,971",7.013887959,50.96857298,trocken,,Krad
254711,5,3,15,0,2019,Dezember,21,Mittwoch,Unfall mit Leichtverletzten,Zusammenstoß mit einbiegendem / kreuzendem Fahrzeug,Einbiegen / Kreuzen-Unfall,Dunkelheit,1,1,0,0,0,0,"356347,81","5647351,448",6.954461642,50.95984369,nass/feucht,,"Rad, PKW"
254712,5,3,15,0,2019,Dezember,15,Mittwoch,Unfall mit Leichtverletzten,Zusammenstoß mit einbiegendem / kreuzendem Fahrzeug,Abbiegeunfall,Tageslicht,1,1,0,0,0,0,"355807,7385","5648742,065",6.946225348,50.97220595,trocken,,"Rad, PKW"
254713,5,3,15,0,2019,Dezember,15,Mittwoch,Unfall mit Leichtverletzten,Zusammenstoß zwischen Fahrzeug und Fußgänger,Überschreiten-Unfall,Tageslicht,0,1,1,0,0,0,"347939,9441","5647768,533",6.834652281,50.9614343,trocken,,"Fuss, PKW"
254714,5,3,15,0,2019,Dezember,9,Mittwoch,Unfall mit Leichtverletzten,Zusammenstoß zwischen Fahrzeug und Fußgänger,Überschreiten-Unfall,Tageslicht,0,1,1,0,0,0,"353967,6918","5644830,074",6.921604692,50.93658669,trocken,,"Fuss, PKW"
254715,5,3,15,0,2019,Dezember,23,Mittwoch,Unfall mit Schwerverletzten,Zusammenstoß mit einbiegendem / kreuzendem Fahrzeug,Abbiegeunfall,Dunkelheit,0,1,0,0,0,0,"353023,907","5645826,275",6.907779964,50.94529937,nass/feucht,,PKW
254716,5,3,15,0,2019,Dezember,13,Mittwoch,Unfall mit Leichtverletzten,Unfall anderer Art,Unfall im Längsverkehr,Tageslicht,1,1,0,0,0,0,"356477,1589","5646119,208",6.956788095,50.94880197,trocken,,"Rad, PKW"
254718,5,3,15,0,2019,Dezember,1,Mittwoch,Unfall mit Leichtverletzten,Abkommen von Fahrbahn nach links,Sonstiger Unfall,Dunkelheit,0,0,0,0,0,1,"357013,0162","5643483,509",6.965445768,50.92524832,nass/feucht,,Sonstige
254719,5,3,15,0,2019,Dezember,11,Mittwoch,Unfall mit Schwerverletzten,Zusammenstoß mit einbiegendem / kreuzendem Fahrzeug,Sonstiger Unfall,Tageslicht,0,0,0,1,1,0,"356502,8799","5645337,65",6.957461947,50.94178462,trocken,,"Krad, Gkfz"
254775,5,3,15,0,2019,Dezember,10,Samstag,Unfall mit Leichtverletzten,Zusammenstoß mit vorausfahrendem / wartendem Fahrzeug,Unfall im Längsverkehr,Tageslicht,0,1,0,0,0,0,"366679,2733","5638696,089",7.104651503,50.88453526,nass/feucht,,PKW
254776,5,3,15,0,2019,Dezember,21,Samstag,Unfall mit Leichtverletzten,Abkommen von Fahrbahn nach rechts,Sonstiger Unfall,Dunkelheit,0,1,0,0,0,0,"353126,6312","5645396,743",6.90941441,50.94146552,trocken,,PKW
254777,5,3,15,0,2019,Dezember,11,Samstag,Unfall mit Leichtverletzten,Unfall anderer Art,Sonstiger Unfall,Tageslicht,1,0,0,0,0,0,"356562,1091","5641222,366",6.959923163,50.90481568,trocken,,Rad
254778,5,3,15,0,2019,Dezember,11,Samstag,Unfall mit Leichtverletzten,Unfall anderer Art,Fahrunfall,Tageslicht,0,0,0,1,0,0,"356034,0301","5643162,822",6.951651918,50.92212289,nass/feucht,,Krad
254844,5,3,15,0,2019,Dezember,23,Mittwoch,Unfall mit Leichtverletzten,Zusammenstoß mit einbiegendem / kreuzendem Fahrzeug,Einbiegen / Kreuzen-Unfall,Dunkelheit,0,1,0,0,0,0,"366521,282","5635232,17",7.103670753,50.85336587,nass/feucht,,PKW
254845,5,3,15,0,2019,Dezember,11,Mittwoch,Unfall mit Schwerverletzten,Unfall anderer Art,Sonstiger Unfall,Tageslicht,0,0,0,1,0,1,"356006,7058","5647754,749",6.949448207,50.96338293,nass/feucht,,"Krad, Sonstige"
254846,5,3,15,0,2019,Dezember,9,Mittwoch,Unfall mit Leichtverletzten,Unfall anderer Art,Fahrunfall,Tageslicht,1,0,0,0,0,0,"353855,0712","5643197,111",6.92065761,50.92188324,nass/feucht,,Rad
254887,5,3,15,0,2019,Dezember,11,Dienstag,Unfall mit Leichtverletzten,Unfall anderer Art,Einbiegen / Kreuzen-Unfall,Tageslicht,0,1,0,1,0,0,"359874,7256","5643633,287",7.006080687,50.92729659,trocken,,"Krad, PKW"
254889,5,3,15,0,2019,Dezember,14,Dienstag,Unfall mit Leichtverletzten,Zusammenstoß zwischen Fahrzeug und Fußgänger,Überschreiten-Unfall,Tageslicht,0,1,1,0,0,0,"361510,339","5640454,108",7.030546624,50.8991193,nass/feucht,,"Fuss, PKW"
254890,5,3,15,0,2019,Dezember,18,Dienstag,Unfall mit Leichtverletzten,Zusammenstoß mit einbiegendem / kreuzendem Fahrzeug,Einbiegen / Kreuzen-Unfall,Dunkelheit,1,1,0,0,0,0,"356319,273","5647782,29",6.953885437,50.96370848,nass/feucht,,"Rad, PKW"
254891,5,3,15,0,2019,Dezember,9,Dienstag,Unfall mit Leichtverletzten,Unfall anderer Art,Fahrunfall,Tageslicht,1,0,0,0,0,0,"353756,8575","5647432,582",6.917560944,50.95992106,trocken,,Rad
254892,5,3,15,0,2019,Dezember,22,Dienstag,Unfall mit Leichtverletzten,Zusammenstoß zwischen Fahrzeug und Fußgänger,Sonstiger Unfall,Dunkelheit,0,1,1,0,0,0,"350499,9107","5649360,156",6.870425056,50.97640707,nass/feucht,,"Fuss, PKW"
254893,5,3,15,0,2019,Dezember,16,Dienstag,Unfall mit Schwerverletzten,Zusammenstoß zwischen Fahrzeug und Fußgänger,Sonstiger Unfall,Tageslicht,1,0,1,0,0,0,"356212,4152","5641899,592",6.954686152,50.91081486,nass/feucht,,"Rad, Fuss"
254894,5,3,15,0,2019,Dezember,19,Dienstag,Unfall mit Leichtverletzten,Unfall anderer Art,Fahrunfall,Dunkelheit,1,0,0,0,0,0,"353581,5111","5643072,604",6.916818144,50.92069498,trocken,,Rad
254895,5,3,15,0,2019,Dezember,16,Dienstag,Unfall mit Leichtverletzten,Zusammenstoß zwischen Fahrzeug und Fußgänger,Überschreiten-Unfall,Dunkelheit,0,0,1,1,0,0,"356393,2593","5644450,524",6.956252313,50.93378484,nass/feucht,,"Fuss, Krad"
254943,5,3,15,0,2019,Dezember,20,Montag,Unfall mit Leichtverletzten,Zusammenstoß zwischen Fahrzeug und Fußgänger,Abbiegeunfall,Dunkelheit,0,1,1,0,0,0,"366284,908","5635851,63",7.100088282,50.85887884,nass/feucht,,"Fuss, PKW"
254944,5,3,15,0,2019,Dezember,16,Montag,Unfall mit Leichtverletzten,Zusammenstoß zwischen Fahrzeug und Fußgänger,Überschreiten-Unfall,Dunkelheit,0,1,1,0,0,0,"360874,5081","5644853,848",7.0198321,50.93850804,nass/feucht,,"Fuss, PKW"
254945,5,3,15,0,2019,Dezember,14,Montag,Unfall mit Schwerverletzten,Zusammenstoß zwischen Fahrzeug und Fußgänger,Überschreiten-Unfall,Tageslicht,0,1,1,0,0,0,"359553,9253","5644397,605",7.001224315,50.93408761,trocken,,"Fuss, PKW"