OBJECTID,ULAND,UREGBEZ,UKREIS,UGEMEINDE,UJAHR,UMONAT,USTUNDE,UWOCHENTAG,UKATEGORIE,UART,UTYP1,ULICHTVERH,IstRad,IstPKW,IstFuss,IstKrad,IstGkfz,IstSonstige,LINREFX,LINREFY,XGCSWGS84,YGCSWGS84,USTRZUSTAND,UIDENTSTLAE,Participants
74769,5,3,15,0,2020,Januar,8,Samstag,Unfall mit Leichtverletzten,Zusammenstoß mit einbiegendem / kreuzendem Fahrzeug,Einbiegen / Kreuzen-Unfall,Tageslicht,1,1,0,0,0,0,"353655,9791","5646318,36",6.91657345,50.94988236,trocken,"5,20012E+18","Rad, PKW"
74784,5,3,15,0,2020,Januar,18,Samstag,Unfall mit Leichtverletzten,Zusammenstoß mit vorausfahrendem / wartendem Fahrzeug,Unfall im Längsverkehr,Dunkelheit,0,1,0,0,0,1,"354782,465","5638301,639",6.935790227,50.87812273,nass/feucht,"5,20012E+18","PKW, Sonstige"
74786,5,3,15,0,2020,Januar,14,Montag,Unfall mit Schwerverletzten,Abkommen von Fahrbahn nach links,Fahrunfall,Tageslicht,0,1,0,0,0,0,"350822,408","5645992,018",6.876396355,50.94622336,nass/feucht,"5,20012E+18",PKW
74795,5,3,15,0,2020,Januar,15,Freitag,Unfall mit Leichtverletzten,Zusammenstoß mit vorausfahrendem / wartendem Fahrzeug,Unfall im Längsverkehr,Tageslicht,0,1,0,0,0,0,"348858,5249","5644857,522",6.84893129,50.93551697,trocken,"5,20012E+18",PKW
74810,5,3,15,0,2020,Januar,18,Samstag,Unfall mit Leichtverletzten,Zusammenstoß mit vorausfahrendem / wartendem Fahrzeug,Unfall im Längsverkehr,Dunkelheit,0,1,0,0,0,0,"365774,638","5639509,587",7.091499553,50.89163725,nass/feucht,"5,20012E+18",PKW
74836,5,3,15,0,2020,Januar,22,Samstag,Unfall mit Schwerverletzten,Zusammenstoß mit einbiegendem / kreuzendem Fahrzeug,Abbiegeunfall,Dunkelheit,0,1,0,0,0,0,"354709,7269","5643078,711",6.932856289,50.92103505,trocken,"5,20012E+18",PKW
74839,5,3,15,0,2020,Januar,17,Sonntag,Unfall mit Leichtverletzten,Zusammenstoß zwischen Fahrzeug und Fußgänger,Abbiegeunfall,Dunkelheit,0,1,1,0,0,0,"355185,7524","5643734,112",6.939364056,50.92704468,trocken,"5,20012E+18","Fuss, PKW"
74897,5,3,15,0,2020,Januar,16,Sonntag,Unfall mit Leichtverletzten,Zusammenstoß mit einbiegendem / kreuzendem Fahrzeug,Unfall durch ruhenden Verkehr,Tageslicht,0,1,0,0,0,0,"349597,7626","5645090,785",6.859348085,50.93780641,trocken,"5,20012E+18",PKW
74904,5,3,15,0,2020,Januar,9,Freitag,Unfall mit Leichtverletzten,Zusammenstoß mit vorausfahrendem / wartendem Fahrzeug,Abbiegeunfall,Tageslicht,0,1,0,0,0,0,"362242,813","5643840,631",7.039677882,50.92973043,trocken,"5,20012E+18",PKW
74907,5,3,15,0,2020,Januar,5,Freitag,Unfall mit Leichtverletzten,Zusammenstoß mit entgegenkommendem Fahrzeug,Unfall im Längsverkehr,Dunkelheit,0,1,0,0,0,0,"364348,2314","5643300,386",7.069821258,50.92537396,trocken,"5,20012E+18",PKW
74908,5,3,15,0,2020,Januar,14,Freitag,Unfall mit Leichtverletzten,Zusammenstoß mit vorausfahrendem / wartendem Fahrzeug,Abbiegeunfall,Tageslicht,1,1,0,0,0,0,"354550,9999","5642849,433",6.930690977,50.9189346,trocken,"5,20012E+18","Rad, PKW"
74915,5,3,15,0,2020,Januar,16,Dienstag,Unfall mit Leichtverletzten,Abkommen von Fahrbahn nach links,Sonstiger Unfall,Dämmerung,0,1,0,0,0,0,"361263,1","5642385,172",7.026298845,50.91641501,trocken,"5,20012E+18",PKW
74967,5,3,15,0,2020,Januar,13,Sonntag,Unfall mit Leichtverletzten,Zusammenstoß mit vorausfahrendem / wartendem Fahrzeug,Unfall im Längsverkehr,Tageslicht,0,1,0,0,0,0,"352362,8291","5647347,996",6.897759121,50.95880543,trocken,"5,20012E+18",PKW
75003,5,3,15,0,2020,Januar,15,Montag,Unfall mit Leichtverletzten,Zusammenstoß mit anfahrendem/ anhaltendem/ruhendem Fahrzeug,Unfall durch ruhenden Verkehr,Tageslicht,0,1,0,0,0,0,"356497,8672","5643078,725",6.958279998,50.92148266,trocken,"5,20012E+18",PKW
75040,5,3,15,0,2020,Januar,14,Sonntag,Unfall mit Schwerverletzten,Zusammenstoß mit einbiegendem / kreuzendem Fahrzeug,Abbiegeunfall,Tageslicht,1,1,0,0,0,0,"356430,87","5647042,982",6.955765259,50.95709226,trocken,"5,20012E+18","Rad, PKW"
75044,5,3,15,0,2020,Januar,12,Donnerstag,Unfall mit Leichtverletzten,Unfall anderer Art,Fahrunfall,Tageslicht,1,0,0,0,0,0,"356432,2422","5647043,548",6.955784561,50.95709769,trocken,"5,20012E+18",Rad
75045,5,3,15,0,2020,Januar,14,Sonntag,Unfall mit Leichtverletzten,Zusammenstoß mit vorausfahrendem / wartendem Fahrzeug,Unfall im Längsverkehr,Tageslicht,0,1,0,0,0,0,"348495,531","5642913,755",6.844576716,50.91795457,trocken,"5,20012E+18",PKW
75053,5,3,15,0,2020,Januar,14,Donnerstag,Unfall mit Leichtverletzten,Zusammenstoß mit einbiegendem / kreuzendem Fahrzeug,Einbiegen / Kreuzen-Unfall,Tageslicht,0,1,0,0,0,0,"356181,0174","5644620,374",6.95316681,50.93525837,trocken,"5,20012E+18",PKW
75054,5,3,15,0,2020,Januar,14,Sonntag,Unfall mit Leichtverletzten,Zusammenstoß mit entgegenkommendem Fahrzeug,Abbiegeunfall,Tageslicht,1,1,0,0,0,0,"355185,3785","5643733,598",6.939358944,50.92703996,trocken,"5,20012E+18","Rad, PKW"
75076,5,3,15,0,2020,Januar,9,Freitag,Unfall mit Leichtverletzten,Unfall anderer Art,Unfall im Längsverkehr,Tageslicht,1,0,0,0,0,0,"357300,1377","5644107,068",6.969284381,50.93092332,nass/feucht,"5,20012E+18",Rad
75080,5,3,15,0,2020,Januar,16,Donnerstag,Unfall mit Schwerverletzten,Zusammenstoß zwischen Fahrzeug und Fußgänger,Überschreiten-Unfall,Tageslicht,1,0,1,0,0,0,"353973,6207","5642188,653",6.922746829,50.91285053,nass/feucht,"5,20012E+18","Rad, Fuss"
75140,5,3,15,0,2020,Januar,13,Donnerstag,Unfall mit Leichtverletzten,Unfall anderer Art,Sonstiger Unfall,Tageslicht,0,1,1,0,0,0,"358494,8066","5642805,672",6.986779114,50.91952192,nass/feucht,"5,20012E+18","Fuss, PKW"
75177,5,3,15,0,2020,Januar,18,Dienstag,Unfall mit Leichtverletzten,Zusammenstoß mit vorausfahrendem / wartendem Fahrzeug,Abbiegeunfall,Dunkelheit,0,1,0,0,0,0,"362496,8232","5640039,621",7.044722657,50.89562988,trocken,"5,20012E+18",PKW
75185,5,3,15,0,2020,Januar,10,Dienstag,Unfall mit Leichtverletzten,Zusammenstoß mit seitlich in gleicher Richtung fahrendem Fahrzeug,Abbiegeunfall,Tageslicht,1,1,0,0,0,0,"360484,6461","5648810,643",7.012770093,50.97397418,nass/feucht,"5,20012E+18","Rad, PKW"
75192,5,3,15,0,2020,Januar,23,Dienstag,Unfall mit Schwerverletzten,Zusammenstoß mit einbiegendem / kreuzendem Fahrzeug,Abbiegeunfall,Dunkelheit,0,1,0,0,0,0,"361875,4874","5648003,814",7.032874849,50.96705827,trocken,"5,20012E+18",PKW
75194,5,3,15,0,2020,Januar,8,Dienstag,Unfall mit Leichtverletzten,Zusammenstoß mit vorausfahrendem / wartendem Fahrzeug,Unfall im Längsverkehr,Dämmerung,0,1,0,0,0,0,"351360,6086","5658552,083",6.878909457,51.05923143,nass/feucht,"5,20012E+18",PKW
75212,5,3,15,0,2020,Januar,17,Dienstag,Unfall mit Leichtverletzten,Zusammenstoß mit vorausfahrendem / wartendem Fahrzeug,Unfall im Längsverkehr,Dunkelheit,0,1,0,0,0,0,"354643,1185","5651690,775",6.92846932,50.99841222,nass/feucht,"5,20012E+18",PKW
75214,5,3,15,0,2020,Januar,16,Dienstag,Unfall mit Leichtverletzten,Zusammenstoß mit vorausfahrendem / wartendem Fahrzeug,Unfall im Längsverkehr,Tageslicht,0,1,0,0,0,0,"356231,0659","5646964,573",6.952953225,50.9563378,trocken,"5,20012E+18",PKW
75220,5,3,15,0,2020,Januar,7,Donnerstag,Unfall mit Leichtverletzten,Zusammenstoß mit seitlich in gleicher Richtung fahrendem Fahrzeug,Unfall im Längsverkehr,Dunkelheit,0,1,0,0,1,0,"361446,944","5649092,125",7.026360883,50.97673624,trocken,"5,20012E+18","PKW, Gkfz"
75227,5,3,15,0,2020,Januar,18,Dienstag,Unfall mit Leichtverletzten,Zusammenstoß mit einbiegendem / kreuzendem Fahrzeug,Unfall durch ruhenden Verkehr,Dunkelheit,1,1,0,0,0,0,"352767,7848","5644910,018",6.904506954,50.93700002,trocken,"5,20012E+18","Rad, PKW"
75232,5,3,15,0,2020,Januar,16,Freitag,Unfall mit Leichtverletzten,Zusammenstoß mit vorausfahrendem / wartendem Fahrzeug,Unfall im Längsverkehr,Tageslicht,0,1,0,0,0,0,"358460,4425","5644007,268",6.985824103,50.93031231,trocken,"5,20012E+18",PKW
75237,5,3,15,0,2020,Januar,17,Donnerstag,Unfall mit Schwerverletzten,Zusammenstoß mit seitlich in gleicher Richtung fahrendem Fahrzeug,Unfall im Längsverkehr,Dunkelheit,1,0,0,0,0,0,"354677,3256","5643031,023",6.932414616,50.92059833,nass/feucht,"5,20012E+18",Rad
75298,5,3,15,0,2020,Januar,9,Freitag,Unfall mit Leichtverletzten,Zusammenstoß mit seitlich in gleicher Richtung fahrendem Fahrzeug,Unfall im Längsverkehr,Tageslicht,0,1,0,0,1,0,"348320,1917","5643829,1",6.841703393,50.92613401,trocken,"5,20012E+18","PKW, Gkfz"
75302,5,3,15,0,2020,Januar,7,Mittwoch,Unfall mit Leichtverletzten,Zusammenstoß mit vorausfahrendem / wartendem Fahrzeug,Unfall im Längsverkehr,Dunkelheit,0,1,0,0,0,1,"351120,171","5650590,542",6.878749946,50.98762446,nass/feucht,"5,20012E+18","PKW, Sonstige"
75303,5,3,15,0,2020,Januar,17,Donnerstag,Unfall mit Leichtverletzten,Zusammenstoß zwischen Fahrzeug und Fußgänger,Überschreiten-Unfall,Dunkelheit,0,1,1,0,0,0,"363296,7707","5639592,674",7.056258059,50.89180286,nass/feucht,"5,20012E+18","Fuss, PKW"
75313,5,3,15,0,2020,Januar,12,Freitag,Unfall mit Leichtverletzten,Zusammenstoß mit einbiegendem / kreuzendem Fahrzeug,Einbiegen / Kreuzen-Unfall,Tageslicht,0,1,0,0,0,0,"353001,476","5644259,37",6.908093049,50.93121252,trocken,"5,20012E+18",PKW
75328,5,3,15,0,2020,Januar,6,Mittwoch,Unfall mit Leichtverletzten,Zusammenstoß mit entgegenkommendem Fahrzeug,Fahrunfall,Dunkelheit,0,1,0,0,0,0,"353826,1816","5637056,603",6.922704172,50.86669276,nass/feucht,"5,20012E+18",PKW
75364,5,3,15,0,2020,Januar,17,Mittwoch,Unfall mit Leichtverletzten,Zusammenstoß mit einbiegendem / kreuzendem Fahrzeug,Abbiegeunfall,Dunkelheit,0,1,0,0,0,0,"357738,0992","5635000,8",6.979058522,50.84919292,nass/feucht,"5,20012E+18",PKW
75373,5,3,15,0,2020,Januar,19,Freitag,Unfall mit Leichtverletzten,Zusammenstoß zwischen Fahrzeug und Fußgänger,Abbiegeunfall,Dunkelheit,0,1,1,0,0,0,"359508,7788","5646711,919",6.999689523,50.95487558,nass/feucht,"5,20012E+18","Fuss, PKW"
75398,5,3,15,0,2020,Januar,13,Donnerstag,Unfall mit Leichtverletzten,Zusammenstoß mit vorausfahrendem / wartendem Fahrzeug,Unfall im Längsverkehr,Tageslicht,0,1,0,0,1,0,"355880,3403","5646808,265",6.948024746,50.95484549,trocken,"5,20012E+18","PKW, Gkfz"
75437,5,3,15,0,2020,Januar,8,Mittwoch,Unfall mit Leichtverletzten,Zusammenstoß mit vorausfahrendem / wartendem Fahrzeug,Unfall im Längsverkehr,Tageslicht,0,1,0,0,0,0,"365846,342","5639327,81",7.092585232,50.89002016,trocken,"5,20012E+18",PKW
75449,5,3,15,0,2020,Januar,10,Mittwoch,Unfall mit Leichtverletzten,Zusammenstoß mit anfahrendem/ anhaltendem/ruhendem Fahrzeug,Sonstiger Unfall,Tageslicht,0,1,0,0,1,0,"349090,15","5649281,532",6.850391203,50.97533284,trocken,"5,20012E+18","PKW, Gkfz"
75481,5,3,15,0,2020,Januar,2,Sonntag,Unfall mit Leichtverletzten,Zusammenstoß zwischen Fahrzeug und Fußgänger,Sonstiger Unfall,Dunkelheit,0,0,1,0,0,1,"353381,2469","5646663,068",6.912526182,50.9529103,trocken,"5,20013E+18","Fuss, Sonstige"
75506,5,3,15,0,2020,Januar,12,Montag,Unfall mit Leichtverletzten,Zusammenstoß zwischen Fahrzeug und Fußgänger,Abbiegeunfall,Tageslicht,0,1,1,0,0,0,"364617,645","5640483,483",7.07469758,50.90012019,trocken,"5,20013E+18","Fuss, PKW"
75527,5,3,15,0,2020,Januar,21,Mittwoch,Unfall mit Leichtverletzten,Zusammenstoß mit einbiegendem / kreuzendem Fahrzeug,Abbiegeunfall,Tageslicht,0,1,0,0,0,0,"349053,9083","5649614,937",6.849736927,50.97831939,trocken,"5,20013E+18",PKW
75538,5,3,15,0,2020,Januar,19,Dienstag,Unfall mit Leichtverletzten,Zusammenstoß mit einbiegendem / kreuzendem Fahrzeug,Einbiegen / Kreuzen-Unfall,Dunkelheit,1,1,0,0,0,0,"354365,513","5643974,423",6.927604592,50.9289978,trocken,"5,20013E+18","Rad, PKW"
75586,5,3,15,0,2020,Januar,19,Montag,Unfall mit Leichtverletzten,Zusammenstoß mit einbiegendem / kreuzendem Fahrzeug,Abbiegeunfall,Dunkelheit,0,1,0,0,0,0,"351226,5558","5648231,643",6.881229929,50.966454,trocken,"5,20013E+18",PKW
75619,5,3,15,0,2020,Januar,17,Mittwoch,Unfall mit Leichtverletzten,Zusammenstoß mit vorausfahrendem / wartendem Fahrzeug,Unfall im Längsverkehr,Dunkelheit,0,1,0,0,0,0,"362299,3185","5645554,471",7.039833773,50.94514677,nass/feucht,"5,20013E+18",PKW
75628,5,3,15,0,2020,Januar,21,Donnerstag,Unfall mit Schwerverletzten,Zusammenstoß zwischen Fahrzeug und Fußgänger,Überschreiten-Unfall,Dunkelheit,0,0,1,0,0,1,"353518,411","5642913,362",6.91598497,50.91924791,trocken,"5,20013E+18","Fuss, Sonstige"
75646,5,3,15,0,2020,Januar,18,Sonntag,Unfall mit Schwerverletzten,Zusammenstoß mit vorausfahrendem / wartendem Fahrzeug,Unfall im Längsverkehr,Dunkelheit,0,1,0,0,0,0,"351198,2228","5651981,726",6.879291257,51.0001463,trocken,"5,20013E+18",PKW
75664,5,3,15,0,2020,Januar,8,Samstag,Unfall mit Leichtverletzten,Zusammenstoß mit vorausfahrendem / wartendem Fahrzeug,Unfall im Längsverkehr,Tageslicht,0,1,0,0,0,0,"357396,8225","5636962,88",6.973449226,50.86674228,nass/feucht,"5,20012E+18",PKW
75682,5,3,15,0,2020,Januar,10,Samstag,Unfall mit Schwerverletzten,Unfall anderer Art,Sonstiger Unfall,Tageslicht,0,0,0,0,0,1,"359326,0507","5647726,755",6.996697247,50.9639514,trocken,"5,20012E+18",Sonstige
75687,5,3,15,0,2020,Januar,16,Samstag,Unfall mit Leichtverletzten,Zusammenstoß mit einbiegendem / kreuzendem Fahrzeug,Abbiegeunfall,Tageslicht,0,1,0,0,0,0,"362625,1441","5651903,264",7.042070374,51.00228296,trocken,"5,20012E+18",PKW
75694,5,3,15,0,2020,Januar,15,Mittwoch,Unfall mit Leichtverletzten,Zusammenstoß mit anfahrendem/ anhaltendem/ruhendem Fahrzeug,Unfall im Längsverkehr,Tageslicht,0,1,0,0,0,0,"360502,2269","5646716,447",7.013823356,50.9551576,nass/feucht,"5,20013E+18",PKW
75696,5,3,15,0,2020,Januar,18,Samstag,Unfall mit Leichtverletzten,Zusammenstoß mit seitlich in gleicher Richtung fahrendem Fahrzeug,Unfall durch ruhenden Verkehr,Dunkelheit,1,1,0,0,0,0,"356330,6697","5647682,363",6.954087082,50.96281329,trocken,"5,20012E+18","Rad, PKW"
75702,5,3,15,0,2020,Januar,13,Mittwoch,Unfall mit Leichtverletzten,Zusammenstoß mit seitlich in gleicher Richtung fahrendem Fahrzeug,Abbiegeunfall,Tageslicht,0,0,0,0,1,0,"357396,1356","5637022,082",6.973416394,50.86727416,trocken,"5,20013E+18",Gkfz
75706,5,3,15,0,2020,Januar,8,Dienstag,Unfall mit Leichtverletzten,Zusammenstoß mit vorausfahrendem / wartendem Fahrzeug,Unfall im Längsverkehr,Tageslicht,0,1,0,0,0,0,"355037,5212","5643523,659",6.937339933,50.92511615,trocken,"5,20013E+18",PKW
75714,5,3,15,0,2020,Januar,12,Samstag,Unfall mit Leichtverletzten,Zusammenstoß mit entgegenkommendem Fahrzeug,Sonstiger Unfall,Tageslicht,1,0,0,0,0,0,"352555,5154","5647205,423",6.900558617,50.95757354,trocken,"5,20012E+18",Rad
75720,5,3,15,0,2020,Januar,8,Samstag,Unfall mit Leichtverletzten,Zusammenstoß zwischen Fahrzeug und Fußgänger,Überschreiten-Unfall,Dunkelheit,1,0,1,0,0,0,"353842,7129","5642331,442",6.920828753,50.9141006,trocken,"5,20012E+18","Rad, Fuss"
75724,5,3,15,0,2020,Januar,22,Samstag,Unfall mit Leichtverletzten,Unfall anderer Art,Fahrunfall,Dunkelheit,0,0,0,0,0,1,"355898,548","5644718,422",6.949110681,50.936069,trocken,"5,20012E+18",Sonstige
75727,5,3,15,0,2020,Januar,2,Sonntag,Unfall mit Schwerverletzten,Unfall anderer Art,Fahrunfall,Dunkelheit,0,0,0,0,0,1,"356653,09","5646356,51",6.959197552,50.95097835,trocken,"5,20013E+18",Sonstige
75728,5,3,15,0,2020,Januar,11,Samstag,Unfall mit Leichtverletzten,Zusammenstoß mit einbiegendem / kreuzendem Fahrzeug,Abbiegeunfall,Tageslicht,1,1,0,0,0,0,"355082,7569","5644787,972",6.937480491,50.93648961,trocken,"5,20012E+18","Rad, PKW"
75753,5,3,15,0,2020,Januar,15,Montag,Unfall mit Schwerverletzten,Zusammenstoß mit entgegenkommendem Fahrzeug,Abbiegeunfall,Tageslicht,0,1,0,0,0,1,"352385,8957","5651340,103",6.896466428,50.99468631,trocken,"5,20013E+18","PKW, Sonstige"
75773,5,3,15,0,2020,Januar,9,Mittwoch,Unfall mit Leichtverletzten,Zusammenstoß mit einbiegendem / kreuzendem Fahrzeug,Einbiegen / Kreuzen-Unfall,Tageslicht,1,0,0,0,0,1,"356687,9539","5644623,087",6.960375571,50.93540895,nass/feucht,"5,20013E+18","Rad, Sonstige"
75807,5,3,15,0,2020,Januar,12,Dienstag,Unfall mit Leichtverletzten,Unfall anderer Art,Sonstiger Unfall,Tageslicht,1,0,0,0,0,0,"355724,8857","5643636,038",6.947069195,50.92629838,nass/feucht,"5,20013E+18",Rad
75812,5,3,15,0,2020,Januar,1,Sonntag,Unfall mit Leichtverletzten,Abkommen von Fahrbahn nach links,Fahrunfall,Dunkelheit,0,1,0,0,0,0,"349520,47","5650276,841",6.856104187,50.98438952,trocken,"5,20013E+18",PKW
75864,5,3,15,0,2020,Januar,11,Mittwoch,Unfall mit Leichtverletzten,Abkommen von Fahrbahn nach rechts,Sonstiger Unfall,Tageslicht,0,0,0,0,1,0,"348924,9944","5645527,634",6.849598727,50.94155618,trocken,"5,20013E+18",Gkfz
75868,5,3,15,0,2020,Januar,7,Dienstag,Unfall mit Leichtverletzten,Zusammenstoß mit entgegenkommendem Fahrzeug,Abbiegeunfall,Dunkelheit,0,1,0,0,0,0,"361128,2889","5643152,367",7.024090102,50.92327757,nass/feucht,"5,20013E+18",PKW
75873,5,3,15,0,2020,Januar,9,Donnerstag,Unfall mit Leichtverletzten,Zusammenstoß mit seitlich in gleicher Richtung fahrendem Fahrzeug,Unfall im Längsverkehr,Tageslicht,1,1,0,0,0,0,"354393,5923","5642628,779",6.928541174,50.91691193,nass/feucht,"5,20013E+18","Rad, PKW"
75902,5,3,15,0,2020,Februar,23,Dienstag,Unfall mit Leichtverletzten,Abkommen von Fahrbahn nach links,Fahrunfall,Dunkelheit,0,1,0,0,0,0,"349544,579","5650279,058",6.856446495,50.98441574,nass/feucht,"5,2002E+18",PKW
75915,5,3,15,0,2020,Februar,18,Dienstag,Unfall mit Leichtverletzten,Zusammenstoß mit einbiegendem / kreuzendem Fahrzeug,Abbiegeunfall,Dunkelheit,0,1,0,0,0,1,"353684,0055","5642552,075",6.918484157,50.91604315,nass/feucht,"5,2002E+18","PKW, Sonstige"
75946,5,3,15,0,2020,Januar,11,Samstag,Unfall mit Leichtverletzten,Zusammenstoß mit anfahrendem/ anhaltendem/ruhendem Fahrzeug,Unfall durch ruhenden Verkehr,Tageslicht,1,1,0,0,0,0,"360869,2769","5644281,7",7.019976145,50.93336475,nass/feucht,"5,20013E+18","Rad, PKW"
75985,5,3,15,0,2020,Februar,22,Dienstag,Unfall mit Schwerverletzten,Zusammenstoß mit einbiegendem / kreuzendem Fahrzeug,Einbiegen / Kreuzen-Unfall,Dunkelheit,1,1,0,0,0,0,"358235,9336","5645450,11",6.982070008,50.94322401,nass/feucht,"5,2002E+18","Rad, PKW"
76050,5,3,15,0,2020,Februar,8,Sonntag,Unfall mit Leichtverletzten,Abkommen von Fahrbahn nach rechts,Fahrunfall,Tageslicht,0,1,0,0,0,0,"355052,6691","5638910,193",6.93938711,50.88365956,nass/feucht,"5,2002E+18",PKW
76095,5,3,15,0,2020,Februar,21,Dienstag,Unfall mit Schwerverletzten,Abkommen von Fahrbahn nach rechts,Fahrunfall,Dunkelheit,0,1,0,0,0,1,"350363,295","5650862,935",6.867861701,50.98987601,nass/feucht,"5,2002E+18","PKW, Sonstige"
76107,5,3,15,0,2020,Februar,18,Dienstag,Unfall mit Schwerverletzten,Zusammenstoß mit seitlich in gleicher Richtung fahrendem Fahrzeug,Unfall im Längsverkehr,Dunkelheit,1,0,0,0,0,0,"355069,6919","5641391,705",6.938644307,50.90596478,nass/feucht,"5,2002E+18",Rad
76110,5,3,15,0,2020,Januar,15,Samstag,Unfall mit Leichtverletzten,Zusammenstoß mit seitlich in gleicher Richtung fahrendem Fahrzeug,Unfall im Längsverkehr,Tageslicht,0,1,0,0,0,0,"356423,7186","5638904,044",6.95886748,50.88394663,trocken,"5,20013E+18",PKW
76201,5,3,15,0,2020,Februar,19,Dienstag,Unfall mit Leichtverletzten,Unfall anderer Art,Sonstiger Unfall,Dunkelheit,0,1,0,1,0,0,"355694,341","5645893,211",6.945740981,50.94657554,nass/feucht,"5,2002E+18","Krad, PKW"
76241,5,3,15,0,2020,Januar,20,Freitag,Unfall mit Schwerverletzten,Zusammenstoß zwischen Fahrzeug und Fußgänger,Überschreiten-Unfall,Dunkelheit,0,1,1,0,0,0,"356308,6437","5647887,779",6.953692508,50.96465383,nass/feucht,"5,20013E+18","Fuss, PKW"
76243,5,3,15,0,2020,Januar,11,Freitag,Unfall mit Schwerverletzten,Unfall anderer Art,Sonstiger Unfall,Tageslicht,0,1,0,0,0,1,"356314,2855","5647831,155",6.953795162,50.96414637,trocken,"5,20013E+18","PKW, Sonstige"
76244,5,3,15,0,2020,Februar,5,Sonntag,Unfall mit Leichtverletzten,Unfall anderer Art,Abbiegeunfall,Dunkelheit,1,1,0,0,0,0,"357687,9313","5643819,382",6.974911568,50.9284337,nass/feucht,"5,2002E+18","Rad, PKW"
76246,5,3,15,0,2020,Januar,9,Freitag,Unfall mit Leichtverletzten,Unfall anderer Art,Fahrunfall,Tageslicht,0,0,0,0,0,1,354000,"5644400,748",6.922236192,50.93273665,trocken,"5,20013E+18",Sonstige
76249,5,3,15,0,2020,Januar,10,Freitag,Unfall mit Leichtverletzten,Zusammenstoß mit vorausfahrendem / wartendem Fahrzeug,Sonstiger Unfall,Tageslicht,0,1,0,0,0,0,"354405,6872","5643893,797",6.928208077,50.92828337,trocken,"5,20013E+18",PKW
76293,5,3,15,0,2020,Januar,20,Donnerstag,Unfall mit Leichtverletzten,Zusammenstoß mit vorausfahrendem / wartendem Fahrzeug,Unfall im Längsverkehr,Dunkelheit,0,1,0,0,0,0,"360699,609","5652873,436",7.014271904,51.010539,trocken,"5,20013E+18",PKW
76297,5,3,15,0,2020,Februar,19,Dienstag,Unfall mit Leichtverletzten,Zusammenstoß mit einbiegendem / kreuzendem Fahrzeug,Einbiegen / Kreuzen-Unfall,Dunkelheit,1,1,0,0,0,0,"351301,3807","5645035,587",6.883600158,50.93775218,nass/feucht,"5,2002E+18","Rad, PKW"
76299,5,3,15,0,2020,Januar,7,Donnerstag,Unfall mit Schwerverletzten,Zusammenstoß zwischen Fahrzeug und Fußgänger,Überschreiten-Unfall,Tageslicht,0,0,1,0,0,1,"350857,45","5652352,579",6.874285815,51.00339066,trocken,"5,20013E+18","Fuss, Sonstige"
76310,5,3,15,0,2020,Januar,22,Donnerstag,Unfall mit Leichtverletzten,Zusammenstoß zwischen Fahrzeug und Fußgänger,Abbiegeunfall,Dunkelheit,0,1,1,0,0,0,"354917,206","5647910,709",6.933881623,50.96451117,trocken,"5,20013E+18","Fuss, PKW"
76313,5,3,15,0,2020,Januar,6,Donnerstag,Unfall mit Leichtverletzten,Zusammenstoß mit einbiegendem / kreuzendem Fahrzeug,Abbiegeunfall,Dunkelheit,0,0,0,0,0,1,"351284,983","5645233,906",6.883285995,50.93953014,trocken,"5,20013E+18",Sonstige
76330,5,3,15,0,2020,Januar,0,Donnerstag,Unfall mit Leichtverletzten,Unfall anderer Art,Überschreiten-Unfall,Dunkelheit,0,1,1,0,0,0,"354178,8352","5647135,633",6.923684481,50.95735943,nass/feucht,"5,20013E+18","Fuss, PKW"
76333,5,3,15,0,2020,Februar,18,Sonntag,Unfall mit Leichtverletzten,Unfall anderer Art,Fahrunfall,Dämmerung,0,0,0,0,0,1,"355302,5559","5644190,472",6.940843824,50.93117519,trocken,"5,2002E+18",Sonstige
76339,5,3,15,0,2020,Februar,10,Sonntag,Unfall mit Leichtverletzten,Zusammenstoß mit seitlich in gleicher Richtung fahrendem Fahrzeug,Unfall im Längsverkehr,Tageslicht,0,1,0,0,1,0,"360484,2625","5650901,407",7.011961977,50.99276402,nass/feucht,"5,2002E+18","PKW, Gkfz"
76346,5,3,15,0,2020,Januar,15,Donnerstag,Unfall mit Schwerverletzten,Zusammenstoß mit einbiegendem / kreuzendem Fahrzeug,Einbiegen / Kreuzen-Unfall,Tageslicht,0,1,0,0,0,0,"350587,528","5649352,384",6.871675405,50.97635997,nass/feucht,"5,20013E+18",PKW
76349,5,3,15,0,2020,Februar,16,Donnerstag,Unfall mit Leichtverletzten,Zusammenstoß mit vorausfahrendem / wartendem Fahrzeug,Unfall im Längsverkehr,Tageslicht,0,1,0,0,0,0,"357052,7449","5635960,956",6.968954164,50.85765296,trocken,"5,20021E+18",PKW
76357,5,3,15,0,2020,Februar,15,Donnerstag,Unfall mit Leichtverletzten,Unfall anderer Art,Sonstiger Unfall,Tageslicht,0,0,0,0,0,1,"362366,3747","5643758,439",7.041466133,50.92902124,trocken,"5,20021E+18",Sonstige
76361,5,3,15,0,2020,Februar,7,Donnerstag,Unfall mit Leichtverletzten,Zusammenstoß mit einbiegendem / kreuzendem Fahrzeug,Einbiegen / Kreuzen-Unfall,Dämmerung,0,1,0,1,0,0,"362224,7631","5645079,736",7.03895271,50.94086236,nass/feucht,"5,20021E+18","Krad, PKW"