OBJECTID,ULAND,UREGBEZ,UKREIS,UGEMEINDE,UJAHR,UMONAT,USTUNDE,UWOCHENTAG,UKATEGORIE,UART,UTYP1,ULICHTVERH,IstRad,IstPKW,IstFuss,IstKrad,IstGkfz,IstSonstige,LINREFX,LINREFY,XGCSWGS84,YGCSWGS84,USTRZUSTAND,UIDENTSTLAE,Participants
76365,5,3,15,0,2020,Februar,11,Donnerstag,Unfall mit Schwerverletzten,Zusammenstoß zwischen Fahrzeug und Fußgänger,Überschreiten-Unfall,Tageslicht,0,1,1,0,0,0,"359967,2713","5647547,455",7.005891792,50.96249623,trocken,"5,20021E+18","Fuss, PKW"
76369,5,3,15,0,2020,Februar,9,Donnerstag,Unfall mit Schwerverletzten,Zusammenstoß zwischen Fahrzeug und Fußgänger,Sonstiger Unfall,Tageslicht,0,1,1,0,0,0,"353189,9233","5643585,574",6.911044236,50.92520536,trocken,"5,20021E+18","Fuss, PKW"
76376,5,3,15,0,2020,Februar,10,Dienstag,Unfall mit Leichtverletzten,Zusammenstoß mit einbiegendem / kreuzendem Fahrzeug,Einbiegen / Kreuzen-Unfall,Tageslicht,0,1,0,0,0,0,"356892,2642","5641084,701",6.964669662,50.90366042,nass/feucht,"5,20021E+18",PKW
76420,5,3,15,0,2020,Februar,18,Freitag,Unfall mit Leichtverletzten,Zusammenstoß mit vorausfahrendem / wartendem Fahrzeug,Unfall im Längsverkehr,Dunkelheit,0,1,0,0,0,0,"361742,5171","5648143,319",7.030929298,50.96828014,trocken,"5,20021E+18",PKW
76423,5,3,15,0,2020,Februar,15,Freitag,Unfall mit Schwerverletzten,Unfall anderer Art,Überschreiten-Unfall,Tageslicht,0,1,1,0,0,0,"356289,5745","5648108,125",6.953334083,50.96662928,trocken,"5,20021E+18","Fuss, PKW"
76427,5,3,15,0,2020,Februar,7,Samstag,Unfall mit Schwerverletzten,Zusammenstoß zwischen Fahrzeug und Fußgänger,Überschreiten-Unfall,Dämmerung,0,1,1,0,0,0,"351607,1677","5651930,614",6.885136137,50.9997926,trocken,"5,20021E+18","Fuss, PKW"
76445,5,3,15,0,2020,Februar,15,Sonntag,Unfall mit Leichtverletzten,Zusammenstoß mit vorausfahrendem / wartendem Fahrzeug,Unfall im Längsverkehr,Tageslicht,0,1,0,0,0,0,"355723,0618","5640050,522",6.948460784,50.89407538,trocken,"5,20021E+18",PKW
76452,5,3,15,0,2020,Februar,8,Dienstag,Unfall mit Leichtverletzten,Abkommen von Fahrbahn nach rechts,Fahrunfall,Tageslicht,0,1,0,0,0,0,"366539,8659","5645670,785",7.100119199,50.94718947,nass/feucht,"5,20021E+18",PKW
76475,5,3,15,0,2020,Februar,13,Sonntag,Unfall mit Leichtverletzten,Zusammenstoß mit vorausfahrendem / wartendem Fahrzeug,Unfall im Längsverkehr,Tageslicht,0,1,0,0,1,0,"362919,4777","5644346,563",7.04911074,50.93443864,trocken,"5,20021E+18","PKW, Gkfz"
76488,5,3,15,0,2020,Februar,12,Dienstag,Unfall mit Leichtverletzten,Zusammenstoß mit vorausfahrendem / wartendem Fahrzeug,Unfall im Längsverkehr,Tageslicht,0,1,0,0,1,0,"347309,2133","5645237,966",6.826738702,50.93852758,trocken,"5,20021E+18","PKW, Gkfz"
76529,5,3,15,0,2020,Februar,7,Freitag,Unfall mit Leichtverletzten,Zusammenstoß zwischen Fahrzeug und Fußgänger,Überschreiten-Unfall,Tageslicht,1,0,1,0,0,0,"357096,2519","5643244,327",6.966723062,50.92311943,trocken,"5,20021E+18","Rad, Fuss"
76533,5,3,15,0,2020,Februar,8,Samstag,Unfall mit Leichtverletzten,Unfall anderer Art,Fahrunfall,Tageslicht,0,0,0,0,0,1,"354779,073","5643134,12",6.933820174,50.92155045,trocken,"5,20021E+18",Sonstige
76552,5,3,15,0,2020,Februar,5,Sonntag,Unfall mit Leichtverletzten,Abkommen von Fahrbahn nach links,Unfall durch ruhenden Verkehr,Dunkelheit,1,1,0,0,0,0,"355074,2582","5644203,411",6.937592075,50.93123416,trocken,"5,20021E+18","Rad, PKW"
76598,5,3,15,0,2020,Februar,12,Dienstag,Unfall mit Leichtverletzten,Zusammenstoß mit vorausfahrendem / wartendem Fahrzeug,Unfall im Längsverkehr,Tageslicht,0,1,0,0,0,0,"353047,2196","5644849,415",6.908505635,50.93652667,trocken,"5,20021E+18",PKW
76639,5,3,15,0,2020,Februar,15,Sonntag,Unfall mit Leichtverletzten,Zusammenstoß mit einbiegendem / kreuzendem Fahrzeug,Einbiegen / Kreuzen-Unfall,Tageslicht,1,1,0,0,0,0,"362456,119","5640066,232",7.044134187,50.89585935,trocken,"5,20021E+18","Rad, PKW"
76649,5,3,15,0,2020,Februar,18,Freitag,Unfall mit Schwerverletzten,Zusammenstoß zwischen Fahrzeug und Fußgänger,Überschreiten-Unfall,Dunkelheit,0,1,1,0,0,0,"364995,1952","5638394,344",7.080835597,50.88143221,trocken,"5,20021E+18","Fuss, PKW"
76653,5,3,15,0,2020,Februar,22,Samstag,Unfall mit Leichtverletzten,Zusammenstoß mit vorausfahrendem / wartendem Fahrzeug,Unfall im Längsverkehr,Dunkelheit,0,1,0,0,0,0,"363665,852","5641201,739",7.06090195,50.90635157,trocken,"5,20021E+18",PKW
76748,5,3,15,0,2020,Februar,4,Montag,Unfall mit Schwerverletzten,Unfall anderer Art,Fahrunfall,Dunkelheit,0,0,0,0,0,1,"353595,8591","5644203,307",6.916568124,50.93085987,trocken,"5,20021E+18",Sonstige
76755,5,3,15,0,2020,Februar,11,Freitag,Unfall mit Leichtverletzten,Unfall anderer Art,Abbiegeunfall,Tageslicht,0,1,0,0,0,1,"353667,634","5646352,735",6.916725443,50.95019423,trocken,"5,20021E+18","PKW, Sonstige"
76760,5,3,15,0,2020,Februar,14,Samstag,Unfall mit Leichtverletzten,Zusammenstoß mit vorausfahrendem / wartendem Fahrzeug,Unfall im Längsverkehr,Tageslicht,0,1,0,1,0,0,"354467,255","5645760,332",6.928338091,50.94507293,trocken,"5,20021E+18","Krad, PKW"
76780,5,3,15,0,2020,Februar,9,Sonntag,Unfall mit Leichtverletzten,Zusammenstoß mit einbiegendem / kreuzendem Fahrzeug,Abbiegeunfall,Tageslicht,0,1,0,0,0,1,"356529,8811","5644631,589",6.958124051,50.93544606,trocken,"5,20021E+18","PKW, Sonstige"
76810,5,3,15,0,2020,Februar,8,Mittwoch,Unfall mit Leichtverletzten,Zusammenstoß mit seitlich in gleicher Richtung fahrendem Fahrzeug,Unfall im Längsverkehr,Tageslicht,1,1,0,0,0,0,"365439,0482","5642915,718",7.085475055,50.92217219,trocken,"5,2002E+18","Rad, PKW"
76814,5,3,15,0,2020,Februar,7,Mittwoch,Unfall mit Leichtverletzten,Zusammenstoß mit seitlich in gleicher Richtung fahrendem Fahrzeug,Unfall im Längsverkehr,Dunkelheit,0,1,0,1,0,0,"360995,6686","5644263,729",7.021780582,50.93323373,nass/feucht,"5,2002E+18","Krad, PKW"
76820,5,3,15,0,2020,Februar,12,Mittwoch,Unfall mit Leichtverletzten,Zusammenstoß mit vorausfahrendem / wartendem Fahrzeug,Unfall im Längsverkehr,Tageslicht,0,1,0,0,0,0,"358734,2239","5645767,55",6.989035081,50.94619917,nass/feucht,"5,2002E+18",PKW
76821,5,3,15,0,2020,Februar,18,Dienstag,Unfall mit Leichtverletzten,Zusammenstoß mit einbiegendem / kreuzendem Fahrzeug,Sonstiger Unfall,Dunkelheit,0,1,0,0,0,1,"354066,4296","5644847,284",6.923002092,50.93676634,trocken,"5,20021E+18","PKW, Sonstige"
76822,5,3,15,0,2020,Februar,14,Mittwoch,Unfall mit Leichtverletzten,Zusammenstoß mit einbiegendem / kreuzendem Fahrzeug,Abbiegeunfall,Tageslicht,0,1,0,0,0,0,"353525,2407","5651902,823",6.912463788,51.00003433,nass/feucht,"5,2002E+18",PKW
76825,5,3,15,0,2020,Februar,6,Mittwoch,Unfall mit Leichtverletzten,Zusammenstoß mit entgegenkommendem Fahrzeug,Abbiegeunfall,Dunkelheit,0,1,0,1,0,0,"358615,6544","5636993,124",6.990747075,50.86731346,nass/feucht,"5,2002E+18","Krad, PKW"
76828,5,3,15,0,2020,Februar,20,Mittwoch,Unfall mit Schwerverletzten,Zusammenstoß mit anfahrendem/ anhaltendem/ruhendem Fahrzeug,Sonstiger Unfall,Dunkelheit,0,1,0,0,1,0,"354300,7988","5644199,332",6.926594452,50.93100265,nass/feucht,"5,2002E+18","PKW, Gkfz"
76833,5,3,15,0,2020,Februar,20,Mittwoch,Unfall mit Leichtverletzten,Zusammenstoß mit anfahrendem/ anhaltendem/ruhendem Fahrzeug,Sonstiger Unfall,Dunkelheit,0,1,0,0,1,0,"354175,2797","5644482,922",6.924696014,50.93351947,nass/feucht,"5,2002E+18","PKW, Gkfz"
76837,5,3,15,0,2020,Februar,20,Freitag,Unfall mit Leichtverletzten,Unfall anderer Art,Überschreiten-Unfall,Dunkelheit,0,0,1,0,0,1,"365020,2481","5638865,949",7.081017352,50.88567667,trocken,"5,20021E+18","Fuss, Sonstige"
76856,5,3,15,0,2020,Februar,13,Samstag,Unfall mit Leichtverletzten,Zusammenstoß mit vorausfahrendem / wartendem Fahrzeug,Unfall im Längsverkehr,Tageslicht,0,1,0,0,0,0,"352963,2304","5650362,245",6.905083473,50.98604659,trocken,"5,20021E+18",PKW
76866,5,3,15,0,2020,Februar,12,Samstag,Unfall mit Leichtverletzten,Zusammenstoß zwischen Fahrzeug und Fußgänger,Unfall im Längsverkehr,Tageslicht,1,0,1,0,0,0,"355129,8825","5645282,69",6.937954027,50.94094737,trocken,"5,20021E+18","Rad, Fuss"
76872,5,3,15,0,2020,Februar,6,Samstag,Unfall mit Leichtverletzten,Zusammenstoß mit einbiegendem / kreuzendem Fahrzeug,Einbiegen / Kreuzen-Unfall,Dunkelheit,0,1,0,1,0,0,"366895,613","5635244,872",7.108981149,50.8535663,trocken,"5,20021E+18","Krad, PKW"
76877,5,3,15,0,2020,Februar,13,Donnerstag,Unfall mit Leichtverletzten,Zusammenstoß mit vorausfahrendem / wartendem Fahrzeug,Unfall im Längsverkehr,Tageslicht,0,1,0,0,0,0,"359092,7292","5641071,165",6.99595008,50.90408,trocken,"5,20021E+18",PKW
76908,5,3,15,0,2020,Februar,15,Freitag,Unfall mit Leichtverletzten,Zusammenstoß mit vorausfahrendem / wartendem Fahrzeug,Unfall im Längsverkehr,Tageslicht,1,1,0,0,0,0,"353207,4848","5643974,907",6.911137186,50.92870862,trocken,"5,20021E+18","Rad, PKW"
76946,5,3,15,0,2020,Februar,19,Freitag,Unfall mit Leichtverletzten,Zusammenstoß zwischen Fahrzeug und Fußgänger,Überschreiten-Unfall,Dunkelheit,0,1,1,0,0,0,"364844,06","5643093,113",7.076948938,50.92362746,nass/feucht,"5,20021E+18","Fuss, PKW"
76984,5,3,15,0,2020,Februar,18,Donnerstag,Unfall mit Leichtverletzten,Zusammenstoß mit vorausfahrendem / wartendem Fahrzeug,Unfall im Längsverkehr,Dunkelheit,0,1,0,0,0,1,"362504,1411","5645083,48",7.042925388,50.94096271,trocken,"5,20021E+18","PKW, Sonstige"
76986,5,3,15,0,2020,Februar,20,Donnerstag,Unfall mit Leichtverletzten,Zusammenstoß mit einbiegendem / kreuzendem Fahrzeug,Abbiegeunfall,Dunkelheit,0,1,0,0,0,0,"364847,6035","5639535,132",7.07831684,50.89165066,trocken,"5,20021E+18",PKW
76987,5,3,15,0,2020,Februar,8,Donnerstag,Unfall mit Leichtverletzten,Zusammenstoß mit einbiegendem / kreuzendem Fahrzeug,Abbiegeunfall,Tageslicht,1,1,0,0,0,0,"357415,3112","5644601,329",6.970728912,50.93539371,trocken,"5,20021E+18","Rad, PKW"
76988,5,3,15,0,2020,Februar,13,Samstag,Unfall mit Leichtverletzten,Zusammenstoß mit vorausfahrendem / wartendem Fahrzeug,Unfall im Längsverkehr,Tageslicht,0,1,0,0,0,0,"360767,3113","5649856,271",7.016393237,50.9834398,trocken,"5,20021E+18",PKW
76989,5,3,15,0,2020,Februar,18,Donnerstag,Unfall mit Leichtverletzten,Zusammenstoß mit einbiegendem / kreuzendem Fahrzeug,Einbiegen / Kreuzen-Unfall,Dunkelheit,1,1,0,0,0,0,"355355,7345","5651240,217",6.938797468,50.99454277,trocken,"5,20021E+18","Rad, PKW"
76990,5,3,15,0,2020,Februar,11,Donnerstag,Unfall mit Leichtverletzten,Zusammenstoß mit vorausfahrendem / wartendem Fahrzeug,Unfall im Längsverkehr,Tageslicht,0,1,0,0,0,0,"356852,6961","5645245,058",6.962474245,50.94103946,trocken,"5,20021E+18",PKW
76999,5,3,15,0,2020,Februar,9,Samstag,Unfall mit Schwerverletzten,Zusammenstoß mit seitlich in gleicher Richtung fahrendem Fahrzeug,Unfall im Längsverkehr,Tageslicht,0,1,0,0,1,1,"360956,4488","5642321,601",7.021963365,50.91576987,trocken,"5,20021E+18","PKW, Gkfz, Sonstige"
77002,5,3,15,0,2020,Februar,16,Freitag,Unfall mit Leichtverletzten,Zusammenstoß mit vorausfahrendem / wartendem Fahrzeug,Unfall im Längsverkehr,Dämmerung,0,1,0,0,0,0,"356046,8768","5654785,651",6.947233003,51.02657786,nass/feucht,"5,20021E+18",PKW
77015,5,3,15,0,2020,Februar,15,Freitag,Unfall mit Leichtverletzten,Zusammenstoß mit vorausfahrendem / wartendem Fahrzeug,Unfall im Längsverkehr,Tageslicht,0,1,0,0,0,0,"354792,8885","5646144,377",6.932817132,50.94860634,nass/feucht,"5,20021E+18",PKW
77054,5,3,15,0,2020,Februar,18,Freitag,Unfall mit Leichtverletzten,Zusammenstoß mit vorausfahrendem / wartendem Fahrzeug,Unfall im Längsverkehr,Dunkelheit,0,1,0,0,0,0,"360525,9765","5651181,315",7.01244851,50.99528969,nass/feucht,"5,20021E+18",PKW
77058,5,3,15,0,2020,Februar,14,Donnerstag,Unfall mit Schwerverletzten,Zusammenstoß mit vorausfahrendem / wartendem Fahrzeug,Unfall im Längsverkehr,Tageslicht,0,1,0,0,0,0,"349920,3755","5650619,957",6.861655712,50.98757723,trocken,"5,20021E+18",PKW
77066,5,3,15,0,2020,Februar,10,Freitag,Unfall mit Leichtverletzten,Unfall anderer Art,Fahrunfall,Tageslicht,1,0,0,0,0,0,"353326,096","5644044,381",6.912795877,50.92936313,nass/feucht,"5,20021E+18",Rad
77112,5,3,15,0,2020,Februar,7,Mittwoch,Unfall mit Leichtverletzten,Zusammenstoß mit vorausfahrendem / wartendem Fahrzeug,Unfall im Längsverkehr,Dunkelheit,0,1,0,0,0,1,"350076,1542","5650718,549",6.863832922,50.9885038,nass/feucht,"5,20021E+18","PKW, Sonstige"
77117,5,3,15,0,2020,Februar,17,Mittwoch,Unfall mit Leichtverletzten,Zusammenstoß mit vorausfahrendem / wartendem Fahrzeug,Unfall im Längsverkehr,Dämmerung,0,1,0,0,0,1,"360403,859","5645908,388",7.012733521,50.94787163,trocken,"5,20021E+18","PKW, Sonstige"
77119,5,3,15,0,2020,Februar,21,Mittwoch,Unfall mit Leichtverletzten,Zusammenstoß mit vorausfahrendem / wartendem Fahrzeug,Unfall im Längsverkehr,Dunkelheit,0,1,0,0,0,0,"364878,1225","5649401,644",7.075091872,50.98033337,nass/feucht,"5,20021E+18",PKW
77120,5,3,15,0,2020,Februar,20,Mittwoch,Unfall mit Schwerverletzten,Zusammenstoß mit vorausfahrendem / wartendem Fahrzeug,Unfall im Längsverkehr,Dunkelheit,0,1,0,0,1,0,"361998,2019","5648039,893",7.034607722,50.96741194,nass/feucht,"5,20021E+18","PKW, Gkfz"
77121,5,3,15,0,2020,Februar,10,Freitag,Unfall mit Leichtverletzten,Unfall anderer Art,Fahrunfall,Tageslicht,0,0,0,1,0,0,"363253,6756","5645364,084",7.053482094,50.94366286,nass/feucht,"5,20021E+18",Krad
77122,5,3,15,0,2020,Februar,17,Mittwoch,Unfall mit Leichtverletzten,Unfall anderer Art,Fahrunfall,Tageslicht,1,0,0,0,0,0,"352594,4622","5644921,17",6.902037384,50.93705596,trocken,"5,20021E+18",Rad
77146,5,3,15,0,2020,Februar,18,Samstag,Unfall mit Leichtverletzten,Zusammenstoß mit vorausfahrendem / wartendem Fahrzeug,Unfall im Längsverkehr,Dunkelheit,0,1,0,0,0,0,"364834,0353","5642583,605",7.076995224,50.91904589,trocken,"5,20021E+18",PKW
77157,5,3,15,0,2020,Februar,17,Samstag,Unfall mit Leichtverletzten,Zusammenstoß mit vorausfahrendem / wartendem Fahrzeug,Unfall im Längsverkehr,Dunkelheit,0,1,0,0,0,0,"352252,1574","5651760,832",6.894390828,50.99843284,trocken,"5,20021E+18",PKW
77176,5,3,15,0,2020,Februar,11,Dienstag,Unfall mit Leichtverletzten,Zusammenstoß mit einbiegendem / kreuzendem Fahrzeug,Abbiegeunfall,Tageslicht,1,1,0,0,0,0,"356328,709","5647699,453",6.954052432,50.96296639,trocken,"5,20022E+18","Rad, PKW"
77193,5,3,15,0,2020,Februar,2,Montag,Unfall mit Leichtverletzten,Zusammenstoß mit vorausfahrendem / wartendem Fahrzeug,Unfall im Längsverkehr,Dunkelheit,0,0,0,1,0,0,"361437,8963","5645316,768",7.02766962,50.94280408,trocken,"5,20022E+18",Krad
77222,5,3,15,0,2020,Februar,18,Sonntag,Unfall mit Leichtverletzten,Zusammenstoß mit vorausfahrendem / wartendem Fahrzeug,Unfall im Längsverkehr,Dunkelheit,0,1,0,0,0,0,"362873,1435","5637712,541",7.05094375,50.8748048,trocken,"5,20022E+18",PKW
77232,5,3,15,0,2020,Februar,15,Samstag,Unfall mit Leichtverletzten,Zusammenstoß mit seitlich in gleicher Richtung fahrendem Fahrzeug,Unfall im Längsverkehr,Tageslicht,0,1,0,0,1,0,"364697,2347","5642620,502",7.07503645,50.91934544,trocken,"5,20021E+18","PKW, Gkfz"
77233,5,3,15,0,2020,Februar,18,Dienstag,Unfall mit Leichtverletzten,Zusammenstoß mit anfahrendem/ anhaltendem/ruhendem Fahrzeug,Unfall im Längsverkehr,Dunkelheit,0,1,0,0,0,0,"350098,0252","5648824,542",6.864925396,50.97148942,nass/feucht,"5,20022E+18",PKW
77238,5,3,15,0,2020,Februar,18,Samstag,Unfall mit Leichtverletzten,Zusammenstoß mit einbiegendem / kreuzendem Fahrzeug,Einbiegen / Kreuzen-Unfall,Dunkelheit,1,1,0,0,0,0,"355536,0577","5641215,366",6.945342686,50.90449693,trocken,"5,20021E+18","Rad, PKW"
77282,5,3,15,0,2020,Februar,14,Sonntag,Unfall mit Leichtverletzten,Zusammenstoß mit anfahrendem/ anhaltendem/ruhendem Fahrzeug,Unfall im Längsverkehr,Tageslicht,0,1,0,0,0,0,"350435,3733","5659226,975",6.865437085,51.06505586,trocken,"5,20022E+18",PKW
77311,5,3,15,0,2020,Februar,10,Dienstag,Unfall mit Leichtverletzten,Zusammenstoß mit anfahrendem/ anhaltendem/ruhendem Fahrzeug,Fahrunfall,Tageslicht,0,1,0,0,0,0,"356815,4561","5644713,092",6.962153596,50.93624949,trocken,"5,20022E+18",PKW
77316,5,3,15,0,2020,Februar,21,Montag,Unfall mit Leichtverletzten,Zusammenstoß mit einbiegendem / kreuzendem Fahrzeug,Einbiegen / Kreuzen-Unfall,Dunkelheit,0,1,0,0,0,0,"365402,7874","5635734,829",7.087604921,50.85762441,nass/feucht,"5,20022E+18",PKW
77339,5,3,15,0,2020,Februar,11,Dienstag,Unfall mit Leichtverletzten,Zusammenstoß mit seitlich in gleicher Richtung fahrendem Fahrzeug,Unfall im Längsverkehr,Tageslicht,0,1,0,0,1,0,"356710,3483","5633234,396",6.965159161,50.83306446,trocken,"5,20022E+18","PKW, Gkfz"
77344,5,3,15,0,2020,Februar,17,Sonntag,Unfall mit Leichtverletzten,Zusammenstoß mit vorausfahrendem / wartendem Fahrzeug,Unfall im Längsverkehr,Tageslicht,0,1,0,0,0,1,"356861,7509","5645474,553",6.962512863,50.94310416,trocken,"5,20022E+18","PKW, Sonstige"
77356,5,3,15,0,2020,Februar,16,Dienstag,Unfall mit Leichtverletzten,Unfall anderer Art,Fahrunfall,Tageslicht,0,0,0,1,0,0,"355732,3731","5650540,357",6.944438881,50.98834786,nass/feucht,"5,20022E+18",Krad
77404,5,3,15,0,2020,Februar,19,Sonntag,Unfall mit Leichtverletzten,Zusammenstoß mit anfahrendem/ anhaltendem/ruhendem Fahrzeug,Unfall durch ruhenden Verkehr,Dunkelheit,0,1,1,0,0,0,"360424,2938","5647575,933",7.01238481,50.96286306,trocken,"5,20022E+18","Fuss, PKW"
77413,5,3,15,0,2020,Februar,17,Dienstag,Unfall mit Leichtverletzten,Zusammenstoß mit vorausfahrendem / wartendem Fahrzeug,Abbiegeunfall,Tageslicht,1,1,0,0,0,0,"355690,4958","5645890,663",6.94568729,50.94655168,nass/feucht,"5,20022E+18","Rad, PKW"
77445,5,3,15,0,2020,Februar,9,Mittwoch,Unfall mit Leichtverletzten,Zusammenstoß mit vorausfahrendem / wartendem Fahrzeug,Unfall im Längsverkehr,Tageslicht,0,1,0,0,0,0,"366090,9568","5635295,354",7.097537616,50.85383429,trocken,"5,20022E+18",PKW
77460,5,3,15,0,2020,Februar,11,Sonntag,Unfall mit Leichtverletzten,Zusammenstoß mit anfahrendem/ anhaltendem/ruhendem Fahrzeug,Unfall im Längsverkehr,Tageslicht,0,1,0,0,0,0,"355225,0243","5646661,992",6.938758975,50.95336672,trocken,"5,20022E+18",PKW
77493,5,3,15,0,2020,Februar,7,Freitag,Unfall mit Leichtverletzten,Zusammenstoß mit seitlich in gleicher Richtung fahrendem Fahrzeug,Unfall im Längsverkehr,Tageslicht,0,1,0,0,0,1,"348327,3862","5643074,724",6.842119435,50.91935691,trocken,"5,20022E+18","PKW, Sonstige"
77498,5,3,15,0,2020,Februar,10,Samstag,Unfall mit Leichtverletzten,Zusammenstoß mit vorausfahrendem / wartendem Fahrzeug,Unfall im Längsverkehr,Tageslicht,0,1,0,0,0,0,"351110,8134","5652791,511",6.877714274,51.00740067,trocken,"5,20022E+18",PKW
77499,5,3,15,0,2020,Februar,18,Freitag,Unfall mit Leichtverletzten,Unfall anderer Art,Überschreiten-Unfall,Dunkelheit,0,0,1,0,0,1,"354300,7988","5644199,332",6.926594452,50.93100265,trocken,"5,20022E+18","Fuss, Sonstige"
77510,5,3,15,0,2020,Februar,18,Sonntag,Unfall mit Leichtverletzten,Zusammenstoß mit vorausfahrendem / wartendem Fahrzeug,Unfall im Längsverkehr,Dunkelheit,0,1,0,0,0,0,"350178,759","5650774,063",6.865270892,50.98902938,nass/feucht,"5,20022E+18",PKW
77513,5,3,15,0,2020,Februar,10,Donnerstag,Unfall mit Schwerverletzten,Unfall anderer Art,Fahrunfall,Tageslicht,0,0,0,1,0,0,"357537,5857","5639276,162",6.97454694,50.8875666,trocken,"5,20022E+18",Krad
77516,5,3,15,0,2020,Februar,8,Donnerstag,Unfall mit Leichtverletzten,Unfall anderer Art,Sonstiger Unfall,Tageslicht,0,0,0,1,0,0,"366020,534","5646065,492",7.092585354,50.95061646,nass/feucht,"5,20022E+18",Krad
77530,5,3,15,0,2020,Februar,18,Donnerstag,Unfall mit Leichtverletzten,Zusammenstoß mit vorausfahrendem / wartendem Fahrzeug,Unfall im Längsverkehr,Dunkelheit,0,1,0,0,0,0,"361184,6989","5646106,933",7.023766642,50.94984456,trocken,"5,20022E+18",PKW
77537,5,3,15,0,2020,Februar,8,Donnerstag,Unfall mit Leichtverletzten,Zusammenstoß mit seitlich in gleicher Richtung fahrendem Fahrzeug,Unfall im Längsverkehr,Tageslicht,0,1,0,0,0,0,"358330,6156","5645578,448",6.983366942,50.94440066,nass/feucht,"5,20022E+18",PKW
77542,5,3,15,0,2020,Februar,6,Donnerstag,Unfall mit Schwerverletzten,Unfall anderer Art,Sonstiger Unfall,Dunkelheit,0,1,0,0,0,0,"348144,6111","5648410,676",6.837296507,50.96725867,nass/feucht,"5,20022E+18",PKW
77545,5,3,15,0,2020,Februar,13,Donnerstag,Unfall mit Schwerverletzten,Zusammenstoß mit anfahrendem/ anhaltendem/ruhendem Fahrzeug,Unfall im Längsverkehr,Tageslicht,0,1,0,0,0,1,"353032,7947","5644774,687",6.908330619,50.93585145,trocken,"5,20022E+18","PKW, Sonstige"
77549,5,3,15,0,2020,Februar,20,Donnerstag,Unfall mit Leichtverletzten,Zusammenstoß mit seitlich in gleicher Richtung fahrendem Fahrzeug,Unfall im Längsverkehr,Dunkelheit,0,1,0,0,0,0,"355611,7176","5644713,626",6.945033141,50.93595416,trocken,"5,20022E+18",PKW
77552,5,3,15,0,2020,Februar,15,Donnerstag,Unfall mit Leichtverletzten,Unfall anderer Art,Abbiegeunfall,Tageslicht,1,1,0,0,0,0,"356049,2481","5644640,27",6.95128489,50.9354043,trocken,"5,20022E+18","Rad, PKW"
77563,5,3,15,0,2020,Februar,20,Freitag,Unfall mit Schwerverletzten,Zusammenstoß mit seitlich in gleicher Richtung fahrendem Fahrzeug,Unfall im Längsverkehr,Dunkelheit,1,1,0,0,0,0,"356385,9789","5647206,316",6.955062053,50.95854892,nass/feucht,"5,20022E+18","Rad, PKW"
77570,5,3,15,0,2020,Februar,16,Donnerstag,Unfall mit Leichtverletzten,Zusammenstoß mit vorausfahrendem / wartendem Fahrzeug,Unfall im Längsverkehr,Tageslicht,0,1,0,0,0,0,"358493,9521","5640312,858",6.987733469,50.89711857,trocken,"5,20022E+18",PKW
77579,5,3,15,0,2020,Februar,11,Samstag,Unfall mit Leichtverletzten,Zusammenstoß mit vorausfahrendem / wartendem Fahrzeug,Unfall im Längsverkehr,Tageslicht,0,1,0,0,0,0,"363084,69","5644111,202",7.051548958,50.9323626,trocken,"5,20022E+18",PKW
77580,5,3,15,0,2020,Februar,22,Freitag,Unfall mit Schwerverletzten,Zusammenstoß mit seitlich in gleicher Richtung fahrendem Fahrzeug,Sonstiger Unfall,Dunkelheit,0,1,0,0,0,0,"354542,5003","5645717,554",6.929425546,50.94470748,nass/feucht,"5,20022E+18",PKW
77584,5,3,15,0,2020,Februar,11,Samstag,Unfall mit Schwerverletzten,Zusammenstoß mit vorausfahrendem / wartendem Fahrzeug,Unfall im Längsverkehr,Tageslicht,0,1,0,0,0,0,"365852,8071","5639235,481",7.092710999,50.88919184,trocken,"5,20022E+18",PKW
77592,5,3,15,0,2020,Februar,6,Samstag,Unfall mit Leichtverletzten,Zusammenstoß mit einbiegendem / kreuzendem Fahrzeug,Einbiegen / Kreuzen-Unfall,Dämmerung,1,1,0,0,0,0,"366110,44","5635847,515",7.097612291,50.85880148,trocken,"5,20022E+18","Rad, PKW"
77631,5,3,15,0,2020,Februar,21,Freitag,Unfall mit Leichtverletzten,Abkommen von Fahrbahn nach links,Fahrunfall,Dunkelheit,1,0,0,0,0,0,"353237,882","5645254,866",6.911053977,50.94021886,nass/feucht,"5,20022E+18",Rad
77647,5,3,15,0,2020,Februar,13,Freitag,Unfall mit Leichtverletzten,Unfall anderer Art,Sonstiger Unfall,Tageslicht,1,0,0,0,0,0,"356802,3352","5644141,653",6.96219151,50.93111076,trocken,"5,20022E+18",Rad
77697,5,3,15,0,2020,Februar,22,Freitag,Unfall mit Leichtverletzten,Abkommen von Fahrbahn nach links,Sonstiger Unfall,Dunkelheit,0,1,0,0,0,0,"364382,406","5638412,728",7.072122913,50.88145393,nass/feucht,"5,20022E+18",PKW
77704,5,3,15,0,2020,Februar,18,Sonntag,Unfall mit Leichtverletzten,Zusammenstoß mit vorausfahrendem / wartendem Fahrzeug,Unfall im Längsverkehr,Dunkelheit,0,1,0,0,0,1,"350270,7845","5650819,81",6.866562291,50.98946442,nass/feucht,"5,20022E+18","PKW, Sonstige"