OBJECTID,ULAND,UREGBEZ,UKREIS,UGEMEINDE,UJAHR,UMONAT,USTUNDE,UWOCHENTAG,UKATEGORIE,UART,UTYP1,ULICHTVERH,IstRad,IstPKW,IstFuss,IstKrad,IstGkfz,IstSonstige,LINREFX,LINREFY,XGCSWGS84,YGCSWGS84,USTRZUSTAND,UIDENTSTLAE,Participants
77715,5,3,15,0,2020,Februar,14,Freitag,Unfall mit Leichtverletzten,Zusammenstoß mit einbiegendem / kreuzendem Fahrzeug,Einbiegen / Kreuzen-Unfall,Tageslicht,0,0,0,1,0,1,"353045,177","5643884,85",6.908865486,50.92785798,trocken,"5,20022E+18","Krad, Sonstige"
77732,5,3,15,0,2020,Februar,16,Mittwoch,Unfall mit Leichtverletzten,Zusammenstoß mit vorausfahrendem / wartendem Fahrzeug,Unfall im Längsverkehr,Tageslicht,0,1,0,0,0,0,"354399,1022","5653637,709",6.924213113,51.01584681,trocken,"5,20022E+18",PKW
77735,5,3,15,0,2020,Februar,10,Mittwoch,Unfall mit Leichtverletzten,Zusammenstoß zwischen Fahrzeug und Fußgänger,Überschreiten-Unfall,Tageslicht,1,0,1,0,0,0,"365187,1282","5642530,676",7.082035223,50.91865279,trocken,"5,20022E+18","Rad, Fuss"
77742,5,3,15,0,2020,Februar,20,Mittwoch,Unfall mit Leichtverletzten,Zusammenstoß mit vorausfahrendem / wartendem Fahrzeug,Unfall im Längsverkehr,Dunkelheit,0,1,0,0,0,0,"361000,1499","5645851,729",7.021238418,50.94750652,trocken,"5,20022E+18",PKW
77759,5,3,15,0,2020,Februar,22,Freitag,Unfall mit Leichtverletzten,Zusammenstoß zwischen Fahrzeug und Fußgänger,Unfall im Längsverkehr,Dunkelheit,0,0,1,0,0,1,"353849,8832","5646644,169",6.919201231,50.95285949,nass/feucht,"5,20022E+18","Fuss, Sonstige"
77772,5,3,15,0,2020,Februar,11,Samstag,Unfall mit Leichtverletzten,Zusammenstoß mit einbiegendem / kreuzendem Fahrzeug,Einbiegen / Kreuzen-Unfall,Tageslicht,0,1,0,0,0,0,"365902,3796","5645749,555",7.091020586,50.94774947,trocken,"5,20022E+18",PKW
77773,5,3,15,0,2020,Februar,20,Freitag,Unfall mit Leichtverletzten,Abkommen von Fahrbahn nach rechts,Fahrunfall,Dunkelheit,0,1,0,0,0,0,"354468,9384","5645756,931",6.928363397,50.94504279,nass/feucht,"5,20022E+18",PKW
77821,5,3,15,0,2020,Februar,10,Dienstag,Unfall mit Leichtverletzten,Unfall anderer Art,Fahrunfall,Tageslicht,0,0,0,1,0,0,"355226,06","5646662,966",6.938773323,50.95337573,nass/feucht,"5,20022E+18",Krad
77822,5,3,15,0,2020,Februar,2,Dienstag,Unfall mit Leichtverletzten,Unfall anderer Art,Fahrunfall,Dunkelheit,0,0,0,0,0,1,"354674,8468","5643121,351",6.932343381,50.92140946,nass/feucht,"5,20022E+18",Sonstige
77824,5,3,15,0,2020,Februar,14,Mittwoch,Unfall mit Leichtverletzten,Zusammenstoß mit entgegenkommendem Fahrzeug,Abbiegeunfall,Tageslicht,0,1,0,0,0,0,"349405,6789","5658086,069",6.851227314,51.05453439,trocken,"5,20023E+18",PKW
77825,5,3,15,0,2020,Februar,16,Mittwoch,Unfall mit Leichtverletzten,Zusammenstoß mit einbiegendem / kreuzendem Fahrzeug,Abbiegeunfall,Tageslicht,0,1,0,0,0,1,"356435,821","5647024,469",6.955843009,50.95692712,trocken,"5,20023E+18","PKW, Sonstige"
77826,5,3,15,0,2020,Februar,16,Dienstag,Unfall mit Getöteten,Zusammenstoß zwischen Fahrzeug und Fußgänger,Sonstiger Unfall,Tageslicht,0,0,1,0,0,1,"355430,7133","5643903,014",6.942780349,50.92862401,trocken,"5,20022E+18","Fuss, Sonstige"
77915,5,3,15,0,2020,Februar,23,Donnerstag,Unfall mit Schwerverletzten,Zusammenstoß mit seitlich in gleicher Richtung fahrendem Fahrzeug,Fahrunfall,Dunkelheit,0,1,0,0,0,0,"348927,4866","5645923,6",6.849469949,50.94511509,trocken,"5,20023E+18",PKW
77917,5,3,15,0,2020,Februar,7,Donnerstag,Unfall mit Leichtverletzten,Zusammenstoß mit einbiegendem / kreuzendem Fahrzeug,Einbiegen / Kreuzen-Unfall,Tageslicht,0,1,0,0,0,1,"360597,4352","5650773,617",7.013622646,50.99164298,nass/feucht,"5,20023E+18","PKW, Sonstige"
77990,5,3,15,0,2020,Februar,11,Donnerstag,Unfall mit Leichtverletzten,Zusammenstoß mit vorausfahrendem / wartendem Fahrzeug,Unfall im Längsverkehr,Tageslicht,0,1,0,0,0,0,"354365,2712","5642588,307",6.928154704,50.91654108,nass/feucht,"5,20023E+18",PKW
77992,5,3,15,0,2020,Februar,17,Donnerstag,Unfall mit Leichtverletzten,Zusammenstoß mit vorausfahrendem / wartendem Fahrzeug,Unfall im Längsverkehr,Tageslicht,0,1,0,0,0,0,"361878,8528","5647365,722",7.033165001,50.96132439,trocken,"5,20023E+18",PKW
78059,5,3,15,0,2020,Februar,18,Donnerstag,Unfall mit Leichtverletzten,Zusammenstoß mit entgegenkommendem Fahrzeug,Abbiegeunfall,Dunkelheit,0,1,0,0,0,1,"359593,502","5650557,034",6.999410392,50.98945251,nass/feucht,"5,20023E+18","PKW, Sonstige"
78096,5,3,15,0,2020,Februar,22,Sonntag,Unfall mit Leichtverletzten,Unfall anderer Art,Fahrunfall,Dunkelheit,0,0,0,0,0,1,"353099,9182","5645055,727",6.909171953,50.93839415,nass/feucht,"5,20022E+18",Sonstige
78124,5,3,15,0,2020,Februar,12,Donnerstag,Unfall mit Leichtverletzten,Zusammenstoß mit einbiegendem / kreuzendem Fahrzeug,Sonstiger Unfall,Tageslicht,0,1,0,0,0,1,"353181,832","5641537,035",6.911753605,50.9067938,nass/feucht,"5,20023E+18","PKW, Sonstige"
78138,5,3,15,0,2020,März,18,Montag,Unfall mit Leichtverletzten,Zusammenstoß mit entgegenkommendem Fahrzeug,Abbiegeunfall,Dunkelheit,0,1,0,0,0,0,"363801,5399","5641071,257",7.062879363,50.90521089,nass/feucht,"5,2003E+18",PKW
78173,5,3,15,0,2020,Februar,16,Sonntag,Unfall mit Leichtverletzten,Abkommen von Fahrbahn nach rechts,Sonstiger Unfall,Tageslicht,0,1,0,0,0,0,"354260,5516","5645177,133",6.925631056,50.93977968,trocken,"5,20023E+18",PKW
78195,5,3,15,0,2020,März,9,Dienstag,Unfall mit Leichtverletzten,Zusammenstoß mit seitlich in gleicher Richtung fahrendem Fahrzeug,Unfall im Längsverkehr,Tageslicht,0,1,0,1,0,0,"356869,2988","5644440,489",6.963026453,50.93381299,trocken,"5,2003E+18","Krad, PKW"
78254,5,3,15,0,2020,Februar,9,Samstag,Unfall mit Leichtverletzten,Zusammenstoß mit seitlich in gleicher Richtung fahrendem Fahrzeug,Unfall im Längsverkehr,Tageslicht,0,1,0,0,0,0,"358995,2239","5645987,734",6.992662806,50.94824188,trocken,"5,20023E+18",PKW
78268,5,3,15,0,2020,Februar,5,Freitag,Unfall mit Leichtverletzten,Zusammenstoß zwischen Fahrzeug und Fußgänger,Überschreiten-Unfall,Dunkelheit,0,1,1,0,0,0,"354896,9584","5647927,778",6.933586671,50.96465947,trocken,"5,20023E+18","Fuss, PKW"
78276,5,3,15,0,2020,Februar,15,Sonntag,Unfall mit Leichtverletzten,Unfall anderer Art,Fahrunfall,Tageslicht,1,0,0,0,0,0,"353924,8463","5646746,391",6.920226742,50.95379712,nass/feucht,"5,20023E+18",Rad
78277,5,3,15,0,2020,Februar,19,Freitag,Unfall mit Leichtverletzten,Zusammenstoß zwischen Fahrzeug und Fußgänger,Überschreiten-Unfall,Dunkelheit,1,0,1,0,0,0,"352976,9246","5646966,756",6.906651121,50.95553641,nass/feucht,"5,20023E+18","Rad, Fuss"
78281,5,3,15,0,2020,Februar,9,Freitag,Unfall mit Leichtverletzten,Unfall anderer Art,Einbiegen / Kreuzen-Unfall,Tageslicht,0,1,0,0,0,1,"356125,7775","5644637,53",6.952374398,50.93539877,nass/feucht,"5,20023E+18","PKW, Sonstige"
78282,5,3,15,0,2020,Februar,10,Samstag,Unfall mit Leichtverletzten,Zusammenstoß mit vorausfahrendem / wartendem Fahrzeug,Sonstiger Unfall,Tageslicht,0,1,0,0,0,0,"351285,2225","5645232,049",6.88329016,50.93951352,trocken,"5,20023E+18",PKW
78293,5,3,15,0,2020,Februar,7,Samstag,Unfall mit Leichtverletzten,Zusammenstoß mit entgegenkommendem Fahrzeug,Unfall im Längsverkehr,Dämmerung,0,1,0,0,0,0,"349489,6065","5643324,195",6.858539264,50.92190305,winterglatt,"5,20023E+18",PKW
78299,5,3,15,0,2020,Februar,7,Samstag,Unfall mit Schwerverletzten,Unfall anderer Art,Fahrunfall,Tageslicht,1,0,0,0,0,0,"353044,6496","5643883,316",6.908858605,50.92784407,winterglatt,"5,20023E+18",Rad
78302,5,3,15,0,2020,März,16,Montag,Unfall mit Leichtverletzten,Abkommen von Fahrbahn nach rechts,Fahrunfall,Tageslicht,0,0,0,1,0,0,"363923,329","5636070,941",7.066472112,50.86029902,trocken,"5,2003E+18",Krad
78315,5,3,15,0,2020,Februar,12,Samstag,Unfall mit Leichtverletzten,Zusammenstoß mit seitlich in gleicher Richtung fahrendem Fahrzeug,Unfall im Längsverkehr,Tageslicht,0,1,0,0,1,0,"356219,6555","5635071,581",6.957474616,50.84945361,trocken,"5,20023E+18","PKW, Gkfz"
78362,5,3,15,0,2020,März,22,Dienstag,Unfall mit Leichtverletzten,Zusammenstoß mit einbiegendem / kreuzendem Fahrzeug,Einbiegen / Kreuzen-Unfall,Dunkelheit,0,1,0,0,1,0,"353658,548","5646362,171",6.916592388,50.95027672,nass/feucht,"5,2003E+18","PKW, Gkfz"
78383,5,3,15,0,2020,März,21,Montag,Unfall mit Schwerverletzten,Zusammenstoß mit einbiegendem / kreuzendem Fahrzeug,Einbiegen / Kreuzen-Unfall,Dunkelheit,0,1,0,0,0,0,"354872,787","5644677,646",6.93453813,50.93544534,nass/feucht,"5,2003E+18",PKW
78420,5,3,15,0,2020,Februar,18,Samstag,Unfall mit Leichtverletzten,Zusammenstoß mit entgegenkommendem Fahrzeug,Abbiegeunfall,Dunkelheit,0,1,0,0,0,0,"362248,8234","5651272,312",7.036949624,50.99652248,nass/feucht,"5,20023E+18",PKW
78443,5,3,15,0,2020,Februar,17,Sonntag,Unfall mit Leichtverletzten,Zusammenstoß mit einbiegendem / kreuzendem Fahrzeug,Einbiegen / Kreuzen-Unfall,Tageslicht,1,1,0,0,0,0,"354337,2473","5645497,532",6.926593821,50.94267839,nass/feucht,"5,20023E+18","Rad, PKW"
78499,5,3,15,0,2020,Februar,19,Samstag,Unfall mit Leichtverletzten,Zusammenstoß zwischen Fahrzeug und Fußgänger,Abbiegeunfall,Dunkelheit,0,1,1,0,0,0,"355928,3162","5650058,548",6.947419847,50.98406705,nass/feucht,"5,20023E+18","Fuss, PKW"
78520,5,3,15,0,2020,Februar,12,Sonntag,Unfall mit Schwerverletzten,Unfall anderer Art,Unfall durch ruhenden Verkehr,Tageslicht,1,1,0,0,0,0,"353746,2633","5642479,97",6.919398129,50.91541094,trocken,"5,20023E+18","Rad, PKW"
78524,5,3,15,0,2020,März,22,Dienstag,Unfall mit Leichtverletzten,Zusammenstoß mit vorausfahrendem / wartendem Fahrzeug,Unfall im Längsverkehr,Dunkelheit,0,1,0,0,0,1,"354680,5612","5646006,625",6.931274116,50.9473401,nass/feucht,"5,2003E+18","PKW, Sonstige"
78537,5,3,15,0,2020,März,16,Mittwoch,Unfall mit Leichtverletzten,Zusammenstoß mit einbiegendem / kreuzendem Fahrzeug,Einbiegen / Kreuzen-Unfall,Tageslicht,1,1,0,0,0,0,"350401,0871","5659192,011",6.864962582,51.06473273,trocken,"5,2003E+18","Rad, PKW"
78545,5,3,15,0,2020,März,15,Freitag,Unfall mit Leichtverletzten,Zusammenstoß mit vorausfahrendem / wartendem Fahrzeug,Unfall im Längsverkehr,Tageslicht,0,1,0,0,0,0,"352223,082","5650920,863",6.894318539,50.99087705,nass/feucht,"5,20031E+18",PKW
78546,5,3,15,0,2020,März,10,Mittwoch,Unfall mit Leichtverletzten,Zusammenstoß mit seitlich in gleicher Richtung fahrendem Fahrzeug,Abbiegeunfall,Tageslicht,1,0,0,0,0,1,"352214,764","5644945,507",6.896627313,50.93717748,nass/feucht,"5,2003E+18","Rad, Sonstige"
78549,5,3,15,0,2020,März,11,Mittwoch,Unfall mit Schwerverletzten,Zusammenstoß mit anfahrendem/ anhaltendem/ruhendem Fahrzeug,Fahrunfall,Tageslicht,0,1,0,0,0,1,"353346,491","5644888,749",6.912746137,50.93695634,trocken,"5,2003E+18","PKW, Sonstige"
78553,5,3,15,0,2020,März,2,Montag,Unfall mit Leichtverletzten,Unfall anderer Art,Fahrunfall,Dunkelheit,0,0,0,0,0,1,"356903,2004","5644719,448",6.96339906,50.93632839,trocken,"5,20031E+18",Sonstige
78554,5,3,15,0,2020,März,16,Mittwoch,Unfall mit Leichtverletzten,Zusammenstoß mit seitlich in gleicher Richtung fahrendem Fahrzeug,Unfall im Längsverkehr,Tageslicht,0,1,0,0,0,0,"353828,6194","5646579,596",6.91892463,50.95227379,nass/feucht,"5,2003E+18",PKW
78558,5,3,15,0,2020,März,17,Donnerstag,Unfall mit Leichtverletzten,Zusammenstoß mit seitlich in gleicher Richtung fahrendem Fahrzeug,Unfall durch ruhenden Verkehr,Dämmerung,1,1,0,0,0,0,"356392,6672","5643135,131",6.956762039,50.9219634,nass/feucht,"5,2003E+18","Rad, PKW"
78559,5,3,15,0,2020,März,13,Samstag,Unfall mit Leichtverletzten,Unfall anderer Art,Abbiegeunfall,Tageslicht,1,1,0,0,0,0,"361257,0066","5645535,945",7.025012934,50.94473037,trocken,"5,20031E+18","Rad, PKW"
78560,5,3,15,0,2020,März,0,Freitag,Unfall mit Leichtverletzten,Zusammenstoß mit vorausfahrendem / wartendem Fahrzeug,Abbiegeunfall,Dunkelheit,0,1,0,0,0,1,"352475,0577","5644949,274",6.900327789,50.93727798,nass/feucht,"5,20031E+18","PKW, Sonstige"
78566,5,3,15,0,2020,März,20,Freitag,Unfall mit Leichtverletzten,Unfall anderer Art,Unfall durch ruhenden Verkehr,Dunkelheit,1,1,0,0,0,0,"355667,2849","5650696,324",6.943450163,50.98973318,nass/feucht,"5,20031E+18","Rad, PKW"
78569,5,3,15,0,2020,März,19,Mittwoch,Unfall mit Leichtverletzten,Unfall anderer Art,Fahrunfall,Dunkelheit,1,0,0,0,0,0,"354191,8324","5644856,031",6.924782133,50.93687667,nass/feucht,"5,2003E+18",Rad
78574,5,3,15,0,2020,März,20,Mittwoch,Unfall mit Schwerverletzten,Abkommen von Fahrbahn nach links,Sonstiger Unfall,Dunkelheit,0,1,0,0,0,0,"358326,4455","5639794,297",6.985554174,50.89241715,nass/feucht,"5,2003E+18",PKW
78583,5,3,15,0,2020,März,11,Mittwoch,Unfall mit Leichtverletzten,Unfall anderer Art,Unfall durch ruhenden Verkehr,Tageslicht,0,1,0,0,0,1,"355029,4924","5644790,689",6.936721854,50.93650064,trocken,"5,2003E+18","PKW, Sonstige"
78589,5,3,15,0,2020,März,18,Mittwoch,Unfall mit Leichtverletzten,Zusammenstoß mit einbiegendem / kreuzendem Fahrzeug,Einbiegen / Kreuzen-Unfall,Dunkelheit,1,1,0,0,0,0,"356377,1073","5643159,53",6.956531195,50.9221788,nass/feucht,"5,2003E+18","Rad, PKW"
78617,5,3,15,0,2020,März,20,Sonntag,Unfall mit Schwerverletzten,Zusammenstoß mit vorausfahrendem / wartendem Fahrzeug,Fahrunfall,Dunkelheit,0,1,0,0,0,0,"362205,6593","5641645,194",7.039978937,50.90999038,trocken,"5,20031E+18",PKW
78653,5,3,15,0,2020,März,22,Freitag,Unfall mit Leichtverletzten,Unfall anderer Art,Fahrunfall,Dunkelheit,1,0,0,0,0,0,"353686,9721","5646331,15",6.917009231,50.95000516,nass/feucht,"5,20031E+18",Rad
78671,5,3,15,0,2020,März,15,Freitag,Unfall mit Leichtverletzten,Zusammenstoß mit anfahrendem/ anhaltendem/ruhendem Fahrzeug,Unfall im Längsverkehr,Tageslicht,0,1,0,0,0,0,"354337,5937","5642548,639",6.927777069,50.91617761,nass/feucht,"5,20031E+18",PKW
78703,5,3,15,0,2020,März,14,Sonntag,Unfall mit Leichtverletzten,Zusammenstoß mit vorausfahrendem / wartendem Fahrzeug,Unfall im Längsverkehr,Tageslicht,0,1,0,0,0,0,"348615,3013","5649899,562",6.843375058,50.98076193,trocken,"5,20031E+18",PKW
78717,5,3,15,0,2020,März,14,Freitag,Unfall mit Leichtverletzten,Unfall anderer Art,Sonstiger Unfall,Tageslicht,1,0,0,0,0,0,"360301,9611","5644692,664",7.011750095,50.93692103,nass/feucht,"5,20031E+18",Rad
78729,5,3,15,0,2020,März,12,Samstag,Unfall mit Leichtverletzten,Zusammenstoß mit vorausfahrendem / wartendem Fahrzeug,Unfall im Längsverkehr,Tageslicht,0,1,0,0,0,1,"351177,4439","5652682,698",6.878707957,51.00644009,trocken,"5,20031E+18","PKW, Sonstige"
78732,5,3,15,0,2020,März,10,Freitag,Unfall mit Leichtverletzten,Zusammenstoß mit seitlich in gleicher Richtung fahrendem Fahrzeug,Unfall im Längsverkehr,Tageslicht,0,1,0,0,1,0,"363627,5398","5642995,339",7.059686945,50.92246245,trocken,"5,20031E+18","PKW, Gkfz"
78735,5,3,15,0,2020,März,16,Donnerstag,Unfall mit Leichtverletzten,Zusammenstoß mit einbiegendem / kreuzendem Fahrzeug,Einbiegen / Kreuzen-Unfall,Tageslicht,1,1,0,0,0,0,"355717,758","5640051,248",6.948385132,50.89408058,nass/feucht,"5,2003E+18","Rad, PKW"
78736,5,3,15,0,2020,März,10,Samstag,Unfall mit Leichtverletzten,Zusammenstoß mit einbiegendem / kreuzendem Fahrzeug,Einbiegen / Kreuzen-Unfall,Tageslicht,0,1,0,0,0,1,"363961,831","5645537,334",7.063491462,50.94538746,nass/feucht,"5,20031E+18","PKW, Sonstige"
78738,5,3,15,0,2020,März,16,Freitag,Unfall mit Leichtverletzten,Zusammenstoß mit einbiegendem / kreuzendem Fahrzeug,Einbiegen / Kreuzen-Unfall,Tageslicht,1,1,0,0,0,0,"354250,6299","5645184,43",6.925487016,50.93984275,nass/feucht,"5,20031E+18","Rad, PKW"
78809,5,3,15,0,2020,März,15,Freitag,Unfall mit Leichtverletzten,Zusammenstoß mit vorausfahrendem / wartendem Fahrzeug,Unfall im Längsverkehr,Tageslicht,0,1,0,0,0,0,"363240,5559","5641337,31",7.054805833,50.90746942,nass/feucht,"5,20031E+18",PKW
78822,5,3,15,0,2020,März,7,Donnerstag,Unfall mit Leichtverletzten,Zusammenstoß mit einbiegendem / kreuzendem Fahrzeug,Einbiegen / Kreuzen-Unfall,Tageslicht,0,1,0,0,0,0,"356929,04","5645726,489",6.963371074,50.94538498,nass/feucht,"5,2003E+18",PKW
78823,5,3,15,0,2020,März,9,Samstag,Unfall mit Leichtverletzten,Zusammenstoß mit anfahrendem/ anhaltendem/ruhendem Fahrzeug,Unfall im Längsverkehr,Tageslicht,0,1,0,0,0,0,"353645,5892","5642561,039",6.91793443,50.91611396,nass/feucht,"5,20031E+18",PKW
78831,5,3,15,0,2020,März,11,Freitag,Unfall mit Leichtverletzten,Zusammenstoß mit vorausfahrendem / wartendem Fahrzeug,Abbiegeunfall,Tageslicht,0,1,0,0,0,0,"353522,7843","5651903,025",6.912428723,51.00003551,nass/feucht,"5,20031E+18",PKW
78851,5,3,15,0,2020,März,15,Freitag,Unfall mit Leichtverletzten,Zusammenstoß mit entgegenkommendem Fahrzeug,Abbiegeunfall,Tageslicht,0,1,0,0,0,0,"352077,976","5642447,609",6.895695252,50.91469494,nass/feucht,"5,20031E+18",PKW
78869,5,3,15,0,2020,März,17,Mittwoch,Unfall mit Leichtverletzten,Zusammenstoß mit vorausfahrendem / wartendem Fahrzeug,Unfall im Längsverkehr,Tageslicht,0,1,0,0,0,0,"363223,369","5643884,264",7.053606449,50.93035593,nass/feucht,"5,2003E+18",PKW
78877,5,3,15,0,2020,März,7,Mittwoch,Unfall mit Leichtverletzten,Zusammenstoß mit vorausfahrendem / wartendem Fahrzeug,Unfall im Längsverkehr,Tageslicht,0,1,0,0,0,0,"363616,5904","5645450,566",7.058612453,50.94452607,nass/feucht,"5,2003E+18",PKW
78888,5,3,15,0,2020,März,19,Mittwoch,Unfall mit Schwerverletzten,Zusammenstoß mit seitlich in gleicher Richtung fahrendem Fahrzeug,Sonstiger Unfall,Dunkelheit,0,1,0,0,0,0,"353270,2302","5652570,399",6.90856217,51.00596852,trocken,"5,2003E+18",PKW
78891,5,3,15,0,2020,März,13,Mittwoch,Unfall mit Leichtverletzten,Zusammenstoß mit seitlich in gleicher Richtung fahrendem Fahrzeug,Abbiegeunfall,Tageslicht,1,1,0,0,0,0,"360202,611","5641361,877",7.011613809,50.90696251,trocken,"5,2003E+18","Rad, PKW"
78895,5,3,15,0,2020,März,11,Freitag,Unfall mit Leichtverletzten,Zusammenstoß mit einbiegendem / kreuzendem Fahrzeug,Einbiegen / Kreuzen-Unfall,Tageslicht,0,1,0,0,0,0,"365499,2902","5635758,493",7.088966549,50.85785955,nass/feucht,"5,20031E+18",PKW
78913,5,3,15,0,2020,März,11,Donnerstag,Unfall mit Schwerverletzten,Unfall anderer Art,Sonstiger Unfall,Tageslicht,0,0,0,1,0,0,"359445,0071","5651575,833",6.996901663,50.99857223,trocken,"5,2003E+18",Krad
78914,5,3,15,0,2020,März,15,Samstag,Unfall mit Leichtverletzten,Unfall anderer Art,Unfall durch ruhenden Verkehr,Tageslicht,1,1,0,0,0,0,"359748,3643","5644837,273",7.003820478,50.93808628,nass/feucht,"5,20031E+18","Rad, PKW"
78915,5,3,15,0,2020,März,22,Freitag,Unfall mit Leichtverletzten,Zusammenstoß mit einbiegendem / kreuzendem Fahrzeug,Einbiegen / Kreuzen-Unfall,Dunkelheit,0,1,0,0,0,1,"350587,6162","5649352,776",6.8716765,50.97636351,nass/feucht,"5,20031E+18","PKW, Sonstige"
78949,5,3,15,0,2020,März,10,Donnerstag,Unfall mit Leichtverletzten,Zusammenstoß mit vorausfahrendem / wartendem Fahrzeug,Unfall im Längsverkehr,Tageslicht,0,0,0,0,1,0,"351115,4195","5652761,601",6.877792152,51.00713309,trocken,"5,2003E+18",Gkfz
78960,5,3,15,0,2020,März,17,Mittwoch,Unfall mit Leichtverletzten,Zusammenstoß mit einbiegendem / kreuzendem Fahrzeug,Einbiegen / Kreuzen-Unfall,Tageslicht,1,1,0,0,0,0,"357492,361","5644945,25",6.971690246,50.93850355,nass/feucht,"5,2003E+18","Rad, PKW"
78973,5,3,15,0,2020,März,21,Sonntag,Unfall mit Leichtverletzten,Zusammenstoß mit vorausfahrendem / wartendem Fahrzeug,Unfall im Längsverkehr,Dunkelheit,0,1,0,0,0,0,"349082,5049","5649632,379",6.850136744,50.97848362,trocken,"5,20031E+18",PKW
78977,5,3,15,0,2020,März,9,Freitag,Unfall mit Schwerverletzten,Zusammenstoß mit vorausfahrendem / wartendem Fahrzeug,Unfall im Längsverkehr,Tageslicht,0,1,0,0,0,0,"358248,8712","5644582,397",6.98259165,50.93542905,trocken,"5,20031E+18",PKW
79017,5,3,15,0,2020,März,11,Donnerstag,Unfall mit Leichtverletzten,Zusammenstoß zwischen Fahrzeug und Fußgänger,Abbiegeunfall,Tageslicht,0,1,1,0,0,0,"360044,8841","5648318,102",7.006699814,50.96944097,nass/feucht,"5,20031E+18","Fuss, PKW"
79039,5,3,15,0,2020,März,18,Donnerstag,Unfall mit Leichtverletzten,Zusammenstoß zwischen Fahrzeug und Fußgänger,Überschreiten-Unfall,Dunkelheit,0,1,1,0,0,0,"359172,0949","5639023,473",6.997867634,50.88569642,nass/feucht,"5,20031E+18","Fuss, PKW"
79052,5,3,15,0,2020,März,10,Freitag,Unfall mit Leichtverletzten,Zusammenstoß mit seitlich in gleicher Richtung fahrendem Fahrzeug,Unfall im Längsverkehr,Tageslicht,1,0,0,0,0,0,"354034,1752","5644417,398",6.922715539,50.93289493,trocken,"5,20031E+18",Rad
79059,5,3,15,0,2020,März,13,Freitag,Unfall mit Leichtverletzten,Zusammenstoß mit seitlich in gleicher Richtung fahrendem Fahrzeug,Unfall im Längsverkehr,Tageslicht,0,1,0,1,0,0,"361449,6512","5645302,586",7.027842231,50.94267944,trocken,"5,20031E+18","Krad, PKW"
79064,5,3,15,0,2020,März,17,Mittwoch,Unfall mit Leichtverletzten,Aufprall auf Fahrbahnhindernis,Sonstiger Unfall,Tageslicht,0,1,0,0,0,0,"360053,1241","5635045,568",7.011906828,50.85015996,trocken,"5,20031E+18",PKW
79066,5,3,15,0,2020,März,13,Mittwoch,Unfall mit Leichtverletzten,Zusammenstoß mit seitlich in gleicher Richtung fahrendem Fahrzeug,Unfall im Längsverkehr,Tageslicht,0,1,0,0,0,0,"359723,4967","5647260,043",7.002533422,50.95985393,nass/feucht,"5,20031E+18",PKW
79068,5,3,15,0,2020,März,16,Freitag,Unfall mit Leichtverletzten,Zusammenstoß mit seitlich in gleicher Richtung fahrendem Fahrzeug,Unfall im Längsverkehr,Tageslicht,0,1,0,0,0,1,"352209,3905","5651404,023",6.893926995,50.99521542,trocken,"5,20031E+18","PKW, Sonstige"
79069,5,3,15,0,2020,März,23,Mittwoch,Unfall mit Leichtverletzten,Zusammenstoß zwischen Fahrzeug und Fußgänger,Überschreiten-Unfall,Dunkelheit,0,0,1,1,0,0,"350587,3204","5649351,46",6.87167283,50.97635161,nass/feucht,"5,20031E+18","Fuss, Krad"
79108,5,3,15,0,2020,März,10,Donnerstag,Unfall mit Leichtverletzten,Zusammenstoß mit vorausfahrendem / wartendem Fahrzeug,Unfall im Längsverkehr,Tageslicht,0,1,0,0,0,0,"356429,4104","5647046,505",6.955743101,50.95712356,nass/feucht,"5,20031E+18",PKW
79112,5,3,15,0,2020,März,0,Donnerstag,Unfall mit Schwerverletzten,Abkommen von Fahrbahn nach rechts,Fahrunfall,Dunkelheit,0,1,0,0,0,0,"362442,6058","5643832,26",7.042522372,50.92970287,nass/feucht,"5,20031E+18",PKW
79134,5,3,15,0,2020,März,14,Freitag,Unfall mit Schwerverletzten,Zusammenstoß mit seitlich in gleicher Richtung fahrendem Fahrzeug,Unfall im Längsverkehr,Tageslicht,0,1,0,0,1,0,"360956,211","5642345,205",7.021950987,50.91598196,trocken,"5,20031E+18","PKW, Gkfz"
79148,5,3,15,0,2020,März,13,Freitag,Unfall mit Leichtverletzten,Zusammenstoß mit einbiegendem / kreuzendem Fahrzeug,Abbiegeunfall,Tageslicht,1,1,0,0,0,0,"351033,96","5645046,528",6.879792319,50.93778149,trocken,"5,20031E+18","Rad, PKW"
79205,5,3,15,0,2020,März,18,Donnerstag,Unfall mit Leichtverletzten,Zusammenstoß mit einbiegendem / kreuzendem Fahrzeug,Abbiegeunfall,Dämmerung,1,1,0,0,0,0,"364540,0411","5649220,828",7.070345962,50.97862886,nass/feucht,"5,20031E+18","Rad, PKW"
79214,5,3,15,0,2020,März,15,Samstag,Unfall mit Leichtverletzten,Zusammenstoß mit anfahrendem/ anhaltendem/ruhendem Fahrzeug,Einbiegen / Kreuzen-Unfall,Tageslicht,0,1,0,0,0,1,"356483,9598","5641097,395",6.958861551,50.90367315,trocken,"5,20031E+18","PKW, Sonstige"