OBJECTID,ULAND,UREGBEZ,UKREIS,UGEMEINDE,UJAHR,UMONAT,USTUNDE,UWOCHENTAG,UKATEGORIE,UART,UTYP1,ULICHTVERH,IstRad,IstPKW,IstFuss,IstKrad,IstGkfz,IstSonstige,LINREFX,LINREFY,XGCSWGS84,YGCSWGS84,USTRZUSTAND,UIDENTSTLAE,Participants
79219,5,3,15,0,2020,März,7,Freitag,Unfall mit Leichtverletzten,Zusammenstoß mit entgegenkommendem Fahrzeug,Fahrunfall,Tageslicht,0,1,0,0,0,0,"361666,6391","5644658,102",7.031173651,50.93693939,nass/feucht,"5,20031E+18",PKW
79227,5,3,15,0,2020,März,13,Donnerstag,Unfall mit Leichtverletzten,Zusammenstoß mit einbiegendem / kreuzendem Fahrzeug,Abbiegeunfall,Tageslicht,0,1,0,0,0,0,"353209,276","5645205,334",6.910667059,50.93976645,nass/feucht,"5,20031E+18",PKW
79241,5,3,15,0,2020,März,16,Freitag,Unfall mit Leichtverletzten,Zusammenstoß mit seitlich in gleicher Richtung fahrendem Fahrzeug,Unfall im Längsverkehr,Tageslicht,0,1,0,0,1,0,"351737,431","5643568,204",6.890398737,50.92467782,trocken,"5,20031E+18","PKW, Gkfz"
79254,5,3,15,0,2020,März,21,Donnerstag,Unfall mit Leichtverletzten,Unfall anderer Art,Fahrunfall,Dunkelheit,0,1,0,0,0,0,"360785,5668","5649797,187",7.016675785,50.98291322,nass/feucht,"5,20031E+18",PKW
79275,5,3,15,0,2020,März,16,Donnerstag,Unfall mit Leichtverletzten,Zusammenstoß mit anfahrendem/ anhaltendem/ruhendem Fahrzeug,Unfall im Längsverkehr,Tageslicht,0,1,0,0,0,0,"365020,2701","5638865,843",7.081017704,50.88567572,nass/feucht,"5,20031E+18",PKW
79295,5,3,15,0,2020,März,14,Donnerstag,Unfall mit Leichtverletzten,Zusammenstoß mit vorausfahrendem / wartendem Fahrzeug,Unfall im Längsverkehr,Tageslicht,0,1,0,0,0,0,"355476,6012","5651033,724",6.940600812,50.99271744,nass/feucht,"5,20031E+18",PKW
79316,5,3,15,0,2020,März,15,Donnerstag,Unfall mit Leichtverletzten,Zusammenstoß mit einbiegendem / kreuzendem Fahrzeug,Abbiegeunfall,Tageslicht,1,1,0,0,0,0,"352179,8944","5643657,435",6.896653753,50.92559324,trocken,"5,20031E+18","Rad, PKW"
79322,5,3,15,0,2020,März,23,Donnerstag,Unfall mit Leichtverletzten,Abkommen von Fahrbahn nach links,Fahrunfall,Dunkelheit,0,1,0,0,0,0,"357115,529","5639174,909",6.968589984,50.88655241,nass/feucht,"5,20031E+18",PKW
79323,5,3,15,0,2020,März,16,Freitag,Unfall mit Schwerverletzten,Zusammenstoß mit vorausfahrendem / wartendem Fahrzeug,Unfall im Längsverkehr,Tageslicht,0,1,0,0,0,0,"361704,9269","5642520,828",7.032528974,50.91774024,trocken,"5,20031E+18",PKW
79336,5,3,15,0,2020,März,13,Freitag,Unfall mit Leichtverletzten,Zusammenstoß mit vorausfahrendem / wartendem Fahrzeug,Fahrunfall,Tageslicht,0,1,0,0,0,0,"360491,8036","5646608,921",7.013716253,50.95418873,trocken,"5,20031E+18",PKW
79388,5,3,15,0,2020,März,17,Dienstag,Unfall mit Leichtverletzten,Zusammenstoß mit einbiegendem / kreuzendem Fahrzeug,Einbiegen / Kreuzen-Unfall,Tageslicht,0,1,0,0,0,0,"359954,9085","5647763,48",7.005632702,50.96443466,trocken,"5,20031E+18",PKW
79389,5,3,15,0,2020,März,5,Donnerstag,Unfall mit Leichtverletzten,Zusammenstoß mit vorausfahrendem / wartendem Fahrzeug,Unfall im Längsverkehr,Tageslicht,1,1,0,0,0,0,"365986,8088","5643734,561",7.09296296,50.92965913,nass/feucht,"5,20031E+18","Rad, PKW"
79392,5,3,15,0,2020,März,13,Dienstag,Unfall mit Leichtverletzten,Zusammenstoß mit vorausfahrendem / wartendem Fahrzeug,Unfall im Längsverkehr,Tageslicht,0,1,0,0,0,0,"350782,7749","5648475,856",6.874814246,50.96853381,nass/feucht,"5,20031E+18",PKW
79395,5,3,15,0,2020,März,8,Dienstag,Unfall mit Leichtverletzten,Zusammenstoß zwischen Fahrzeug und Fußgänger,Einbiegen / Kreuzen-Unfall,Tageslicht,0,1,1,1,0,0,"356832,3778","5644714,623",6.962393667,50.93626745,nass/feucht,"5,20031E+18","Fuss, Krad, PKW"
79402,5,3,15,0,2020,März,7,Freitag,Unfall mit Leichtverletzten,Zusammenstoß mit entgegenkommendem Fahrzeug,Abbiegeunfall,Tageslicht,0,1,0,0,0,0,"365989,6684","5643738,66",7.093002122,50.92969664,trocken,"5,20031E+18",PKW
79410,5,3,15,0,2020,März,3,Donnerstag,Unfall mit Leichtverletzten,Abkommen von Fahrbahn nach rechts,Fahrunfall,Dunkelheit,0,1,0,0,0,0,"350011,1251","5646722,688",6.864554993,50.95257889,nass/feucht,"5,20031E+18",PKW
79424,5,3,15,0,2020,März,10,Freitag,Unfall mit Leichtverletzten,Zusammenstoß mit anfahrendem/ anhaltendem/ruhendem Fahrzeug,Einbiegen / Kreuzen-Unfall,Tageslicht,1,1,0,0,0,0,"353579,7987","5646256,944",6.915514372,50.94931109,trocken,"5,20031E+18","Rad, PKW"
79441,5,3,15,0,2020,März,17,Donnerstag,Unfall mit Leichtverletzten,Zusammenstoß mit vorausfahrendem / wartendem Fahrzeug,Unfall im Längsverkehr,Tageslicht,0,1,0,0,0,0,"364118,9955","5641471,932",7.067242551,50.90888678,trocken,"5,20032E+18",PKW
79474,5,3,15,0,2020,März,11,Donnerstag,Unfall mit Leichtverletzten,Zusammenstoß mit einbiegendem / kreuzendem Fahrzeug,Einbiegen / Kreuzen-Unfall,Tageslicht,0,1,0,0,0,1,"365306,6587","5638375,822",7.085267395,50.88133842,trocken,"5,20032E+18","PKW, Sonstige"
79479,5,3,15,0,2020,März,16,Sonntag,Unfall mit Leichtverletzten,Unfall anderer Art,Fahrunfall,Tageslicht,1,0,0,0,0,0,"353842,7073","5644323,15",6.920030413,50.93199946,trocken,"5,20032E+18",Rad
79497,5,3,15,0,2020,März,16,Donnerstag,Unfall mit Leichtverletzten,Zusammenstoß mit anfahrendem/ anhaltendem/ruhendem Fahrzeug,Unfall im Längsverkehr,Tageslicht,0,0,0,1,0,1,"353242,2423","5645262,417",6.911112954,50.94028782,trocken,"5,20032E+18","Krad, Sonstige"
79504,5,3,15,0,2020,März,18,Mittwoch,Unfall mit Leichtverletzten,Zusammenstoß mit anfahrendem/ anhaltendem/ruhendem Fahrzeug,Unfall im Längsverkehr,Tageslicht,0,1,0,1,0,0,"351471,4578","5655736,091",6.881645175,51.03395485,trocken,"5,20032E+18","Krad, PKW"
79505,5,3,15,0,2020,März,21,Samstag,Unfall mit Leichtverletzten,Zusammenstoß mit einbiegendem / kreuzendem Fahrzeug,Einbiegen / Kreuzen-Unfall,Dunkelheit,1,1,0,0,0,0,"354191,852","5644842,442",6.924787849,50.93675455,nass/feucht,"5,20032E+18","Rad, PKW"
79534,5,3,15,0,2020,März,12,Sonntag,Unfall mit Leichtverletzten,Zusammenstoß mit vorausfahrendem / wartendem Fahrzeug,Unfall im Längsverkehr,Tageslicht,0,1,0,0,0,0,"362376,504","5645317,155",7.041021491,50.94303237,trocken,"5,20031E+18",PKW
79545,5,3,15,0,2020,März,23,Dienstag,Unfall mit Leichtverletzten,Unfall anderer Art,Sonstiger Unfall,Dunkelheit,0,0,0,1,0,0,"365146,9256","5637149,688",7.083450276,50.8702811,trocken,"5,20032E+18",Krad
79547,5,3,15,0,2020,März,9,Freitag,Unfall mit Leichtverletzten,Zusammenstoß mit vorausfahrendem / wartendem Fahrzeug,Unfall im Längsverkehr,Tageslicht,0,0,0,1,0,1,"357420,7131","5636728,098",6.973880008,50.86463817,trocken,"5,20032E+18","Krad, Sonstige"
79568,5,3,15,0,2020,März,14,Donnerstag,Unfall mit Leichtverletzten,Zusammenstoß mit entgegenkommendem Fahrzeug,Abbiegeunfall,Tageslicht,0,1,0,1,0,0,"366895,6194","5635243,81",7.108981626,50.85355675,trocken,"5,20032E+18","Krad, PKW"
79596,5,3,15,0,2020,März,8,Mittwoch,Unfall mit Leichtverletzten,Zusammenstoß mit einbiegendem / kreuzendem Fahrzeug,Abbiegeunfall,Tageslicht,1,1,0,0,0,0,"353355,1648","5644869,438",6.912877271,50.936785,trocken,"5,20032E+18","Rad, PKW"
79597,5,3,15,0,2020,März,11,Samstag,Unfall mit Schwerverletzten,Zusammenstoß mit seitlich in gleicher Richtung fahrendem Fahrzeug,Unfall im Längsverkehr,Tageslicht,0,1,0,1,0,0,"355999,7843","5644644,172",6.950579857,50.93542702,trocken,"5,20032E+18","Krad, PKW"
79606,5,3,15,0,2020,März,16,Sonntag,Unfall mit Leichtverletzten,Zusammenstoß mit entgegenkommendem Fahrzeug,Abbiegeunfall,Tageslicht,0,1,0,0,0,0,"366946,5375","5642148,947",7.107190641,50.91563029,trocken,"5,20031E+18",PKW
79613,5,3,15,0,2020,März,14,Sonntag,Unfall mit Leichtverletzten,Zusammenstoß zwischen Fahrzeug und Fußgänger,Sonstiger Unfall,Tageslicht,0,1,1,0,0,0,"356519,4744","5646615,399",6.957194554,50.9532717,trocken,"5,20031E+18","Fuss, PKW"
79627,5,3,15,0,2020,März,19,Sonntag,Unfall mit Leichtverletzten,Zusammenstoß mit anfahrendem/ anhaltendem/ruhendem Fahrzeug,Unfall im Längsverkehr,Tageslicht,0,1,0,0,0,0,"352519,3019","5651495,736",6.898302925,50.99611911,trocken,"5,20031E+18",PKW
79662,5,3,15,0,2020,März,11,Donnerstag,Unfall mit Leichtverletzten,Zusammenstoß mit einbiegendem / kreuzendem Fahrzeug,Abbiegeunfall,Tageslicht,0,1,0,1,0,0,"363606,9011","5648769,067",7.05723083,50.97434844,trocken,"5,20032E+18","Krad, PKW"
79668,5,3,15,0,2020,März,12,Dienstag,Unfall mit Leichtverletzten,Zusammenstoß mit vorausfahrendem / wartendem Fahrzeug,Unfall im Längsverkehr,Tageslicht,0,1,0,0,0,1,"358312,7438","5639169,636",6.985601722,50.88679989,trocken,"5,20032E+18","PKW, Sonstige"
79674,5,3,15,0,2020,März,11,Sonntag,Unfall mit Leichtverletzten,Unfall anderer Art,Sonstiger Unfall,Tageslicht,1,1,0,0,0,0,"353718,1937","5646297,333",6.91746699,50.94970918,trocken,"5,20032E+18","Rad, PKW"
79693,5,3,15,0,2020,März,17,Mittwoch,Unfall mit Leichtverletzten,Zusammenstoß zwischen Fahrzeug und Fußgänger,Sonstiger Unfall,Tageslicht,1,0,1,0,0,0,"356540,143","5643049,365",6.958892631,50.92122932,trocken,"5,20032E+18","Rad, Fuss"
79700,5,3,15,0,2020,März,13,Samstag,Unfall mit Leichtverletzten,Zusammenstoß mit seitlich in gleicher Richtung fahrendem Fahrzeug,Unfall durch ruhenden Verkehr,Tageslicht,1,1,0,0,0,0,"359776,0492","5644843,713",7.004211779,50.93815088,trocken,"5,20032E+18","Rad, PKW"
79703,5,3,15,0,2020,März,17,Montag,Unfall mit Leichtverletzten,Zusammenstoß mit seitlich in gleicher Richtung fahrendem Fahrzeug,Unfall im Längsverkehr,Tageslicht,0,1,0,0,0,0,"359230,0679","5641265,417",6.997827192,50.90585928,trocken,"5,20032E+18",PKW
79743,5,3,15,0,2020,März,7,Freitag,Unfall mit Leichtverletzten,Zusammenstoß mit einbiegendem / kreuzendem Fahrzeug,Einbiegen / Kreuzen-Unfall,Tageslicht,0,1,0,0,0,0,"363801,3568","5641071,422",7.062876699,50.90521233,trocken,"5,20032E+18",PKW
79764,5,3,15,0,2020,März,14,Donnerstag,Unfall mit Leichtverletzten,Zusammenstoß mit anfahrendem/ anhaltendem/ruhendem Fahrzeug,Abbiegeunfall,Tageslicht,0,1,0,0,0,0,"366057,8616","5635846,152",7.096866162,50.85877706,trocken,"5,20032E+18",PKW
79795,5,3,15,0,2020,März,17,Mittwoch,Unfall mit Leichtverletzten,Unfall anderer Art,Fahrunfall,Tageslicht,1,0,0,0,0,0,"347744,9692","5648166,167",6.831711552,50.964956,trocken,"5,20032E+18",Rad
79797,5,3,15,0,2020,März,10,Samstag,Unfall mit Leichtverletzten,Unfall anderer Art,Sonstiger Unfall,Tageslicht,1,0,0,0,0,0,"356568,0725","5646355,931",6.957988223,50.950952,trocken,"5,20032E+18",Rad
79835,5,3,15,0,2020,März,16,Dienstag,Unfall mit Leichtverletzten,Zusammenstoß mit seitlich in gleicher Richtung fahrendem Fahrzeug,Unfall im Längsverkehr,Tageslicht,0,1,0,0,1,0,"361855,2112","5648069,464",7.032561331,50.96764343,trocken,"5,20032E+18","PKW, Gkfz"
79846,5,3,15,0,2020,März,13,Freitag,Unfall mit Leichtverletzten,Zusammenstoß mit seitlich in gleicher Richtung fahrendem Fahrzeug,Unfall im Längsverkehr,Tageslicht,0,1,0,0,0,0,"354693,2456","5646776,947",6.931147132,50.95426596,trocken,"5,20032E+18",PKW
79860,5,3,15,0,2020,März,16,Donnerstag,Unfall mit Leichtverletzten,Zusammenstoß mit vorausfahrendem / wartendem Fahrzeug,Unfall im Längsverkehr,Tageslicht,0,1,0,0,0,0,"364759,6911","5649338,045",7.073429415,50.97973397,trocken,"5,20032E+18",PKW
79870,5,3,15,0,2020,März,17,Sonntag,Unfall mit Leichtverletzten,Unfall anderer Art,Abbiegeunfall,Tageslicht,1,1,0,0,0,0,"347607,608","5646017,779",6.830656297,50.94561402,trocken,"5,20032E+18","Rad, PKW"
79887,5,3,15,0,2020,März,11,Mittwoch,Unfall mit Leichtverletzten,Zusammenstoß mit entgegenkommendem Fahrzeug,Sonstiger Unfall,Tageslicht,0,1,0,0,0,0,"356838,2405","5634873,457",6.966333681,50.84782647,trocken,"5,20032E+18",PKW
79888,5,3,15,0,2020,März,16,Samstag,Unfall mit Leichtverletzten,Unfall anderer Art,Fahrunfall,Tageslicht,0,0,0,0,0,1,"356699,7122","5644629,807",6.96054016,50.93547226,trocken,"5,20032E+18",Sonstige
79916,5,3,15,0,2020,März,20,Samstag,Unfall mit Leichtverletzten,Zusammenstoß mit vorausfahrendem / wartendem Fahrzeug,Unfall im Längsverkehr,Dunkelheit,0,1,0,0,0,1,"356044,8011","5654798,12",6.947198473,51.02668939,trocken,"5,20031E+18","PKW, Sonstige"
79942,5,3,15,0,2020,März,15,Mittwoch,Unfall mit Leichtverletzten,Zusammenstoß mit entgegenkommendem Fahrzeug,Abbiegeunfall,Tageslicht,0,1,0,0,0,0,"354208,8959","5636701,573",6.928280641,50.86359882,trocken,"5,20033E+18",PKW
79968,5,3,15,0,2020,März,16,Dienstag,Unfall mit Leichtverletzten,Zusammenstoß mit anfahrendem/ anhaltendem/ruhendem Fahrzeug,Sonstiger Unfall,Tageslicht,0,1,0,0,0,0,"354612,0904","5642936,526",6.931524793,50.91973268,trocken,"5,20033E+18",PKW
79980,5,3,15,0,2020,März,11,Sonntag,Unfall mit Leichtverletzten,Unfall anderer Art,Unfall im Längsverkehr,Tageslicht,1,1,0,0,0,0,"352195,3892","5651926,573",6.893514919,50.99990769,trocken,"5,20033E+18","Rad, PKW"
80019,5,3,15,0,2020,März,12,Samstag,Unfall mit Leichtverletzten,Zusammenstoß mit seitlich in gleicher Richtung fahrendem Fahrzeug,Unfall im Längsverkehr,Tageslicht,1,1,0,0,0,1,"356308,3182","5647891,191",6.953686528,50.96468442,trocken,"5,20033E+18","Rad, PKW, Sonstige"
80072,5,3,15,0,2020,März,8,Donnerstag,Unfall mit Leichtverletzten,Zusammenstoß mit seitlich in gleicher Richtung fahrendem Fahrzeug,Unfall im Längsverkehr,Tageslicht,0,1,0,0,1,0,"357112,2851","5638262,414",6.968900612,50.87835099,trocken,"5,20033E+18","PKW, Gkfz"
80075,5,3,15,0,2020,März,19,Donnerstag,Unfall mit Leichtverletzten,Unfall anderer Art,Sonstiger Unfall,Dunkelheit,1,0,0,0,0,0,"365165,6012","5645613,018",7.080588828,50.94635048,trocken,"5,20033E+18",Rad
80076,5,3,15,0,2020,März,12,Dienstag,Unfall mit Leichtverletzten,Unfall anderer Art,Fahrunfall,Tageslicht,1,0,0,0,0,0,"353600,0746","5646425,48",6.915735058,50.95083081,trocken,"5,20033E+18",Rad
80085,5,3,15,0,2020,April,10,Donnerstag,Unfall mit Schwerverletzten,Zusammenstoß mit vorausfahrendem / wartendem Fahrzeug,Unfall im Längsverkehr,Tageslicht,0,1,0,0,1,0,"354300,5233","5639606,977",6.928424024,50.88973223,trocken,"5,2004E+18","PKW, Gkfz"
80097,5,3,15,0,2020,April,14,Donnerstag,Unfall mit Leichtverletzten,Zusammenstoß mit vorausfahrendem / wartendem Fahrzeug,Unfall im Längsverkehr,Tageslicht,0,1,0,0,0,0,"357299,8021","5644107,011",6.969279631,50.93092273,trocken,"5,2004E+18",PKW
80122,5,3,15,0,2020,März,13,Samstag,Unfall mit Leichtverletzten,Zusammenstoß mit entgegenkommendem Fahrzeug,Einbiegen / Kreuzen-Unfall,Tageslicht,0,1,0,1,0,0,"347609,5294","5646015,15",6.830684728,50.9455909,trocken,"5,20033E+18","Krad, PKW"
80139,5,3,15,0,2020,März,7,Dienstag,Unfall mit Schwerverletzten,Zusammenstoß mit seitlich in gleicher Richtung fahrendem Fahrzeug,Unfall im Längsverkehr,Tageslicht,0,1,0,0,1,0,"358240,0389","5640002,505",6.984245577,50.89426713,trocken,"5,20032E+18","PKW, Gkfz"
80152,5,3,15,0,2020,März,5,Mittwoch,Unfall mit Leichtverletzten,Zusammenstoß mit einbiegendem / kreuzendem Fahrzeug,Einbiegen / Kreuzen-Unfall,Dunkelheit,0,1,0,1,0,0,"349405,1539","5658085,962",6.851219872,51.0545333,nass/feucht,"5,20033E+18","Krad, PKW"
80170,5,3,15,0,2020,März,2,Dienstag,Unfall mit Schwerverletzten,Abkommen von Fahrbahn nach links,Sonstiger Unfall,Dunkelheit,0,1,0,0,0,0,"350546,8332","5653451,96",6.869409142,51.01318939,trocken,"5,20033E+18",PKW
80181,5,3,15,0,2020,März,15,Dienstag,Unfall mit Leichtverletzten,Zusammenstoß mit einbiegendem / kreuzendem Fahrzeug,Abbiegeunfall,Tageslicht,0,1,0,0,0,0,"359065,668","5636778,562",6.99722082,50.86549502,trocken,"5,20033E+18",PKW
80193,5,3,15,0,2020,März,12,Sonntag,Unfall mit Leichtverletzten,Zusammenstoß mit einbiegendem / kreuzendem Fahrzeug,Abbiegeunfall,Tageslicht,1,1,0,0,0,0,"356805,192","5654709,494",6.958069267,51.02608285,trocken,"5,20033E+18","Rad, PKW"
80197,5,3,15,0,2020,März,12,Donnerstag,Unfall mit Leichtverletzten,Zusammenstoß mit seitlich in gleicher Richtung fahrendem Fahrzeug,Unfall im Längsverkehr,Tageslicht,0,1,0,0,1,0,"351415,5894","5641823,713",6.88653317,50.90891815,trocken,"5,20033E+18","PKW, Gkfz"
80226,5,3,15,0,2020,März,9,Samstag,Unfall mit Leichtverletzten,Zusammenstoß mit einbiegendem / kreuzendem Fahrzeug,Abbiegeunfall,Tageslicht,1,1,0,0,0,0,"355226,8772","5644469,866",6.939656623,50.93366706,trocken,"5,20033E+18","Rad, PKW"
80230,5,3,15,0,2020,März,16,Samstag,Unfall mit Leichtverletzten,Unfall anderer Art,Fahrunfall,Tageslicht,1,0,0,0,0,0,"356477,5824","5651364,203",6.954724031,50.99593787,trocken,"5,20033E+18",Rad
80257,5,3,15,0,2020,März,16,Mittwoch,Unfall mit Schwerverletzten,Aufprall auf Fahrbahnhindernis,Fahrunfall,Tageslicht,1,0,0,0,0,0,"366776,8555","5638210,773",7.106214858,50.88019586,trocken,"5,20032E+18",Rad
80261,5,3,15,0,2020,März,9,Mittwoch,Unfall mit Leichtverletzten,Zusammenstoß mit vorausfahrendem / wartendem Fahrzeug,Unfall im Längsverkehr,Tageslicht,1,1,0,0,0,0,"354471,072","5645755,774",6.92839421,50.94503293,trocken,"5,20032E+18","Rad, PKW"
80264,5,3,15,0,2020,März,13,Mittwoch,Unfall mit Leichtverletzten,Zusammenstoß mit vorausfahrendem / wartendem Fahrzeug,Fahrunfall,Tageslicht,0,1,0,0,0,0,"353032,337","5644772,281",6.90832508,50.9358297,trocken,"5,20032E+18",PKW
80266,5,3,15,0,2020,März,9,Mittwoch,Unfall mit Leichtverletzten,Zusammenstoß mit einbiegendem / kreuzendem Fahrzeug,Einbiegen / Kreuzen-Unfall,Tageslicht,1,0,0,0,0,0,"354883,7889","5644797,933",6.934646698,50.9365291,trocken,"5,20032E+18",Rad
80281,5,3,15,0,2020,März,15,Dienstag,Unfall mit Leichtverletzten,Zusammenstoß zwischen Fahrzeug und Fußgänger,Abbiegeunfall,Tageslicht,0,1,1,0,0,0,"354656,3494","5643121,878",6.932080176,50.92140954,trocken,"5,20033E+18","Fuss, PKW"
80289,5,3,15,0,2020,März,16,Dienstag,Unfall mit Leichtverletzten,Aufprall auf Fahrbahnhindernis,Fahrunfall,Tageslicht,1,0,0,0,0,0,"362275,935","5636606,838",7.04287692,50.86472534,trocken,"5,20033E+18",Rad
80295,5,3,15,0,2020,März,0,Montag,Unfall mit Leichtverletzten,Unfall anderer Art,Fahrunfall,Dunkelheit,0,0,0,1,0,0,"363181,4424","5642143,633",7.053663233,50.91470219,trocken,"5,20033E+18",Krad
80311,5,3,15,0,2020,April,20,Donnerstag,Unfall mit Leichtverletzten,Unfall anderer Art,Fahrunfall,Dunkelheit,0,0,0,1,0,0,"360941,78","5635628,602",7.024301639,50.85561422,trocken,"5,2004E+18",Krad
80321,5,3,15,0,2020,März,14,Freitag,Unfall mit Leichtverletzten,Zusammenstoß mit anfahrendem/ anhaltendem/ruhendem Fahrzeug,Unfall im Längsverkehr,Tageslicht,0,1,0,0,0,0,"354172,9281","5644775,444",6.924545516,50.93614768,trocken,"5,20033E+18",PKW
80332,5,3,15,0,2020,März,14,Samstag,Unfall mit Schwerverletzten,Aufprall auf Fahrbahnhindernis,Fahrunfall,Tageslicht,1,0,0,0,0,0,"353520,459","5651903,216",6.91239553,51.00003664,trocken,"5,20033E+18",Rad
80364,5,3,15,0,2020,März,11,Mittwoch,Unfall mit Leichtverletzten,Zusammenstoß mit einbiegendem / kreuzendem Fahrzeug,Abbiegeunfall,Tageslicht,1,1,0,0,0,0,"356328,709","5647699,453",6.954052432,50.96296639,trocken,"5,20033E+18","Rad, PKW"
80389,5,3,15,0,2020,März,17,Dienstag,Unfall mit Schwerverletzten,Zusammenstoß mit anfahrendem/ anhaltendem/ruhendem Fahrzeug,Sonstiger Unfall,Tageslicht,0,1,0,0,0,0,"355936,2783","5635159,297",6.953417228,50.85017141,trocken,"5,20033E+18",PKW
80400,5,3,15,0,2020,März,17,Sonntag,Unfall mit Leichtverletzten,Zusammenstoß mit einbiegendem / kreuzendem Fahrzeug,Abbiegeunfall,Tageslicht,0,1,0,0,0,1,"355996,2207","5649454,405",6.948625979,50.97865475,trocken,"5,20033E+18","PKW, Sonstige"
80408,5,3,15,0,2020,März,15,Samstag,Unfall mit Leichtverletzten,Zusammenstoß mit vorausfahrendem / wartendem Fahrzeug,Unfall im Längsverkehr,Tageslicht,0,1,0,0,0,0,"359724,6782","5647262,712",7.002549206,50.95987821,trocken,"5,20033E+18",PKW
80410,5,3,15,0,2020,April,13,Donnerstag,Unfall mit Leichtverletzten,Abkommen von Fahrbahn nach links,Fahrunfall,Tageslicht,0,1,0,1,0,0,"357734,318","5634995,535",6.979006888,50.84914467,trocken,"5,2004E+18","Krad, PKW"
80414,5,3,15,0,2020,März,7,Dienstag,Unfall mit Leichtverletzten,Zusammenstoß mit vorausfahrendem / wartendem Fahrzeug,Einbiegen / Kreuzen-Unfall,Tageslicht,1,1,0,0,0,0,"347666,16","5647794,962",6.830745494,50.96159948,trocken,"5,20032E+18","Rad, PKW"
80416,5,3,15,0,2020,März,16,Dienstag,Unfall mit Schwerverletzten,Unfall anderer Art,Unfall durch ruhenden Verkehr,Tageslicht,1,1,0,0,0,0,"355015,4949","5644791,385",6.936522497,50.93650338,trocken,"5,20032E+18","Rad, PKW"
80420,5,3,15,0,2020,März,11,Dienstag,Unfall mit Leichtverletzten,Zusammenstoß mit seitlich in gleicher Richtung fahrendem Fahrzeug,Unfall im Längsverkehr,Tageslicht,0,1,0,0,0,0,"354746,1085","5643134,138",6.933351479,50.92154232,trocken,"5,20032E+18",PKW
80434,5,3,15,0,2020,März,18,Samstag,Unfall mit Leichtverletzten,Abkommen von Fahrbahn nach links,Fahrunfall,Tageslicht,0,0,1,0,0,1,"354467,255","5645760,332",6.928338091,50.94507293,trocken,"5,20033E+18","Fuss, Sonstige"
80436,5,3,15,0,2020,März,18,Sonntag,Unfall mit Leichtverletzten,Zusammenstoß mit seitlich in gleicher Richtung fahrendem Fahrzeug,Unfall im Längsverkehr,Tageslicht,1,1,0,0,0,0,"357918,5003","5644682,951",6.977853718,50.93625143,trocken,"5,20032E+18","Rad, PKW"
80455,5,3,15,0,2020,April,16,Montag,Unfall mit Leichtverletzten,Zusammenstoß mit einbiegendem / kreuzendem Fahrzeug,Einbiegen / Kreuzen-Unfall,Tageslicht,1,1,0,0,0,0,"350764,1477","5645051,508",6.875952907,50.93775648,trocken,"5,20041E+18","Rad, PKW"
80487,5,3,15,0,2020,April,5,Dienstag,Unfall mit Leichtverletzten,Unfall anderer Art,Fahrunfall,Dunkelheit,0,0,0,1,0,0,"357681,619","5640076,55",6.976281563,50.89479524,trocken,"5,20041E+18",Krad
80490,5,3,15,0,2020,April,17,Dienstag,Unfall mit Schwerverletzten,Zusammenstoß mit entgegenkommendem Fahrzeug,Abbiegeunfall,Tageslicht,0,1,0,1,0,0,"368473,223","5638851,134",7.130084697,50.88633998,trocken,"5,20041E+18","Krad, PKW"
80541,5,3,15,0,2020,April,17,Dienstag,Unfall mit Leichtverletzten,Zusammenstoß mit vorausfahrendem / wartendem Fahrzeug,Unfall im Längsverkehr,Tageslicht,1,0,0,0,0,0,"355249,7742","5651506,021",6.937182619,50.99690482,trocken,"5,20041E+18",Rad
80553,5,3,15,0,2020,April,14,Sonntag,Unfall mit Leichtverletzten,Unfall anderer Art,Fahrunfall,Tageslicht,1,0,0,0,0,0,"360205,68","5641368,456",7.011654913,50.90702238,trocken,"5,2004E+18",Rad
80563,5,3,15,0,2020,April,14,Sonntag,Unfall mit Schwerverletzten,Unfall anderer Art,Fahrunfall,Tageslicht,1,0,0,0,0,0,"347268,9605","5644733,547",6.826377637,50.93398415,trocken,"5,2004E+18",Rad
80564,5,3,15,0,2020,April,16,Montag,Unfall mit Leichtverletzten,Zusammenstoß mit seitlich in gleicher Richtung fahrendem Fahrzeug,Fahrunfall,Tageslicht,0,1,0,1,0,0,"358188,9335","5645010,586",6.981572531,50.93926246,trocken,"5,20041E+18","Krad, PKW"
80567,5,3,15,0,2020,April,1,Samstag,Unfall mit Schwerverletzten,Unfall anderer Art,Sonstiger Unfall,Dunkelheit,0,0,0,0,0,1,"355081,1515","5644788,079",6.937457616,50.93649017,trocken,"5,2004E+18",Sonstige
80577,5,3,15,0,2020,April,15,Sonntag,Unfall mit Leichtverletzten,Abkommen von Fahrbahn nach links,Fahrunfall,Tageslicht,0,1,0,1,0,0,"356774,2413","5646251,009",6.960962692,50.95006034,trocken,"5,2004E+18","Krad, PKW"
80595,5,3,15,0,2020,April,18,Sonntag,Unfall mit Leichtverletzten,Zusammenstoß mit vorausfahrendem / wartendem Fahrzeug,Unfall im Längsverkehr,Tageslicht,1,1,0,0,0,0,"354734,8056","5644609,261",6.932602993,50.93479604,trocken,"5,2004E+18","Rad, PKW"