OBJECTID,ULAND,UREGBEZ,UKREIS,UGEMEINDE,UJAHR,UMONAT,USTUNDE,UWOCHENTAG,UKATEGORIE,UART,UTYP1,ULICHTVERH,IstRad,IstPKW,IstFuss,IstKrad,IstGkfz,IstSonstige,LINREFX,LINREFY,XGCSWGS84,YGCSWGS84,USTRZUSTAND,UIDENTSTLAE,Participants
82206,5,3,15,0,2020,April,12,Samstag,Unfall mit Leichtverletzten,Unfall anderer Art,Unfall durch ruhenden Verkehr,Tageslicht,0,0,0,1,0,0,"353418,4604","5644864,347",6.913779535,50.93675534,trocken,"5,20042E+18",Krad
82213,5,3,15,0,2020,April,18,Sonntag,Unfall mit Schwerverletzten,Zusammenstoß mit einbiegendem / kreuzendem Fahrzeug,Einbiegen / Kreuzen-Unfall,Tageslicht,1,0,0,0,0,1,"352974,1461","5644465,657",6.907621187,50.93305937,trocken,"5,20043E+18","Rad, Sonstige"
82214,5,3,15,0,2020,April,8,Samstag,Unfall mit Leichtverletzten,Zusammenstoß mit vorausfahrendem / wartendem Fahrzeug,Unfall im Längsverkehr,Tageslicht,0,1,0,0,0,1,"357566,6889","5639953,949",6.974696194,50.89366509,trocken,"5,20042E+18","PKW, Sonstige"
82239,5,3,15,0,2020,April,14,Dienstag,Unfall mit Leichtverletzten,Zusammenstoß mit anfahrendem/ anhaltendem/ruhendem Fahrzeug,Unfall im Längsverkehr,Tageslicht,0,1,0,0,0,0,"365020,3002","5638865,698",7.081018185,50.88567443,trocken,"5,20043E+18",PKW
82255,5,3,15,0,2020,April,8,Dienstag,Unfall mit Leichtverletzten,Zusammenstoß mit entgegenkommendem Fahrzeug,Abbiegeunfall,Tageslicht,0,1,0,0,0,0,"354211,1115","5636707,734",6.928309649,50.86365474,trocken,"5,20043E+18",PKW
82258,5,3,15,0,2020,April,12,Mittwoch,Unfall mit Leichtverletzten,Zusammenstoß mit einbiegendem / kreuzendem Fahrzeug,Abbiegeunfall,Tageslicht,1,0,0,0,0,1,"360872,794",5647711,7.018715896,50.96418541,trocken,"5,20043E+18","Rad, Sonstige"
82273,5,3,15,0,2020,April,11,Sonntag,Unfall mit Leichtverletzten,Zusammenstoß zwischen Fahrzeug und Fußgänger,Sonstiger Unfall,Tageslicht,1,0,1,0,0,0,"365464,9413","5645667,763",7.084827258,50.94691244,trocken,"5,20043E+18","Rad, Fuss"
82277,5,3,15,0,2020,April,15,Mittwoch,Unfall mit Leichtverletzten,Zusammenstoß mit einbiegendem / kreuzendem Fahrzeug,Abbiegeunfall,Tageslicht,1,1,0,0,0,0,"355303,1417","5645497,56",6.940333102,50.94292186,nass/feucht,"5,20043E+18","Rad, PKW"
82290,5,3,15,0,2020,April,16,Mittwoch,Unfall mit Leichtverletzten,Zusammenstoß mit vorausfahrendem / wartendem Fahrzeug,Unfall im Längsverkehr,Tageslicht,0,1,0,0,0,1,"361703,4322","5648328,569",7.030302561,50.96993564,nass/feucht,"5,20043E+18","PKW, Sonstige"
82291,5,3,15,0,2020,April,14,Montag,Unfall mit Leichtverletzten,Zusammenstoß mit seitlich in gleicher Richtung fahrendem Fahrzeug,Abbiegeunfall,Tageslicht,1,0,0,1,0,0,"366840,8558","5638928,234",7.106862704,50.88665898,trocken,"5,20043E+18","Rad, Krad"
82312,5,3,15,0,2020,April,14,Dienstag,Unfall mit Leichtverletzten,Zusammenstoß mit vorausfahrendem / wartendem Fahrzeug,Unfall im Längsverkehr,Tageslicht,0,1,0,0,0,0,"357672,0224","5645092,908",6.974187972,50.93987492,trocken,"5,20043E+18",PKW
82320,5,3,15,0,2020,April,14,Donnerstag,Unfall mit Leichtverletzten,Zusammenstoß mit vorausfahrendem / wartendem Fahrzeug,Unfall im Längsverkehr,Tageslicht,0,1,0,0,0,0,"358061,4456","5644000,348",6.980152647,50.93015207,trocken,"5,20043E+18",PKW
82334,5,3,15,0,2020,April,7,Mittwoch,Unfall mit Leichtverletzten,Zusammenstoß mit einbiegendem / kreuzendem Fahrzeug,Abbiegeunfall,Tageslicht,0,1,0,1,0,0,"354753,5111","5638220,939",6.935411004,50.87739021,trocken,"5,20043E+18","Krad, PKW"
82365,5,3,15,0,2020,Mai,11,Montag,Unfall mit Leichtverletzten,Zusammenstoß mit einbiegendem / kreuzendem Fahrzeug,Einbiegen / Kreuzen-Unfall,Tageslicht,1,0,0,1,0,0,"352982,4462","5641317,755",6.909008004,50.90477246,trocken,"5,2005E+18","Rad, Krad"
82367,5,3,15,0,2020,Mai,12,Donnerstag,Unfall mit Leichtverletzten,Zusammenstoß mit vorausfahrendem / wartendem Fahrzeug,Unfall im Längsverkehr,Tageslicht,1,1,0,0,0,0,"364305,2637","5638473,146",7.071004528,50.88197883,trocken,"5,20051E+18","Rad, PKW"
82368,5,3,15,0,2020,Mai,1,Montag,Unfall mit Schwerverletzten,Abkommen von Fahrbahn nach rechts,Unfall im Längsverkehr,Dunkelheit,0,0,0,0,0,1,"354661,4885","5645983,235",6.931012126,50.9471251,trocken,"5,2005E+18",Sonstige
82424,5,3,15,0,2020,Mai,22,Mittwoch,Unfall mit Leichtverletzten,Unfall anderer Art,Überschreiten-Unfall,Dunkelheit,0,1,1,1,0,0,"363801,8897","5641070,942",7.062884452,50.90520815,trocken,"5,20051E+18","Fuss, Krad, PKW"
82453,5,3,15,0,2020,Mai,15,Donnerstag,Unfall mit Leichtverletzten,Zusammenstoß mit anfahrendem/ anhaltendem/ruhendem Fahrzeug,Unfall durch ruhenden Verkehr,Tageslicht,1,1,0,0,0,0,"354841,1985","5646227,856",6.933471121,50.94936871,trocken,"5,20051E+18","Rad, PKW"
82471,5,3,15,0,2020,Mai,12,Dienstag,Unfall mit Leichtverletzten,Zusammenstoß mit einbiegendem / kreuzendem Fahrzeug,Einbiegen / Kreuzen-Unfall,Tageslicht,1,1,0,0,0,0,"359723,523","5647260,102",7.002533773,50.95985447,trocken,"5,2005E+18","Rad, PKW"
82499,5,3,15,0,2020,Mai,2,Sonntag,Unfall mit Schwerverletzten,Abkommen von Fahrbahn nach links,Fahrunfall,Dunkelheit,0,1,0,0,0,0,"358975,417","5644713,435",6.992874368,50.93678482,nass/feucht,"5,2005E+18",PKW
82503,5,3,15,0,2020,Mai,11,Sonntag,Unfall mit Leichtverletzten,Zusammenstoß mit einbiegendem / kreuzendem Fahrzeug,Einbiegen / Kreuzen-Unfall,Tageslicht,0,1,0,0,0,1,"351225,8843","5648232,003",6.881220225,50.96645707,nass/feucht,"5,2005E+18","PKW, Sonstige"
82505,5,3,15,0,2020,Mai,10,Sonntag,Unfall mit Leichtverletzten,Zusammenstoß mit einbiegendem / kreuzendem Fahrzeug,Einbiegen / Kreuzen-Unfall,Tageslicht,0,1,0,0,0,0,"348894,6054","5643004,297",6.850212482,50.91887284,nass/feucht,"5,2005E+18",PKW
82506,5,3,15,0,2020,Mai,17,Mittwoch,Unfall mit Schwerverletzten,Zusammenstoß mit vorausfahrendem / wartendem Fahrzeug,Unfall im Längsverkehr,Tageslicht,1,0,0,0,0,1,"361211,0674","5645040,315",7.024548254,50.94026496,trocken,"5,20051E+18","Rad, Sonstige"
82521,5,3,15,0,2020,Mai,22,Donnerstag,Unfall mit Schwerverletzten,Abkommen von Fahrbahn nach links,Fahrunfall,Dunkelheit,0,1,0,0,0,0,"359417,1533","5641527,794",7.00038532,50.90826289,trocken,"5,20051E+18",PKW
82555,5,3,15,0,2020,Mai,15,Dienstag,Unfall mit Schwerverletzten,Abkommen von Fahrbahn nach links,Unfall im Längsverkehr,Tageslicht,1,0,0,0,0,0,"356861,0524","5645472,038",6.962503915,50.94308139,trocken,"5,2005E+18",Rad
82593,5,3,15,0,2020,Mai,19,Mittwoch,Unfall mit Schwerverletzten,Unfall anderer Art,Sonstiger Unfall,Tageslicht,1,0,0,0,0,0,"362936,8426","5648365,576",7.047844582,50.97056306,trocken,"5,20051E+18",Rad
82619,5,3,15,0,2020,Mai,18,Samstag,Unfall mit Leichtverletzten,Aufprall auf Fahrbahnhindernis,Sonstiger Unfall,Tageslicht,0,1,0,0,0,0,"363643,1381","5640879,938",7.06069929,50.90345403,nass/feucht,"5,2005E+18",PKW
82629,5,3,15,0,2020,Mai,17,Donnerstag,Unfall mit Leichtverletzten,Zusammenstoß mit vorausfahrendem / wartendem Fahrzeug,Unfall im Längsverkehr,Tageslicht,0,1,0,0,0,0,"356077,9256","5635105,808",6.955449136,50.84972596,trocken,"5,20051E+18",PKW
82639,5,3,15,0,2020,April,16,Freitag,Unfall mit Leichtverletzten,Zusammenstoß mit seitlich in gleicher Richtung fahrendem Fahrzeug,Unfall im Längsverkehr,Tageslicht,0,1,0,0,1,0,"350696,3294","5642369,926",6.876086422,50.91364108,trocken,"5,20043E+18","PKW, Gkfz"
82685,5,3,15,0,2020,Mai,18,Mittwoch,Unfall mit Leichtverletzten,Zusammenstoß mit vorausfahrendem / wartendem Fahrzeug,Abbiegeunfall,Tageslicht,0,1,0,1,0,0,"368474,4478","5638849,735",7.130102604,50.88632768,trocken,"5,20051E+18","Krad, PKW"
82687,5,3,15,0,2020,Mai,9,Dienstag,Unfall mit Leichtverletzten,Zusammenstoß mit seitlich in gleicher Richtung fahrendem Fahrzeug,Unfall im Längsverkehr,Tageslicht,0,1,0,0,1,0,"362420,9753","5645263,456",7.041674397,50.94256037,trocken,"5,2005E+18","PKW, Gkfz"
82703,5,3,15,0,2020,Mai,11,Donnerstag,Unfall mit Leichtverletzten,Zusammenstoß mit vorausfahrendem / wartendem Fahrzeug,Unfall im Längsverkehr,Tageslicht,0,1,0,0,0,0,"348546,4388","5643684,861",6.844980205,50.92489729,trocken,"5,20051E+18",PKW
82732,5,3,15,0,2020,Mai,7,Dienstag,Unfall mit Schwerverletzten,Zusammenstoß mit seitlich in gleicher Richtung fahrendem Fahrzeug,Abbiegeunfall,Tageslicht,0,1,0,1,0,0,"355694,341","5645893,211",6.945740981,50.94657554,nass/feucht,"5,2005E+18","Krad, PKW"
82762,5,3,15,0,2020,Mai,16,Mittwoch,Unfall mit Leichtverletzten,Zusammenstoß mit seitlich in gleicher Richtung fahrendem Fahrzeug,Unfall im Längsverkehr,Tageslicht,0,1,0,0,1,0,"354300,5233","5639606,977",6.928424024,50.88973223,trocken,"5,20051E+18","PKW, Gkfz"
82763,5,3,15,0,2020,April,6,Freitag,Unfall mit Schwerverletzten,Unfall anderer Art,Fahrunfall,Tageslicht,0,0,0,1,0,0,"358830,7136","5642401,891",6.991711248,50.91597538,nass/feucht,"5,20043E+18",Krad
82767,5,3,15,0,2020,April,16,Freitag,Unfall mit Schwerverletzten,Zusammenstoß mit seitlich in gleicher Richtung fahrendem Fahrzeug,Unfall im Längsverkehr,Tageslicht,1,0,0,0,1,0,"365718,4382","5643464,23",7.089245832,50.92716709,trocken,"5,20043E+18","Rad, Gkfz"
82769,5,3,15,0,2020,April,11,Freitag,Unfall mit Leichtverletzten,Zusammenstoß mit einbiegendem / kreuzendem Fahrzeug,Einbiegen / Kreuzen-Unfall,Tageslicht,0,1,0,0,0,0,"357422,8208","5644383,034",6.970921121,50.93343375,nass/feucht,"5,20043E+18",PKW
82770,5,3,15,0,2020,Mai,10,Mittwoch,Unfall mit Schwerverletzten,Zusammenstoß mit einbiegendem / kreuzendem Fahrzeug,Abbiegeunfall,Tageslicht,1,1,0,0,0,0,"358180,0533","5644798,232",6.981528878,50.93735184,trocken,"5,20051E+18","Rad, PKW"
82772,5,3,15,0,2020,April,6,Freitag,Unfall mit Leichtverletzten,Zusammenstoß mit vorausfahrendem / wartendem Fahrzeug,Unfall im Längsverkehr,Dunkelheit,0,1,0,0,0,0,"354259,794","5645174,393",6.925621376,50.93975487,nass/feucht,"5,20043E+18",PKW
82774,5,3,15,0,2020,April,15,Freitag,Unfall mit Schwerverletzten,Zusammenstoß mit anfahrendem/ anhaltendem/ruhendem Fahrzeug,Unfall im Längsverkehr,Tageslicht,0,1,0,0,0,0,"353359,2068","5649022,3",6.911261729,50.97410611,trocken,"5,20043E+18",PKW
82777,5,3,15,0,2020,April,13,Freitag,Unfall mit Leichtverletzten,Zusammenstoß zwischen Fahrzeug und Fußgänger,Unfall im Längsverkehr,Tageslicht,1,0,1,0,0,0,"357185,9124","5638767,919",6.969749004,50.88291218,trocken,"5,20043E+18","Rad, Fuss"
82779,5,3,15,0,2020,April,13,Freitag,Unfall mit Schwerverletzten,Zusammenstoß zwischen Fahrzeug und Fußgänger,Sonstiger Unfall,Tageslicht,0,1,1,0,0,0,"354148,4792","5644472,921",6.924318873,50.93342281,trocken,"5,20043E+18","Fuss, PKW"
82783,5,3,15,0,2020,April,8,Freitag,Unfall mit Leichtverletzten,Zusammenstoß mit vorausfahrendem / wartendem Fahrzeug,Unfall im Längsverkehr,Tageslicht,0,1,0,0,0,1,"353357,4068","5641133,898",6.914411041,50.90321556,nass/feucht,"5,20043E+18","PKW, Sonstige"
82807,5,3,15,0,2020,Mai,14,Freitag,Unfall mit Leichtverletzten,Zusammenstoß mit einbiegendem / kreuzendem Fahrzeug,Abbiegeunfall,Tageslicht,1,1,0,0,0,0,"352989,643","5644898,166",6.907667096,50.9369501,trocken,"5,20051E+18","Rad, PKW"
82811,5,3,15,0,2020,Mai,14,Samstag,Unfall mit Leichtverletzten,Zusammenstoß mit entgegenkommendem Fahrzeug,Sonstiger Unfall,Tageslicht,0,1,0,1,0,0,"353518,7888","5651903,29",6.912371714,51.00003687,trocken,"5,20051E+18","Krad, PKW"
82835,5,3,15,0,2020,Mai,7,Dienstag,Unfall mit Leichtverletzten,Abkommen von Fahrbahn nach rechts,Fahrunfall,Tageslicht,1,0,0,0,0,0,"354009,9468","5646070,213",6.921708649,50.9477421,nass/feucht,"5,20051E+18",Rad
82886,5,3,15,0,2020,Mai,17,Samstag,Unfall mit Leichtverletzten,Zusammenstoß mit einbiegendem / kreuzendem Fahrzeug,Sonstiger Unfall,Tageslicht,1,1,0,0,0,0,"361298,3162","5645034,838",7.025791406,50.94023674,trocken,"5,20051E+18","Rad, PKW"
82902,5,3,15,0,2020,Mai,15,Mittwoch,Unfall mit Leichtverletzten,Zusammenstoß mit vorausfahrendem / wartendem Fahrzeug,Unfall im Längsverkehr,Tageslicht,0,1,0,0,0,0,"362752,2866","5644611,688",7.046632947,50.93678166,trocken,"5,20051E+18",PKW
82906,5,3,15,0,2020,Mai,14,Samstag,Unfall mit Leichtverletzten,Unfall anderer Art,Überschreiten-Unfall,Tageslicht,0,1,1,0,0,0,"353877,4611","5646164,011",6.919786294,50.94855147,trocken,"5,20051E+18","Fuss, PKW"
82908,5,3,15,0,2020,Mai,15,Dienstag,Unfall mit Leichtverletzten,Unfall anderer Art,Fahrunfall,Tageslicht,0,0,0,1,0,0,"357520,8793","5644039,036",6.972450171,50.93036649,trocken,"5,20051E+18",Krad
82919,5,3,15,0,2020,Mai,12,Sonntag,Unfall mit Schwerverletzten,Zusammenstoß mit entgegenkommendem Fahrzeug,Sonstiger Unfall,Tageslicht,0,1,0,1,0,0,"350842,6328","5646013,07",6.876675429,50.94641778,trocken,"5,20051E+18","Krad, PKW"
82953,5,3,15,0,2020,Mai,16,Mittwoch,Unfall mit Leichtverletzten,Zusammenstoß mit vorausfahrendem / wartendem Fahrzeug,Unfall im Längsverkehr,Tageslicht,0,1,0,0,0,0,"359920,9074","5644876,39",7.006259627,50.93847977,trocken,"5,20051E+18",PKW
82986,5,3,15,0,2020,Mai,1,Freitag,Unfall mit Schwerverletzten,Unfall anderer Art,Fahrunfall,Dunkelheit,0,0,0,0,0,1,"353748,9417","5642440,226",6.919452137,50.91505446,trocken,"5,20051E+18",Sonstige
82989,5,3,15,0,2020,Mai,15,Sonntag,Unfall mit Schwerverletzten,Unfall anderer Art,Sonstiger Unfall,Tageslicht,0,0,0,1,0,0,"368342,7697","5639001,067",7.12817708,50.88765784,trocken,"5,20051E+18",Krad
82997,5,3,15,0,2020,Mai,20,Freitag,Unfall mit Leichtverletzten,Zusammenstoß mit seitlich in gleicher Richtung fahrendem Fahrzeug,Unfall im Längsverkehr,Dämmerung,1,0,0,0,0,0,"354586,8012","5641682,964",6.931664853,50.90846083,trocken,"5,20051E+18",Rad
83002,5,3,15,0,2020,Mai,2,Freitag,Unfall mit Leichtverletzten,Unfall anderer Art,Fahrunfall,Dunkelheit,1,0,0,0,0,0,"355188,3524","5644780,476",6.938985307,50.93644877,trocken,"5,20051E+18",Rad
83005,5,3,15,0,2020,Mai,5,Freitag,Unfall mit Leichtverletzten,Zusammenstoß mit einbiegendem / kreuzendem Fahrzeug,Einbiegen / Kreuzen-Unfall,Tageslicht,0,1,0,1,0,0,"354188,843","5653653,215",6.92121139,51.01593288,trocken,"5,20051E+18","Krad, PKW"
83009,5,3,15,0,2020,Mai,13,Samstag,Unfall mit Leichtverletzten,Zusammenstoß mit anfahrendem/ anhaltendem/ruhendem Fahrzeug,Unfall im Längsverkehr,Tageslicht,0,1,0,0,0,0,"356571,9003","5647114,46",6.957743811,50.95776974,trocken,"5,20051E+18",PKW
83013,5,3,15,0,2020,Mai,8,Sonntag,Unfall mit Leichtverletzten,Zusammenstoß mit seitlich in gleicher Richtung fahrendem Fahrzeug,Unfall durch ruhenden Verkehr,Tageslicht,1,1,0,0,0,0,"352206,1725","5643667,555",6.897023295,50.92569091,trocken,"5,20051E+18","Rad, PKW"
83035,5,3,15,0,2020,Mai,19,Dienstag,Unfall mit Leichtverletzten,Zusammenstoß mit vorausfahrendem / wartendem Fahrzeug,Abbiegeunfall,Tageslicht,0,1,0,0,0,0,"354403,715","5645793,481",6.927420979,50.94535479,trocken,"5,20051E+18",PKW
83054,5,3,15,0,2020,Mai,14,Mittwoch,Unfall mit Schwerverletzten,Zusammenstoß mit entgegenkommendem Fahrzeug,Unfall im Längsverkehr,Tageslicht,1,0,0,0,0,0,"356706,5506","5644633,715",6.960635882,50.93550908,trocken,"5,20051E+18",Rad
83090,5,3,15,0,2020,Mai,16,Sonntag,Unfall mit Leichtverletzten,Zusammenstoß zwischen Fahrzeug und Fußgänger,Überschreiten-Unfall,Tageslicht,0,1,1,0,0,0,"351071,219","5651811,34",6.877552427,50.99858229,trocken,"5,20051E+18","Fuss, PKW"
83101,5,3,15,0,2020,Mai,15,Montag,Unfall mit Leichtverletzten,Zusammenstoß mit seitlich in gleicher Richtung fahrendem Fahrzeug,Sonstiger Unfall,Tageslicht,0,1,0,0,0,0,"348927,3059","5657909,099",6.844480617,51.05281849,nass/feucht,"5,20051E+18",PKW
83103,5,3,15,0,2020,Mai,21,Mittwoch,Unfall mit Leichtverletzten,Zusammenstoß mit vorausfahrendem / wartendem Fahrzeug,Unfall im Längsverkehr,Dunkelheit,0,1,0,0,0,0,"365770,74","5642528,428",7.090334077,50.91876863,trocken,"5,20051E+18",PKW
83104,5,3,15,0,2020,Mai,17,Freitag,Unfall mit Leichtverletzten,Zusammenstoß mit einbiegendem / kreuzendem Fahrzeug,Einbiegen / Kreuzen-Unfall,Tageslicht,1,1,0,0,0,0,"359273,661","5637342,632",6.999957631,50.87061511,trocken,"5,20051E+18","Rad, PKW"
83108,5,3,15,0,2020,Mai,8,Samstag,Unfall mit Leichtverletzten,Unfall anderer Art,Sonstiger Unfall,Tageslicht,1,0,1,0,0,0,"353577,9224","5646449,464",6.915410259,50.95104072,trocken,"5,20051E+18","Rad, Fuss"
83110,5,3,15,0,2020,Mai,10,Dienstag,Unfall mit Schwerverletzten,Zusammenstoß mit einbiegendem / kreuzendem Fahrzeug,Einbiegen / Kreuzen-Unfall,Tageslicht,0,1,0,0,0,1,"361817,365","5644841,736",7.033247858,50.9386259,trocken,"5,20051E+18","PKW, Sonstige"
83135,5,3,15,0,2020,Mai,13,Dienstag,Unfall mit Leichtverletzten,Zusammenstoß mit anfahrendem/ anhaltendem/ruhendem Fahrzeug,Unfall im Längsverkehr,Tageslicht,0,1,0,0,0,0,"354208,8989","5644386,478",6.925212709,50.93266125,trocken,"5,20051E+18",PKW
83170,5,3,15,0,2020,Mai,16,Freitag,Unfall mit Leichtverletzten,Zusammenstoß mit vorausfahrendem / wartendem Fahrzeug,Unfall im Längsverkehr,Tageslicht,0,1,0,0,0,0,"363549,3309","5641447,309",7.059153865,50.9085311,trocken,"5,20051E+18",PKW
83179,5,3,15,0,2020,Mai,17,Freitag,Unfall mit Schwerverletzten,Zusammenstoß mit einbiegendem / kreuzendem Fahrzeug,Einbiegen / Kreuzen-Unfall,Tageslicht,0,1,0,1,0,0,"363824,8536","5643520,238",7.062296585,50.92722657,trocken,"5,20051E+18","Krad, PKW"
83191,5,3,15,0,2020,Mai,20,Sonntag,Unfall mit Schwerverletzten,Zusammenstoß mit einbiegendem / kreuzendem Fahrzeug,Abbiegeunfall,Tageslicht,1,1,0,0,0,0,"363802,2913","5641070,581",7.062890295,50.905205,trocken,"5,20051E+18","Rad, PKW"
83203,5,3,15,0,2020,Mai,10,Samstag,Unfall mit Leichtverletzten,Zusammenstoß mit einbiegendem / kreuzendem Fahrzeug,Sonstiger Unfall,Tageslicht,1,0,0,0,0,1,"355837,0396","5641173,926",6.949636872,50.90419975,trocken,"5,20051E+18","Rad, Sonstige"
83205,5,3,15,0,2020,Mai,18,Dienstag,Unfall mit Leichtverletzten,Zusammenstoß mit seitlich in gleicher Richtung fahrendem Fahrzeug,Unfall im Längsverkehr,Tageslicht,0,1,0,1,0,0,"354678,5329","5646023,857",6.931238385,50.94749445,trocken,"5,20051E+18","Krad, PKW"
83210,5,3,15,0,2020,Mai,6,Samstag,Unfall mit Leichtverletzten,Zusammenstoß mit anfahrendem/ anhaltendem/ruhendem Fahrzeug,Sonstiger Unfall,Tageslicht,0,1,0,1,0,0,"359279,0846","5652652,788",6.994121097,51.00821024,trocken,"5,20051E+18","Krad, PKW"
83214,5,3,15,0,2020,Mai,21,Sonntag,Unfall mit Schwerverletzten,Zusammenstoß mit seitlich in gleicher Richtung fahrendem Fahrzeug,Fahrunfall,Dunkelheit,1,0,0,0,0,0,"351797,2458","5643571,269",6.891247969,50.92472073,trocken,"5,20051E+18",Rad
83252,5,3,15,0,2020,Mai,7,Mittwoch,Unfall mit Leichtverletzten,Zusammenstoß mit einbiegendem / kreuzendem Fahrzeug,Abbiegeunfall,Tageslicht,1,1,0,0,0,0,"347285,3308","5645224,185",6.826404818,50.93839742,trocken,"5,20051E+18","Rad, PKW"
83286,5,3,15,0,2020,Mai,17,Sonntag,Unfall mit Schwerverletzten,Unfall anderer Art,Fahrunfall,Tageslicht,1,0,0,0,0,0,"356497,2991",5651739,6.954856697,50.999311,trocken,"5,20051E+18",Rad
83297,5,3,15,0,2020,Mai,11,Mittwoch,Unfall mit Leichtverletzten,Zusammenstoß mit entgegenkommendem Fahrzeug,Unfall im Längsverkehr,Tageslicht,1,0,0,0,0,0,"359821,879","5647480,673",7.003848433,50.9618607,trocken,"5,20052E+18",Rad
83346,5,3,15,0,2020,Mai,15,Sonntag,Unfall mit Leichtverletzten,Zusammenstoß mit einbiegendem / kreuzendem Fahrzeug,Abbiegeunfall,Tageslicht,1,1,0,0,0,0,"353534,88","5646496,127",6.914779133,50.95144912,trocken,"5,20052E+18","Rad, PKW"
83398,5,3,15,0,2020,Mai,23,Dienstag,Unfall mit Leichtverletzten,Unfall anderer Art,Fahrunfall,Dunkelheit,1,0,0,0,0,0,"364347,8245","5634085,673",7.073235662,50.84255589,trocken,"5,20052E+18",Rad
83403,5,3,15,0,2020,Mai,11,Mittwoch,Unfall mit Leichtverletzten,Zusammenstoß mit seitlich in gleicher Richtung fahrendem Fahrzeug,Unfall im Längsverkehr,Tageslicht,0,1,0,0,1,0,"348430,0139","5650029,154",6.840683417,50.98187772,trocken,"5,20052E+18","PKW, Gkfz"
83421,5,3,15,0,2020,Mai,12,Dienstag,Unfall mit Leichtverletzten,Zusammenstoß mit seitlich in gleicher Richtung fahrendem Fahrzeug,Unfall im Längsverkehr,Tageslicht,0,0,0,1,0,1,"355418,6618","5654270,831",6.938486164,51.02179369,trocken,"5,20052E+18","Krad, Sonstige"
83426,5,3,15,0,2020,Mai,18,Montag,Unfall mit Schwerverletzten,Zusammenstoß mit seitlich in gleicher Richtung fahrendem Fahrzeug,Unfall im Längsverkehr,Tageslicht,0,1,0,0,0,0,"353008,749","5644777,511",6.9079875,50.9358707,trocken,"5,20052E+18",PKW
83428,5,3,15,0,2020,Mai,7,Samstag,Unfall mit Leichtverletzten,Zusammenstoß mit vorausfahrendem / wartendem Fahrzeug,Unfall im Längsverkehr,Tageslicht,0,1,0,0,0,0,"350147,0462","5642787,297",6.868106953,50.91724939,trocken,"5,20052E+18",PKW
83429,5,3,15,0,2020,Mai,15,Mittwoch,Unfall mit Leichtverletzten,Zusammenstoß mit anfahrendem/ anhaltendem/ruhendem Fahrzeug,Unfall im Längsverkehr,Tageslicht,0,1,0,0,1,0,"355754,0241","5644061,203",6.947315304,50.93012656,trocken,"5,20052E+18","PKW, Gkfz"
83435,5,3,15,0,2020,Mai,23,Samstag,Unfall mit Schwerverletzten,Zusammenstoß zwischen Fahrzeug und Fußgänger,Überschreiten-Unfall,Dunkelheit,0,1,1,0,0,0,"359593,6332","5644807,232",7.001631222,50.93777864,trocken,"5,20052E+18","Fuss, PKW"
83439,5,3,15,0,2020,Mai,20,Samstag,Unfall mit Leichtverletzten,Unfall anderer Art,Fahrunfall,Tageslicht,1,0,0,0,0,0,"354022,2025","5651834,205",6.919568997,50.99954398,trocken,"5,20052E+18",Rad
83444,5,3,15,0,2020,Mai,14,Samstag,Unfall mit Schwerverletzten,Zusammenstoß mit vorausfahrendem / wartendem Fahrzeug,Unfall im Längsverkehr,Tageslicht,1,0,0,0,0,0,"351010,353","5645047,058",6.879456354,50.93778015,trocken,"5,20052E+18",Rad
83445,5,3,15,0,2020,Mai,0,Samstag,Unfall mit Leichtverletzten,Zusammenstoß mit einbiegendem / kreuzendem Fahrzeug,Abbiegeunfall,Dunkelheit,0,1,0,1,0,0,"355199,2139","5644584,127",6.939217805,50.93468696,trocken,"5,20052E+18","Krad, PKW"
83447,5,3,15,0,2020,Mai,14,Montag,Unfall mit Schwerverletzten,Zusammenstoß mit seitlich in gleicher Richtung fahrendem Fahrzeug,Unfall im Längsverkehr,Tageslicht,0,1,0,0,0,0,"353456,2326","5649603,918",6.912408333,50.97935755,trocken,"5,20052E+18",PKW
83481,5,3,15,0,2020,Mai,13,Mittwoch,Unfall mit Leichtverletzten,Unfall anderer Art,Sonstiger Unfall,Tageslicht,1,0,0,0,0,0,"366309,193","5642706,17",7.097924921,50.92049112,trocken,"5,20052E+18",Rad
83502,5,3,15,0,2020,Mai,17,Dienstag,Unfall mit Leichtverletzten,Zusammenstoß mit anfahrendem/ anhaltendem/ruhendem Fahrzeug,Unfall durch ruhenden Verkehr,Tageslicht,1,1,0,0,0,0,"356505,0101","5646427,323",6.957062889,50.95157789,trocken,"5,20052E+18","Rad, PKW"
83507,5,3,15,0,2020,Mai,16,Mittwoch,Unfall mit Leichtverletzten,Aufprall auf Fahrbahnhindernis,Fahrunfall,Tageslicht,1,0,0,0,0,0,"354499,0241","5643604,895",6.929650619,50.92571064,trocken,"5,20052E+18",Rad
83565,5,3,15,0,2020,Mai,12,Sonntag,Unfall mit Leichtverletzten,Unfall anderer Art,Fahrunfall,Tageslicht,1,0,0,0,0,0,"356132,6935","5648897,246",6.950789216,50.97368179,trocken,"5,20052E+18",Rad
83589,5,3,15,0,2020,Mai,12,Mittwoch,Unfall mit Leichtverletzten,Zusammenstoß mit vorausfahrendem / wartendem Fahrzeug,Unfall im Längsverkehr,Tageslicht,0,1,0,0,1,0,"357369,212","5639204,33",6.972182734,50.8868795,trocken,"5,20052E+18","PKW, Gkfz"
83622,5,3,15,0,2020,Mai,17,Mittwoch,Unfall mit Leichtverletzten,Zusammenstoß mit anfahrendem/ anhaltendem/ruhendem Fahrzeug,Unfall durch ruhenden Verkehr,Tageslicht,1,1,0,0,0,0,"347517,034","5646336,963",6.829234299,50.9484583,trocken,"5,20052E+18","Rad, PKW"