OBJECTID,ULAND,UREGBEZ,UKREIS,UGEMEINDE,UJAHR,UMONAT,USTUNDE,UWOCHENTAG,UKATEGORIE,UART,UTYP1,ULICHTVERH,IstRad,IstPKW,IstFuss,IstKrad,IstGkfz,IstSonstige,LINREFX,LINREFY,XGCSWGS84,YGCSWGS84,USTRZUSTAND,UIDENTSTLAE,Participants
83649,5,3,15,0,2020,Mai,20,Mittwoch,Unfall mit Leichtverletzten,Abkommen von Fahrbahn nach links,Unfall im Längsverkehr,Tageslicht,1,1,0,0,0,0,"354991,7572","5644792,566",6.936184417,50.93650802,trocken,"5,20052E+18","Rad, PKW"
83724,5,3,15,0,2020,Mai,11,Dienstag,Unfall mit Leichtverletzten,Unfall anderer Art,Unfall im Längsverkehr,Tageslicht,1,0,0,0,0,1,"360625,542","5648954,719",7.01472047,50.97530313,trocken,"5,20052E+18","Rad, Sonstige"
83729,5,3,15,0,2020,Mai,17,Mittwoch,Unfall mit Schwerverletzten,Zusammenstoß zwischen Fahrzeug und Fußgänger,Sonstiger Unfall,Tageslicht,1,0,1,0,0,0,"356825,7699","5641086,339",6.963723952,50.90365865,trocken,"5,20052E+18","Rad, Fuss"
83731,5,3,15,0,2020,Mai,15,Freitag,Unfall mit Leichtverletzten,Zusammenstoß mit vorausfahrendem / wartendem Fahrzeug,Unfall im Längsverkehr,Tageslicht,0,1,0,0,0,0,"356078,429","5646919,999",6.950799023,50.95589912,trocken,"5,20051E+18",PKW
83735,5,3,15,0,2020,Mai,1,Freitag,Unfall mit Getöteten,Abkommen von Fahrbahn nach links,Fahrunfall,Dunkelheit,0,1,0,0,0,0,"349592,1699","5654486,114",6.855380875,51.02223361,trocken,"5,20051E+18",PKW
83742,5,3,15,0,2020,Mai,19,Freitag,Unfall mit Leichtverletzten,Zusammenstoß mit einbiegendem / kreuzendem Fahrzeug,Abbiegeunfall,Tageslicht,1,1,0,0,0,0,"349511,4603","5642602,509",6.859147708,50.91542342,trocken,"5,20051E+18","Rad, PKW"
83746,5,3,15,0,2020,Mai,19,Freitag,Unfall mit Leichtverletzten,Zusammenstoß zwischen Fahrzeug und Fußgänger,Überschreiten-Unfall,Tageslicht,0,0,1,0,0,1,"353796,107","5646222,965",6.918605276,50.94906064,trocken,"5,20051E+18","Fuss, Sonstige"
83749,5,3,15,0,2020,Mai,16,Donnerstag,Unfall mit Schwerverletzten,Zusammenstoß mit einbiegendem / kreuzendem Fahrzeug,Abbiegeunfall,Tageslicht,0,1,0,1,0,0,"367409,5632","5642071,022",7.113802112,50.91503648,trocken,"5,20051E+18","Krad, PKW"
83751,5,3,15,0,2020,Mai,8,Freitag,Unfall mit Leichtverletzten,Zusammenstoß mit einbiegendem / kreuzendem Fahrzeug,Einbiegen / Kreuzen-Unfall,Tageslicht,1,1,0,0,0,0,"352508,4073","5647235,927",6.899875972,50.9578356,trocken,"5,20051E+18","Rad, PKW"
83752,5,3,15,0,2020,Mai,11,Freitag,Unfall mit Getöteten,Zusammenstoß mit seitlich in gleicher Richtung fahrendem Fahrzeug,Abbiegeunfall,Tageslicht,1,0,0,0,1,0,"355269,8976","5645231,993",6.939965731,50.94052692,trocken,"5,20051E+18","Rad, Gkfz"
83761,5,3,15,0,2020,Mai,8,Donnerstag,Unfall mit Schwerverletzten,Zusammenstoß mit entgegenkommendem Fahrzeug,Unfall im Längsverkehr,Tageslicht,0,1,0,0,0,0,"360128,4711","5650649,056",7.006992555,50.99040977,trocken,"5,20051E+18",PKW
83766,5,3,15,0,2020,Mai,13,Donnerstag,Unfall mit Leichtverletzten,Zusammenstoß mit einbiegendem / kreuzendem Fahrzeug,Einbiegen / Kreuzen-Unfall,Tageslicht,0,1,0,0,0,0,"353500,0716","5657387,458",6.909889164,51.04931547,trocken,"5,20051E+18",PKW
83783,5,3,15,0,2020,Mai,23,Sonntag,Unfall mit Leichtverletzten,Zusammenstoß mit anfahrendem/ anhaltendem/ruhendem Fahrzeug,Unfall durch ruhenden Verkehr,Dunkelheit,0,1,0,1,0,0,"360600,174","5647629,799",7.014867169,50.96338975,trocken,"5,20052E+18","Krad, PKW"
83824,5,3,15,0,2020,Mai,15,Dienstag,Unfall mit Leichtverletzten,Zusammenstoß mit vorausfahrendem / wartendem Fahrzeug,Unfall im Längsverkehr,Tageslicht,0,1,0,0,0,0,"361733,8805","5648144,785",7.030805815,50.96829125,trocken,"5,20052E+18",PKW
83827,5,3,15,0,2020,Mai,19,Dienstag,Unfall mit Leichtverletzten,Zusammenstoß mit anfahrendem/ anhaltendem/ruhendem Fahrzeug,Unfall im Längsverkehr,Tageslicht,1,1,0,0,0,0,"354344,616","5645836,967",6.926562896,50.94573066,trocken,"5,20052E+18","Rad, PKW"
83830,5,3,15,0,2020,Mai,17,Mittwoch,Unfall mit Leichtverletzten,Zusammenstoß mit einbiegendem / kreuzendem Fahrzeug,Abbiegeunfall,Tageslicht,1,1,0,0,0,0,"357010,395","5646233,099",6.964329463,50.94995802,trocken,"5,20052E+18","Rad, PKW"
83838,5,3,15,0,2020,Mai,11,Donnerstag,Unfall mit Schwerverletzten,Zusammenstoß mit vorausfahrendem / wartendem Fahrzeug,Unfall im Längsverkehr,Tageslicht,0,1,0,0,0,0,"349590,888","5643176,013",6.860040333,50.92059784,trocken,"5,20052E+18",PKW
83840,5,3,15,0,2020,Mai,17,Donnerstag,Unfall mit Leichtverletzten,Zusammenstoß mit anfahrendem/ anhaltendem/ruhendem Fahrzeug,Unfall im Längsverkehr,Tageslicht,0,1,0,0,0,0,"357699,5852","5644220,283",6.974920788,50.93203946,trocken,"5,20052E+18",PKW
83843,5,3,15,0,2020,Mai,17,Donnerstag,Unfall mit Leichtverletzten,Zusammenstoß mit einbiegendem / kreuzendem Fahrzeug,Einbiegen / Kreuzen-Unfall,Tageslicht,1,1,0,0,0,0,"354190,3425","5653677,915",6.921222824,51.01615523,trocken,"5,20052E+18","Rad, PKW"
83846,5,3,15,0,2020,Mai,20,Freitag,Unfall mit Leichtverletzten,Zusammenstoß mit einbiegendem / kreuzendem Fahrzeug,Einbiegen / Kreuzen-Unfall,Tageslicht,1,1,0,0,0,0,"356236,6681","5648467,709",6.952439001,50.9698476,trocken,"5,20052E+18","Rad, PKW"
83850,5,3,15,0,2020,Mai,22,Donnerstag,Unfall mit Leichtverletzten,Unfall anderer Art,Sonstiger Unfall,Dunkelheit,0,0,0,1,0,1,"348965,4948","5649681,019",6.84845095,50.97889003,nass/feucht,"5,20052E+18","Krad, Sonstige"
83853,5,3,15,0,2020,Mai,14,Donnerstag,Unfall mit Leichtverletzten,Zusammenstoß mit seitlich in gleicher Richtung fahrendem Fahrzeug,Unfall im Längsverkehr,Tageslicht,1,0,0,0,0,1,"354803,4857","5645566,012",6.933198473,50.94341141,trocken,"5,20052E+18","Rad, Sonstige"
83858,5,3,15,0,2020,Mai,18,Donnerstag,Unfall mit Leichtverletzten,Unfall anderer Art,Fahrunfall,Tageslicht,1,0,0,0,0,0,"356392,989","5644604,782",6.956187682,50.93517107,trocken,"5,20052E+18",Rad
83862,5,3,15,0,2020,Mai,9,Donnerstag,Unfall mit Leichtverletzten,Zusammenstoß mit vorausfahrendem / wartendem Fahrzeug,Unfall im Längsverkehr,Tageslicht,0,1,0,0,0,0,"356023,8973","5643387,057",6.951419316,50.92413553,trocken,"5,20052E+18",PKW
83880,5,3,15,0,2020,Mai,14,Samstag,Unfall mit Leichtverletzten,Zusammenstoß mit einbiegendem / kreuzendem Fahrzeug,Einbiegen / Kreuzen-Unfall,Tageslicht,0,1,0,0,0,1,"353661,2568","5646359,284",6.916632085,50.95025147,trocken,"5,20052E+18","PKW, Sonstige"
83901,5,3,15,0,2020,Mai,23,Freitag,Unfall mit Leichtverletzten,Zusammenstoß mit einbiegendem / kreuzendem Fahrzeug,Abbiegeunfall,Dunkelheit,1,1,0,0,0,0,"360801,504","5645044,674",7.018720791,50.94020541,trocken,"5,20052E+18","Rad, PKW"
83911,5,3,15,0,2020,Mai,15,Freitag,Unfall mit Leichtverletzten,Zusammenstoß mit einbiegendem / kreuzendem Fahrzeug,Abbiegeunfall,Tageslicht,1,1,0,0,0,0,"353608,347","5644209,661",6.916743158,50.93092014,trocken,"5,20052E+18","Rad, PKW"
83918,5,3,15,0,2020,Mai,16,Samstag,Unfall mit Leichtverletzten,Zusammenstoß mit einbiegendem / kreuzendem Fahrzeug,Abbiegeunfall,Tageslicht,1,1,0,0,0,0,"362697,172","5645190,31",7.045630955,50.94196882,trocken,"5,20052E+18","Rad, PKW"
83931,5,3,15,0,2020,Mai,12,Samstag,Unfall mit Leichtverletzten,Zusammenstoß mit einbiegendem / kreuzendem Fahrzeug,Abbiegeunfall,Tageslicht,1,1,0,0,0,0,"354702,6832","5643067,898",6.932760451,50.9209361,trocken,"5,20052E+18","Rad, PKW"
83951,5,3,15,0,2020,Mai,14,Freitag,Unfall mit Leichtverletzten,Unfall anderer Art,Fahrunfall,Tageslicht,1,0,0,0,0,0,"356349,8378","5647505,595",6.954429646,50.96122949,trocken,"5,20052E+18",Rad
83973,5,3,15,0,2020,Mai,21,Samstag,Unfall mit Schwerverletzten,Zusammenstoß zwischen Fahrzeug und Fußgänger,Abbiegeunfall,Dunkelheit,0,1,1,0,0,0,"360342,185","5646961,528",7.011452099,50.95732142,nass/feucht,"5,20052E+18","Fuss, PKW"
84005,5,3,15,0,2020,Mai,14,Freitag,Unfall mit Leichtverletzten,Zusammenstoß mit entgegenkommendem Fahrzeug,Unfall im Längsverkehr,Tageslicht,1,0,0,0,0,0,"350100,238","5659745,478",6.860442758,51.06962778,trocken,"5,20052E+18",Rad
84040,5,3,15,0,2020,Mai,14,Samstag,Unfall mit Schwerverletzten,Unfall anderer Art,Fahrunfall,Tageslicht,0,0,0,1,0,0,"354208,8959","5636701,573",6.928280641,50.86359882,trocken,"5,20052E+18",Krad
84058,5,3,15,0,2020,Mai,19,Freitag,Unfall mit Leichtverletzten,Unfall anderer Art,Fahrunfall,Tageslicht,1,0,0,0,0,0,"365296,941","5649762,774",7.080920809,50.98367715,trocken,"5,20052E+18",Rad
84077,5,3,15,0,2020,Mai,2,Samstag,Unfall mit Leichtverletzten,Aufprall auf Fahrbahnhindernis,Sonstiger Unfall,Dunkelheit,1,0,0,0,0,0,"357292,06","5644105,708",6.96917004,50.9309091,trocken,"5,20052E+18",Rad
84093,5,3,15,0,2020,Mai,20,Samstag,Unfall mit Leichtverletzten,Abkommen von Fahrbahn nach links,Sonstiger Unfall,Dämmerung,0,1,0,0,0,0,"365762,0357","5642512,368",7.090216226,50.91862227,trocken,"5,20052E+18",PKW
84122,5,3,15,0,2020,Mai,14,Mittwoch,Unfall mit Leichtverletzten,Zusammenstoß mit einbiegendem / kreuzendem Fahrzeug,Abbiegeunfall,Tageslicht,0,1,0,1,0,0,"358117,452","5643190,436",6.981264292,50.92288715,trocken,"5,20053E+18","Krad, PKW"
84128,5,3,15,0,2020,Mai,19,Sonntag,Unfall mit Leichtverletzten,Abkommen von Fahrbahn nach links,Unfall im Längsverkehr,Tageslicht,0,1,0,0,0,0,"360589,2735","5650330,619",7.013676425,50.98765974,trocken,"5,20052E+18",PKW
84129,5,3,15,0,2020,Mai,17,Mittwoch,Unfall mit Leichtverletzten,Zusammenstoß mit vorausfahrendem / wartendem Fahrzeug,Unfall im Längsverkehr,Tageslicht,0,1,0,0,0,0,"352713,1018","5650678,234",6.901394209,50.98882228,trocken,"5,20053E+18",PKW
84135,5,3,15,0,2020,Mai,13,Sonntag,Unfall mit Leichtverletzten,Zusammenstoß mit vorausfahrendem / wartendem Fahrzeug,Unfall im Längsverkehr,Tageslicht,0,1,0,1,0,0,"355400,8848","5644719,893",6.942032102,50.93595766,trocken,"5,20052E+18","Krad, PKW"
84140,5,3,15,0,2020,Mai,19,Sonntag,Unfall mit Leichtverletzten,Zusammenstoß mit einbiegendem / kreuzendem Fahrzeug,Abbiegeunfall,Tageslicht,1,1,0,0,0,0,"355220,5015","5644986,399",6.939360727,50.93830743,trocken,"5,20052E+18","Rad, PKW"
84178,5,3,15,0,2020,Mai,9,Dienstag,Unfall mit Schwerverletzten,Abkommen von Fahrbahn nach links,Sonstiger Unfall,Tageslicht,0,0,0,0,1,0,"360025,0791","5647702,317",7.00665488,50.96390203,trocken,"5,20053E+18",Gkfz
84179,5,3,15,0,2020,Mai,10,Dienstag,Unfall mit Leichtverletzten,Zusammenstoß mit einbiegendem / kreuzendem Fahrzeug,Abbiegeunfall,Tageslicht,1,1,0,0,0,0,"360492,6378","5646621,632",7.013723251,50.95430317,trocken,"5,20053E+18","Rad, PKW"
84180,5,3,15,0,2020,Mai,7,Dienstag,Unfall mit Leichtverletzten,Zusammenstoß mit vorausfahrendem / wartendem Fahrzeug,Unfall im Längsverkehr,Tageslicht,1,0,0,0,0,0,"354516,779","5647429,046",6.928375727,50.96008165,trocken,"5,20053E+18",Rad
84181,5,3,15,0,2020,Mai,11,Dienstag,Unfall mit Leichtverletzten,Zusammenstoß mit seitlich in gleicher Richtung fahrendem Fahrzeug,Abbiegeunfall,Tageslicht,1,1,0,0,0,0,"355970,2603","5644649,546",6.950157833,50.93546794,trocken,"5,20053E+18","Rad, PKW"
84197,5,3,15,0,2020,Mai,11,Mittwoch,Unfall mit Leichtverletzten,Zusammenstoß mit anfahrendem/ anhaltendem/ruhendem Fahrzeug,Unfall im Längsverkehr,Tageslicht,0,1,0,1,0,0,"360004,4755","5647655,774",7.006379569,50.96347875,trocken,"5,20053E+18","Krad, PKW"
84255,5,3,15,0,2020,Mai,9,Mittwoch,Unfall mit Leichtverletzten,Abkommen von Fahrbahn nach rechts,Fahrunfall,Tageslicht,0,1,0,0,0,0,"346571,857","5646855,503",6.815570565,50.95286713,trocken,"5,20053E+18",PKW
84297,5,3,15,0,2020,Mai,20,Mittwoch,Unfall mit Leichtverletzten,Zusammenstoß mit einbiegendem / kreuzendem Fahrzeug,Abbiegeunfall,Tageslicht,1,1,0,0,0,0,"358190,31","5644791,556",6.981677359,50.93729437,trocken,"5,20053E+18","Rad, PKW"
84310,5,3,15,0,2020,Mai,13,Montag,Unfall mit Schwerverletzten,Abkommen von Fahrbahn nach links,Fahrunfall,Tageslicht,0,0,0,1,0,0,"358192,808","5644967,485",6.981644417,50.93887606,trocken,"5,20052E+18",Krad
84355,5,3,15,0,2020,Mai,11,Mittwoch,Unfall mit Leichtverletzten,Unfall anderer Art,Sonstiger Unfall,Tageslicht,0,0,0,1,0,0,"347649,6367","5660398,387",6.825216367,51.07484953,trocken,"5,20053E+18",Krad
84366,5,3,15,0,2020,Mai,17,Mittwoch,Unfall mit Schwerverletzten,Zusammenstoß mit einbiegendem / kreuzendem Fahrzeug,Abbiegeunfall,Tageslicht,1,1,0,0,0,0,"349822,2915","5660062,565",6.856346839,51.0724045,trocken,"5,20053E+18","Rad, PKW"
84394,5,3,15,0,2020,Mai,11,Freitag,Unfall mit Leichtverletzten,Zusammenstoß mit seitlich in gleicher Richtung fahrendem Fahrzeug,Abbiegeunfall,Tageslicht,1,1,0,0,0,0,"353510,2653","5644152,626",6.915371295,50.93038269,trocken,"5,20053E+18","Rad, PKW"
84412,5,3,15,0,2020,Mai,18,Donnerstag,Unfall mit Leichtverletzten,Zusammenstoß mit entgegenkommendem Fahrzeug,Einbiegen / Kreuzen-Unfall,Tageslicht,0,1,0,0,0,0,"357738,0992","5635000,8",6.979058522,50.84919292,trocken,"5,20053E+18",PKW
84458,5,3,15,0,2020,Mai,12,Freitag,Unfall mit Leichtverletzten,Zusammenstoß mit einbiegendem / kreuzendem Fahrzeug,Abbiegeunfall,Tageslicht,1,1,0,0,0,0,"349451,407","5644214,19",6.857628692,50.92989086,trocken,"5,20053E+18","Rad, PKW"
84474,5,3,15,0,2020,Mai,22,Donnerstag,Unfall mit Leichtverletzten,Zusammenstoß mit anfahrendem/ anhaltendem/ruhendem Fahrzeug,Unfall durch ruhenden Verkehr,Dunkelheit,1,1,0,0,0,0,"365607,3871","5635029,287",7.090769212,50.85133078,trocken,"5,20053E+18","Rad, PKW"
84491,5,3,15,0,2020,Mai,20,Donnerstag,Unfall mit Leichtverletzten,Unfall anderer Art,Fahrunfall,Tageslicht,1,0,0,0,0,0,"355614,4333","5644713,513",6.945071809,50.93595383,trocken,"5,20053E+18",Rad
84514,5,3,15,0,2020,Mai,14,Freitag,Unfall mit Leichtverletzten,Unfall anderer Art,Sonstiger Unfall,Tageslicht,1,0,0,0,0,0,"354255,6529","5644270,316",6.92592406,50.93162915,trocken,"5,20053E+18",Rad
84537,5,3,15,0,2020,Mai,19,Donnerstag,Unfall mit Leichtverletzten,Zusammenstoß mit seitlich in gleicher Richtung fahrendem Fahrzeug,Einbiegen / Kreuzen-Unfall,Tageslicht,1,0,0,0,0,1,"355439,153","5651097,058",6.940042353,50.9932772,trocken,"5,20053E+18","Rad, Sonstige"
84587,5,3,15,0,2020,Mai,13,Samstag,Unfall mit Leichtverletzten,Zusammenstoß mit vorausfahrendem / wartendem Fahrzeug,Unfall im Längsverkehr,Tageslicht,0,1,0,0,0,0,"353078,0628","5650197,904",6.906784833,50.98459905,trocken,"5,20053E+18",PKW
84599,5,3,15,0,2020,Mai,13,Donnerstag,Unfall mit Leichtverletzten,Zusammenstoß mit seitlich in gleicher Richtung fahrendem Fahrzeug,Einbiegen / Kreuzen-Unfall,Tageslicht,0,1,0,0,1,0,"362206,873","5645826,092",7.038415866,50.94756583,trocken,"5,20053E+18","PKW, Gkfz"
84606,5,3,15,0,2020,Mai,4,Freitag,Unfall mit Leichtverletzten,Abkommen von Fahrbahn nach links,Fahrunfall,Dämmerung,0,1,0,0,0,0,"359369,122","5641548,441",6.999694624,50.90843675,trocken,"5,20053E+18",PKW
84614,5,3,15,0,2020,Mai,15,Donnerstag,Unfall mit Leichtverletzten,Zusammenstoß mit entgegenkommendem Fahrzeug,Unfall im Längsverkehr,Tageslicht,1,0,0,0,0,0,"352044,9848","5642477,016",6.895214339,50.91495076,trocken,"5,20053E+18",Rad
84637,5,3,15,0,2020,Mai,22,Freitag,Unfall mit Leichtverletzten,Unfall anderer Art,Fahrunfall,Dunkelheit,1,0,0,0,0,0,"352465,6561","5644949,871",6.900193834,50.93728094,trocken,"5,20053E+18",Rad
84656,5,3,15,0,2020,Mai,9,Donnerstag,Unfall mit Leichtverletzten,Zusammenstoß mit vorausfahrendem / wartendem Fahrzeug,Unfall im Längsverkehr,Tageslicht,0,1,0,0,0,0,"358325,7917","5645576,995",6.983298885,50.94438642,trocken,"5,20053E+18",PKW
84669,5,3,15,0,2020,Mai,12,Donnerstag,Unfall mit Leichtverletzten,Unfall anderer Art,Sonstiger Unfall,Tageslicht,1,0,0,0,0,0,"356222,5327","5646196,417",6.953135184,50.94943238,trocken,"5,20053E+18",Rad
84682,5,3,15,0,2020,Mai,0,Montag,Unfall mit Leichtverletzten,Unfall anderer Art,Fahrunfall,Dunkelheit,1,0,0,0,0,0,"364712,3211","5649312,864",7.072764385,50.97949653,trocken,"5,20053E+18",Rad
84711,5,3,15,0,2020,Juni,13,Dienstag,Unfall mit Leichtverletzten,Unfall anderer Art,Sonstiger Unfall,Tageslicht,1,0,0,0,0,0,"355701,9564","5650613,29",6.943976827,50.98899567,trocken,"5,2006E+18",Rad
84717,5,3,15,0,2020,Mai,14,Montag,Unfall mit Leichtverletzten,Unfall anderer Art,Fahrunfall,Tageslicht,1,0,0,0,0,0,"355665,9743","5650699,463",6.943430255,50.98976106,trocken,"5,20053E+18",Rad
84737,5,3,15,0,2020,Mai,16,Montag,Unfall mit Leichtverletzten,Zusammenstoß mit entgegenkommendem Fahrzeug,Abbiegeunfall,Tageslicht,1,1,0,0,0,0,"358091,0547","5639401,17",6.982362087,50.8888263,trocken,"5,20053E+18","Rad, PKW"
84785,5,3,15,0,2020,Juni,0,Dienstag,Unfall mit Leichtverletzten,Unfall anderer Art,Unfall im Längsverkehr,Dunkelheit,1,1,0,0,0,0,"366826,6337","5636933,289",7.107387293,50.86872559,trocken,"5,2006E+18","Rad, PKW"
84807,5,3,15,0,2020,Mai,14,Samstag,Unfall mit Leichtverletzten,Zusammenstoß mit vorausfahrendem / wartendem Fahrzeug,Unfall im Längsverkehr,Tageslicht,0,1,0,0,0,0,"361738,52","5648161,937",7.03086533,50.96844651,trocken,"5,20053E+18",PKW
84819,5,3,15,0,2020,Mai,10,Samstag,Unfall mit Leichtverletzten,Zusammenstoß mit vorausfahrendem / wartendem Fahrzeug,Unfall im Längsverkehr,Tageslicht,0,1,0,0,0,0,"365301,543","5635711,396",7.086175893,50.85739023,trocken,"5,20053E+18",PKW
84830,5,3,15,0,2020,Mai,17,Samstag,Unfall mit Leichtverletzten,Zusammenstoß mit vorausfahrendem / wartendem Fahrzeug,Unfall im Längsverkehr,Tageslicht,0,1,0,0,0,0,"363475,46","5640205,144",7.058568301,50.8973497,trocken,"5,20053E+18",PKW
84832,5,3,15,0,2020,Mai,19,Samstag,Unfall mit Leichtverletzten,Unfall anderer Art,Abbiegeunfall,Tageslicht,1,1,0,0,0,0,"364232,6939","5638482,719",7.069969967,50.88204782,trocken,"5,20053E+18","Rad, PKW"
84836,5,3,15,0,2020,Mai,19,Samstag,Unfall mit Leichtverletzten,Zusammenstoß mit einbiegendem / kreuzendem Fahrzeug,Abbiegeunfall,Tageslicht,0,1,1,0,0,0,"360754,611","5644300,428",7.018338177,50.93350539,trocken,"5,20053E+18","Fuss, PKW"
84843,5,3,15,0,2020,Mai,14,Sonntag,Unfall mit Leichtverletzten,Zusammenstoß mit einbiegendem / kreuzendem Fahrzeug,Einbiegen / Kreuzen-Unfall,Tageslicht,0,1,0,0,0,0,"348895,4427","5643004,55",6.850224281,50.91887533,trocken,"5,20053E+18",PKW
84844,5,3,15,0,2020,Mai,8,Samstag,Unfall mit Leichtverletzten,Zusammenstoß mit vorausfahrendem / wartendem Fahrzeug,Unfall im Längsverkehr,Tageslicht,0,1,0,1,0,0,"361872,678","5648002,997",7.032835174,50.96705026,trocken,"5,20053E+18","Krad, PKW"
84845,5,3,15,0,2020,Mai,15,Sonntag,Unfall mit Leichtverletzten,Zusammenstoß mit anfahrendem/ anhaltendem/ruhendem Fahrzeug,Unfall durch ruhenden Verkehr,Tageslicht,0,1,0,0,0,0,"353175,3395","5645157,624",6.910203597,50.93932906,trocken,"5,20053E+18",PKW
84847,5,3,15,0,2020,Mai,10,Sonntag,Unfall mit Leichtverletzten,Zusammenstoß mit einbiegendem / kreuzendem Fahrzeug,Einbiegen / Kreuzen-Unfall,Tageslicht,0,1,0,0,0,0,"353923,739","5646744,671",6.920211678,50.95378138,trocken,"5,20053E+18",PKW
84848,5,3,15,0,2020,Mai,15,Sonntag,Unfall mit Leichtverletzten,Zusammenstoß mit vorausfahrendem / wartendem Fahrzeug,Unfall im Längsverkehr,Tageslicht,0,1,0,0,0,0,"355745,8335","5640047,49",6.948785561,50.89405382,trocken,"5,20053E+18",PKW
84849,5,3,15,0,2020,Mai,12,Samstag,Unfall mit Leichtverletzten,Zusammenstoß mit einbiegendem / kreuzendem Fahrzeug,Abbiegeunfall,Tageslicht,0,1,1,0,0,0,"353830,6511","5646582,425",6.918952399,50.95229974,trocken,"5,20053E+18","Fuss, PKW"
84850,5,3,15,0,2020,Mai,12,Sonntag,Unfall mit Leichtverletzten,Zusammenstoß mit entgegenkommendem Fahrzeug,Unfall im Längsverkehr,Tageslicht,0,1,0,0,0,0,"353951,1861","5636532,182",6.924688708,50.86201149,trocken,"5,20053E+18",PKW
84852,5,3,15,0,2020,Mai,12,Sonntag,Unfall mit Leichtverletzten,Unfall anderer Art,Abbiegeunfall,Tageslicht,1,1,0,0,0,0,"355289,0276","5645349,788",6.94019104,50.94159033,trocken,"5,20053E+18","Rad, PKW"
84853,5,3,15,0,2020,Mai,9,Samstag,Unfall mit Leichtverletzten,Unfall anderer Art,Unfall im Längsverkehr,Tageslicht,0,0,0,1,1,0,"355698,7393","5646726,143",6.945473442,50.95406203,trocken,"5,20053E+18","Krad, Gkfz"
84854,5,3,15,0,2020,Mai,10,Sonntag,Unfall mit Leichtverletzten,Unfall anderer Art,Einbiegen / Kreuzen-Unfall,Tageslicht,1,1,0,0,0,0,"356174,6866","5644622,366",6.953075985,50.9352747,trocken,"5,20053E+18","Rad, PKW"
84856,5,3,15,0,2020,Juni,12,Dienstag,Unfall mit Schwerverletzten,Unfall anderer Art,Unfall im Längsverkehr,Tageslicht,1,0,0,0,0,0,"355701,2254","5650615,041",6.943965723,50.98901122,trocken,"5,2006E+18",Rad
84857,5,3,15,0,2020,Mai,15,Sonntag,Unfall mit Leichtverletzten,Zusammenstoß mit seitlich in gleicher Richtung fahrendem Fahrzeug,Unfall im Längsverkehr,Tageslicht,0,1,0,1,0,0,"356090,247","5644640,64",6.951867843,50.93541786,trocken,"5,20053E+18","Krad, PKW"
84861,5,3,15,0,2020,Mai,20,Samstag,Unfall mit Leichtverletzten,Aufprall auf Fahrbahnhindernis,Fahrunfall,Tageslicht,1,0,0,0,0,0,"353643,0147","5646300,944",6.916396014,50.94972255,trocken,"5,20053E+18",Rad
84866,5,3,15,0,2020,Mai,9,Samstag,Unfall mit Leichtverletzten,Zusammenstoß mit einbiegendem / kreuzendem Fahrzeug,Abbiegeunfall,Tageslicht,1,0,0,1,0,0,"353379,548","5645782,283",6.912856665,50.94499459,trocken,"5,20053E+18","Rad, Krad"
84872,5,3,15,0,2020,Mai,9,Samstag,Unfall mit Leichtverletzten,Zusammenstoß mit anfahrendem/ anhaltendem/ruhendem Fahrzeug,Unfall durch ruhenden Verkehr,Tageslicht,0,1,0,0,0,0,"352127,3758","5647538,967",6.894331266,50.96046122,trocken,"5,20053E+18",PKW
84880,5,3,15,0,2020,Mai,13,Samstag,Unfall mit Leichtverletzten,Zusammenstoß mit vorausfahrendem / wartendem Fahrzeug,Unfall im Längsverkehr,Tageslicht,0,1,0,0,0,0,"358614,4733","5636992,865",6.990730402,50.86731083,trocken,"5,20053E+18",PKW
84894,5,3,15,0,2020,Mai,14,Samstag,Unfall mit Leichtverletzten,Unfall anderer Art,Abbiegeunfall,Tageslicht,1,1,0,0,0,0,"356087,224","5644640,704",6.951824824,50.93541768,trocken,"5,20053E+18","Rad, PKW"
84901,5,3,15,0,2020,Mai,11,Samstag,Unfall mit Leichtverletzten,Zusammenstoß mit seitlich in gleicher Richtung fahrendem Fahrzeug,Unfall im Längsverkehr,Tageslicht,1,0,0,0,0,0,"355643,343","5644711,233",6.945483879,50.93594057,trocken,"5,20053E+18",Rad
84926,5,3,15,0,2020,Juni,19,Dienstag,Unfall mit Leichtverletzten,Zusammenstoß mit seitlich in gleicher Richtung fahrendem Fahrzeug,Unfall im Längsverkehr,Tageslicht,1,0,0,0,0,0,"357171,872","5642970,856",6.967905386,50.92068049,trocken,"5,2006E+18",Rad
84987,5,3,15,0,2020,Mai,11,Sonntag,Unfall mit Leichtverletzten,Zusammenstoß mit vorausfahrendem / wartendem Fahrzeug,Unfall im Längsverkehr,Tageslicht,0,1,0,0,0,0,"365995,1124","5635863,291",7.095968833,50.85891656,trocken,"5,20053E+18",PKW
84997,5,3,15,0,2020,Juni,16,Dienstag,Unfall mit Leichtverletzten,Zusammenstoß mit anfahrendem/ anhaltendem/ruhendem Fahrzeug,Unfall durch ruhenden Verkehr,Tageslicht,1,1,0,0,0,0,"362599,1631","5648216,922",7.043094258,50.96914661,trocken,"5,2006E+18","Rad, PKW"
85024,5,3,15,0,2020,Mai,0,Montag,Unfall mit Leichtverletzten,Abkommen von Fahrbahn nach rechts,Sonstiger Unfall,Dunkelheit,0,0,0,1,0,0,"356944,409","5638909,764",6.966262572,50.8841272,trocken,"5,20053E+18",Krad