OBJECTID,ULAND,UREGBEZ,UKREIS,UGEMEINDE,UJAHR,UMONAT,USTUNDE,UWOCHENTAG,UKATEGORIE,UART,UTYP1,ULICHTVERH,IstRad,IstPKW,IstFuss,IstKrad,IstGkfz,IstSonstige,LINREFX,LINREFY,XGCSWGS84,YGCSWGS84,USTRZUSTAND,UIDENTSTLAE,Participants
85079,5,3,15,0,2020,Juni,10,Freitag,Unfall mit Leichtverletzten,Zusammenstoß mit seitlich in gleicher Richtung fahrendem Fahrzeug,Abbiegeunfall,Tageslicht,1,1,0,0,0,0,"355133,2473","5641355,159",6.939562139,50.9056523,trocken,"5,2006E+18","Rad, PKW"
85089,5,3,15,0,2020,Juni,9,Mittwoch,Unfall mit Leichtverletzten,Zusammenstoß mit einbiegendem / kreuzendem Fahrzeug,Einbiegen / Kreuzen-Unfall,Tageslicht,1,1,0,0,0,0,"365122,6807","5649716,79",7.078456727,50.98322308,trocken,"5,2006E+18","Rad, PKW"
85123,5,3,15,0,2020,Juni,19,Donnerstag,Unfall mit Leichtverletzten,Aufprall auf Fahrbahnhindernis,Sonstiger Unfall,Tageslicht,1,0,0,0,0,0,"354192,2091","5645941,881",6.924352867,50.94663495,trocken,"5,2006E+18",Rad
85147,5,3,15,0,2020,Juni,20,Freitag,Unfall mit Leichtverletzten,Zusammenstoß mit entgegenkommendem Fahrzeug,Fahrunfall,Tageslicht,0,1,0,0,0,0,"365711,9803","5650207,736",7.086665786,50.98777321,nass/feucht,"5,2006E+18",PKW
85189,5,3,15,0,2020,Juni,16,Freitag,Unfall mit Leichtverletzten,Abkommen von Fahrbahn nach rechts,Fahrunfall,Tageslicht,0,0,0,1,0,0,"352284,3509","5651243,26",6.895059824,50.99378998,nass/feucht,"5,2006E+18",Krad
85235,5,3,15,0,2020,Juni,14,Mittwoch,Unfall mit Leichtverletzten,Unfall anderer Art,Abbiegeunfall,Tageslicht,0,1,0,0,0,1,"358267,8957","5645505,704",6.982503036,50.9437315,trocken,"5,2006E+18","PKW, Sonstige"
85269,5,3,15,0,2020,Juni,17,Donnerstag,Unfall mit Leichtverletzten,Zusammenstoß mit einbiegendem / kreuzendem Fahrzeug,Einbiegen / Kreuzen-Unfall,Tageslicht,0,1,0,0,0,0,"354895,5066","5647925,863",6.933566774,50.9646419,trocken,"5,2006E+18",PKW
85295,5,3,15,0,2020,Juni,17,Freitag,Unfall mit Leichtverletzten,Unfall anderer Art,Fahrunfall,Tageslicht,0,0,0,0,0,1,"355188,3504","5644755,124",6.938995353,50.93622094,nass/feucht,"5,2006E+18",Sonstige
85305,5,3,15,0,2020,Juni,15,Mittwoch,Unfall mit Leichtverletzten,Zusammenstoß mit seitlich in gleicher Richtung fahrendem Fahrzeug,Unfall im Längsverkehr,Dunkelheit,0,1,0,0,1,0,"356884,2215","5644398,432",6.963255198,50.93343873,trocken,"5,2006E+18","PKW, Gkfz"
85337,5,3,15,0,2020,Juni,8,Donnerstag,Unfall mit Leichtverletzten,Zusammenstoß mit einbiegendem / kreuzendem Fahrzeug,Einbiegen / Kreuzen-Unfall,Tageslicht,1,0,0,0,0,0,"355882,9268","5644651,241",6.948915077,50.93546136,trocken,"5,2006E+18",Rad
85394,5,3,15,0,2020,Juni,17,Dienstag,Unfall mit Leichtverletzten,Abkommen von Fahrbahn nach rechts,Fahrunfall,Tageslicht,0,1,0,0,0,0,"361682,703","5635707,178",7.034792133,50.8564981,trocken,"5,20061E+18",PKW
85395,5,3,15,0,2020,Juni,16,Dienstag,Unfall mit Leichtverletzten,Zusammenstoß mit vorausfahrendem / wartendem Fahrzeug,Unfall im Längsverkehr,Tageslicht,0,1,0,1,0,0,"357889,2842","5644477,54",6.977518287,50.93439821,trocken,"5,20061E+18","Krad, PKW"
85400,5,3,15,0,2020,Juni,0,Dienstag,Unfall mit Leichtverletzten,Abkommen von Fahrbahn nach links,Fahrunfall,Dunkelheit,0,1,0,0,0,0,"355450,6647","5635206,783",6.946504536,50.85047701,trocken,"5,20061E+18",PKW
85403,5,3,15,0,2020,Juni,14,Dienstag,Unfall mit Leichtverletzten,Zusammenstoß mit einbiegendem / kreuzendem Fahrzeug,Einbiegen / Kreuzen-Unfall,Tageslicht,1,1,0,0,0,0,"354706,467","5643073,683",6.932811943,50.92098904,trocken,"5,20061E+18","Rad, PKW"
85439,5,3,15,0,2020,Juni,20,Donnerstag,Unfall mit Leichtverletzten,Zusammenstoß zwischen Fahrzeug und Fußgänger,Überschreiten-Unfall,Tageslicht,0,1,1,0,0,0,"362271,1313","5651586,087",7.037148311,50.99934779,trocken,"5,20061E+18","Fuss, PKW"
85449,5,3,15,0,2020,Juni,17,Mittwoch,Unfall mit Leichtverletzten,Zusammenstoß mit entgegenkommendem Fahrzeug,Unfall im Längsverkehr,Tageslicht,1,0,0,0,0,0,"352230,7087","5651204,143",6.894311892,50.99342469,trocken,"5,20061E+18",Rad
85489,5,3,15,0,2020,Juni,23,Mittwoch,Unfall mit Leichtverletzten,Abkommen von Fahrbahn nach links,Fahrunfall,Dunkelheit,0,1,0,0,0,0,"347994,6345","5659553,098",6.830492713,51.0673453,nass/feucht,"5,20061E+18",PKW
85511,5,3,15,0,2020,Juni,8,Donnerstag,Unfall mit Leichtverletzten,Unfall anderer Art,Unfall durch ruhenden Verkehr,Tageslicht,1,1,0,0,0,0,"354510,7481","5643568,467",6.92983186,50.92538623,trocken,"5,20061E+18","Rad, PKW"
85560,5,3,15,0,2020,Juni,13,Montag,Unfall mit Leichtverletzten,Unfall anderer Art,Sonstiger Unfall,Tageslicht,1,0,0,0,0,0,"356497,284","5651738,667",6.954856613,50.999308,trocken,"5,20061E+18",Rad
85564,5,3,15,0,2020,Juni,18,Montag,Unfall mit Leichtverletzten,Unfall anderer Art,Fahrunfall,Tageslicht,1,0,0,0,0,0,"355794,3885","5641181,218",6.9490278,50.90425463,trocken,"5,20061E+18",Rad
85567,5,3,15,0,2020,Juni,0,Montag,Unfall mit Leichtverletzten,Zusammenstoß zwischen Fahrzeug und Fußgänger,Überschreiten-Unfall,Dunkelheit,1,0,1,0,0,0,"355189,6793","5644798,405",6.938997054,50.93661023,trocken,"5,20061E+18","Rad, Fuss"
85594,5,3,15,0,2020,Juni,9,Donnerstag,Unfall mit Leichtverletzten,Zusammenstoß mit anfahrendem/ anhaltendem/ruhendem Fahrzeug,Einbiegen / Kreuzen-Unfall,Tageslicht,1,1,0,0,0,0,"361248,539","5647819,579",7.024021989,50.96525185,trocken,"5,20061E+18","Rad, PKW"
85604,5,3,15,0,2020,Juni,15,Mittwoch,Unfall mit Leichtverletzten,Zusammenstoß mit einbiegendem / kreuzendem Fahrzeug,Einbiegen / Kreuzen-Unfall,Tageslicht,0,1,0,0,0,0,"366313,6162","5642657,424",7.098005682,50.92005403,trocken,"5,20061E+18",PKW
85639,5,3,15,0,2020,Juni,16,Samstag,Unfall mit Leichtverletzten,Zusammenstoß mit vorausfahrendem / wartendem Fahrzeug,Unfall im Längsverkehr,Tageslicht,0,1,0,0,0,0,"352399,0807","5651302,336",6.89666953,50.9943503,nass/feucht,"5,20061E+18",PKW
85646,5,3,15,0,2020,Juni,16,Samstag,Unfall mit Leichtverletzten,Zusammenstoß mit einbiegendem / kreuzendem Fahrzeug,Einbiegen / Kreuzen-Unfall,Tageslicht,1,1,0,0,0,0,"354896,9738","5647927,798",6.933586882,50.96465966,nass/feucht,"5,20061E+18","Rad, PKW"
85651,5,3,15,0,2020,Juni,12,Samstag,Unfall mit Leichtverletzten,Zusammenstoß mit anfahrendem/ anhaltendem/ruhendem Fahrzeug,Unfall im Längsverkehr,Tageslicht,1,1,0,0,0,0,"356254,4131","5648380,871",6.952725883,50.96907163,nass/feucht,"5,20061E+18","Rad, PKW"
85658,5,3,15,0,2020,Juni,17,Samstag,Unfall mit Leichtverletzten,Zusammenstoß mit einbiegendem / kreuzendem Fahrzeug,Einbiegen / Kreuzen-Unfall,Tageslicht,1,1,0,0,0,0,"350128,9276","5643370,056",6.867609924,50.92248159,nass/feucht,"5,20061E+18","Rad, PKW"
85661,5,3,15,0,2020,Juni,8,Samstag,Unfall mit Leichtverletzten,Zusammenstoß mit einbiegendem / kreuzendem Fahrzeug,Abbiegeunfall,Tageslicht,1,1,0,0,0,0,"354781,632","5646150,696",6.932654475,50.9486603,nass/feucht,"5,20061E+18","Rad, PKW"
85664,5,3,15,0,2020,Juni,17,Sonntag,Unfall mit Leichtverletzten,Unfall anderer Art,Unfall durch ruhenden Verkehr,Tageslicht,1,1,0,0,0,0,"359663,6353","5644819,478",7.002622181,50.93790573,trocken,"5,20061E+18","Rad, PKW"
85665,5,3,15,0,2020,Juni,14,Donnerstag,Unfall mit Leichtverletzten,Zusammenstoß mit vorausfahrendem / wartendem Fahrzeug,Unfall im Längsverkehr,Tageslicht,0,1,0,0,0,0,"349359,3354","5643149,185",6.856759439,50.92029636,nass/feucht,"5,20061E+18",PKW
85666,5,3,15,0,2020,Juni,17,Samstag,Unfall mit Leichtverletzten,Zusammenstoß mit vorausfahrendem / wartendem Fahrzeug,Unfall im Längsverkehr,Tageslicht,0,1,0,0,0,0,"350401,058","5645065,641",6.870783125,50.9377894,nass/feucht,"5,20061E+18",PKW
85668,5,3,15,0,2020,Juni,9,Sonntag,Unfall mit Leichtverletzten,Unfall anderer Art,Sonstiger Unfall,Tageslicht,0,1,0,1,0,0,"359996,5577","5647635,554",7.006274668,50.9632951,nass/feucht,"5,20061E+18","Krad, PKW"
85671,5,3,15,0,2020,Juni,16,Sonntag,Unfall mit Leichtverletzten,Abkommen von Fahrbahn nach links,Sonstiger Unfall,Tageslicht,0,1,0,0,0,0,"352518,179","5651494,643",6.898287379,50.99610899,trocken,"5,20061E+18",PKW
85676,5,3,15,0,2020,Juni,16,Mittwoch,Unfall mit Leichtverletzten,Zusammenstoß mit einbiegendem / kreuzendem Fahrzeug,Einbiegen / Kreuzen-Unfall,Tageslicht,1,1,0,0,0,0,"348405,41","5656478,863",6.83763857,51.03982885,trocken,"5,20061E+18","Rad, PKW"
85714,5,3,15,0,2020,Juni,19,Mittwoch,Unfall mit Schwerverletzten,Zusammenstoß mit vorausfahrendem / wartendem Fahrzeug,Unfall im Längsverkehr,Tageslicht,0,1,0,1,0,0,"358178,3855","5639920,149",6.983401452,50.89351185,trocken,"5,20061E+18","Krad, PKW"
85720,5,3,15,0,2020,Juni,13,Donnerstag,Unfall mit Leichtverletzten,Zusammenstoß zwischen Fahrzeug und Fußgänger,Abbiegeunfall,Tageslicht,0,1,1,0,0,0,"365301,9435","5635709,833",7.086182155,50.85737628,nass/feucht,"5,20061E+18","Fuss, PKW"
85737,5,3,15,0,2020,Juni,13,Donnerstag,Unfall mit Leichtverletzten,Zusammenstoß mit entgegenkommendem Fahrzeug,Unfall im Längsverkehr,Tageslicht,1,0,0,0,0,0,"355448,8928","5645728,285",6.942314778,50.9450319,trocken,"5,20061E+18",Rad
85761,5,3,15,0,2020,Juni,2,Sonntag,Unfall mit Schwerverletzten,Abkommen von Fahrbahn nach links,Fahrunfall,Dunkelheit,0,1,0,0,0,0,"365891,46","5639119,336",7.093302867,50.88815693,trocken,"5,20061E+18",PKW
85762,5,3,15,0,2020,Juni,5,Sonntag,Unfall mit Leichtverletzten,Abkommen von Fahrbahn nach links,Sonstiger Unfall,Tageslicht,0,1,0,0,0,0,"348535,9","5643903,268",6.844739635,50.92685718,trocken,"5,20061E+18",PKW
85772,5,3,15,0,2020,Juni,18,Samstag,Unfall mit Schwerverletzten,Unfall anderer Art,Fahrunfall,Tageslicht,1,0,0,0,0,0,"355955,79","5649742,911",6.947936097,50.98123737,trocken,"5,20061E+18",Rad
85778,5,3,15,0,2020,Juni,21,Samstag,Unfall mit Leichtverletzten,Zusammenstoß mit seitlich in gleicher Richtung fahrendem Fahrzeug,Unfall im Längsverkehr,Tageslicht,0,1,0,0,0,1,"360628,6582","5653767,141",7.012917797,51.01855359,trocken,"5,20061E+18","PKW, Sonstige"
85801,5,3,15,0,2020,Juni,15,Dienstag,Unfall mit Leichtverletzten,Unfall anderer Art,Fahrunfall,Tageslicht,1,0,0,0,0,0,"355668,2671","5650693,972",6.943465083,50.98971228,trocken,"5,20062E+18",Rad
85806,5,3,15,0,2020,Juni,10,Sonntag,Unfall mit Leichtverletzten,Zusammenstoß mit einbiegendem / kreuzendem Fahrzeug,Einbiegen / Kreuzen-Unfall,Tageslicht,1,1,0,0,0,0,"362898,437","5651574,906",7.046087045,50.99939711,trocken,"5,20061E+18","Rad, PKW"
85820,5,3,15,0,2020,Juni,17,Samstag,Unfall mit Leichtverletzten,Zusammenstoß mit einbiegendem / kreuzendem Fahrzeug,Einbiegen / Kreuzen-Unfall,Tageslicht,1,1,0,0,0,0,"350502,773","5652072,549",6.869349691,51.00078219,trocken,"5,20061E+18","Rad, PKW"
85841,5,3,15,0,2020,Juni,19,Mittwoch,Unfall mit Leichtverletzten,Abkommen von Fahrbahn nach rechts,Fahrunfall,Tageslicht,0,1,0,0,0,0,"356831,8959","5644037,861",6.962652662,50.93018533,nass/feucht,"5,20062E+18",PKW
85842,5,3,15,0,2020,Juni,13,Samstag,Unfall mit Leichtverletzten,Zusammenstoß mit vorausfahrendem / wartendem Fahrzeug,Unfall durch ruhenden Verkehr,Tageslicht,1,1,0,0,0,0,"354774,7875","5645587,199",6.932781805,50.94359458,trocken,"5,20061E+18","Rad, PKW"
85861,5,3,15,0,2020,Juni,8,Samstag,Unfall mit Schwerverletzten,Unfall anderer Art,Sonstiger Unfall,Tageslicht,1,1,0,0,0,0,"351738,756","5643568,261",6.890417554,50.92467867,trocken,"5,20061E+18","Rad, PKW"
85869,5,3,15,0,2020,Juni,17,Dienstag,Unfall mit Schwerverletzten,Zusammenstoß mit vorausfahrendem / wartendem Fahrzeug,Unfall im Längsverkehr,Tageslicht,0,1,0,0,0,0,"361739,419","5648156,451",7.030880211,50.96839742,trocken,"5,20062E+18",PKW
85874,5,3,15,0,2020,Juni,14,Sonntag,Unfall mit Leichtverletzten,Unfall anderer Art,Unfall im Längsverkehr,Tageslicht,0,1,0,0,0,0,"365861,878","5635837,457",7.094086336,50.85865348,trocken,"5,20061E+18",PKW
85887,5,3,15,0,2020,Juni,17,Mittwoch,Unfall mit Leichtverletzten,Zusammenstoß mit seitlich in gleicher Richtung fahrendem Fahrzeug,Unfall im Längsverkehr,Tageslicht,0,1,0,0,1,0,"348559,901","5643785,951",6.845129627,50.92580924,trocken,"5,20062E+18","PKW, Gkfz"
85888,5,3,15,0,2020,Juni,20,Montag,Unfall mit Leichtverletzten,Zusammenstoß mit vorausfahrendem / wartendem Fahrzeug,Unfall im Längsverkehr,Tageslicht,1,1,0,0,0,0,"355300,1842","5644127,419",6.940835126,50.93060796,trocken,"5,20061E+18","Rad, PKW"
85891,5,3,15,0,2020,Juni,17,Dienstag,Unfall mit Leichtverletzten,Zusammenstoß mit entgegenkommendem Fahrzeug,Fahrunfall,Tageslicht,1,1,1,0,0,0,"356838,1114","5644044,75",6.962738346,50.93024878,trocken,"5,20062E+18","Rad, Fuss, PKW"
85896,5,3,15,0,2020,Juni,9,Sonntag,Unfall mit Leichtverletzten,Zusammenstoß mit vorausfahrendem / wartendem Fahrzeug,Unfall im Längsverkehr,Tageslicht,0,1,0,0,0,0,"355002,987","5652145,831",6.933412619,51.00259244,trocken,"5,20061E+18",PKW
85930,5,3,15,0,2020,Juni,13,Samstag,Unfall mit Leichtverletzten,Zusammenstoß zwischen Fahrzeug und Fußgänger,Überschreiten-Unfall,Tageslicht,1,0,1,0,0,0,"354480,0236","5642748,963",6.92972198,50.9180138,trocken,"5,20061E+18","Rad, Fuss"
85935,5,3,15,0,2020,Juni,10,Mittwoch,Unfall mit Leichtverletzten,Zusammenstoß mit seitlich in gleicher Richtung fahrendem Fahrzeug,Abbiegeunfall,Tageslicht,1,0,0,0,0,1,"355133,2473","5641355,159",6.939562139,50.9056523,nass/feucht,"5,20062E+18","Rad, Sonstige"
85953,5,3,15,0,2020,Juni,17,Freitag,Unfall mit Leichtverletzten,Zusammenstoß mit einbiegendem / kreuzendem Fahrzeug,Abbiegeunfall,Tageslicht,0,1,0,1,0,0,"362039,2373","5640237,034",7.038145341,50.89729498,trocken,"5,20061E+18","Krad, PKW"
85957,5,3,15,0,2020,Juni,7,Freitag,Unfall mit Schwerverletzten,Unfall anderer Art,Fahrunfall,Tageslicht,0,0,0,1,0,0,"358601,0795","5642687,86",6.988335753,50.91848919,nass/feucht,"5,20061E+18",Krad
85959,5,3,15,0,2020,Juni,15,Freitag,Unfall mit Leichtverletzten,Zusammenstoß mit seitlich in gleicher Richtung fahrendem Fahrzeug,Unfall durch ruhenden Verkehr,Tageslicht,1,0,0,0,0,1,"353175,8383","5645158,325",6.910210409,50.93933549,trocken,"5,20061E+18","Rad, Sonstige"
85963,5,3,15,0,2020,Juni,17,Freitag,Unfall mit Leichtverletzten,Zusammenstoß mit vorausfahrendem / wartendem Fahrzeug,Unfall im Längsverkehr,Tageslicht,1,0,0,0,0,0,"354490,3669","5644827,575",6.929039424,50.93669635,trocken,"5,20061E+18",Rad
85971,5,3,15,0,2020,Juni,23,Freitag,Unfall mit Leichtverletzten,Unfall anderer Art,Fahrunfall,Dunkelheit,1,0,0,0,0,0,"353046,3211","5643888,092",6.908880448,50.92788741,trocken,"5,20061E+18",Rad
85975,5,3,15,0,2020,Juni,22,Freitag,Unfall mit Leichtverletzten,Unfall anderer Art,Sonstiger Unfall,Dämmerung,0,0,0,0,0,1,"355707,318","5644687,06",6.946403332,50.93573934,trocken,"5,20061E+18",Sonstige
85992,5,3,15,0,2020,Juni,10,Sonntag,Unfall mit Leichtverletzten,Abkommen von Fahrbahn nach rechts,Fahrunfall,Tageslicht,0,1,0,0,0,0,"363267,6194","5649215,154",7.052233348,50.97827712,trocken,"5,20061E+18",PKW
86027,5,3,15,0,2020,Juni,8,Mittwoch,Unfall mit Leichtverletzten,Unfall anderer Art,Fahrunfall,Tageslicht,1,0,0,0,0,0,"353477,0806","5643042,533",6.915345482,50.92039823,nass/feucht,"5,20062E+18",Rad
86033,5,3,15,0,2020,Juni,12,Samstag,Unfall mit Leichtverletzten,Zusammenstoß mit vorausfahrendem / wartendem Fahrzeug,Unfall im Längsverkehr,Tageslicht,0,1,0,0,0,1,"360922,7074","5645946,225",7.020100582,50.94833709,trocken,"5,20061E+18","PKW, Sonstige"
86037,5,3,15,0,2020,Juni,8,Samstag,Unfall mit Getöteten,Abkommen von Fahrbahn nach rechts,Sonstiger Unfall,Tageslicht,0,0,0,1,0,0,"363937,1226","5643472,928",7.063910796,50.92682787,trocken,"5,20061E+18",Krad
86061,5,3,15,0,2020,Juni,12,Sonntag,Unfall mit Leichtverletzten,Zusammenstoß zwischen Fahrzeug und Fußgänger,Überschreiten-Unfall,Tageslicht,0,1,1,0,0,0,"362191,5146","5640190,216",7.040327095,50.89691056,trocken,"5,20061E+18","Fuss, PKW"
86069,5,3,15,0,2020,Juni,15,Samstag,Unfall mit Leichtverletzten,Zusammenstoß mit vorausfahrendem / wartendem Fahrzeug,Unfall im Längsverkehr,Tageslicht,0,1,0,0,0,0,"361431,7869","5645338,101",7.027574597,50.94299433,trocken,"5,20061E+18",PKW
86076,5,3,15,0,2020,Juni,17,Mittwoch,Unfall mit Leichtverletzten,Zusammenstoß mit vorausfahrendem / wartendem Fahrzeug,Unfall im Längsverkehr,Tageslicht,0,1,0,0,0,0,"352296,21","5651248,974",6.89522637,50.99384438,nass/feucht,"5,20062E+18",PKW
86077,5,3,15,0,2020,Juni,19,Montag,Unfall mit Leichtverletzten,Abkommen von Fahrbahn nach links,Unfall durch ruhenden Verkehr,Tageslicht,1,1,0,0,0,0,"352030,156","5643610,673",6.894543625,50.92513462,trocken,"5,20061E+18","Rad, PKW"
86080,5,3,15,0,2020,Juni,17,Dienstag,Unfall mit Leichtverletzten,Zusammenstoß mit einbiegendem / kreuzendem Fahrzeug,Sonstiger Unfall,Tageslicht,1,1,0,0,0,0,"354131,1985","5636485,741",6.927263354,50.86163958,trocken,"5,20062E+18","Rad, PKW"
86085,5,3,15,0,2020,Juni,19,Sonntag,Unfall mit Leichtverletzten,Zusammenstoß mit seitlich in gleicher Richtung fahrendem Fahrzeug,Unfall durch ruhenden Verkehr,Tageslicht,1,1,0,0,0,0,"362421,0546","5648164,27",7.040579083,50.96863089,trocken,"5,20061E+18","Rad, PKW"
86098,5,3,15,0,2020,Juni,21,Mittwoch,Unfall mit Leichtverletzten,Zusammenstoß mit einbiegendem / kreuzendem Fahrzeug,Abbiegeunfall,Tageslicht,0,1,0,0,0,0,"352524,765","5651484,368",6.898385339,50.99601834,trocken,"5,20062E+18",PKW
86112,5,3,15,0,2020,Juni,17,Samstag,Unfall mit Leichtverletzten,Zusammenstoß mit anfahrendem/ anhaltendem/ruhendem Fahrzeug,Unfall im Längsverkehr,Tageslicht,0,1,0,0,0,0,"362599,818","5643837,731",7.044756087,50.92978952,trocken,"5,20061E+18",PKW
86124,5,3,15,0,2020,Juni,8,Dienstag,Unfall mit Schwerverletzten,Zusammenstoß mit vorausfahrendem / wartendem Fahrzeug,Unfall im Längsverkehr,Tageslicht,0,1,0,0,0,0,"361626,0133","5642500,976",7.031414539,50.91754291,trocken,"5,20062E+18",PKW
86128,5,3,15,0,2020,Juni,16,Sonntag,Unfall mit Leichtverletzten,Zusammenstoß mit seitlich in gleicher Richtung fahrendem Fahrzeug,Unfall im Längsverkehr,Tageslicht,0,1,0,0,1,0,"362227,9962","5645832,474",7.038713967,50.94762823,trocken,"5,20061E+18","PKW, Gkfz"
86175,5,3,15,0,2020,Juni,11,Sonntag,Unfall mit Leichtverletzten,Zusammenstoß mit seitlich in gleicher Richtung fahrendem Fahrzeug,Unfall im Längsverkehr,Tageslicht,1,0,0,0,0,0,"364850,926","5645482,539",7.076160442,50.94510411,trocken,"5,20061E+18",Rad
86207,5,3,15,0,2020,Juni,8,Mittwoch,Unfall mit Leichtverletzten,Zusammenstoß mit vorausfahrendem / wartendem Fahrzeug,Unfall im Längsverkehr,Tageslicht,0,1,0,0,0,0,"353567,8109","5642752,852",6.916751728,50.917818,nass/feucht,"5,20062E+18",PKW
86213,5,3,15,0,2020,Juni,11,Samstag,Unfall mit Leichtverletzten,Zusammenstoß mit anfahrendem/ anhaltendem/ruhendem Fahrzeug,Unfall durch ruhenden Verkehr,Tageslicht,1,1,0,0,0,0,"359767,5192","5649511,251",7.002291848,50.98009643,trocken,"5,20061E+18","Rad, PKW"
86217,5,3,15,0,2020,Juni,17,Samstag,Unfall mit Leichtverletzten,Zusammenstoß mit einbiegendem / kreuzendem Fahrzeug,Abbiegeunfall,Tageslicht,0,1,0,1,0,0,"360239,491","5647084,129",7.009943731,50.95839836,trocken,"5,20061E+18","Krad, PKW"
86227,5,3,15,0,2020,Juni,18,Freitag,Unfall mit Leichtverletzten,Zusammenstoß mit einbiegendem / kreuzendem Fahrzeug,Abbiegeunfall,Tageslicht,1,1,0,0,0,0,"354187,227","5644951,474",6.924678439,50.93773322,trocken,"5,20062E+18","Rad, PKW"
86228,5,3,15,0,2020,Juni,8,Samstag,Unfall mit Leichtverletzten,Unfall anderer Art,Sonstiger Unfall,Tageslicht,1,0,0,0,0,0,"355826,9236","5641175,412",6.949492509,50.90421058,trocken,"5,20062E+18",Rad
86233,5,3,15,0,2020,Juni,18,Freitag,Unfall mit Leichtverletzten,Zusammenstoß mit einbiegendem / kreuzendem Fahrzeug,Abbiegeunfall,Tageslicht,1,1,0,0,0,0,"354856,7848","5644406,243",6.934418634,50.93300228,trocken,"5,20062E+18","Rad, PKW"
86284,5,3,15,0,2020,Juni,14,Sonntag,Unfall mit Leichtverletzten,Zusammenstoß mit seitlich in gleicher Richtung fahrendem Fahrzeug,Unfall im Längsverkehr,Tageslicht,0,1,0,1,0,0,"348479,9651","5649996,451",6.841408132,50.98159699,trocken,"5,20062E+18","Krad, PKW"
86295,5,3,15,0,2020,Juni,12,Samstag,Unfall mit Leichtverletzten,Zusammenstoß zwischen Fahrzeug und Fußgänger,Abbiegeunfall,Tageslicht,0,1,1,0,0,0,"356289,6153","5648107,794",6.953334794,50.96662632,trocken,"5,20062E+18","Fuss, PKW"
86348,5,3,15,0,2020,Juni,13,Montag,Unfall mit Leichtverletzten,Zusammenstoß mit einbiegendem / kreuzendem Fahrzeug,Einbiegen / Kreuzen-Unfall,Tageslicht,1,1,0,0,0,0,"365886,165","5634438,108",7.094943795,50.84608211,trocken,"5,20062E+18","Rad, PKW"
86355,5,3,15,0,2020,Juni,16,Freitag,Unfall mit Leichtverletzten,Zusammenstoß mit vorausfahrendem / wartendem Fahrzeug,Unfall im Längsverkehr,Tageslicht,0,1,0,0,0,0,"356928,5213","5634722,204",6.967674377,50.84648949,trocken,"5,20062E+18",PKW
86357,5,3,15,0,2020,Juni,16,Freitag,Unfall mit Leichtverletzten,Zusammenstoß mit vorausfahrendem / wartendem Fahrzeug,Unfall im Längsverkehr,Tageslicht,0,1,0,0,0,0,"365960,4874","5637762,762",7.094781164,50.87598047,trocken,"5,20062E+18",PKW
86371,5,3,15,0,2020,Juni,23,Sonntag,Unfall mit Schwerverletzten,Zusammenstoß mit einbiegendem / kreuzendem Fahrzeug,Einbiegen / Kreuzen-Unfall,Dunkelheit,1,1,0,0,0,0,"357144,441","5646222,34",6.966240743,50.94989457,trocken,"5,20062E+18","Rad, PKW"
86381,5,3,15,0,2020,Juni,13,Samstag,Unfall mit Leichtverletzten,Zusammenstoß mit vorausfahrendem / wartendem Fahrzeug,Unfall im Längsverkehr,Tageslicht,1,1,0,0,0,0,"353992,7707","5646082,222",6.92145949,50.94784567,trocken,"5,20062E+18","Rad, PKW"
86437,5,3,15,0,2020,Juni,20,Montag,Unfall mit Leichtverletzten,Unfall anderer Art,Fahrunfall,Tageslicht,1,0,0,0,0,0,"355665,819","5650699,834",6.943427896,50.98976436,trocken,"5,20062E+18",Rad
86457,5,3,15,0,2020,Juni,15,Samstag,Unfall mit Leichtverletzten,Zusammenstoß mit vorausfahrendem / wartendem Fahrzeug,Unfall im Längsverkehr,Tageslicht,0,1,0,0,0,0,"350705,0625","5651017,259",6.872664447,50.99135156,trocken,"5,20062E+18",PKW
86472,5,3,15,0,2020,Juni,16,Donnerstag,Unfall mit Leichtverletzten,Zusammenstoß mit vorausfahrendem / wartendem Fahrzeug,Unfall im Längsverkehr,Tageslicht,0,1,0,0,0,0,"362626,5502","5648225,02",7.043481011,50.96922592,trocken,"5,20062E+18",PKW
86473,5,3,15,0,2020,Juni,10,Donnerstag,Unfall mit Schwerverletzten,Zusammenstoß zwischen Fahrzeug und Fußgänger,Sonstiger Unfall,Tageslicht,0,1,1,0,0,0,"362896,6272","5648343,872",7.047280343,50.97035843,trocken,"5,20062E+18","Fuss, PKW"
86475,5,3,15,0,2020,Juni,10,Donnerstag,Unfall mit Leichtverletzten,Zusammenstoß mit einbiegendem / kreuzendem Fahrzeug,Abbiegeunfall,Tageslicht,0,1,0,1,0,0,"356310,3293","5647870,111",6.953723474,50.96449548,trocken,"5,20062E+18","Krad, PKW"
86476,5,3,15,0,2020,Juni,16,Donnerstag,Unfall mit Schwerverletzten,Zusammenstoß mit entgegenkommendem Fahrzeug,Unfall im Längsverkehr,Tageslicht,0,1,0,0,0,0,"350355,008","5643435,448",6.870797423,50.92312791,trocken,"5,20062E+18",PKW
86477,5,3,15,0,2020,Juni,17,Samstag,Unfall mit Schwerverletzten,Abkommen von Fahrbahn nach links,Fahrunfall,Tageslicht,0,0,0,0,0,1,"360027,3643","5649146,95",7.006131396,50.97688565,trocken,"5,20062E+18",Sonstige
86482,5,3,15,0,2020,Juni,23,Donnerstag,Unfall mit Leichtverletzten,Zusammenstoß mit seitlich in gleicher Richtung fahrendem Fahrzeug,Abbiegeunfall,Dunkelheit,0,1,0,0,0,1,"348635,8986","5645165,126",6.845637454,50.93822279,nass/feucht,"5,20062E+18","PKW, Sonstige"