OBJECTID,ULAND,UREGBEZ,UKREIS,UGEMEINDE,UJAHR,UMONAT,USTUNDE,UWOCHENTAG,UKATEGORIE,UART,UTYP1,ULICHTVERH,IstRad,IstPKW,IstFuss,IstKrad,IstGkfz,IstSonstige,LINREFX,LINREFY,XGCSWGS84,YGCSWGS84,USTRZUSTAND,UIDENTSTLAE,Participants
87981,5,3,15,0,2020,Juli,11,Samstag,Unfall mit Leichtverletzten,Zusammenstoß mit einbiegendem / kreuzendem Fahrzeug,Einbiegen / Kreuzen-Unfall,Tageslicht,1,1,0,0,0,0,"361221,9717","5649530,95",7.02299074,50.98062586,trocken,"5,2007E+18","Rad, PKW"
87982,5,3,15,0,2020,Juli,10,Samstag,Unfall mit Leichtverletzten,Zusammenstoß mit einbiegendem / kreuzendem Fahrzeug,Einbiegen / Kreuzen-Unfall,Tageslicht,0,1,0,0,0,0,"354990,3362","5646355,4",6.935542025,50.95055246,trocken,"5,2007E+18",PKW
87983,5,3,15,0,2020,Juli,16,Mittwoch,Unfall mit Leichtverletzten,Zusammenstoß mit vorausfahrendem / wartendem Fahrzeug,Unfall im Längsverkehr,Tageslicht,0,1,0,0,0,0,"354416,9157","5653650,097",6.924461925,51.01596265,trocken,"5,20071E+18",PKW
87984,5,3,15,0,2020,Juli,22,Samstag,Unfall mit Leichtverletzten,Zusammenstoß mit einbiegendem / kreuzendem Fahrzeug,Abbiegeunfall,Dämmerung,1,1,0,0,0,0,"356109,9589","5643378,334",6.95264646,50.9240786,trocken,"5,2007E+18","Rad, PKW"
87986,5,3,15,0,2020,Juli,13,Mittwoch,Unfall mit Leichtverletzten,Unfall anderer Art,Unfall im Längsverkehr,Tageslicht,1,1,0,0,0,0,"356451,0844","5646970,046",6.956081656,50.95644183,trocken,"5,20071E+18","Rad, PKW"
87987,5,3,15,0,2020,Juli,20,Samstag,Unfall mit Leichtverletzten,Unfall anderer Art,Fahrunfall,Tageslicht,0,0,0,0,0,1,"357036,4949","5643403,495",6.965810992,50.92453507,trocken,"5,2007E+18",Sonstige
88006,5,3,15,0,2020,Juli,6,Montag,Unfall mit Leichtverletzten,Zusammenstoß zwischen Fahrzeug und Fußgänger,Überschreiten-Unfall,Tageslicht,0,0,1,0,0,1,"364326,532","5638462,224",7.071310743,50.88188566,trocken,"5,20071E+18","Fuss, Sonstige"
88008,5,3,15,0,2020,Juli,3,Montag,Unfall mit Leichtverletzten,Unfall anderer Art,Überschreiten-Unfall,Dunkelheit,0,1,1,0,0,0,"355251,8989","5644761,526",6.939896627,50.93629443,nass/feucht,"5,20071E+18","Fuss, PKW"
88015,5,3,15,0,2020,Juli,17,Montag,Unfall mit Leichtverletzten,Unfall anderer Art,Fahrunfall,Tageslicht,1,0,0,0,0,0,"355222,275","5646562,787",6.938759311,50.9524745,nass/feucht,"5,20071E+18",Rad
88017,5,3,15,0,2020,Juli,4,Montag,Unfall mit Schwerverletzten,Aufprall auf Fahrbahnhindernis,Fahrunfall,Dämmerung,0,0,0,0,0,1,"354531,6976","5643521,754",6.930148379,50.92497171,nass/feucht,"5,20071E+18",Sonstige
88043,5,3,15,0,2020,Juli,20,Mittwoch,Unfall mit Leichtverletzten,Zusammenstoß mit einbiegendem / kreuzendem Fahrzeug,Unfall durch ruhenden Verkehr,Tageslicht,1,1,0,0,0,0,"347793,4","5648193,515",6.832389292,50.96521455,trocken,"5,20071E+18","Rad, PKW"
88055,5,3,15,0,2020,Juli,9,Dienstag,Unfall mit Leichtverletzten,Zusammenstoß mit vorausfahrendem / wartendem Fahrzeug,Unfall im Längsverkehr,Tageslicht,0,1,0,0,0,0,"361455,3877","5647879,294",7.026943137,50.96583831,trocken,"5,20071E+18",PKW
88056,5,3,15,0,2020,Juli,15,Donnerstag,Unfall mit Leichtverletzten,Zusammenstoß mit einbiegendem / kreuzendem Fahrzeug,Einbiegen / Kreuzen-Unfall,Tageslicht,1,1,0,0,0,0,"356744,9315","5643061,036",6.961799748,50.92138509,nass/feucht,"5,20071E+18","Rad, PKW"
88063,5,3,15,0,2020,Juli,21,Donnerstag,Unfall mit Leichtverletzten,Unfall anderer Art,Fahrunfall,Dämmerung,1,0,0,0,0,0,"355305,3521","5645431,912",6.940390621,50.94233245,nass/feucht,"5,20071E+18",Rad
88083,5,3,15,0,2020,Juli,11,Sonntag,Unfall mit Leichtverletzten,Zusammenstoß mit vorausfahrendem / wartendem Fahrzeug,Unfall im Längsverkehr,Tageslicht,0,0,0,1,0,0,"357680,938","5644222,168",6.974654861,50.9320518,trocken,"5,20071E+18",Krad
88099,5,3,15,0,2020,Juli,16,Sonntag,Unfall mit Leichtverletzten,Zusammenstoß mit vorausfahrendem / wartendem Fahrzeug,Unfall im Längsverkehr,Tageslicht,0,1,0,0,0,1,"356970,4729","5645882,497",6.963899207,50.94679729,trocken,"5,20071E+18","PKW, Sonstige"
88111,5,3,15,0,2020,Juli,13,Freitag,Unfall mit Schwerverletzten,Zusammenstoß mit einbiegendem / kreuzendem Fahrzeug,Einbiegen / Kreuzen-Unfall,Tageslicht,0,1,0,0,0,0,"351738,756","5643568,261",6.890417554,50.92467867,trocken,"5,20071E+18",PKW
88148,5,3,15,0,2020,Juli,14,Sonntag,Unfall mit Leichtverletzten,Zusammenstoß zwischen Fahrzeug und Fußgänger,Überschreiten-Unfall,Tageslicht,1,0,1,0,0,0,"353456,9874","5644122,483",6.914625776,50.93009827,trocken,"5,20071E+18","Rad, Fuss"
88179,5,3,15,0,2020,Juli,12,Freitag,Unfall mit Leichtverletzten,Zusammenstoß mit einbiegendem / kreuzendem Fahrzeug,Einbiegen / Kreuzen-Unfall,Tageslicht,0,1,0,0,0,1,"352432,621","5651388,485",6.897112135,50.99513307,trocken,"5,20071E+18","PKW, Sonstige"
88193,5,3,15,0,2020,Juli,14,Freitag,Unfall mit Leichtverletzten,Zusammenstoß mit vorausfahrendem / wartendem Fahrzeug,Sonstiger Unfall,Tageslicht,0,1,0,0,0,0,"356836,7164","5643904,506",6.962773587,50.92898807,trocken,"5,20071E+18",PKW
88196,5,3,15,0,2020,Juli,13,Samstag,Unfall mit Schwerverletzten,Unfall anderer Art,Fahrunfall,Tageslicht,0,0,0,1,0,0,"363560,5562","5645436,536",7.057820565,50.94438671,nass/feucht,"5,20071E+18",Krad
88213,5,3,15,0,2020,Juli,16,Sonntag,Unfall mit Leichtverletzten,Zusammenstoß mit vorausfahrendem / wartendem Fahrzeug,Unfall im Längsverkehr,Tageslicht,0,1,0,1,0,0,"356970,851","5645883,488",6.963904197,50.94680629,trocken,"5,20071E+18","Krad, PKW"
88217,5,3,15,0,2020,Juli,12,Sonntag,Unfall mit Leichtverletzten,Zusammenstoß mit einbiegendem / kreuzendem Fahrzeug,Einbiegen / Kreuzen-Unfall,Tageslicht,1,1,0,0,0,0,"360080,5983","5644922,417",7.008513357,50.93893218,trocken,"5,20071E+18","Rad, PKW"
88246,5,3,15,0,2020,Juli,14,Freitag,Unfall mit Leichtverletzten,Zusammenstoß mit einbiegendem / kreuzendem Fahrzeug,Abbiegeunfall,Tageslicht,0,1,0,0,0,1,"354064,9567","5644847,338",6.922981121,50.93676646,trocken,"5,20071E+18","PKW, Sonstige"
88265,5,3,15,0,2020,Juli,11,Donnerstag,Unfall mit Leichtverletzten,Abkommen von Fahrbahn nach links,Fahrunfall,Tageslicht,0,1,0,0,0,0,"361657,575","5648330,818",7.029648994,50.96994485,nass/feucht,"5,20071E+18",PKW
88284,5,3,15,0,2020,Juli,20,Sonntag,Unfall mit Leichtverletzten,Zusammenstoß mit einbiegendem / kreuzendem Fahrzeug,Einbiegen / Kreuzen-Unfall,Tageslicht,0,1,0,0,0,1,"354252,3174","5636455,954",6.928995066,50.86140242,trocken,"5,20071E+18","PKW, Sonstige"
88307,5,3,15,0,2020,Juli,9,Freitag,Unfall mit Leichtverletzten,Zusammenstoß mit vorausfahrendem / wartendem Fahrzeug,Unfall im Längsverkehr,Tageslicht,0,1,0,0,0,0,"362808,3014","5644521,81",7.047463517,50.93598722,trocken,"5,20071E+18",PKW
88312,5,3,15,0,2020,Juli,9,Freitag,Unfall mit Leichtverletzten,Zusammenstoß mit einbiegendem / kreuzendem Fahrzeug,Abbiegeunfall,Tageslicht,1,1,0,0,0,0,"355282,6275","5645310,249",6.940115711,50.94123339,trocken,"5,20071E+18","Rad, PKW"
88316,5,3,15,0,2020,Juli,9,Freitag,Unfall mit Leichtverletzten,Zusammenstoß mit vorausfahrendem / wartendem Fahrzeug,Unfall im Längsverkehr,Tageslicht,0,1,0,0,0,0,"359948,4582","5647747,861",7.005546916,50.96429273,nass/feucht,"5,20071E+18",PKW
88324,5,3,15,0,2020,Juli,18,Donnerstag,Unfall mit Leichtverletzten,Zusammenstoß mit vorausfahrendem / wartendem Fahrzeug,Unfall im Längsverkehr,Tageslicht,0,1,0,0,0,0,"358921,8721","5645916,529",6.991646846,50.947584,nass/feucht,"5,20071E+18",PKW
88349,5,3,15,0,2020,Juli,17,Sonntag,Unfall mit Schwerverletzten,Unfall anderer Art,Fahrunfall,Tageslicht,1,0,0,0,0,0,"352985,047","5644145,764",6.907905237,50.9301874,trocken,"5,20071E+18",Rad
88377,5,3,15,0,2020,Juli,13,Donnerstag,Unfall mit Leichtverletzten,Zusammenstoß mit vorausfahrendem / wartendem Fahrzeug,Unfall im Längsverkehr,Tageslicht,0,1,0,0,0,0,"359930,5349","5649118,648",7.004763889,50.97660775,nass/feucht,"5,20071E+18",PKW
88379,5,3,15,0,2020,Juli,0,Freitag,Unfall mit Schwerverletzten,Zusammenstoß mit einbiegendem / kreuzendem Fahrzeug,Einbiegen / Kreuzen-Unfall,Dunkelheit,0,1,0,0,0,0,"352471,2593","5644949,515",6.900273669,50.93727917,nass/feucht,"5,20071E+18",PKW
88412,5,3,15,0,2020,Juli,15,Dienstag,Unfall mit Leichtverletzten,Zusammenstoß mit vorausfahrendem / wartendem Fahrzeug,Unfall im Längsverkehr,Tageslicht,0,1,0,0,0,0,"354020,586","5653335,685",6.918942063,51.0130367,trocken,"5,20071E+18",PKW
88420,5,3,15,0,2020,Juli,8,Dienstag,Unfall mit Leichtverletzten,Zusammenstoß mit vorausfahrendem / wartendem Fahrzeug,Unfall im Längsverkehr,Tageslicht,0,1,0,0,0,1,"359329,6248","5645794,55",6.997494833,50.94658741,trocken,"5,20071E+18","PKW, Sonstige"
88424,5,3,15,0,2020,Juli,16,Dienstag,Unfall mit Leichtverletzten,Unfall anderer Art,Fahrunfall,Tageslicht,1,0,0,0,0,0,"363130,3405","5642244,065",7.052899044,50.9155927,trocken,"5,20071E+18",Rad
88428,5,3,15,0,2020,Juli,20,Dienstag,Unfall mit Leichtverletzten,Zusammenstoß mit einbiegendem / kreuzendem Fahrzeug,Abbiegeunfall,Tageslicht,1,1,0,0,0,0,"357695,6052","5643829,688",6.975016672,50.92852821,trocken,"5,20071E+18","Rad, PKW"
88430,5,3,15,0,2020,Juli,23,Montag,Unfall mit Leichtverletzten,Unfall anderer Art,Sonstiger Unfall,Dunkelheit,1,0,0,0,0,0,"359219,1103","5647771,866",6.995157876,50.9643307,trocken,"5,20071E+18",Rad
88432,5,3,15,0,2020,Juli,9,Dienstag,Unfall mit Leichtverletzten,Zusammenstoß mit vorausfahrendem / wartendem Fahrzeug,Unfall im Längsverkehr,Tageslicht,0,1,0,0,0,0,"359973,5047","5647810,523",7.00587925,50.96486197,trocken,"5,20071E+18",PKW
88433,5,3,15,0,2020,Juli,19,Montag,Unfall mit Leichtverletzten,Zusammenstoß mit vorausfahrendem / wartendem Fahrzeug,Unfall im Längsverkehr,Tageslicht,0,1,0,0,0,0,"362628,4519","5648225,582",7.043507867,50.96923143,trocken,"5,20071E+18",PKW
88435,5,3,15,0,2020,Juli,15,Dienstag,Unfall mit Leichtverletzten,Zusammenstoß mit anfahrendem/ anhaltendem/ruhendem Fahrzeug,Unfall im Längsverkehr,Tageslicht,0,1,0,0,0,1,"355376,9391","5648313,249",6.940264096,50.96824429,trocken,"5,20071E+18","PKW, Sonstige"
88439,5,3,15,0,2020,Juli,7,Dienstag,Unfall mit Leichtverletzten,Zusammenstoß mit anfahrendem/ anhaltendem/ruhendem Fahrzeug,Unfall im Längsverkehr,Tageslicht,0,1,0,0,0,0,"356235,1094","5646966,16",6.953010132,50.95635307,trocken,"5,20071E+18",PKW
88440,5,3,15,0,2020,Juli,19,Montag,Unfall mit Leichtverletzten,Zusammenstoß mit seitlich in gleicher Richtung fahrendem Fahrzeug,Sonstiger Unfall,Tageslicht,0,1,0,1,0,0,"355247,5565","5645115,398",6.939694282,50.9394735,trocken,"5,20071E+18","Krad, PKW"
88443,5,3,15,0,2020,Juli,15,Dienstag,Unfall mit Schwerverletzten,Zusammenstoß mit vorausfahrendem / wartendem Fahrzeug,Unfall im Längsverkehr,Tageslicht,1,0,0,0,0,0,"348964,1197","5649682,019",6.84843096,50.97889865,trocken,"5,20071E+18",Rad
88445,5,3,15,0,2020,Juli,14,Dienstag,Unfall mit Leichtverletzten,Zusammenstoß zwischen Fahrzeug und Fußgänger,Überschreiten-Unfall,Tageslicht,1,0,1,0,0,0,"354477,9098","5645755,32",6.928491659,50.94503058,trocken,"5,20071E+18","Rad, Fuss"
88450,5,3,15,0,2020,Juli,7,Dienstag,Unfall mit Schwerverletzten,Zusammenstoß mit einbiegendem / kreuzendem Fahrzeug,Einbiegen / Kreuzen-Unfall,Tageslicht,0,1,0,0,0,0,"351738,756","5643568,261",6.890417554,50.92467867,trocken,"5,20071E+18",PKW
88453,5,3,15,0,2020,Juli,17,Donnerstag,Unfall mit Schwerverletzten,Zusammenstoß mit einbiegendem / kreuzendem Fahrzeug,Einbiegen / Kreuzen-Unfall,Tageslicht,1,1,0,0,0,0,"362242,813","5643840,631",7.039677882,50.92973043,trocken,"5,20072E+18","Rad, PKW"
88522,5,3,15,0,2020,Juli,19,Mittwoch,Unfall mit Leichtverletzten,Unfall anderer Art,Fahrunfall,Tageslicht,1,0,0,0,0,0,"360581,85","5648920,351",7.01411169,50.97498369,nass/feucht,"5,20071E+18",Rad
88530,5,3,15,0,2020,Juli,10,Mittwoch,Unfall mit Leichtverletzten,Zusammenstoß zwischen Fahrzeug und Fußgänger,Überschreiten-Unfall,Tageslicht,1,0,1,0,0,0,"353059,375","5646920,579",6.907842873,50.95514246,trocken,"5,20071E+18","Rad, Fuss"
88594,5,3,15,0,2020,Juli,11,Freitag,Unfall mit Leichtverletzten,Zusammenstoß mit seitlich in gleicher Richtung fahrendem Fahrzeug,Unfall im Längsverkehr,Tageslicht,0,1,0,0,0,1,"360506,4533","5650603,551",7.012392366,50.99009254,nass/feucht,"5,20072E+18","PKW, Sonstige"
88742,5,3,15,0,2020,Juli,21,Mittwoch,Unfall mit Leichtverletzten,Unfall anderer Art,Fahrunfall,Tageslicht,0,0,0,1,0,0,"365216,4529","5635598,537",7.085009193,50.85635606,nass/feucht,"5,20071E+18",Krad
88770,5,3,15,0,2020,Juli,19,Dienstag,Unfall mit Leichtverletzten,Zusammenstoß mit einbiegendem / kreuzendem Fahrzeug,Abbiegeunfall,Tageslicht,0,1,0,0,0,0,"355150,9425","5639076,622",6.940717268,50.88517988,trocken,"5,20072E+18",PKW
88772,5,3,15,0,2020,Juli,0,Montag,Unfall mit Leichtverletzten,Abkommen von Fahrbahn nach links,Unfall im Längsverkehr,Dunkelheit,0,1,0,0,0,0,"348482,5638","5656176,669",6.83886465,51.03713367,trocken,"5,20072E+18",PKW
88788,5,3,15,0,2020,Juli,7,Samstag,Unfall mit Schwerverletzten,Zusammenstoß mit anfahrendem/ anhaltendem/ruhendem Fahrzeug,Sonstiger Unfall,Tageslicht,0,1,0,1,0,0,"366704,2296","5635867,84",7.106036892,50.85912134,trocken,"5,20072E+18","Krad, PKW"
88791,5,3,15,0,2020,Juli,15,Dienstag,Unfall mit Schwerverletzten,Aufprall auf Fahrbahnhindernis,Fahrunfall,Tageslicht,1,0,0,0,0,0,"365388,4641","5645187,699",7.08391665,50.94257998,trocken,"5,20072E+18",Rad
88793,5,3,15,0,2020,Juli,17,Samstag,Unfall mit Leichtverletzten,Unfall anderer Art,Sonstiger Unfall,Tageslicht,1,0,0,0,0,0,"363388,097","5639828,895",7.05746746,50.8939475,trocken,"5,20072E+18",Rad
88794,5,3,15,0,2020,Juli,15,Montag,Unfall mit Leichtverletzten,Unfall anderer Art,Unfall im Längsverkehr,Tageslicht,1,0,0,0,0,0,"361197,1306","5649503,29",7.022647646,50.98037128,trocken,"5,20072E+18",Rad
88798,5,3,15,0,2020,Juli,17,Samstag,Unfall mit Leichtverletzten,Zusammenstoß mit einbiegendem / kreuzendem Fahrzeug,Einbiegen / Kreuzen-Unfall,Tageslicht,0,1,0,0,1,0,"348986,5496","5649665,705",6.848757019,50.97875794,trocken,"5,20072E+18","PKW, Gkfz"
88801,5,3,15,0,2020,Juli,14,Samstag,Unfall mit Leichtverletzten,Unfall anderer Art,Unfall im Längsverkehr,Tageslicht,0,1,0,0,0,0,"353214,773","5641508,215",6.912233394,50.90654318,trocken,"5,20072E+18",PKW
88803,5,3,15,0,2020,Juli,16,Samstag,Unfall mit Schwerverletzten,Zusammenstoß mit einbiegendem / kreuzendem Fahrzeug,Einbiegen / Kreuzen-Unfall,Tageslicht,0,1,0,1,0,0,"352179,0871","5643657,125",6.8966424,50.92559024,trocken,"5,20072E+18","Krad, PKW"
88807,5,3,15,0,2020,Juli,9,Samstag,Unfall mit Leichtverletzten,Zusammenstoß mit einbiegendem / kreuzendem Fahrzeug,Abbiegeunfall,Tageslicht,1,1,0,0,0,0,"355695,7783","5645894,116",6.945761069,50.94658404,trocken,"5,20072E+18","Rad, PKW"
88850,5,3,15,0,2020,Juli,21,Dienstag,Unfall mit Leichtverletzten,Unfall anderer Art,Unfall im Längsverkehr,Dunkelheit,1,1,0,0,0,0,"356498,6134","5644619,265",6.957684202,50.93532752,trocken,"5,20072E+18","Rad, PKW"
88888,5,3,15,0,2020,Juli,16,Mittwoch,Unfall mit Leichtverletzten,Zusammenstoß mit seitlich in gleicher Richtung fahrendem Fahrzeug,Unfall im Längsverkehr,Tageslicht,0,1,0,0,1,0,"348847,86","5644532,33",6.848914491,50.93259192,trocken,"5,20072E+18","PKW, Gkfz"
88897,5,3,15,0,2020,Juli,17,Dienstag,Unfall mit Leichtverletzten,Zusammenstoß mit vorausfahrendem / wartendem Fahrzeug,Unfall im Längsverkehr,Tageslicht,0,1,0,0,0,0,"359722,3539","5647257,46",7.002518155,50.95983044,trocken,"5,20072E+18",PKW
88900,5,3,15,0,2020,Juli,18,Montag,Unfall mit Leichtverletzten,Unfall anderer Art,Sonstiger Unfall,Tageslicht,1,0,0,0,0,0,"348462,4573","5645158,512",6.843173487,50.9381178,trocken,"5,20072E+18",Rad
88916,5,3,15,0,2020,Juli,16,Montag,Unfall mit Schwerverletzten,Unfall anderer Art,Unfall im Längsverkehr,Tageslicht,0,1,0,0,0,0,"349067,0667","5647501,189",6.850801363,50.95932825,trocken,"5,20072E+18",PKW
88965,5,3,15,0,2020,Juli,18,Dienstag,Unfall mit Leichtverletzten,Unfall anderer Art,Unfall durch ruhenden Verkehr,Tageslicht,1,1,0,0,0,0,"365155,4549","5636446,694",7.083830548,50.86396481,trocken,"5,20072E+18","Rad, PKW"
88966,5,3,15,0,2020,Juli,13,Sonntag,Unfall mit Schwerverletzten,Zusammenstoß mit entgegenkommendem Fahrzeug,Abbiegeunfall,Tageslicht,0,1,0,1,0,0,"361009,951","5645050,1",7.021683755,50.94030446,trocken,"5,20072E+18","Krad, PKW"
88968,5,3,15,0,2020,Juli,0,Montag,Unfall mit Leichtverletzten,Zusammenstoß mit anfahrendem/ anhaltendem/ruhendem Fahrzeug,Unfall durch ruhenden Verkehr,Dunkelheit,0,1,0,0,0,0,"366853,7503","5637567,943",7.107541392,50.87443597,trocken,"5,20072E+18",PKW
88983,5,3,15,0,2020,Juli,9,Dienstag,Unfall mit Leichtverletzten,Unfall anderer Art,Fahrunfall,Tageslicht,1,0,0,0,0,0,"356493,089","5651658,518",6.954828546,50.99858668,trocken,"5,20072E+18",Rad
88984,5,3,15,0,2020,Juli,10,Sonntag,Unfall mit Leichtverletzten,Zusammenstoß mit einbiegendem / kreuzendem Fahrzeug,Abbiegeunfall,Tageslicht,0,1,0,0,0,0,"349113,1032","5645119,786",6.852443165,50.93794041,trocken,"5,20072E+18",PKW
89001,5,3,15,0,2020,Juli,22,Sonntag,Unfall mit Leichtverletzten,Zusammenstoß mit vorausfahrendem / wartendem Fahrzeug,Unfall im Längsverkehr,Dämmerung,0,1,0,0,0,1,"353706,9861","5646309,472",6.917302669,50.94981543,trocken,"5,20072E+18","PKW, Sonstige"
89028,5,3,15,0,2020,Juli,12,Dienstag,Unfall mit Leichtverletzten,Zusammenstoß mit vorausfahrendem / wartendem Fahrzeug,Unfall im Längsverkehr,Tageslicht,0,1,0,0,0,0,"354113,522","5636435,517",6.927032375,50.86118376,trocken,"5,20072E+18",PKW
89036,5,3,15,0,2020,Juli,19,Freitag,Unfall mit Leichtverletzten,Zusammenstoß mit einbiegendem / kreuzendem Fahrzeug,Sonstiger Unfall,Tageslicht,0,1,0,0,0,0,"366408,794","5641471,081",7.099793411,50.90941361,nass/feucht,"5,20072E+18",PKW
89039,5,3,15,0,2020,Juli,12,Freitag,Unfall mit Leichtverletzten,Zusammenstoß mit vorausfahrendem / wartendem Fahrzeug,Unfall im Längsverkehr,Tageslicht,0,1,0,0,0,0,"361189,4708","5649494,76",7.022541853,50.98029278,nass/feucht,"5,20072E+18",PKW
89040,5,3,15,0,2020,Juli,7,Freitag,Unfall mit Leichtverletzten,Zusammenstoß mit anfahrendem/ anhaltendem/ruhendem Fahrzeug,Überschreiten-Unfall,Tageslicht,0,1,1,0,0,0,"348324,3937","5648471,223",6.839829752,50.96785012,trocken,"5,20072E+18","Fuss, PKW"
89042,5,3,15,0,2020,Juli,21,Freitag,Unfall mit Leichtverletzten,Zusammenstoß mit einbiegendem / kreuzendem Fahrzeug,Einbiegen / Kreuzen-Unfall,Dunkelheit,0,1,0,0,0,1,"353860,9286","5642347,228",6.921081377,50.91424708,nass/feucht,"5,20072E+18","PKW, Sonstige"
89047,5,3,15,0,2020,Juli,15,Freitag,Unfall mit Leichtverletzten,Unfall anderer Art,Fahrunfall,Tageslicht,0,0,0,1,0,0,"357458,602","5636008,767",6.974698254,50.85818282,nass/feucht,"5,20072E+18",Krad
89050,5,3,15,0,2020,Juli,14,Dienstag,Unfall mit Schwerverletzten,Unfall anderer Art,Fahrunfall,Tageslicht,1,0,0,0,0,0,"357696,557","5643828,887",6.975030519,50.92852125,trocken,"5,20072E+18",Rad
89053,5,3,15,0,2020,Juli,12,Freitag,Unfall mit Leichtverletzten,Zusammenstoß mit einbiegendem / kreuzendem Fahrzeug,Abbiegeunfall,Tageslicht,1,1,0,0,0,0,"354596,004","5643315,051",6.931145173,50.92313033,nass/feucht,"5,20072E+18","Rad, PKW"
89057,5,3,15,0,2020,Juli,10,Freitag,Unfall mit Leichtverletzten,Unfall anderer Art,Sonstiger Unfall,Tageslicht,0,0,0,0,0,1,"355754,0871","5644678,299",6.947071969,50.93567231,nass/feucht,"5,20072E+18",Sonstige
89065,5,3,15,0,2020,Juli,19,Mittwoch,Unfall mit Leichtverletzten,Unfall anderer Art,Unfall im Längsverkehr,Tageslicht,0,0,0,0,1,1,"360702,0117","5652773,829",7.014344371,51.00964439,trocken,"5,20072E+18","Gkfz, Sonstige"
89069,5,3,15,0,2020,Juli,12,Sonntag,Unfall mit Leichtverletzten,Unfall anderer Art,Fahrunfall,Tageslicht,1,0,0,0,0,0,"353573,7186","5644190,197",6.916258539,50.93073644,trocken,"5,20072E+18",Rad
89075,5,3,15,0,2020,Juli,17,Montag,Unfall mit Leichtverletzten,Zusammenstoß mit einbiegendem / kreuzendem Fahrzeug,Einbiegen / Kreuzen-Unfall,Tageslicht,1,1,0,0,0,0,"357714,258","5646913,647",6.974077298,50.95624824,trocken,"5,20072E+18","Rad, PKW"
89135,5,3,15,0,2020,Juli,5,Dienstag,Unfall mit Schwerverletzten,Zusammenstoß mit seitlich in gleicher Richtung fahrendem Fahrzeug,Unfall im Längsverkehr,Tageslicht,0,1,0,0,0,0,"352843,0623","5650529,714",6.90330477,50.98752084,trocken,"5,20072E+18",PKW
89153,5,3,15,0,2020,Juli,20,Dienstag,Unfall mit Leichtverletzten,Unfall anderer Art,Unfall im Längsverkehr,Dämmerung,1,0,0,0,0,0,"359219,2033","5647771,817",6.995159218,50.96433028,trocken,"5,20072E+18",Rad
89156,5,3,15,0,2020,Juli,0,Montag,Unfall mit Schwerverletzten,Unfall anderer Art,Fahrunfall,Dunkelheit,0,0,0,0,0,1,"354258,9508","5645171,238",6.925610645,50.93972631,trocken,"5,20072E+18",Sonstige
89171,5,3,15,0,2020,Juli,18,Donnerstag,Unfall mit Leichtverletzten,Zusammenstoß mit seitlich in gleicher Richtung fahrendem Fahrzeug,Abbiegeunfall,Tageslicht,1,1,0,0,0,0,"358900,3237","5644727,418",6.991800893,50.93689212,trocken,"5,20072E+18","Rad, PKW"
89175,5,3,15,0,2020,Juli,8,Donnerstag,Unfall mit Leichtverletzten,Zusammenstoß mit vorausfahrendem / wartendem Fahrzeug,Abbiegeunfall,Tageslicht,0,1,0,0,0,0,"349361,2054","5643149,725",6.856785801,50.9203017,trocken,"5,20072E+18",PKW
89177,5,3,15,0,2020,Juli,19,Donnerstag,Unfall mit Leichtverletzten,Zusammenstoß mit einbiegendem / kreuzendem Fahrzeug,Sonstiger Unfall,Tageslicht,0,1,0,0,0,0,"353209,276","5645205,334",6.910667059,50.93976645,trocken,"5,20072E+18",PKW
89180,5,3,15,0,2020,Juli,17,Donnerstag,Unfall mit Leichtverletzten,Zusammenstoß mit einbiegendem / kreuzendem Fahrzeug,Abbiegeunfall,Tageslicht,1,1,0,0,0,0,"353394,288","5646648,544",6.912717571,50.95278309,trocken,"5,20072E+18","Rad, PKW"
89185,5,3,15,0,2020,Juli,7,Donnerstag,Unfall mit Leichtverletzten,Unfall anderer Art,Fahrunfall,Tageslicht,1,0,0,0,0,0,"350518,1794","5649026,948",6.870822083,50.9734175,trocken,"5,20072E+18",Rad
89188,5,3,15,0,2020,Juli,1,Donnerstag,Unfall mit Leichtverletzten,Zusammenstoß zwischen Fahrzeug und Fußgänger,Überschreiten-Unfall,Dunkelheit,0,0,1,0,0,1,"347929,4441","5645172,415",6.835587111,50.93810242,trocken,"5,20072E+18","Fuss, Sonstige"
89189,5,3,15,0,2020,Juli,15,Donnerstag,Unfall mit Leichtverletzten,Zusammenstoß mit einbiegendem / kreuzendem Fahrzeug,Abbiegeunfall,Tageslicht,1,1,0,0,0,0,"351226,6588","5648231,587",6.881231418,50.96645353,trocken,"5,20072E+18","Rad, PKW"
89195,5,3,15,0,2020,Juli,20,Samstag,Unfall mit Leichtverletzten,Unfall anderer Art,Sonstiger Unfall,Tageslicht,1,0,0,0,0,0,"365051,8081","5646109,068",7.078786082,50.95078211,trocken,"5,20072E+18",Rad
89234,5,3,15,0,2020,Juli,10,Freitag,Unfall mit Leichtverletzten,Unfall anderer Art,Unfall durch ruhenden Verkehr,Tageslicht,1,1,0,0,0,0,"356313,7362","5647836,536",6.953785219,50.96419459,trocken,"5,20072E+18","Rad, PKW"
89236,5,3,15,0,2020,Juli,13,Sonntag,Unfall mit Leichtverletzten,Zusammenstoß mit vorausfahrendem / wartendem Fahrzeug,Sonstiger Unfall,Tageslicht,0,1,0,0,0,0,"366032,3326","5636430,613",7.096289681,50.86402413,trocken,"5,20073E+18",PKW
89306,5,3,15,0,2020,Juli,1,Samstag,Unfall mit Leichtverletzten,Unfall anderer Art,Fahrunfall,Dunkelheit,1,0,0,0,0,0,"355301,954","5644192,985",6.940834266,50.93119763,trocken,"5,20072E+18",Rad