OBJECTID,ULAND,UREGBEZ,UKREIS,UGEMEINDE,UJAHR,UMONAT,USTUNDE,UWOCHENTAG,UKATEGORIE,UART,UTYP1,ULICHTVERH,IstRad,IstPKW,IstFuss,IstKrad,IstGkfz,IstSonstige,LINREFX,LINREFY,XGCSWGS84,YGCSWGS84,USTRZUSTAND,UIDENTSTLAE,Participants
89317,5,3,15,0,2020,Juli,9,Freitag,Unfall mit Leichtverletzten,Zusammenstoß mit einbiegendem / kreuzendem Fahrzeug,Einbiegen / Kreuzen-Unfall,Tageslicht,0,1,0,0,0,0,"353049,8708","5644914,675",6.908517023,50.93711382,trocken,"5,20072E+18",PKW
89370,5,3,15,0,2020,Juli,16,Samstag,Unfall mit Leichtverletzten,Zusammenstoß mit entgegenkommendem Fahrzeug,Sonstiger Unfall,Tageslicht,0,1,0,0,0,0,"366262,1975","5633714,616",7.100546238,50.83966657,trocken,"5,20072E+18",PKW
89409,5,3,15,0,2020,Juli,13,Freitag,Unfall mit Schwerverletzten,Abkommen von Fahrbahn nach links,Fahrunfall,Tageslicht,0,1,0,0,0,0,"357151,6159","5637766,131",6.969653195,50.8739006,trocken,"5,20072E+18",PKW
89429,5,3,15,0,2020,Juli,9,Freitag,Unfall mit Leichtverletzten,Zusammenstoß mit einbiegendem / kreuzendem Fahrzeug,Abbiegeunfall,Tageslicht,1,1,0,0,0,0,"358787,612","5639496,041",6.992222443,50.88984961,trocken,"5,20072E+18","Rad, PKW"
89470,5,3,15,0,2020,Juli,22,Mittwoch,Unfall mit Leichtverletzten,Unfall anderer Art,Sonstiger Unfall,Dunkelheit,1,0,0,0,0,0,"361193,5108","5649499,259",7.022597651,50.98033419,trocken,"5,20072E+18",Rad
89471,5,3,15,0,2020,Juli,17,Mittwoch,Unfall mit Schwerverletzten,Unfall anderer Art,Sonstiger Unfall,Tageslicht,1,0,0,0,0,0,"361700,791","5650383,685",7.029483062,50.98840478,trocken,"5,20072E+18",Rad
89473,5,3,15,0,2020,Juli,13,Mittwoch,Unfall mit Leichtverletzten,Zusammenstoß mit vorausfahrendem / wartendem Fahrzeug,Unfall im Längsverkehr,Tageslicht,0,1,0,0,0,0,"357419,7125","5636736,788",6.973862412,50.86471602,trocken,"5,20072E+18",PKW
89475,5,3,15,0,2020,Juli,3,Mittwoch,Unfall mit Schwerverletzten,Unfall anderer Art,Fahrunfall,Dunkelheit,0,0,0,0,0,1,"354812,974","5645558,642",6.933336378,50.94334756,trocken,"5,20072E+18",Sonstige
89478,5,3,15,0,2020,Juli,17,Mittwoch,Unfall mit Leichtverletzten,Zusammenstoß mit einbiegendem / kreuzendem Fahrzeug,Abbiegeunfall,Tageslicht,1,1,0,0,0,0,"354283,9566","5644197,139",6.926355819,50.93097868,trocken,"5,20072E+18","Rad, PKW"
89483,5,3,15,0,2020,Juli,14,Samstag,Unfall mit Leichtverletzten,Zusammenstoß zwischen Fahrzeug und Fußgänger,Überschreiten-Unfall,Tageslicht,0,1,1,0,0,0,"353220,2335","5646829,559",6.910168266,50.9543655,trocken,"5,20072E+18","Fuss, PKW"
89495,5,3,15,0,2020,Juli,14,Freitag,Unfall mit Leichtverletzten,Zusammenstoß mit vorausfahrendem / wartendem Fahrzeug,Unfall im Längsverkehr,Tageslicht,0,1,0,0,0,0,"346711,4267","5645265,96",6.818225158,50.93862054,trocken,"5,20072E+18",PKW
89496,5,3,15,0,2020,Juli,15,Sonntag,Unfall mit Leichtverletzten,Abkommen von Fahrbahn nach links,Fahrunfall,Tageslicht,0,1,0,0,0,0,"349120,406","5649576,021",6.850699641,50.97798711,trocken,"5,20073E+18",PKW
89576,5,3,15,0,2020,Juli,8,Freitag,Unfall mit Leichtverletzten,Zusammenstoß mit einbiegendem / kreuzendem Fahrzeug,Einbiegen / Kreuzen-Unfall,Tageslicht,0,1,0,0,0,0,"355500,8252","5637949,682",6.946133498,50.8751398,trocken,"5,20072E+18",PKW
89626,5,3,15,0,2020,Juli,14,Dienstag,Unfall mit Leichtverletzten,Unfall anderer Art,Einbiegen / Kreuzen-Unfall,Tageslicht,1,1,0,0,0,0,"361954,3533","5648026,987",7.03398853,50.96728545,trocken,"5,20073E+18","Rad, PKW"
89662,5,3,15,0,2020,Juli,19,Mittwoch,Unfall mit Leichtverletzten,Zusammenstoß zwischen Fahrzeug und Fußgänger,Überschreiten-Unfall,Tageslicht,1,0,1,0,0,0,"361616,7634","5651529,802",7.027849894,50.99868494,trocken,"5,20073E+18","Rad, Fuss"
89667,5,3,15,0,2020,Juli,17,Donnerstag,Unfall mit Leichtverletzten,Zusammenstoß mit einbiegendem / kreuzendem Fahrzeug,Unfall im Längsverkehr,Tageslicht,0,1,0,0,0,0,"357556,7334","5644265,054",6.972871725,50.93240656,trocken,"5,20073E+18",PKW
89684,5,3,15,0,2020,Juli,16,Freitag,Unfall mit Schwerverletzten,Unfall anderer Art,Fahrunfall,Tageslicht,0,0,0,0,0,1,"356839,155","5643851,865",6.962828937,50.9285156,trocken,"5,20073E+18",Sonstige
89689,5,3,15,0,2020,Juli,8,Freitag,Unfall mit Leichtverletzten,Unfall anderer Art,Fahrunfall,Tageslicht,0,0,0,1,0,0,"354694,3472","5646023,531",6.931463486,50.94749551,trocken,"5,20073E+18",Krad
89692,5,3,15,0,2020,Juli,18,Dienstag,Unfall mit Leichtverletzten,Abkommen von Fahrbahn nach links,Fahrunfall,Tageslicht,0,0,0,1,0,0,"356959,6247","5634618,95",6.968156227,50.84556923,trocken,"5,20073E+18",Krad
89741,5,3,15,0,2020,Juli,8,Dienstag,Unfall mit Leichtverletzten,Unfall anderer Art,Fahrunfall,Tageslicht,0,0,0,1,0,0,"353716,09","5648627,259",6.916500455,50.9706468,trocken,"5,20073E+18",Krad
89748,5,3,15,0,2020,Juli,18,Mittwoch,Unfall mit Schwerverletzten,Unfall anderer Art,Unfall im Längsverkehr,Tageslicht,1,0,0,0,0,0,"354981,421","5644668,969",6.936086597,50.93539469,trocken,"5,20073E+18",Rad
89750,5,3,15,0,2020,Juli,17,Freitag,Unfall mit Leichtverletzten,Zusammenstoß mit vorausfahrendem / wartendem Fahrzeug,Unfall im Längsverkehr,Tageslicht,0,1,0,0,0,1,"357149,8344","5637814,374",6.969609046,50.87433372,trocken,"5,20073E+18","PKW, Sonstige"
89753,5,3,15,0,2020,Juli,12,Donnerstag,Unfall mit Leichtverletzten,Zusammenstoß mit einbiegendem / kreuzendem Fahrzeug,Einbiegen / Kreuzen-Unfall,Tageslicht,1,1,0,0,0,0,"353676,1928","5646345,664",6.916850047,50.95013286,trocken,"5,20073E+18","Rad, PKW"
89755,5,3,15,0,2020,Juli,15,Freitag,Unfall mit Leichtverletzten,Zusammenstoß mit seitlich in gleicher Richtung fahrendem Fahrzeug,Unfall im Längsverkehr,Tageslicht,0,1,0,0,0,0,"352839,8609","5650534,201",6.903257371,50.98756035,trocken,"5,20073E+18",PKW
89775,5,3,15,0,2020,Juli,12,Freitag,Unfall mit Leichtverletzten,Unfall anderer Art,Fahrunfall,Tageslicht,1,0,0,0,0,0,"357583,7641","5634602,078",6.977022576,50.84557157,trocken,"5,20073E+18",Rad
89807,5,3,15,0,2020,Juli,15,Dienstag,Unfall mit Leichtverletzten,Zusammenstoß mit einbiegendem / kreuzendem Fahrzeug,Einbiegen / Kreuzen-Unfall,Tageslicht,1,1,0,0,0,0,"359586,376","5650553,89",6.999310139,50.98942252,trocken,"5,20073E+18","Rad, PKW"
89814,5,3,15,0,2020,Juli,17,Mittwoch,Unfall mit Leichtverletzten,Unfall anderer Art,Einbiegen / Kreuzen-Unfall,Tageslicht,1,1,0,0,0,0,"363533,9696","5641448,383",7.058935101,50.90853712,trocken,"5,20073E+18","Rad, PKW"
89829,5,3,15,0,2020,Juli,18,Dienstag,Unfall mit Leichtverletzten,Zusammenstoß mit einbiegendem / kreuzendem Fahrzeug,Einbiegen / Kreuzen-Unfall,Tageslicht,1,1,0,0,0,0,"356356,8404","5641103,54",6.957052422,50.90369676,trocken,"5,20073E+18","Rad, PKW"
89843,5,3,15,0,2020,Juli,16,Montag,Unfall mit Schwerverletzten,Abkommen von Fahrbahn nach links,Unfall im Längsverkehr,Tageslicht,1,0,0,0,0,1,"357475,3553","5644771,71",6.971516249,50.93693976,trocken,"5,20073E+18","Rad, Sonstige"
89847,5,3,15,0,2020,Juli,5,Donnerstag,Unfall mit Leichtverletzten,Zusammenstoß mit entgegenkommendem Fahrzeug,Unfall im Längsverkehr,Dämmerung,1,0,0,0,0,0,"362834,575","5642789,036",7.048489177,50.92042036,trocken,"5,20073E+18",Rad
89862,5,3,15,0,2020,Juli,21,Mittwoch,Unfall mit Schwerverletzten,Abkommen von Fahrbahn nach links,Fahrunfall,Dämmerung,0,1,0,0,0,0,"363650,182","5646330,386",7.05876088,50.95244132,trocken,"5,20073E+18",PKW
89866,5,3,15,0,2020,Juli,8,Freitag,Unfall mit Leichtverletzten,Zusammenstoß mit seitlich in gleicher Richtung fahrendem Fahrzeug,Sonstiger Unfall,Tageslicht,0,1,0,0,0,1,"354402,977","5642613,148",6.92868083,50.91677383,trocken,"5,20073E+18","PKW, Sonstige"
89870,5,3,15,0,2020,Juli,10,Freitag,Unfall mit Leichtverletzten,Unfall anderer Art,Abbiegeunfall,Tageslicht,1,0,0,0,0,0,"350714,637","5643540,081",6.875867755,50.92416135,trocken,"5,20073E+18",Rad
89924,5,3,15,0,2020,Juli,16,Dienstag,Unfall mit Leichtverletzten,Zusammenstoß zwischen Fahrzeug und Fußgänger,Überschreiten-Unfall,Tageslicht,1,0,1,0,0,0,"354163,99","5647069,108",6.923499908,50.95675783,trocken,"5,20073E+18","Rad, Fuss"
89931,5,3,15,0,2020,Juli,19,Mittwoch,Unfall mit Leichtverletzten,Unfall anderer Art,Einbiegen / Kreuzen-Unfall,Tageslicht,1,0,0,0,0,0,"360936,278","5647729,328",7.019612376,50.96436546,trocken,"5,20073E+18",Rad
89937,5,3,15,0,2020,Juli,7,Donnerstag,Unfall mit Schwerverletzten,Zusammenstoß mit einbiegendem / kreuzendem Fahrzeug,Abbiegeunfall,Tageslicht,1,1,0,0,0,0,"353735,0416","5646279,084",6.917714005,50.94954947,trocken,"5,20073E+18","Rad, PKW"
89956,5,3,15,0,2020,Juli,19,Freitag,Unfall mit Leichtverletzten,Zusammenstoß mit einbiegendem / kreuzendem Fahrzeug,Abbiegeunfall,Tageslicht,0,1,0,0,0,0,"349066,1079","5649607,648",6.849913608,50.97825708,trocken,"5,20073E+18",PKW
89975,5,3,15,0,2020,Juli,13,Freitag,Unfall mit Leichtverletzten,Zusammenstoß mit einbiegendem / kreuzendem Fahrzeug,Einbiegen / Kreuzen-Unfall,Tageslicht,1,1,0,0,0,0,"356526,0807","5644629,275",6.958070911,50.93542431,trocken,"5,20073E+18","Rad, PKW"
90001,5,3,15,0,2020,Juli,17,Samstag,Unfall mit Leichtverletzten,Zusammenstoß mit vorausfahrendem / wartendem Fahrzeug,Sonstiger Unfall,Tageslicht,0,1,0,0,0,1,"353816,3429","5653138,709",6.916111831,51.01121469,trocken,"5,20073E+18","PKW, Sonstige"
90007,5,3,15,0,2020,Juli,6,Dienstag,Unfall mit Leichtverletzten,Unfall anderer Art,Fahrunfall,Tageslicht,1,0,0,0,0,0,"353628,4484","5646394,76",6.916151074,50.95056194,trocken,"5,20073E+18",Rad
90019,5,3,15,0,2020,Juli,6,Donnerstag,Unfall mit Leichtverletzten,Zusammenstoß mit einbiegendem / kreuzendem Fahrzeug,Einbiegen / Kreuzen-Unfall,Tageslicht,1,1,0,0,0,0,"353981,081","5636256,882",6.925223051,50.85954497,trocken,"5,20073E+18","Rad, PKW"
90021,5,3,15,0,2020,Juli,18,Freitag,Unfall mit Schwerverletzten,Zusammenstoß mit seitlich in gleicher Richtung fahrendem Fahrzeug,Abbiegeunfall,Tageslicht,1,1,0,0,0,0,"349461,3206","5653579,442",6.853892849,51.01405186,trocken,"5,20073E+18","Rad, PKW"
90031,5,3,15,0,2020,Juli,6,Montag,Unfall mit Schwerverletzten,Abkommen von Fahrbahn nach links,Fahrunfall,Tageslicht,0,1,0,0,0,0,"348396,9099","5643287,623",6.843019323,50.92128833,nass/feucht,"5,20073E+18",PKW
90043,5,3,15,0,2020,Juli,14,Freitag,Unfall mit Leichtverletzten,Unfall anderer Art,Fahrunfall,Tageslicht,0,0,0,0,0,1,"352966,4026","5643832,677",6.907766384,50.92736906,trocken,"5,20073E+18",Sonstige
90077,5,3,15,0,2020,August,13,Mittwoch,Unfall mit Leichtverletzten,Zusammenstoß mit seitlich in gleicher Richtung fahrendem Fahrzeug,Unfall im Längsverkehr,Tageslicht,1,0,0,0,1,0,"353896,7488","5646150,023",6.920066295,50.94843065,trocken,"5,2008E+18","Rad, Gkfz"
90095,5,3,15,0,2020,August,15,Donnerstag,Unfall mit Leichtverletzten,Zusammenstoß mit einbiegendem / kreuzendem Fahrzeug,Abbiegeunfall,Tageslicht,1,1,0,0,0,0,"353565,289","5646463,142",6.915225026,50.95116043,trocken,"5,20081E+18","Rad, PKW"
90122,5,3,15,0,2020,August,16,Donnerstag,Unfall mit Leichtverletzten,Unfall anderer Art,Fahrunfall,Tageslicht,1,0,0,0,0,0,"355944,7004","5644631,466",6.949801459,50.93529907,trocken,"5,20081E+18",Rad
90148,5,3,15,0,2020,August,14,Dienstag,Unfall mit Leichtverletzten,Zusammenstoß mit einbiegendem / kreuzendem Fahrzeug,Abbiegeunfall,Tageslicht,1,0,0,0,1,0,"349511,543","5642602,238",6.859148995,50.91542102,trocken,"5,2008E+18","Rad, Gkfz"
90150,5,3,15,0,2020,August,12,Freitag,Unfall mit Leichtverletzten,Zusammenstoß mit vorausfahrendem / wartendem Fahrzeug,Unfall im Längsverkehr,Tageslicht,0,1,0,0,0,0,"360717,336","5652473,792",7.014677832,51.00695165,trocken,"5,20081E+18",PKW
90184,5,3,15,0,2020,August,14,Montag,Unfall mit Leichtverletzten,Abkommen von Fahrbahn nach rechts,Sonstiger Unfall,Tageslicht,0,1,0,0,0,1,"361118,9267","5645707,123",7.02298336,50.94623554,trocken,"5,2008E+18","PKW, Sonstige"
90185,5,3,15,0,2020,August,13,Montag,Unfall mit Leichtverletzten,Zusammenstoß mit vorausfahrendem / wartendem Fahrzeug,Unfall im Längsverkehr,Tageslicht,0,1,0,0,0,0,"364278,3535","5649080,785",7.066672724,50.97730861,trocken,"5,2008E+18",PKW
90188,5,3,15,0,2020,August,14,Montag,Unfall mit Leichtverletzten,Zusammenstoß mit seitlich in gleicher Richtung fahrendem Fahrzeug,Unfall im Längsverkehr,Tageslicht,0,1,0,1,0,0,"360550,0605","5648894,43",7.013669109,50.97474304,trocken,"5,2008E+18","Krad, PKW"
90189,5,3,15,0,2020,August,13,Montag,Unfall mit Leichtverletzten,Zusammenstoß mit einbiegendem / kreuzendem Fahrzeug,Abbiegeunfall,Tageslicht,0,1,0,0,0,0,"353956,497","5654044,451",6.917743706,51.01938978,trocken,"5,2008E+18",PKW
90190,5,3,15,0,2020,August,14,Mittwoch,Unfall mit Leichtverletzten,Zusammenstoß mit vorausfahrendem / wartendem Fahrzeug,Unfall im Längsverkehr,Tageslicht,0,1,0,0,1,0,"349913,077","5650614,807",6.861553927,50.98752905,trocken,"5,2008E+18","PKW, Gkfz"
90193,5,3,15,0,2020,August,19,Montag,Unfall mit Leichtverletzten,Zusammenstoß mit vorausfahrendem / wartendem Fahrzeug,Unfall im Längsverkehr,Tageslicht,0,1,0,0,0,0,"355195,5619","5644842,198",6.939063316,50.93700527,trocken,"5,2008E+18",PKW
90200,5,3,15,0,2020,August,1,Donnerstag,Unfall mit Schwerverletzten,Zusammenstoß zwischen Fahrzeug und Fußgänger,Sonstiger Unfall,Dunkelheit,1,0,1,0,0,0,"354886,3871","5643322,878",6.935270851,50.92327378,trocken,"5,20081E+18","Rad, Fuss"
90201,5,3,15,0,2020,August,16,Mittwoch,Unfall mit Leichtverletzten,Zusammenstoß mit vorausfahrendem / wartendem Fahrzeug,Unfall im Längsverkehr,Tageslicht,0,1,0,0,0,1,"366000,5019",5634185,7.096659561,50.84383373,trocken,"5,2008E+18","PKW, Sonstige"
90215,5,3,15,0,2020,August,12,Mittwoch,Unfall mit Leichtverletzten,Zusammenstoß mit vorausfahrendem / wartendem Fahrzeug,Sonstiger Unfall,Tageslicht,0,1,0,0,0,1,"354344,1141","5644034,15",6.927276432,50.92952914,trocken,"5,2008E+18","PKW, Sonstige"
90225,5,3,15,0,2020,August,13,Donnerstag,Unfall mit Leichtverletzten,Zusammenstoß mit vorausfahrendem / wartendem Fahrzeug,Unfall im Längsverkehr,Tageslicht,0,1,0,0,0,0,"357251,7543","5642728,318",6.969136074,50.91852057,trocken,"5,20081E+18",PKW
90253,5,3,15,0,2020,August,23,Dienstag,Unfall mit Schwerverletzten,Zusammenstoß zwischen Fahrzeug und Fußgänger,Überschreiten-Unfall,Dunkelheit,0,0,1,0,0,1,"356101,054","5643384,984",6.952517218,50.92413615,trocken,"5,2008E+18","Fuss, Sonstige"
90280,5,3,15,0,2020,Juli,19,Samstag,Unfall mit Leichtverletzten,Zusammenstoß mit entgegenkommendem Fahrzeug,Unfall im Längsverkehr,Tageslicht,1,0,0,0,0,0,"361048,9398","5640861,236",7.023834322,50.90266744,trocken,"5,20073E+18",Rad
90285,5,3,15,0,2020,Juli,10,Samstag,Unfall mit Leichtverletzten,Unfall anderer Art,Fahrunfall,Tageslicht,1,0,0,0,0,0,"363023,5615","5643795,156",7.050798339,50.92950767,trocken,"5,20073E+18",Rad
90295,5,3,15,0,2020,August,9,Mittwoch,Unfall mit Leichtverletzten,Zusammenstoß mit entgegenkommendem Fahrzeug,Unfall durch ruhenden Verkehr,Tageslicht,0,1,0,1,0,0,"356339,8801","5647605,808",6.954248379,50.96212761,trocken,"5,2008E+18","Krad, PKW"
90298,5,3,15,0,2020,August,13,Montag,Unfall mit Schwerverletzten,Zusammenstoß mit vorausfahrendem / wartendem Fahrzeug,Unfall im Längsverkehr,Tageslicht,0,1,0,1,0,0,"357211,5877","5639132,425",6.969971349,50.88619435,trocken,"5,2008E+18","Krad, PKW"
90299,5,3,15,0,2020,Juli,7,Samstag,Unfall mit Leichtverletzten,Zusammenstoß mit seitlich in gleicher Richtung fahrendem Fahrzeug,Abbiegeunfall,Tageslicht,1,0,0,1,0,0,"361680,2051","5645030,816",7.031225108,50.94029233,trocken,"5,20073E+18","Rad, Krad"
90307,5,3,15,0,2020,Juli,12,Samstag,Unfall mit Leichtverletzten,Zusammenstoß mit einbiegendem / kreuzendem Fahrzeug,Abbiegeunfall,Tageslicht,1,1,0,0,0,0,"363631,9677","5648735,517",7.057600239,50.97405286,trocken,"5,20073E+18","Rad, PKW"
90312,5,3,15,0,2020,Juli,18,Samstag,Unfall mit Leichtverletzten,Zusammenstoß mit einbiegendem / kreuzendem Fahrzeug,Abbiegeunfall,Tageslicht,1,1,0,0,0,0,"353270,0561","5646782,842",6.91089596,50.95395836,trocken,"5,20073E+18","Rad, PKW"
90313,5,3,15,0,2020,August,16,Donnerstag,Unfall mit Leichtverletzten,Zusammenstoß mit vorausfahrendem / wartendem Fahrzeug,Unfall im Längsverkehr,Tageslicht,0,1,0,0,0,0,"351630,4937","5647928,581",6.887102056,50.96383473,trocken,"5,20081E+18",PKW
90326,5,3,15,0,2020,Juli,15,Samstag,Unfall mit Leichtverletzten,Zusammenstoß mit vorausfahrendem / wartendem Fahrzeug,Unfall im Längsverkehr,Tageslicht,0,1,0,0,0,0,"348048,9433","5645192,389",6.837278311,50.93831342,trocken,"5,20073E+18",PKW
90332,5,3,15,0,2020,Juli,7,Samstag,Unfall mit Leichtverletzten,Zusammenstoß mit vorausfahrendem / wartendem Fahrzeug,Abbiegeunfall,Tageslicht,0,1,0,0,0,1,"352080,198","5651052,332",6.892230515,50.99202179,trocken,"5,20073E+18","PKW, Sonstige"
90338,5,3,15,0,2020,Juli,13,Samstag,Unfall mit Leichtverletzten,Unfall anderer Art,Fahrunfall,Tageslicht,1,0,0,0,0,1,"354238,4265","5645140,569",6.925330989,50.93944551,trocken,"5,20073E+18","Rad, Sonstige"
90339,5,3,15,0,2020,August,18,Donnerstag,Unfall mit Leichtverletzten,Zusammenstoß mit einbiegendem / kreuzendem Fahrzeug,Abbiegeunfall,Tageslicht,1,1,0,0,0,0,"355881,4999","5645980,502",6.948368904,50.94740683,trocken,"5,20081E+18","Rad, PKW"
90351,5,3,15,0,2020,Juli,16,Samstag,Unfall mit Leichtverletzten,Unfall anderer Art,Überschreiten-Unfall,Tageslicht,1,0,1,0,0,0,"353251,9661","5644000,635",6.911759351,50.92895114,trocken,"5,20073E+18","Rad, Fuss"
90363,5,3,15,0,2020,August,9,Sonntag,Unfall mit Leichtverletzten,Zusammenstoß mit einbiegendem / kreuzendem Fahrzeug,Einbiegen / Kreuzen-Unfall,Tageslicht,1,0,0,1,0,0,"362800,235","5645224,893",7.047084017,50.94230416,nass/feucht,"5,2008E+18","Rad, Krad"
90367,5,3,15,0,2020,August,0,Sonntag,Unfall mit Leichtverletzten,Abkommen von Fahrbahn nach links,Fahrunfall,Dunkelheit,0,0,0,1,0,0,"358185,608","5644987,731",6.981534126,50.93905624,trocken,"5,2008E+18",Krad
90368,5,3,15,0,2020,August,17,Sonntag,Unfall mit Leichtverletzten,Zusammenstoß mit seitlich in gleicher Richtung fahrendem Fahrzeug,Unfall im Längsverkehr,Tageslicht,1,1,0,0,0,0,"354190,6473","5644842,484",6.924770699,50.93675463,trocken,"5,2008E+18","Rad, PKW"
90373,5,3,15,0,2020,August,15,Sonntag,Unfall mit Leichtverletzten,Zusammenstoß mit anfahrendem/ anhaltendem/ruhendem Fahrzeug,Abbiegeunfall,Tageslicht,0,1,0,0,0,0,"356779,7308","5638449,942",6.964103187,50.87995398,trocken,"5,2008E+18",PKW
90374,5,3,15,0,2020,Juli,13,Samstag,Unfall mit Leichtverletzten,Zusammenstoß mit seitlich in gleicher Richtung fahrendem Fahrzeug,Einbiegen / Kreuzen-Unfall,Tageslicht,1,1,0,0,0,0,"354860,6607","5643249,105",6.934934422,50.92260433,trocken,"5,20073E+18","Rad, PKW"
90378,5,3,15,0,2020,August,23,Sonntag,Unfall mit Leichtverletzten,Zusammenstoß mit einbiegendem / kreuzendem Fahrzeug,Einbiegen / Kreuzen-Unfall,Dunkelheit,1,1,0,0,0,0,"353842,7275","5642331,425",6.920828968,50.91410045,nass/feucht,"5,2008E+18","Rad, PKW"
90381,5,3,15,0,2020,August,19,Sonntag,Unfall mit Leichtverletzten,Unfall anderer Art,Fahrunfall,Tageslicht,0,0,0,1,0,0,"356888,2743","5644692,557",6.963197332,50.93608302,trocken,"5,2008E+18",Krad
90383,5,3,15,0,2020,Juli,23,Samstag,Unfall mit Leichtverletzten,Unfall anderer Art,Fahrunfall,Dunkelheit,1,0,0,0,0,0,"353684,5044","5642515,212",6.918506034,50.915712,trocken,"5,20073E+18",Rad
90387,5,3,15,0,2020,Juli,12,Samstag,Unfall mit Leichtverletzten,Zusammenstoß mit einbiegendem / kreuzendem Fahrzeug,Abbiegeunfall,Tageslicht,1,1,0,0,0,0,"355035,9877","5644664,652",6.936864373,50.93536961,trocken,"5,20073E+18","Rad, PKW"
90420,5,3,15,0,2020,August,7,Donnerstag,Unfall mit Leichtverletzten,Unfall anderer Art,Sonstiger Unfall,Tageslicht,0,1,0,0,0,0,"357211,2817","5634735,573",6.971683076,50.84667949,trocken,"5,20081E+18",PKW
90436,5,3,15,0,2020,August,10,Mittwoch,Unfall mit Leichtverletzten,Abkommen von Fahrbahn nach rechts,Fahrunfall,Tageslicht,0,0,0,0,0,1,"355713,0812","5635198,091",6.950233349,50.85046441,trocken,"5,2008E+18",Sonstige
90446,5,3,15,0,2020,August,11,Donnerstag,Unfall mit Leichtverletzten,Zusammenstoß mit seitlich in gleicher Richtung fahrendem Fahrzeug,Unfall im Längsverkehr,Tageslicht,0,1,0,1,0,0,"356219,8182","5643986,203",6.953968818,50.92956884,trocken,"5,20081E+18","Krad, PKW"
90472,5,3,15,0,2020,August,16,Dienstag,Unfall mit Leichtverletzten,Zusammenstoß mit seitlich in gleicher Richtung fahrendem Fahrzeug,Unfall im Längsverkehr,Tageslicht,1,0,0,0,0,0,"358419,3577","5640540,937",6.986584984,50.89915006,trocken,"5,2008E+18",Rad
90474,5,3,15,0,2020,August,15,Freitag,Unfall mit Leichtverletzten,Zusammenstoß mit vorausfahrendem / wartendem Fahrzeug,Unfall im Längsverkehr,Tageslicht,0,1,0,0,0,0,"349066,2408","5647996,92",6.850583984,50.96378279,trocken,"5,20081E+18",PKW
90514,5,3,15,0,2020,August,12,Mittwoch,Unfall mit Leichtverletzten,Zusammenstoß mit anfahrendem/ anhaltendem/ruhendem Fahrzeug,Unfall durch ruhenden Verkehr,Tageslicht,0,0,0,1,1,0,"360193,8252","5635166,764",7.013858079,50.85128322,trocken,"5,2008E+18","Krad, Gkfz"
90524,5,3,15,0,2020,August,11,Donnerstag,Unfall mit Leichtverletzten,Unfall anderer Art,Überschreiten-Unfall,Tageslicht,0,0,1,0,0,1,"356113,7799","5644639,57",6.952202958,50.93541412,trocken,"5,20081E+18","Fuss, Sonstige"
90528,5,3,15,0,2020,August,12,Sonntag,Unfall mit Leichtverletzten,Zusammenstoß mit vorausfahrendem / wartendem Fahrzeug,Unfall im Längsverkehr,Tageslicht,0,1,0,0,0,0,"362281,3321","5645544,861",7.039581531,50.94505611,nass/feucht,"5,2008E+18",PKW
90604,5,3,15,0,2020,August,12,Samstag,Unfall mit Leichtverletzten,Zusammenstoß mit anfahrendem/ anhaltendem/ruhendem Fahrzeug,Unfall im Längsverkehr,Tageslicht,0,1,0,0,0,1,"358314,41","5642999,189",6.984139099,50.9212168,trocken,"5,20081E+18","PKW, Sonstige"
90614,5,3,15,0,2020,August,7,Samstag,Unfall mit Leichtverletzten,Zusammenstoß mit einbiegendem / kreuzendem Fahrzeug,Einbiegen / Kreuzen-Unfall,Tageslicht,0,1,0,0,0,0,"354877,0245","5644798,28",6.934550354,50.93653051,trocken,"5,20081E+18",PKW
90641,5,3,15,0,2020,August,16,Freitag,Unfall mit Leichtverletzten,Zusammenstoß mit vorausfahrendem / wartendem Fahrzeug,Unfall im Längsverkehr,Tageslicht,0,1,0,0,0,1,"349241,7114","5649528,147",6.852446207,50.97758867,trocken,"5,20081E+18","PKW, Sonstige"
90669,5,3,15,0,2020,August,16,Samstag,Unfall mit Leichtverletzten,Unfall anderer Art,Abbiegeunfall,Tageslicht,0,1,0,1,0,0,"356289,751","5648106,696",6.953337159,50.96661649,trocken,"5,20081E+18","Krad, PKW"
90678,5,3,15,0,2020,August,13,Freitag,Unfall mit Leichtverletzten,Zusammenstoß mit einbiegendem / kreuzendem Fahrzeug,Einbiegen / Kreuzen-Unfall,Tageslicht,0,1,0,1,0,0,"353790,0127","5646227,553",6.918516735,50.94910032,trocken,"5,20081E+18","Krad, PKW"
90682,5,3,15,0,2020,August,10,Freitag,Unfall mit Leichtverletzten,Zusammenstoß mit seitlich in gleicher Richtung fahrendem Fahrzeug,Sonstiger Unfall,Tageslicht,0,1,0,0,1,0,"356278,6541","5635053,184",6.958319394,50.84930294,trocken,"5,20081E+18","PKW, Gkfz"
90691,5,3,15,0,2020,August,18,Freitag,Unfall mit Schwerverletzten,Zusammenstoß zwischen Fahrzeug und Fußgänger,Überschreiten-Unfall,Tageslicht,0,0,1,0,0,1,"354933,9916","5644795,438",6.935361701,50.9365193,trocken,"5,20081E+18","Fuss, Sonstige"