OBJECTID,ULAND,UREGBEZ,UKREIS,UGEMEINDE,UJAHR,UMONAT,USTUNDE,UWOCHENTAG,UKATEGORIE,UART,UTYP1,ULICHTVERH,IstRad,IstPKW,IstFuss,IstKrad,IstGkfz,IstSonstige,LINREFX,LINREFY,XGCSWGS84,YGCSWGS84,USTRZUSTAND,UIDENTSTLAE,Participants
90698,5,3,15,0,2020,August,13,Sonntag,Unfall mit Leichtverletzten,Abkommen von Fahrbahn nach links,Sonstiger Unfall,Tageslicht,0,1,0,0,0,0,"363575,8351","5646014,224",7.057821507,50.94958225,trocken,"5,20081E+18",PKW
90712,5,3,15,0,2020,August,16,Samstag,Unfall mit Schwerverletzten,Unfall anderer Art,Unfall im Längsverkehr,Tageslicht,0,1,0,1,0,0,"361265,9036","5646139,478",7.024909571,50.95015661,trocken,"5,20081E+18","Krad, PKW"
90723,5,3,15,0,2020,August,12,Samstag,Unfall mit Leichtverletzten,Zusammenstoß mit einbiegendem / kreuzendem Fahrzeug,Einbiegen / Kreuzen-Unfall,Tageslicht,0,1,0,1,0,0,"354183,5034","5644842,735",6.924668994,50.93675508,trocken,"5,20081E+18","Krad, PKW"
90779,5,3,15,0,2020,August,17,Samstag,Unfall mit Leichtverletzten,Zusammenstoß mit anfahrendem/ anhaltendem/ruhendem Fahrzeug,Sonstiger Unfall,Tageslicht,0,1,0,0,0,0,"356996,6657","5654249,656",6.960979161,51.02199805,trocken,"5,20081E+18",PKW
90829,5,3,15,0,2020,August,17,Samstag,Unfall mit Leichtverletzten,Zusammenstoß zwischen Fahrzeug und Fußgänger,Überschreiten-Unfall,Tageslicht,0,1,1,0,0,0,"348496,3339","5642906,836",6.844591004,50.9178926,trocken,"5,20081E+18","Fuss, PKW"
90856,5,3,15,0,2020,August,11,Mittwoch,Unfall mit Leichtverletzten,Unfall anderer Art,Sonstiger Unfall,Tageslicht,1,0,0,0,0,0,"353688,4596","5641625,805",6.918918874,50.90772017,trocken,"5,20081E+18",Rad
90898,5,3,15,0,2020,August,14,Mittwoch,Unfall mit Leichtverletzten,Zusammenstoß mit einbiegendem / kreuzendem Fahrzeug,Einbiegen / Kreuzen-Unfall,Tageslicht,1,1,0,0,0,0,"363533,9366","5641448,447",7.058934608,50.90853769,trocken,"5,20081E+18","Rad, PKW"
90911,5,3,15,0,2020,August,17,Mittwoch,Unfall mit Leichtverletzten,Zusammenstoß mit entgegenkommendem Fahrzeug,Unfall im Längsverkehr,Tageslicht,1,0,0,0,0,1,"356789,908","5644685,192",6.961801199,50.93599241,trocken,"5,20081E+18","Rad, Sonstige"
90952,5,3,15,0,2020,August,16,Mittwoch,Unfall mit Leichtverletzten,Zusammenstoß mit anfahrendem/ anhaltendem/ruhendem Fahrzeug,Unfall durch ruhenden Verkehr,Tageslicht,1,1,0,0,0,0,"359752,3117","5647324,974",7.002918442,50.96044448,trocken,"5,20081E+18","Rad, PKW"
90981,5,3,15,0,2020,August,3,Dienstag,Unfall mit Leichtverletzten,Abkommen von Fahrbahn nach rechts,Unfall im Längsverkehr,Dunkelheit,0,1,0,0,1,0,"347992,5575","5659560,314",6.830460059,51.0674096,trocken,"5,20081E+18","PKW, Gkfz"
91001,5,3,15,0,2020,August,11,Dienstag,Unfall mit Leichtverletzten,Zusammenstoß mit einbiegendem / kreuzendem Fahrzeug,Abbiegeunfall,Tageslicht,1,1,0,0,0,0,"360357,3043","5644988,59",7.012423841,50.93959397,trocken,"5,20081E+18","Rad, PKW"
91003,5,3,15,0,2020,August,16,Montag,Unfall mit Leichtverletzten,Zusammenstoß mit einbiegendem / kreuzendem Fahrzeug,Einbiegen / Kreuzen-Unfall,Tageslicht,1,1,0,0,0,0,"350173,2852","5645085,317",6.86753558,50.93790709,trocken,"5,20081E+18","Rad, PKW"
91004,5,3,15,0,2020,August,20,Montag,Unfall mit Leichtverletzten,Unfall anderer Art,Abbiegeunfall,Dämmerung,1,1,0,0,0,0,"356995,221","5643477,316",6.965195161,50.92518826,nass/feucht,"5,20081E+18","Rad, PKW"
91005,5,3,15,0,2020,August,10,Dienstag,Unfall mit Schwerverletzten,Zusammenstoß zwischen Fahrzeug und Fußgänger,Überschreiten-Unfall,Tageslicht,1,0,1,0,0,0,"356298,1148","5648002,688",6.953497278,50.96568387,trocken,"5,20081E+18","Rad, Fuss"
91006,5,3,15,0,2020,August,15,Montag,Unfall mit Leichtverletzten,Zusammenstoß mit seitlich in gleicher Richtung fahrendem Fahrzeug,Unfall im Längsverkehr,Tageslicht,1,1,0,0,0,0,"356609,023","5643036,558",6.959877007,50.92113135,trocken,"5,20081E+18","Rad, PKW"
91010,5,3,15,0,2020,August,16,Dienstag,Unfall mit Schwerverletzten,Zusammenstoß mit anfahrendem/ anhaltendem/ruhendem Fahrzeug,Unfall durch ruhenden Verkehr,Tageslicht,0,1,0,0,0,0,"356741,4199","5654847,509",6.957105967,51.02730726,trocken,"5,20081E+18",PKW
91015,5,3,15,0,2020,August,14,Dienstag,Unfall mit Leichtverletzten,Zusammenstoß mit einbiegendem / kreuzendem Fahrzeug,Einbiegen / Kreuzen-Unfall,Tageslicht,0,1,0,1,0,0,"356323,291","5647748,606",6.953955919,50.96340677,trocken,"5,20081E+18","Krad, PKW"
91027,5,3,15,0,2020,August,15,Dienstag,Unfall mit Leichtverletzten,Zusammenstoß mit seitlich in gleicher Richtung fahrendem Fahrzeug,Abbiegeunfall,Tageslicht,1,0,0,0,0,1,"349511,4954","5642602,394",6.859148254,50.91542241,trocken,"5,20081E+18","Rad, Sonstige"
91030,5,3,15,0,2020,August,14,Mittwoch,Unfall mit Leichtverletzten,Zusammenstoß mit vorausfahrendem / wartendem Fahrzeug,Unfall im Längsverkehr,Tageslicht,0,1,0,0,0,0,"354789,4125","5644683,092",6.933350192,50.93547329,trocken,"5,20081E+18",PKW
91035,5,3,15,0,2020,August,13,Dienstag,Unfall mit Leichtverletzten,Zusammenstoß mit seitlich in gleicher Richtung fahrendem Fahrzeug,Unfall im Längsverkehr,Tageslicht,1,1,0,0,1,0,"354323,411","5642492,883",6.927597708,50.91567296,trocken,"5,20081E+18","Rad, PKW, Gkfz"
91036,5,3,15,0,2020,August,20,Dienstag,Unfall mit Leichtverletzten,Zusammenstoß mit seitlich in gleicher Richtung fahrendem Fahrzeug,Unfall im Längsverkehr,Tageslicht,0,1,0,1,0,0,"356620,553","5646263,425",6.958771299,50.95013372,trocken,"5,20081E+18","Krad, PKW"
91073,5,3,15,0,2020,August,9,Mittwoch,Unfall mit Leichtverletzten,Zusammenstoß mit anfahrendem/ anhaltendem/ruhendem Fahrzeug,Sonstiger Unfall,Tageslicht,0,0,0,1,1,0,"358945,058","5644594,396",6.992488648,50.93570758,trocken,"5,20081E+18","Krad, Gkfz"
91130,5,3,15,0,2020,August,16,Sonntag,Unfall mit Leichtverletzten,Zusammenstoß mit einbiegendem / kreuzendem Fahrzeug,Einbiegen / Kreuzen-Unfall,Tageslicht,0,1,0,1,0,0,"363026,725","5638035,488",7.053004356,50.8777437,trocken,"5,20081E+18","Krad, PKW"
91132,5,3,15,0,2020,August,10,Sonntag,Unfall mit Schwerverletzten,Zusammenstoß mit seitlich in gleicher Richtung fahrendem Fahrzeug,Unfall im Längsverkehr,Tageslicht,1,0,0,0,0,0,"368184,2289","5639183,281",7.125858594,50.8892594,trocken,"5,20081E+18",Rad
91134,5,3,15,0,2020,August,11,Sonntag,Unfall mit Leichtverletzten,Zusammenstoß zwischen Fahrzeug und Fußgänger,Abbiegeunfall,Tageslicht,0,1,1,0,0,0,"349407,92","5642980,435",6.857519831,50.91879259,trocken,"5,20081E+18","Fuss, PKW"
91136,5,3,15,0,2020,August,22,Sonntag,Unfall mit Leichtverletzten,Zusammenstoß mit einbiegendem / kreuzendem Fahrzeug,Abbiegeunfall,Dunkelheit,1,1,0,0,0,0,"355304,1781","5645503,009",6.94034568,50.94297109,trocken,"5,20081E+18","Rad, PKW"
91154,5,3,15,0,2020,August,7,Donnerstag,Unfall mit Leichtverletzten,Zusammenstoß mit seitlich in gleicher Richtung fahrendem Fahrzeug,Unfall im Längsverkehr,Tageslicht,0,1,0,0,0,1,"365190,256","5642859,299",7.081958229,50.92160704,trocken,"5,20081E+18","PKW, Sonstige"
91166,5,3,15,0,2020,August,19,Donnerstag,Unfall mit Leichtverletzten,Zusammenstoß mit vorausfahrendem / wartendem Fahrzeug,Sonstiger Unfall,Tageslicht,1,0,0,0,0,0,"356481,1759","5646276,149",6.956783383,50.95021337,nass/feucht,"5,20081E+18",Rad
91193,5,3,15,0,2020,August,14,Freitag,Unfall mit Leichtverletzten,Zusammenstoß mit einbiegendem / kreuzendem Fahrzeug,Abbiegeunfall,Tageslicht,1,1,0,0,0,0,"354480,482","5641764,171",6.93012126,50.90916383,trocken,"5,20081E+18","Rad, PKW"
91201,5,3,15,0,2020,August,18,Freitag,Unfall mit Schwerverletzten,Abkommen von Fahrbahn nach links,Fahrunfall,Tageslicht,0,0,0,1,0,0,"352464,2633","5651162,188",6.89765465,50.99310759,nass/feucht,"5,20081E+18",Krad
91214,5,3,15,0,2020,August,8,Donnerstag,Unfall mit Schwerverletzten,Zusammenstoß mit vorausfahrendem / wartendem Fahrzeug,Abbiegeunfall,Tageslicht,1,1,0,0,0,0,"353378,3067","5655049,98",6.909099236,51.02827879,nass/feucht,"5,20081E+18","Rad, PKW"
91250,5,3,15,0,2020,August,13,Donnerstag,Unfall mit Leichtverletzten,Zusammenstoß mit vorausfahrendem / wartendem Fahrzeug,Unfall im Längsverkehr,Tageslicht,0,1,0,0,1,0,"361364,2268","5649167,779",7.025154504,50.97739624,trocken,"5,20081E+18","PKW, Gkfz"
91257,5,3,15,0,2020,August,17,Freitag,Unfall mit Leichtverletzten,Unfall anderer Art,Fahrunfall,Tageslicht,0,0,0,1,0,0,"356350,0786","5647501,7",6.95443461,50.96119454,trocken,"5,20081E+18",Krad
91267,5,3,15,0,2020,August,4,Donnerstag,Unfall mit Schwerverletzten,Abkommen von Fahrbahn nach links,Fahrunfall,Dunkelheit,0,1,0,0,0,0,"358249,3202","5644581,433",6.982598411,50.9354205,nass/feucht,"5,20081E+18",PKW
91295,5,3,15,0,2020,August,14,Donnerstag,Unfall mit Leichtverletzten,Zusammenstoß mit einbiegendem / kreuzendem Fahrzeug,Abbiegeunfall,Tageslicht,1,1,0,0,0,0,"353843,1281","5642330,959",6.920834849,50.91409637,trocken,"5,20081E+18","Rad, PKW"
91321,5,3,15,0,2020,August,17,Freitag,Unfall mit Leichtverletzten,Unfall anderer Art,Fahrunfall,Tageslicht,1,0,0,0,0,0,"358537,4858","5640417,077",6.988311755,50.89806587,nass/feucht,"5,20081E+18",Rad
91342,5,3,15,0,2020,August,22,Donnerstag,Unfall mit Leichtverletzten,Unfall anderer Art,Abbiegeunfall,Dunkelheit,0,1,0,0,0,0,"358600,784","5642688,24",6.988331405,50.91849253,nass/feucht,"5,20081E+18",PKW
91346,5,3,15,0,2020,August,17,Samstag,Unfall mit Leichtverletzten,Zusammenstoß mit seitlich in gleicher Richtung fahrendem Fahrzeug,Unfall im Längsverkehr,Tageslicht,0,1,0,0,0,0,"353810,02","5648881,051",6.917735316,50.97295137,trocken,"5,20081E+18",PKW
91421,5,3,15,0,2020,August,14,Donnerstag,Unfall mit Schwerverletzten,Unfall anderer Art,Sonstiger Unfall,Tageslicht,1,0,0,0,0,0,"357339,2359","5637502,093",6.972421107,50.87157402,nass/feucht,"5,20081E+18",Rad
91443,5,3,15,0,2020,August,12,Freitag,Unfall mit Leichtverletzten,Zusammenstoß mit einbiegendem / kreuzendem Fahrzeug,Abbiegeunfall,Tageslicht,1,0,0,0,0,0,"353990,0503","5646084,123",6.921420028,50.94786207,trocken,"5,20081E+18",Rad
91500,5,3,15,0,2020,August,10,Montag,Unfall mit Leichtverletzten,Zusammenstoß mit einbiegendem / kreuzendem Fahrzeug,Einbiegen / Kreuzen-Unfall,Tageslicht,1,1,0,0,0,0,"359872,848","5649175,082",7.003920942,50.9771009,trocken,"5,20082E+18","Rad, PKW"
91502,5,3,15,0,2020,August,20,Montag,Unfall mit Leichtverletzten,Unfall anderer Art,Fahrunfall,Tageslicht,0,0,0,1,0,0,"356063,7606","5651135,259",6.948921609,50.99377705,nass/feucht,"5,20082E+18",Krad
91503,5,3,15,0,2020,August,16,Montag,Unfall mit Leichtverletzten,Unfall anderer Art,Fahrunfall,Tageslicht,1,0,0,0,0,0,"356702,3663","5638357,493",6.963040419,50.87910396,trocken,"5,20082E+18",Rad
91505,5,3,15,0,2020,August,7,Dienstag,Unfall mit Leichtverletzten,Unfall anderer Art,Sonstiger Unfall,Tageslicht,0,0,0,1,0,0,"349530,2296","5648675,962",6.856905717,50.9700062,nass/feucht,"5,20082E+18",Krad
91554,5,3,15,0,2020,August,19,Mittwoch,Unfall mit Leichtverletzten,Zusammenstoß mit seitlich in gleicher Richtung fahrendem Fahrzeug,Einbiegen / Kreuzen-Unfall,Dämmerung,0,1,0,0,1,0,"360621,6203","5650226,699",7.014176871,50.98673363,nass/feucht,"5,20082E+18","PKW, Gkfz"
91567,5,3,15,0,2020,August,12,Dienstag,Unfall mit Schwerverletzten,Zusammenstoß zwischen Fahrzeug und Fußgänger,Überschreiten-Unfall,Tageslicht,0,1,1,0,0,0,"353354,4662","5645735,834",6.91251858,50.9445708,trocken,"5,20082E+18","Fuss, PKW"
91641,5,3,15,0,2020,August,20,Dienstag,Unfall mit Schwerverletzten,Zusammenstoß zwischen Fahrzeug und Fußgänger,Überschreiten-Unfall,Tageslicht,0,0,1,1,0,0,"358711,619","5644176,429",6.98933054,50.93189415,trocken,"5,20082E+18","Fuss, Krad"
91656,5,3,15,0,2020,August,18,Dienstag,Unfall mit Leichtverletzten,Unfall anderer Art,Fahrunfall,Tageslicht,0,0,0,1,0,0,"355705,1108","5645874,799",6.945901484,50.94641277,trocken,"5,20082E+18",Krad
91670,5,3,15,0,2020,August,21,Sonntag,Unfall mit Leichtverletzten,Zusammenstoß mit einbiegendem / kreuzendem Fahrzeug,Abbiegeunfall,Dunkelheit,0,1,0,0,0,0,"358974,9127","5644712,448",6.992867577,50.93677583,trocken,"5,20082E+18",PKW
91672,5,3,15,0,2020,August,14,Sonntag,Unfall mit Schwerverletzten,Unfall anderer Art,Fahrunfall,Tageslicht,1,0,0,0,0,0,"350097,2139","5645081,836",6.866455102,50.93785603,trocken,"5,20082E+18",Rad
91674,5,3,15,0,2020,August,3,Sonntag,Unfall mit Leichtverletzten,Abkommen von Fahrbahn nach rechts,Fahrunfall,Dunkelheit,1,0,0,0,0,0,"351475,9713","5644626,108",6.886250159,50.9341174,trocken,"5,20082E+18",Rad
91677,5,3,15,0,2020,August,4,Sonntag,Unfall mit Leichtverletzten,Zusammenstoß mit seitlich in gleicher Richtung fahrendem Fahrzeug,Unfall im Längsverkehr,Dunkelheit,0,1,0,0,0,0,"354654,8737","5646842,451",6.930575026,50.95484494,trocken,"5,20082E+18",PKW
91679,5,3,15,0,2020,August,21,Sonntag,Unfall mit Leichtverletzten,Unfall anderer Art,Fahrunfall,Dunkelheit,1,0,0,0,0,0,"357174,9272","5638784,274",6.969586552,50.88305645,nass/feucht,"5,20082E+18",Rad
91681,5,3,15,0,2020,August,17,Sonntag,Unfall mit Leichtverletzten,Unfall anderer Art,Fahrunfall,Tageslicht,1,0,0,0,0,0,"354473,7022","5641781,707",6.930017899,50.90931972,trocken,"5,20082E+18",Rad
91683,5,3,15,0,2020,August,17,Sonntag,Unfall mit Leichtverletzten,Unfall anderer Art,Fahrunfall,Tageslicht,0,0,0,0,0,1,"355026,2427","5645375,798",6.936442813,50.94175806,trocken,"5,20082E+18",Sonstige
91689,5,3,15,0,2020,August,16,Mittwoch,Unfall mit Leichtverletzten,Zusammenstoß mit vorausfahrendem / wartendem Fahrzeug,Unfall im Längsverkehr,Tageslicht,0,1,0,0,0,0,"356898,961","5634232,883",6.967445912,50.84208461,nass/feucht,"5,20082E+18",PKW
91701,5,3,15,0,2020,August,14,Samstag,Unfall mit Leichtverletzten,Unfall anderer Art,Sonstiger Unfall,Tageslicht,0,0,0,1,0,0,"361132,5839","5645704,84",7.023178522,50.94621831,trocken,"5,20081E+18",Krad
91706,5,3,15,0,2020,August,9,Dienstag,Unfall mit Leichtverletzten,Zusammenstoß mit einbiegendem / kreuzendem Fahrzeug,Überschreiten-Unfall,Tageslicht,0,0,1,0,0,1,"354477,5717","5645752,312",6.928488051,50.94500346,trocken,"5,20082E+18","Fuss, Sonstige"
91708,5,3,15,0,2020,August,19,Samstag,Unfall mit Leichtverletzten,Zusammenstoß zwischen Fahrzeug und Fußgänger,Überschreiten-Unfall,Tageslicht,0,1,1,0,0,0,"360117,8562","5647225,263",7.008158637,50.95963723,trocken,"5,20081E+18","Fuss, PKW"
91722,5,3,15,0,2020,August,11,Samstag,Unfall mit Leichtverletzten,Unfall anderer Art,Unfall durch ruhenden Verkehr,Tageslicht,1,1,0,0,0,0,"362426,6357","5651711,78",7.039315475,51.00051462,trocken,"5,20081E+18","Rad, PKW"
91729,5,3,15,0,2020,August,16,Samstag,Unfall mit Leichtverletzten,Zusammenstoß mit einbiegendem / kreuzendem Fahrzeug,Abbiegeunfall,Tageslicht,1,1,0,0,0,0,"356578,8617","5647104,728",6.957846702,50.95768401,trocken,"5,20081E+18","Rad, PKW"
91733,5,3,15,0,2020,August,17,Samstag,Unfall mit Leichtverletzten,Zusammenstoß mit vorausfahrendem / wartendem Fahrzeug,Unfall im Längsverkehr,Tageslicht,0,1,0,0,0,0,"354477,5189","5645754,819",6.928486299,50.94502598,trocken,"5,20081E+18",PKW
91736,5,3,15,0,2020,August,17,Samstag,Unfall mit Leichtverletzten,Zusammenstoß mit anfahrendem/ anhaltendem/ruhendem Fahrzeug,Sonstiger Unfall,Tageslicht,1,1,0,0,0,0,"347532,662","5648125,864",6.828707261,50.96453769,trocken,"5,20081E+18","Rad, PKW"
91740,5,3,15,0,2020,August,15,Samstag,Unfall mit Schwerverletzten,Zusammenstoß mit vorausfahrendem / wartendem Fahrzeug,Unfall im Längsverkehr,Tageslicht,0,1,0,0,0,0,"350086,9856","5648839,663",6.864762041,50.97162243,trocken,"5,20081E+18",PKW
91746,5,3,15,0,2020,August,17,Samstag,Unfall mit Leichtverletzten,Unfall anderer Art,Unfall im Längsverkehr,Tageslicht,0,1,0,1,0,0,"350398,391","5648524,626",6.869323747,50.96887237,trocken,"5,20081E+18","Krad, PKW"
91750,5,3,15,0,2020,August,17,Samstag,Unfall mit Leichtverletzten,Zusammenstoß mit seitlich in gleicher Richtung fahrendem Fahrzeug,Abbiegeunfall,Tageslicht,1,1,0,0,0,0,"353049,4335","5644914,723",6.908510784,50.93711413,trocken,"5,20081E+18","Rad, PKW"
91768,5,3,15,0,2020,August,17,Dienstag,Unfall mit Leichtverletzten,Zusammenstoß mit anfahrendem/ anhaltendem/ruhendem Fahrzeug,Unfall durch ruhenden Verkehr,Tageslicht,1,1,0,0,0,0,"354232,4787","5645913,402",6.924937122,50.94638921,trocken,"5,20082E+18","Rad, PKW"
91781,5,3,15,0,2020,August,0,Sonntag,Unfall mit Leichtverletzten,Zusammenstoß mit seitlich in gleicher Richtung fahrendem Fahrzeug,Unfall im Längsverkehr,Dunkelheit,0,1,0,0,0,0,"361149,4297","5642369,194",7.024688855,50.91624407,nass/feucht,"5,20082E+18",PKW
91791,5,3,15,0,2020,August,17,Mittwoch,Unfall mit Leichtverletzten,Zusammenstoß mit vorausfahrendem / wartendem Fahrzeug,Unfall im Längsverkehr,Tageslicht,0,1,0,0,0,0,"358521,5484",5640433,6.988079096,50.89820506,nass/feucht,"5,20082E+18",PKW
91798,5,3,15,0,2020,August,19,Mittwoch,Unfall mit Leichtverletzten,Zusammenstoß mit einbiegendem / kreuzendem Fahrzeug,Unfall durch ruhenden Verkehr,Tageslicht,0,1,0,1,0,0,"352211,3248","5643669,539",6.897095751,50.92571006,nass/feucht,"5,20082E+18","Krad, PKW"
91801,5,3,15,0,2020,August,18,Mittwoch,Unfall mit Leichtverletzten,Unfall anderer Art,Unfall durch ruhenden Verkehr,Tageslicht,0,1,0,1,0,0,"357023,5497","5646321,437",6.964481925,50.95075516,nass/feucht,"5,20082E+18","Krad, PKW"
91804,5,3,15,0,2020,August,6,Mittwoch,Unfall mit Leichtverletzten,Zusammenstoß mit einbiegendem / kreuzendem Fahrzeug,Abbiegeunfall,Tageslicht,1,0,0,0,0,1,"356588,1421","5646355,991",6.958273733,50.95095753,trocken,"5,20082E+18","Rad, Sonstige"
91814,5,3,15,0,2020,August,16,Donnerstag,Unfall mit Schwerverletzten,Zusammenstoß mit vorausfahrendem / wartendem Fahrzeug,Unfall im Längsverkehr,Tageslicht,0,1,0,0,0,1,"350004,0518","5650675,715",6.86282403,50.9881001,trocken,"5,20082E+18","PKW, Sonstige"
91838,5,3,15,0,2020,August,14,Samstag,Unfall mit Leichtverletzten,Abkommen von Fahrbahn nach links,Unfall im Längsverkehr,Tageslicht,0,1,0,0,0,0,"352522,4495","5640982,762",6.902605591,50.90164469,trocken,"5,20082E+18",PKW
91856,5,3,15,0,2020,August,12,Freitag,Unfall mit Leichtverletzten,Zusammenstoß mit vorausfahrendem / wartendem Fahrzeug,Unfall im Längsverkehr,Tageslicht,0,1,0,0,0,1,"353292,316","5644024,339",6.912323587,50.92917442,trocken,"5,20082E+18","PKW, Sonstige"
91880,5,3,15,0,2020,August,12,Freitag,Unfall mit Leichtverletzten,Zusammenstoß mit seitlich in gleicher Richtung fahrendem Fahrzeug,Unfall im Längsverkehr,Tageslicht,0,1,0,0,1,0,"356733,2132","5638921,954",6.963257373,50.88418441,trocken,"5,20082E+18","PKW, Gkfz"
91883,5,3,15,0,2020,August,16,Donnerstag,Unfall mit Leichtverletzten,Zusammenstoß mit vorausfahrendem / wartendem Fahrzeug,Unfall im Längsverkehr,Tageslicht,0,1,0,0,0,0,"357123,1179","5638833,68",6.968831208,50.88348766,trocken,"5,20082E+18",PKW
91884,5,3,15,0,2020,August,10,Donnerstag,Unfall mit Leichtverletzten,Zusammenstoß mit einbiegendem / kreuzendem Fahrzeug,Unfall im Längsverkehr,Tageslicht,0,1,0,0,0,0,"355375,3995","5648312,943",6.940242305,50.96824115,trocken,"5,20082E+18",PKW
91909,5,3,15,0,2020,August,20,Freitag,Unfall mit Leichtverletzten,Unfall anderer Art,Sonstiger Unfall,Tageslicht,1,1,0,0,0,0,"346606,9491","5645269,106",6.816737946,50.93862102,trocken,"5,20082E+18","Rad, PKW"
91954,5,3,15,0,2020,August,23,Donnerstag,Unfall mit Schwerverletzten,Zusammenstoß mit entgegenkommendem Fahrzeug,Unfall im Längsverkehr,Dunkelheit,1,0,0,0,0,1,"353565,2827","5644852,808",6.91587234,50.93668895,nass/feucht,"5,20082E+18","Rad, Sonstige"
91989,5,3,15,0,2020,August,16,Mittwoch,Unfall mit Leichtverletzten,Zusammenstoß mit vorausfahrendem / wartendem Fahrzeug,Unfall im Längsverkehr,Tageslicht,0,1,0,0,1,0,"359841,7518","5645840,547",7.00476275,50.94712554,nass/feucht,"5,20082E+18","PKW, Gkfz"
92000,5,3,15,0,2020,August,16,Freitag,Unfall mit Leichtverletzten,Zusammenstoß mit anfahrendem/ anhaltendem/ruhendem Fahrzeug,Unfall im Längsverkehr,Tageslicht,0,1,0,0,0,0,"354299,7713","5644202,404",6.926578612,50.93102999,trocken,"5,20082E+18",PKW
92004,5,3,15,0,2020,August,17,Mittwoch,Unfall mit Leichtverletzten,Zusammenstoß zwischen Fahrzeug und Fußgänger,Überschreiten-Unfall,Tageslicht,0,1,1,0,0,0,"353574,7024","5646452,951",6.915363047,50.95107123,nass/feucht,"5,20082E+18","Fuss, PKW"
92025,5,3,15,0,2020,August,10,Freitag,Unfall mit Schwerverletzten,Zusammenstoß mit anfahrendem/ anhaltendem/ruhendem Fahrzeug,Sonstiger Unfall,Tageslicht,0,1,0,0,1,0,"359625,6415","5641718,033",7.003275705,50.91002334,trocken,"5,20082E+18","PKW, Gkfz"
92055,5,3,15,0,2020,August,7,Freitag,Unfall mit Leichtverletzten,Zusammenstoß mit seitlich in gleicher Richtung fahrendem Fahrzeug,Unfall im Längsverkehr,Tageslicht,1,1,0,0,0,0,"365271,5575","5635788,463",7.085721739,50.8580759,trocken,"5,20082E+18","Rad, PKW"
92059,5,3,15,0,2020,August,19,Mittwoch,Unfall mit Leichtverletzten,Unfall anderer Art,Fahrunfall,Dämmerung,1,0,0,0,0,0,"352715,154","5651245,883",6.901193269,50.99392397,nass/feucht,"5,20082E+18",Rad
92062,5,3,15,0,2020,August,16,Mittwoch,Unfall mit Leichtverletzten,Zusammenstoß mit einbiegendem / kreuzendem Fahrzeug,Abbiegeunfall,Tageslicht,0,1,0,0,0,0,"351289,8561","5645234,239",6.883355169,50.93953439,trocken,"5,20082E+18",PKW
92068,5,3,15,0,2020,August,18,Freitag,Unfall mit Leichtverletzten,Zusammenstoß mit einbiegendem / kreuzendem Fahrzeug,Einbiegen / Kreuzen-Unfall,Tageslicht,1,1,0,0,0,0,"357839,77","5639945,226",6.978580029,50.89365398,trocken,"5,20082E+18","Rad, PKW"
92072,5,3,15,0,2020,August,15,Mittwoch,Unfall mit Schwerverletzten,Aufprall auf Fahrbahnhindernis,Sonstiger Unfall,Tageslicht,0,1,1,0,0,0,"352131,8942","5647535,164",6.894397105,50.9604282,trocken,"5,20082E+18","Fuss, PKW"
92096,5,3,15,0,2020,August,14,Donnerstag,Unfall mit Leichtverletzten,Zusammenstoß mit entgegenkommendem Fahrzeug,Unfall im Längsverkehr,Tageslicht,1,0,0,0,0,0,"352708,9119","5656725,658",6.898879,51.04316596,trocken,"5,20082E+18",Rad
92121,5,3,15,0,2020,August,20,Freitag,Unfall mit Leichtverletzten,Zusammenstoß zwischen Fahrzeug und Fußgänger,Überschreiten-Unfall,Dämmerung,1,0,1,0,0,0,"353577,4005","5646450,029",6.915402607,50.95104566,trocken,"5,20082E+18","Rad, Fuss"
92128,5,3,15,0,2020,August,15,Mittwoch,Unfall mit Leichtverletzten,Zusammenstoß mit einbiegendem / kreuzendem Fahrzeug,Abbiegeunfall,Tageslicht,1,1,0,0,0,0,"353560,941","5642776,263",6.916644663,50.91802664,trocken,"5,20082E+18","Rad, PKW"
92130,5,3,15,0,2020,August,15,Freitag,Unfall mit Leichtverletzten,Zusammenstoß mit vorausfahrendem / wartendem Fahrzeug,Unfall im Längsverkehr,Tageslicht,0,1,0,0,0,1,"366029,1714","5636205,72",7.096327126,50.86200211,trocken,"5,20082E+18","PKW, Sonstige"
92188,5,3,15,0,2020,August,12,Samstag,Unfall mit Leichtverletzten,Zusammenstoß mit vorausfahrendem / wartendem Fahrzeug,Unfall im Längsverkehr,Tageslicht,0,1,0,0,0,0,"352482,4902","5651122,02",6.897930505,50.99275129,trocken,"5,20082E+18",PKW
92189,5,3,15,0,2020,August,17,Dienstag,Unfall mit Leichtverletzten,Unfall anderer Art,Unfall durch ruhenden Verkehr,Tageslicht,1,1,0,0,0,0,"353196,5974","5645187,51",6.91049391,50.93960304,trocken,"5,20082E+18","Rad, PKW"
92190,5,3,15,0,2020,August,4,Samstag,Unfall mit Leichtverletzten,Abkommen von Fahrbahn nach links,Fahrunfall,Dunkelheit,0,1,0,0,0,0,"361408,8277","5646189,383",7.026924026,50.95063949,trocken,"5,20082E+18",PKW