OBJECTID,ULAND,UREGBEZ,UKREIS,UGEMEINDE,UJAHR,UMONAT,USTUNDE,UWOCHENTAG,UKATEGORIE,UART,UTYP1,ULICHTVERH,IstRad,IstPKW,IstFuss,IstKrad,IstGkfz,IstSonstige,LINREFX,LINREFY,XGCSWGS84,YGCSWGS84,USTRZUSTAND,UIDENTSTLAE,Participants
92193,5,3,15,0,2020,August,17,Samstag,Unfall mit Leichtverletzten,Zusammenstoß mit einbiegendem / kreuzendem Fahrzeug,Einbiegen / Kreuzen-Unfall,Tageslicht,1,1,0,0,0,0,"362638,2898","5643839,071",7.045302706,50.92981073,trocken,"5,20082E+18","Rad, PKW"
92202,5,3,15,0,2020,August,14,Samstag,Unfall mit Leichtverletzten,Zusammenstoß mit vorausfahrendem / wartendem Fahrzeug,Unfall im Längsverkehr,Tageslicht,0,1,0,1,0,0,"363265,3469","5649226,74",7.052196638,50.97838071,trocken,"5,20082E+18","Krad, PKW"
92209,5,3,15,0,2020,August,14,Samstag,Unfall mit Leichtverletzten,Zusammenstoß mit vorausfahrendem / wartendem Fahrzeug,Unfall im Längsverkehr,Tageslicht,0,1,0,0,0,0,"357358,25","5646885,56",6.969022718,50.95590782,trocken,"5,20082E+18",PKW
92218,5,3,15,0,2020,August,7,Samstag,Unfall mit Leichtverletzten,Zusammenstoß mit einbiegendem / kreuzendem Fahrzeug,Einbiegen / Kreuzen-Unfall,Tageslicht,1,1,0,0,0,0,"351147,4668","5651578,506",6.878733714,50.9965097,trocken,"5,20082E+18","Rad, PKW"
92225,5,3,15,0,2020,August,14,Samstag,Unfall mit Leichtverletzten,Zusammenstoß mit vorausfahrendem / wartendem Fahrzeug,Unfall im Längsverkehr,Tageslicht,0,1,0,0,1,0,"352816,6651","5651762,942",6.902429201,50.99859647,trocken,"5,20082E+18","PKW, Gkfz"
92228,5,3,15,0,2020,August,16,Samstag,Unfall mit Leichtverletzten,Zusammenstoß mit vorausfahrendem / wartendem Fahrzeug,Sonstiger Unfall,Tageslicht,1,1,0,0,0,0,"354366,8715","5645819,298",6.926886551,50.94557749,trocken,"5,20082E+18","Rad, PKW"
92231,5,3,15,0,2020,August,9,Samstag,Unfall mit Leichtverletzten,Zusammenstoß mit vorausfahrendem / wartendem Fahrzeug,Unfall im Längsverkehr,Tageslicht,0,1,0,0,0,0,"353354,2841","5645747,952",6.912511111,50.94467965,trocken,"5,20082E+18",PKW
92233,5,3,15,0,2020,August,10,Samstag,Unfall mit Leichtverletzten,Zusammenstoß mit einbiegendem / kreuzendem Fahrzeug,Einbiegen / Kreuzen-Unfall,Tageslicht,1,1,0,0,0,0,"358480,3485","5640474,255",6.987477604,50.89856573,trocken,"5,20082E+18","Rad, PKW"
92236,5,3,15,0,2020,August,13,Samstag,Unfall mit Leichtverletzten,Zusammenstoß mit vorausfahrendem / wartendem Fahrzeug,Unfall im Längsverkehr,Tageslicht,0,1,0,0,0,0,"358787,612","5639496,041",6.992222443,50.88984961,trocken,"5,20082E+18",PKW
92246,5,3,15,0,2020,August,23,Samstag,Unfall mit Leichtverletzten,Unfall anderer Art,Fahrunfall,Dunkelheit,1,0,0,0,0,0,"354608,1281","5644812,082",6.930720469,50.93658681,trocken,"5,20082E+18",Rad
92249,5,3,15,0,2020,August,21,Samstag,Unfall mit Leichtverletzten,Zusammenstoß mit vorausfahrendem / wartendem Fahrzeug,Abbiegeunfall,Dunkelheit,0,1,0,1,0,0,"356828,523","5644146,382",6.962562072,50.93115976,trocken,"5,20082E+18","Krad, PKW"
92255,5,3,15,0,2020,August,15,Sonntag,Unfall mit Leichtverletzten,Zusammenstoß mit einbiegendem / kreuzendem Fahrzeug,Einbiegen / Kreuzen-Unfall,Tageslicht,1,0,0,1,0,0,"359734,3181","5641611,5",7.004861494,50.90909233,trocken,"5,20082E+18","Rad, Krad"
92257,5,3,15,0,2020,August,14,Sonntag,Unfall mit Leichtverletzten,Zusammenstoß mit einbiegendem / kreuzendem Fahrzeug,Einbiegen / Kreuzen-Unfall,Tageslicht,1,0,0,0,0,1,"361678,9923","5645032,532",7.031207205,50.94030746,trocken,"5,20082E+18","Rad, Sonstige"
92259,5,3,15,0,2020,August,16,Sonntag,Unfall mit Leichtverletzten,Zusammenstoß mit einbiegendem / kreuzendem Fahrzeug,Abbiegeunfall,Tageslicht,1,1,0,0,0,0,"350831,3735","5652381,313",6.873902616,51.00364212,trocken,"5,20082E+18","Rad, PKW"
92261,5,3,15,0,2020,August,14,Sonntag,Unfall mit Leichtverletzten,Zusammenstoß mit vorausfahrendem / wartendem Fahrzeug,Unfall im Längsverkehr,Tageslicht,0,1,0,0,0,0,"349408,2012","5658083,08",6.85126452,51.0545082,trocken,"5,20082E+18",PKW
92262,5,3,15,0,2020,August,0,Sonntag,Unfall mit Schwerverletzten,Zusammenstoß zwischen Fahrzeug und Fußgänger,Unfall im Längsverkehr,Dunkelheit,0,0,1,0,0,1,"354219,2508","5644818,424",6.925187138,50.93654564,trocken,"5,20082E+18","Fuss, Sonstige"
92263,5,3,15,0,2020,August,11,Dienstag,Unfall mit Leichtverletzten,Zusammenstoß mit vorausfahrendem / wartendem Fahrzeug,Unfall im Längsverkehr,Tageslicht,1,0,0,0,0,0,"355481,5288","5645759,737",6.942766551,50.94532273,trocken,"5,20082E+18",Rad
92264,5,3,15,0,2020,August,15,Samstag,Unfall mit Leichtverletzten,Unfall anderer Art,Unfall im Längsverkehr,Tageslicht,0,1,0,0,0,0,"355207,4764","5644913,124",6.939204588,50.93764565,trocken,"5,20082E+18",PKW
92265,5,3,15,0,2020,August,0,Sonntag,Unfall mit Schwerverletzten,Zusammenstoß mit anfahrendem/ anhaltendem/ruhendem Fahrzeug,Unfall im Längsverkehr,Dunkelheit,0,1,0,0,0,0,"353434,8302","5641244,693",6.915466917,50.9042309,trocken,"5,20082E+18",PKW
92269,5,3,15,0,2020,August,10,Sonntag,Unfall mit Leichtverletzten,Zusammenstoß mit seitlich in gleicher Richtung fahrendem Fahrzeug,Unfall im Längsverkehr,Tageslicht,0,1,0,1,0,0,"352528,1633","5643730,795",6.901576075,50.92634162,trocken,"5,20082E+18","Krad, PKW"
92286,5,3,15,0,2020,August,9,Montag,Unfall mit Leichtverletzten,Unfall anderer Art,Sonstiger Unfall,Tageslicht,0,0,0,0,0,1,"353795,1136","5648517,097",6.917669466,50.96967688,trocken,"5,20082E+18",Sonstige
92296,5,3,15,0,2020,August,19,Montag,Unfall mit Leichtverletzten,Zusammenstoß mit vorausfahrendem / wartendem Fahrzeug,Unfall im Längsverkehr,Dämmerung,0,1,0,1,0,0,"353345,7821","5646701,586",6.912006096,50.95324742,trocken,"5,20082E+18","Krad, PKW"
92302,5,3,15,0,2020,August,0,Montag,Unfall mit Leichtverletzten,Zusammenstoß mit vorausfahrendem / wartendem Fahrzeug,Unfall im Längsverkehr,Dunkelheit,0,1,0,0,0,1,"355269,7376","5645231,161",6.939963786,50.94051941,trocken,"5,20082E+18","PKW, Sonstige"
92318,5,3,15,0,2020,August,11,Mittwoch,Unfall mit Leichtverletzten,Unfall anderer Art,Sonstiger Unfall,Tageslicht,0,1,0,0,0,0,"350929,162","5642168,671",6.879478367,50.91189269,trocken,"5,20083E+18",PKW
92321,5,3,15,0,2020,August,17,Dienstag,Unfall mit Leichtverletzten,Zusammenstoß zwischen Fahrzeug und Fußgänger,Überschreiten-Unfall,Tageslicht,1,0,1,0,0,0,"353625,0778","5646398,409",6.916101654,50.95059388,trocken,"5,20082E+18","Rad, Fuss"
92419,5,3,15,0,2020,August,13,Dienstag,Unfall mit Leichtverletzten,Unfall anderer Art,Sonstiger Unfall,Tageslicht,0,0,0,1,0,0,"353400,9589","5648973,855",6.911875552,50.97368138,trocken,"5,20082E+18",Krad
92475,5,3,15,0,2020,August,11,Dienstag,Unfall mit Schwerverletzten,Zusammenstoß mit einbiegendem / kreuzendem Fahrzeug,Unfall im Längsverkehr,Tageslicht,0,0,0,1,0,1,"359571,8289","5646858,832",7.000529964,50.95621127,trocken,"5,20082E+18","Krad, Sonstige"
92530,5,3,15,0,2020,August,7,Freitag,Unfall mit Leichtverletzten,Zusammenstoß mit entgegenkommendem Fahrzeug,Unfall im Längsverkehr,Tageslicht,1,0,0,0,0,0,"351482,6444","5650936,609",6.883769245,50.99082798,trocken,"5,20083E+18",Rad
92550,5,3,15,0,2020,August,12,Samstag,Unfall mit Leichtverletzten,Zusammenstoß mit einbiegendem / kreuzendem Fahrzeug,Abbiegeunfall,Tageslicht,1,1,0,0,0,0,"355289,7969","5645354,194",6.940200232,50.94163012,trocken,"5,20083E+18","Rad, PKW"
92561,5,3,15,0,2020,August,13,Donnerstag,Unfall mit Leichtverletzten,Zusammenstoß mit einbiegendem / kreuzendem Fahrzeug,Abbiegeunfall,Tageslicht,0,1,0,0,0,0,"356573,599","5647115,222",6.957767682,50.95777701,trocken,"5,20083E+18",PKW
92569,5,3,15,0,2020,August,13,Sonntag,Unfall mit Leichtverletzten,Unfall anderer Art,Sonstiger Unfall,Tageslicht,1,0,0,0,0,0,"355262,6278","5645194,08",6.939877389,50.94018439,trocken,"5,20083E+18",Rad
92577,5,3,15,0,2020,August,16,Sonntag,Unfall mit Leichtverletzten,Zusammenstoß mit anfahrendem/ anhaltendem/ruhendem Fahrzeug,Unfall im Längsverkehr,Tageslicht,0,1,0,0,0,0,"362983,9185","5648390,983",7.048505084,50.9708026,trocken,"5,20083E+18",PKW
92611,5,3,15,0,2020,August,18,Freitag,Unfall mit Leichtverletzten,Zusammenstoß mit einbiegendem / kreuzendem Fahrzeug,Abbiegeunfall,Tageslicht,1,1,0,0,0,0,"356354,35","5643200,065",6.956191658,50.92253742,trocken,"5,20083E+18","Rad, PKW"
92612,5,3,15,0,2020,August,11,Samstag,Unfall mit Leichtverletzten,Zusammenstoß zwischen Fahrzeug und Fußgänger,Sonstiger Unfall,Tageslicht,0,1,1,0,0,0,"356337,5051","5647625,168",6.954206938,50.96230099,trocken,"5,20083E+18","Fuss, PKW"
92641,5,3,15,0,2020,August,15,Freitag,Unfall mit Leichtverletzten,Zusammenstoß mit seitlich in gleicher Richtung fahrendem Fahrzeug,Unfall im Längsverkehr,Tageslicht,0,1,0,0,1,0,"353813,0469","5639976,821",6.921349888,50.89293276,trocken,"5,20083E+18","PKW, Gkfz"
92645,5,3,15,0,2020,August,9,Donnerstag,Unfall mit Leichtverletzten,Zusammenstoß mit vorausfahrendem / wartendem Fahrzeug,Abbiegeunfall,Tageslicht,0,1,0,0,0,1,"350814,006","5648458,934",6.87526566,50.96838983,trocken,"5,20083E+18","PKW, Sonstige"
92659,5,3,15,0,2020,August,19,Sonntag,Unfall mit Schwerverletzten,Zusammenstoß mit einbiegendem / kreuzendem Fahrzeug,Einbiegen / Kreuzen-Unfall,Tageslicht,1,1,0,0,0,0,"352229,4565","5647453,115",6.895818682,50.9597159,trocken,"5,20083E+18","Rad, PKW"
92696,5,3,15,0,2020,August,20,Samstag,Unfall mit Leichtverletzten,Unfall anderer Art,Fahrunfall,Dämmerung,1,0,0,0,0,0,"353937,5745","5646739,445",6.920410622,50.95373792,trocken,"5,20083E+18",Rad
92701,5,3,15,0,2020,August,7,Freitag,Unfall mit Leichtverletzten,Unfall anderer Art,Fahrunfall,Tageslicht,1,0,0,0,0,0,"356534,7673","5647098,736",6.957221636,50.95761919,trocken,"5,20083E+18",Rad
92707,5,3,15,0,2020,August,20,Mittwoch,Unfall mit Leichtverletzten,Zusammenstoß mit seitlich in gleicher Richtung fahrendem Fahrzeug,Unfall im Längsverkehr,Dämmerung,1,1,0,0,0,0,"363234,7684","5638744,619",7.055694433,50.8841663,trocken,"5,20083E+18","Rad, PKW"
92712,5,3,15,0,2020,August,15,Mittwoch,Unfall mit Leichtverletzten,Zusammenstoß mit einbiegendem / kreuzendem Fahrzeug,Abbiegeunfall,Tageslicht,1,1,0,0,0,0,"362587,7298","5648213,542",7.0429328,50.9691135,nass/feucht,"5,20083E+18","Rad, PKW"
92721,5,3,15,0,2020,August,15,Mittwoch,Unfall mit Schwerverletzten,Zusammenstoß mit anfahrendem/ anhaltendem/ruhendem Fahrzeug,Abbiegeunfall,Tageslicht,0,1,0,1,0,0,"352193,2512","5647481,795",6.89529186,50.95996434,nass/feucht,"5,20083E+18","Krad, PKW"
92722,5,3,15,0,2020,August,18,Sonntag,Unfall mit Leichtverletzten,Abkommen von Fahrbahn nach rechts,Fahrunfall,Tageslicht,0,1,0,0,0,0,"362959,3076","5642587,484",7.05033843,50.91863857,trocken,"5,20083E+18",PKW
92727,5,3,15,0,2020,August,15,Mittwoch,Unfall mit Leichtverletzten,Zusammenstoß zwischen Fahrzeug und Fußgänger,Überschreiten-Unfall,Tageslicht,1,0,1,0,0,0,"352424,2171","5647300,412",6.898651906,50.95839354,nass/feucht,"5,20083E+18","Rad, Fuss"
92732,5,3,15,0,2020,August,17,Mittwoch,Unfall mit Leichtverletzten,Zusammenstoß mit einbiegendem / kreuzendem Fahrzeug,Abbiegeunfall,Tageslicht,0,1,0,0,0,0,"356932,1313","5636595,728",6.966993445,50.86332785,trocken,"5,20083E+18",PKW
92742,5,3,15,0,2020,August,16,Mittwoch,Unfall mit Leichtverletzten,Zusammenstoß mit vorausfahrendem / wartendem Fahrzeug,Unfall im Längsverkehr,Tageslicht,0,1,0,0,0,0,"351561,1486","5644307,806",6.887591131,50.93127892,trocken,"5,20083E+18",PKW
92743,5,3,15,0,2020,August,20,Sonntag,Unfall mit Schwerverletzten,Unfall anderer Art,Fahrunfall,Tageslicht,1,0,0,0,0,0,"354503,5111","5643637,853",6.929701269,50.92600795,trocken,"5,20083E+18",Rad
92786,5,3,15,0,2020,August,14,Freitag,Unfall mit Leichtverletzten,Zusammenstoß mit anfahrendem/ anhaltendem/ruhendem Fahrzeug,Unfall durch ruhenden Verkehr,Tageslicht,1,1,0,0,0,0,"353714,7528","5646301,06",6.917416541,50.9497418,trocken,"5,20083E+18","Rad, PKW"
92787,5,3,15,0,2020,August,17,Samstag,Unfall mit Leichtverletzten,Unfall anderer Art,Abbiegeunfall,Tageslicht,1,1,0,0,0,0,"363648,823","5641225,203",7.060651128,50.90655843,trocken,"5,20083E+18","Rad, PKW"
92804,5,3,15,0,2020,August,17,Sonntag,Unfall mit Schwerverletzten,Zusammenstoß mit vorausfahrendem / wartendem Fahrzeug,Fahrunfall,Tageslicht,0,1,0,1,0,0,"349580,9197","5643183,332",6.859895595,50.92066101,trocken,"5,20083E+18","Krad, PKW"
92819,5,3,15,0,2020,August,15,Donnerstag,Unfall mit Leichtverletzten,Zusammenstoß mit vorausfahrendem / wartendem Fahrzeug,Unfall im Längsverkehr,Tageslicht,0,1,0,0,0,0,"352752,3386","5649599,526",6.90238995,50.97913851,nass/feucht,"5,20083E+18",PKW
92834,5,3,15,0,2020,August,16,Sonntag,Unfall mit Leichtverletzten,Zusammenstoß mit vorausfahrendem / wartendem Fahrzeug,Unfall im Längsverkehr,Tageslicht,0,1,0,1,0,0,"359978,2032","5647587,829",7.006031826,50.96286173,trocken,"5,20083E+18","Krad, PKW"
92869,5,3,15,0,2020,August,20,Samstag,Unfall mit Schwerverletzten,Unfall anderer Art,Abbiegeunfall,Dämmerung,0,1,0,0,0,1,"346847,6561","5645262,262",6.820164181,50.9386235,nass/feucht,"5,20083E+18","PKW, Sonstige"
92901,5,3,15,0,2020,August,8,Donnerstag,Unfall mit Leichtverletzten,Zusammenstoß mit einbiegendem / kreuzendem Fahrzeug,Sonstiger Unfall,Tageslicht,0,1,0,0,0,1,"354192,8887","5642306,549",6.925816659,50.91396547,trocken,"5,20083E+18","PKW, Sonstige"
92915,5,3,15,0,2020,August,12,Sonntag,Unfall mit Leichtverletzten,Zusammenstoß mit einbiegendem / kreuzendem Fahrzeug,Abbiegeunfall,Tageslicht,0,1,0,1,0,0,"352189,4771","5651927,924",6.893430172,50.99991831,trocken,"5,20083E+18","Krad, PKW"
92955,5,3,15,0,2020,September,17,Mittwoch,Unfall mit Leichtverletzten,Unfall anderer Art,Unfall durch ruhenden Verkehr,Tageslicht,1,1,0,0,0,0,"360402,7061","5647569,314",7.01208013,50.96279834,trocken,"5,2009E+18","Rad, PKW"
93019,5,3,15,0,2020,August,15,Montag,Unfall mit Leichtverletzten,Zusammenstoß mit einbiegendem / kreuzendem Fahrzeug,Abbiegeunfall,Tageslicht,0,1,0,0,0,0,"366946,1527","5642147,981",7.107185522,50.91562151,trocken,"5,20083E+18",PKW
93023,5,3,15,0,2020,September,17,Mittwoch,Unfall mit Leichtverletzten,Zusammenstoß mit seitlich in gleicher Richtung fahrendem Fahrzeug,Fahrunfall,Tageslicht,0,1,0,0,1,0,"362241,4659","5645676,822",7.038964479,50.94623255,trocken,"5,2009E+18","PKW, Gkfz"
93024,5,3,15,0,2020,September,1,Donnerstag,Unfall mit Schwerverletzten,Abkommen von Fahrbahn nach links,Fahrunfall,Dunkelheit,0,1,0,0,0,0,"355603,8501","5641201,282",6.946311781,50.90438733,nass/feucht,"5,2009E+18",PKW
93028,5,3,15,0,2020,August,17,Montag,Unfall mit Leichtverletzten,Zusammenstoß mit einbiegendem / kreuzendem Fahrzeug,Einbiegen / Kreuzen-Unfall,Tageslicht,1,1,0,0,0,0,"361454,229","5645310,989",7.027904155,50.94275606,trocken,"5,20083E+18","Rad, PKW"
93031,5,3,15,0,2020,September,16,Donnerstag,Unfall mit Leichtverletzten,Zusammenstoß zwischen Fahrzeug und Fußgänger,Überschreiten-Unfall,Tageslicht,1,0,1,0,0,0,"364130,3187","5648511,329",7.064778084,50.97215577,trocken,"5,2009E+18","Rad, Fuss"
93039,5,3,15,0,2020,August,17,Montag,Unfall mit Schwerverletzten,Zusammenstoß mit seitlich in gleicher Richtung fahrendem Fahrzeug,Unfall im Längsverkehr,Tageslicht,0,1,0,0,0,0,"354317,2025","5645425,045",6.926337687,50.94202191,trocken,"5,20083E+18",PKW
93117,5,3,15,0,2020,September,8,Donnerstag,Unfall mit Leichtverletzten,Zusammenstoß mit einbiegendem / kreuzendem Fahrzeug,Einbiegen / Kreuzen-Unfall,Tageslicht,1,1,0,0,0,0,"353654,8819","5648667,768",6.915612993,50.97099529,trocken,"5,2009E+18","Rad, PKW"
93136,5,3,15,0,2020,September,17,Mittwoch,Unfall mit Leichtverletzten,Abkommen von Fahrbahn nach rechts,Abbiegeunfall,Tageslicht,0,1,0,0,0,0,"357697,9397","5643827,723",6.975050636,50.92851112,trocken,"5,2009E+18",PKW
93138,5,3,15,0,2020,September,16,Donnerstag,Unfall mit Leichtverletzten,Zusammenstoß mit einbiegendem / kreuzendem Fahrzeug,Abbiegeunfall,Tageslicht,0,1,0,0,0,0,"354260,2519","5640287,687",6.927580265,50.89583946,trocken,"5,2009E+18",PKW
93155,5,3,15,0,2020,August,5,Dienstag,Unfall mit Schwerverletzten,Abkommen von Fahrbahn nach links,Sonstiger Unfall,Dunkelheit,0,1,0,0,0,0,"363304,0894","5646278,805",7.053855896,50.95189576,nass/feucht,"5,20083E+18",PKW
93159,5,3,15,0,2020,August,19,Dienstag,Unfall mit Leichtverletzten,Unfall anderer Art,Fahrunfall,Tageslicht,1,0,0,0,0,0,"364976,172","5635466,586",7.081646019,50.85511408,trocken,"5,20083E+18",Rad
93163,5,3,15,0,2020,August,11,Dienstag,Unfall mit Schwerverletzten,Abkommen von Fahrbahn nach rechts,Fahrunfall,Tageslicht,0,0,0,1,0,0,"365247,3394","5635678,981",7.085418149,50.85708627,trocken,"5,20083E+18",Krad
93165,5,3,15,0,2020,August,9,Dienstag,Unfall mit Schwerverletzten,Zusammenstoß mit einbiegendem / kreuzendem Fahrzeug,Einbiegen / Kreuzen-Unfall,Tageslicht,0,1,0,0,0,0,"363517,0293","5646020,939",7.056982327,50.94962868,trocken,"5,20083E+18",PKW
93169,5,3,15,0,2020,August,12,Dienstag,Unfall mit Leichtverletzten,Zusammenstoß mit vorausfahrendem / wartendem Fahrzeug,Unfall im Längsverkehr,Tageslicht,0,1,0,0,0,0,"353538,3844","5644854,851",6.915488961,50.93670048,trocken,"5,20083E+18",PKW
93173,5,3,15,0,2020,August,18,Dienstag,Unfall mit Leichtverletzten,Zusammenstoß mit vorausfahrendem / wartendem Fahrzeug,Sonstiger Unfall,Tageslicht,0,1,0,0,0,0,"354628,0096","5642959,399",6.931742006,50.91994224,trocken,"5,20083E+18",PKW
93176,5,3,15,0,2020,August,8,Dienstag,Unfall mit Leichtverletzten,Zusammenstoß zwischen Fahrzeug und Fußgänger,Überschreiten-Unfall,Tageslicht,0,0,1,0,0,1,"355593,6154","5643697,496",6.945178255,50.92681785,trocken,"5,20083E+18","Fuss, Sonstige"
93187,5,3,15,0,2020,September,17,Donnerstag,Unfall mit Schwerverletzten,Zusammenstoß mit einbiegendem / kreuzendem Fahrzeug,Einbiegen / Kreuzen-Unfall,Tageslicht,1,0,0,0,0,0,"358180,8073","5644798,18",6.981539622,50.93735156,trocken,"5,2009E+18",Rad
93206,5,3,15,0,2020,September,17,Mittwoch,Unfall mit Leichtverletzten,Zusammenstoß mit vorausfahrendem / wartendem Fahrzeug,Unfall im Längsverkehr,Tageslicht,0,1,0,0,0,0,"353335,2916","5640362,252",6.914406666,50.8962754,trocken,"5,2009E+18",PKW
93208,5,3,15,0,2020,September,10,Donnerstag,Unfall mit Leichtverletzten,Zusammenstoß mit einbiegendem / kreuzendem Fahrzeug,Einbiegen / Kreuzen-Unfall,Tageslicht,0,1,0,0,0,0,"357208,168","5641146,17",6.969135498,50.90429105,trocken,"5,2009E+18",PKW
93227,5,3,15,0,2020,September,7,Mittwoch,Unfall mit Leichtverletzten,Zusammenstoß mit einbiegendem / kreuzendem Fahrzeug,Einbiegen / Kreuzen-Unfall,Tageslicht,0,1,0,0,0,0,"348537,9783","5645173,961",6.844241138,50.93827647,trocken,"5,2009E+18",PKW
93298,5,3,15,0,2020,September,9,Mittwoch,Unfall mit Leichtverletzten,Zusammenstoß mit anfahrendem/ anhaltendem/ruhendem Fahrzeug,Unfall durch ruhenden Verkehr,Tageslicht,1,1,0,0,0,0,"359644,9451","5644815,568",7.002357846,50.93786605,trocken,"5,2009E+18","Rad, PKW"
93299,5,3,15,0,2020,September,17,Donnerstag,Unfall mit Leichtverletzten,Zusammenstoß mit einbiegendem / kreuzendem Fahrzeug,Abbiegeunfall,Tageslicht,1,1,0,0,0,0,"353842,6948","5642331,463",6.920828488,50.91410078,trocken,"5,2009E+18","Rad, PKW"
93304,5,3,15,0,2020,September,17,Donnerstag,Unfall mit Leichtverletzten,Zusammenstoß mit vorausfahrendem / wartendem Fahrzeug,Sonstiger Unfall,Tageslicht,1,1,0,0,0,0,"360492,7394","5646623,179",7.013724104,50.9543171,trocken,"5,2009E+18","Rad, PKW"
93348,5,3,15,0,2020,August,21,Dienstag,Unfall mit Getöteten,Zusammenstoß mit vorausfahrendem / wartendem Fahrzeug,Unfall im Längsverkehr,Dunkelheit,0,0,0,0,1,1,"351001,9536","5652929,008",6.876107261,51.00860808,trocken,"5,20083E+18","Gkfz, Sonstige"
93371,5,3,15,0,2020,September,11,Donnerstag,Unfall mit Schwerverletzten,Zusammenstoß zwischen Fahrzeug und Fußgänger,Sonstiger Unfall,Tageslicht,0,0,1,0,0,1,"360122,1783","5644932,675",7.009100848,50.93903447,trocken,"5,2009E+18","Fuss, Sonstige"
93389,5,3,15,0,2020,September,14,Mittwoch,Unfall mit Leichtverletzten,Zusammenstoß mit seitlich in gleicher Richtung fahrendem Fahrzeug,Einbiegen / Kreuzen-Unfall,Tageslicht,0,1,0,0,1,0,"357469,265","5639232,951",6.973593097,50.88716142,trocken,"5,2009E+18","PKW, Gkfz"
93391,5,3,15,0,2020,September,16,Donnerstag,Unfall mit Schwerverletzten,Zusammenstoß mit einbiegendem / kreuzendem Fahrzeug,Einbiegen / Kreuzen-Unfall,Tageslicht,1,1,0,0,0,0,"352770,0101","5644909,891",6.904538655,50.93699944,trocken,"5,2009E+18","Rad, PKW"
93403,5,3,15,0,2020,September,19,Mittwoch,Unfall mit Leichtverletzten,Zusammenstoß mit anfahrendem/ anhaltendem/ruhendem Fahrzeug,Unfall durch ruhenden Verkehr,Tageslicht,1,1,0,0,0,0,"355330,8174","5645548,842",6.940706408,50.94338967,trocken,"5,2009E+18","Rad, PKW"
93446,5,3,15,0,2020,September,13,Sonntag,Unfall mit Leichtverletzten,Zusammenstoß mit vorausfahrendem / wartendem Fahrzeug,Unfall im Längsverkehr,Tageslicht,0,1,0,0,0,0,"360359,7352","5656178,742",7.008157023,51.04016144,trocken,"5,20091E+18",PKW
93449,5,3,15,0,2020,September,19,Sonntag,Unfall mit Leichtverletzten,Unfall anderer Art,Fahrunfall,Tageslicht,1,0,0,0,0,0,"355947,5512","5649948,186",6.947737445,50.98308006,nass/feucht,"5,20091E+18",Rad
93465,5,3,15,0,2020,September,12,Montag,Unfall mit Schwerverletzten,Zusammenstoß mit entgegenkommendem Fahrzeug,Abbiegeunfall,Tageslicht,0,1,0,1,0,0,"353956,9959","5654043,434",6.917751224,51.01938077,trocken,"5,20091E+18","Krad, PKW"
93468,5,3,15,0,2020,September,7,Freitag,Unfall mit Leichtverletzten,Zusammenstoß mit vorausfahrendem / wartendem Fahrzeug,Unfall im Längsverkehr,Tageslicht,0,1,0,0,0,0,"353510,5763","5652848,117",6.91187345,51.00852549,trocken,"5,2009E+18",PKW
93474,5,3,15,0,2020,September,14,Samstag,Unfall mit Leichtverletzten,Zusammenstoß mit anfahrendem/ anhaltendem/ruhendem Fahrzeug,Unfall im Längsverkehr,Tageslicht,0,1,0,0,0,0,"362706,317","5645193,373",7.04575989,50.94199853,trocken,"5,2009E+18",PKW
93479,5,3,15,0,2020,September,10,Freitag,Unfall mit Leichtverletzten,Unfall anderer Art,Fahrunfall,Tageslicht,0,0,0,1,0,0,"360291,7296","5644972,384",7.011497312,50.93943244,nass/feucht,"5,2009E+18",Krad
93488,5,3,15,0,2020,September,15,Freitag,Unfall mit Leichtverletzten,Zusammenstoß mit vorausfahrendem / wartendem Fahrzeug,Abbiegeunfall,Tageslicht,0,1,0,0,0,0,"357696,557","5643828,887",6.975030519,50.92852125,nass/feucht,"5,2009E+18",PKW
93494,5,3,15,0,2020,September,15,Samstag,Unfall mit Leichtverletzten,Zusammenstoß mit entgegenkommendem Fahrzeug,Abbiegeunfall,Tageslicht,1,1,0,0,0,0,"356181,5186","5644620,213",6.953174001,50.93525705,trocken,"5,2009E+18","Rad, PKW"
93499,5,3,15,0,2020,September,17,Freitag,Unfall mit Schwerverletzten,Abkommen von Fahrbahn nach rechts,Sonstiger Unfall,Tageslicht,0,1,0,0,0,0,"362083,3725","5651067,518",7.034671091,50.99464232,nass/feucht,"5,2009E+18",PKW
93510,5,3,15,0,2020,September,7,Freitag,Unfall mit Schwerverletzten,Zusammenstoß zwischen Fahrzeug und Fußgänger,Überschreiten-Unfall,Tageslicht,0,1,1,0,0,0,"360007,254","5647662,87",7.00641638,50.96354319,trocken,"5,2009E+18","Fuss, PKW"
93513,5,3,15,0,2020,September,8,Freitag,Unfall mit Leichtverletzten,Zusammenstoß mit einbiegendem / kreuzendem Fahrzeug,Einbiegen / Kreuzen-Unfall,Tageslicht,1,1,0,0,0,0,"352093,699","5651961,424",6.8920525,51.00019474,trocken,"5,2009E+18","Rad, PKW"