OBJECTID,ULAND,UREGBEZ,UKREIS,UGEMEINDE,UJAHR,UMONAT,USTUNDE,UWOCHENTAG,UKATEGORIE,UART,UTYP1,ULICHTVERH,IstRad,IstPKW,IstFuss,IstKrad,IstGkfz,IstSonstige,LINREFX,LINREFY,XGCSWGS84,YGCSWGS84,USTRZUSTAND,UIDENTSTLAE,Participants
93517,5,3,15,0,2020,September,14,Freitag,Unfall mit Leichtverletzten,Zusammenstoß mit vorausfahrendem / wartendem Fahrzeug,Unfall im Längsverkehr,Tageslicht,0,1,0,0,0,0,"349120,5098","5649595,405",6.850693073,50.97816133,nass/feucht,"5,2009E+18",PKW
93520,5,3,15,0,2020,September,16,Freitag,Unfall mit Schwerverletzten,Unfall anderer Art,Fahrunfall,Tageslicht,0,0,0,1,0,0,"346408,15","5645274,147",6.813908489,50.93861341,nass/feucht,"5,2009E+18",Krad
93524,5,3,15,0,2020,September,7,Freitag,Unfall mit Leichtverletzten,Zusammenstoß mit anfahrendem/ anhaltendem/ruhendem Fahrzeug,Unfall durch ruhenden Verkehr,Tageslicht,1,1,0,0,0,0,"359311,4176","5638735,355",6.999957988,50.883141,trocken,"5,2009E+18","Rad, PKW"
93536,5,3,15,0,2020,September,11,Freitag,Unfall mit Leichtverletzten,Unfall anderer Art,Fahrunfall,Tageslicht,0,0,0,1,0,0,"352018,6383","5642393,702",6.8948736,50.91419529,nass/feucht,"5,2009E+18",Krad
93540,5,3,15,0,2020,September,8,Freitag,Unfall mit Leichtverletzten,Unfall anderer Art,Fahrunfall,Tageslicht,1,0,0,0,0,0,"354481,2861","5644828,114",6.928910057,50.9366989,trocken,"5,2009E+18",Rad
93554,5,3,15,0,2020,September,14,Dienstag,Unfall mit Schwerverletzten,Zusammenstoß mit einbiegendem / kreuzendem Fahrzeug,Abbiegeunfall,Tageslicht,1,1,0,0,0,0,"348897,4477","5643018,057",6.85024719,50.91899723,trocken,"5,20091E+18","Rad, PKW"
93557,5,3,15,0,2020,September,18,Freitag,Unfall mit Leichtverletzten,Unfall anderer Art,Unfall durch ruhenden Verkehr,Tageslicht,1,1,0,0,0,0,"356415,4428","5646289,361",6.955842996,50.95031574,trocken,"5,2009E+18","Rad, PKW"
93562,5,3,15,0,2020,September,7,Freitag,Unfall mit Leichtverletzten,Zusammenstoß mit einbiegendem / kreuzendem Fahrzeug,Einbiegen / Kreuzen-Unfall,Tageslicht,1,0,0,0,0,0,"354966,4711","5645431,369",6.935570489,50.94224242,trocken,"5,2009E+18",Rad
93568,5,3,15,0,2020,September,14,Samstag,Unfall mit Leichtverletzten,Unfall anderer Art,Unfall im Längsverkehr,Tageslicht,0,0,0,1,0,0,"354325,4837","5644813,344",6.926700061,50.93652683,nass/feucht,"5,2009E+18",Krad
93573,5,3,15,0,2020,September,16,Freitag,Unfall mit Leichtverletzten,Zusammenstoß mit einbiegendem / kreuzendem Fahrzeug,Abbiegeunfall,Tageslicht,1,1,0,0,0,0,"356179,6679","5644620,807",6.953147446,50.93526193,nass/feucht,"5,2009E+18","Rad, PKW"
93636,5,3,15,0,2020,September,11,Montag,Unfall mit Leichtverletzten,Zusammenstoß mit seitlich in gleicher Richtung fahrendem Fahrzeug,Unfall im Längsverkehr,Tageslicht,1,0,0,0,0,0,"360011,0455","5648817,133",7.00602608,50.97391759,trocken,"5,20091E+18",Rad
93649,5,3,15,0,2020,September,21,Sonntag,Unfall mit Leichtverletzten,Zusammenstoß mit anfahrendem/ anhaltendem/ruhendem Fahrzeug,Sonstiger Unfall,Dunkelheit,1,1,0,0,0,0,"364108,2185","5648562,705",7.064444299,50.9726123,trocken,"5,20091E+18","Rad, PKW"
93653,5,3,15,0,2020,September,8,Dienstag,Unfall mit Leichtverletzten,Unfall anderer Art,Sonstiger Unfall,Tageslicht,0,0,0,0,0,1,"356576,888","5643032,618",6.95942166,50.92108795,trocken,"5,20091E+18",Sonstige
93695,5,3,15,0,2020,September,10,Samstag,Unfall mit Leichtverletzten,Unfall anderer Art,Abbiegeunfall,Tageslicht,0,1,0,1,0,0,"352525,464","5643730,481",6.901537821,50.92633811,trocken,"5,2009E+18","Krad, PKW"
93747,5,3,15,0,2020,September,19,Sonntag,Unfall mit Leichtverletzten,Zusammenstoß mit vorausfahrendem / wartendem Fahrzeug,Unfall im Längsverkehr,Dämmerung,0,1,0,0,0,0,"353025,38","5640659,492",6.909883186,50.8988678,trocken,"5,20091E+18",PKW
93757,5,3,15,0,2020,September,15,Dienstag,Unfall mit Leichtverletzten,Zusammenstoß mit einbiegendem / kreuzendem Fahrzeug,Einbiegen / Kreuzen-Unfall,Tageslicht,1,1,0,0,0,0,"354477,8972","5647389,351",6.927838326,50.9597151,trocken,"5,20091E+18","Rad, PKW"
93771,5,3,15,0,2020,September,15,Samstag,Unfall mit Leichtverletzten,Zusammenstoß mit vorausfahrendem / wartendem Fahrzeug,Unfall im Längsverkehr,Tageslicht,0,1,0,0,0,0,"356231,857","5646964,884",6.952964359,50.95634079,trocken,"5,2009E+18",PKW
93792,5,3,15,0,2020,September,12,Samstag,Unfall mit Leichtverletzten,Unfall anderer Art,Fahrunfall,Tageslicht,1,0,0,0,0,0,"355285,7543","5644187,333",6.940606135,50.93114277,trocken,"5,2009E+18",Rad
93831,5,3,15,0,2020,September,8,Dienstag,Unfall mit Leichtverletzten,Zusammenstoß mit vorausfahrendem / wartendem Fahrzeug,Unfall im Längsverkehr,Tageslicht,0,1,0,0,0,0,"350130,0058","5642776,454",6.867869161,50.91714753,trocken,"5,20091E+18",PKW
93835,5,3,15,0,2020,September,16,Montag,Unfall mit Leichtverletzten,Unfall anderer Art,Einbiegen / Kreuzen-Unfall,Tageslicht,1,1,0,0,0,0,"360549,9845","5648894,345",7.01366806,50.97474225,trocken,"5,20091E+18","Rad, PKW"
93850,5,3,15,0,2020,September,17,Dienstag,Unfall mit Leichtverletzten,Zusammenstoß mit anfahrendem/ anhaltendem/ruhendem Fahrzeug,Unfall im Längsverkehr,Tageslicht,0,1,0,0,0,0,"354535,8272","5643549,376",6.930196078,50.92522099,trocken,"5,20091E+18",PKW
93864,5,3,15,0,2020,September,14,Samstag,Unfall mit Leichtverletzten,Zusammenstoß mit seitlich in gleicher Richtung fahrendem Fahrzeug,Abbiegeunfall,Tageslicht,1,0,0,0,0,1,"354658,3028","5646836,312",6.930626266,50.95479065,nass/feucht,"5,2009E+18","Rad, Sonstige"
93865,5,3,15,0,2020,September,15,Dienstag,Unfall mit Leichtverletzten,Zusammenstoß mit vorausfahrendem / wartendem Fahrzeug,Unfall im Längsverkehr,Tageslicht,0,1,0,0,0,0,"357121,2982","5638970,714",6.968751785,50.88471873,trocken,"5,20091E+18",PKW
93922,5,3,15,0,2020,September,7,Freitag,Unfall mit Leichtverletzten,Zusammenstoß mit einbiegendem / kreuzendem Fahrzeug,Einbiegen / Kreuzen-Unfall,Tageslicht,0,1,0,1,0,0,"354208,3193","5653652,483",6.921489156,51.01593125,trocken,"5,20091E+18","Krad, PKW"
93923,5,3,15,0,2020,September,16,Donnerstag,Unfall mit Leichtverletzten,Unfall anderer Art,Sonstiger Unfall,Tageslicht,0,1,1,0,0,0,"353602,1805","5646423,2",6.915765934,50.95081086,trocken,"5,20091E+18","Fuss, PKW"
93979,5,3,15,0,2020,September,14,Donnerstag,Unfall mit Leichtverletzten,Zusammenstoß mit einbiegendem / kreuzendem Fahrzeug,Einbiegen / Kreuzen-Unfall,Tageslicht,1,1,0,0,0,0,"365148,0427","5637065,126",7.083497319,50.86952135,trocken,"5,20091E+18","Rad, PKW"
93992,5,3,15,0,2020,September,22,Freitag,Unfall mit Leichtverletzten,Unfall anderer Art,Fahrunfall,Dunkelheit,1,0,0,0,0,0,"355285,4382","5645327,613",6.940148793,50.94139015,trocken,"5,20091E+18",Rad
93993,5,3,15,0,2020,September,13,Donnerstag,Unfall mit Leichtverletzten,Zusammenstoß mit einbiegendem / kreuzendem Fahrzeug,Einbiegen / Kreuzen-Unfall,Tageslicht,1,1,0,0,0,0,"358989,2308","5637985,377",6.995670031,50.87632227,trocken,"5,20091E+18","Rad, PKW"
94018,5,3,15,0,2020,September,8,Mittwoch,Unfall mit Leichtverletzten,Zusammenstoß mit vorausfahrendem / wartendem Fahrzeug,Unfall im Längsverkehr,Tageslicht,0,1,0,0,0,0,"359570,0995","5645831,348",7.000901677,50.94697675,trocken,"5,20091E+18",PKW
94021,5,3,15,0,2020,September,8,Mittwoch,Unfall mit Leichtverletzten,Unfall anderer Art,Fahrunfall,Tageslicht,1,0,0,0,0,0,"361163,4547","5649465,52",7.02218264,50.98002372,trocken,"5,20091E+18",Rad
94024,5,3,15,0,2020,September,6,Mittwoch,Unfall mit Schwerverletzten,Abkommen von Fahrbahn nach links,Sonstiger Unfall,Dämmerung,1,0,0,0,0,0,"356380,4325","5647227,292",6.954974852,50.95873605,trocken,"5,20091E+18",Rad
94028,5,3,15,0,2020,September,21,Mittwoch,Unfall mit Leichtverletzten,Zusammenstoß mit anfahrendem/ anhaltendem/ruhendem Fahrzeug,Unfall durch ruhenden Verkehr,Dämmerung,0,1,0,0,0,1,"356287,2222","5648127,167",6.953293082,50.96679983,trocken,"5,20091E+18","PKW, Sonstige"
94030,5,3,15,0,2020,September,11,Mittwoch,Unfall mit Leichtverletzten,Zusammenstoß mit vorausfahrendem / wartendem Fahrzeug,Unfall im Längsverkehr,Tageslicht,1,0,0,0,0,0,"353835,8305","5646194,232",6.919181924,50.9488125,trocken,"5,20091E+18",Rad
94031,5,3,15,0,2020,September,0,Freitag,Unfall mit Leichtverletzten,Unfall anderer Art,Abbiegeunfall,Dunkelheit,0,1,1,0,0,0,"356091,5204","5649067,147",6.950135913,50.97519837,nass/feucht,"5,20091E+18","Fuss, PKW"
94032,5,3,15,0,2020,September,9,Donnerstag,Unfall mit Leichtverletzten,Zusammenstoß mit einbiegendem / kreuzendem Fahrzeug,Abbiegeunfall,Tageslicht,0,1,0,0,1,0,"365329,488","5638850,568",7.085416802,50.8856106,trocken,"5,20091E+18","PKW, Gkfz"
94033,5,3,15,0,2020,September,13,Mittwoch,Unfall mit Leichtverletzten,Zusammenstoß mit einbiegendem / kreuzendem Fahrzeug,Abbiegeunfall,Tageslicht,1,1,0,0,0,0,"354206,946","5645931,429",6.924566691,50.94654475,trocken,"5,20091E+18","Rad, PKW"
94035,5,3,15,0,2020,September,5,Mittwoch,Unfall mit Leichtverletzten,Zusammenstoß mit anfahrendem/ anhaltendem/ruhendem Fahrzeug,Sonstiger Unfall,Dunkelheit,0,0,0,1,0,1,"352517,6261","5647228,865",6.900010005,50.9577745,trocken,"5,20091E+18","Krad, Sonstige"
94037,5,3,15,0,2020,September,19,Mittwoch,Unfall mit Leichtverletzten,Abkommen von Fahrbahn nach rechts,Unfall durch ruhenden Verkehr,Dämmerung,0,1,0,0,1,0,"355174,6764","5641313,801",6.940167386,50.90529102,trocken,"5,20091E+18","PKW, Gkfz"
94040,5,3,15,0,2020,September,14,Mittwoch,Unfall mit Leichtverletzten,Unfall anderer Art,Abbiegeunfall,Tageslicht,0,1,0,1,0,0,"356252,6563","5644601,549",6.954193105,50.93510706,trocken,"5,20091E+18","Krad, PKW"
94082,5,3,15,0,2020,September,7,Freitag,Unfall mit Leichtverletzten,Zusammenstoß mit einbiegendem / kreuzendem Fahrzeug,Abbiegeunfall,Tageslicht,0,1,0,0,0,1,"354741,601","5644805,463",6.932621428,50.93656097,trocken,"5,20091E+18","PKW, Sonstige"
94083,5,3,15,0,2020,September,11,Donnerstag,Unfall mit Leichtverletzten,Zusammenstoß mit einbiegendem / kreuzendem Fahrzeug,Abbiegeunfall,Tageslicht,1,1,0,0,0,0,"357577,5912","5634590,608",6.97693941,50.84546697,trocken,"5,20091E+18","Rad, PKW"
94138,5,3,15,0,2020,September,18,Freitag,Unfall mit Leichtverletzten,Zusammenstoß mit einbiegendem / kreuzendem Fahrzeug,Einbiegen / Kreuzen-Unfall,Tageslicht,1,1,0,0,0,0,"365194,7095","5642802,789",7.082042443,50.92110019,trocken,"5,20091E+18","Rad, PKW"
94139,5,3,15,0,2020,September,11,Donnerstag,Unfall mit Leichtverletzten,Zusammenstoß mit vorausfahrendem / wartendem Fahrzeug,Unfall im Längsverkehr,Tageslicht,0,1,0,0,0,1,"365119,914","5638260,505",7.082656865,50.88025844,trocken,"5,20091E+18","PKW, Sonstige"
94151,5,3,15,0,2020,September,23,Freitag,Unfall mit Leichtverletzten,Abkommen von Fahrbahn nach links,Fahrunfall,Dunkelheit,1,0,0,0,0,0,"357066,382","5646099,138",6.965178569,50.94876801,trocken,"5,20091E+18",Rad
94169,5,3,15,0,2020,September,13,Montag,Unfall mit Leichtverletzten,Zusammenstoß mit vorausfahrendem / wartendem Fahrzeug,Unfall im Längsverkehr,Tageslicht,0,1,0,0,0,0,"351810,474","5651822,331",6.888075703,50.99887192,trocken,"5,20091E+18",PKW
94200,5,3,15,0,2020,September,0,Sonntag,Unfall mit Leichtverletzten,Zusammenstoß mit seitlich in gleicher Richtung fahrendem Fahrzeug,Unfall im Längsverkehr,Dunkelheit,0,1,0,0,0,1,"352013,7371","5651618,595",6.89105344,50.99709337,trocken,"5,20091E+18","PKW, Sonstige"
94201,5,3,15,0,2020,September,17,Sonntag,Unfall mit Leichtverletzten,Zusammenstoß mit entgegenkommendem Fahrzeug,Unfall im Längsverkehr,Tageslicht,1,0,0,0,0,0,"356362,4953","5647295,229",6.954692801,50.95934212,trocken,"5,20091E+18",Rad
94202,5,3,15,0,2020,September,18,Sonntag,Unfall mit Leichtverletzten,Zusammenstoß zwischen Fahrzeug und Fußgänger,Abbiegeunfall,Tageslicht,0,1,1,0,0,0,"352525,7883","5651485,463",6.898399466,50.99602845,trocken,"5,20091E+18","Fuss, PKW"
94203,5,3,15,0,2020,September,19,Sonntag,Unfall mit Leichtverletzten,Zusammenstoß mit einbiegendem / kreuzendem Fahrzeug,Einbiegen / Kreuzen-Unfall,Dämmerung,1,1,0,0,0,0,"355188,168","5644777,985",6.938983674,50.93642634,trocken,"5,20091E+18","Rad, PKW"
94204,5,3,15,0,2020,September,22,Sonntag,Unfall mit Leichtverletzten,Unfall anderer Art,Einbiegen / Kreuzen-Unfall,Dunkelheit,0,1,0,0,0,1,"360390,424","5648478,584",7.011556361,50.97096711,trocken,"5,20091E+18","PKW, Sonstige"
94303,5,3,15,0,2020,September,12,Samstag,Unfall mit Leichtverletzten,Zusammenstoß mit vorausfahrendem / wartendem Fahrzeug,Unfall im Längsverkehr,Tageslicht,0,1,0,0,0,0,"349078,6448","5649191,853",6.850264667,50.97452396,trocken,"5,20091E+18",PKW
94304,5,3,15,0,2020,September,14,Samstag,Unfall mit Leichtverletzten,Zusammenstoß mit vorausfahrendem / wartendem Fahrzeug,Unfall im Längsverkehr,Tageslicht,0,1,0,0,0,0,"358929,5572","5643644,231",6.992635929,50.92716458,trocken,"5,20091E+18",PKW
94307,5,3,15,0,2020,September,17,Samstag,Unfall mit Schwerverletzten,Unfall anderer Art,Fahrunfall,Tageslicht,1,0,0,0,0,0,"362300,158","5640155,106",7.041884306,50.89662093,trocken,"5,20091E+18",Rad
94308,5,3,15,0,2020,September,10,Samstag,Unfall mit Leichtverletzten,Zusammenstoß mit vorausfahrendem / wartendem Fahrzeug,Unfall im Längsverkehr,Tageslicht,0,1,0,0,0,0,"365160,0919","5635583,995",7.084214256,50.85621223,trocken,"5,20091E+18",PKW
94309,5,3,15,0,2020,September,15,Samstag,Unfall mit Leichtverletzten,Unfall anderer Art,Fahrunfall,Tageslicht,1,0,0,0,0,0,"358180,3671","5644798,21",6.981533349,50.93735172,trocken,"5,20091E+18",Rad
94310,5,3,15,0,2020,September,20,Samstag,Unfall mit Leichtverletzten,Unfall anderer Art,Unfall im Längsverkehr,Dämmerung,0,1,0,0,0,0,"357020,1774","5639779,102",6.96699883,50.89195871,trocken,"5,20091E+18",PKW
94311,5,3,15,0,2020,September,16,Samstag,Unfall mit Leichtverletzten,Zusammenstoß mit anfahrendem/ anhaltendem/ruhendem Fahrzeug,Abbiegeunfall,Tageslicht,0,1,0,0,0,0,"356929,595","5639870,984",6.96567574,50.89276202,trocken,"5,20091E+18",PKW
94392,5,3,15,0,2020,September,1,Samstag,Unfall mit Getöteten,Zusammenstoß mit vorausfahrendem / wartendem Fahrzeug,Unfall im Längsverkehr,Dunkelheit,0,1,0,0,1,0,"361708,7399","5642506,352",7.032588674,50.91761106,trocken,"5,20091E+18","PKW, Gkfz"
94519,5,3,15,0,2020,September,15,Mittwoch,Unfall mit Leichtverletzten,Zusammenstoß mit vorausfahrendem / wartendem Fahrzeug,Unfall im Längsverkehr,Tageslicht,0,1,0,0,0,0,"358679,4461","5640550,897",6.990277407,50.89930328,trocken,"5,20092E+18",PKW
94522,5,3,15,0,2020,September,16,Mittwoch,Unfall mit Leichtverletzten,Zusammenstoß mit seitlich in gleicher Richtung fahrendem Fahrzeug,Abbiegeunfall,Tageslicht,0,1,0,0,0,1,"359621,2249","5646951,371",7.001197135,50.95705496,trocken,"5,20092E+18","PKW, Sonstige"
94567,5,3,15,0,2020,September,18,Dienstag,Unfall mit Leichtverletzten,Zusammenstoß mit vorausfahrendem / wartendem Fahrzeug,Unfall im Längsverkehr,Tageslicht,0,1,0,0,0,0,"348923,6549","5645502,183",6.849590229,50.94132713,trocken,"5,20091E+18",PKW
94568,5,3,15,0,2020,September,6,Dienstag,Unfall mit Schwerverletzten,Zusammenstoß mit anfahrendem/ anhaltendem/ruhendem Fahrzeug,Unfall im Längsverkehr,Dunkelheit,0,1,0,0,0,1,"363178,468","5646311,859",7.052056102,50.95216302,trocken,"5,20091E+18","PKW, Sonstige"
94569,5,3,15,0,2020,September,6,Dienstag,Unfall mit Schwerverletzten,Zusammenstoß mit anfahrendem/ anhaltendem/ruhendem Fahrzeug,Einbiegen / Kreuzen-Unfall,Dämmerung,0,1,0,0,0,0,"364889,964","5635412,54",7.080441898,50.8546082,trocken,"5,20091E+18",PKW
94570,5,3,15,0,2020,September,17,Dienstag,Unfall mit Leichtverletzten,Unfall anderer Art,Fahrunfall,Tageslicht,1,0,0,0,0,0,"364388,4627","5649139,874",7.06821821,50.97786561,trocken,"5,20091E+18",Rad
94571,5,3,15,0,2020,September,12,Dienstag,Unfall mit Leichtverletzten,Unfall anderer Art,Fahrunfall,Tageslicht,1,0,0,0,0,0,"356496,1792","5651717,171",6.954849374,50.99911455,trocken,"5,20091E+18",Rad
94572,5,3,15,0,2020,September,11,Dienstag,Unfall mit Leichtverletzten,Abkommen von Fahrbahn nach rechts,Unfall durch ruhenden Verkehr,Tageslicht,0,1,0,0,0,0,"355635,919","5648538,13",6.94386071,50.9703302,trocken,"5,20091E+18",PKW
94573,5,3,15,0,2020,September,11,Dienstag,Unfall mit Leichtverletzten,Zusammenstoß mit anfahrendem/ anhaltendem/ruhendem Fahrzeug,Unfall durch ruhenden Verkehr,Tageslicht,0,1,0,0,0,0,"348138,1741","5645174,257",6.838554926,50.93817398,trocken,"5,20091E+18",PKW
94574,5,3,15,0,2020,September,13,Dienstag,Unfall mit Schwerverletzten,Zusammenstoß mit einbiegendem / kreuzendem Fahrzeug,Einbiegen / Kreuzen-Unfall,Tageslicht,0,1,0,0,0,1,"353675,084","5646344,026",6.916834931,50.95011786,trocken,"5,20091E+18","PKW, Sonstige"
94575,5,3,15,0,2020,September,18,Dienstag,Unfall mit Schwerverletzten,Zusammenstoß zwischen Fahrzeug und Fußgänger,Unfall im Längsverkehr,Tageslicht,1,0,1,0,0,0,"355215,2844","5644958,607",6.939297568,50.93805635,trocken,"5,20091E+18","Rad, Fuss"
94705,5,3,15,0,2020,September,22,Montag,Unfall mit Leichtverletzten,Zusammenstoß mit vorausfahrendem / wartendem Fahrzeug,Unfall im Längsverkehr,Dunkelheit,0,1,0,0,0,0,"361423,2625","5646192,105",7.027128363,50.95066743,trocken,"5,20091E+18",PKW
94706,5,3,15,0,2020,September,16,Montag,Unfall mit Schwerverletzten,Unfall anderer Art,Fahrunfall,Tageslicht,1,0,0,0,0,0,"356483,4045","5651474,705",6.954763272,50.99693238,trocken,"5,20091E+18",Rad
94707,5,3,15,0,2020,September,9,Montag,Unfall mit Leichtverletzten,Aufprall auf Fahrbahnhindernis,Einbiegen / Kreuzen-Unfall,Tageslicht,1,0,0,1,0,0,"351736,217","5642137,165",6.890963129,50.91181743,trocken,"5,20091E+18","Rad, Krad"
94711,5,3,15,0,2020,September,16,Mittwoch,Unfall mit Leichtverletzten,Zusammenstoß mit anfahrendem/ anhaltendem/ruhendem Fahrzeug,Unfall durch ruhenden Verkehr,Tageslicht,0,1,0,0,0,0,"352259,7318","5647429,02",6.896259259,50.95950713,trocken,"5,20092E+18",PKW
94809,5,3,15,0,2020,September,13,Samstag,Unfall mit Schwerverletzten,Zusammenstoß mit vorausfahrendem / wartendem Fahrzeug,Sonstiger Unfall,Tageslicht,0,1,0,0,0,1,"362335,2497","5646487,879",7.039992032,50.95354418,trocken,"5,20092E+18","PKW, Sonstige"
94846,5,3,15,0,2020,September,17,Freitag,Unfall mit Leichtverletzten,Zusammenstoß mit anfahrendem/ anhaltendem/ruhendem Fahrzeug,Unfall im Längsverkehr,Tageslicht,0,1,0,0,0,0,"359970,6932","5647803,242",7.00584204,50.96479585,trocken,"5,20092E+18",PKW
94848,5,3,15,0,2020,September,13,Freitag,Unfall mit Leichtverletzten,Zusammenstoß mit vorausfahrendem / wartendem Fahrzeug,Unfall im Längsverkehr,Tageslicht,0,1,0,0,0,0,"347564,7602","5647353,175",6.829487708,50.95760272,trocken,"5,20092E+18",PKW
94992,5,3,15,0,2020,September,7,Donnerstag,Unfall mit Schwerverletzten,Unfall anderer Art,Sonstiger Unfall,Tageslicht,1,0,0,0,0,0,"363214,0416","5639480,297",7.05512456,50.89077329,trocken,"5,20092E+18",Rad
94993,5,3,15,0,2020,September,16,Donnerstag,Unfall mit Leichtverletzten,Zusammenstoß mit vorausfahrendem / wartendem Fahrzeug,Unfall im Längsverkehr,Tageslicht,0,1,0,1,0,0,"351389,7417","5648117,028",6.88359908,50.96546615,trocken,"5,20092E+18","Krad, PKW"
94994,5,3,15,0,2020,September,7,Donnerstag,Unfall mit Leichtverletzten,Unfall anderer Art,Einbiegen / Kreuzen-Unfall,Tageslicht,1,0,0,0,0,0,"354308,5289","5645862,203",6.926039452,50.94594833,trocken,"5,20092E+18",Rad
94995,5,3,15,0,2020,September,15,Donnerstag,Unfall mit Leichtverletzten,Unfall anderer Art,Sonstiger Unfall,Tageslicht,0,1,1,0,0,0,"353291,5948","5646759,803",6.91121169,50.95375679,trocken,"5,20092E+18","Fuss, PKW"
94996,5,3,15,0,2020,September,20,Donnerstag,Unfall mit Leichtverletzten,Zusammenstoß mit vorausfahrendem / wartendem Fahrzeug,Fahrunfall,Dunkelheit,1,0,1,0,0,0,"357097,5196","5643239,653",6.966742919,50.92307775,trocken,"5,20092E+18","Rad, Fuss"
95162,5,3,15,0,2020,September,17,Montag,Unfall mit Leichtverletzten,Zusammenstoß mit seitlich in gleicher Richtung fahrendem Fahrzeug,Sonstiger Unfall,Tageslicht,0,1,0,1,0,0,"351286,3343","5644948,674",6.883421633,50.93696727,trocken,"5,20092E+18","Krad, PKW"
95163,5,3,15,0,2020,September,22,Montag,Unfall mit Leichtverletzten,Zusammenstoß mit seitlich in gleicher Richtung fahrendem Fahrzeug,Unfall im Längsverkehr,Dunkelheit,0,1,0,0,0,0,"355452,9653","5635206,922",6.946537141,50.85047884,trocken,"5,20092E+18",PKW
95164,5,3,15,0,2020,September,15,Montag,Unfall mit Leichtverletzten,Zusammenstoß mit seitlich in gleicher Richtung fahrendem Fahrzeug,Unfall im Längsverkehr,Tageslicht,1,1,0,0,0,0,"354183,6017","5642000,38",6.92580699,50.91121166,trocken,"5,20092E+18","Rad, PKW"
95165,5,3,15,0,2020,September,15,Montag,Unfall mit Schwerverletzten,Unfall anderer Art,Unfall im Längsverkehr,Tageslicht,0,1,0,1,0,0,"356190,6689","5641132,185",6.954679392,50.90391283,trocken,"5,20092E+18","Krad, PKW"
95167,5,3,15,0,2020,September,17,Montag,Unfall mit Leichtverletzten,Zusammenstoß mit einbiegendem / kreuzendem Fahrzeug,Abbiegeunfall,Tageslicht,1,0,0,1,0,0,"355669,7781","5644690,808",6.945867941,50.93576364,trocken,"5,20092E+18","Rad, Krad"
95250,5,3,15,0,2020,September,14,Montag,Unfall mit Leichtverletzten,Abkommen von Fahrbahn nach links,Fahrunfall,Tageslicht,0,1,0,0,0,0,"361802,162","5642527,99",7.033908716,50.91782791,trocken,"5,20092E+18",PKW
95305,5,3,15,0,2020,September,23,Sonntag,Unfall mit Leichtverletzten,Unfall anderer Art,Fahrunfall,Dunkelheit,0,0,0,0,0,1,"362962,7714","5651355,179",7.047086269,50.99743769,trocken,"5,20092E+18",Sonstige
95306,5,3,15,0,2020,September,13,Sonntag,Unfall mit Schwerverletzten,Zusammenstoß mit seitlich in gleicher Richtung fahrendem Fahrzeug,Unfall im Längsverkehr,Tageslicht,0,0,0,1,0,1,"360677,0869","5646247,445",7.016490918,50.9509849,trocken,"5,20092E+18","Krad, Sonstige"
95307,5,3,15,0,2020,September,13,Sonntag,Unfall mit Leichtverletzten,Unfall anderer Art,Fahrunfall,Tageslicht,0,0,0,1,0,0,"356065,4681","5649212,353",6.949707587,50.97649679,trocken,"5,20092E+18",Krad
95308,5,3,15,0,2020,September,18,Sonntag,Unfall mit Leichtverletzten,Zusammenstoß mit anfahrendem/ anhaltendem/ruhendem Fahrzeug,Unfall im Längsverkehr,Tageslicht,0,1,0,0,0,0,"354741,601","5644805,463",6.932621428,50.93656097,trocken,"5,20092E+18",PKW
95310,5,3,15,0,2020,September,1,Sonntag,Unfall mit Schwerverletzten,Abkommen von Fahrbahn nach links,Sonstiger Unfall,Dunkelheit,0,1,0,0,0,0,"354306,1982","5642467,226",6.927363256,50.91543805,trocken,"5,20092E+18",PKW
95312,5,3,15,0,2020,September,13,Sonntag,Unfall mit Leichtverletzten,Zusammenstoß mit vorausfahrendem / wartendem Fahrzeug,Unfall im Längsverkehr,Tageslicht,0,1,0,0,0,0,"358094,4214","5639399,061",6.982410742,50.88880816,trocken,"5,20092E+18",PKW
95313,5,3,15,0,2020,September,14,Sonntag,Unfall mit Leichtverletzten,Zusammenstoß zwischen Fahrzeug und Fußgänger,Überschreiten-Unfall,Tageslicht,0,1,1,0,0,0,"355754,496","5644081,213",6.947314096,50.9303065,trocken,"5,20092E+18","Fuss, PKW"
95406,5,3,15,0,2020,September,16,Sonntag,Unfall mit Schwerverletzten,Zusammenstoß mit vorausfahrendem / wartendem Fahrzeug,Unfall im Längsverkehr,Tageslicht,0,1,0,1,0,0,"350180,0992","5650774,752",6.86528969,50.98903592,trocken,"5,20092E+18","Krad, PKW"