OBJECTID,ULAND,UREGBEZ,UKREIS,UGEMEINDE,UJAHR,UMONAT,USTUNDE,UWOCHENTAG,UKATEGORIE,UART,UTYP1,ULICHTVERH,IstRad,IstPKW,IstFuss,IstKrad,IstGkfz,IstSonstige,LINREFX,LINREFY,XGCSWGS84,YGCSWGS84,USTRZUSTAND,UIDENTSTLAE,Participants
95408,5,3,15,0,2020,September,15,Sonntag,Unfall mit Schwerverletzten,Zusammenstoß mit vorausfahrendem / wartendem Fahrzeug,Unfall im Längsverkehr,Tageslicht,0,1,0,0,0,0,"353816,3429","5653138,709",6.916111831,51.01121469,trocken,"5,20092E+18",PKW
95409,5,3,15,0,2020,September,11,Sonntag,Unfall mit Leichtverletzten,Zusammenstoß mit vorausfahrendem / wartendem Fahrzeug,Unfall im Längsverkehr,Tageslicht,0,1,0,0,0,0,"352489,1881","5651018,02",6.898068114,50.99181841,trocken,"5,20092E+18",PKW
95496,5,3,15,0,2020,September,16,Donnerstag,Unfall mit Leichtverletzten,Zusammenstoß mit vorausfahrendem / wartendem Fahrzeug,Unfall im Längsverkehr,Tageslicht,0,1,0,0,0,0,"348877,4169","5644955,843",6.849159186,50.93640546,trocken,"5,20092E+18",PKW
95497,5,3,15,0,2020,September,16,Donnerstag,Unfall mit Leichtverletzten,Zusammenstoß mit vorausfahrendem / wartendem Fahrzeug,Unfall im Längsverkehr,Tageslicht,0,1,0,0,0,0,"352273,0271","5651783,168",6.894678947,50.99863892,trocken,"5,20092E+18",PKW
95499,5,3,15,0,2020,September,9,Donnerstag,Unfall mit Leichtverletzten,Zusammenstoß mit vorausfahrendem / wartendem Fahrzeug,Unfall im Längsverkehr,Tageslicht,0,1,0,1,0,0,"355478,4947","5651030,503",6.940629057,50.99268897,trocken,"5,20092E+18","Krad, PKW"
95501,5,3,15,0,2020,September,14,Donnerstag,Unfall mit Leichtverletzten,Zusammenstoß mit anfahrendem/ anhaltendem/ruhendem Fahrzeug,Einbiegen / Kreuzen-Unfall,Tageslicht,1,1,0,0,0,0,"350894,6809","5645057,299",6.87780703,50.93784229,trocken,"5,20092E+18","Rad, PKW"
95502,5,3,15,0,2020,September,8,Donnerstag,Unfall mit Schwerverletzten,Unfall anderer Art,Fahrunfall,Tageslicht,0,0,0,1,0,0,"355006,5656","5646327,853",6.935783888,50.95030899,trocken,"5,20092E+18",Krad
95503,5,3,15,0,2020,September,15,Donnerstag,Unfall mit Leichtverletzten,Zusammenstoß mit vorausfahrendem / wartendem Fahrzeug,Fahrunfall,Tageslicht,1,0,0,0,0,1,"354541,9322","5645717,858",6.929417343,50.94471007,trocken,"5,20092E+18","Rad, Sonstige"
95505,5,3,15,0,2020,September,19,Donnerstag,Unfall mit Schwerverletzten,Zusammenstoß mit einbiegendem / kreuzendem Fahrzeug,Abbiegeunfall,Dämmerung,1,1,0,0,0,0,"353203,803","5646839,044",6.909930672,50.95444655,trocken,"5,20092E+18","Rad, PKW"
95506,5,3,15,0,2020,September,18,Donnerstag,Unfall mit Schwerverletzten,Zusammenstoß mit einbiegendem / kreuzendem Fahrzeug,Einbiegen / Kreuzen-Unfall,Tageslicht,0,1,0,1,0,0,"358415,2306","5640545,678",6.986524494,50.89919165,trocken,"5,20092E+18","Krad, PKW"
95507,5,3,15,0,2020,September,8,Donnerstag,Unfall mit Leichtverletzten,Unfall anderer Art,Unfall durch ruhenden Verkehr,Tageslicht,1,0,0,0,0,0,"354744,6687","5643086,919",6.933349815,50.92111761,trocken,"5,20092E+18",Rad
95508,5,3,15,0,2020,September,13,Donnerstag,Unfall mit Schwerverletzten,Zusammenstoß mit einbiegendem / kreuzendem Fahrzeug,Einbiegen / Kreuzen-Unfall,Tageslicht,1,0,0,0,0,1,"357956,1998","5641165,743",6.979759717,50.90465148,trocken,"5,20092E+18","Rad, Sonstige"
95509,5,3,15,0,2020,September,8,Donnerstag,Unfall mit Leichtverletzten,Zusammenstoß mit einbiegendem / kreuzendem Fahrzeug,Einbiegen / Kreuzen-Unfall,Tageslicht,1,0,0,0,0,0,"356593,4356","5644606,292",6.959037904,50.93523452,trocken,"5,20092E+18",Rad
95533,5,3,15,0,2020,September,9,Freitag,Unfall mit Leichtverletzten,Zusammenstoß mit vorausfahrendem / wartendem Fahrzeug,Unfall im Längsverkehr,Tageslicht,0,1,0,0,0,0,"363061,2406","5646342,996",7.050376443,50.95241502,trocken,"5,20092E+18",PKW
95550,5,3,15,0,2020,September,7,Freitag,Unfall mit Leichtverletzten,Zusammenstoß mit seitlich in gleicher Richtung fahrendem Fahrzeug,Unfall im Längsverkehr,Tageslicht,0,1,0,0,1,0,"348872,8312","5645044,351",6.849057262,50.93719962,trocken,"5,20092E+18","PKW, Gkfz"
95609,5,3,15,0,2020,September,19,Donnerstag,Unfall mit Leichtverletzten,Zusammenstoß mit vorausfahrendem / wartendem Fahrzeug,Unfall im Längsverkehr,Dämmerung,0,1,0,0,0,0,"364118,8946","5641472,162",7.067241031,50.90888882,trocken,"5,20092E+18",PKW
95610,5,3,15,0,2020,September,3,Donnerstag,Unfall mit Leichtverletzten,Zusammenstoß mit vorausfahrendem / wartendem Fahrzeug,Unfall im Längsverkehr,Dunkelheit,0,1,0,0,0,0,"366187,801","5638826,095",7.097621013,50.88559009,trocken,"5,20092E+18",PKW
95661,5,3,15,0,2020,September,16,Mittwoch,Unfall mit Leichtverletzten,Zusammenstoß mit anfahrendem/ anhaltendem/ruhendem Fahrzeug,Unfall im Längsverkehr,Tageslicht,0,1,0,1,0,0,"355738,038","5654489,004",6.942950046,51.02383457,trocken,"5,20092E+18","Krad, PKW"
95662,5,3,15,0,2020,September,17,Mittwoch,Unfall mit Getöteten,Zusammenstoß mit anfahrendem/ anhaltendem/ruhendem Fahrzeug,Unfall im Längsverkehr,Tageslicht,0,1,0,1,0,0,"363301,3358","5646261,174",7.053823337,50.95173666,trocken,"5,20092E+18","Krad, PKW"
95664,5,3,15,0,2020,September,17,Mittwoch,Unfall mit Leichtverletzten,Zusammenstoß mit seitlich in gleicher Richtung fahrendem Fahrzeug,Abbiegeunfall,Tageslicht,1,1,0,0,0,0,"365180,7085","5645578,442",7.080816556,50.94604326,trocken,"5,20092E+18","Rad, PKW"
95666,5,3,15,0,2020,September,8,Mittwoch,Unfall mit Leichtverletzten,Zusammenstoß mit seitlich in gleicher Richtung fahrendem Fahrzeug,Unfall im Längsverkehr,Tageslicht,1,1,0,0,0,0,"350096,4367","5645081,867",6.866444036,50.93785611,trocken,"5,20092E+18","Rad, PKW"
95668,5,3,15,0,2020,September,18,Mittwoch,Unfall mit Leichtverletzten,Unfall anderer Art,Fahrunfall,Dämmerung,1,0,0,0,0,0,"352550,1305","5647208,703",6.900480669,50.95760163,trocken,"5,20092E+18",Rad
95669,5,3,15,0,2020,September,10,Mittwoch,Unfall mit Leichtverletzten,Zusammenstoß mit anfahrendem/ anhaltendem/ruhendem Fahrzeug,Unfall im Längsverkehr,Tageslicht,0,1,0,0,0,0,"353074,8395","5640714,469",6.910563927,50.89937445,trocken,"5,20092E+18",PKW
95772,5,3,15,0,2020,September,18,Mittwoch,Unfall mit Leichtverletzten,Zusammenstoß mit vorausfahrendem / wartendem Fahrzeug,Unfall im Längsverkehr,Tageslicht,0,1,0,0,0,0,"362263,0896","5642641,182",7.040419319,50.91895541,trocken,"5,20092E+18",PKW
95773,5,3,15,0,2020,September,9,Mittwoch,Unfall mit Leichtverletzten,Zusammenstoß mit vorausfahrendem / wartendem Fahrzeug,Unfall im Längsverkehr,Tageslicht,0,1,0,0,0,0,"362921,5141","5644343,398",7.049140893,50.93441069,trocken,"5,20092E+18",PKW
95838,5,3,15,0,2020,September,17,Dienstag,Unfall mit Leichtverletzten,Zusammenstoß mit vorausfahrendem / wartendem Fahrzeug,Unfall im Längsverkehr,Tageslicht,0,1,0,1,0,0,"362330,507","5643832,493",7.040928085,50.92967823,trocken,"5,20092E+18","Krad, PKW"
95839,5,3,15,0,2020,September,7,Dienstag,Unfall mit Leichtverletzten,Zusammenstoß mit vorausfahrendem / wartendem Fahrzeug,Sonstiger Unfall,Tageslicht,0,1,0,1,0,0,"360003,4972","5644895,834",7.007426893,50.93867457,trocken,"5,20092E+18","Krad, PKW"
95841,5,3,15,0,2020,September,22,Dienstag,Unfall mit Schwerverletzten,Zusammenstoß zwischen Fahrzeug und Fußgänger,Überschreiten-Unfall,Dunkelheit,0,1,1,0,0,0,"360566,105","5648908,637",7.013892053,50.9748746,trocken,"5,20092E+18","Fuss, PKW"
95842,5,3,15,0,2020,September,8,Dienstag,Unfall mit Leichtverletzten,Zusammenstoß mit entgegenkommendem Fahrzeug,Unfall im Längsverkehr,Tageslicht,0,1,0,0,1,1,"352600,5404","5656892,787",6.897266163,51.04464005,trocken,"5,20092E+18","PKW, Gkfz, Sonstige"
95844,5,3,15,0,2020,September,11,Dienstag,Unfall mit Leichtverletzten,Unfall anderer Art,Fahrunfall,Tageslicht,0,0,0,1,0,0,"355733,5255","5650537,589",6.944456388,50.98832327,trocken,"5,20092E+18",Krad
95845,5,3,15,0,2020,September,15,Dienstag,Unfall mit Leichtverletzten,Zusammenstoß mit seitlich in gleicher Richtung fahrendem Fahrzeug,Einbiegen / Kreuzen-Unfall,Tageslicht,1,0,0,0,0,1,"348697,3635","5645159,333",6.846514028,50.93818686,trocken,"5,20092E+18","Rad, Sonstige"
95846,5,3,15,0,2020,September,13,Dienstag,Unfall mit Leichtverletzten,Unfall anderer Art,Unfall im Längsverkehr,Tageslicht,0,0,0,1,0,1,"356876,294","5644336,76",6.963166673,50.93288253,trocken,"5,20092E+18","Krad, Sonstige"
95915,5,3,15,0,2020,September,20,Montag,Unfall mit Schwerverletzten,Zusammenstoß mit einbiegendem / kreuzendem Fahrzeug,Einbiegen / Kreuzen-Unfall,Dunkelheit,1,0,0,0,0,1,"354828,66","5643229,014",6.934487425,50.92241572,trocken,"5,20093E+18","Rad, Sonstige"
95916,5,3,15,0,2020,September,0,Montag,Unfall mit Leichtverletzten,Abkommen von Fahrbahn nach links,Sonstiger Unfall,Dunkelheit,0,1,0,0,0,0,"353351,5235","5644888,334",6.912817878,50.93695389,nass/feucht,"5,20093E+18",PKW
95987,5,3,15,0,2020,September,21,Sonntag,Unfall mit Leichtverletzten,Zusammenstoß mit vorausfahrendem / wartendem Fahrzeug,Unfall im Längsverkehr,Dunkelheit,0,1,0,0,0,0,"363658,2829","5643591,209",7.059901278,50.92782508,nass/feucht,"5,20093E+18",PKW
95989,5,3,15,0,2020,September,14,Sonntag,Unfall mit Leichtverletzten,Zusammenstoß mit seitlich in gleicher Richtung fahrendem Fahrzeug,Abbiegeunfall,Tageslicht,0,1,0,0,0,0,"358327,3854","5645577,475",6.983321369,50.94439113,nass/feucht,"5,20093E+18",PKW
95991,5,3,15,0,2020,September,13,Sonntag,Unfall mit Leichtverletzten,Zusammenstoß mit vorausfahrendem / wartendem Fahrzeug,Unfall im Längsverkehr,Tageslicht,0,1,0,0,0,0,"357298,7958","5647175,838",6.968062947,50.95850181,trocken,"5,20093E+18",PKW
95992,5,3,15,0,2020,September,17,Sonntag,Unfall mit Leichtverletzten,Zusammenstoß mit vorausfahrendem / wartendem Fahrzeug,Unfall im Längsverkehr,Tageslicht,0,1,0,0,0,0,"354639,5723","5645956,358",6.93071108,50.94687804,nass/feucht,"5,20093E+18",PKW
96057,5,3,15,0,2020,September,16,Dienstag,Unfall mit Schwerverletzten,Zusammenstoß mit anfahrendem/ anhaltendem/ruhendem Fahrzeug,Unfall im Längsverkehr,Tageslicht,0,1,0,0,0,0,"359156,2393","5643474,424",6.99592499,50.9256939,nass/feucht,"5,20093E+18",PKW
96067,5,3,15,0,2020,September,17,Dienstag,Unfall mit Schwerverletzten,Zusammenstoß zwischen Fahrzeug und Fußgänger,Überschreiten-Unfall,Tageslicht,0,1,1,0,0,0,"354032,6113","5646054,368",6.922037422,50.94760545,nass/feucht,"5,20093E+18","Fuss, PKW"
96068,5,3,15,0,2020,September,15,Sonntag,Unfall mit Leichtverletzten,Zusammenstoß mit vorausfahrendem / wartendem Fahrzeug,Unfall im Längsverkehr,Tageslicht,0,1,0,0,0,0,"363599,2632","5643288,148",7.059175342,50.92508738,nass/feucht,"5,20093E+18",PKW
96075,5,3,15,0,2020,September,10,Dienstag,Unfall mit Leichtverletzten,Zusammenstoß mit vorausfahrendem / wartendem Fahrzeug,Unfall im Längsverkehr,Tageslicht,0,1,0,0,0,0,354000,"5642159,908",6.923133318,50.91259888,nass/feucht,"5,20093E+18",PKW
96094,5,3,15,0,2020,September,11,Dienstag,Unfall mit Leichtverletzten,Unfall anderer Art,Fahrunfall,Tageslicht,1,0,0,0,0,0,"355286,2423","5644185,338",6.940613867,50.93112497,nass/feucht,"5,20093E+18",Rad
96117,5,3,15,0,2020,September,13,Samstag,Unfall mit Schwerverletzten,Zusammenstoß mit vorausfahrendem / wartendem Fahrzeug,Unfall im Längsverkehr,Tageslicht,0,1,0,0,0,1,"352959,161","5650367,958",6.905023223,50.98609689,trocken,"5,20093E+18","PKW, Sonstige"
96119,5,3,15,0,2020,September,20,Samstag,Unfall mit Leichtverletzten,Unfall anderer Art,Fahrunfall,Dunkelheit,0,0,0,0,0,1,"361192,499","5644181,27",7.024611368,50.93254005,nass/feucht,"5,20093E+18",Sonstige
96120,5,3,15,0,2020,September,16,Samstag,Unfall mit Leichtverletzten,Zusammenstoß mit vorausfahrendem / wartendem Fahrzeug,Abbiegeunfall,Tageslicht,0,1,0,0,0,0,"362677,6494","5643151,094",7.046121584,50.92363699,trocken,"5,20093E+18",PKW
96122,5,3,15,0,2020,September,9,Samstag,Unfall mit Schwerverletzten,Zusammenstoß mit einbiegendem / kreuzendem Fahrzeug,Einbiegen / Kreuzen-Unfall,Tageslicht,0,1,0,1,0,0,"362225,4894","5645079,922",7.03896297,50.94086421,trocken,"5,20093E+18","Krad, PKW"
96123,5,3,15,0,2020,September,15,Samstag,Unfall mit Schwerverletzten,Zusammenstoß mit einbiegendem / kreuzendem Fahrzeug,Einbiegen / Kreuzen-Unfall,Tageslicht,1,1,0,0,0,0,"360683,2716","5648997,106",7.015526013,50.97569804,trocken,"5,20093E+18","Rad, PKW"
96125,5,3,15,0,2020,September,23,Samstag,Unfall mit Leichtverletzten,Unfall anderer Art,Fahrunfall,Dunkelheit,0,0,0,0,0,1,"359315,4958","5647732,236",6.996544916,50.96399808,nass/feucht,"5,20093E+18",Sonstige
96126,5,3,15,0,2020,September,1,Samstag,Unfall mit Leichtverletzten,Zusammenstoß mit anfahrendem/ anhaltendem/ruhendem Fahrzeug,Unfall durch ruhenden Verkehr,Dunkelheit,0,1,0,0,0,0,"358470,9539","5644700,264",6.985704473,50.93654287,nass/feucht,"5,20093E+18",PKW
96127,5,3,15,0,2020,September,18,Samstag,Unfall mit Leichtverletzten,Zusammenstoß mit vorausfahrendem / wartendem Fahrzeug,Unfall im Längsverkehr,Dämmerung,0,1,0,0,0,1,"356012,3229","5646894,025",6.949868702,50.95564918,nass/feucht,"5,20093E+18","PKW, Sonstige"
96129,5,3,15,0,2020,September,13,Samstag,Unfall mit Leichtverletzten,Zusammenstoß mit vorausfahrendem / wartendem Fahrzeug,Fahrunfall,Tageslicht,0,1,0,0,0,0,"359016,9436","5637093,681",6.996407425,50.86831518,trocken,"5,20093E+18",PKW
96130,5,3,15,0,2020,September,13,Samstag,Unfall mit Leichtverletzten,Zusammenstoß mit anfahrendem/ anhaltendem/ruhendem Fahrzeug,Unfall im Längsverkehr,Tageslicht,0,1,0,0,0,0,"353855,2788","5644329,19",6.92020677,50.93205693,trocken,"5,20093E+18",PKW
96131,5,3,15,0,2020,September,1,Samstag,Unfall mit Leichtverletzten,Aufprall auf Fahrbahnhindernis,Fahrunfall,Dunkelheit,1,0,0,0,0,0,"357483,939","5642070,477",6.97269411,50.91266595,nass/feucht,"5,20093E+18",Rad
96132,5,3,15,0,2020,September,7,Samstag,Unfall mit Leichtverletzten,Zusammenstoß mit einbiegendem / kreuzendem Fahrzeug,Abbiegeunfall,Tageslicht,1,1,0,0,0,0,"353064,1396","5644913,028",6.908720624,50.93710265,trocken,"5,20093E+18","Rad, PKW"
96133,5,3,15,0,2020,September,15,Samstag,Unfall mit Leichtverletzten,Zusammenstoß zwischen Fahrzeug und Fußgänger,Überschreiten-Unfall,Tageslicht,1,0,1,0,0,0,"356507,6041","5646348,151",6.957130998,50.95086703,trocken,"5,20093E+18","Rad, Fuss"
96134,5,3,15,0,2020,September,18,Samstag,Unfall mit Leichtverletzten,Unfall anderer Art,Fahrunfall,Dämmerung,0,0,0,1,0,0,"355269,9475","5645232,252",6.939966338,50.94052927,nass/feucht,"5,20093E+18",Krad
96243,5,3,15,0,2020,September,7,Freitag,Unfall mit Schwerverletzten,Abkommen von Fahrbahn nach links,Fahrunfall,Tageslicht,0,1,0,0,1,0,"361716,7078","5648128,524",7.030567577,50.96814098,trocken,"5,20092E+18","PKW, Gkfz"
96244,5,3,15,0,2020,September,5,Freitag,Unfall mit Schwerverletzten,Abkommen von Fahrbahn nach rechts,Sonstiger Unfall,Dunkelheit,0,1,0,0,0,0,"366537,3418","5638673,719",7.10264309,50.88430143,nass/feucht,"5,20092E+18",PKW
96245,5,3,15,0,2020,September,20,Freitag,Unfall mit Leichtverletzten,Zusammenstoß mit vorausfahrendem / wartendem Fahrzeug,Unfall im Längsverkehr,Dunkelheit,0,1,0,0,0,0,"363305,1109","5641904,363",7.055511061,50.91258107,trocken,"5,20092E+18",PKW
96246,5,3,15,0,2020,September,9,Freitag,Unfall mit Leichtverletzten,Zusammenstoß mit vorausfahrendem / wartendem Fahrzeug,Unfall im Längsverkehr,Tageslicht,0,1,0,0,0,1,"352386,8696","5651341,074",6.896479902,50.99469529,trocken,"5,20092E+18","PKW, Sonstige"
96247,5,3,15,0,2020,September,15,Freitag,Unfall mit Leichtverletzten,Zusammenstoß mit einbiegendem / kreuzendem Fahrzeug,Abbiegeunfall,Tageslicht,1,0,0,1,0,0,"354299,9356","5644201,913",6.926581145,50.93102562,trocken,"5,20092E+18","Rad, Krad"
96249,5,3,15,0,2020,September,16,Freitag,Unfall mit Schwerverletzten,Zusammenstoß zwischen Fahrzeug und Fußgänger,Sonstiger Unfall,Tageslicht,0,0,1,0,0,1,"355236,0873","5644666,792",6.939709381,50.93543911,trocken,"5,20092E+18","Fuss, Sonstige"
96253,5,3,15,0,2020,September,18,Mittwoch,Unfall mit Schwerverletzten,Aufprall auf Fahrbahnhindernis,Sonstiger Unfall,Tageslicht,1,0,0,0,0,0,"355230,9773","5645032,974",6.93949122,50.93872861,trocken,"5,20093E+18",Rad
96268,5,3,15,0,2020,Oktober,13,Freitag,Unfall mit Leichtverletzten,Zusammenstoß zwischen Fahrzeug und Fußgänger,Überschreiten-Unfall,Tageslicht,0,1,1,0,0,0,"354673,3465","5643025,244",6.932360345,50.92054539,trocken,"5,201E+18","Fuss, PKW"
96270,5,3,15,0,2020,Oktober,18,Sonntag,Unfall mit Leichtverletzten,Unfall anderer Art,Fahrunfall,Tageslicht,1,0,0,0,0,0,"363301,6591","5639599,255",7.05632506,50.89186317,nass/feucht,"5,201E+18",Rad
96343,5,3,15,0,2020,Oktober,10,Samstag,Unfall mit Leichtverletzten,Zusammenstoß mit vorausfahrendem / wartendem Fahrzeug,Unfall im Längsverkehr,Tageslicht,0,1,0,0,0,0,"360631,1829","5645034,702",7.016301896,50.94007465,trocken,"5,201E+18",PKW
96353,5,3,15,0,2020,September,20,Donnerstag,Unfall mit Schwerverletzten,Zusammenstoß mit vorausfahrendem / wartendem Fahrzeug,Unfall im Längsverkehr,Dunkelheit,0,1,0,1,0,0,"359865,963","5649198,837",7.003813773,50.97731271,nass/feucht,"5,20093E+18","Krad, PKW"
96360,5,3,15,0,2020,Oktober,13,Freitag,Unfall mit Leichtverletzten,Zusammenstoß mit einbiegendem / kreuzendem Fahrzeug,Einbiegen / Kreuzen-Unfall,Tageslicht,1,1,0,0,0,0,"356178,026","5644621,334",6.953123886,50.93526625,trocken,"5,201E+18","Rad, PKW"
96367,5,3,15,0,2020,Oktober,17,Freitag,Unfall mit Leichtverletzten,Zusammenstoß mit einbiegendem / kreuzendem Fahrzeug,Einbiegen / Kreuzen-Unfall,Tageslicht,1,1,0,0,0,0,"350300,5749","5659607,073",6.863357378,51.06843634,nass/feucht,"5,201E+18","Rad, PKW"
96417,5,3,15,0,2020,September,15,Mittwoch,Unfall mit Schwerverletzten,Abkommen von Fahrbahn nach links,Fahrunfall,Tageslicht,0,0,0,1,0,0,"352413,271","5651019,83",6.896986389,50.99181522,nass/feucht,"5,20093E+18",Krad
96436,5,3,15,0,2020,Oktober,14,Samstag,Unfall mit Schwerverletzten,Zusammenstoß mit einbiegendem / kreuzendem Fahrzeug,Einbiegen / Kreuzen-Unfall,Tageslicht,1,1,0,0,0,0,"349433,437","5642897,611",6.857916778,50.91805497,trocken,"5,201E+18","Rad, PKW"
96440,5,3,15,0,2020,September,13,Mittwoch,Unfall mit Leichtverletzten,Zusammenstoß mit anfahrendem/ anhaltendem/ruhendem Fahrzeug,Unfall im Längsverkehr,Tageslicht,0,1,0,0,0,0,"362723,302","5646425,566",7.045537,50.95307672,nass/feucht,"5,20093E+18",PKW
96447,5,3,15,0,2020,September,7,Donnerstag,Unfall mit Leichtverletzten,Zusammenstoß mit anfahrendem/ anhaltendem/ruhendem Fahrzeug,Unfall im Längsverkehr,Tageslicht,1,0,0,0,0,0,"348154,3818","5647010,528",6.838019818,50.95467931,nass/feucht,"5,20093E+18",Rad
96453,5,3,15,0,2020,September,7,Donnerstag,Unfall mit Leichtverletzten,Abkommen von Fahrbahn nach links,Fahrunfall,Dämmerung,0,1,0,0,0,0,"366599,6436","5645636,029",7.100982401,50.94689092,nass/feucht,"5,20093E+18",PKW
96461,5,3,15,0,2020,Oktober,17,Freitag,Unfall mit Leichtverletzten,Unfall anderer Art,Fahrunfall,Tageslicht,0,1,1,0,0,0,"347422,6409","5648223,709",6.827100616,50.96538781,nass/feucht,"5,201E+18","Fuss, PKW"
96498,5,3,15,0,2020,September,11,Mittwoch,Unfall mit Leichtverletzten,Zusammenstoß mit vorausfahrendem / wartendem Fahrzeug,Unfall im Längsverkehr,Tageslicht,0,1,0,0,0,1,"360551,089","5646400,764",7.014639539,50.95233233,trocken,"5,20093E+18","PKW, Sonstige"
96522,5,3,15,0,2020,September,17,Mittwoch,Unfall mit Leichtverletzten,Zusammenstoß mit vorausfahrendem / wartendem Fahrzeug,Sonstiger Unfall,Tageslicht,0,1,0,1,0,0,"355845,12","5650268,281",6.946152169,50.98593103,trocken,"5,20093E+18","Krad, PKW"
96536,5,3,15,0,2020,Oktober,18,Freitag,Unfall mit Schwerverletzten,Zusammenstoß mit einbiegendem / kreuzendem Fahrzeug,Einbiegen / Kreuzen-Unfall,Dämmerung,1,1,0,0,0,0,"359226,8974","5652987,129",6.993247986,51.01120219,nass/feucht,"5,201E+18","Rad, PKW"
96540,5,3,15,0,2020,Oktober,12,Samstag,Unfall mit Schwerverletzten,Zusammenstoß mit einbiegendem / kreuzendem Fahrzeug,Abbiegeunfall,Tageslicht,0,1,0,0,1,0,"363475,46","5640205,144",7.058568301,50.8973497,trocken,"5,201E+18","PKW, Gkfz"
96544,5,3,15,0,2020,September,11,Mittwoch,Unfall mit Leichtverletzten,Unfall anderer Art,Sonstiger Unfall,Tageslicht,1,0,0,0,0,0,"353925,1225","5646746,82",6.920230499,50.95380105,nass/feucht,"5,20093E+18",Rad
96550,5,3,15,0,2020,September,13,Donnerstag,Unfall mit Leichtverletzten,Zusammenstoß mit anfahrendem/ anhaltendem/ruhendem Fahrzeug,Unfall im Längsverkehr,Tageslicht,0,1,0,0,0,0,"360994,1522","5644263,825",7.021758978,50.93323422,trocken,"5,20093E+18",PKW
96558,5,3,15,0,2020,Oktober,16,Freitag,Unfall mit Leichtverletzten,Zusammenstoß mit seitlich in gleicher Richtung fahrendem Fahrzeug,Unfall im Längsverkehr,Tageslicht,1,1,0,0,0,0,"354741,601","5644805,463",6.932621428,50.93656097,nass/feucht,"5,201E+18","Rad, PKW"
96560,5,3,15,0,2020,Oktober,2,Sonntag,Unfall mit Leichtverletzten,Zusammenstoß mit anfahrendem/ anhaltendem/ruhendem Fahrzeug,Sonstiger Unfall,Dunkelheit,1,1,0,0,0,0,"353937,4697","5646739,29",6.920409193,50.9537365,trocken,"5,201E+18","Rad, PKW"
96617,5,3,15,0,2020,September,16,Mittwoch,Unfall mit Leichtverletzten,Zusammenstoß mit vorausfahrendem / wartendem Fahrzeug,Unfall im Längsverkehr,Tageslicht,0,1,0,0,0,0,"352334,2665","5647370,443",6.897343597,50.95899984,nass/feucht,"5,20093E+18",PKW
96625,5,3,15,0,2020,September,17,Mittwoch,Unfall mit Leichtverletzten,Unfall anderer Art,Abbiegeunfall,Tageslicht,0,0,0,1,0,0,"358995,4684","5637968,807",6.995765024,50.87617487,nass/feucht,"5,20093E+18",Krad
96636,5,3,15,0,2020,Oktober,11,Samstag,Unfall mit Leichtverletzten,Unfall anderer Art,Überschreiten-Unfall,Tageslicht,0,0,1,0,0,1,"353066,7572","5646916,395",6.907949595,50.95510675,trocken,"5,201E+18","Fuss, Sonstige"
96637,5,3,15,0,2020,Oktober,16,Freitag,Unfall mit Leichtverletzten,Zusammenstoß mit seitlich in gleicher Richtung fahrendem Fahrzeug,Unfall im Längsverkehr,Tageslicht,0,1,0,0,0,0,"358840,6526","5643678,804",6.991358304,50.92745355,nass/feucht,"5,201E+18",PKW
96640,5,3,15,0,2020,September,9,Mittwoch,Unfall mit Leichtverletzten,Unfall anderer Art,Fahrunfall,Tageslicht,0,0,0,1,0,0,"356834,9781","5645355,033",6.962179001,50.9420234,nass/feucht,"5,20093E+18",Krad
96646,5,3,15,0,2020,September,13,Donnerstag,Unfall mit Leichtverletzten,Abkommen von Fahrbahn nach links,Fahrunfall,Tageslicht,1,0,0,0,0,0,"356537,5298","5647087,003",6.957265569,50.95751444,trocken,"5,20093E+18",Rad
96658,5,3,15,0,2020,Oktober,16,Freitag,Unfall mit Leichtverletzten,Zusammenstoß mit vorausfahrendem / wartendem Fahrzeug,Unfall im Längsverkehr,Tageslicht,0,1,0,0,0,1,"353259,6399","5644895,727",6.911508092,50.93699695,nass/feucht,"5,201E+18","PKW, Sonstige"
96710,5,3,15,0,2020,Oktober,13,Samstag,Unfall mit Leichtverletzten,Zusammenstoß mit vorausfahrendem / wartendem Fahrzeug,Unfall im Längsverkehr,Tageslicht,0,1,0,0,0,0,"349076,0022","5649631,624",6.850044495,50.97847513,trocken,"5,201E+18",PKW
96716,5,3,15,0,2020,September,14,Mittwoch,Unfall mit Schwerverletzten,Zusammenstoß mit seitlich in gleicher Richtung fahrendem Fahrzeug,Unfall im Längsverkehr,Tageslicht,1,1,0,0,0,0,"355344,4199","5643976,537",6.941524067,50.92926311,nass/feucht,"5,20093E+18","Rad, PKW"
96729,5,3,15,0,2020,Oktober,11,Samstag,Unfall mit Schwerverletzten,Unfall anderer Art,Fahrunfall,Tageslicht,1,0,0,0,0,0,"355573,2546","5639799,859",6.946431174,50.89178526,nass/feucht,"5,201E+18",Rad