OBJECTID,ULAND,UREGBEZ,UKREIS,UGEMEINDE,UJAHR,UMONAT,USTUNDE,UWOCHENTAG,UKATEGORIE,UART,UTYP1,ULICHTVERH,IstRad,IstPKW,IstFuss,IstKrad,IstGkfz,IstSonstige,LINREFX,LINREFY,XGCSWGS84,YGCSWGS84,USTRZUSTAND,UIDENTSTLAE,Participants
96730,5,3,15,0,2020,Oktober,18,Freitag,Unfall mit Leichtverletzten,Unfall anderer Art,Fahrunfall,Tageslicht,0,0,0,1,0,0,"361162,9979","5649465,013",7.02217633,50.98001906,nass/feucht,"5,201E+18",Krad
96738,5,3,15,0,2020,Oktober,12,Samstag,Unfall mit Leichtverletzten,Zusammenstoß mit vorausfahrendem / wartendem Fahrzeug,Einbiegen / Kreuzen-Unfall,Tageslicht,0,1,0,0,0,0,"357163,2638","5637237,593",6.970025055,50.86915348,nass/feucht,"5,20101E+18",PKW
96788,5,3,15,0,2020,Oktober,20,Mittwoch,Unfall mit Leichtverletzten,Unfall anderer Art,Unfall im Längsverkehr,Dämmerung,0,1,0,0,0,0,"359340,3402","5644777,49",6.998039999,50.93744962,nass/feucht,"5,20101E+18",PKW
96813,5,3,15,0,2020,Oktober,14,Mittwoch,Unfall mit Leichtverletzten,Unfall anderer Art,Fahrunfall,Tageslicht,0,0,0,1,0,0,"357425,6458","5642223,645",6.971805588,50.91402807,trocken,"5,20101E+18",Krad
96834,5,3,15,0,2020,Oktober,14,Dienstag,Unfall mit Leichtverletzten,Zusammenstoß mit einbiegendem / kreuzendem Fahrzeug,Einbiegen / Kreuzen-Unfall,Tageslicht,0,1,0,0,0,1,"361712,4568","5650431,065",7.029631139,50.98883339,nass/feucht,"5,20101E+18","PKW, Sonstige"
96842,5,3,15,0,2020,Oktober,11,Freitag,Unfall mit Leichtverletzten,Zusammenstoß mit vorausfahrendem / wartendem Fahrzeug,Unfall im Längsverkehr,Tageslicht,0,1,0,0,1,0,"348594,598","5643794,36",6.845619473,50.92589391,trocken,"5,20101E+18","PKW, Gkfz"
96851,5,3,15,0,2020,Oktober,7,Donnerstag,Unfall mit Leichtverletzten,Zusammenstoß mit vorausfahrendem / wartendem Fahrzeug,Unfall durch ruhenden Verkehr,Dämmerung,0,1,0,0,0,0,"366998,1367","5642335,05",7.107856408,50.91731482,nass/feucht,"5,20101E+18",PKW
96855,5,3,15,0,2020,Oktober,8,Donnerstag,Unfall mit Leichtverletzten,Zusammenstoß mit vorausfahrendem / wartendem Fahrzeug,Unfall im Längsverkehr,Tageslicht,0,1,0,0,0,0,"360494,9748","5646668,136",7.013738681,50.95472167,nass/feucht,"5,20101E+18",PKW
96860,5,3,15,0,2020,Oktober,15,Donnerstag,Unfall mit Leichtverletzten,Unfall anderer Art,Einbiegen / Kreuzen-Unfall,Tageslicht,1,1,0,0,0,0,"353864,1215","5644333,467",6.920330808,50.93209761,trocken,"5,20101E+18","Rad, PKW"
96861,5,3,15,0,2020,Oktober,8,Donnerstag,Unfall mit Leichtverletzten,Zusammenstoß mit vorausfahrendem / wartendem Fahrzeug,Unfall im Längsverkehr,Tageslicht,0,1,0,0,0,0,"355845,6451","5644091,591",6.9486062,50.93042255,nass/feucht,"5,20101E+18",PKW
96867,5,3,15,0,2020,Oktober,13,Donnerstag,Unfall mit Leichtverletzten,Zusammenstoß zwischen Fahrzeug und Fußgänger,Abbiegeunfall,Tageslicht,0,1,1,0,0,0,"355199,737","5644580,289",6.93922677,50.9346526,trocken,"5,20101E+18","Fuss, PKW"
96870,5,3,15,0,2020,Oktober,6,Freitag,Unfall mit Leichtverletzten,Zusammenstoß mit seitlich in gleicher Richtung fahrendem Fahrzeug,Abbiegeunfall,Dunkelheit,1,1,0,0,0,0,"356312,4764","5647848,879",6.953762416,50.9643052,nass/feucht,"5,20101E+18","Rad, PKW"
96880,5,3,15,0,2020,Oktober,11,Dienstag,Unfall mit Leichtverletzten,Abkommen von Fahrbahn nach links,Fahrunfall,Tageslicht,0,1,0,0,0,0,"348488,2199","5643905,891",6.844060594,50.92686823,nass/feucht,"5,20101E+18",PKW
96912,5,3,15,0,2020,Oktober,17,Mittwoch,Unfall mit Leichtverletzten,Zusammenstoß mit vorausfahrendem / wartendem Fahrzeug,Unfall im Längsverkehr,Tageslicht,0,1,0,0,0,0,"354419,3891","5637287,855",6.931036411,50.86892068,nass/feucht,"5,20101E+18",PKW
96920,5,3,15,0,2020,Oktober,20,Mittwoch,Unfall mit Leichtverletzten,Zusammenstoß zwischen Fahrzeug und Fußgänger,Unfall im Längsverkehr,Dunkelheit,1,0,1,0,0,0,"351393,5888","5651104,974",6.882432336,50.99231798,nass/feucht,"5,20101E+18","Rad, Fuss"
96935,5,3,15,0,2020,Oktober,16,Dienstag,Unfall mit Leichtverletzten,Zusammenstoß zwischen Fahrzeug und Fußgänger,Überschreiten-Unfall,Tageslicht,0,1,1,0,0,0,"353430,0936","5644106,446",6.914249784,50.92994731,nass/feucht,"5,20101E+18","Fuss, PKW"
96958,5,3,15,0,2020,Oktober,13,Montag,Unfall mit Leichtverletzten,Zusammenstoß mit vorausfahrendem / wartendem Fahrzeug,Unfall im Längsverkehr,Tageslicht,0,1,0,0,0,0,"362970,5411","5644266,602",7.049867074,50.93373214,trocken,"5,201E+18",PKW
96965,5,3,15,0,2020,Oktober,17,Montag,Unfall mit Leichtverletzten,Zusammenstoß mit vorausfahrendem / wartendem Fahrzeug,Unfall im Längsverkehr,Tageslicht,0,1,0,0,0,0,"361600,3352","5644085,066",7.030448201,50.93177344,nass/feucht,"5,201E+18",PKW
96967,5,3,15,0,2020,Oktober,19,Montag,Unfall mit Leichtverletzten,Zusammenstoß mit seitlich in gleicher Richtung fahrendem Fahrzeug,Unfall im Längsverkehr,Dämmerung,0,1,0,0,0,0,"358076,3455","5645172,716",6.979907946,50.94069181,nass/feucht,"5,201E+18",PKW
96971,5,3,15,0,2020,Oktober,13,Montag,Unfall mit Leichtverletzten,Zusammenstoß mit anfahrendem/ anhaltendem/ruhendem Fahrzeug,Unfall im Längsverkehr,Tageslicht,0,1,0,1,0,0,"356418,656","5647082,91",6.955575715,50.95744804,trocken,"5,201E+18","Krad, PKW"
96976,5,3,15,0,2020,Oktober,13,Montag,Unfall mit Leichtverletzten,Unfall anderer Art,Einbiegen / Kreuzen-Unfall,Tageslicht,0,1,0,1,0,0,"352715,0181","5656696,154",6.898978041,51.04290239,trocken,"5,201E+18","Krad, PKW"
96987,5,3,15,0,2020,Oktober,2,Montag,Unfall mit Leichtverletzten,Unfall anderer Art,Fahrunfall,Dunkelheit,0,0,0,0,0,1,"355788,0744","5644758,763",6.947523505,50.93640393,trocken,"5,201E+18",Sonstige
97026,5,3,15,0,2020,Oktober,17,Mittwoch,Unfall mit Leichtverletzten,Unfall anderer Art,Abbiegeunfall,Tageslicht,1,1,0,0,0,0,"355951,8452","5649832,679",6.94784436,50.9820431,nass/feucht,"5,20101E+18","Rad, PKW"
97049,5,3,15,0,2020,Oktober,17,Dienstag,Unfall mit Leichtverletzten,Zusammenstoß mit einbiegendem / kreuzendem Fahrzeug,Abbiegeunfall,Tageslicht,1,1,0,0,0,0,"365179,402","5645578,035",7.08079812,50.94603929,nass/feucht,"5,20101E+18","Rad, PKW"
97084,5,3,15,0,2020,Oktober,22,Freitag,Unfall mit Leichtverletzten,Zusammenstoß mit entgegenkommendem Fahrzeug,Abbiegeunfall,Dunkelheit,1,1,0,0,0,0,"360801,504","5645044,674",7.018720791,50.94020541,nass/feucht,"5,20101E+18","Rad, PKW"
97106,5,3,15,0,2020,Oktober,17,Mittwoch,Unfall mit Leichtverletzten,Zusammenstoß mit vorausfahrendem / wartendem Fahrzeug,Unfall im Längsverkehr,Tageslicht,0,1,0,0,0,0,"359877,7906","5647580,818",7.004605537,50.96277431,nass/feucht,"5,20101E+18",PKW
97126,5,3,15,0,2020,Oktober,16,Dienstag,Unfall mit Leichtverletzten,Zusammenstoß mit vorausfahrendem / wartendem Fahrzeug,Unfall im Längsverkehr,Tageslicht,0,1,0,0,0,0,"350149,185","5642785,677",6.868138024,50.91723538,nass/feucht,"5,20101E+18",PKW
97130,5,3,15,0,2020,Oktober,8,Mittwoch,Unfall mit Leichtverletzten,Unfall anderer Art,Unfall durch ruhenden Verkehr,Tageslicht,1,1,1,0,0,0,"359254,865","5637405,752",6.999666381,50.87117781,nass/feucht,"5,20101E+18","Rad, Fuss, PKW"
97150,5,3,15,0,2020,Oktober,12,Dienstag,Unfall mit Leichtverletzten,Unfall anderer Art,Fahrunfall,Tageslicht,0,0,0,1,0,0,"353166,9694","5643631,77",6.910699255,50.92561466,nass/feucht,"5,20101E+18",Krad
97156,5,3,15,0,2020,Oktober,16,Samstag,Unfall mit Leichtverletzten,Zusammenstoß mit entgegenkommendem Fahrzeug,Unfall im Längsverkehr,Tageslicht,0,1,0,0,0,0,"348266,587","5657232,192",6.835344295,51.04656163,trocken,"5,20101E+18",PKW
97164,5,3,15,0,2020,Oktober,16,Montag,Unfall mit Leichtverletzten,Abkommen von Fahrbahn nach links,Fahrunfall,Tageslicht,0,1,0,0,0,0,"348754,4568","5643811,929",6.847885134,50.92609372,trocken,"5,201E+18",PKW
97186,5,3,15,0,2020,Oktober,7,Freitag,Unfall mit Leichtverletzten,Unfall anderer Art,Fahrunfall,Dämmerung,0,0,0,1,0,0,"358379,894","5642924,04",6.985099351,50.92055751,nass/feucht,"5,20101E+18",Krad
97220,5,3,15,0,2020,Oktober,6,Mittwoch,Unfall mit Leichtverletzten,Zusammenstoß mit seitlich in gleicher Richtung fahrendem Fahrzeug,Unfall im Längsverkehr,Dunkelheit,0,1,0,0,1,0,"362992,1423","5644258,958",7.050177175,50.93366858,nass/feucht,"5,20101E+18","PKW, Gkfz"
97236,5,3,15,0,2020,Oktober,16,Mittwoch,Unfall mit Leichtverletzten,Zusammenstoß mit einbiegendem / kreuzendem Fahrzeug,Abbiegeunfall,Tageslicht,1,1,0,0,0,0,"356575,078","5653978,301",6.955079342,51.01945445,nass/feucht,"5,20101E+18","Rad, PKW"
97252,5,3,15,0,2020,Oktober,14,Dienstag,Unfall mit Leichtverletzten,Unfall anderer Art,Fahrunfall,Tageslicht,1,0,0,0,0,0,"355275,1576","5644300,043",6.940410687,50.93215302,nass/feucht,"5,20101E+18",Rad
97272,5,3,15,0,2020,Oktober,4,Montag,Unfall mit Schwerverletzten,Unfall anderer Art,Sonstiger Unfall,Dunkelheit,1,0,0,0,0,0,"356648,5763","5646356,309",6.959133414,50.95097542,trocken,"5,20101E+18",Rad
97287,5,3,15,0,2020,Oktober,13,Sonntag,Unfall mit Schwerverletzten,Zusammenstoß zwischen Fahrzeug und Fußgänger,Überschreiten-Unfall,Tageslicht,0,1,1,0,0,0,"364737,4009","5640623,875",7.07634762,50.90141004,trocken,"5,20101E+18","Fuss, PKW"
97289,5,3,15,0,2020,Oktober,16,Sonntag,Unfall mit Leichtverletzten,Zusammenstoß mit einbiegendem / kreuzendem Fahrzeug,Einbiegen / Kreuzen-Unfall,Tageslicht,0,1,0,1,0,0,"364650,1861","5647661,234",7.072494523,50.96463799,trocken,"5,20101E+18","Krad, PKW"
97290,5,3,15,0,2020,Oktober,20,Sonntag,Unfall mit Schwerverletzten,Unfall anderer Art,Fahrunfall,Dunkelheit,1,0,0,0,0,0,"365923,263","5649593,775",7.089900887,50.98230447,nass/feucht,"5,20101E+18",Rad
97292,5,3,15,0,2020,Oktober,12,Sonntag,Unfall mit Leichtverletzten,Zusammenstoß mit seitlich in gleicher Richtung fahrendem Fahrzeug,Unfall im Längsverkehr,Tageslicht,0,1,0,0,0,0,"352069,0534","5644954,745",6.894551213,50.93722314,trocken,"5,20101E+18",PKW
97293,5,3,15,0,2020,Oktober,0,Sonntag,Unfall mit Schwerverletzten,Zusammenstoß zwischen Fahrzeug und Fußgänger,Überschreiten-Unfall,Dunkelheit,0,0,1,0,0,1,"353113,8804","5645073,955",6.909363187,50.93856151,nass/feucht,"5,20101E+18","Fuss, Sonstige"
97295,5,3,15,0,2020,Oktober,13,Sonntag,Unfall mit Leichtverletzten,Zusammenstoß mit vorausfahrendem / wartendem Fahrzeug,Unfall im Längsverkehr,Tageslicht,0,1,0,0,0,0,"353663,7123","5644845,333",6.917275249,50.93664676,trocken,"5,20101E+18",PKW
97297,5,3,15,0,2020,Oktober,0,Sonntag,Unfall mit Leichtverletzten,Unfall anderer Art,Sonstiger Unfall,Dunkelheit,0,0,0,1,0,0,"352733,0974","5644912,161",6.90401275,50.93701042,nass/feucht,"5,20101E+18",Krad
97298,5,3,15,0,2020,Oktober,10,Sonntag,Unfall mit Schwerverletzten,Zusammenstoß mit seitlich in gleicher Richtung fahrendem Fahrzeug,Unfall im Längsverkehr,Tageslicht,1,0,0,0,0,0,"352478,902","5644928,667",6.900390808,50.93709378,trocken,"5,20101E+18",Rad
97300,5,3,15,0,2020,Oktober,1,Sonntag,Unfall mit Leichtverletzten,Unfall anderer Art,Fahrunfall,Dunkelheit,0,0,0,0,0,1,"355551,883","5644713,654",6.944182136,50.93593943,nass/feucht,"5,20101E+18",Sonstige
97326,5,3,15,0,2020,Oktober,13,Montag,Unfall mit Leichtverletzten,Zusammenstoß mit vorausfahrendem / wartendem Fahrzeug,Unfall im Längsverkehr,Tageslicht,0,1,0,0,0,0,"365864,5926","5635837,604",7.09412483,50.85865543,trocken,"5,20101E+18",PKW
97377,5,3,15,0,2020,Oktober,13,Montag,Unfall mit Leichtverletzten,Zusammenstoß mit seitlich in gleicher Richtung fahrendem Fahrzeug,Unfall im Längsverkehr,Tageslicht,1,0,0,0,0,0,"358137,1428","5640899,149",6.982435096,50.90230007,trocken,"5,20101E+18",Rad
97403,5,3,15,0,2020,Oktober,4,Sonntag,Unfall mit Leichtverletzten,Abkommen von Fahrbahn nach links,Fahrunfall,Dunkelheit,0,1,0,0,0,0,"353869,7808","5648689,704",6.918662813,50.97124698,nass/feucht,"5,20101E+18",PKW
97431,5,3,15,0,2020,Oktober,11,Montag,Unfall mit Leichtverletzten,Zusammenstoß mit einbiegendem / kreuzendem Fahrzeug,Einbiegen / Kreuzen-Unfall,Tageslicht,0,1,0,0,0,0,"365228,7601","5635614,724",7.085177988,50.85650442,trocken,"5,20101E+18",PKW
97470,5,3,15,0,2020,Oktober,14,Samstag,Unfall mit Leichtverletzten,Zusammenstoß mit vorausfahrendem / wartendem Fahrzeug,Unfall im Längsverkehr,Tageslicht,0,1,0,0,0,0,"360676,481","5653167,457",7.013829522,51.01317578,nass/feucht,"5,20101E+18",PKW
97473,5,3,15,0,2020,Oktober,14,Samstag,Unfall mit Leichtverletzten,Zusammenstoß mit vorausfahrendem / wartendem Fahrzeug,Unfall im Längsverkehr,Tageslicht,0,1,0,0,0,0,"361840,4566","5647544,826",7.032550579,50.96292484,trocken,"5,20101E+18",PKW
97474,5,3,15,0,2020,Oktober,10,Samstag,Unfall mit Schwerverletzten,Zusammenstoß mit einbiegendem / kreuzendem Fahrzeug,Einbiegen / Kreuzen-Unfall,Tageslicht,0,1,0,0,0,1,"362941,021","5643815,824",7.049616728,50.92967381,nass/feucht,"5,20101E+18","PKW, Sonstige"
97477,5,3,15,0,2020,Oktober,22,Samstag,Unfall mit Leichtverletzten,Zusammenstoß mit seitlich in gleicher Richtung fahrendem Fahrzeug,Unfall durch ruhenden Verkehr,Dunkelheit,1,1,0,0,0,0,"357479,1735","5644893,592",6.971522881,50.93803604,nass/feucht,"5,20101E+18","Rad, PKW"
97478,5,3,15,0,2020,Oktober,18,Samstag,Unfall mit Leichtverletzten,Zusammenstoß mit vorausfahrendem / wartendem Fahrzeug,Unfall im Längsverkehr,Dämmerung,1,1,0,0,0,0,"356263,48","5648315,306",6.952880839,50.96848467,nass/feucht,"5,20101E+18","Rad, PKW"
97480,5,3,15,0,2020,Oktober,7,Samstag,Unfall mit Leichtverletzten,Zusammenstoß mit einbiegendem / kreuzendem Fahrzeug,Sonstiger Unfall,Dämmerung,0,1,0,1,0,0,"352096,7486","5651960,191",6.892096434,51.00018444,nass/feucht,"5,20101E+18","Krad, PKW"
97481,5,3,15,0,2020,Oktober,20,Samstag,Unfall mit Leichtverletzten,Zusammenstoß mit vorausfahrendem / wartendem Fahrzeug,Unfall im Längsverkehr,Dunkelheit,0,1,0,0,0,0,"355742,748","5644679,982",6.946910034,50.9356846,trocken,"5,20101E+18",PKW
97482,5,3,15,0,2020,Oktober,0,Montag,Unfall mit Leichtverletzten,Unfall anderer Art,Fahrunfall,Dunkelheit,1,0,0,0,0,1,"356957,3241","5647266,831",6.963168213,50.95923489,nass/feucht,"5,20101E+18","Rad, Sonstige"
97522,5,3,15,0,2020,Oktober,12,Montag,Unfall mit Schwerverletzten,Abkommen von Fahrbahn nach links,Fahrunfall,Tageslicht,1,1,0,0,0,0,"366943,4434","5638977,541",7.108302398,50.88712578,trocken,"5,20101E+18","Rad, PKW"
97527,5,3,15,0,2020,Oktober,18,Freitag,Unfall mit Leichtverletzten,Zusammenstoß mit seitlich in gleicher Richtung fahrendem Fahrzeug,Abbiegeunfall,Dunkelheit,1,1,0,0,0,0,"354191,2849","5644824,595",6.924786925,50.93659403,trocken,"5,20102E+18","Rad, PKW"
97612,5,3,15,0,2020,Oktober,20,Freitag,Unfall mit Leichtverletzten,Zusammenstoß mit einbiegendem / kreuzendem Fahrzeug,Einbiegen / Kreuzen-Unfall,Dunkelheit,0,1,0,0,0,0,"364177,9915","5641425,256",7.068098565,50.90848115,trocken,"5,20102E+18",PKW
97630,5,3,15,0,2020,Oktober,9,Mittwoch,Unfall mit Leichtverletzten,Unfall anderer Art,Einbiegen / Kreuzen-Unfall,Tageslicht,1,1,0,0,0,0,"360107,9888","5644895,789",7.008913181,50.93869952,trocken,"5,20101E+18","Rad, PKW"
97638,5,3,15,0,2020,Oktober,14,Mittwoch,Unfall mit Schwerverletzten,Unfall anderer Art,Fahrunfall,Tageslicht,1,0,0,0,0,0,"353673,6559","5648676,556",6.915876665,50.97107903,trocken,"5,20101E+18",Rad
97641,5,3,15,0,2020,Oktober,11,Freitag,Unfall mit Leichtverletzten,Zusammenstoß mit einbiegendem / kreuzendem Fahrzeug,Abbiegeunfall,Tageslicht,1,1,0,0,0,0,"350834,2485","5652378,347",6.873944781,51.00361621,trocken,"5,20102E+18","Rad, PKW"
97659,5,3,15,0,2020,Oktober,15,Mittwoch,Unfall mit Leichtverletzten,Zusammenstoß mit vorausfahrendem / wartendem Fahrzeug,Unfall im Längsverkehr,Tageslicht,0,1,0,0,0,0,"357149,8344","5637814,374",6.969609046,50.87433372,trocken,"5,20101E+18",PKW
97661,5,3,15,0,2020,Oktober,20,Donnerstag,Unfall mit Leichtverletzten,Zusammenstoß mit entgegenkommendem Fahrzeug,Unfall im Längsverkehr,Dunkelheit,1,0,0,0,0,0,"354390,063","5643937,413",6.92796848,50.92867139,trocken,"5,20101E+18",Rad
97697,5,3,15,0,2020,Oktober,8,Freitag,Unfall mit Leichtverletzten,Zusammenstoß mit einbiegendem / kreuzendem Fahrzeug,Einbiegen / Kreuzen-Unfall,Tageslicht,1,1,0,0,0,0,"356887,929","5641084,55",6.964608106,50.90365799,trocken,"5,20102E+18","Rad, PKW"
97757,5,3,15,0,2020,Oktober,15,Donnerstag,Unfall mit Leichtverletzten,Zusammenstoß mit vorausfahrendem / wartendem Fahrzeug,Unfall im Längsverkehr,Tageslicht,0,1,0,0,0,0,"365020,0819","5638866,751",7.081014694,50.88568384,trocken,"5,20101E+18",PKW
97765,5,3,15,0,2020,Oktober,15,Dienstag,Unfall mit Leichtverletzten,Zusammenstoß mit vorausfahrendem / wartendem Fahrzeug,Unfall im Längsverkehr,Tageslicht,0,1,0,0,0,0,"358673,9946","5640584,968",6.990186746,50.89960815,nass/feucht,"5,20101E+18",PKW
97772,5,3,15,0,2020,Oktober,10,Dienstag,Unfall mit Leichtverletzten,Zusammenstoß mit vorausfahrendem / wartendem Fahrzeug,Unfall im Längsverkehr,Tageslicht,0,1,0,0,1,0,"348371,6035","5643309,824",6.842650311,50.92148119,nass/feucht,"5,20101E+18","PKW, Gkfz"
97782,5,3,15,0,2020,Oktober,11,Freitag,Unfall mit Leichtverletzten,Zusammenstoß mit entgegenkommendem Fahrzeug,Unfall im Längsverkehr,Tageslicht,0,1,0,0,0,1,"361818,9168","5644838,628",7.03327111,50.93859834,trocken,"5,20102E+18","PKW, Sonstige"
97784,5,3,15,0,2020,Oktober,15,Dienstag,Unfall mit Leichtverletzten,Abkommen von Fahrbahn nach rechts,Fahrunfall,Tageslicht,0,0,0,1,0,0,"359112,288","5645733,414",6.994426624,50.94598491,nass/feucht,"5,20101E+18",Krad
97786,5,3,15,0,2020,Oktober,12,Dienstag,Unfall mit Leichtverletzten,Unfall anderer Art,Fahrunfall,Tageslicht,1,0,0,0,0,0,"352746,158","5650647,612",6.901877281,50.98855555,nass/feucht,"5,20101E+18",Rad
97795,5,3,15,0,2020,Oktober,18,Dienstag,Unfall mit Leichtverletzten,Unfall anderer Art,Unfall im Längsverkehr,Dämmerung,0,1,0,1,0,0,"354576,6843","5642849,892",6.931055952,50.9189452,nass/feucht,"5,20101E+18","Krad, PKW"
97804,5,3,15,0,2020,Oktober,6,Dienstag,Unfall mit Leichtverletzten,Zusammenstoß mit anfahrendem/ anhaltendem/ruhendem Fahrzeug,Unfall im Längsverkehr,Dunkelheit,0,1,0,0,0,0,"354699,3092","5643061,029",6.932715217,50.92087352,nass/feucht,"5,20101E+18",PKW
97812,5,3,15,0,2020,Oktober,18,Dienstag,Unfall mit Leichtverletzten,Zusammenstoß mit vorausfahrendem / wartendem Fahrzeug,Unfall im Längsverkehr,Dämmerung,0,1,0,0,0,0,"360757,1271","5642927,964",7.018898148,50.92117135,trocken,"5,20102E+18",PKW
97815,5,3,15,0,2020,Oktober,9,Dienstag,Unfall mit Leichtverletzten,Zusammenstoß mit einbiegendem / kreuzendem Fahrzeug,Einbiegen / Kreuzen-Unfall,Tageslicht,0,1,0,0,0,0,"365122,6874","5649716,761",7.078456833,50.98322282,trocken,"5,20102E+18",PKW
97818,5,3,15,0,2020,Oktober,6,Dienstag,Unfall mit Leichtverletzten,Unfall anderer Art,Fahrunfall,Dunkelheit,0,0,0,1,0,0,"356008,3774","5651107,35",6.948144009,50.99351239,nass/feucht,"5,20102E+18",Krad
97820,5,3,15,0,2020,Oktober,18,Dienstag,Unfall mit Leichtverletzten,Unfall anderer Art,Fahrunfall,Dunkelheit,1,0,0,0,0,0,"349093,5822","5645139,273",6.852157463,50.93811041,trocken,"5,20102E+18",Rad
97822,5,3,15,0,2020,Oktober,3,Dienstag,Unfall mit Leichtverletzten,Unfall anderer Art,Fahrunfall,Dunkelheit,0,0,0,0,0,1,"355269,1851","5645228,287",6.939957069,50.94049344,trocken,"5,20102E+18",Sonstige
97823,5,3,15,0,2020,Oktober,14,Dienstag,Unfall mit Leichtverletzten,Unfall anderer Art,Sonstiger Unfall,Tageslicht,0,0,0,0,0,1,"355626,6433","5644712,779",6.945245757,50.93595028,trocken,"5,20102E+18",Sonstige
97860,5,3,15,0,2020,Oktober,19,Mittwoch,Unfall mit Leichtverletzten,Unfall anderer Art,Fahrunfall,Dunkelheit,1,0,0,0,0,0,"355448,1433","5644714,03",6.942706558,50.93591681,nass/feucht,"5,20102E+18",Rad
97863,5,3,15,0,2020,Oktober,17,Mittwoch,Unfall mit Leichtverletzten,Zusammenstoß mit vorausfahrendem / wartendem Fahrzeug,Unfall im Längsverkehr,Dämmerung,0,1,0,0,0,0,"358454,684","5645615,818",6.985117337,50.94476699,nass/feucht,"5,20102E+18",PKW
97910,5,3,15,0,2020,Oktober,15,Mittwoch,Unfall mit Leichtverletzten,Zusammenstoß mit vorausfahrendem / wartendem Fahrzeug,Unfall im Längsverkehr,Tageslicht,0,0,0,0,1,1,"360688,5911","5650010,906",7.015213173,50.98481048,nass/feucht,"5,20102E+18","Gkfz, Sonstige"
97924,5,3,15,0,2020,Oktober,14,Mittwoch,Unfall mit Leichtverletzten,Zusammenstoß mit anfahrendem/ anhaltendem/ruhendem Fahrzeug,Unfall im Längsverkehr,Tageslicht,1,1,0,0,0,0,"353811,1275","5646212,1",6.918823323,50.94896681,nass/feucht,"5,20102E+18","Rad, PKW"
97976,5,3,15,0,2020,Oktober,16,Mittwoch,Unfall mit Leichtverletzten,Zusammenstoß mit vorausfahrendem / wartendem Fahrzeug,Unfall im Längsverkehr,Dämmerung,0,1,0,1,0,0,"359437,5263","5644796,242",6.999415079,50.93764184,nass/feucht,"5,20102E+18","Krad, PKW"
97993,5,3,15,0,2020,Oktober,18,Mittwoch,Unfall mit Leichtverletzten,Zusammenstoß mit einbiegendem / kreuzendem Fahrzeug,Einbiegen / Kreuzen-Unfall,Dämmerung,0,1,0,0,0,1,"353001,4003","5644261,344",6.908091177,50.93123024,nass/feucht,"5,20102E+18","PKW, Sonstige"
98042,5,3,15,0,2020,Oktober,18,Samstag,Unfall mit Leichtverletzten,Zusammenstoß mit einbiegendem / kreuzendem Fahrzeug,Einbiegen / Kreuzen-Unfall,Dämmerung,1,1,0,0,0,0,"365148,076","5637064,113",7.083498165,50.86951225,trocken,"5,20102E+18","Rad, PKW"
98047,5,3,15,0,2020,Oktober,19,Montag,Unfall mit Schwerverletzten,Zusammenstoß mit seitlich in gleicher Richtung fahrendem Fahrzeug,Unfall im Längsverkehr,Dunkelheit,0,1,0,0,0,0,"357126,3898","5637044,645",6.969576718,50.86741033,trocken,"5,20102E+18",PKW
98050,5,3,15,0,2020,Oktober,19,Samstag,Unfall mit Leichtverletzten,Zusammenstoß mit einbiegendem / kreuzendem Fahrzeug,Einbiegen / Kreuzen-Unfall,Dunkelheit,0,1,0,1,0,0,"358711,639","5644700,754",6.989127547,50.93660629,trocken,"5,20102E+18","Krad, PKW"
98058,5,3,15,0,2020,Oktober,12,Mittwoch,Unfall mit Leichtverletzten,Zusammenstoß mit einbiegendem / kreuzendem Fahrzeug,Abbiegeunfall,Tageslicht,0,1,0,1,0,0,"356325,877","5647724,686",6.954002166,50.96319244,nass/feucht,"5,20102E+18","Krad, PKW"
98063,5,3,15,0,2020,Oktober,13,Samstag,Unfall mit Leichtverletzten,Zusammenstoß mit einbiegendem / kreuzendem Fahrzeug,Abbiegeunfall,Tageslicht,1,1,0,0,0,0,"352637,1914","5651331,38",6.900048411,50.99467232,trocken,"5,20102E+18","Rad, PKW"
98071,5,3,15,0,2020,Oktober,16,Samstag,Unfall mit Leichtverletzten,Unfall anderer Art,Abbiegeunfall,Tageslicht,0,1,0,0,0,1,"351226,075","5648231,901",6.881222981,50.96645619,trocken,"5,20102E+18","PKW, Sonstige"
98075,5,3,15,0,2020,Oktober,12,Samstag,Unfall mit Leichtverletzten,Zusammenstoß zwischen Fahrzeug und Fußgänger,Überschreiten-Unfall,Tageslicht,1,0,1,0,0,0,"354010,9971","5646069,479",6.921723885,50.94773577,trocken,"5,20102E+18","Rad, Fuss"
98077,5,3,15,0,2020,Oktober,16,Samstag,Unfall mit Leichtverletzten,Zusammenstoß mit anfahrendem/ anhaltendem/ruhendem Fahrzeug,Unfall durch ruhenden Verkehr,Tageslicht,1,1,0,0,0,0,"356815,9846","5643078,117",6.962803286,50.92155623,trocken,"5,20102E+18","Rad, PKW"
98103,5,3,15,0,2020,Oktober,14,Sonntag,Unfall mit Leichtverletzten,Zusammenstoß mit einbiegendem / kreuzendem Fahrzeug,Unfall im Längsverkehr,Tageslicht,0,1,0,0,0,0,"354691,7582","5643051,984",6.932611462,50.92079034,trocken,"5,20102E+18",PKW
98104,5,3,15,0,2020,Oktober,15,Mittwoch,Unfall mit Leichtverletzten,Unfall anderer Art,Fahrunfall,Tageslicht,0,0,0,1,0,0,"358570,1214","5642726,755",6.987880525,50.91883116,nass/feucht,"5,20102E+18",Krad