OBJECTID,ULAND,UREGBEZ,UKREIS,UGEMEINDE,UJAHR,UMONAT,USTUNDE,UWOCHENTAG,UKATEGORIE,UART,UTYP1,ULICHTVERH,IstRad,IstPKW,IstFuss,IstKrad,IstGkfz,IstSonstige,LINREFX,LINREFY,XGCSWGS84,YGCSWGS84,USTRZUSTAND,UIDENTSTLAE,Participants
98105,5,3,15,0,2020,Oktober,12,Sonntag,Unfall mit Leichtverletzten,Unfall anderer Art,Sonstiger Unfall,Tageslicht,0,1,0,1,0,0,"356828,8512","5644160,311",6.962561268,50.93128502,trocken,"5,20102E+18","Krad, PKW"
98119,5,3,15,0,2020,Oktober,15,Mittwoch,Unfall mit Leichtverletzten,Unfall anderer Art,Einbiegen / Kreuzen-Unfall,Tageslicht,0,1,0,1,0,0,"353938,2375","5646120,514",6.92066835,50.94817598,nass/feucht,"5,20102E+18","Krad, PKW"
98170,5,3,15,0,2020,Oktober,20,Samstag,Unfall mit Leichtverletzten,Zusammenstoß mit vorausfahrendem / wartendem Fahrzeug,Abbiegeunfall,Dunkelheit,0,1,0,0,0,0,"348907,1767","5643020,878",6.850384332,50.91902513,nass/feucht,"5,20102E+18",PKW
98172,5,3,15,0,2020,Oktober,22,Sonntag,Unfall mit Schwerverletzten,Zusammenstoß zwischen Fahrzeug und Fußgänger,Überschreiten-Unfall,Dunkelheit,0,1,1,0,0,0,"354171,1773","5644843,183",6.924493507,50.93675599,trocken,"5,20102E+18","Fuss, PKW"
98174,5,3,15,0,2020,Oktober,20,Freitag,Unfall mit Leichtverletzten,Unfall anderer Art,Fahrunfall,Dunkelheit,0,0,0,0,0,1,"353354,4093","5645767,795",6.912504903,50.944858,nass/feucht,"5,20102E+18",Sonstige
98221,5,3,15,0,2020,Oktober,23,Samstag,Unfall mit Leichtverletzten,Zusammenstoß mit vorausfahrendem / wartendem Fahrzeug,Unfall im Längsverkehr,Dunkelheit,0,1,0,0,0,0,"365989,2076","5643738,295",7.092995703,50.92969325,nass/feucht,"5,20102E+18",PKW
98223,5,3,15,0,2020,Oktober,19,Sonntag,Unfall mit Leichtverletzten,Abkommen von Fahrbahn nach links,Fahrunfall,Dunkelheit,0,1,0,0,0,0,"357008,306","5635687,336",6.968430067,50.85518293,trocken,"5,20102E+18",PKW
98234,5,3,15,0,2020,Oktober,17,Samstag,Unfall mit Schwerverletzten,Abkommen von Fahrbahn nach links,Fahrunfall,Tageslicht,0,1,0,0,0,0,"352059,3777","5642432,146",6.895437137,50.91455122,nass/feucht,"5,20102E+18",PKW
98236,5,3,15,0,2020,Oktober,10,Sonntag,Unfall mit Schwerverletzten,Unfall anderer Art,Fahrunfall,Tageslicht,1,0,0,0,0,0,"353764,7261","5644285,684",6.918936473,50.93164301,nass/feucht,"5,20102E+18",Rad
98238,5,3,15,0,2020,Oktober,16,Freitag,Unfall mit Leichtverletzten,Zusammenstoß mit seitlich in gleicher Richtung fahrendem Fahrzeug,Abbiegeunfall,Tageslicht,1,0,0,1,0,0,"355531,7804","5643780,214",6.944266205,50.92754574,trocken,"5,20102E+18","Rad, Krad"
98272,5,3,15,0,2020,Oktober,17,Freitag,Unfall mit Leichtverletzten,Zusammenstoß mit einbiegendem / kreuzendem Fahrzeug,Abbiegeunfall,Tageslicht,1,1,0,0,0,0,"350181,7521","5659689,163",6.861628692,51.06914301,trocken,"5,20102E+18","Rad, PKW"
98295,5,3,15,0,2020,Oktober,5,Donnerstag,Unfall mit Schwerverletzten,Zusammenstoß mit seitlich in gleicher Richtung fahrendem Fahrzeug,Fahrunfall,Dämmerung,0,1,0,0,1,0,"349988,6802","5642907,272",6.865806281,50.91828638,nass/feucht,"5,20102E+18","PKW, Gkfz"
98303,5,3,15,0,2020,Oktober,17,Donnerstag,Unfall mit Leichtverletzten,Abkommen von Fahrbahn nach links,Fahrunfall,Tageslicht,1,0,0,0,0,0,"366649,333","5638844,953",7.104171787,50.8858663,trocken,"5,20102E+18",Rad
98307,5,3,15,0,2020,Oktober,14,Donnerstag,Unfall mit Leichtverletzten,Zusammenstoß mit vorausfahrendem / wartendem Fahrzeug,Unfall im Längsverkehr,Tageslicht,0,1,0,0,0,0,"363817,7876","5645500,443",7.061456047,50.9450219,trocken,"5,20102E+18",PKW
98309,5,3,15,0,2020,Oktober,1,Samstag,Unfall mit Leichtverletzten,Abkommen von Fahrbahn nach links,Sonstiger Unfall,Dunkelheit,0,1,0,0,0,0,"354914,9433","5646423,585",6.934442255,50.95114624,nass/feucht,"5,20102E+18",PKW
98310,5,3,15,0,2020,Oktober,20,Samstag,Unfall mit Leichtverletzten,Abkommen von Fahrbahn nach links,Fahrunfall,Dunkelheit,0,1,0,0,0,0,"362108,9309","5646388,283",7.036809554,50.95259498,nass/feucht,"5,20102E+18",PKW
98311,5,3,15,0,2020,Oktober,17,Sonntag,Unfall mit Leichtverletzten,Zusammenstoß mit einbiegendem / kreuzendem Fahrzeug,Einbiegen / Kreuzen-Unfall,Tageslicht,1,1,0,0,0,0,"366804,7427","5641941,415",7.105250423,50.91373233,trocken,"5,20102E+18","Rad, PKW"
98361,5,3,15,0,2020,Oktober,22,Samstag,Unfall mit Leichtverletzten,Zusammenstoß mit vorausfahrendem / wartendem Fahrzeug,Unfall im Längsverkehr,Dunkelheit,0,1,0,0,0,1,"360786,0698","5649836,097",7.016668041,50.98326303,nass/feucht,"5,20102E+18","PKW, Sonstige"
98376,5,3,15,0,2020,Oktober,20,Samstag,Unfall mit Leichtverletzten,Zusammenstoß mit anfahrendem/ anhaltendem/ruhendem Fahrzeug,Unfall im Längsverkehr,Dunkelheit,0,1,0,1,0,0,"351216,3526","5645040,983",6.882388649,50.93777874,nass/feucht,"5,20102E+18","Krad, PKW"
98378,5,3,15,0,2020,Oktober,11,Sonntag,Unfall mit Leichtverletzten,Zusammenstoß mit vorausfahrendem / wartendem Fahrzeug,Unfall im Längsverkehr,Tageslicht,0,1,0,0,0,0,"347767,6808","5645209,506",6.833271005,50.93839304,nass/feucht,"5,20102E+18",PKW
98381,5,3,15,0,2020,Oktober,6,Freitag,Unfall mit Leichtverletzten,Zusammenstoß mit einbiegendem / kreuzendem Fahrzeug,Sonstiger Unfall,Dunkelheit,0,1,0,0,0,0,"349211,6885","5649544,82",6.852011936,50.97773064,nass/feucht,"5,20102E+18",PKW
98412,5,3,15,0,2020,Oktober,12,Freitag,Unfall mit Leichtverletzten,Zusammenstoß mit anfahrendem/ anhaltendem/ruhendem Fahrzeug,Unfall im Längsverkehr,Tageslicht,0,1,0,0,0,0,"364437,7949","5645634,539",7.070226527,50.94637321,trocken,"5,20102E+18",PKW
98427,5,3,15,0,2020,Oktober,16,Samstag,Unfall mit Leichtverletzten,Zusammenstoß mit einbiegendem / kreuzendem Fahrzeug,Abbiegeunfall,Tageslicht,1,1,0,0,0,0,"360261,835","5644964,974",7.011074931,50.9393586,nass/feucht,"5,20102E+18","Rad, PKW"
98441,5,3,15,0,2020,Oktober,8,Samstag,Unfall mit Leichtverletzten,Unfall anderer Art,Fahrunfall,Tageslicht,1,0,0,0,0,0,"354890,3815","5645499,095",6.934461191,50.94283192,nass/feucht,"5,20102E+18",Rad
98445,5,3,15,0,2020,Oktober,20,Freitag,Unfall mit Leichtverletzten,Zusammenstoß mit vorausfahrendem / wartendem Fahrzeug,Unfall im Längsverkehr,Dämmerung,0,1,0,0,0,0,"356661,7466","5646356,52",6.959320706,50.9509806,nass/feucht,"5,20102E+18",PKW
98481,5,3,15,0,2020,Oktober,10,Dienstag,Unfall mit Leichtverletzten,Zusammenstoß mit vorausfahrendem / wartendem Fahrzeug,Unfall im Längsverkehr,Tageslicht,0,1,0,0,1,0,"361916,8633","5642556,102",7.035528863,50.91810801,trocken,"5,20103E+18","PKW, Gkfz"
98484,5,3,15,0,2020,Oktober,9,Dienstag,Unfall mit Leichtverletzten,Zusammenstoß mit seitlich in gleicher Richtung fahrendem Fahrzeug,Unfall im Längsverkehr,Tageslicht,0,1,0,0,1,0,"365216,0328","5642585,429",7.082425967,50.91915163,nass/feucht,"5,20103E+18","PKW, Gkfz"
98522,5,3,15,0,2020,Oktober,14,Mittwoch,Unfall mit Leichtverletzten,Zusammenstoß mit seitlich in gleicher Richtung fahrendem Fahrzeug,Unfall im Längsverkehr,Tageslicht,0,1,0,0,0,1,"354737,0481","5646095,903",6.932042073,50.94815666,trocken,"5,20103E+18","PKW, Sonstige"
98552,5,3,15,0,2020,Oktober,11,Dienstag,Unfall mit Leichtverletzten,Zusammenstoß mit vorausfahrendem / wartendem Fahrzeug,Unfall im Längsverkehr,Tageslicht,0,1,0,0,0,0,"364756,6992","5640648,927",7.076612628,50.90163971,trocken,"5,20103E+18",PKW
98592,5,3,15,0,2020,Oktober,17,Mittwoch,Unfall mit Leichtverletzten,Abkommen von Fahrbahn nach rechts,Abbiegeunfall,Dunkelheit,1,1,0,0,0,0,"357521,5152","5644037,704",6.972459735,50.93035467,trocken,"5,20103E+18","Rad, PKW"
98645,5,3,15,0,2020,Oktober,12,Dienstag,Unfall mit Schwerverletzten,Zusammenstoß zwischen Fahrzeug und Fußgänger,Überschreiten-Unfall,Tageslicht,1,0,1,0,0,0,"355188,265","5644779,295",6.938984533,50.93643814,trocken,"5,20103E+18","Rad, Fuss"
98672,5,3,15,0,2020,Oktober,11,Mittwoch,Unfall mit Leichtverletzten,Unfall anderer Art,Fahrunfall,Tageslicht,1,0,0,0,0,0,"356634,178","5647156,754",6.958613313,50.95816533,trocken,"5,20103E+18",Rad
98745,5,3,15,0,2020,Oktober,8,Mittwoch,Unfall mit Schwerverletzten,Unfall anderer Art,Sonstiger Unfall,Tageslicht,1,0,1,0,0,0,"354908,4743","5645483,564",6.934724737,50.9426969,trocken,"5,20103E+18","Rad, Fuss"
98772,5,3,15,0,2020,Oktober,7,Dienstag,Unfall mit Leichtverletzten,Zusammenstoß mit einbiegendem / kreuzendem Fahrzeug,Abbiegeunfall,Tageslicht,1,1,0,0,0,0,"363012,8089","5648406,575",7.048910436,50.97094961,nass/feucht,"5,20103E+18","Rad, PKW"
98792,5,3,15,0,2020,Oktober,13,Donnerstag,Unfall mit Leichtverletzten,Zusammenstoß mit vorausfahrendem / wartendem Fahrzeug,Abbiegeunfall,Tageslicht,0,1,0,0,0,0,"366462,0642","5640389,716",7.100946259,50.89970695,nass/feucht,"5,20103E+18",PKW
98818,5,3,15,0,2020,Oktober,18,Mittwoch,Unfall mit Leichtverletzten,Zusammenstoß mit anfahrendem/ anhaltendem/ruhendem Fahrzeug,Unfall im Längsverkehr,Dunkelheit,0,1,0,0,0,0,"362465,0734","5648177,284",7.041200692,50.96875837,trocken,"5,20103E+18",PKW
98860,5,3,15,0,2020,November,8,Dienstag,Unfall mit Schwerverletzten,Zusammenstoß mit einbiegendem / kreuzendem Fahrzeug,Abbiegeunfall,Tageslicht,0,0,0,0,0,1,"355601,3142","5644697,885",6.944891417,50.9358101,trocken,"5,2011E+18",Sonstige
98865,5,3,15,0,2020,November,11,Montag,Unfall mit Leichtverletzten,Zusammenstoß mit einbiegendem / kreuzendem Fahrzeug,Abbiegeunfall,Tageslicht,0,1,0,0,0,0,"361510,26","5647894,877",7.027718163,50.96599155,trocken,"5,2011E+18",PKW
98935,5,3,15,0,2020,Oktober,11,Sonntag,Unfall mit Leichtverletzten,Abkommen von Fahrbahn nach rechts,Fahrunfall,Tageslicht,0,0,0,1,0,0,"363649,0795","5646349,214",7.058738142,50.95261028,trocken,"5,20103E+18",Krad
98999,5,3,15,0,2020,November,13,Dienstag,Unfall mit Leichtverletzten,Zusammenstoß mit seitlich in gleicher Richtung fahrendem Fahrzeug,Abbiegeunfall,Tageslicht,1,1,0,0,0,0,"362102,1254","5644279,321",7.037511142,50.93363947,trocken,"5,2011E+18","Rad, PKW"
99003,5,3,15,0,2020,Oktober,8,Sonntag,Unfall mit Leichtverletzten,Abkommen von Fahrbahn nach rechts,Fahrunfall,Tageslicht,0,1,0,0,0,1,"361663,537","5635129,096",7.034738428,50.85129804,trocken,"5,20103E+18","PKW, Sonstige"
99019,5,3,15,0,2020,Oktober,19,Sonntag,Unfall mit Leichtverletzten,Zusammenstoß mit einbiegendem / kreuzendem Fahrzeug,Abbiegeunfall,Dunkelheit,0,1,0,0,0,0,"352807,6082","5651770,407",6.902297194,50.99866124,trocken,"5,20103E+18",PKW
99023,5,3,15,0,2020,Oktober,15,Freitag,Unfall mit Leichtverletzten,Unfall anderer Art,Fahrunfall,Tageslicht,1,0,0,0,0,0,"356507,7334","5651916,734",6.954935057,51.00091086,nass/feucht,"5,20103E+18",Rad
99027,5,3,15,0,2020,Oktober,15,Freitag,Unfall mit Leichtverletzten,Unfall anderer Art,Unfall im Längsverkehr,Tageslicht,0,1,0,0,0,0,"348615,019","5642925,786",6.846270371,50.91809404,nass/feucht,"5,20103E+18",PKW
99030,5,3,15,0,2020,Oktober,15,Samstag,Unfall mit Leichtverletzten,Unfall anderer Art,Abbiegeunfall,Tageslicht,1,1,0,0,0,0,"364586,4936","5649245,937",7.070997932,50.97886545,trocken,"5,20103E+18","Rad, PKW"
99031,5,3,15,0,2020,Oktober,14,Samstag,Unfall mit Leichtverletzten,Zusammenstoß mit vorausfahrendem / wartendem Fahrzeug,Sonstiger Unfall,Tageslicht,0,1,0,0,0,0,"347545,8029","5647369,416",6.829211181,50.95774365,trocken,"5,20103E+18",PKW
99032,5,3,15,0,2020,Oktober,15,Freitag,Unfall mit Leichtverletzten,Zusammenstoß mit vorausfahrendem / wartendem Fahrzeug,Unfall im Längsverkehr,Tageslicht,0,1,0,0,0,0,"354704,1075","5646035,501",6.931597559,50.94760554,nass/feucht,"5,20103E+18",PKW
99035,5,3,15,0,2020,Oktober,20,Samstag,Unfall mit Leichtverletzten,Zusammenstoß mit anfahrendem/ anhaltendem/ruhendem Fahrzeug,Abbiegeunfall,Dunkelheit,1,0,0,0,0,1,"353755,5163","5646258,596",6.918013514,50.94937054,trocken,"5,20103E+18","Rad, Sonstige"
99036,5,3,15,0,2020,Oktober,20,Sonntag,Unfall mit Schwerverletzten,Zusammenstoß mit einbiegendem / kreuzendem Fahrzeug,Abbiegeunfall,Dunkelheit,0,1,0,1,0,0,"354792,9337","5646144,432",6.932817753,50.94860685,trocken,"5,20103E+18","Krad, PKW"
99037,5,3,15,0,2020,Oktober,9,Samstag,Unfall mit Leichtverletzten,Zusammenstoß mit einbiegendem / kreuzendem Fahrzeug,Abbiegeunfall,Tageslicht,0,1,0,0,0,0,"353044,2686","5643882,208",6.908853634,50.92783401,trocken,"5,20103E+18",PKW
99063,5,3,15,0,2020,Oktober,14,Sonntag,Unfall mit Leichtverletzten,Zusammenstoß mit vorausfahrendem / wartendem Fahrzeug,Fahrunfall,Tageslicht,0,0,0,1,0,0,"355906,1869","5641165,358",6.950623032,50.90414001,trocken,"5,20103E+18",Krad
99163,5,3,15,0,2020,November,10,Dienstag,Unfall mit Leichtverletzten,Zusammenstoß mit seitlich in gleicher Richtung fahrendem Fahrzeug,Unfall durch ruhenden Verkehr,Tageslicht,1,1,0,0,0,0,"359891,3623","5644870,14",7.005841788,50.93841641,trocken,"5,2011E+18","Rad, PKW"
99238,5,3,15,0,2020,Oktober,15,Sonntag,Unfall mit Leichtverletzten,Zusammenstoß mit vorausfahrendem / wartendem Fahrzeug,Unfall im Längsverkehr,Tageslicht,0,1,0,0,0,0,"356811,549","5633879,603",6.966343245,50.83888803,trocken,"5,20103E+18",PKW
99242,5,3,15,0,2020,November,17,Sonntag,Unfall mit Leichtverletzten,Zusammenstoß mit anfahrendem/ anhaltendem/ruhendem Fahrzeug,Unfall im Längsverkehr,Dämmerung,0,1,0,0,0,0,"362330,507","5643832,493",7.040928085,50.92967823,trocken,"5,20111E+18",PKW
99267,5,3,15,0,2020,November,1,Donnerstag,Unfall mit Schwerverletzten,Abkommen von Fahrbahn nach rechts,Fahrunfall,Dunkelheit,0,1,0,0,0,0,"348814,5234","5643691,343",6.848789194,50.92502585,trocken,"5,2011E+18",PKW
99272,5,3,15,0,2020,November,13,Donnerstag,Unfall mit Schwerverletzten,Unfall anderer Art,Einbiegen / Kreuzen-Unfall,Tageslicht,1,0,0,0,0,1,"353008,259","5644610,522",6.908047887,50.93436991,trocken,"5,2011E+18","Rad, Sonstige"
99281,5,3,15,0,2020,November,13,Samstag,Unfall mit Leichtverletzten,Unfall anderer Art,Sonstiger Unfall,Tageslicht,1,0,0,0,0,0,"354070,736","5646929,111",6.922229163,50.95547612,trocken,"5,20111E+18",Rad
99311,5,3,15,0,2020,November,16,Freitag,Unfall mit Leichtverletzten,Zusammenstoß mit seitlich in gleicher Richtung fahrendem Fahrzeug,Unfall durch ruhenden Verkehr,Dämmerung,1,1,0,0,0,0,355978,"5646063,382",6.949708933,50.94817578,trocken,"5,20111E+18","Rad, PKW"
99325,5,3,15,0,2020,November,10,Sonntag,Unfall mit Leichtverletzten,Zusammenstoß mit vorausfahrendem / wartendem Fahrzeug,Unfall im Längsverkehr,Tageslicht,0,1,0,0,0,0,"351863,011","5647738,141",6.890488419,50.96218318,trocken,"5,20111E+18",PKW
99335,5,3,15,0,2020,November,14,Donnerstag,Unfall mit Schwerverletzten,Zusammenstoß mit entgegenkommendem Fahrzeug,Fahrunfall,Tageslicht,1,1,0,0,0,0,"360458,8381","5647586,524",7.012872356,50.96296662,trocken,"5,2011E+18","Rad, PKW"
99371,5,3,15,0,2020,November,13,Samstag,Unfall mit Leichtverletzten,Zusammenstoß mit seitlich in gleicher Richtung fahrendem Fahrzeug,Unfall im Längsverkehr,Tageslicht,0,1,0,0,0,0,"361180,059","5646105,038",7.023701351,50.94982642,trocken,"5,20111E+18",PKW
99392,5,3,15,0,2020,November,14,Sonntag,Unfall mit Leichtverletzten,Zusammenstoß mit entgegenkommendem Fahrzeug,Sonstiger Unfall,Tageslicht,0,1,0,0,0,0,"366492,3124","5640225,856",7.101436079,50.89824121,trocken,"5,20111E+18",PKW
99440,5,3,15,0,2020,November,13,Samstag,Unfall mit Leichtverletzten,Zusammenstoß mit vorausfahrendem / wartendem Fahrzeug,Unfall im Längsverkehr,Tageslicht,0,1,0,0,1,0,"360750,4461","5642270,912",7.019053984,50.91526465,trocken,"5,20111E+18","PKW, Gkfz"
99450,5,3,15,0,2020,November,18,Donnerstag,Unfall mit Schwerverletzten,Zusammenstoß mit vorausfahrendem / wartendem Fahrzeug,Unfall im Längsverkehr,Dunkelheit,1,0,0,0,0,0,"354231,0604","5642360,614",6.926337691,50.91446098,trocken,"5,2011E+18",Rad
99459,5,3,15,0,2020,November,14,Samstag,Unfall mit Leichtverletzten,Zusammenstoß mit seitlich in gleicher Richtung fahrendem Fahrzeug,Abbiegeunfall,Tageslicht,1,1,0,0,0,0,"356522,5028","5646649,815",6.957224077,50.95358175,trocken,"5,20111E+18","Rad, PKW"
99495,5,3,15,0,2020,November,16,Freitag,Unfall mit Leichtverletzten,Zusammenstoß mit einbiegendem / kreuzendem Fahrzeug,Einbiegen / Kreuzen-Unfall,Dunkelheit,0,1,0,0,0,0,"361504,4783","5640556,311",7.030424568,50.90003642,trocken,"5,20111E+18",PKW
99498,5,3,15,0,2020,November,8,Mittwoch,Unfall mit Leichtverletzten,Unfall anderer Art,Fahrunfall,Tageslicht,1,0,0,0,0,0,"361817,365","5644841,736",7.033247858,50.9386259,nass/feucht,"5,2011E+18",Rad
99506,5,3,15,0,2020,November,17,Sonntag,Unfall mit Leichtverletzten,Zusammenstoß zwischen Fahrzeug und Fußgänger,Überschreiten-Unfall,Tageslicht,1,0,1,0,0,0,"351167,8092","5645022,978",6.881705598,50.93760442,trocken,"5,20111E+18","Rad, Fuss"
99516,5,3,15,0,2020,November,17,Donnerstag,Unfall mit Leichtverletzten,Zusammenstoß mit einbiegendem / kreuzendem Fahrzeug,Einbiegen / Kreuzen-Unfall,Dunkelheit,0,1,0,0,0,0,"366946,6431","5642149,213",7.107192046,50.91563269,trocken,"5,2011E+18",PKW
99525,5,3,15,0,2020,November,7,Samstag,Unfall mit Leichtverletzten,Zusammenstoß mit entgegenkommendem Fahrzeug,Abbiegeunfall,Tageslicht,0,1,0,0,0,0,"366946,2518","5642148,23",7.107186841,50.91562377,trocken,"5,20111E+18",PKW
99527,5,3,15,0,2020,November,15,Mittwoch,Unfall mit Schwerverletzten,Zusammenstoß mit seitlich in gleicher Richtung fahrendem Fahrzeug,Unfall im Längsverkehr,Dunkelheit,0,1,0,1,0,0,"358208,721","5644979,913",6.981865921,50.93899166,trocken,"5,2011E+18","Krad, PKW"
99542,5,3,15,0,2020,November,7,Donnerstag,Unfall mit Leichtverletzten,Unfall anderer Art,Fahrunfall,Tageslicht,0,0,0,0,0,1,"355256,4127","5645161,633",6.939801879,50.93989124,nass/feucht,"5,2011E+18",Sonstige
99543,5,3,15,0,2020,November,8,Mittwoch,Unfall mit Leichtverletzten,Zusammenstoß mit vorausfahrendem / wartendem Fahrzeug,Unfall im Längsverkehr,Tageslicht,0,1,0,0,0,0,"350927,9002","5652998,056",6.87502408,51.00920938,trocken,"5,2011E+18",PKW
99551,5,3,15,0,2020,November,8,Samstag,Unfall mit Getöteten,Zusammenstoß zwischen Fahrzeug und Fußgänger,Überschreiten-Unfall,Tageslicht,0,0,1,0,1,0,"353905,5973","5646143,605",6.920194748,50.94837522,trocken,"5,20111E+18","Fuss, Gkfz"
99569,5,3,15,0,2020,November,8,Mittwoch,Unfall mit Leichtverletzten,Zusammenstoß mit seitlich in gleicher Richtung fahrendem Fahrzeug,Unfall im Längsverkehr,Tageslicht,1,1,0,0,0,0,"354298,1562","5645866,018",6.925890371,50.94597998,trocken,"5,2011E+18","Rad, PKW"
99575,5,3,15,0,2020,November,16,Sonntag,Unfall mit Leichtverletzten,Zusammenstoß mit seitlich in gleicher Richtung fahrendem Fahrzeug,Unfall im Längsverkehr,Dämmerung,1,1,0,0,0,0,"364801,2419","5638362,237",7.078091981,50.88109829,trocken,"5,20111E+18","Rad, PKW"
99594,5,3,15,0,2020,November,21,Sonntag,Unfall mit Leichtverletzten,Unfall anderer Art,Sonstiger Unfall,Dunkelheit,0,1,0,0,0,0,"357422,3","5636715,784",6.973907342,50.86452789,trocken,"5,20111E+18",PKW
99603,5,3,15,0,2020,November,16,Donnerstag,Unfall mit Leichtverletzten,Zusammenstoß mit vorausfahrendem / wartendem Fahrzeug,Unfall im Längsverkehr,Tageslicht,1,0,0,0,0,0,"357419,2998","5636715,633",6.973864795,50.8645258,trocken,"5,2011E+18",Rad
99618,5,3,15,0,2020,November,9,Samstag,Unfall mit Schwerverletzten,Zusammenstoß mit vorausfahrendem / wartendem Fahrzeug,Unfall im Längsverkehr,Tageslicht,0,1,0,0,1,0,"361786,4189","5647903,431",7.031645306,50.96613475,trocken,"5,20111E+18","PKW, Gkfz"
99638,5,3,15,0,2020,November,8,Samstag,Unfall mit Leichtverletzten,Unfall anderer Art,Sonstiger Unfall,Tageslicht,1,0,0,0,0,0,"355667,5635","5650695,657",6.943454395,50.98972725,trocken,"5,20111E+18",Rad
99667,5,3,15,0,2020,November,16,Mittwoch,Unfall mit Schwerverletzten,Zusammenstoß mit einbiegendem / kreuzendem Fahrzeug,Abbiegeunfall,Tageslicht,1,1,0,0,0,0,"354403,4113","5647323,613",6.926804728,50.95910552,trocken,"5,2011E+18","Rad, PKW"
99672,5,3,15,0,2020,November,13,Mittwoch,Unfall mit Leichtverletzten,Zusammenstoß mit vorausfahrendem / wartendem Fahrzeug,Unfall im Längsverkehr,Tageslicht,1,0,0,0,0,0,"348289,2139","5645167,477",6.840705861,50.93815281,trocken,"5,2011E+18",Rad
99717,5,3,15,0,2020,November,16,Mittwoch,Unfall mit Schwerverletzten,Zusammenstoß zwischen Fahrzeug und Fußgänger,Überschreiten-Unfall,Tageslicht,0,0,1,0,0,1,"352070,7195","5644954,643",6.894574951,50.93722265,trocken,"5,20111E+18","Fuss, Sonstige"
99772,5,3,15,0,2020,November,7,Donnerstag,Unfall mit Schwerverletzten,Zusammenstoß zwischen Fahrzeug und Fußgänger,Überschreiten-Unfall,Tageslicht,0,1,1,0,0,0,"362102,2208","5644279,135",7.037512569,50.93363782,nass/feucht,"5,20111E+18","Fuss, PKW"
99787,5,3,15,0,2020,November,11,Mittwoch,Unfall mit Leichtverletzten,Zusammenstoß mit anfahrendem/ anhaltendem/ruhendem Fahrzeug,Unfall im Längsverkehr,Tageslicht,0,0,0,0,1,1,"354521,9256","5639453,09",6.931631031,50.88840508,trocken,"5,20111E+18","Gkfz, Sonstige"
99796,5,3,15,0,2020,November,18,Dienstag,Unfall mit Schwerverletzten,Zusammenstoß mit einbiegendem / kreuzendem Fahrzeug,Einbiegen / Kreuzen-Unfall,Dunkelheit,0,1,0,0,0,0,"364177,8813","5641425,168",7.068097031,50.90848034,trocken,"5,20111E+18",PKW
99797,5,3,15,0,2020,November,14,Donnerstag,Unfall mit Leichtverletzten,Zusammenstoß mit einbiegendem / kreuzendem Fahrzeug,Einbiegen / Kreuzen-Unfall,Tageslicht,0,1,0,0,0,1,"353352,3761","5644888,263",6.912830033,50.93695347,trocken,"5,20111E+18","PKW, Sonstige"
99799,5,3,15,0,2020,November,6,Freitag,Unfall mit Schwerverletzten,Zusammenstoß mit einbiegendem / kreuzendem Fahrzeug,Einbiegen / Kreuzen-Unfall,Dunkelheit,0,1,0,1,0,0,"366912,6306","5634936,432",7.109334893,50.85079801,trocken,"5,20111E+18","Krad, PKW"
99800,5,3,15,0,2020,November,10,Dienstag,Unfall mit Leichtverletzten,Zusammenstoß mit einbiegendem / kreuzendem Fahrzeug,Einbiegen / Kreuzen-Unfall,Tageslicht,1,1,0,0,0,0,"365123,443","5642306,492",7.081212619,50.91662303,trocken,"5,20111E+18","Rad, PKW"
99801,5,3,15,0,2020,November,11,Dienstag,Unfall mit Leichtverletzten,Zusammenstoß mit vorausfahrendem / wartendem Fahrzeug,Unfall im Längsverkehr,Tageslicht,0,1,0,0,0,0,"351476,2417","5644625,171",6.886254387,50.93410906,nass/feucht,"5,20111E+18",PKW
99803,5,3,15,0,2020,November,20,Dienstag,Unfall mit Leichtverletzten,Unfall anderer Art,Überschreiten-Unfall,Dunkelheit,0,1,1,0,0,0,"353723,1869","5646443,652",6.917479242,50.95102537,trocken,"5,20111E+18","Fuss, PKW"
99804,5,3,15,0,2020,November,19,Dienstag,Unfall mit Leichtverletzten,Zusammenstoß mit vorausfahrendem / wartendem Fahrzeug,Unfall im Längsverkehr,Dunkelheit,0,1,0,0,0,0,"355717,758","5640051,248",6.948385132,50.89408058,trocken,"5,20111E+18",PKW
99807,5,3,15,0,2020,November,22,Dienstag,Unfall mit Leichtverletzten,Zusammenstoß mit einbiegendem / kreuzendem Fahrzeug,Einbiegen / Kreuzen-Unfall,Dunkelheit,1,1,0,0,0,0,"353001,476","5644259,37",6.908093049,50.93121252,trocken,"5,20111E+18","Rad, PKW"
99858,5,3,15,0,2020,November,14,Mittwoch,Unfall mit Leichtverletzten,Zusammenstoß mit einbiegendem / kreuzendem Fahrzeug,Abbiegeunfall,Tageslicht,0,1,0,0,0,0,"352951,4253","5643823,528",6.907557105,50.92728301,trocken,"5,20111E+18",PKW
99864,5,3,15,0,2020,November,17,Donnerstag,Unfall mit Leichtverletzten,Zusammenstoß mit anfahrendem/ anhaltendem/ruhendem Fahrzeug,Sonstiger Unfall,Dunkelheit,0,1,0,0,0,0,"364728,8302","5649321,62",7.072996163,50.97957911,trocken,"5,20111E+18",PKW