OBJECTID,ULAND,UREGBEZ,UKREIS,UGEMEINDE,UJAHR,UMONAT,USTUNDE,UWOCHENTAG,UKATEGORIE,UART,UTYP1,ULICHTVERH,IstRad,IstPKW,IstFuss,IstKrad,IstGkfz,IstSonstige,LINREFX,LINREFY,XGCSWGS84,YGCSWGS84,USTRZUSTAND,UIDENTSTLAE,Participants
99871,5,3,15,0,2020,November,10,Mittwoch,Unfall mit Leichtverletzten,Unfall anderer Art,Sonstiger Unfall,Tageslicht,0,1,0,1,0,0,"356743,9169","5646253,463",6.960530305,50.95007486,trocken,"5,20111E+18","Krad, PKW"
99890,5,3,15,0,2020,November,8,Donnerstag,Unfall mit Leichtverletzten,Unfall anderer Art,Fahrunfall,Tageslicht,1,0,0,0,0,0,"355069,5652","5644788,697",6.937292583,50.93649281,nass/feucht,"5,20111E+18",Rad
99904,5,3,15,0,2020,November,10,Samstag,Unfall mit Getöteten,Unfall anderer Art,Sonstiger Unfall,Tageslicht,0,1,0,0,0,0,"362004,6004","5646882,941",7.035137581,50.95701564,trocken,"5,20111E+18",PKW
99909,5,3,15,0,2020,November,15,Mittwoch,Unfall mit Leichtverletzten,Zusammenstoß mit seitlich in gleicher Richtung fahrendem Fahrzeug,Unfall im Längsverkehr,Tageslicht,1,1,0,0,0,0,"365102,5647","5638401,54",7.082358342,50.88152196,trocken,"5,20111E+18","Rad, PKW"
99960,5,3,15,0,2020,November,14,Donnerstag,Unfall mit Leichtverletzten,Zusammenstoß mit einbiegendem / kreuzendem Fahrzeug,Abbiegeunfall,Tageslicht,0,1,0,0,0,1,"354484,6979","5647385,688",6.927936562,50.9596839,nass/feucht,"5,20111E+18","PKW, Sonstige"
99993,5,3,15,0,2020,November,10,Freitag,Unfall mit Leichtverletzten,Zusammenstoß mit vorausfahrendem / wartendem Fahrzeug,Sonstiger Unfall,Tageslicht,0,1,0,0,0,0,"347508,728","5644150,181",6.830031371,50.92880538,trocken,"5,20111E+18",PKW
100005,5,3,15,0,2020,November,19,Mittwoch,Unfall mit Leichtverletzten,Unfall anderer Art,Sonstiger Unfall,Dunkelheit,0,0,0,0,0,1,"350701,6819","5648501,913",6.873649456,50.96874696,trocken,"5,20111E+18",Sonstige
100049,5,3,15,0,2020,November,14,Montag,Unfall mit Schwerverletzten,Unfall anderer Art,Fahrunfall,Tageslicht,1,0,0,0,0,0,"351088,8481","5658851,232",6.874911159,51.06184923,nass/feucht,"5,20111E+18",Rad
100051,5,3,15,0,2020,November,23,Montag,Unfall mit Getöteten,Zusammenstoß zwischen Fahrzeug und Fußgänger,Überschreiten-Unfall,Dunkelheit,0,0,1,0,0,1,"353483,3365","5646116,358",6.914198645,50.94802318,nass/feucht,"5,20111E+18","Fuss, Sonstige"
100057,5,3,15,0,2020,November,12,Donnerstag,Unfall mit Schwerverletzten,Zusammenstoß mit einbiegendem / kreuzendem Fahrzeug,Einbiegen / Kreuzen-Unfall,Tageslicht,1,1,0,0,0,0,"358308,6727","5644791,664",6.983360812,50.93732443,trocken,"5,20111E+18","Rad, PKW"
100083,5,3,15,0,2020,November,16,Donnerstag,Unfall mit Schwerverletzten,Zusammenstoß zwischen Fahrzeug und Fußgänger,Überschreiten-Unfall,Tageslicht,0,0,1,1,0,0,"352390,11","5642188,98",6.900237037,50.91245067,trocken,"5,20111E+18","Fuss, Krad"
100084,5,3,15,0,2020,November,14,Mittwoch,Unfall mit Leichtverletzten,Zusammenstoß mit vorausfahrendem / wartendem Fahrzeug,Unfall im Längsverkehr,Tageslicht,0,1,0,0,0,0,"364103,886","5641366,281",7.067067105,50.90793368,trocken,"5,20111E+18",PKW
100085,5,3,15,0,2020,November,8,Freitag,Unfall mit Leichtverletzten,Zusammenstoß zwischen Fahrzeug und Fußgänger,Sonstiger Unfall,Tageslicht,0,1,1,0,0,0,"350178,088","5645072,464",6.867609172,50.93779283,trocken,"5,20111E+18","Fuss, PKW"
100150,5,3,15,0,2020,November,17,Donnerstag,Unfall mit Leichtverletzten,Zusammenstoß mit entgegenkommendem Fahrzeug,Unfall im Längsverkehr,Tageslicht,0,1,0,0,0,0,"348864,9151","5653417,173",6.8454644,51.01243727,trocken,"5,20111E+18",PKW
100152,5,3,15,0,2020,November,16,Freitag,Unfall mit Schwerverletzten,Zusammenstoß mit vorausfahrendem / wartendem Fahrzeug,Fahrunfall,Tageslicht,0,1,0,0,0,1,"351253,5808","5651264,415",6.880373457,50.99371461,trocken,"5,20111E+18","PKW, Sonstige"
100155,5,3,15,0,2020,November,15,Mittwoch,Unfall mit Schwerverletzten,Zusammenstoß mit vorausfahrendem / wartendem Fahrzeug,Unfall im Längsverkehr,Tageslicht,0,1,0,0,0,0,"353062,072","5640710,363",6.91038414,50.89933431,trocken,"5,20111E+18",PKW
100191,5,3,15,0,2020,November,16,Donnerstag,Unfall mit Leichtverletzten,Unfall anderer Art,Sonstiger Unfall,Tageslicht,0,0,0,0,0,1,"358154,0659","5645345,361",6.980946232,50.9422625,trocken,"5,20112E+18",Sonstige
100193,5,3,15,0,2020,November,16,Mittwoch,Unfall mit Leichtverletzten,Zusammenstoß mit vorausfahrendem / wartendem Fahrzeug,Unfall im Längsverkehr,Dämmerung,0,1,0,0,0,0,"357149,8344","5637814,374",6.969609046,50.87433372,trocken,"5,20112E+18",PKW
100200,5,3,15,0,2020,November,14,Montag,Unfall mit Leichtverletzten,Unfall anderer Art,Sonstiger Unfall,Tageslicht,1,0,0,0,0,0,"356921,197","5644720,583",6.963654575,50.93634305,trocken,"5,20112E+18",Rad
100205,5,3,15,0,2020,November,15,Samstag,Unfall mit Leichtverletzten,Zusammenstoß mit vorausfahrendem / wartendem Fahrzeug,Unfall im Längsverkehr,Tageslicht,0,1,0,0,0,0,"362297,511","5645560,201",7.039805893,50.94519784,trocken,"5,20112E+18",PKW
100207,5,3,15,0,2020,November,14,Montag,Unfall mit Leichtverletzten,Zusammenstoß mit einbiegendem / kreuzendem Fahrzeug,Einbiegen / Kreuzen-Unfall,Tageslicht,0,1,0,1,0,0,"347544,03","5647336,79",6.829199623,50.95745,trocken,"5,20112E+18","Krad, PKW"
100217,5,3,15,0,2020,November,12,Freitag,Unfall mit Leichtverletzten,Zusammenstoß mit vorausfahrendem / wartendem Fahrzeug,Unfall im Längsverkehr,Tageslicht,0,1,0,0,0,1,"352296,21","5651248,974",6.89522637,50.99384438,nass/feucht,"5,20112E+18","PKW, Sonstige"
100223,5,3,15,0,2020,November,11,Dienstag,Unfall mit Schwerverletzten,Zusammenstoß mit einbiegendem / kreuzendem Fahrzeug,Einbiegen / Kreuzen-Unfall,Tageslicht,0,1,0,1,0,0,"366306,1073","5635852,528",7.100388991,50.85889181,nass/feucht,"5,20112E+18","Krad, PKW"
100226,5,3,15,0,2020,November,10,Dienstag,Unfall mit Leichtverletzten,Zusammenstoß mit vorausfahrendem / wartendem Fahrzeug,Abbiegeunfall,Tageslicht,0,1,0,0,0,1,"352849,8974","5651790,534",6.902891287,50.99885293,nass/feucht,"5,20112E+18","PKW, Sonstige"
100227,5,3,15,0,2020,November,7,Mittwoch,Unfall mit Leichtverletzten,Unfall anderer Art,Fahrunfall,Tageslicht,1,0,0,0,0,0,"351810,7865","5643571,984",6.891440208,50.92473063,nass/feucht,"5,20112E+18",Rad
100232,5,3,15,0,2020,November,15,Freitag,Unfall mit Leichtverletzten,Unfall anderer Art,Fahrunfall,Tageslicht,1,0,0,0,0,0,"355096,5431","5644182,544",6.937917283,50.93105224,nass/feucht,"5,20112E+18",Rad
100239,5,3,15,0,2020,November,7,Dienstag,Unfall mit Leichtverletzten,Zusammenstoß mit vorausfahrendem / wartendem Fahrzeug,Unfall im Längsverkehr,Tageslicht,0,1,0,0,0,0,"357684,9314","5640080,089",6.976327254,50.89482786,nass/feucht,"5,20112E+18",PKW
100247,5,3,15,0,2020,November,9,Dienstag,Unfall mit Leichtverletzten,Zusammenstoß mit einbiegendem / kreuzendem Fahrzeug,Einbiegen / Kreuzen-Unfall,Tageslicht,0,1,0,0,0,0,"357422,3","5636715,784",6.973907342,50.86452789,nass/feucht,"5,20112E+18",PKW
100265,5,3,15,0,2020,November,8,Dienstag,Unfall mit Leichtverletzten,Unfall anderer Art,Fahrunfall,Tageslicht,1,0,0,0,0,0,"355407,4989","5643884,288",6.942457663,50.9284499,trocken,"5,20112E+18",Rad
100272,5,3,15,0,2020,November,6,Donnerstag,Unfall mit Schwerverletzten,Zusammenstoß mit einbiegendem / kreuzendem Fahrzeug,Einbiegen / Kreuzen-Unfall,Dunkelheit,1,1,0,0,0,0,"359839,546","5644858,482",7.005109252,50.93829905,trocken,"5,20112E+18","Rad, PKW"
100292,5,3,15,0,2020,November,13,Donnerstag,Unfall mit Leichtverletzten,Zusammenstoß mit vorausfahrendem / wartendem Fahrzeug,Unfall im Längsverkehr,Tageslicht,0,1,0,0,0,0,"363702,9958","5641303,127",7.061392068,50.90727156,trocken,"5,20112E+18",PKW
100301,5,3,15,0,2020,November,15,Donnerstag,Unfall mit Leichtverletzten,Unfall anderer Art,Sonstiger Unfall,Tageslicht,0,1,0,0,0,1,"352741,6094","5644911,608",6.904134035,50.93700762,trocken,"5,20112E+18","PKW, Sonstige"
100316,5,3,15,0,2020,November,6,Freitag,Unfall mit Leichtverletzten,Unfall anderer Art,Fahrunfall,Dämmerung,0,0,0,0,0,1,"366154,7773","5635848,799",7.098241423,50.85882329,trocken,"5,20112E+18",Sonstige
100379,5,3,15,0,2020,November,14,Donnerstag,Unfall mit Leichtverletzten,Zusammenstoß mit einbiegendem / kreuzendem Fahrzeug,Einbiegen / Kreuzen-Unfall,Tageslicht,1,1,0,0,0,0,"359073,793","5644753,545",6.994258069,50.93716934,trocken,"5,20112E+18","Rad, PKW"
100418,5,3,15,0,2020,November,0,Sonntag,Unfall mit Leichtverletzten,Abkommen von Fahrbahn nach rechts,Unfall im Längsverkehr,Dunkelheit,0,1,0,0,0,0,"358252,1184","5644575,429",6.982640544,50.93536723,nass/feucht,"5,20111E+18",PKW
100421,5,3,15,0,2020,November,12,Sonntag,Unfall mit Leichtverletzten,Zusammenstoß zwischen Fahrzeug und Fußgänger,Überschreiten-Unfall,Tageslicht,0,1,1,0,0,0,"362249,7162","5648113,255",7.038159704,50.96813146,trocken,"5,20111E+18","Fuss, PKW"
100423,5,3,15,0,2020,November,9,Sonntag,Unfall mit Leichtverletzten,Zusammenstoß mit anfahrendem/ anhaltendem/ruhendem Fahrzeug,Unfall im Längsverkehr,Tageslicht,1,0,0,0,0,0,"355252,979","5651496,269",6.937232146,50.99681799,trocken,"5,20111E+18",Rad
100430,5,3,15,0,2020,November,16,Sonntag,Unfall mit Leichtverletzten,Zusammenstoß mit einbiegendem / kreuzendem Fahrzeug,Einbiegen / Kreuzen-Unfall,Dämmerung,1,1,0,0,0,0,"356319,6889","5647778,836",6.95389272,50.96367754,trocken,"5,20111E+18","Rad, PKW"
100435,5,3,15,0,2020,November,20,Sonntag,Unfall mit Schwerverletzten,Zusammenstoß mit einbiegendem / kreuzendem Fahrzeug,Einbiegen / Kreuzen-Unfall,Dunkelheit,0,1,0,1,0,0,"357419,6642","5636715,651",6.973869963,50.86452605,trocken,"5,20111E+18","Krad, PKW"
100437,5,3,15,0,2020,November,14,Sonntag,Unfall mit Leichtverletzten,Zusammenstoß mit einbiegendem / kreuzendem Fahrzeug,Einbiegen / Kreuzen-Unfall,Tageslicht,1,1,0,0,0,0,"352779,581","5641121,313",6.906203981,50.90295541,trocken,"5,20111E+18","Rad, PKW"
100442,5,3,15,0,2020,November,19,Sonntag,Unfall mit Leichtverletzten,Zusammenstoß zwischen Fahrzeug und Fußgänger,Überschreiten-Unfall,Dunkelheit,0,1,1,0,0,0,"355036,7707","5643523,309",6.9373294,50.92511282,trocken,"5,20111E+18","Fuss, PKW"
100451,5,3,15,0,2020,November,17,Mittwoch,Unfall mit Leichtverletzten,Zusammenstoß mit einbiegendem / kreuzendem Fahrzeug,Abbiegeunfall,Dämmerung,0,1,0,1,0,0,"356289,751","5648106,696",6.953337159,50.96661649,trocken,"5,20112E+18","Krad, PKW"
100456,5,3,15,0,2020,November,19,Freitag,Unfall mit Leichtverletzten,Zusammenstoß mit anfahrendem/ anhaltendem/ruhendem Fahrzeug,Unfall durch ruhenden Verkehr,Dunkelheit,1,1,0,0,0,0,"354037,0155","5642085,49",6.923689266,50.91193947,nass/feucht,"5,20112E+18","Rad, PKW"
100496,5,3,15,0,2020,November,8,Donnerstag,Unfall mit Leichtverletzten,Zusammenstoß mit einbiegendem / kreuzendem Fahrzeug,Einbiegen / Kreuzen-Unfall,Tageslicht,1,1,0,0,0,0,"366280,6057","5642807,072",7.097481441,50.92139137,trocken,"5,20112E+18","Rad, PKW"
100525,5,3,15,0,2020,November,13,Donnerstag,Unfall mit Leichtverletzten,Zusammenstoß mit vorausfahrendem / wartendem Fahrzeug,Unfall im Längsverkehr,Tageslicht,0,1,0,0,0,0,"349190,6046","5643100,4",6.85438079,50.91981389,trocken,"5,20112E+18",PKW
100542,5,3,15,0,2020,November,7,Freitag,Unfall mit Leichtverletzten,Zusammenstoß mit einbiegendem / kreuzendem Fahrzeug,Einbiegen / Kreuzen-Unfall,Tageslicht,0,1,0,1,0,0,"365160,1588","5636363,456",7.083928026,50.86321779,nass/feucht,"5,20112E+18","Krad, PKW"
100603,5,3,15,0,2020,November,14,Donnerstag,Unfall mit Schwerverletzten,Zusammenstoß mit einbiegendem / kreuzendem Fahrzeug,Einbiegen / Kreuzen-Unfall,Tageslicht,1,1,0,0,0,0,"360973,196","5640912,079",7.022738415,50.90310614,trocken,"5,20112E+18","Rad, PKW"
100624,5,3,15,0,2020,November,17,Donnerstag,Unfall mit Leichtverletzten,Zusammenstoß mit vorausfahrendem / wartendem Fahrzeug,Unfall im Längsverkehr,Tageslicht,0,1,0,0,0,0,"361614,0683","5642037,981",7.031420335,50.91337896,trocken,"5,20112E+18",PKW
100643,5,3,15,0,2020,November,15,Mittwoch,Unfall mit Leichtverletzten,Zusammenstoß mit einbiegendem / kreuzendem Fahrzeug,Einbiegen / Kreuzen-Unfall,Tageslicht,1,1,0,0,0,0,"362401,9382","5645122,01",7.041457017,50.94128461,trocken,"5,20112E+18","Rad, PKW"
100678,5,3,15,0,2020,November,10,Freitag,Unfall mit Leichtverletzten,Unfall anderer Art,Unfall durch ruhenden Verkehr,Tageslicht,1,1,0,0,0,1,"359449,8353","5644797,179",6.999589794,50.93765326,trocken,"5,20112E+18","Rad, PKW, Sonstige"
100687,5,3,15,0,2020,November,12,Samstag,Unfall mit Leichtverletzten,Unfall anderer Art,Unfall durch ruhenden Verkehr,Tageslicht,1,1,0,0,0,0,"359313,894","5644781,575",6.997662267,50.93747988,trocken,"5,20111E+18","Rad, PKW"
100692,5,3,15,0,2020,November,12,Samstag,Unfall mit Leichtverletzten,Zusammenstoß mit anfahrendem/ anhaltendem/ruhendem Fahrzeug,Unfall im Längsverkehr,Tageslicht,0,1,0,0,0,0,"358334,8551","5643987,79",6.984045686,50.93010642,trocken,"5,20111E+18",PKW
100694,5,3,15,0,2020,November,15,Samstag,Unfall mit Schwerverletzten,Unfall anderer Art,Überschreiten-Unfall,Tageslicht,0,0,1,0,0,1,"352063,0262","5644975,28",6.894457155,50.93740613,trocken,"5,20111E+18","Fuss, Sonstige"
100697,5,3,15,0,2020,November,13,Samstag,Unfall mit Leichtverletzten,Zusammenstoß mit vorausfahrendem / wartendem Fahrzeug,Fahrunfall,Tageslicht,0,1,0,0,0,0,"354793,2194","5646165,702",6.932813336,50.94879807,trocken,"5,20111E+18",PKW
100699,5,3,15,0,2020,November,17,Samstag,Unfall mit Leichtverletzten,Zusammenstoß mit einbiegendem / kreuzendem Fahrzeug,Einbiegen / Kreuzen-Unfall,Dunkelheit,0,1,0,0,0,0,"357422,3","5636715,784",6.973907342,50.86452789,trocken,"5,20111E+18",PKW
100701,5,3,15,0,2020,November,14,Samstag,Unfall mit Leichtverletzten,Zusammenstoß mit seitlich in gleicher Richtung fahrendem Fahrzeug,Unfall im Längsverkehr,Tageslicht,0,1,0,0,0,0,"357406,0337","5636919,95",6.973596773,50.86635873,trocken,"5,20111E+18",PKW
100707,5,3,15,0,2020,November,14,Samstag,Unfall mit Leichtverletzten,Zusammenstoß mit vorausfahrendem / wartendem Fahrzeug,Unfall im Längsverkehr,Tageslicht,0,1,0,0,0,0,"353626,113","5642617,792",6.917634783,50.91661904,trocken,"5,20111E+18",PKW
100758,5,3,15,0,2020,November,16,Dienstag,Unfall mit Leichtverletzten,Zusammenstoß mit einbiegendem / kreuzendem Fahrzeug,Abbiegeunfall,Tageslicht,0,1,0,0,0,0,"350917,607","5652285,306",6.875170224,51.00280172,trocken,"5,20112E+18",PKW
100807,5,3,15,0,2020,November,11,Dienstag,Unfall mit Leichtverletzten,Zusammenstoß zwischen Fahrzeug und Fußgänger,Überschreiten-Unfall,Tageslicht,0,1,1,0,0,0,"354214,4546","5647144,8",6.92418763,50.95745082,trocken,"5,20112E+18","Fuss, PKW"
100848,5,3,15,0,2020,November,6,Mittwoch,Unfall mit Leichtverletzten,Zusammenstoß mit seitlich in gleicher Richtung fahrendem Fahrzeug,Unfall im Längsverkehr,Dunkelheit,0,1,0,0,1,0,"363792,0525","5646150,097",7.060846932,50.95085454,trocken,"5,20112E+18","PKW, Gkfz"
100849,5,3,15,0,2020,November,13,Sonntag,Unfall mit Leichtverletzten,Zusammenstoß mit einbiegendem / kreuzendem Fahrzeug,Einbiegen / Kreuzen-Unfall,Tageslicht,1,1,0,0,0,0,"362403,9557","5645122,396",7.04148557,50.94128856,trocken,"5,20112E+18","Rad, PKW"
100850,5,3,15,0,2020,November,11,Sonntag,Unfall mit Leichtverletzten,Zusammenstoß mit seitlich in gleicher Richtung fahrendem Fahrzeug,Abbiegeunfall,Tageslicht,1,1,0,0,0,0,"356244,825","5648432,039",6.952569195,50.96952908,trocken,"5,20112E+18","Rad, PKW"
100852,5,3,15,0,2020,November,17,Sonntag,Unfall mit Leichtverletzten,Zusammenstoß zwischen Fahrzeug und Fußgänger,Überschreiten-Unfall,Dunkelheit,0,1,1,0,0,0,"354763,96","5646128,977",6.932411732,50.94846067,trocken,"5,20112E+18","Fuss, PKW"
100854,5,3,15,0,2020,November,12,Sonntag,Unfall mit Schwerverletzten,Zusammenstoß mit einbiegendem / kreuzendem Fahrzeug,Abbiegeunfall,Tageslicht,1,1,0,0,0,0,"352389,8624","5647326,75",6.898152395,50.95862143,trocken,"5,20112E+18","Rad, PKW"
100855,5,3,15,0,2020,November,18,Sonntag,Unfall mit Schwerverletzten,Unfall anderer Art,Fahrunfall,Tageslicht,0,1,0,0,0,0,"347946,7375","5645171,476",6.835833451,50.93809855,trocken,"5,20112E+18",PKW
100862,5,3,15,0,2020,November,18,Dienstag,Unfall mit Schwerverletzten,Zusammenstoß mit anfahrendem/ anhaltendem/ruhendem Fahrzeug,Unfall im Längsverkehr,Dunkelheit,0,1,0,0,0,0,"361510,26","5647894,877",7.027718163,50.96599155,nass/feucht,"5,20112E+18",PKW
100912,5,3,15,0,2020,November,10,Dienstag,Unfall mit Leichtverletzten,Zusammenstoß mit einbiegendem / kreuzendem Fahrzeug,Einbiegen / Kreuzen-Unfall,Tageslicht,0,1,0,1,0,0,"354972,4151","5646391,024",6.935272875,50.95086809,trocken,"5,20112E+18","Krad, PKW"
100928,5,3,15,0,2020,November,16,Samstag,Unfall mit Leichtverletzten,Zusammenstoß mit vorausfahrendem / wartendem Fahrzeug,Unfall im Längsverkehr,Tageslicht,0,1,0,0,1,0,"351680,1367","5651446,164",6.886373195,50.99545796,trocken,"5,20112E+18","PKW, Gkfz"
100930,5,3,15,0,2020,November,13,Samstag,Unfall mit Leichtverletzten,Zusammenstoß mit einbiegendem / kreuzendem Fahrzeug,Einbiegen / Kreuzen-Unfall,Tageslicht,1,1,0,0,0,0,"361368,3137","5645400,722",7.026647838,50.94354186,trocken,"5,20112E+18","Rad, PKW"
100931,5,3,15,0,2020,November,11,Samstag,Unfall mit Leichtverletzten,Zusammenstoß mit entgegenkommendem Fahrzeug,Abbiegeunfall,Tageslicht,1,1,0,0,0,0,"360492,7083","5646622,706",7.013723843,50.95431283,trocken,"5,20112E+18","Rad, PKW"
100933,5,3,15,0,2020,November,15,Samstag,Unfall mit Leichtverletzten,Zusammenstoß mit vorausfahrendem / wartendem Fahrzeug,Unfall im Längsverkehr,Tageslicht,0,1,0,0,0,0,"363022,1898","5651192,325",7.047993943,50.99598822,trocken,"5,20112E+18",PKW
100935,5,3,15,0,2020,November,8,Samstag,Unfall mit Leichtverletzten,Zusammenstoß mit vorausfahrendem / wartendem Fahrzeug,Unfall im Längsverkehr,Dämmerung,1,1,0,1,0,0,"358981,0363","5644720,621",6.992951511,50.93685078,trocken,"5,20112E+18","Rad, Krad, PKW"
100936,5,3,15,0,2020,November,17,Samstag,Unfall mit Leichtverletzten,Zusammenstoß mit seitlich in gleicher Richtung fahrendem Fahrzeug,Abbiegeunfall,Dunkelheit,1,1,0,0,0,0,"356443,67","5646996,483",6.955965731,50.95667757,trocken,"5,20112E+18","Rad, PKW"
101000,5,3,15,0,2020,November,16,Samstag,Unfall mit Leichtverletzten,Zusammenstoß mit vorausfahrendem / wartendem Fahrzeug,Unfall im Längsverkehr,Tageslicht,0,1,0,0,1,0,"363089,205","5644104,192",7.051615804,50.93230068,trocken,"5,20113E+18","PKW, Gkfz"
101041,5,3,15,0,2020,November,8,Freitag,Unfall mit Leichtverletzten,Zusammenstoß mit seitlich in gleicher Richtung fahrendem Fahrzeug,Unfall im Längsverkehr,Dämmerung,1,1,0,0,0,0,"354380,5","5643964,077",6.927821843,50.92890861,trocken,"5,20113E+18","Rad, PKW"
101042,5,3,15,0,2020,November,14,Freitag,Unfall mit Leichtverletzten,Zusammenstoß mit anfahrendem/ anhaltendem/ruhendem Fahrzeug,Unfall durch ruhenden Verkehr,Tageslicht,1,1,1,0,0,0,"355530,2137","5644713,638",6.943873952,50.93593386,trocken,"5,20113E+18","Rad, Fuss, PKW"
101118,5,3,15,0,2020,November,7,Samstag,Unfall mit Schwerverletzten,Zusammenstoß mit seitlich in gleicher Richtung fahrendem Fahrzeug,Unfall im Längsverkehr,Dämmerung,1,0,0,0,0,0,"353675,084","5646344,026",6.916834931,50.95011786,trocken,"5,20113E+18",Rad
101127,5,3,15,0,2020,November,12,Donnerstag,Unfall mit Leichtverletzten,Unfall anderer Art,Abbiegeunfall,Tageslicht,0,1,1,0,0,0,"360973,196","5640912,079",7.022738415,50.90310614,trocken,"5,20113E+18","Fuss, PKW"
101128,5,3,15,0,2020,November,19,Donnerstag,Unfall mit Leichtverletzten,Abkommen von Fahrbahn nach links,Fahrunfall,Dunkelheit,0,1,0,0,0,0,"362968,1706","5645280,915",7.049451873,50.94284759,trocken,"5,20113E+18",PKW
101129,5,3,15,0,2020,November,14,Donnerstag,Unfall mit Leichtverletzten,Unfall anderer Art,Abbiegeunfall,Tageslicht,0,1,1,0,0,0,"356061,927","5646110,899",6.950884114,50.94862377,trocken,"5,20113E+18","Fuss, PKW"
101131,5,3,15,0,2020,November,14,Donnerstag,Unfall mit Leichtverletzten,Zusammenstoß mit einbiegendem / kreuzendem Fahrzeug,Einbiegen / Kreuzen-Unfall,Tageslicht,1,0,0,0,0,1,"354606,403","5643340,919",6.931282716,50.92336542,trocken,"5,20113E+18","Rad, Sonstige"
101232,5,3,15,0,2020,November,16,Mittwoch,Unfall mit Leichtverletzten,Unfall anderer Art,Fahrunfall,Tageslicht,0,0,0,0,0,1,"355590,85","5643723,54",6.945128616,50.92705121,trocken,"5,20112E+18",Sonstige
101237,5,3,15,0,2020,November,10,Samstag,Unfall mit Leichtverletzten,Zusammenstoß mit einbiegendem / kreuzendem Fahrzeug,Abbiegeunfall,Tageslicht,1,1,0,0,0,0,"362417,2832","5636751,381",7.044829938,50.86605807,trocken,"5,20113E+18","Rad, PKW"
101289,5,3,15,0,2020,Dezember,10,Mittwoch,Unfall mit Schwerverletzten,Abkommen von Fahrbahn nach rechts,Fahrunfall,Tageslicht,0,1,0,0,1,0,"350684,1998","5653313,864",6.871422814,51.0119841,nass/feucht,"5,2012E+18","PKW, Gkfz"
101290,5,3,15,0,2020,Dezember,15,Mittwoch,Unfall mit Leichtverletzten,Zusammenstoß mit vorausfahrendem / wartendem Fahrzeug,Unfall im Längsverkehr,Tageslicht,0,1,0,0,1,0,"360690,0178","5652373,355",7.014327243,51.0060424,nass/feucht,"5,2012E+18","PKW, Gkfz"
101291,5,3,15,0,2020,Dezember,13,Mittwoch,Unfall mit Leichtverletzten,Zusammenstoß mit vorausfahrendem / wartendem Fahrzeug,Abbiegeunfall,Tageslicht,1,1,0,0,0,0,"366934,5534","5634868,32",7.109670903,50.85019088,nass/feucht,"5,2012E+18","Rad, PKW"
101293,5,3,15,0,2020,Dezember,19,Mittwoch,Unfall mit Leichtverletzten,Abkommen von Fahrbahn nach rechts,Fahrunfall,Dunkelheit,0,1,0,0,0,0,"360729,8185","5649031,768",7.016175339,50.97602081,nass/feucht,"5,2012E+18",PKW
101294,5,3,15,0,2020,Dezember,16,Mittwoch,Unfall mit Leichtverletzten,Zusammenstoß zwischen Fahrzeug und Fußgänger,Überschreiten-Unfall,Dunkelheit,0,1,1,0,0,0,"362189,1139","5648096,563",7.037303471,50.96796695,nass/feucht,"5,2012E+18","Fuss, PKW"
101295,5,3,15,0,2020,Dezember,8,Mittwoch,Unfall mit Leichtverletzten,Zusammenstoß mit einbiegendem / kreuzendem Fahrzeug,Einbiegen / Kreuzen-Unfall,Tageslicht,1,1,0,0,0,0,"363798,4846","5648824,517",7.059937279,50.97489214,nass/feucht,"5,2012E+18","Rad, PKW"
101296,5,3,15,0,2020,Dezember,22,Mittwoch,Unfall mit Leichtverletzten,Zusammenstoß mit vorausfahrendem / wartendem Fahrzeug,Abbiegeunfall,Dunkelheit,0,1,0,0,1,0,"355401,4285","5639504,26",6.944106693,50.88908576,nass/feucht,"5,2012E+18","PKW, Gkfz"
101298,5,3,15,0,2020,Dezember,8,Mittwoch,Unfall mit Leichtverletzten,Zusammenstoß mit einbiegendem / kreuzendem Fahrzeug,Einbiegen / Kreuzen-Unfall,Tageslicht,1,0,0,0,0,0,"353432,8926","5641239,552",6.915441443,50.9041842,nass/feucht,"5,2012E+18",Rad
101299,5,3,15,0,2020,Dezember,8,Mittwoch,Unfall mit Leichtverletzten,Unfall anderer Art,Einbiegen / Kreuzen-Unfall,Tageslicht,1,1,0,0,0,0,"357512,5758","5641223,211",6.973431986,50.90505863,nass/feucht,"5,2012E+18","Rad, PKW"
101300,5,3,15,0,2020,Dezember,11,Mittwoch,Unfall mit Leichtverletzten,Zusammenstoß mit vorausfahrendem / wartendem Fahrzeug,Fahrunfall,Tageslicht,0,1,0,1,0,0,"357710,9028","5641357,013",6.976198709,50.90631003,nass/feucht,"5,2012E+18","Krad, PKW"
101301,5,3,15,0,2020,Dezember,6,Mittwoch,Unfall mit Leichtverletzten,Unfall anderer Art,Fahrunfall,Dunkelheit,0,0,0,1,0,0,"355726,0273","5643635,705",6.947085559,50.92629568,nass/feucht,"5,2012E+18",Krad