OBJECTID,ULAND,UREGBEZ,UKREIS,UGEMEINDE,UJAHR,UMONAT,USTUNDE,UWOCHENTAG,UKATEGORIE,UART,UTYP1,ULICHTVERH,IstRad,IstPKW,IstFuss,IstKrad,IstGkfz,IstSonstige,LINREFX,LINREFY,XGCSWGS84,YGCSWGS84,USTRZUSTAND,UIDENTSTLAE,Participants
101302,5,3,15,0,2020,Dezember,7,Mittwoch,Unfall mit Leichtverletzten,Unfall anderer Art,Fahrunfall,Dämmerung,1,0,0,0,0,0,"355437,4489","5645712,011",6.942158446,50.94488277,nass/feucht,"5,2012E+18",Rad
101407,5,3,15,0,2020,November,16,Dienstag,Unfall mit Leichtverletzten,Zusammenstoß mit vorausfahrendem / wartendem Fahrzeug,Unfall im Längsverkehr,Dunkelheit,0,1,0,0,0,0,"350339,4568","5653710,955",6.866348149,51.01546286,trocken,"5,20113E+18",PKW
101408,5,3,15,0,2020,November,21,Dienstag,Unfall mit Schwerverletzten,Abkommen von Fahrbahn nach links,Fahrunfall,Dunkelheit,0,1,0,0,0,0,"361890,9482","5646330,33",7.033730017,50.95202195,nass/feucht,"5,20113E+18",PKW
101410,5,3,15,0,2020,November,16,Dienstag,Unfall mit Schwerverletzten,Zusammenstoß mit einbiegendem / kreuzendem Fahrzeug,Einbiegen / Kreuzen-Unfall,Dämmerung,0,1,0,0,0,0,"359586,376","5650553,89",6.999310139,50.98942252,trocken,"5,20113E+18",PKW
101411,5,3,15,0,2020,November,13,Dienstag,Unfall mit Leichtverletzten,Abkommen von Fahrbahn nach links,Fahrunfall,Tageslicht,0,1,0,0,0,0,"358758,8301","5645760,39",6.989387905,50.94614085,trocken,"5,20113E+18",PKW
101412,5,3,15,0,2020,November,13,Dienstag,Unfall mit Leichtverletzten,Zusammenstoß mit einbiegendem / kreuzendem Fahrzeug,Einbiegen / Kreuzen-Unfall,Tageslicht,1,1,0,0,0,0,"353689,312","5641627,103",6.91893047,50.90773205,trocken,"5,20113E+18","Rad, PKW"
101473,5,3,15,0,2020,Dezember,19,Donnerstag,Unfall mit Leichtverletzten,Zusammenstoß mit seitlich in gleicher Richtung fahrendem Fahrzeug,Sonstiger Unfall,Dunkelheit,0,1,0,0,0,0,"361184,4396","5649391,578",7.022509631,50.97936425,nass/feucht,"5,2012E+18",PKW
101547,5,3,15,0,2020,November,14,Sonntag,Unfall mit Schwerverletzten,Unfall anderer Art,Fahrunfall,Tageslicht,1,0,0,0,0,0,"352835,9842","5644926,561",6.905470232,50.93716608,trocken,"5,20113E+18",Rad
101626,5,3,15,0,2020,Dezember,12,Donnerstag,Unfall mit Leichtverletzten,Zusammenstoß mit einbiegendem / kreuzendem Fahrzeug,Überschreiten-Unfall,Tageslicht,0,1,1,0,0,0,"362975,1105","5645271,156",7.049554268,50.94276154,trocken,"5,2012E+18","Fuss, PKW"
101630,5,3,15,0,2020,Dezember,23,Sonntag,Unfall mit Leichtverletzten,Abkommen von Fahrbahn nach rechts,Sonstiger Unfall,Dunkelheit,0,1,0,0,0,0,"348909,5384","5644938,261",6.849623299,50.93625588,trocken,"5,20121E+18",PKW
101632,5,3,15,0,2020,Dezember,12,Sonntag,Unfall mit Leichtverletzten,Zusammenstoß mit anfahrendem/ anhaltendem/ruhendem Fahrzeug,Unfall im Längsverkehr,Tageslicht,0,0,0,0,0,1,"359981,6396","5648840,115",7.00559865,50.97411699,trocken,"5,20121E+18",Sonstige
101633,5,3,15,0,2020,Dezember,14,Sonntag,Unfall mit Leichtverletzten,Unfall anderer Art,Fahrunfall,Tageslicht,1,0,0,0,0,0,"353686,1185","5646332,074",6.916996716,50.95001325,trocken,"5,20121E+18",Rad
101634,5,3,15,0,2020,Dezember,21,Sonntag,Unfall mit Leichtverletzten,Zusammenstoß mit einbiegendem / kreuzendem Fahrzeug,Einbiegen / Kreuzen-Unfall,Dunkelheit,0,1,0,1,0,0,"356576,663","5643028,45",6.9594201,50.92105044,trocken,"5,20121E+18","Krad, PKW"
101635,5,3,15,0,2020,Dezember,12,Donnerstag,Unfall mit Leichtverletzten,Zusammenstoß mit seitlich in gleicher Richtung fahrendem Fahrzeug,Abbiegeunfall,Tageslicht,1,1,0,0,0,0,"352975,98","5646967,266",6.906637475,50.95554075,nass/feucht,"5,2012E+18","Rad, PKW"
101641,5,3,15,0,2020,Dezember,14,Donnerstag,Unfall mit Leichtverletzten,Zusammenstoß mit einbiegendem / kreuzendem Fahrzeug,Abbiegeunfall,Tageslicht,1,1,0,0,0,0,353961,"5642237,552",6.922547852,50.91328678,nass/feucht,"5,2012E+18","Rad, PKW"
101643,5,3,15,0,2020,Dezember,14,Donnerstag,Unfall mit Leichtverletzten,Zusammenstoß zwischen Fahrzeug und Fußgänger,Überschreiten-Unfall,Tageslicht,1,0,1,0,0,0,"352193,595","5643662,711",6.896846421,50.92564416,trocken,"5,2012E+18","Rad, Fuss"
101647,5,3,15,0,2020,Dezember,16,Donnerstag,Unfall mit Leichtverletzten,Zusammenstoß mit einbiegendem / kreuzendem Fahrzeug,Abbiegeunfall,Dunkelheit,1,1,0,0,0,0,"355305,0789","5645505,399",6.940357544,50.94299279,trocken,"5,2012E+18","Rad, PKW"
101712,5,3,15,0,2020,Dezember,13,Samstag,Unfall mit Schwerverletzten,Unfall anderer Art,Einbiegen / Kreuzen-Unfall,Tageslicht,1,1,0,0,0,0,"349408,0695","5658083,622",6.851262416,51.05451304,trocken,"5,2012E+18","Rad, PKW"
101713,5,3,15,0,2020,Dezember,20,Samstag,Unfall mit Leichtverletzten,Abkommen von Fahrbahn nach rechts,Fahrunfall,Dunkelheit,0,0,0,1,0,0,"353757,6173","5646465,966",6.917960114,50.95123464,trocken,"5,2012E+18",Krad
101714,5,3,15,0,2020,Dezember,7,Samstag,Unfall mit Leichtverletzten,Zusammenstoß mit einbiegendem / kreuzendem Fahrzeug,Einbiegen / Kreuzen-Unfall,Dämmerung,1,1,0,0,0,0,"348333,3903","5648473,434",6.839956863,50.96787236,trocken,"5,2012E+18","Rad, PKW"
101715,5,3,15,0,2020,Dezember,20,Samstag,Unfall mit Leichtverletzten,Zusammenstoß mit vorausfahrendem / wartendem Fahrzeug,Sonstiger Unfall,Dunkelheit,1,0,0,1,0,0,"355942,2168","5646015,403",6.949218854,50.94773566,trocken,"5,2012E+18","Rad, Krad"
101716,5,3,15,0,2020,Dezember,7,Samstag,Unfall mit Leichtverletzten,Zusammenstoß zwischen Fahrzeug und Fußgänger,Überschreiten-Unfall,Dämmerung,0,1,1,0,0,0,"354750,818","5644506,404",6.932871716,50.93387573,trocken,"5,2012E+18","Fuss, PKW"
101718,5,3,15,0,2020,Dezember,8,Samstag,Unfall mit Leichtverletzten,Zusammenstoß zwischen Fahrzeug und Fußgänger,Überschreiten-Unfall,Dämmerung,0,0,1,0,0,1,"356621,8134","5643049,078",6.96005394,50.92124704,trocken,"5,2012E+18","Fuss, Sonstige"
101819,5,3,15,0,2020,Dezember,12,Freitag,Unfall mit Leichtverletzten,Zusammenstoß mit anfahrendem/ anhaltendem/ruhendem Fahrzeug,Unfall im Längsverkehr,Tageslicht,0,1,0,0,0,0,"362958,766","5642588,567",7.050330323,50.91864817,nass/feucht,"5,2012E+18",PKW
101820,5,3,15,0,2020,Dezember,16,Freitag,Unfall mit Leichtverletzten,Zusammenstoß mit seitlich in gleicher Richtung fahrendem Fahrzeug,Abbiegeunfall,Tageslicht,0,1,0,0,0,0,"366214,0092","5635850,167",7.099082033,50.85884929,trocken,"5,2012E+18",PKW
101821,5,3,15,0,2020,Dezember,11,Freitag,Unfall mit Schwerverletzten,Zusammenstoß zwischen Fahrzeug und Fußgänger,Überschreiten-Unfall,Tageslicht,0,1,1,0,0,0,"360600,3698","5648934,765",7.014369792,50.97511771,nass/feucht,"5,2012E+18","Fuss, PKW"
101823,5,3,15,0,2020,Dezember,18,Freitag,Unfall mit Leichtverletzten,Zusammenstoß mit vorausfahrendem / wartendem Fahrzeug,Unfall im Längsverkehr,Dunkelheit,0,1,0,0,0,0,"361488,6985","5649834,126",7.026672529,50.98341479,nass/feucht,"5,2012E+18",PKW
101824,5,3,15,0,2020,Dezember,17,Freitag,Unfall mit Schwerverletzten,Zusammenstoß mit einbiegendem / kreuzendem Fahrzeug,Abbiegeunfall,Dunkelheit,1,1,0,0,0,0,"354480,9124","5647390,364",6.927880826,50.95972497,trocken,"5,2012E+18","Rad, PKW"
101825,5,3,15,0,2020,Dezember,16,Freitag,Unfall mit Leichtverletzten,Zusammenstoß mit seitlich in gleicher Richtung fahrendem Fahrzeug,Unfall im Längsverkehr,Dämmerung,1,0,0,0,0,0,"353378,2813","5644867,578",6.913206792,50.93677417,trocken,"5,2012E+18",Rad
101827,5,3,15,0,2020,Dezember,11,Freitag,Unfall mit Leichtverletzten,Zusammenstoß mit entgegenkommendem Fahrzeug,Unfall im Längsverkehr,Tageslicht,1,0,0,0,0,0,"354536,5809","5644823,166",6.929698464,50.93666838,trocken,"5,2012E+18",Rad
101828,5,3,15,0,2020,Dezember,10,Freitag,Unfall mit Leichtverletzten,Zusammenstoß zwischen Fahrzeug und Fußgänger,Überschreiten-Unfall,Tageslicht,0,1,1,0,0,0,"354043,5029","5642130,108",6.923763637,50.91234208,nass/feucht,"5,2012E+18","Fuss, PKW"
101829,5,3,15,0,2020,Dezember,7,Freitag,Unfall mit Leichtverletzten,Zusammenstoß mit vorausfahrendem / wartendem Fahrzeug,Unfall im Längsverkehr,Dämmerung,0,1,0,0,0,0,"352043,8677","5643614,537",6.894737019,50.92517286,trocken,"5,2012E+18",PKW
101830,5,3,15,0,2020,Dezember,21,Freitag,Unfall mit Leichtverletzten,Zusammenstoß mit entgegenkommendem Fahrzeug,Abbiegeunfall,Dunkelheit,0,1,0,0,0,0,"354259,2238","5640288,188",6.927565456,50.8958437,trocken,"5,2012E+18",PKW
101831,5,3,15,0,2020,Dezember,6,Freitag,Unfall mit Leichtverletzten,Zusammenstoß zwischen Fahrzeug und Fußgänger,Überschreiten-Unfall,Dunkelheit,1,0,1,0,0,0,"356078,2702","5646107,511",6.951117958,50.9485974,trocken,"5,2012E+18","Rad, Fuss"
101832,5,3,15,0,2020,Dezember,18,Freitag,Unfall mit Leichtverletzten,Zusammenstoß mit vorausfahrendem / wartendem Fahrzeug,Unfall im Längsverkehr,Dunkelheit,0,1,0,0,0,0,"355289,504","5645352,731",6.940196647,50.94161689,nass/feucht,"5,2012E+18",PKW
101901,5,3,15,0,2020,Dezember,7,Freitag,Unfall mit Leichtverletzten,Zusammenstoß mit vorausfahrendem / wartendem Fahrzeug,Unfall im Längsverkehr,Tageslicht,0,1,0,0,0,1,"350004,0518","5650675,715",6.86282403,50.9881001,trocken,"5,2012E+18","PKW, Sonstige"
101957,5,3,15,0,2020,Dezember,7,Donnerstag,Unfall mit Leichtverletzten,Zusammenstoß mit vorausfahrendem / wartendem Fahrzeug,Unfall im Längsverkehr,Dämmerung,0,1,0,0,0,0,"351102,2139","5642060,542",6.881982338,50.91096566,nass/feucht,"5,20121E+18",PKW
101969,5,3,15,0,2020,Dezember,13,Freitag,Unfall mit Leichtverletzten,Unfall anderer Art,Abbiegeunfall,Tageslicht,0,1,0,0,0,1,"362968,1706","5645280,915",7.049451873,50.94284759,trocken,"5,20121E+18","PKW, Sonstige"
101977,5,3,15,0,2020,Dezember,8,Mittwoch,Unfall mit Leichtverletzten,Zusammenstoß mit einbiegendem / kreuzendem Fahrzeug,Einbiegen / Kreuzen-Unfall,Tageslicht,0,1,0,1,0,0,"365103,456","5645801,755",7.079634788,50.94803222,trocken,"5,20121E+18","Krad, PKW"
102037,5,3,15,0,2020,Dezember,17,Freitag,Unfall mit Leichtverletzten,Zusammenstoß mit seitlich in gleicher Richtung fahrendem Fahrzeug,Sonstiger Unfall,Dunkelheit,1,1,0,0,0,0,"354071,296","5646027,29",6.922598593,50.9473719,trocken,"5,20121E+18","Rad, PKW"
102044,5,3,15,0,2020,Dezember,19,Dienstag,Unfall mit Leichtverletzten,Unfall anderer Art,Unfall durch ruhenden Verkehr,Dunkelheit,1,1,0,0,0,0,"356694,1363","5644626,62",6.960462111,50.93544224,trocken,"5,20121E+18","Rad, PKW"
102045,5,3,15,0,2020,Dezember,8,Mittwoch,Unfall mit Leichtverletzten,Zusammenstoß mit entgegenkommendem Fahrzeug,Abbiegeunfall,Dämmerung,1,1,0,0,0,0,"352525,464","5643730,481",6.901537821,50.92633811,trocken,"5,20121E+18","Rad, PKW"
102046,5,3,15,0,2020,Dezember,23,Freitag,Unfall mit Leichtverletzten,Zusammenstoß mit seitlich in gleicher Richtung fahrendem Fahrzeug,Unfall im Längsverkehr,Dunkelheit,0,1,0,0,0,0,"357135,6194","5637714,433",6.969446181,50.87343204,trocken,"5,20121E+18",PKW
102053,5,3,15,0,2020,Dezember,16,Donnerstag,Unfall mit Leichtverletzten,Unfall anderer Art,Sonstiger Unfall,Tageslicht,0,0,0,0,0,1,"351171,0311","5651522,087",6.879092399,50.99600879,trocken,"5,20121E+18",Sonstige
102108,5,3,15,0,2020,Dezember,6,Donnerstag,Unfall mit Leichtverletzten,Zusammenstoß mit vorausfahrendem / wartendem Fahrzeug,Unfall im Längsverkehr,Dunkelheit,0,1,0,0,0,0,"350932,1261","5642166,403",6.879521427,50.91187307,nass/feucht,"5,20121E+18",PKW
102125,5,3,15,0,2020,Dezember,7,Mittwoch,Unfall mit Leichtverletzten,Zusammenstoß mit vorausfahrendem / wartendem Fahrzeug,Unfall im Längsverkehr,Tageslicht,0,1,0,0,1,0,"363193,4332","5643932,331",7.053162671,50.93078083,trocken,"5,20121E+18","PKW, Gkfz"
102129,5,3,15,0,2020,Dezember,9,Dienstag,Unfall mit Leichtverletzten,Abkommen von Fahrbahn nach rechts,Fahrunfall,Tageslicht,0,1,0,0,0,0,"354193,8775","5639679,561",6.926879812,50.89035762,nass/feucht,"5,20121E+18",PKW
102189,5,3,15,0,2020,Dezember,8,Freitag,Unfall mit Leichtverletzten,Zusammenstoß mit einbiegendem / kreuzendem Fahrzeug,Einbiegen / Kreuzen-Unfall,Tageslicht,1,1,0,0,0,0,"351742,079","5655294,526",6.885682672,51.03005668,trocken,"5,20121E+18","Rad, PKW"
102197,5,3,15,0,2020,Dezember,13,Dienstag,Unfall mit Leichtverletzten,Zusammenstoß mit seitlich in gleicher Richtung fahrendem Fahrzeug,Unfall im Längsverkehr,Tageslicht,0,1,0,1,0,0,"358302,5948","5643997,891",6.983582986,50.93018928,nass/feucht,"5,20121E+18","Krad, PKW"
102198,5,3,15,0,2020,Dezember,17,Mittwoch,Unfall mit Leichtverletzten,Zusammenstoß mit einbiegendem / kreuzendem Fahrzeug,Abbiegeunfall,Dunkelheit,1,1,0,0,0,0,"354190,6909","5653677,321",6.921228027,51.01614998,nass/feucht,"5,20121E+18","Rad, PKW"
102249,5,3,15,0,2020,Dezember,15,Montag,Unfall mit Leichtverletzten,Unfall anderer Art,Sonstiger Unfall,Dämmerung,0,1,0,0,0,0,"349039,548","5647167,056",6.850548399,50.95631844,nass/feucht,"5,20121E+18",PKW
102257,5,3,15,0,2020,Dezember,0,Montag,Unfall mit Leichtverletzten,Zusammenstoß mit entgegenkommendem Fahrzeug,Sonstiger Unfall,Dunkelheit,0,1,0,0,0,0,"353595,4786","5648747,941",6.914735238,50.97170067,trocken,"5,20121E+18",PKW
102258,5,3,15,0,2020,Dezember,13,Freitag,Unfall mit Leichtverletzten,Zusammenstoß mit einbiegendem / kreuzendem Fahrzeug,Einbiegen / Kreuzen-Unfall,Tageslicht,1,0,0,0,0,1,"353351,4331","5643283,953",6.913462023,50.92253587,trocken,"5,20121E+18","Rad, Sonstige"
102261,5,3,15,0,2020,Dezember,17,Montag,Unfall mit Leichtverletzten,Zusammenstoß mit anfahrendem/ anhaltendem/ruhendem Fahrzeug,Sonstiger Unfall,Dunkelheit,0,1,0,1,0,0,"355251,3892","5645135,407",6.939740847,50.93965429,trocken,"5,20121E+18","Krad, PKW"
102266,5,3,15,0,2020,Dezember,19,Mittwoch,Unfall mit Leichtverletzten,Aufprall auf Fahrbahnhindernis,Sonstiger Unfall,Dunkelheit,1,0,0,0,0,0,"356182,668","5644619,844",6.953190494,50.93525402,nass/feucht,"5,20121E+18",Rad
102272,5,3,15,0,2020,Dezember,18,Donnerstag,Unfall mit Leichtverletzten,Zusammenstoß zwischen Fahrzeug und Fußgänger,Überschreiten-Unfall,Dunkelheit,0,1,1,0,0,0,"356346,0266","5638024,426",6.958109389,50.87602222,trocken,"5,20121E+18","Fuss, PKW"
102273,5,3,15,0,2020,Dezember,17,Montag,Unfall mit Schwerverletzten,Zusammenstoß mit anfahrendem/ anhaltendem/ruhendem Fahrzeug,Sonstiger Unfall,Dunkelheit,0,1,1,0,0,0,"361613,8354","5642023,683",7.031422447,50.91325041,nass/feucht,"5,20121E+18","Fuss, PKW"
102333,5,3,15,0,2020,Dezember,12,Donnerstag,Unfall mit Leichtverletzten,Zusammenstoß mit seitlich in gleicher Richtung fahrendem Fahrzeug,Unfall im Längsverkehr,Tageslicht,0,1,0,0,1,0,"348857,8328","5644629,677",6.84901594,50.93346932,trocken,"5,20122E+18","PKW, Gkfz"
102376,5,3,15,0,2020,Dezember,21,Mittwoch,Unfall mit Leichtverletzten,Zusammenstoß mit seitlich in gleicher Richtung fahrendem Fahrzeug,Unfall im Längsverkehr,Dunkelheit,0,1,0,0,1,0,"358937,8715","5643594,249",6.992773498,50.92671743,trocken,"5,20122E+18","PKW, Gkfz"
102411,5,3,15,0,2020,Dezember,17,Montag,Unfall mit Leichtverletzten,Unfall anderer Art,Fahrunfall,Dunkelheit,1,0,0,0,0,0,"355060,0936","5643555,927",6.937648065,50.9254118,trocken,"5,20121E+18",Rad
102442,5,3,15,0,2020,Dezember,5,Dienstag,Unfall mit Leichtverletzten,Abkommen von Fahrbahn nach rechts,Fahrunfall,Dunkelheit,0,0,0,1,0,0,"367629,5215","5641929,614",7.11698068,50.91381603,trocken,"5,20121E+18",Krad
102458,5,3,15,0,2020,Dezember,17,Mittwoch,Unfall mit Leichtverletzten,Zusammenstoß zwischen Fahrzeug und Fußgänger,Unfall im Längsverkehr,Dunkelheit,1,0,1,0,0,0,"352213,811","5643670,496",6.897130714,50.9257193,nass/feucht,"5,20122E+18","Rad, Fuss"
102462,5,3,15,0,2020,Dezember,17,Mittwoch,Unfall mit Leichtverletzten,Zusammenstoß mit einbiegendem / kreuzendem Fahrzeug,Unfall im Längsverkehr,Dämmerung,0,1,0,0,0,0,"357248,2599","5639127,242",6.970494394,50.88615684,trocken,"5,20122E+18",PKW
102503,5,3,15,0,2020,Dezember,17,Sonntag,Unfall mit Leichtverletzten,Zusammenstoß zwischen Fahrzeug und Fußgänger,Abbiegeunfall,Dunkelheit,0,1,1,0,0,0,"361320,8882","5649645,834",7.024355157,50.98168218,nass/feucht,"5,20121E+18","Fuss, PKW"
102508,5,3,15,0,2020,Dezember,6,Sonntag,Unfall mit Leichtverletzten,Abkommen von Fahrbahn nach rechts,Fahrunfall,Dunkelheit,0,1,0,0,0,0,"357318,1364","5647045,44",6.968389277,50.95733472,nass/feucht,"5,20121E+18",PKW
102545,5,3,15,0,2020,Dezember,7,Mittwoch,Unfall mit Leichtverletzten,Zusammenstoß mit anfahrendem/ anhaltendem/ruhendem Fahrzeug,Unfall im Längsverkehr,Dämmerung,0,1,0,0,0,0,"360505,4435","5650984,796",7.012231576,50.99351858,nass/feucht,"5,20122E+18",PKW
102549,5,3,15,0,2020,Dezember,17,Samstag,Unfall mit Leichtverletzten,Zusammenstoß mit vorausfahrendem / wartendem Fahrzeug,Unfall im Längsverkehr,Dunkelheit,0,1,0,0,0,0,"356728,4089","5638935,684",6.963183736,50.88430662,nass/feucht,"5,20121E+18",PKW
102582,5,3,15,0,2020,Dezember,14,Sonntag,Unfall mit Leichtverletzten,Abkommen von Fahrbahn nach rechts,Fahrunfall,Tageslicht,0,1,0,0,0,0,"348274,7682","5657062,579",6.835531985,51.04503965,nass/feucht,"5,20121E+18",PKW
102584,5,3,15,0,2020,Dezember,15,Sonntag,Unfall mit Leichtverletzten,Abkommen von Fahrbahn nach rechts,Fahrunfall,Tageslicht,0,1,0,0,0,0,"357072,2668","5638761,355",6.968137066,50.88282509,nass/feucht,"5,20121E+18",PKW
102613,5,3,15,0,2020,Dezember,16,Dienstag,Unfall mit Leichtverletzten,Zusammenstoß mit vorausfahrendem / wartendem Fahrzeug,Unfall im Längsverkehr,Dämmerung,0,1,0,0,0,0,"364944,134","5639221,171",7.079804609,50.88885148,trocken,"5,20121E+18",PKW
102627,5,3,15,0,2020,Dezember,14,Mittwoch,Unfall mit Leichtverletzten,Zusammenstoß mit einbiegendem / kreuzendem Fahrzeug,Abbiegeunfall,Tageslicht,1,1,0,0,0,0,"364756,1279","5640648,174",7.076604786,50.90163282,nass/feucht,"5,20122E+18","Rad, PKW"
102652,5,3,15,0,2020,Dezember,13,Samstag,Unfall mit Leichtverletzten,Zusammenstoß mit vorausfahrendem / wartendem Fahrzeug,Unfall im Längsverkehr,Tageslicht,0,0,0,0,0,1,"351543,5688","5651394,021",6.884449773,50.99495417,trocken,"5,20121E+18",Sonstige
102658,5,3,15,0,2020,Dezember,14,Samstag,Unfall mit Schwerverletzten,Zusammenstoß zwischen Fahrzeug und Fußgänger,Überschreiten-Unfall,Tageslicht,0,1,1,0,0,0,"361033,6127","5645050,617",7.022020132,50.94031481,trocken,"5,20121E+18","Fuss, PKW"
102660,5,3,15,0,2020,Dezember,8,Samstag,Unfall mit Leichtverletzten,Unfall anderer Art,Fahrunfall,Tageslicht,0,0,0,1,0,0,"361307,8252","5649630,569",7.024175003,50.98154184,trocken,"5,20121E+18",Krad
102661,5,3,15,0,2020,Dezember,17,Samstag,Unfall mit Leichtverletzten,Zusammenstoß mit einbiegendem / kreuzendem Fahrzeug,Einbiegen / Kreuzen-Unfall,Dunkelheit,1,1,0,0,0,0,"351889,6231","5651982,89",6.889137382,51.00033515,nass/feucht,"5,20121E+18","Rad, PKW"
102663,5,3,15,0,2020,Dezember,20,Samstag,Unfall mit Leichtverletzten,Zusammenstoß mit einbiegendem / kreuzendem Fahrzeug,Abbiegeunfall,Dunkelheit,0,1,0,0,0,0,"349038,2799","5649640,958",6.849503658,50.97854912,trocken,"5,20121E+18",PKW
102665,5,3,15,0,2020,Dezember,17,Samstag,Unfall mit Leichtverletzten,Unfall anderer Art,Fahrunfall,Dunkelheit,1,0,0,0,0,0,"351807,9516","5643571,834",6.89139996,50.92472856,nass/feucht,"5,20121E+18",Rad
102669,5,3,15,0,2020,Dezember,23,Samstag,Unfall mit Schwerverletzten,Unfall anderer Art,Fahrunfall,Dunkelheit,1,0,0,0,0,0,"355302,7288","5644189,75",6.940846569,50.93116875,trocken,"5,20121E+18",Rad
102691,5,3,15,0,2020,Dezember,18,Dienstag,Unfall mit Leichtverletzten,Zusammenstoß mit einbiegendem / kreuzendem Fahrzeug,Sonstiger Unfall,Dunkelheit,1,0,1,0,0,0,"359321,2801","5647729,232",6.996628397,50.9639725,trocken,"5,20121E+18","Rad, Fuss"
102702,5,3,15,0,2020,Dezember,16,Dienstag,Unfall mit Leichtverletzten,Zusammenstoß mit vorausfahrendem / wartendem Fahrzeug,Fahrunfall,Dunkelheit,0,1,0,0,0,0,"348985,1078","5643041,909",6.851483527,50.91923452,trocken,"5,20121E+18",PKW
102723,5,3,15,0,2020,Dezember,18,Mittwoch,Unfall mit Leichtverletzten,Unfall anderer Art,Fahrunfall,Dunkelheit,0,0,0,0,0,1,"351217,6111","5645040,875",6.882406592,50.9377781,nass/feucht,"5,20122E+18",Sonstige
102725,5,3,15,0,2020,Dezember,14,Freitag,Unfall mit Schwerverletzten,Zusammenstoß mit seitlich in gleicher Richtung fahrendem Fahrzeug,Abbiegeunfall,Tageslicht,0,1,0,0,0,0,"350001,8133","5643333,265",6.865817794,50.92211794,trocken,"5,20122E+18",PKW
102731,5,3,15,0,2020,Dezember,18,Sonntag,Unfall mit Leichtverletzten,Zusammenstoß zwischen Fahrzeug und Fußgänger,Abbiegeunfall,Dunkelheit,0,1,1,0,0,0,"353734,9337","5646279,201",6.917712423,50.94955049,trocken,"5,20122E+18","Fuss, PKW"
102776,5,3,15,0,2020,Dezember,17,Montag,Unfall mit Leichtverletzten,Zusammenstoß mit einbiegendem / kreuzendem Fahrzeug,Einbiegen / Kreuzen-Unfall,Dunkelheit,1,1,0,0,0,0,"351727,5323","5655279,29",6.885481604,51.02991601,trocken,"5,20122E+18","Rad, PKW"
102780,5,3,15,0,2020,Dezember,14,Sonntag,Unfall mit Leichtverletzten,Zusammenstoß mit vorausfahrendem / wartendem Fahrzeug,Unfall im Längsverkehr,Tageslicht,0,1,0,0,1,0,"348706,5513","5642931,074",6.84756941,50.91816556,trocken,"5,20122E+18","PKW, Gkfz"
102786,5,3,15,0,2020,Dezember,22,Dienstag,Unfall mit Leichtverletzten,Zusammenstoß mit einbiegendem / kreuzendem Fahrzeug,Einbiegen / Kreuzen-Unfall,Dunkelheit,0,1,0,0,0,0,"353665,3498","5646355,081",6.916692004,50.95021473,nass/feucht,"5,20122E+18",PKW
102792,5,3,15,0,2020,Dezember,9,Freitag,Unfall mit Leichtverletzten,Zusammenstoß mit vorausfahrendem / wartendem Fahrzeug,Unfall im Längsverkehr,Tageslicht,0,1,0,0,1,0,"348718,9331","5655606,888",6.842471367,51.03207587,nass/feucht,"5,20122E+18","PKW, Gkfz"
102798,5,3,15,0,2020,Dezember,15,Sonntag,Unfall mit Leichtverletzten,Zusammenstoß mit einbiegendem / kreuzendem Fahrzeug,Einbiegen / Kreuzen-Unfall,Tageslicht,1,1,0,0,0,0,"366997,8199","5642321,374",7.10785689,50.91719183,trocken,"5,20122E+18","Rad, PKW"
102811,5,3,15,0,2020,Dezember,17,Freitag,Unfall mit Schwerverletzten,Zusammenstoß mit entgegenkommendem Fahrzeug,Abbiegeunfall,Dunkelheit,0,1,0,0,0,0,"358090,484","5639401,768",6.982353746,50.88883153,trocken,"5,20122E+18",PKW
102842,5,3,15,0,2020,Dezember,16,Donnerstag,Unfall mit Leichtverletzten,Zusammenstoß mit anfahrendem/ anhaltendem/ruhendem Fahrzeug,Unfall im Längsverkehr,Dämmerung,0,1,0,0,0,0,"360496,3866","5650684,165",7.012218063,50.99081458,trocken,"5,20122E+18",PKW
102852,5,3,15,0,2020,Dezember,17,Donnerstag,Unfall mit Leichtverletzten,Unfall anderer Art,Unfall durch ruhenden Verkehr,Dunkelheit,1,1,0,0,0,0,"365096,3598","5643315,895",7.080454177,50.92568878,nass/feucht,"5,20122E+18","Rad, PKW"
102860,5,3,15,0,2020,Dezember,14,Donnerstag,Unfall mit Leichtverletzten,Zusammenstoß mit einbiegendem / kreuzendem Fahrzeug,Abbiegeunfall,Tageslicht,0,1,0,1,0,0,"363308,9465","5641896,912",7.05556838,50.91251501,nass/feucht,"5,20122E+18","Krad, PKW"
102874,5,3,15,0,2020,Dezember,11,Donnerstag,Unfall mit Schwerverletzten,Zusammenstoß zwischen Fahrzeug und Fußgänger,Überschreiten-Unfall,Tageslicht,0,1,1,0,0,0,"364825,4103","5639760,552",7.077918058,50.89367145,trocken,"5,20122E+18","Fuss, PKW"
102879,5,3,15,0,2020,Dezember,17,Freitag,Unfall mit Leichtverletzten,Zusammenstoß mit vorausfahrendem / wartendem Fahrzeug,Unfall im Längsverkehr,Dunkelheit,0,1,0,0,0,0,"360666,4619","5642991,33",7.01758481,50.92171895,trocken,"5,20122E+18",PKW