OBJECTID,ULAND,UREGBEZ,UKREIS,UGEMEINDE,UJAHR,UMONAT,USTUNDE,UWOCHENTAG,UKATEGORIE,UART,UTYP1,ULICHTVERH,IstRad,IstPKW,IstFuss,IstKrad,IstGkfz,IstSonstige,LINREFX,LINREFY,XGCSWGS84,YGCSWGS84,USTRZUSTAND,UIDENTSTLAE,Participants
102887,5,3,15,0,2020,Dezember,16,Donnerstag,Unfall mit Leichtverletzten,Zusammenstoß zwischen Fahrzeug und Fußgänger,Überschreiten-Unfall,Tageslicht,1,0,1,0,0,0,"359369,0869","5644788,928",6.998444459,50.93755942,trocken,"5,20122E+18","Rad, Fuss"
102891,5,3,15,0,2020,Dezember,5,Donnerstag,Unfall mit Leichtverletzten,Zusammenstoß mit einbiegendem / kreuzendem Fahrzeug,Sonstiger Unfall,Dunkelheit,0,1,0,0,0,1,"357898,6951","5644529,295",6.97763195,50.93486565,trocken,"5,20122E+18","PKW, Sonstige"
102894,5,3,15,0,2020,Dezember,14,Donnerstag,Unfall mit Schwerverletzten,Zusammenstoß mit seitlich in gleicher Richtung fahrendem Fahrzeug,Abbiegeunfall,Tageslicht,1,1,0,0,0,0,"349935,9692","5659866,38",6.85804969,51.07067129,trocken,"5,20122E+18","Rad, PKW"
102906,5,3,15,0,2020,Dezember,15,Donnerstag,Unfall mit Leichtverletzten,Unfall anderer Art,Fahrunfall,Tageslicht,1,0,0,0,0,0,"359081,122","5636230,696",6.997651279,50.860575,nass/feucht,"5,20122E+18",Rad
102911,5,3,15,0,2020,Dezember,19,Sonntag,Unfall mit Leichtverletzten,Zusammenstoß zwischen Fahrzeug und Fußgänger,Überschreiten-Unfall,Dunkelheit,0,1,1,0,0,0,"356381,3242","5647223,92",6.954988872,50.95870597,trocken,"5,20122E+18","Fuss, PKW"
102963,5,3,15,0,2020,Dezember,16,Samstag,Unfall mit Leichtverletzten,Zusammenstoß zwischen Fahrzeug und Fußgänger,Überschreiten-Unfall,Dunkelheit,1,0,1,0,0,0,"354677,8045","5644687,894",6.931760968,50.93548834,trocken,"5,20122E+18","Rad, Fuss"
102966,5,3,15,0,2020,Dezember,17,Dienstag,Unfall mit Schwerverletzten,Zusammenstoß zwischen Fahrzeug und Fußgänger,Fahrunfall,Dunkelheit,0,1,1,0,0,0,"350791,217","5652422,741",6.873313659,51.00400399,nass/feucht,"5,20122E+18","Fuss, PKW"
102989,5,3,15,0,2020,Dezember,7,Freitag,Unfall mit Leichtverletzten,Unfall anderer Art,Fahrunfall,Dämmerung,0,0,0,1,0,0,"348873,4813","5643011,998",6.849908984,50.91893651,nass/feucht,"5,20122E+18",Krad
102995,5,3,15,0,2020,Dezember,13,Sonntag,Unfall mit Schwerverletzten,Unfall anderer Art,Sonstiger Unfall,Tageslicht,1,1,0,0,0,0,"353957,1938","5642206,667",6.922506108,50.91300826,trocken,"5,20122E+18","Rad, PKW"
103015,5,3,15,0,2020,Dezember,23,Mittwoch,Unfall mit Leichtverletzten,Zusammenstoß mit einbiegendem / kreuzendem Fahrzeug,Abbiegeunfall,Dunkelheit,1,0,0,0,0,1,"355436,4992","5643893,664",6.942866333,50.92854143,nass/feucht,"5,20122E+18","Rad, Sonstige"
103040,5,3,15,0,2020,Dezember,21,Montag,Unfall mit Leichtverletzten,Unfall anderer Art,Sonstiger Unfall,Dunkelheit,1,0,0,0,0,0,"356101,6643","5643384,491",6.95252609,50.92413187,trocken,"5,20122E+18",Rad
103050,5,3,15,0,2020,Dezember,15,Dienstag,Unfall mit Leichtverletzten,Zusammenstoß mit vorausfahrendem / wartendem Fahrzeug,Abbiegeunfall,Tageslicht,1,1,0,0,0,0,"354425,6057","5645780,309",6.927737642,50.94524194,nass/feucht,"5,20122E+18","Rad, PKW"
103061,5,3,15,0,2020,Dezember,12,Sonntag,Unfall mit Leichtverletzten,Zusammenstoß mit einbiegendem / kreuzendem Fahrzeug,Einbiegen / Kreuzen-Unfall,Tageslicht,0,1,0,1,0,0,"358190,31","5644791,556",6.981677359,50.93729437,trocken,"5,20122E+18","Krad, PKW"
103074,5,3,15,0,2020,Dezember,11,Freitag,Unfall mit Leichtverletzten,Zusammenstoß mit einbiegendem / kreuzendem Fahrzeug,Abbiegeunfall,Tageslicht,0,1,0,0,0,0,"355710,005","5640037,755",6.948280294,50.89395738,nass/feucht,"5,20122E+18",PKW
103110,5,3,15,0,2020,Dezember,12,Samstag,Unfall mit Leichtverletzten,Zusammenstoß mit seitlich in gleicher Richtung fahrendem Fahrzeug,Abbiegeunfall,Tageslicht,0,1,0,1,0,0,"357738,0994","5635000,801",6.979058525,50.84919292,nass/feucht,"5,20122E+18","Krad, PKW"
103113,5,3,15,0,2020,Dezember,22,Dienstag,Unfall mit Leichtverletzten,Zusammenstoß mit einbiegendem / kreuzendem Fahrzeug,Einbiegen / Kreuzen-Unfall,Dunkelheit,1,1,0,0,0,0,"362776,0637","5645216,76",7.046743238,50.94222531,nass/feucht,"5,20122E+18","Rad, PKW"
103158,5,3,15,0,2020,Dezember,18,Montag,Unfall mit Leichtverletzten,Zusammenstoß mit vorausfahrendem / wartendem Fahrzeug,Fahrunfall,Dunkelheit,0,1,0,0,0,0,"354713,56","5643043,875",6.932924664,50.92072295,trocken,"5,20123E+18",PKW
103159,5,3,15,0,2020,Dezember,23,Donnerstag,Unfall mit Schwerverletzten,Unfall anderer Art,Fahrunfall,Dunkelheit,0,1,0,0,0,0,"351108,3487","5642055,901",6.882071434,50.91092554,nass/feucht,"5,20123E+18",PKW
103192,5,3,15,0,2020,Dezember,4,Freitag,Unfall mit Leichtverletzten,Zusammenstoß mit einbiegendem / kreuzendem Fahrzeug,Unfall im Längsverkehr,Dunkelheit,0,1,0,0,0,0,"352408,3656","5651059,52",6.896900414,50.99217063,nass/feucht,"5,20123E+18",PKW
103219,5,3,15,0,2020,Dezember,16,Mittwoch,Unfall mit Leichtverletzten,Abkommen von Fahrbahn nach rechts,Fahrunfall,Dämmerung,1,0,0,0,0,0,"346362,5722","5645429,039",6.813194964,50.93999314,nass/feucht,"5,20123E+18",Rad
103272,5,3,15,0,2020,Dezember,19,Donnerstag,Unfall mit Leichtverletzten,Zusammenstoß mit seitlich in gleicher Richtung fahrendem Fahrzeug,Unfall im Längsverkehr,Dunkelheit,1,1,0,0,0,0,"359824,0288","5644854,873",7.004889929,50.93826284,trocken,"5,20123E+18","Rad, PKW"
103278,5,3,15,0,2020,Dezember,20,Freitag,Unfall mit Leichtverletzten,Zusammenstoß mit einbiegendem / kreuzendem Fahrzeug,Einbiegen / Kreuzen-Unfall,Dunkelheit,0,1,0,0,0,1,"353674,1446","5646345,124",6.916821125,50.95012749,nass/feucht,"5,20123E+18","PKW, Sonstige"
103404,5,3,15,0,2020,Dezember,13,Mittwoch,Unfall mit Leichtverletzten,Unfall anderer Art,Einbiegen / Kreuzen-Unfall,Tageslicht,1,1,0,0,0,0,"360885,7726","5644279,026",7.020211772,50.9333447,trocken,"5,20123E+18","Rad, PKW"
103405,5,3,15,0,2020,Dezember,23,Freitag,Unfall mit Leichtverletzten,Unfall anderer Art,Überschreiten-Unfall,Dunkelheit,0,1,1,0,0,0,"362584,9565","5643837,213",7.04454493,50.92978132,trocken,"5,20122E+18","Fuss, PKW"
103466,5,3,15,0,2020,Dezember,12,Freitag,Unfall mit Leichtverletzten,Zusammenstoß mit einbiegendem / kreuzendem Fahrzeug,Einbiegen / Kreuzen-Unfall,Tageslicht,1,1,0,0,0,0,"351160,98","5651894,942",6.878796442,50.99935679,nass/feucht,"5,20123E+18","Rad, PKW"
103494,5,3,15,0,2020,Dezember,13,Dienstag,Unfall mit Schwerverletzten,Zusammenstoß mit vorausfahrendem / wartendem Fahrzeug,Sonstiger Unfall,Tageslicht,0,1,0,0,1,0,"364618,1988","5645958,024",7.072672817,50.94932292,trocken,"5,20123E+18","PKW, Gkfz"
103519,5,3,15,0,2020,Dezember,19,Mittwoch,Unfall mit Leichtverletzten,Zusammenstoß zwischen Fahrzeug und Fußgänger,Überschreiten-Unfall,Dunkelheit,0,1,1,0,0,0,"354037,106","5642120,883",6.923676395,50.91225756,trocken,"5,20123E+18","Fuss, PKW"
103548,5,3,15,0,2020,Dezember,0,Donnerstag,Unfall mit Leichtverletzten,Abkommen von Fahrbahn nach links,Fahrunfall,Dunkelheit,0,1,0,0,0,0,"353425,2423","5646017,647",6.913411937,50.94712134,nass/feucht,"5,20123E+18",PKW
103549,5,3,15,0,2020,Dezember,12,Donnerstag,Unfall mit Leichtverletzten,Zusammenstoß mit einbiegendem / kreuzendem Fahrzeug,Einbiegen / Kreuzen-Unfall,Tageslicht,0,1,0,1,0,0,"361600,4532","5649988,826",7.028204737,50.98483198,nass/feucht,"5,20122E+18","Krad, PKW"
103554,5,3,15,0,2020,Dezember,14,Freitag,Unfall mit Leichtverletzten,Abkommen von Fahrbahn nach links,Fahrunfall,Tageslicht,0,1,0,0,0,0,"355569,0547","5635209,394",6.948184225,50.85053005,nass/feucht,"5,20123E+18",PKW
200857,5,3,15,0,2020,Januar,10,Sonntag,Unfall mit Leichtverletzten,Zusammenstoß mit einbiegendem / kreuzendem Fahrzeug,Sonstiger Unfall,Tageslicht,0,1,0,1,0,0,"359095,0608","5639420,364",6.996620119,50.88924457,nass/feucht,"5,2001E+18","Krad, PKW"
200870,5,3,15,0,2020,Januar,10,Samstag,Unfall mit Leichtverletzten,Zusammenstoß mit einbiegendem / kreuzendem Fahrzeug,Einbiegen / Kreuzen-Unfall,Tageslicht,0,1,0,0,0,1,"352781,975","5643048,532",6.905460494,50.92027522,nass/feucht,"5,2001E+18","PKW, Sonstige"
200872,5,3,15,0,2020,Januar,15,Dienstag,Unfall mit Leichtverletzten,Zusammenstoß mit anfahrendem/ anhaltendem/ruhendem Fahrzeug,Abbiegeunfall,Tageslicht,0,1,0,0,0,1,"359107,6775","5645381,565",6.994497141,50.94282169,trocken,"5,20011E+18","PKW, Sonstige"
200873,5,3,15,0,2020,Januar,13,Freitag,Unfall mit Leichtverletzten,Zusammenstoß mit einbiegendem / kreuzendem Fahrzeug,Unfall im Längsverkehr,Tageslicht,0,1,0,0,0,0,"356746,6712","5641941,447",6.962264126,50.91132385,trocken,"5,2001E+18",PKW
200885,5,3,15,0,2020,Januar,15,Dienstag,Unfall mit Schwerverletzten,Unfall anderer Art,Sonstiger Unfall,Tageslicht,0,0,0,0,0,1,"355821,8496","5640760,579",6.949584211,50.90048126,trocken,"5,20011E+18",Sonstige
200907,5,3,15,0,2020,Januar,15,Samstag,Unfall mit Leichtverletzten,Zusammenstoß mit einbiegendem / kreuzendem Fahrzeug,Einbiegen / Kreuzen-Unfall,Tageslicht,1,1,0,0,0,0,"359954,999","5645961,919",7.006327171,50.94824385,nass/feucht,"5,2001E+18","Rad, PKW"
200918,5,3,15,0,2020,Januar,15,Samstag,Unfall mit Leichtverletzten,Unfall anderer Art,Sonstiger Unfall,Tageslicht,0,0,1,0,0,1,"356651,4226","5645583,787",6.959478005,50.94403357,nass/feucht,"5,2001E+18","Fuss, Sonstige"
200920,5,3,15,0,2020,Januar,14,Dienstag,Unfall mit Leichtverletzten,Zusammenstoß mit einbiegendem / kreuzendem Fahrzeug,Abbiegeunfall,Tageslicht,1,1,0,0,0,0,"357374,7276","5648004,466",6.968818612,50.9659674,trocken,"5,20011E+18","Rad, PKW"
200955,5,3,15,0,2020,Januar,17,Donnerstag,Unfall mit Leichtverletzten,Unfall anderer Art,Sonstiger Unfall,Dunkelheit,0,0,0,0,0,1,"353335,6762","5643472,166",6.913162293,50.92422327,trocken,"5,2001E+18",Sonstige
200958,5,3,15,0,2020,Januar,12,Samstag,Unfall mit Leichtverletzten,Unfall anderer Art,Fahrunfall,Tageslicht,0,0,0,0,0,1,"354750,4663","5643758,406",6.933164771,50.92715357,nass/feucht,"5,2001E+18",Sonstige
200972,5,3,15,0,2020,Januar,6,Dienstag,Unfall mit Leichtverletzten,Zusammenstoß mit vorausfahrendem / wartendem Fahrzeug,Sonstiger Unfall,Dunkelheit,0,1,0,1,0,0,"354941,9024","5642875,378",6.936238183,50.91926615,trocken,"5,20011E+18","Krad, PKW"
200976,5,3,15,0,2020,Januar,20,Dienstag,Unfall mit Leichtverletzten,Zusammenstoß zwischen Fahrzeug und Fußgänger,Abbiegeunfall,Dunkelheit,0,1,1,0,0,0,"367431,5315","5637847,872",7.11564737,50.87708475,trocken,"5,20011E+18","Fuss, PKW"
201010,5,3,15,0,2020,Januar,10,Sonntag,Unfall mit Leichtverletzten,Zusammenstoß mit einbiegendem / kreuzendem Fahrzeug,Unfall durch ruhenden Verkehr,Tageslicht,1,1,0,0,0,0,"354173,834","5642801,831",6.925347808,50.91841162,trocken,"5,2001E+18","Rad, PKW"
201012,5,3,15,0,2020,Januar,11,Samstag,Unfall mit Leichtverletzten,Zusammenstoß zwischen Fahrzeug und Fußgänger,Sonstiger Unfall,Tageslicht,0,1,1,0,0,0,"363502,9568","5638671,1",7.059532218,50.88356897,nass/feucht,"5,2001E+18","Fuss, PKW"
201023,5,3,15,0,2020,Januar,20,Samstag,Unfall mit Leichtverletzten,Zusammenstoß mit einbiegendem / kreuzendem Fahrzeug,Einbiegen / Kreuzen-Unfall,Dunkelheit,1,1,0,0,0,0,"354904,6511","5645202,202",6.93478242,50.94016741,nass/feucht,"5,2001E+18","Rad, PKW"
201025,5,3,15,0,2020,Januar,16,Dienstag,Unfall mit Leichtverletzten,Zusammenstoß mit einbiegendem / kreuzendem Fahrzeug,Einbiegen / Kreuzen-Unfall,Tageslicht,0,1,0,1,0,0,"356234,9611","5647485,955",6.952802684,50.96102434,trocken,"5,20011E+18","Krad, PKW"
201026,5,3,15,0,2020,Januar,7,Freitag,Unfall mit Leichtverletzten,Unfall anderer Art,Fahrunfall,Dämmerung,1,0,0,0,0,0,"355290,2466","5641892,651",6.94158049,50.91052203,winterglatt,"5,2001E+18",Rad
201060,5,3,15,0,2020,Januar,18,Samstag,Unfall mit Leichtverletzten,Zusammenstoß mit einbiegendem / kreuzendem Fahrzeug,Einbiegen / Kreuzen-Unfall,Dunkelheit,0,1,0,0,0,0,"352078,9733","5653371,632",6.891268032,51.01286364,nass/feucht,"5,2001E+18",PKW
201073,5,3,15,0,2020,Januar,14,Dienstag,Unfall mit Leichtverletzten,Zusammenstoß mit vorausfahrendem / wartendem Fahrzeug,Unfall im Längsverkehr,Tageslicht,0,1,0,0,1,0,"351943,916","5649450,273",6.890942712,50.97758997,trocken,"5,20011E+18","PKW, Gkfz"
201112,5,3,15,0,2020,Januar,8,Mittwoch,Unfall mit Leichtverletzten,Zusammenstoß mit einbiegendem / kreuzendem Fahrzeug,Abbiegeunfall,Tageslicht,0,1,0,0,0,0,"365107,7491","5642722,791",7.080835534,50.92036088,nass/feucht,"5,20011E+18",PKW
201114,5,3,15,0,2020,Januar,19,Samstag,Unfall mit Leichtverletzten,Zusammenstoß mit entgegenkommendem Fahrzeug,Unfall im Längsverkehr,Dunkelheit,1,0,0,0,0,0,"353038,7045","5654663,913",6.904416303,51.0247227,nass/feucht,"5,20011E+18",Rad
201118,5,3,15,0,2020,Januar,16,Mittwoch,Unfall mit Leichtverletzten,Zusammenstoß mit entgegenkommendem Fahrzeug,Fahrunfall,Dämmerung,0,1,0,0,0,0,"363094,6991","5642678,47",7.052229287,50.91948843,nass/feucht,"5,20011E+18",PKW
201121,5,3,15,0,2020,Januar,16,Mittwoch,Unfall mit Leichtverletzten,Unfall anderer Art,Sonstiger Unfall,Tageslicht,1,0,0,0,0,1,"363963,087","5644756,72",7.06380085,50.93837203,trocken,"5,20011E+18","Rad, Sonstige"
201122,5,3,15,0,2020,Januar,18,Mittwoch,Unfall mit Leichtverletzten,Zusammenstoß mit einbiegendem / kreuzendem Fahrzeug,Einbiegen / Kreuzen-Unfall,Dunkelheit,1,0,0,0,0,0,"355572,421","5649513,275",6.942569602,50.97907765,trocken,"5,20011E+18",Rad
201124,5,3,15,0,2020,Januar,12,Mittwoch,Unfall mit Schwerverletzten,Unfall anderer Art,Sonstiger Unfall,Tageslicht,1,0,0,0,0,0,"352385,954","5652523,196",6.895986251,51.00531811,trocken,"5,20011E+18",Rad
201126,5,3,15,0,2020,Januar,9,Samstag,Unfall mit Leichtverletzten,Zusammenstoß mit seitlich in gleicher Richtung fahrendem Fahrzeug,Unfall im Längsverkehr,Tageslicht,1,0,0,0,0,0,"354593,9516","5643648,529",6.93098301,50.9261267,nass/feucht,"5,20011E+18",Rad
201130,5,3,15,0,2020,Januar,17,Mittwoch,Unfall mit Leichtverletzten,Zusammenstoß mit einbiegendem / kreuzendem Fahrzeug,Abbiegeunfall,Dunkelheit,0,1,0,0,0,0,"355322,185","5654720,183",6.9369322,51.02580758,trocken,"5,20011E+18",PKW
201133,5,3,15,0,2020,Januar,8,Freitag,Unfall mit Leichtverletzten,Zusammenstoß zwischen Fahrzeug und Fußgänger,Überschreiten-Unfall,Dunkelheit,0,0,1,0,0,1,"355856,3176","5648246,217",6.947113321,50.96776204,nass/feucht,"5,20011E+18","Fuss, Sonstige"
201134,5,3,15,0,2020,Januar,12,Mittwoch,Unfall mit Leichtverletzten,Zusammenstoß mit seitlich in gleicher Richtung fahrendem Fahrzeug,Unfall durch ruhenden Verkehr,Tageslicht,1,1,0,0,0,0,"348203,7675","5645019,081",6.83955245,50.93679681,trocken,"5,20011E+18","Rad, PKW"
201135,5,3,15,0,2020,Januar,8,Freitag,Unfall mit Leichtverletzten,Zusammenstoß zwischen Fahrzeug und Fußgänger,Abbiegeunfall,Dämmerung,0,0,1,0,0,1,"356765,9283","5648939,678",6.959786013,50.97422096,nass/feucht,"5,20011E+18","Fuss, Sonstige"
201136,5,3,15,0,2020,Januar,8,Freitag,Unfall mit Leichtverletzten,Zusammenstoß mit einbiegendem / kreuzendem Fahrzeug,Abbiegeunfall,Dunkelheit,0,1,0,0,0,0,"356802,3377","5641660,289",6.963165753,50.90881091,nass/feucht,"5,20011E+18",PKW
201137,5,3,15,0,2020,Januar,19,Freitag,Unfall mit Leichtverletzten,Zusammenstoß mit entgegenkommendem Fahrzeug,Einbiegen / Kreuzen-Unfall,Dunkelheit,1,1,0,0,0,0,"353676,6555","5642868,839",6.918252609,50.91888794,trocken,"5,20011E+18","Rad, PKW"
201139,5,3,15,0,2020,Januar,8,Freitag,Unfall mit Leichtverletzten,Zusammenstoß mit anfahrendem/ anhaltendem/ruhendem Fahrzeug,Unfall durch ruhenden Verkehr,Dämmerung,1,1,0,0,0,0,"356107,7369","5645423,937",6.951807235,50.94246159,nass/feucht,"5,20011E+18","Rad, PKW"
201142,5,3,15,0,2020,Januar,17,Mittwoch,Unfall mit Leichtverletzten,Zusammenstoß mit vorausfahrendem / wartendem Fahrzeug,Abbiegeunfall,Dunkelheit,0,1,0,0,0,0,"352269,7191","5649444,103",6.895582929,50.97761819,trocken,"5,20011E+18",PKW
201146,5,3,15,0,2020,Januar,8,Mittwoch,Unfall mit Leichtverletzten,Zusammenstoß mit einbiegendem / kreuzendem Fahrzeug,Abbiegeunfall,Dämmerung,1,1,0,0,0,0,"355152,9556","5641984,854",6.939592349,50.9113162,trocken,"5,20011E+18","Rad, PKW"
201162,5,3,15,0,2020,Januar,7,Samstag,Unfall mit Leichtverletzten,Unfall anderer Art,Sonstiger Unfall,Tageslicht,0,1,0,1,0,0,"353256,3147","5645094,896",6.911380586,50.93878596,nass/feucht,"5,20011E+18","Krad, PKW"
201216,5,3,15,0,2020,Januar,21,Samstag,Unfall mit Leichtverletzten,Zusammenstoß zwischen Fahrzeug und Fußgänger,Überschreiten-Unfall,Dunkelheit,0,1,1,0,0,0,"358527,5495","5650842,141",6.984121095,50.99175375,nass/feucht,"5,20011E+18","Fuss, PKW"
201230,5,3,15,0,2020,Januar,14,Samstag,Unfall mit Leichtverletzten,Zusammenstoß mit einbiegendem / kreuzendem Fahrzeug,Abbiegeunfall,Tageslicht,0,1,0,0,0,0,"355547,5174","5641341,199",6.945455767,50.90563064,nass/feucht,"5,20011E+18",PKW
201248,5,3,15,0,2020,Januar,11,Donnerstag,Unfall mit Leichtverletzten,Zusammenstoß mit vorausfahrendem / wartendem Fahrzeug,Unfall im Längsverkehr,Tageslicht,0,1,0,0,0,0,"351715,9763","5646048,362",6.889084462,50.94696023,nass/feucht,"5,20011E+18",PKW
201250,5,3,15,0,2020,Januar,8,Donnerstag,Unfall mit Leichtverletzten,Unfall anderer Art,Fahrunfall,Dämmerung,1,0,0,0,0,0,"353279,3797",5642996,6.912553405,50.91992983,nass/feucht,"5,20011E+18",Rad
201252,5,3,15,0,2020,Januar,18,Donnerstag,Unfall mit Leichtverletzten,Zusammenstoß mit einbiegendem / kreuzendem Fahrzeug,Einbiegen / Kreuzen-Unfall,Dunkelheit,1,1,0,0,0,0,"352404,952","5643492,575",6.899920549,50.92416933,nass/feucht,"5,20011E+18","Rad, PKW"
201254,5,3,15,0,2020,Januar,22,Donnerstag,Unfall mit Leichtverletzten,Zusammenstoß mit entgegenkommendem Fahrzeug,Unfall im Längsverkehr,Dunkelheit,1,0,0,0,0,0,"356529,665","5643416,742",6.958599119,50.9245283,nass/feucht,"5,20011E+18",Rad
201256,5,3,15,0,2020,Januar,15,Donnerstag,Unfall mit Leichtverletzten,Zusammenstoß mit anfahrendem/ anhaltendem/ruhendem Fahrzeug,Unfall durch ruhenden Verkehr,Tageslicht,1,1,0,0,0,0,"356327,9891","5645031,764",6.955094878,50.93899211,nass/feucht,"5,20011E+18","Rad, PKW"
201266,5,3,15,0,2020,Januar,11,Samstag,Unfall mit Leichtverletzten,Zusammenstoß mit einbiegendem / kreuzendem Fahrzeug,Einbiegen / Kreuzen-Unfall,Tageslicht,1,1,0,0,0,0,"350175,16","5644449,618",6.867823597,50.93219495,nass/feucht,"5,20011E+18","Rad, PKW"
201277,5,3,15,0,2020,Januar,19,Samstag,Unfall mit Leichtverletzten,Unfall anderer Art,Fahrunfall,Dunkelheit,1,0,0,0,0,0,"355870,9105","5642777,422",6.94948494,50.91861863,nass/feucht,"5,20011E+18",Rad
201328,5,3,15,0,2020,Januar,13,Samstag,Unfall mit Leichtverletzten,Zusammenstoß mit einbiegendem / kreuzendem Fahrzeug,Abbiegeunfall,Tageslicht,0,1,0,0,0,0,"349036,092","5646250,888",6.850879124,50.94808463,nass/feucht,"5,20011E+18",PKW
201343,5,3,15,0,2020,Januar,17,Montag,Unfall mit Leichtverletzten,Zusammenstoß mit einbiegendem / kreuzendem Fahrzeug,Einbiegen / Kreuzen-Unfall,Tageslicht,0,1,0,0,0,0,"354732,6209","5648531,606",6.931006825,50.97004447,nass/feucht,"5,20011E+18",PKW
201348,5,3,15,0,2020,Januar,14,Montag,Unfall mit Leichtverletzten,Zusammenstoß mit anfahrendem/ anhaltendem/ruhendem Fahrzeug,Sonstiger Unfall,Tageslicht,0,1,0,0,0,1,"356918,3825","5640892,943",6.965116027,50.90194356,nass/feucht,"5,20011E+18","PKW, Sonstige"
201349,5,3,15,0,2020,Januar,17,Dienstag,Unfall mit Leichtverletzten,Zusammenstoß mit entgegenkommendem Fahrzeug,Einbiegen / Kreuzen-Unfall,Dunkelheit,0,1,0,0,0,0,"365861,7046","5635839,145",7.094083255,50.85866861,trocken,"5,20011E+18",PKW
201350,5,3,15,0,2020,Januar,13,Montag,Unfall mit Leichtverletzten,Zusammenstoß mit anfahrendem/ anhaltendem/ruhendem Fahrzeug,Unfall durch ruhenden Verkehr,Tageslicht,1,1,0,0,0,0,"355068,984","5643827,72",6.937666437,50.92785659,trocken,"5,20011E+18","Rad, PKW"
201389,5,3,15,0,2020,Januar,19,Donnerstag,Unfall mit Leichtverletzten,Zusammenstoß mit vorausfahrendem / wartendem Fahrzeug,Unfall im Längsverkehr,Dunkelheit,0,1,0,0,0,0,"356192,281","5644489,671",6.953378581,50.93408657,nass/feucht,"5,20012E+18",PKW
201398,5,3,15,0,2020,Januar,14,Dienstag,Unfall mit Leichtverletzten,Zusammenstoß mit einbiegendem / kreuzendem Fahrzeug,Einbiegen / Kreuzen-Unfall,Tageslicht,0,1,0,0,0,0,"353474,4535","5656802,324",6.909760705,51.04405067,trocken,"5,20011E+18",PKW
201408,5,3,15,0,2020,Januar,12,Mittwoch,Unfall mit Leichtverletzten,Zusammenstoß mit anfahrendem/ anhaltendem/ruhendem Fahrzeug,Unfall durch ruhenden Verkehr,Tageslicht,1,1,0,0,0,0,"355862,6164","5644503,666",6.948684585,50.93413005,trocken,"5,20011E+18","Rad, PKW"
201426,5,3,15,0,2020,Januar,19,Donnerstag,Unfall mit Leichtverletzten,Unfall anderer Art,Unfall durch ruhenden Verkehr,Dämmerung,0,1,0,0,0,0,"355676,3634","5648162,273",6.944585491,50.9669626,nass/feucht,"5,20012E+18",PKW
201444,5,3,15,0,2020,Januar,18,Mittwoch,Unfall mit Leichtverletzten,Zusammenstoß mit vorausfahrendem / wartendem Fahrzeug,Unfall im Längsverkehr,Dunkelheit,0,1,0,0,0,0,"353423,7011","5648090,718",6.912555172,50.9657508,trocken,"5,20011E+18",PKW
201452,5,3,15,0,2020,Januar,17,Dienstag,Unfall mit Leichtverletzten,Zusammenstoß zwischen Fahrzeug und Fußgänger,Überschreiten-Unfall,Dunkelheit,0,1,1,0,0,0,"360820,5456","5644001,512",7.019390066,50.93083488,trocken,"5,20011E+18","Fuss, PKW"
201453,5,3,15,0,2020,Januar,22,Sonntag,Unfall mit Leichtverletzten,Zusammenstoß mit einbiegendem / kreuzendem Fahrzeug,Unfall im Längsverkehr,Dunkelheit,0,1,0,0,0,0,"357171,9884","5642016,725",6.9682806,50.91210577,trocken,"5,20011E+18",PKW
201456,5,3,15,0,2020,Januar,13,Sonntag,Unfall mit Leichtverletzten,Zusammenstoß mit seitlich in gleicher Richtung fahrendem Fahrzeug,Unfall im Längsverkehr,Tageslicht,1,1,0,0,0,0,"356467,838","5646321,222",6.956575858,50.95061512,trocken,"5,20011E+18","Rad, PKW"
201459,5,3,15,0,2020,Januar,17,Mittwoch,Unfall mit Leichtverletzten,Zusammenstoß mit vorausfahrendem / wartendem Fahrzeug,Unfall im Längsverkehr,Dunkelheit,0,1,0,0,0,0,"361955,9881","5646580,158",7.034560677,50.9542828,trocken,"5,20011E+18",PKW
201464,5,3,15,0,2020,Januar,14,Dienstag,Unfall mit Leichtverletzten,Zusammenstoß mit einbiegendem / kreuzendem Fahrzeug,Einbiegen / Kreuzen-Unfall,Tageslicht,0,1,0,0,0,1,"357195,0593","5641931,581",6.968641882,50.91134629,trocken,"5,20011E+18","PKW, Sonstige"
201479,5,3,15,0,2020,Januar,11,Donnerstag,Unfall mit Leichtverletzten,Zusammenstoß zwischen Fahrzeug und Fußgänger,Überschreiten-Unfall,Tageslicht,0,1,1,0,0,0,"359093,2793","5639707,975",6.99648388,50.89182894,trocken,"5,20012E+18","Fuss, PKW"
201503,5,3,15,0,2020,Januar,8,Dienstag,Unfall mit Leichtverletzten,Zusammenstoß mit einbiegendem / kreuzendem Fahrzeug,Einbiegen / Kreuzen-Unfall,Tageslicht,0,1,0,0,0,0,"352074,1702","5653371,122",6.891199818,51.01285782,nass/feucht,"5,20011E+18",PKW
201513,5,3,15,0,2020,Januar,13,Mittwoch,Unfall mit Leichtverletzten,Zusammenstoß mit einbiegendem / kreuzendem Fahrzeug,Einbiegen / Kreuzen-Unfall,Tageslicht,1,1,0,0,0,0,"355239,1444","5642120,166",6.940763834,50.91255385,trocken,"5,20011E+18","Rad, PKW"
201552,5,3,15,0,2020,Januar,9,Dienstag,Unfall mit Leichtverletzten,Zusammenstoß mit anfahrendem/ anhaltendem/ruhendem Fahrzeug,Unfall durch ruhenden Verkehr,Tageslicht,1,1,0,0,0,0,"354925,1175","5642889,14",6.935994074,50.91938561,trocken,"5,20011E+18","Rad, PKW"