OBJECTID,ULAND,UREGBEZ,UKREIS,UGEMEINDE,UJAHR,UMONAT,USTUNDE,UWOCHENTAG,UKATEGORIE,UART,UTYP1,ULICHTVERH,IstRad,IstPKW,IstFuss,IstKrad,IstGkfz,IstSonstige,LINREFX,LINREFY,XGCSWGS84,YGCSWGS84,USTRZUSTAND,UIDENTSTLAE,Participants
201582,5,3,15,0,2020,Januar,18,Donnerstag,Unfall mit Leichtverletzten,Unfall anderer Art,Unfall durch ruhenden Verkehr,Dunkelheit,1,1,0,0,0,0,"352504,7538","5646781,029",6.900008319,50.95374672,nass/feucht,"5,20012E+18","Rad, PKW"
201599,5,3,15,0,2020,Januar,14,Mittwoch,Unfall mit Leichtverletzten,Unfall anderer Art,Einbiegen / Kreuzen-Unfall,Tageslicht,1,1,0,0,0,0,"357270,7817","5636003,658",6.972033383,50.85809058,trocken,"5,20011E+18","Rad, PKW"
201607,5,3,15,0,2020,Januar,5,Montag,Unfall mit Leichtverletzten,Zusammenstoß zwischen Fahrzeug und Fußgänger,Unfall im Längsverkehr,Dunkelheit,0,1,1,0,0,0,"359364,4082","5643011,075",6.999063806,50.92158051,nass/feucht,"5,20012E+18","Fuss, PKW"
201609,5,3,15,0,2020,Januar,12,Montag,Unfall mit Leichtverletzten,Unfall anderer Art,Unfall durch ruhenden Verkehr,Tageslicht,1,1,0,0,0,0,"353466,9554","5647916,207",6.913241025,50.96419354,nass/feucht,"5,20012E+18","Rad, PKW"
201611,5,3,15,0,2020,Januar,2,Montag,Unfall mit Leichtverletzten,Zusammenstoß mit einbiegendem / kreuzendem Fahrzeug,Einbiegen / Kreuzen-Unfall,Dunkelheit,0,1,0,0,0,0,"355471,762","5641349,372",6.944375805,50.90568514,nass/feucht,"5,20012E+18",PKW
201612,5,3,15,0,2020,Januar,20,Montag,Unfall mit Leichtverletzten,Unfall anderer Art,Sonstiger Unfall,Dunkelheit,0,0,0,0,0,1,"356598,2609","5642985,943",6.959743892,50.92067381,trocken,"5,20012E+18",Sonstige
201629,5,3,15,0,2020,Januar,9,Freitag,Unfall mit Leichtverletzten,Unfall anderer Art,Unfall durch ruhenden Verkehr,Tageslicht,1,1,0,0,0,0,"359515,676","5644842,184",7.000508923,50.93807377,trocken,"5,20012E+18","Rad, PKW"
201630,5,3,15,0,2020,Januar,12,Freitag,Unfall mit Leichtverletzten,Zusammenstoß mit einbiegendem / kreuzendem Fahrzeug,Einbiegen / Kreuzen-Unfall,Tageslicht,1,1,0,0,0,0,"356848,2936","5649779,593",6.960627675,50.98178962,trocken,"5,20012E+18","Rad, PKW"
201632,5,3,15,0,2020,Januar,11,Dienstag,Unfall mit Leichtverletzten,Zusammenstoß mit entgegenkommendem Fahrzeug,Unfall im Längsverkehr,Tageslicht,0,1,0,0,0,0,"364642,8969","5640752,613",7.074956703,50.90254493,nass/feucht,"5,20012E+18",PKW
201633,5,3,15,0,2020,Januar,16,Freitag,Unfall mit Leichtverletzten,Zusammenstoß mit einbiegendem / kreuzendem Fahrzeug,Abbiegeunfall,Tageslicht,0,1,0,0,0,0,"352222,8012","5653546,083",6.89324587,51.0144683,trocken,"5,20012E+18",PKW
201638,5,3,15,0,2020,Januar,8,Freitag,Unfall mit Leichtverletzten,Zusammenstoß mit seitlich in gleicher Richtung fahrendem Fahrzeug,Abbiegeunfall,Dämmerung,1,1,0,0,0,0,"351220,008","5651954,509",6.879612663,50.99990735,trocken,"5,20012E+18","Rad, PKW"
201644,5,3,15,0,2020,Januar,13,Freitag,Unfall mit Leichtverletzten,Zusammenstoß zwischen Fahrzeug und Fußgänger,Sonstiger Unfall,Tageslicht,0,1,1,0,0,0,"353613,7697","5653461,134",6.913096051,51.01406064,trocken,"5,20012E+18","Fuss, PKW"
201650,5,3,15,0,2020,Januar,7,Freitag,Unfall mit Leichtverletzten,Zusammenstoß mit einbiegendem / kreuzendem Fahrzeug,Abbiegeunfall,Tageslicht,1,0,0,0,0,1,"350279,482","5648754,142",6.867536977,50.97090398,trocken,"5,20012E+18","Rad, Sonstige"
201655,5,3,15,0,2020,Januar,6,Freitag,Unfall mit Schwerverletzten,Zusammenstoß zwischen Fahrzeug und Fußgänger,Abbiegeunfall,Dunkelheit,0,1,1,0,0,0,"355267,8665","5641783,42",6.941305685,50.90953477,nass/feucht,"5,20012E+18","Fuss, PKW"
201665,5,3,15,0,2020,Januar,6,Sonntag,Unfall mit Leichtverletzten,Zusammenstoß mit vorausfahrendem / wartendem Fahrzeug,Unfall im Längsverkehr,Dunkelheit,0,1,0,0,0,0,"359968,4382","5647787,113",7.005816156,50.96465034,nass/feucht,"5,20012E+18",PKW
201666,5,3,15,0,2020,Januar,19,Sonntag,Unfall mit Leichtverletzten,Unfall anderer Art,Fahrunfall,Dunkelheit,1,0,0,0,0,0,"352511,8288","5644147,671",6.901175162,50.93008373,nass/feucht,"5,20012E+18",Rad
201667,5,3,15,0,2020,Januar,15,Sonntag,Unfall mit Leichtverletzten,Zusammenstoß mit einbiegendem / kreuzendem Fahrzeug,Abbiegeunfall,Tageslicht,1,1,0,0,0,0,"356678,2914","5642504,01",6.96107112,50.91636259,trocken,"5,20012E+18","Rad, PKW"
201679,5,3,15,0,2020,Januar,16,Dienstag,Unfall mit Schwerverletzten,Zusammenstoß zwischen Fahrzeug und Fußgänger,Überschreiten-Unfall,Tageslicht,0,1,1,0,0,0,"351613,6999","5646338,943",6.887511143,50.9495452,trocken,"5,20012E+18","Fuss, PKW"
201735,5,3,15,0,2020,Januar,16,Samstag,Unfall mit Leichtverletzten,Zusammenstoß mit einbiegendem / kreuzendem Fahrzeug,Einbiegen / Kreuzen-Unfall,Tageslicht,0,1,0,0,0,0,"359555,1764","5644361,62",7.001255977,50.9337645,nass/feucht,"5,20012E+18",PKW
201738,5,3,15,0,2020,Januar,12,Samstag,Unfall mit Leichtverletzten,Unfall anderer Art,Unfall im Längsverkehr,Tageslicht,1,0,0,0,0,1,"356102,0244","5647639,006",6.950850448,50.96236659,trocken,"5,20012E+18","Rad, Sonstige"
201739,5,3,15,0,2020,Januar,16,Samstag,Unfall mit Leichtverletzten,Zusammenstoß mit einbiegendem / kreuzendem Fahrzeug,Abbiegeunfall,Tageslicht,0,1,0,1,0,0,"356868,7316","5649973,473",6.960842286,50.98353706,nass/feucht,"5,20012E+18","Krad, PKW"
201740,5,3,15,0,2020,Januar,7,Samstag,Unfall mit Leichtverletzten,Zusammenstoß zwischen Fahrzeug und Fußgänger,Überschreiten-Unfall,Dämmerung,1,0,1,0,0,0,"352469,868","5654777,354",6.896264699,51.02559643,nass/feucht,"5,20012E+18","Rad, Fuss"
201741,5,3,15,0,2020,Januar,19,Samstag,Unfall mit Leichtverletzten,Zusammenstoß mit seitlich in gleicher Richtung fahrendem Fahrzeug,Sonstiger Unfall,Dunkelheit,0,1,0,1,0,0,"354025,9775","5646681,095",6.921691786,50.95323595,nass/feucht,"5,20012E+18","Krad, PKW"
201744,5,3,15,0,2020,Januar,17,Samstag,Unfall mit Leichtverletzten,Zusammenstoß mit anfahrendem/ anhaltendem/ruhendem Fahrzeug,Unfall durch ruhenden Verkehr,Dunkelheit,0,1,0,0,0,1,"351716,516","5646048,243",6.889092188,50.9469593,nass/feucht,"5,20012E+18","PKW, Sonstige"
201747,5,3,15,0,2020,Januar,23,Samstag,Unfall mit Leichtverletzten,Unfall anderer Art,Unfall durch ruhenden Verkehr,Dunkelheit,1,1,0,0,0,0,"355998,2673","5645315,281",6.95029304,50.94145778,trocken,"5,20012E+18","Rad, PKW"
201784,5,3,15,0,2020,Januar,23,Dienstag,Unfall mit Leichtverletzten,Unfall anderer Art,Fahrunfall,Dunkelheit,0,0,0,0,0,1,"353534,36","5647405,337",6.914405885,50.9596197,trocken,"5,20012E+18",Sonstige
201834,5,3,15,0,2020,Januar,18,Dienstag,Unfall mit Leichtverletzten,Zusammenstoß mit einbiegendem / kreuzendem Fahrzeug,Einbiegen / Kreuzen-Unfall,Dunkelheit,1,1,0,0,0,0,"356260,6063","5641900,441",6.955370848,50.91083449,nass/feucht,"5,20012E+18","Rad, PKW"
201863,5,3,15,0,2020,Januar,11,Mittwoch,Unfall mit Leichtverletzten,Zusammenstoß mit entgegenkommendem Fahrzeug,Unfall im Längsverkehr,Tageslicht,1,1,0,0,0,0,"355762,4762","5647133,697",6.946218787,50.95774059,trocken,"5,20012E+18","Rad, PKW"
201865,5,3,15,0,2020,Januar,9,Mittwoch,Unfall mit Leichtverletzten,Zusammenstoß mit entgegenkommendem Fahrzeug,Sonstiger Unfall,Tageslicht,0,1,0,1,0,0,"353596,2858","5645633,106",6.915999708,50.94370908,trocken,"5,20012E+18","Krad, PKW"
201873,5,3,15,0,2020,Januar,8,Mittwoch,Unfall mit Leichtverletzten,Zusammenstoß mit einbiegendem / kreuzendem Fahrzeug,Einbiegen / Kreuzen-Unfall,Tageslicht,1,1,0,0,0,0,"355268,4783","5642802,497",6.940910132,50.91869319,trocken,"5,20012E+18","Rad, PKW"
201875,5,3,15,0,2020,Januar,18,Mittwoch,Unfall mit Leichtverletzten,Unfall anderer Art,Unfall durch ruhenden Verkehr,Dunkelheit,1,1,0,0,0,0,"354113,4914","5642708,373",6.9245273,50.91755648,trocken,"5,20012E+18","Rad, PKW"
201880,5,3,15,0,2020,Januar,11,Sonntag,Unfall mit Leichtverletzten,Unfall anderer Art,Fahrunfall,Tageslicht,1,0,0,0,0,0,"356233,1667","5642871,558",6.954598116,50.91955499,trocken,"5,20013E+18",Rad
201881,5,3,15,0,2020,Januar,9,Mittwoch,Unfall mit Leichtverletzten,Zusammenstoß zwischen Fahrzeug und Fußgänger,Überschreiten-Unfall,Tageslicht,0,1,1,0,0,0,"356650,4199","5645584,511",6.959463457,50.94403983,trocken,"5,20012E+18","Fuss, PKW"
201890,5,3,15,0,2020,Januar,15,Samstag,Unfall mit Leichtverletzten,Unfall anderer Art,Einbiegen / Kreuzen-Unfall,Tageslicht,0,1,0,1,0,0,"352472,564","5654126,493",6.896567922,51.01974822,trocken,"5,20012E+18","Krad, PKW"
201901,5,3,15,0,2020,Januar,8,Donnerstag,Unfall mit Leichtverletzten,Zusammenstoß mit anfahrendem/ anhaltendem/ruhendem Fahrzeug,Unfall im Längsverkehr,Tageslicht,0,1,0,0,0,0,"359999,4206","5648083,161",7.006143153,50.96731849,nass/feucht,"5,20012E+18",PKW
201916,5,3,15,0,2020,Januar,15,Freitag,Unfall mit Leichtverletzten,Zusammenstoß mit einbiegendem / kreuzendem Fahrzeug,Einbiegen / Kreuzen-Unfall,Tageslicht,1,1,0,0,0,0,"358983,1876","5639881,562",6.994852529,50.89336213,trocken,"5,20012E+18","Rad, PKW"
201927,5,3,15,0,2020,Januar,20,Samstag,Unfall mit Leichtverletzten,Zusammenstoß mit anfahrendem/ anhaltendem/ruhendem Fahrzeug,Unfall im Längsverkehr,Dunkelheit,0,1,0,0,0,0,"362342,7558","5648506,207",7.039335211,50.97168527,trocken,"5,20012E+18",PKW
201937,5,3,15,0,2020,Januar,8,Donnerstag,Unfall mit Schwerverletzten,Unfall anderer Art,Fahrunfall,Tageslicht,1,0,0,0,0,0,"364892,1576","5648485,04",7.075632327,50.97209872,winterglatt,"5,20012E+18",Rad
201938,5,3,15,0,2020,Januar,9,Samstag,Unfall mit Leichtverletzten,Zusammenstoß mit anfahrendem/ anhaltendem/ruhendem Fahrzeug,Unfall durch ruhenden Verkehr,Tageslicht,0,1,0,0,0,1,"356462,4545","5643853,734",6.95747141,50.92843878,trocken,"5,20012E+18","PKW, Sonstige"
201954,5,3,15,0,2020,Januar,9,Freitag,Unfall mit Schwerverletzten,Zusammenstoß mit einbiegendem / kreuzendem Fahrzeug,Einbiegen / Kreuzen-Unfall,Tageslicht,0,1,0,0,0,0,"359609,2973","5646190,159",7.001320979,50.95021097,nass/feucht,"5,20012E+18",PKW
201987,5,3,15,0,2020,Januar,18,Sonntag,Unfall mit Leichtverletzten,Unfall anderer Art,Sonstiger Unfall,Dunkelheit,1,0,0,0,0,0,"355006,4331","5641109,608",6.93785724,50.90341375,nass/feucht,"5,20013E+18",Rad
201992,5,3,15,0,2020,Januar,7,Donnerstag,Unfall mit Leichtverletzten,Zusammenstoß mit einbiegendem / kreuzendem Fahrzeug,Einbiegen / Kreuzen-Unfall,Dunkelheit,1,1,0,0,0,0,"354332,8136","5644040,054",6.927113376,50.92957935,nass/feucht,"5,20012E+18","Rad, PKW"
201996,5,3,15,0,2020,Januar,19,Samstag,Unfall mit Leichtverletzten,Zusammenstoß mit einbiegendem / kreuzendem Fahrzeug,Abbiegeunfall,Dunkelheit,1,1,0,0,0,0,"360872,4661","5647710,015",7.018711606,50.96417648,trocken,"5,20012E+18","Rad, PKW"
202008,5,3,15,0,2020,Januar,8,Freitag,Unfall mit Leichtverletzten,Zusammenstoß mit einbiegendem / kreuzendem Fahrzeug,Einbiegen / Kreuzen-Unfall,Dämmerung,0,1,0,0,0,0,"349694,219","5644275,654",6.861056092,50.93050652,trocken,"5,20012E+18",PKW
202047,5,3,15,0,2020,Januar,17,Samstag,Unfall mit Leichtverletzten,Zusammenstoß mit anfahrendem/ anhaltendem/ruhendem Fahrzeug,Unfall durch ruhenden Verkehr,Dunkelheit,1,0,0,0,0,1,"355311,4574","5643109,843",6.941399248,50.92146603,trocken,"5,20012E+18","Rad, Sonstige"
202057,5,3,15,0,2020,Januar,17,Donnerstag,Unfall mit Leichtverletzten,Unfall anderer Art,Fahrunfall,Dämmerung,0,0,0,1,0,0,"354173,0078","5640062,049",6.926430606,50.89378968,nass/feucht,"5,20012E+18",Krad
202072,5,3,15,0,2020,Januar,8,Freitag,Unfall mit Leichtverletzten,Zusammenstoß mit einbiegendem / kreuzendem Fahrzeug,Abbiegeunfall,Tageslicht,1,1,0,0,0,0,"356750,5273","5645107,005",6.961075265,50.93977342,trocken,"5,20012E+18","Rad, PKW"
202093,5,3,15,0,2020,Januar,8,Donnerstag,Unfall mit Getöteten,Unfall anderer Art,Unfall im Längsverkehr,Tageslicht,0,0,1,0,0,1,"354241,3052","5646530,012",6.924815857,50.95193271,winterglatt,"5,20012E+18","Fuss, Sonstige"
202097,5,3,15,0,2020,Januar,7,Samstag,Unfall mit Leichtverletzten,Unfall anderer Art,Einbiegen / Kreuzen-Unfall,Tageslicht,0,1,0,0,0,1,"357653,3672","5643873,4",6.97439896,50.92891063,trocken,"5,20012E+18","PKW, Sonstige"
202109,5,3,15,0,2020,Januar,8,Freitag,Unfall mit Schwerverletzten,Zusammenstoß mit seitlich in gleicher Richtung fahrendem Fahrzeug,Abbiegeunfall,Tageslicht,1,1,0,0,0,0,"357796,0021","5647674,252",6.974943203,50.96310394,trocken,"5,20012E+18","Rad, PKW"
202116,5,3,15,0,2020,Januar,10,Donnerstag,Unfall mit Leichtverletzten,Zusammenstoß zwischen Fahrzeug und Fußgänger,Überschreiten-Unfall,Tageslicht,0,1,1,0,0,0,"365171,872","5639865,994",7.082802612,50.89470011,trocken,"5,20013E+18","Fuss, PKW"
202118,5,3,15,0,2020,Januar,5,Donnerstag,Unfall mit Leichtverletzten,Zusammenstoß zwischen Fahrzeug und Fußgänger,Abbiegeunfall,Dunkelheit,0,1,1,0,0,0,"359177,668","5643983,714",6.996032975,50.93027617,trocken,"5,20013E+18","Fuss, PKW"
202120,5,3,15,0,2020,Januar,3,Donnerstag,Unfall mit Schwerverletzten,Zusammenstoß mit anfahrendem/ anhaltendem/ruhendem Fahrzeug,Sonstiger Unfall,Dunkelheit,0,1,0,1,0,0,"360327,3414","5646929,888",7.011253024,50.95703347,trocken,"5,20013E+18","Krad, PKW"
202122,5,3,15,0,2020,Januar,14,Donnerstag,Unfall mit Leichtverletzten,Zusammenstoß mit seitlich in gleicher Richtung fahrendem Fahrzeug,Abbiegeunfall,Tageslicht,0,1,0,0,0,1,"354469,0114","5651285,708",6.926152131,50.99472803,nass/feucht,"5,20013E+18","PKW, Sonstige"
202124,5,3,15,0,2020,Januar,21,Donnerstag,Unfall mit Leichtverletzten,Zusammenstoß mit anfahrendem/ anhaltendem/ruhendem Fahrzeug,Unfall durch ruhenden Verkehr,Dunkelheit,0,1,0,0,0,0,"351781,5661","5648502,868",6.889017889,50.96903441,trocken,"5,20013E+18",PKW
202125,5,3,15,0,2020,Januar,15,Donnerstag,Unfall mit Leichtverletzten,Unfall anderer Art,Abbiegeunfall,Tageslicht,1,0,0,1,0,0,"354342,927","5643351,441",6.927532293,50.92339352,trocken,"5,20013E+18","Rad, Krad"
202212,5,3,15,0,2020,Januar,7,Mittwoch,Unfall mit Leichtverletzten,Unfall anderer Art,Überschreiten-Unfall,Dunkelheit,0,0,1,0,0,1,"363728,0675","5643709,233",7.060849564,50.9289023,nass/feucht,"5,20013E+18","Fuss, Sonstige"
202215,5,3,15,0,2020,Januar,21,Mittwoch,Unfall mit Leichtverletzten,Zusammenstoß mit einbiegendem / kreuzendem Fahrzeug,Einbiegen / Kreuzen-Unfall,Dunkelheit,0,1,0,0,0,0,"354764,8022","5646904,15",6.93211448,50.95542713,trocken,"5,20013E+18",PKW
202217,5,3,15,0,2020,Januar,5,Mittwoch,Unfall mit Leichtverletzten,Zusammenstoß mit einbiegendem / kreuzendem Fahrzeug,Einbiegen / Kreuzen-Unfall,Dunkelheit,0,1,0,0,0,0,"356233,329","5644234,44",6.954063042,50.93180308,nass/feucht,"5,20013E+18",PKW
202219,5,3,15,0,2020,Januar,14,Mittwoch,Unfall mit Leichtverletzten,Aufprall auf Fahrbahnhindernis,Sonstiger Unfall,Tageslicht,1,0,0,0,0,1,"356440,9951","5645804,78",6.956397564,50.94596725,trocken,"5,20013E+18","Rad, Sonstige"
202251,5,3,15,0,2020,Januar,21,Montag,Unfall mit Leichtverletzten,Unfall anderer Art,Einbiegen / Kreuzen-Unfall,Dunkelheit,0,1,0,0,0,0,"356620,0547","5647489,611",6.958281203,50.96115314,nass/feucht,"5,20013E+18",PKW
202256,5,3,15,0,2020,Januar,9,Montag,Unfall mit Schwerverletzten,Unfall anderer Art,Fahrunfall,Tageslicht,1,0,0,0,0,0,"354196,856","5646580,957",6.92416307,50.9523793,nass/feucht,"5,20013E+18",Rad
202269,5,3,15,0,2020,Januar,23,Montag,Unfall mit Leichtverletzten,Unfall anderer Art,Abbiegeunfall,Dunkelheit,0,0,0,1,0,0,"352803,5671","5647656,125",6.903905759,50.9616872,nass/feucht,"5,20013E+18",Krad
202273,5,3,15,0,2020,Januar,17,Montag,Unfall mit Leichtverletzten,Zusammenstoß zwischen Fahrzeug und Fußgänger,Überschreiten-Unfall,Dunkelheit,0,1,1,0,0,0,"356521,401","5643870,196",6.958303166,50.92860139,trocken,"5,20013E+18","Fuss, PKW"
202334,5,3,15,0,2020,Januar,7,Dienstag,Unfall mit Leichtverletzten,Zusammenstoß mit vorausfahrendem / wartendem Fahrzeug,Unfall im Längsverkehr,Dämmerung,0,1,0,0,0,0,"360792,5557","5647729,663",7.017566827,50.96433375,trocken,"5,20013E+18",PKW
202335,5,3,15,0,2020,Januar,22,Dienstag,Unfall mit Leichtverletzten,Unfall anderer Art,Fahrunfall,Dunkelheit,1,0,0,0,0,0,"356309,5041","5647254,315",6.953954909,50.95896123,nass/feucht,"5,20013E+18",Rad
202338,5,3,15,0,2020,Januar,15,Dienstag,Unfall mit Leichtverletzten,Unfall anderer Art,Sonstiger Unfall,Tageslicht,0,0,1,0,0,1,"355367,4681","5648131,021",6.940201759,50.96660428,nass/feucht,"5,20013E+18","Fuss, Sonstige"
202340,5,3,15,0,2020,Januar,8,Dienstag,Unfall mit Leichtverletzten,Unfall anderer Art,Unfall im Längsverkehr,Tageslicht,1,0,0,0,0,0,"350304,6842","5644451,454",6.869664756,50.93224508,trocken,"5,20013E+18",Rad
202341,5,3,15,0,2020,Januar,11,Dienstag,Unfall mit Leichtverletzten,Zusammenstoß mit seitlich in gleicher Richtung fahrendem Fahrzeug,Unfall durch ruhenden Verkehr,Tageslicht,0,1,0,1,0,0,"355542,9718","5641096,005",6.945488186,50.90342599,nass/feucht,"5,20013E+18","Krad, PKW"
202343,5,3,15,0,2020,Januar,8,Dienstag,Unfall mit Schwerverletzten,Zusammenstoß zwischen Fahrzeug und Fußgänger,Abbiegeunfall,Tageslicht,0,1,1,0,0,0,"356167,016","5645467,217",6.95263336,50.94286533,nass/feucht,"5,20013E+18","Fuss, PKW"
202372,5,3,15,0,2020,Januar,19,Samstag,Unfall mit Leichtverletzten,Zusammenstoß mit einbiegendem / kreuzendem Fahrzeug,Abbiegeunfall,Dunkelheit,1,1,0,0,0,0,"359610,8846","5646116,583",7.00137193,50.94955013,trocken,"5,20013E+18","Rad, PKW"
202380,5,3,15,0,2020,Februar,23,Sonntag,Unfall mit Leichtverletzten,Zusammenstoß zwischen Fahrzeug und Fußgänger,Unfall im Längsverkehr,Dunkelheit,1,0,1,0,0,0,"355494,6065","5645879,925",6.942904897,50.94640611,trocken,"5,2002E+18","Rad, Fuss"
202397,5,3,15,0,2020,Januar,10,Samstag,Unfall mit Leichtverletzten,Zusammenstoß mit vorausfahrendem / wartendem Fahrzeug,Unfall im Längsverkehr,Tageslicht,0,1,0,0,1,0,"357996,4386","5648531,547",6.977460944,50.97085784,trocken,"5,20013E+18","PKW, Gkfz"
202405,5,3,15,0,2020,Februar,17,Dienstag,Unfall mit Leichtverletzten,Zusammenstoß mit einbiegendem / kreuzendem Fahrzeug,Abbiegeunfall,Dunkelheit,0,1,0,0,0,0,"354262,3708","5640288,665",6.927609984,50.89584879,nass/feucht,"5,2002E+18",PKW
202410,5,3,15,0,2020,Januar,15,Samstag,Unfall mit Leichtverletzten,Zusammenstoß mit vorausfahrendem / wartendem Fahrzeug,Abbiegeunfall,Tageslicht,0,1,0,0,0,0,"349163,073","5645601,956",6.852954217,50.9422864,trocken,"5,20013E+18",PKW
202416,5,3,15,0,2020,Februar,17,Dienstag,Unfall mit Leichtverletzten,Zusammenstoß mit seitlich in gleicher Richtung fahrendem Fahrzeug,Unfall im Längsverkehr,Dunkelheit,0,1,0,0,0,0,"356224,4969","5644290,519",6.953915318,50.93230485,nass/feucht,"5,2002E+18",PKW
202420,5,3,15,0,2020,Januar,10,Samstag,Unfall mit Leichtverletzten,Zusammenstoß mit seitlich in gleicher Richtung fahrendem Fahrzeug,Sonstiger Unfall,Tageslicht,0,1,0,0,0,1,"353416,0581","5647987,478",6.912488001,50.96482108,trocken,"5,20013E+18","PKW, Sonstige"
202438,5,3,15,0,2020,Februar,20,Montag,Unfall mit Leichtverletzten,Zusammenstoß mit einbiegendem / kreuzendem Fahrzeug,Abbiegeunfall,Dunkelheit,1,1,0,0,0,0,"354879,283","5644801,341",6.934581256,50.93655859,nass/feucht,"5,2002E+18","Rad, PKW"
202452,5,3,15,0,2020,Februar,17,Dienstag,Unfall mit Leichtverletzten,Zusammenstoß mit vorausfahrendem / wartendem Fahrzeug,Unfall im Längsverkehr,Dunkelheit,0,1,0,0,0,0,"353304,2924","5641601,988",6.913468063,50.90740864,nass/feucht,"5,2002E+18",PKW
202456,5,3,15,0,2020,Januar,13,Samstag,Unfall mit Leichtverletzten,Zusammenstoß mit anfahrendem/ anhaltendem/ruhendem Fahrzeug,Unfall durch ruhenden Verkehr,Tageslicht,1,1,0,0,0,0,"358291,5453","5640018,557",6.98497126,50.89442403,trocken,"5,20013E+18","Rad, PKW"
202460,5,3,15,0,2020,Januar,20,Samstag,Unfall mit Leichtverletzten,Zusammenstoß mit anfahrendem/ anhaltendem/ruhendem Fahrzeug,Unfall durch ruhenden Verkehr,Dunkelheit,1,1,0,0,0,0,"356607,882","5642917,591",6.959907557,50.92006192,trocken,"5,20013E+18","Rad, PKW"
202468,5,3,15,0,2020,Januar,8,Samstag,Unfall mit Leichtverletzten,Unfall anderer Art,Fahrunfall,Tageslicht,1,0,0,0,0,0,"355418,4451","5644292,219",6.942451519,50.93211863,nass/feucht,"5,20013E+18",Rad
202482,5,3,15,0,2020,Februar,15,Sonntag,Unfall mit Leichtverletzten,Zusammenstoß mit vorausfahrendem / wartendem Fahrzeug,Abbiegeunfall,Tageslicht,0,1,0,0,0,0,"355199,3836","5643152,734",6.939788756,50.92182337,nass/feucht,"5,2002E+18",PKW
202505,5,3,15,0,2020,Februar,7,Dienstag,Unfall mit Leichtverletzten,Zusammenstoß mit anfahrendem/ anhaltendem/ruhendem Fahrzeug,Unfall durch ruhenden Verkehr,Tageslicht,0,1,0,0,0,0,"355702,503","5643951,845",6.946625927,50.92913089,trocken,"5,2002E+18",PKW
202509,5,3,15,0,2020,Februar,7,Dienstag,Unfall mit Leichtverletzten,Zusammenstoß mit anfahrendem/ anhaltendem/ruhendem Fahrzeug,Unfall durch ruhenden Verkehr,Tageslicht,1,1,0,0,0,0,"353017,5901","5646161,585",6.907554776,50.94831106,trocken,"5,2002E+18","Rad, PKW"
202528,5,3,15,0,2020,Januar,19,Freitag,Unfall mit Leichtverletzten,Zusammenstoß mit seitlich in gleicher Richtung fahrendem Fahrzeug,Unfall im Längsverkehr,Dunkelheit,0,1,0,1,0,0,"361314,0757","5645061,156",7.026005558,50.94047705,nass/feucht,"5,20013E+18","Krad, PKW"
202529,5,3,15,0,2020,Januar,19,Freitag,Unfall mit Leichtverletzten,Zusammenstoß mit einbiegendem / kreuzendem Fahrzeug,Abbiegeunfall,Dunkelheit,1,1,0,0,0,0,"359110,5336","5645209,384",6.994604363,50.94127498,nass/feucht,"5,20013E+18","Rad, PKW"
202531,5,3,15,0,2020,Januar,21,Freitag,Unfall mit Leichtverletzten,Zusammenstoß mit einbiegendem / kreuzendem Fahrzeug,Einbiegen / Kreuzen-Unfall,Dunkelheit,0,1,0,0,0,1,"363307,908","5641898,963",7.055552848,50.9125332,nass/feucht,"5,20013E+18","PKW, Sonstige"
202536,5,3,15,0,2020,Januar,5,Freitag,Unfall mit Leichtverletzten,Zusammenstoß mit einbiegendem / kreuzendem Fahrzeug,Abbiegeunfall,Dunkelheit,0,1,0,0,0,0,"359866,3769","5646346,34",7.004918417,50.95167714,trocken,"5,20013E+18",PKW
202542,5,3,15,0,2020,Januar,18,Freitag,Unfall mit Leichtverletzten,Unfall anderer Art,Fahrunfall,Dunkelheit,1,0,0,0,0,0,"352336,1919","5645962,946",6.897941884,50.94635184,nass/feucht,"5,20013E+18",Rad
202543,5,3,15,0,2020,Februar,0,Montag,Unfall mit Leichtverletzten,Zusammenstoß mit anfahrendem/ anhaltendem/ruhendem Fahrzeug,Unfall im Längsverkehr,Dunkelheit,0,1,0,0,0,0,"354022,7479","5639649,374",6.924460401,50.89004311,trocken,"5,2002E+18",PKW
202544,5,3,15,0,2020,Januar,19,Freitag,Unfall mit Leichtverletzten,Zusammenstoß mit einbiegendem / kreuzendem Fahrzeug,Einbiegen / Kreuzen-Unfall,Dunkelheit,1,1,0,0,0,0,"355802,354","5642601,108",6.948579957,50.91701699,nass/feucht,"5,20013E+18","Rad, PKW"
202549,5,3,15,0,2020,Januar,13,Freitag,Unfall mit Leichtverletzten,Zusammenstoß zwischen Fahrzeug und Fußgänger,Sonstiger Unfall,Tageslicht,1,0,1,0,0,0,"354777,7543","5645186,747",6.932983649,50.93999657,trocken,"5,20013E+18","Rad, Fuss"
202557,5,3,15,0,2020,Februar,18,Dienstag,Unfall mit Leichtverletzten,Unfall anderer Art,Sonstiger Unfall,Dunkelheit,0,1,0,0,0,0,"359675,764","5638873,721",7.005081087,50.88447312,nass/feucht,"5,2002E+18",PKW
202558,5,3,15,0,2020,Januar,16,Samstag,Unfall mit Leichtverletzten,Zusammenstoß zwischen Fahrzeug und Fußgänger,Sonstiger Unfall,Tageslicht,0,1,1,0,0,0,"365031,7283","5638377,654",7.081360786,50.88129074,trocken,"5,20013E+18","Fuss, PKW"