OBJECTID,ULAND,UREGBEZ,UKREIS,UGEMEINDE,UJAHR,UMONAT,USTUNDE,UWOCHENTAG,UKATEGORIE,UART,UTYP1,ULICHTVERH,IstRad,IstPKW,IstFuss,IstKrad,IstGkfz,IstSonstige,LINREFX,LINREFY,XGCSWGS84,YGCSWGS84,USTRZUSTAND,UIDENTSTLAE,Participants
202584,5,3,15,0,2020,Februar,19,Sonntag,Unfall mit Leichtverletzten,Zusammenstoß zwischen Fahrzeug und Fußgänger,Sonstiger Unfall,Dunkelheit,0,0,1,0,0,1,"366075,5205","5637604,848",7.096473101,50.87458785,trocken,"5,2002E+18","Fuss, Sonstige"
202604,5,3,15,0,2020,Februar,18,Dienstag,Unfall mit Leichtverletzten,Zusammenstoß mit einbiegendem / kreuzendem Fahrzeug,Einbiegen / Kreuzen-Unfall,Dunkelheit,0,1,0,0,0,0,"356230,4131","5645678,883",6.953451612,50.94478335,nass/feucht,"5,2002E+18",PKW
202606,5,3,15,0,2020,Februar,18,Dienstag,Unfall mit Leichtverletzten,Zusammenstoß zwischen Fahrzeug und Fußgänger,Abbiegeunfall,Dunkelheit,0,1,1,0,0,0,"351062,425","5652128,608",6.877297045,51.00143109,nass/feucht,"5,2002E+18","Fuss, PKW"
202613,5,3,15,0,2020,Januar,12,Samstag,Unfall mit Leichtverletzten,Zusammenstoß mit einbiegendem / kreuzendem Fahrzeug,Einbiegen / Kreuzen-Unfall,Tageslicht,1,1,0,0,0,0,"360024,312","5645612,231",7.007447676,50.94511799,trocken,"5,20013E+18","Rad, PKW"
202616,5,3,15,0,2020,Januar,21,Samstag,Unfall mit Leichtverletzten,Zusammenstoß mit einbiegendem / kreuzendem Fahrzeug,Einbiegen / Kreuzen-Unfall,Dunkelheit,0,1,0,0,0,0,"359507,202","5647153,117",6.999496781,50.95884028,trocken,"5,20013E+18",PKW
202621,5,3,15,0,2020,Februar,14,Samstag,Unfall mit Leichtverletzten,Zusammenstoß mit vorausfahrendem / wartendem Fahrzeug,Unfall im Längsverkehr,Tageslicht,0,1,0,0,0,0,"352165,0782","5643171,373",6.896640133,50.92122141,trocken,"5,20021E+18",PKW
202622,5,3,15,0,2020,Februar,16,Freitag,Unfall mit Leichtverletzten,Unfall anderer Art,Fahrunfall,Dunkelheit,1,0,0,0,0,0,"352554,8585","5647802,725",6.900307255,50.96294103,trocken,"5,20021E+18",Rad
202624,5,3,15,0,2020,Februar,8,Freitag,Unfall mit Leichtverletzten,Zusammenstoß mit anfahrendem/ anhaltendem/ruhendem Fahrzeug,Einbiegen / Kreuzen-Unfall,Tageslicht,1,1,0,0,0,0,"352134,5593","5650815,537",6.893100958,50.98990782,trocken,"5,20021E+18","Rad, PKW"
202625,5,3,15,0,2020,Februar,14,Sonntag,Unfall mit Schwerverletzten,Zusammenstoß mit seitlich in gleicher Richtung fahrendem Fahrzeug,Sonstiger Unfall,Tageslicht,0,0,0,1,0,1,"354852,5086","5646105,086",6.933680961,50.94826826,trocken,"5,20021E+18","Krad, Sonstige"
202626,5,3,15,0,2020,Februar,11,Freitag,Unfall mit Leichtverletzten,Zusammenstoß mit einbiegendem / kreuzendem Fahrzeug,Unfall durch ruhenden Verkehr,Tageslicht,0,1,0,0,0,0,"351933,2974","5649179,858",6.89090169,50.97515717,trocken,"5,20021E+18",PKW
202627,5,3,15,0,2020,Februar,7,Freitag,Unfall mit Leichtverletzten,Zusammenstoß mit anfahrendem/ anhaltendem/ruhendem Fahrzeug,Unfall durch ruhenden Verkehr,Dunkelheit,1,1,0,0,0,0,"358282,521","5640015,418",6.984844241,50.89439361,trocken,"5,20021E+18","Rad, PKW"
202630,5,3,15,0,2020,Februar,9,Freitag,Unfall mit Leichtverletzten,Unfall anderer Art,Überschreiten-Unfall,Tageslicht,0,1,1,0,0,0,"359166,0551","5639026,059",6.997780826,50.88571819,trocken,"5,20021E+18","Fuss, PKW"
202632,5,3,15,0,2020,Februar,8,Freitag,Unfall mit Leichtverletzten,Zusammenstoß mit einbiegendem / kreuzendem Fahrzeug,Abbiegeunfall,Dämmerung,1,1,0,0,0,0,"357010,9611","5642019,87",6.965990306,50.91209416,trocken,"5,20021E+18","Rad, PKW"
202633,5,3,15,0,2020,Februar,17,Freitag,Unfall mit Leichtverletzten,Zusammenstoß zwischen Fahrzeug und Fußgänger,Sonstiger Unfall,Tageslicht,0,1,1,0,0,0,"355719,4028","5644342,07",6.946711788,50.932642,trocken,"5,20021E+18","Fuss, PKW"
202729,5,3,15,0,2020,Februar,17,Sonntag,Unfall mit Leichtverletzten,Unfall anderer Art,Abbiegeunfall,Tageslicht,0,0,0,0,0,1,"359875,4353","5643632,986",7.006090895,50.92729406,trocken,"5,20021E+18",Sonstige
202747,5,3,15,0,2020,Februar,17,Donnerstag,Unfall mit Leichtverletzten,Zusammenstoß mit seitlich in gleicher Richtung fahrendem Fahrzeug,Unfall im Längsverkehr,Tageslicht,1,1,0,0,0,0,"366562,3983","5636492,011",7.103795224,50.86469854,trocken,"5,20021E+18","Rad, PKW"
202748,5,3,15,0,2020,Februar,14,Donnerstag,Unfall mit Leichtverletzten,Zusammenstoß zwischen Fahrzeug und Fußgänger,Überschreiten-Unfall,Tageslicht,0,1,1,0,0,0,"362902,489","5647552,022",7.047662224,50.96324321,trocken,"5,20021E+18","Fuss, PKW"
202751,5,3,15,0,2020,Februar,18,Donnerstag,Unfall mit Leichtverletzten,Zusammenstoß mit seitlich in gleicher Richtung fahrendem Fahrzeug,Sonstiger Unfall,Dunkelheit,0,1,0,0,0,0,"354208,4583","5649665,425",6.923091957,50.98010124,trocken,"5,20021E+18",PKW
202752,5,3,15,0,2020,Februar,15,Donnerstag,Unfall mit Leichtverletzten,Aufprall auf Fahrbahnhindernis,Fahrunfall,Tageslicht,0,0,0,1,0,0,"353425,979","5653363,751",6.910460127,51.01313768,trocken,"5,20021E+18",Krad
202754,5,3,15,0,2020,Februar,22,Donnerstag,Unfall mit Schwerverletzten,Zusammenstoß mit einbiegendem / kreuzendem Fahrzeug,Einbiegen / Kreuzen-Unfall,Dunkelheit,0,1,0,1,0,0,"351917,509","5646817,973",6.891638323,50.95392813,trocken,"5,20021E+18","Krad, PKW"
202756,5,3,15,0,2020,Februar,11,Donnerstag,Unfall mit Leichtverletzten,Unfall anderer Art,Sonstiger Unfall,Tageslicht,1,0,0,0,0,0,"353753,5227","5642185,942",6.919619184,50.91277045,trocken,"5,20021E+18",Rad
202759,5,3,15,0,2020,Februar,17,Donnerstag,Unfall mit Leichtverletzten,Unfall anderer Art,Einbiegen / Kreuzen-Unfall,Dämmerung,1,1,0,0,0,0,"353396,4327","5644523,446",6.913603391,50.9336862,trocken,"5,20021E+18","Rad, PKW"
202760,5,3,15,0,2020,Februar,10,Donnerstag,Unfall mit Leichtverletzten,Unfall anderer Art,Sonstiger Unfall,Tageslicht,1,0,0,0,0,0,"355729,8548","5644017,262",6.946988991,50.92972562,trocken,"5,20021E+18",Rad
202817,5,3,15,0,2020,Februar,18,Samstag,Unfall mit Schwerverletzten,Zusammenstoß zwischen Fahrzeug und Fußgänger,Sonstiger Unfall,Dunkelheit,0,1,1,0,0,0,"364357,1945","5641360,65",7.070669973,50.90794264,trocken,"5,20021E+18","Fuss, PKW"
202822,5,3,15,0,2020,Februar,7,Samstag,Unfall mit Schwerverletzten,Zusammenstoß mit einbiegendem / kreuzendem Fahrzeug,Einbiegen / Kreuzen-Unfall,Dunkelheit,0,1,0,0,0,1,"357582,395","5647013,523",6.972161955,50.95711325,trocken,"5,20021E+18","PKW, Sonstige"
202830,5,3,15,0,2020,Februar,17,Samstag,Unfall mit Leichtverletzten,Unfall anderer Art,Sonstiger Unfall,Dämmerung,1,0,0,0,0,1,"355555,5171","5641250,195",6.945605478,50.90481481,trocken,"5,20021E+18","Rad, Sonstige"
202853,5,3,15,0,2020,Februar,18,Mittwoch,Unfall mit Leichtverletzten,Zusammenstoß zwischen Fahrzeug und Fußgänger,Überschreiten-Unfall,Dunkelheit,0,1,1,0,0,0,"363727,9966","5643709,052",7.060848623,50.92890066,nass/feucht,"5,2002E+18","Fuss, PKW"
202855,5,3,15,0,2020,Februar,7,Mittwoch,Unfall mit Leichtverletzten,Zusammenstoß mit entgegenkommendem Fahrzeug,Abbiegeunfall,Tageslicht,1,1,0,0,0,0,"365603,2752","5642292,615",7.088039873,50.91661026,trocken,"5,2002E+18","Rad, PKW"
202856,5,3,15,0,2020,Februar,9,Mittwoch,Unfall mit Leichtverletzten,Zusammenstoß mit anfahrendem/ anhaltendem/ruhendem Fahrzeug,Unfall durch ruhenden Verkehr,Tageslicht,1,1,0,0,0,0,"357611,0172","5647853,449",6.972240555,50.96466868,trocken,"5,2002E+18","Rad, PKW"
202858,5,3,15,0,2020,Februar,16,Mittwoch,Unfall mit Leichtverletzten,Zusammenstoß mit einbiegendem / kreuzendem Fahrzeug,Sonstiger Unfall,Dämmerung,0,1,0,0,0,0,"357089,753","5648932,57",6.964398221,50.97423753,nass/feucht,"5,2002E+18",PKW
202859,5,3,15,0,2020,Februar,21,Mittwoch,Unfall mit Leichtverletzten,Unfall anderer Art,Fahrunfall,Dunkelheit,1,0,0,0,0,0,"354183,0162","5646579,507",6.923966748,50.95236276,nass/feucht,"5,2002E+18",Rad
202862,5,3,15,0,2020,Februar,13,Mittwoch,Unfall mit Schwerverletzten,Unfall anderer Art,Fahrunfall,Tageslicht,1,1,1,0,0,0,"353407,6623","5647998,995",6.91236388,50.96492244,nass/feucht,"5,2002E+18","Rad, Fuss, PKW"
202863,5,3,15,0,2020,Februar,14,Mittwoch,Unfall mit Schwerverletzten,Zusammenstoß mit vorausfahrendem / wartendem Fahrzeug,Unfall im Längsverkehr,Tageslicht,0,1,0,0,0,0,"353888,7939","5638937,181",6.92284191,50.88360893,nass/feucht,"5,2002E+18",PKW
202864,5,3,15,0,2020,Februar,7,Mittwoch,Unfall mit Leichtverletzten,Zusammenstoß mit einbiegendem / kreuzendem Fahrzeug,Einbiegen / Kreuzen-Unfall,Tageslicht,1,1,0,0,0,0,"354486,2341","5642389,825",6.929953526,50.91478788,trocken,"5,2002E+18","Rad, PKW"
202865,5,3,15,0,2020,Februar,21,Mittwoch,Unfall mit Leichtverletzten,Unfall anderer Art,Fahrunfall,Dunkelheit,0,1,0,0,0,0,"355967,1466","5640479,593",6.951759956,50.89799233,nass/feucht,"5,2002E+18",PKW
202866,5,3,15,0,2020,Februar,18,Mittwoch,Unfall mit Schwerverletzten,Unfall anderer Art,Fahrunfall,Dunkelheit,1,0,0,0,0,0,"354799,534","5643783,414",6.933852538,50.92739065,nass/feucht,"5,2002E+18",Rad
202867,5,3,15,0,2020,Februar,14,Freitag,Unfall mit Leichtverletzten,Zusammenstoß mit einbiegendem / kreuzendem Fahrzeug,Einbiegen / Kreuzen-Unfall,Tageslicht,1,0,0,0,0,0,"358420,1553","5651452,102",6.98235404,50.99720901,trocken,"5,20021E+18",Rad
202868,5,3,15,0,2020,Februar,9,Mittwoch,Unfall mit Leichtverletzten,Zusammenstoß mit einbiegendem / kreuzendem Fahrzeug,Einbiegen / Kreuzen-Unfall,Tageslicht,1,1,0,0,0,0,"354527,9982","5644205,009",6.92982314,50.93111101,nass/feucht,"5,2002E+18","Rad, PKW"
202869,5,3,15,0,2020,Februar,0,Samstag,Unfall mit Leichtverletzten,Zusammenstoß mit seitlich in gleicher Richtung fahrendem Fahrzeug,Fahrunfall,Dunkelheit,0,1,0,0,0,1,"355182,3734","5643731,486",6.939317051,50.92702022,nass/feucht,"5,20021E+18","PKW, Sonstige"
202870,5,3,15,0,2020,Februar,16,Mittwoch,Unfall mit Leichtverletzten,Zusammenstoß zwischen Fahrzeug und Fußgänger,Überschreiten-Unfall,Dämmerung,1,0,1,0,0,0,"356449,0763","5645879,667",6.956483006,50.94664226,nass/feucht,"5,2002E+18","Rad, Fuss"
202877,5,3,15,0,2020,Februar,9,Freitag,Unfall mit Leichtverletzten,Unfall anderer Art,Fahrunfall,Tageslicht,1,0,0,0,0,0,"349534,2804","5659156,213",6.852615904,51.06418452,trocken,"5,20021E+18",Rad
202890,5,3,15,0,2020,Februar,18,Freitag,Unfall mit Leichtverletzten,Zusammenstoß zwischen Fahrzeug und Fußgänger,Überschreiten-Unfall,Dunkelheit,0,1,1,0,0,0,"362820,2207","5644190,889",7.047757617,50.93301595,nass/feucht,"5,20021E+18","Fuss, PKW"
202898,5,3,15,0,2020,Februar,18,Donnerstag,Unfall mit Leichtverletzten,Zusammenstoß zwischen Fahrzeug und Fußgänger,Sonstiger Unfall,Dämmerung,1,0,1,0,0,0,"354526,7262","5642365,186",6.93053898,50.91457667,nass/feucht,"5,20021E+18","Rad, Fuss"
202905,5,3,15,0,2020,Februar,12,Samstag,Unfall mit Leichtverletzten,Zusammenstoß mit anfahrendem/ anhaltendem/ruhendem Fahrzeug,Unfall durch ruhenden Verkehr,Tageslicht,1,1,0,0,0,0,"355826,9779","5647222,285",6.947101495,50.95855285,trocken,"5,20021E+18","Rad, PKW"
202929,5,3,15,0,2020,Februar,13,Dienstag,Unfall mit Leichtverletzten,Zusammenstoß mit seitlich in gleicher Richtung fahrendem Fahrzeug,Unfall im Längsverkehr,Tageslicht,0,1,0,0,0,0,"364824,869","5639758,434",7.077911149,50.89365229,nass/feucht,"5,20021E+18",PKW
202934,5,3,15,0,2020,Februar,15,Dienstag,Unfall mit Schwerverletzten,Unfall anderer Art,Sonstiger Unfall,Tageslicht,1,1,0,0,0,0,"353059,3325","5650878,986",6.906242722,50.99071482,trocken,"5,20021E+18","Rad, PKW"
202936,5,3,15,0,2020,Februar,12,Dienstag,Unfall mit Leichtverletzten,Zusammenstoß mit einbiegendem / kreuzendem Fahrzeug,Abbiegeunfall,Tageslicht,0,1,0,1,0,0,"356019,9164","5645737,327",6.950434153,50.94525605,nass/feucht,"5,20021E+18","Krad, PKW"
202939,5,3,15,0,2020,Februar,6,Freitag,Unfall mit Schwerverletzten,Zusammenstoß zwischen Fahrzeug und Fußgänger,Überschreiten-Unfall,Dunkelheit,0,1,1,0,0,0,"360523,1237","5649361,448",7.013106493,50.97893366,trocken,"5,20021E+18","Fuss, PKW"
202954,5,3,15,0,2020,Februar,15,Samstag,Unfall mit Leichtverletzten,Unfall anderer Art,Sonstiger Unfall,Tageslicht,1,1,0,0,0,0,"354806,4283","5646227,995",6.93297641,50.9493612,trocken,"5,20021E+18","Rad, PKW"
202992,5,3,15,0,2020,Februar,12,Freitag,Unfall mit Leichtverletzten,Zusammenstoß zwischen Fahrzeug und Fußgänger,Sonstiger Unfall,Tageslicht,0,1,1,0,0,0,"365001,6778","5638526,188",7.080879001,50.88261869,nass/feucht,"5,20021E+18","Fuss, PKW"
202993,5,3,15,0,2020,Februar,2,Mittwoch,Unfall mit Leichtverletzten,Abkommen von Fahrbahn nach rechts,Fahrunfall,Dunkelheit,0,1,0,0,0,0,"363597,276","5639842,077",7.060435104,50.89411542,nass/feucht,"5,20021E+18",PKW
203000,5,3,15,0,2020,Februar,17,Donnerstag,Unfall mit Schwerverletzten,Unfall anderer Art,Überschreiten-Unfall,Tageslicht,0,0,1,0,0,1,"353922,5795","5646745,392",6.920194891,50.95378757,nass/feucht,"5,20021E+18","Fuss, Sonstige"
203004,5,3,15,0,2020,Februar,22,Freitag,Unfall mit Schwerverletzten,Unfall anderer Art,Fahrunfall,Dunkelheit,0,0,0,0,0,1,"356472,1767","5646074,415",6.956734871,50.94839818,nass/feucht,"5,20021E+18",Sonstige
203005,5,3,15,0,2020,Februar,17,Mittwoch,Unfall mit Leichtverletzten,Zusammenstoß mit einbiegendem / kreuzendem Fahrzeug,Abbiegeunfall,Tageslicht,0,1,1,0,0,0,"364381,095","5638413,778",7.072103898,50.88146306,nass/feucht,"5,20021E+18","Fuss, PKW"
203008,5,3,15,0,2020,Februar,7,Samstag,Unfall mit Leichtverletzten,Zusammenstoß mit einbiegendem / kreuzendem Fahrzeug,Einbiegen / Kreuzen-Unfall,Dämmerung,1,1,0,0,0,0,"364985,848","5635569,107",7.081745597,50.85603776,nass/feucht,"5,20021E+18","Rad, PKW"
203025,5,3,15,0,2020,Februar,8,Mittwoch,Unfall mit Leichtverletzten,Unfall anderer Art,Unfall durch ruhenden Verkehr,Tageslicht,0,1,0,0,0,1,"350474,2519","5646180,117",6.871366633,50.94782349,nass/feucht,"5,20021E+18","PKW, Sonstige"
203027,5,3,15,0,2020,Februar,23,Mittwoch,Unfall mit Leichtverletzten,Zusammenstoß mit einbiegendem / kreuzendem Fahrzeug,Einbiegen / Kreuzen-Unfall,Dunkelheit,0,1,0,1,0,0,"352913,971","5642929,965",6.907384937,50.91924336,trocken,"5,20021E+18","Krad, PKW"
203042,5,3,15,0,2020,Februar,17,Freitag,Unfall mit Leichtverletzten,Zusammenstoß mit einbiegendem / kreuzendem Fahrzeug,Einbiegen / Kreuzen-Unfall,Dämmerung,0,1,0,0,0,0,"360792,4953","5647729,536",7.017566016,50.9643326,nass/feucht,"5,20021E+18",PKW
203043,5,3,15,0,2020,Februar,14,Mittwoch,Unfall mit Leichtverletzten,Zusammenstoß zwischen Fahrzeug und Fußgänger,Überschreiten-Unfall,Tageslicht,0,1,1,0,0,0,"356442,3833","5643993,416",6.957130986,50.9296891,trocken,"5,20021E+18","Fuss, PKW"
203050,5,3,15,0,2020,Februar,9,Donnerstag,Unfall mit Leichtverletzten,Zusammenstoß mit einbiegendem / kreuzendem Fahrzeug,Fahrunfall,Tageslicht,0,1,0,1,0,0,"356003,439","5643086,555",6.951247079,50.92142985,nass/feucht,"5,20021E+18","Krad, PKW"
203053,5,3,15,0,2020,Februar,0,Montag,Unfall mit Leichtverletzten,Zusammenstoß mit einbiegendem / kreuzendem Fahrzeug,Abbiegeunfall,Dunkelheit,0,1,0,0,0,0,"363803,582","5641069,42",7.062909075,50.90519487,trocken,"5,20021E+18",PKW
203057,5,3,15,0,2020,Februar,7,Samstag,Unfall mit Leichtverletzten,Zusammenstoß mit einbiegendem / kreuzendem Fahrzeug,Einbiegen / Kreuzen-Unfall,Dämmerung,0,0,0,1,0,1,"351729,2984","5647973,628",6.888489732,50.96426498,nass/feucht,"5,20021E+18","Krad, Sonstige"
203059,5,3,15,0,2020,Februar,4,Montag,Unfall mit Schwerverletzten,Zusammenstoß mit anfahrendem/ anhaltendem/ruhendem Fahrzeug,Unfall durch ruhenden Verkehr,Dunkelheit,0,1,0,0,0,1,"355161,9656","5645176,255",6.93845269,50.93999892,trocken,"5,20021E+18","PKW, Sonstige"
203087,5,3,15,0,2020,Februar,17,Donnerstag,Unfall mit Leichtverletzten,Zusammenstoß mit anfahrendem/ anhaltendem/ruhendem Fahrzeug,Einbiegen / Kreuzen-Unfall,Tageslicht,0,1,0,0,0,1,"352281,22","5647151,682",6.896677587,50.95702035,nass/feucht,"5,20021E+18","PKW, Sonstige"
203096,5,3,15,0,2020,Februar,16,Freitag,Unfall mit Schwerverletzten,Zusammenstoß zwischen Fahrzeug und Fußgänger,Überschreiten-Unfall,Tageslicht,0,1,1,0,0,0,"366557,793","5634829,434",7.104335936,50.84975459,trocken,"5,20021E+18","Fuss, PKW"
203106,5,3,15,0,2020,Februar,4,Freitag,Unfall mit Leichtverletzten,Unfall anderer Art,Einbiegen / Kreuzen-Unfall,Dunkelheit,0,1,0,0,1,0,"353993,1263","5639351,006",6.924158756,50.88735426,trocken,"5,20021E+18","PKW, Gkfz"
203120,5,3,15,0,2020,Februar,11,Samstag,Unfall mit Leichtverletzten,Unfall anderer Art,Unfall durch ruhenden Verkehr,Tageslicht,1,1,0,0,0,0,"355059,0383","5642036,868",6.938236667,50.91176007,trocken,"5,20021E+18","Rad, PKW"
203135,5,3,15,0,2020,Februar,10,Donnerstag,Unfall mit Leichtverletzten,Zusammenstoß zwischen Fahrzeug und Fußgänger,Sonstiger Unfall,Tageslicht,0,1,1,0,0,0,"357907,9516","5647821,077",6.976479014,50.96445106,trocken,"5,20022E+18","Fuss, PKW"
203137,5,3,15,0,2020,Februar,11,Donnerstag,Unfall mit Schwerverletzten,Zusammenstoß zwischen Fahrzeug und Fußgänger,Sonstiger Unfall,Tageslicht,0,1,1,0,0,0,"353006,0271","5651567,374",6.905205114,50.99688741,nass/feucht,"5,20022E+18","Fuss, PKW"
203139,5,3,15,0,2020,Februar,16,Donnerstag,Unfall mit Leichtverletzten,Unfall anderer Art,Fahrunfall,Tageslicht,1,0,0,0,0,0,"355879,6457","5643129,369",6.94947006,50.92178371,trocken,"5,20022E+18",Rad
203171,5,3,15,0,2020,Februar,18,Montag,Unfall mit Leichtverletzten,Zusammenstoß mit einbiegendem / kreuzendem Fahrzeug,Abbiegeunfall,Dunkelheit,1,1,0,0,0,0,"356678,7178","5642503,938",6.96107721,50.91636204,trocken,"5,20022E+18","Rad, PKW"
203229,5,3,15,0,2020,Februar,7,Mittwoch,Unfall mit Leichtverletzten,Unfall anderer Art,Sonstiger Unfall,Tageslicht,1,1,0,0,0,0,"353168,6868","5653124,087",6.90689181,51.01091832,trocken,"5,20022E+18","Rad, PKW"
203231,5,3,15,0,2020,Februar,17,Mittwoch,Unfall mit Leichtverletzten,Unfall anderer Art,Fahrunfall,Tageslicht,1,0,0,0,0,0,"349279,9036","5660923,024",6.848251817,51.07999443,trocken,"5,20022E+18",Rad
203234,5,3,15,0,2020,Februar,15,Mittwoch,Unfall mit Leichtverletzten,Zusammenstoß mit vorausfahrendem / wartendem Fahrzeug,Unfall im Längsverkehr,Tageslicht,0,1,0,0,0,0,"350614,9509","5652674,213",6.870699681,51.00621804,trocken,"5,20022E+18",PKW
203235,5,3,15,0,2020,Februar,15,Mittwoch,Unfall mit Leichtverletzten,Zusammenstoß mit einbiegendem / kreuzendem Fahrzeug,Fahrunfall,Tageslicht,0,1,0,1,0,0,"351509,2597","5649635,817",6.884679755,50.97914542,nass/feucht,"5,20022E+18","Krad, PKW"
203264,5,3,15,0,2020,Februar,10,Sonntag,Unfall mit Schwerverletzten,Zusammenstoß mit vorausfahrendem / wartendem Fahrzeug,Unfall im Längsverkehr,Tageslicht,0,1,0,0,0,0,"356765,865","5648939,68",6.959785112,50.97422096,trocken,"5,20022E+18",PKW
203268,5,3,15,0,2020,Februar,17,Sonntag,Unfall mit Leichtverletzten,Zusammenstoß mit einbiegendem / kreuzendem Fahrzeug,Einbiegen / Kreuzen-Unfall,Dunkelheit,1,1,0,0,0,0,"353582,3583","5651623,003",6.913390078,50.99753425,trocken,"5,20022E+18","Rad, PKW"
203274,5,3,15,0,2020,Februar,1,Sonntag,Unfall mit Leichtverletzten,Unfall anderer Art,Fahrunfall,Dunkelheit,1,0,0,0,0,0,"349790,8479","5645416,447",6.861959927,50.94078324,trocken,"5,20022E+18",Rad
203285,5,3,15,0,2020,Februar,10,Sonntag,Unfall mit Leichtverletzten,Zusammenstoß mit entgegenkommendem Fahrzeug,Abbiegeunfall,Tageslicht,0,1,0,0,0,0,"353025,5755","5645826,068",6.907803782,50.94529794,trocken,"5,20022E+18",PKW
203307,5,3,15,0,2020,Februar,15,Dienstag,Unfall mit Schwerverletzten,Zusammenstoß zwischen Fahrzeug und Fußgänger,Fahrunfall,Tageslicht,0,1,1,0,0,0,"358795,2211","5641420,088",6.99158658,50.90714313,trocken,"5,20022E+18","Fuss, PKW"
203309,5,3,15,0,2020,Februar,19,Dienstag,Unfall mit Leichtverletzten,Unfall anderer Art,Abbiegeunfall,Dunkelheit,0,1,0,1,0,0,"359887,4142","5646235,722",7.005260301,50.95068812,nass/feucht,"5,20022E+18","Krad, PKW"
203310,5,3,15,0,2020,Februar,15,Dienstag,Unfall mit Leichtverletzten,Unfall anderer Art,Einbiegen / Kreuzen-Unfall,Tageslicht,0,1,0,0,0,0,"362574,861","5650302,511",7.0419599,50.98788458,trocken,"5,20022E+18",PKW
203311,5,3,15,0,2020,Februar,16,Dienstag,Unfall mit Leichtverletzten,Zusammenstoß mit vorausfahrendem / wartendem Fahrzeug,Abbiegeunfall,Tageslicht,0,1,0,0,0,0,"359330,2155","5647407,421",6.996879979,50.96108255,nass/feucht,"5,20022E+18",PKW
203313,5,3,15,0,2020,Februar,14,Dienstag,Unfall mit Leichtverletzten,Zusammenstoß mit vorausfahrendem / wartendem Fahrzeug,Fahrunfall,Tageslicht,0,1,0,0,0,0,"352782,3858","5645872,939",6.90432548,50.9456571,trocken,"5,20022E+18",PKW
203314,5,3,15,0,2020,Februar,16,Dienstag,Unfall mit Leichtverletzten,Zusammenstoß mit einbiegendem / kreuzendem Fahrzeug,Abbiegeunfall,Tageslicht,0,1,1,0,0,0,"359006,7788","5639547,453",6.995316707,50.8903652,trocken,"5,20022E+18","Fuss, PKW"
203315,5,3,15,0,2020,Februar,10,Dienstag,Unfall mit Leichtverletzten,Unfall anderer Art,Unfall durch ruhenden Verkehr,Tageslicht,1,1,0,0,0,0,"356175,1274","5645041,524",6.952916806,50.93904172,trocken,"5,20022E+18","Rad, PKW"
203317,5,3,15,0,2020,Februar,13,Dienstag,Unfall mit Leichtverletzten,Zusammenstoß zwischen Fahrzeug und Fußgänger,Sonstiger Unfall,Tageslicht,0,1,1,0,0,0,"356599,8938","5645625,4",6.958728623,50.94439473,trocken,"5,20022E+18","Fuss, PKW"
203391,5,3,15,0,2020,Februar,8,Donnerstag,Unfall mit Leichtverletzten,Unfall anderer Art,Sonstiger Unfall,Tageslicht,0,1,0,1,0,0,"352907,0188","5645083,839",6.906417026,50.9385976,nass/feucht,"5,20023E+18","Krad, PKW"
203398,5,3,15,0,2020,Februar,7,Dienstag,Unfall mit Leichtverletzten,Unfall anderer Art,Unfall im Längsverkehr,Tageslicht,0,1,0,0,1,0,"354130,0952","5648876,935",6.922292766,50.97299554,trocken,"5,20022E+18","PKW, Gkfz"
203399,5,3,15,0,2020,Februar,4,Montag,Unfall mit Leichtverletzten,Zusammenstoß mit anfahrendem/ anhaltendem/ruhendem Fahrzeug,Unfall durch ruhenden Verkehr,Dunkelheit,1,1,0,0,0,0,"359016,166","5646810,909",6.992641968,50.95564492,nass/feucht,"5,20022E+18","Rad, PKW"
203402,5,3,15,0,2020,Februar,22,Sonntag,Unfall mit Schwerverletzten,Abkommen von Fahrbahn nach links,Fahrunfall,Dunkelheit,0,1,0,0,0,0,"355706,042","5642361,291",6.947305572,50.91483772,trocken,"5,20022E+18",PKW
203408,5,3,15,0,2020,Februar,1,Samstag,Unfall mit Leichtverletzten,Zusammenstoß mit anfahrendem/ anhaltendem/ruhendem Fahrzeug,Unfall durch ruhenden Verkehr,Dunkelheit,0,1,0,0,0,0,"360057,5514","5645625,078",7.007915597,50.94524152,trocken,"5,20022E+18",PKW
203410,5,3,15,0,2020,Februar,12,Samstag,Unfall mit Schwerverletzten,Unfall anderer Art,Einbiegen / Kreuzen-Unfall,Tageslicht,0,1,0,0,0,1,"360909,164","5644769,128",7.020357383,50.937755,trocken,"5,20022E+18","PKW, Sonstige"
203416,5,3,15,0,2020,Februar,16,Samstag,Unfall mit Leichtverletzten,Unfall anderer Art,Sonstiger Unfall,Tageslicht,0,1,0,1,0,0,"359486,8038","5647177,154",6.999197236,50.95905133,trocken,"5,20022E+18","Krad, PKW"
203418,5,3,15,0,2020,Februar,13,Samstag,Unfall mit Leichtverletzten,Zusammenstoß mit anfahrendem/ anhaltendem/ruhendem Fahrzeug,Unfall durch ruhenden Verkehr,Tageslicht,1,1,0,0,0,0,"364636,0617","5649085,256",7.071763449,50.97743299,trocken,"5,20022E+18","Rad, PKW"
203420,5,3,15,0,2020,Februar,9,Samstag,Unfall mit Leichtverletzten,Zusammenstoß mit anfahrendem/ anhaltendem/ruhendem Fahrzeug,Unfall durch ruhenden Verkehr,Tageslicht,1,0,0,0,0,1,"356622,0054","5648938,368",6.957737896,50.97417337,trocken,"5,20022E+18","Rad, Sonstige"