OBJECTID,ULAND,UREGBEZ,UKREIS,UGEMEINDE,UJAHR,UMONAT,USTUNDE,UWOCHENTAG,UKATEGORIE,UART,UTYP1,ULICHTVERH,IstRad,IstPKW,IstFuss,IstKrad,IstGkfz,IstSonstige,LINREFX,LINREFY,XGCSWGS84,YGCSWGS84,USTRZUSTAND,UIDENTSTLAE,Participants
203421,5,3,15,0,2020,Februar,3,Samstag,Unfall mit Leichtverletzten,Unfall anderer Art,Fahrunfall,Dunkelheit,1,0,0,0,0,0,"356442,7022","5638295,303",6.959376243,50.87848061,nass/feucht,"5,20022E+18",Rad
203424,5,3,15,0,2020,Februar,14,Mittwoch,Unfall mit Leichtverletzten,Unfall anderer Art,Einbiegen / Kreuzen-Unfall,Tageslicht,0,1,0,1,0,0,"358933,1039","5642045,245",6.993304804,50.9127952,trocken,"5,20023E+18","Krad, PKW"
203442,5,3,15,0,2020,Februar,13,Donnerstag,Unfall mit Schwerverletzten,Abkommen von Fahrbahn nach rechts,Fahrunfall,Tageslicht,1,0,0,0,0,0,"356013,5648","5643278,999",6.951315067,50.92316185,nass/feucht,"5,20023E+18",Rad
203469,5,3,15,0,2020,Februar,21,Sonntag,Unfall mit Leichtverletzten,Zusammenstoß zwischen Fahrzeug und Fußgänger,Sonstiger Unfall,Dunkelheit,0,1,1,0,0,0,"355107,6004","5644632,308",6.937895723,50.93509694,nass/feucht,"5,20022E+18","Fuss, PKW"
203475,5,3,15,0,2020,Februar,17,Mittwoch,Unfall mit Schwerverletzten,Zusammenstoß zwischen Fahrzeug und Fußgänger,Überschreiten-Unfall,Dämmerung,0,0,1,0,1,0,"354469,0635","5651288,044",6.926151937,50.99474903,nass/feucht,"5,20023E+18","Fuss, Gkfz"
203498,5,3,15,0,2020,Februar,21,Donnerstag,Unfall mit Leichtverletzten,Zusammenstoß zwischen Fahrzeug und Fußgänger,Überschreiten-Unfall,Dunkelheit,0,1,1,0,0,0,"354193,4678","5646583,075",6.924114016,50.95239748,nass/feucht,"5,20023E+18","Fuss, PKW"
203505,5,3,15,0,2020,Februar,13,Dienstag,Unfall mit Schwerverletzten,Zusammenstoß mit einbiegendem / kreuzendem Fahrzeug,Einbiegen / Kreuzen-Unfall,Tageslicht,0,1,0,0,0,1,"357973,9945","5644439,821",6.978737759,50.93408009,nass/feucht,"5,20022E+18","PKW, Sonstige"
203507,5,3,15,0,2020,Februar,16,Montag,Unfall mit Schwerverletzten,Unfall anderer Art,Sonstiger Unfall,Tageslicht,0,0,0,0,0,1,"363648,4733","5645245,86",7.059142652,50.94269383,nass/feucht,"5,20022E+18",Sonstige
203510,5,3,15,0,2020,Februar,21,Sonntag,Unfall mit Leichtverletzten,Unfall anderer Art,Fahrunfall,Dunkelheit,0,0,0,0,0,1,"357287,6426","5648916,463",6.967221368,50.97414184,nass/feucht,"5,20022E+18",Sonstige
203549,5,3,15,0,2020,Februar,7,Donnerstag,Unfall mit Schwerverletzten,Zusammenstoß mit vorausfahrendem / wartendem Fahrzeug,Unfall im Längsverkehr,Dämmerung,0,0,0,1,1,0,"357430,9895","5642181,708",6.97189794,50.91365251,nass/feucht,"5,20023E+18","Krad, Gkfz"
203556,5,3,15,0,2020,Februar,16,Dienstag,Unfall mit Leichtverletzten,Unfall anderer Art,Sonstiger Unfall,Tageslicht,0,0,0,0,0,1,"354036,7217","5642628,951",6.923467671,50.91682333,nass/feucht,"5,20022E+18",Sonstige
203558,5,3,15,0,2020,Februar,14,Montag,Unfall mit Leichtverletzten,Unfall anderer Art,Sonstiger Unfall,Tageslicht,1,0,0,0,0,0,"353491,7955","5643040,569",6.915555478,50.92038432,nass/feucht,"5,20022E+18",Rad
203578,5,3,15,0,2020,Februar,17,Sonntag,Unfall mit Leichtverletzten,Zusammenstoß mit vorausfahrendem / wartendem Fahrzeug,Unfall im Längsverkehr,Tageslicht,0,1,0,0,0,0,"356596,4127","5641874,55",6.960154479,50.91068533,trocken,"5,20022E+18",PKW
203585,5,3,15,0,2020,Februar,13,Mittwoch,Unfall mit Schwerverletzten,Zusammenstoß mit anfahrendem/ anhaltendem/ruhendem Fahrzeug,Sonstiger Unfall,Tageslicht,0,1,0,0,1,1,"359755,4474","5646780,734",7.003172787,50.95555411,trocken,"5,20023E+18","PKW, Gkfz, Sonstige"
203603,5,3,15,0,2020,Februar,23,Freitag,Unfall mit Leichtverletzten,Zusammenstoß mit anfahrendem/ anhaltendem/ruhendem Fahrzeug,Unfall durch ruhenden Verkehr,Dunkelheit,0,1,0,0,0,0,"359527,8666","5644884,564",7.000665977,50.93845761,nass/feucht,"5,20022E+18",PKW
203606,5,3,15,0,2020,Februar,9,Freitag,Unfall mit Leichtverletzten,Aufprall auf Fahrbahnhindernis,Überschreiten-Unfall,Tageslicht,0,1,1,0,0,0,"354748,4041","5646894,604",6.931884973,50.95533721,nass/feucht,"5,20022E+18","Fuss, PKW"
203609,5,3,15,0,2020,Februar,18,Freitag,Unfall mit Leichtverletzten,Unfall anderer Art,Fahrunfall,Dunkelheit,1,0,0,0,0,0,"353715,4984","5644717,667",6.918063022,50.93551261,trocken,"5,20022E+18",Rad
203611,5,3,15,0,2020,Februar,10,Freitag,Unfall mit Leichtverletzten,Unfall anderer Art,Fahrunfall,Tageslicht,1,0,0,0,0,0,"353804,5645","5642021,613",6.920410589,50.91130659,nass/feucht,"5,20022E+18",Rad
203612,5,3,15,0,2020,Februar,19,Dienstag,Unfall mit Leichtverletzten,Zusammenstoß mit einbiegendem / kreuzendem Fahrzeug,Einbiegen / Kreuzen-Unfall,Dunkelheit,0,1,0,0,0,0,"360566,144","5646226,968",7.014920304,50.95077404,nass/feucht,"5,20022E+18",PKW
203616,5,3,15,0,2020,Februar,15,Sonntag,Unfall mit Leichtverletzten,Zusammenstoß mit vorausfahrendem / wartendem Fahrzeug,Unfall im Längsverkehr,Tageslicht,0,1,0,0,0,1,"352232,8583","5653697,445",6.893327487,51.01583108,trocken,"5,20022E+18","PKW, Sonstige"
203618,5,3,15,0,2020,Februar,19,Freitag,Unfall mit Leichtverletzten,Unfall anderer Art,Sonstiger Unfall,Dunkelheit,1,1,0,0,0,0,"353785,2917","5643158,661",6.919680905,50.92152002,nass/feucht,"5,20022E+18","Rad, PKW"
203619,5,3,15,0,2020,Februar,23,Freitag,Unfall mit Leichtverletzten,Zusammenstoß mit vorausfahrendem / wartendem Fahrzeug,Unfall im Längsverkehr,Dunkelheit,0,1,0,0,0,0,"355037,6812","5645981,852",6.936364304,50.94720739,nass/feucht,"5,20022E+18",PKW
203622,5,3,15,0,2020,Februar,21,Freitag,Unfall mit Leichtverletzten,Unfall anderer Art,Fahrunfall,Dunkelheit,0,1,0,0,0,0,"356209,8709","5645031,512",6.953414929,50.93896041,nass/feucht,"5,20022E+18",PKW
203629,5,3,15,0,2020,Februar,18,Freitag,Unfall mit Leichtverletzten,Zusammenstoß zwischen Fahrzeug und Fußgänger,Überschreiten-Unfall,Dunkelheit,0,0,1,0,0,1,"354714,5776","5644275,265",6.932448454,50.93178941,trocken,"5,20022E+18","Fuss, Sonstige"
203633,5,3,15,0,2020,Februar,18,Mittwoch,Unfall mit Leichtverletzten,Zusammenstoß zwischen Fahrzeug und Fußgänger,Sonstiger Unfall,Dunkelheit,0,1,1,0,0,0,"356767,0426","5641958,682",6.962546942,50.91148379,nass/feucht,"5,20023E+18","Fuss, PKW"
203650,5,3,15,0,2020,Februar,9,Freitag,Unfall mit Leichtverletzten,Zusammenstoß mit vorausfahrendem / wartendem Fahrzeug,Unfall im Längsverkehr,Tageslicht,0,0,0,0,1,1,"366683,541","5638674,865",7.104719881,50.88434548,nass/feucht,"5,20023E+18","Gkfz, Sonstige"
203655,5,3,15,0,2020,Februar,20,Freitag,Unfall mit Leichtverletzten,Zusammenstoß zwischen Fahrzeug und Fußgänger,Überschreiten-Unfall,Dunkelheit,0,1,1,0,0,0,"364858,692","5648775,763",7.075047907,50.97470373,trocken,"5,20023E+18","Fuss, PKW"
203658,5,3,15,0,2020,Februar,18,Freitag,Unfall mit Leichtverletzten,Unfall anderer Art,Überschreiten-Unfall,Dunkelheit,0,0,1,0,0,1,"360007,7597","5647663,966",7.006423155,50.96355316,nass/feucht,"5,20023E+18","Fuss, Sonstige"
203660,5,3,15,0,2020,Februar,19,Freitag,Unfall mit Leichtverletzten,Unfall anderer Art,Fahrunfall,Dunkelheit,1,0,0,0,0,0,"352511,8288","5644147,671",6.901175162,50.93008373,winterglatt,"5,20023E+18",Rad
203666,5,3,15,0,2020,März,18,Montag,Unfall mit Schwerverletzten,Unfall anderer Art,Sonstiger Unfall,Dunkelheit,1,0,0,0,0,0,"355382,3437","5647219,803",6.940775643,50.95841913,nass/feucht,"5,2003E+18",Rad
203670,5,3,15,0,2020,Februar,14,Freitag,Unfall mit Leichtverletzten,Zusammenstoß zwischen Fahrzeug und Fußgänger,Überschreiten-Unfall,Tageslicht,0,1,1,0,0,0,"353042,9002","5643061,935",6.909164753,50.92046218,nass/feucht,"5,20023E+18","Fuss, PKW"
203691,5,3,15,0,2020,März,10,Dienstag,Unfall mit Leichtverletzten,Zusammenstoß mit vorausfahrendem / wartendem Fahrzeug,Unfall im Längsverkehr,Tageslicht,0,1,0,0,0,1,"359109,1237","5639686,237",6.996717404,50.89163744,trocken,"5,2003E+18","PKW, Sonstige"
203695,5,3,15,0,2020,März,20,Dienstag,Unfall mit Leichtverletzten,Zusammenstoß mit einbiegendem / kreuzendem Fahrzeug,Einbiegen / Kreuzen-Unfall,Dunkelheit,0,1,0,0,0,0,"357545,2432","5649491,377",6.970662862,50.97937231,nass/feucht,"5,2003E+18",PKW
203717,5,3,15,0,2020,Februar,22,Sonntag,Unfall mit Leichtverletzten,Zusammenstoß mit einbiegendem / kreuzendem Fahrzeug,Einbiegen / Kreuzen-Unfall,Dunkelheit,0,1,0,0,0,0,"353007,382","5653763,14",6.904335096,51.01661994,trocken,"5,20023E+18",PKW
203719,5,3,15,0,2020,Februar,10,Sonntag,Unfall mit Leichtverletzten,Zusammenstoß mit anfahrendem/ anhaltendem/ruhendem Fahrzeug,Unfall im Längsverkehr,Tageslicht,0,1,0,1,0,0,"356189,7498","5644364,749",6.953391876,50.93296328,trocken,"5,20023E+18","Krad, PKW"
203720,5,3,15,0,2020,Februar,19,Sonntag,Unfall mit Leichtverletzten,Zusammenstoß mit einbiegendem / kreuzendem Fahrzeug,Einbiegen / Kreuzen-Unfall,Dunkelheit,1,1,0,0,0,0,"355152,4387","5644347,138",6.938646758,50.93254544,trocken,"5,20023E+18","Rad, PKW"
203743,5,3,15,0,2020,März,19,Dienstag,Unfall mit Leichtverletzten,Zusammenstoß mit einbiegendem / kreuzendem Fahrzeug,Einbiegen / Kreuzen-Unfall,Dunkelheit,1,1,0,0,0,0,"357213,421","5648695,035",6.966251824,50.97213351,nass/feucht,"5,2003E+18","Rad, PKW"
203786,5,3,15,0,2020,März,16,Dienstag,Unfall mit Leichtverletzten,Zusammenstoß mit einbiegendem / kreuzendem Fahrzeug,Einbiegen / Kreuzen-Unfall,Tageslicht,0,1,0,0,0,0,"365049,7786","5638106,626",7.08171728,50.87885905,trocken,"5,2003E+18",PKW
203790,5,3,15,0,2020,Februar,7,Samstag,Unfall mit Leichtverletzten,Unfall anderer Art,Fahrunfall,Tageslicht,1,0,0,0,0,0,"358455,605","5642237,484",6.986442218,50.91440596,nass/feucht,"5,20023E+18",Rad
203791,5,3,15,0,2020,Februar,20,Samstag,Unfall mit Leichtverletzten,Zusammenstoß zwischen Fahrzeug und Fußgänger,Abbiegeunfall,Dunkelheit,0,1,1,0,0,0,"363313,6738","5639511,505",7.056528621,50.89107736,nass/feucht,"5,20023E+18","Fuss, PKW"
203792,5,3,15,0,2020,Februar,7,Samstag,Unfall mit Leichtverletzten,Zusammenstoß mit einbiegendem / kreuzendem Fahrzeug,Einbiegen / Kreuzen-Unfall,Tageslicht,1,1,0,0,0,0,"364537,004","5640013,684",7.073725728,50.89587893,nass/feucht,"5,20023E+18","Rad, PKW"
203796,5,3,15,0,2020,Februar,16,Samstag,Unfall mit Leichtverletzten,Zusammenstoß mit seitlich in gleicher Richtung fahrendem Fahrzeug,Sonstiger Unfall,Tageslicht,0,0,1,0,0,1,"359306,4879","5644514,065",6.997660215,50.93507393,trocken,"5,20023E+18","Fuss, Sonstige"
203797,5,3,15,0,2020,März,19,Dienstag,Unfall mit Leichtverletzten,Zusammenstoß zwischen Fahrzeug und Fußgänger,Abbiegeunfall,Dunkelheit,0,1,1,0,0,0,"349036,092","5646250,888",6.850879124,50.94808463,nass/feucht,"5,2003E+18","Fuss, PKW"
203799,5,3,15,0,2020,Februar,7,Samstag,Unfall mit Leichtverletzten,Unfall anderer Art,Sonstiger Unfall,Tageslicht,1,0,0,0,0,0,"351728,025","5654596,639",6.885767834,51.02378161,winterglatt,"5,20023E+18",Rad
203800,5,3,15,0,2020,Februar,7,Samstag,Unfall mit Leichtverletzten,Zusammenstoß mit einbiegendem / kreuzendem Fahrzeug,Unfall durch ruhenden Verkehr,Tageslicht,0,1,0,0,0,0,"355219,4026","5648406,583",6.937984847,50.96904348,winterglatt,"5,20023E+18",PKW
203801,5,3,15,0,2020,Februar,7,Samstag,Unfall mit Leichtverletzten,Zusammenstoß mit vorausfahrendem / wartendem Fahrzeug,Sonstiger Unfall,Tageslicht,0,1,0,0,0,0,"353309,4972","5644973,318",6.912185948,50.93770692,nass/feucht,"5,20023E+18",PKW
203802,5,3,15,0,2020,Februar,12,Samstag,Unfall mit Schwerverletzten,Unfall anderer Art,Überschreiten-Unfall,Tageslicht,0,1,1,0,0,0,"349169,3594","5643269,286",6.854008913,50.92132599,trocken,"5,20023E+18","Fuss, PKW"
203803,5,3,15,0,2020,Februar,7,Samstag,Unfall mit Schwerverletzten,Unfall anderer Art,Fahrunfall,Tageslicht,1,0,0,0,0,0,"360079,9623","5638181,497",7.011088637,50.87834996,nass/feucht,"5,20023E+18",Rad
203806,5,3,15,0,2020,Februar,7,Samstag,Unfall mit Leichtverletzten,Unfall anderer Art,Fahrunfall,Tageslicht,1,0,0,0,0,0,"360079,9623","5638181,497",7.011088637,50.87834996,nass/feucht,"5,20023E+18",Rad
203807,5,3,15,0,2020,Februar,8,Samstag,Unfall mit Leichtverletzten,Unfall anderer Art,Fahrunfall,Tageslicht,1,0,0,0,0,0,"354654,6991","5644235,788",6.931612661,50.93141955,winterglatt,"5,20023E+18",Rad
203810,5,3,15,0,2020,Februar,21,Samstag,Unfall mit Leichtverletzten,Zusammenstoß zwischen Fahrzeug und Fußgänger,Überschreiten-Unfall,Dunkelheit,0,1,1,0,0,0,"356769,187","5644863,122",6.961436552,50.93758631,nass/feucht,"5,20023E+18","Fuss, PKW"
203850,5,3,15,0,2020,März,7,Dienstag,Unfall mit Leichtverletzten,Zusammenstoß mit seitlich in gleicher Richtung fahrendem Fahrzeug,Abbiegeunfall,Tageslicht,1,1,0,0,0,0,"364448,0147","5639521,598",7.072643683,50.89143539,nass/feucht,"5,2003E+18","Rad, PKW"
203899,5,3,15,0,2020,März,9,Dienstag,Unfall mit Schwerverletzten,Zusammenstoß mit seitlich in gleicher Richtung fahrendem Fahrzeug,Sonstiger Unfall,Tageslicht,1,1,0,0,0,0,"350604,8627","5644425,302",6.87394421,50.9320879,nass/feucht,"5,2003E+18","Rad, PKW"
203921,5,3,15,0,2020,März,20,Donnerstag,Unfall mit Leichtverletzten,Zusammenstoß zwischen Fahrzeug und Fußgänger,Überschreiten-Unfall,Dunkelheit,0,1,1,0,0,0,"359898,3449","5643622,37",7.006420757,50.92720421,nass/feucht,"5,2003E+18","Fuss, PKW"
203923,5,3,15,0,2020,März,16,Sonntag,Unfall mit Leichtverletzten,Zusammenstoß zwischen Fahrzeug und Fußgänger,Unfall im Längsverkehr,Tageslicht,0,0,1,0,0,1,"357131,0675","5643345,924",6.967178291,50.9240411,trocken,"5,20031E+18","Fuss, Sonstige"
203932,5,3,15,0,2020,März,16,Donnerstag,Unfall mit Leichtverletzten,Unfall anderer Art,Sonstiger Unfall,Tageslicht,1,1,0,0,0,0,"355715,3244","5643474,995",6.946996965,50.92484873,nass/feucht,"5,2003E+18","Rad, PKW"
203937,5,3,15,0,2020,März,18,Freitag,Unfall mit Leichtverletzten,Zusammenstoß mit anfahrendem/ anhaltendem/ruhendem Fahrzeug,Unfall durch ruhenden Verkehr,Dämmerung,1,1,0,0,0,0,"353725,7797","5646263,984",6.917588308,50.94941142,nass/feucht,"5,20031E+18","Rad, PKW"
203955,5,3,15,0,2020,März,8,Samstag,Unfall mit Leichtverletzten,Zusammenstoß zwischen Fahrzeug und Fußgänger,Überschreiten-Unfall,Tageslicht,0,1,1,0,0,0,"353589,4369","5646543,457",6.915536275,50.95188832,nass/feucht,"5,20031E+18","Fuss, PKW"
203961,5,3,15,0,2020,März,13,Sonntag,Unfall mit Leichtverletzten,Zusammenstoß mit anfahrendem/ anhaltendem/ruhendem Fahrzeug,Unfall im Längsverkehr,Tageslicht,0,1,0,0,0,0,"360011,1809","5648699,63",7.006073245,50.97286161,trocken,"5,20031E+18",PKW
203967,5,3,15,0,2020,März,7,Mittwoch,Unfall mit Schwerverletzten,Zusammenstoß mit seitlich in gleicher Richtung fahrendem Fahrzeug,Unfall durch ruhenden Verkehr,Tageslicht,0,1,0,1,0,0,"360096,643","5643468,065",7.009299832,50.92586557,nass/feucht,"5,2003E+18","Krad, PKW"
203969,5,3,15,0,2020,März,6,Mittwoch,Unfall mit Leichtverletzten,Zusammenstoß mit vorausfahrendem / wartendem Fahrzeug,Unfall im Längsverkehr,Dämmerung,0,1,0,0,0,0,"358219,537","5642891,282",6.982832116,50.92022373,trocken,"5,2003E+18",PKW
203970,5,3,15,0,2020,März,13,Samstag,Unfall mit Leichtverletzten,Zusammenstoß mit anfahrendem/ anhaltendem/ruhendem Fahrzeug,Unfall durch ruhenden Verkehr,Tageslicht,1,1,0,0,0,0,"353495,3371","5643041,413",6.915605492,50.92039281,trocken,"5,20031E+18","Rad, PKW"
203971,5,3,15,0,2020,März,8,Mittwoch,Unfall mit Leichtverletzten,Zusammenstoß zwischen Fahrzeug und Fußgänger,Überschreiten-Unfall,Tageslicht,0,1,1,0,0,0,"356379,1369","5648672,588",6.954385831,50.97172434,trocken,"5,2003E+18","Fuss, PKW"
203977,5,3,15,0,2020,März,14,Mittwoch,Unfall mit Leichtverletzten,Zusammenstoß mit vorausfahrendem / wartendem Fahrzeug,Unfall im Längsverkehr,Tageslicht,0,1,0,0,0,1,"355936,3741","5647864,451",6.948403887,50.96435122,trocken,"5,2003E+18","PKW, Sonstige"
203979,5,3,15,0,2020,März,15,Mittwoch,Unfall mit Leichtverletzten,Zusammenstoß mit vorausfahrendem / wartendem Fahrzeug,Unfall im Längsverkehr,Tageslicht,0,1,0,0,0,0,"352201,0654","5650917,193",6.894006543,50.99083842,trocken,"5,2003E+18",PKW
203986,5,3,15,0,2020,März,11,Donnerstag,Unfall mit Leichtverletzten,Zusammenstoß mit entgegenkommendem Fahrzeug,Abbiegeunfall,Tageslicht,0,1,0,1,0,0,"358787,9591","5639497,206",6.992226924,50.88986016,trocken,"5,2003E+18","Krad, PKW"
203987,5,3,15,0,2020,März,7,Mittwoch,Unfall mit Leichtverletzten,Zusammenstoß mit einbiegendem / kreuzendem Fahrzeug,Einbiegen / Kreuzen-Unfall,Tageslicht,1,1,0,0,0,0,"353279,6914","5642547,254",6.912738331,50.91589717,nass/feucht,"5,2003E+18","Rad, PKW"
203989,5,3,15,0,2020,März,7,Mittwoch,Unfall mit Schwerverletzten,Unfall anderer Art,Fahrunfall,Tageslicht,1,0,0,0,0,0,"354911,548","5644405,599",6.935197702,50.93301027,nass/feucht,"5,2003E+18",Rad
203990,5,3,15,0,2020,März,7,Freitag,Unfall mit Leichtverletzten,Unfall anderer Art,Einbiegen / Kreuzen-Unfall,Dämmerung,1,1,0,0,0,0,"359601,0934","5645235,862",7.00157215,50.9416326,nass/feucht,"5,20031E+18","Rad, PKW"
204006,5,3,15,0,2020,März,7,Samstag,Unfall mit Leichtverletzten,Zusammenstoß mit entgegenkommendem Fahrzeug,Abbiegeunfall,Dämmerung,0,1,0,0,0,1,"352206,2062","5650912,284",6.894081739,50.99079563,nass/feucht,"5,20031E+18","PKW, Sonstige"
204012,5,3,15,0,2020,März,7,Sonntag,Unfall mit Leichtverletzten,Unfall anderer Art,Fahrunfall,Tageslicht,1,0,0,0,0,0,"353673,9249","5644316,419",6.917632862,50.93189618,trocken,"5,20031E+18",Rad
204021,5,3,15,0,2020,März,13,Samstag,Unfall mit Leichtverletzten,Unfall anderer Art,Unfall im Längsverkehr,Tageslicht,0,1,0,1,0,0,"355064,5549","5643831,432",6.937601981,50.92788883,nass/feucht,"5,20031E+18","Krad, PKW"
204028,5,3,15,0,2020,März,13,Donnerstag,Unfall mit Leichtverletzten,Zusammenstoß zwischen Fahrzeug und Fußgänger,Unfall im Längsverkehr,Tageslicht,0,1,1,0,0,0,"364417,256","5641201,542",7.07158285,50.90652677,trocken,"5,2003E+18","Fuss, PKW"
204040,5,3,15,0,2020,März,17,Donnerstag,Unfall mit Leichtverletzten,Unfall anderer Art,Einbiegen / Kreuzen-Unfall,Tageslicht,1,0,0,1,0,0,"356150,9601","5646503,77",6.951995516,50.95217666,nass/feucht,"5,2003E+18","Rad, Krad"
204045,5,3,15,0,2020,März,13,Freitag,Unfall mit Schwerverletzten,Zusammenstoß zwischen Fahrzeug und Fußgänger,Abbiegeunfall,Tageslicht,0,1,1,0,0,0,"347740,8987","5644913,328",6.833013864,50.93572447,nass/feucht,"5,20031E+18","Fuss, PKW"
204062,5,3,15,0,2020,März,8,Samstag,Unfall mit Schwerverletzten,Zusammenstoß mit entgegenkommendem Fahrzeug,Abbiegeunfall,Tageslicht,1,0,0,0,1,0,"355309,7958","5643107,928",6.941376383,50.9214484,nass/feucht,"5,20031E+18","Rad, Gkfz"
204063,5,3,15,0,2020,März,8,Samstag,Unfall mit Leichtverletzten,Zusammenstoß mit vorausfahrendem / wartendem Fahrzeug,Abbiegeunfall,Tageslicht,0,1,0,0,0,0,"358983,0095","5645190,586",6.992797675,50.94107487,nass/feucht,"5,20031E+18",PKW
204069,5,3,15,0,2020,März,13,Sonntag,Unfall mit Leichtverletzten,Zusammenstoß mit vorausfahrendem / wartendem Fahrzeug,Unfall im Längsverkehr,Tageslicht,0,1,0,0,0,0,"358983,4877","5645190,676",6.992804442,50.94107579,trocken,"5,20031E+18",PKW
204083,5,3,15,0,2020,März,15,Sonntag,Unfall mit Leichtverletzten,Zusammenstoß mit anfahrendem/ anhaltendem/ruhendem Fahrzeug,Unfall durch ruhenden Verkehr,Tageslicht,0,1,0,0,0,1,"356627,2861","5644835,568",6.959429127,50.93730341,trocken,"5,20031E+18","PKW, Sonstige"
204096,5,3,15,0,2020,März,9,Donnerstag,Unfall mit Leichtverletzten,Zusammenstoß mit anfahrendem/ anhaltendem/ruhendem Fahrzeug,Unfall im Längsverkehr,Tageslicht,0,0,0,1,1,0,"357361,1049","5649786,725",6.967925581,50.98198098,nass/feucht,"5,2003E+18","Krad, Gkfz"
204115,5,3,15,0,2020,März,16,Samstag,Unfall mit Leichtverletzten,Zusammenstoß mit vorausfahrendem / wartendem Fahrzeug,Unfall im Längsverkehr,Tageslicht,0,1,0,0,0,0,"351770,535","5646036,387",6.88986545,50.94686665,trocken,"5,20031E+18",PKW
204121,5,3,15,0,2020,März,15,Sonntag,Unfall mit Leichtverletzten,Zusammenstoß zwischen Fahrzeug und Fußgänger,Überschreiten-Unfall,Tageslicht,0,1,1,0,0,0,"353280,7968","5652878,425",6.908588148,51.00873929,trocken,"5,20031E+18","Fuss, PKW"
204130,5,3,15,0,2020,März,0,Samstag,Unfall mit Leichtverletzten,Unfall anderer Art,Sonstiger Unfall,Tageslicht,1,0,0,0,0,0,"357016,7327","5642022,834",6.96607119,50.91212224,trocken,"5,20031E+18",Rad
204147,5,3,15,0,2020,März,18,Donnerstag,Unfall mit Schwerverletzten,Zusammenstoß mit einbiegendem / kreuzendem Fahrzeug,Abbiegeunfall,Dunkelheit,1,1,0,0,0,0,"356827,67","5644031,945",6.96259489,50.93013111,nass/feucht,"5,2003E+18","Rad, PKW"
204151,5,3,15,0,2020,März,20,Freitag,Unfall mit Leichtverletzten,Unfall anderer Art,Sonstiger Unfall,Dunkelheit,0,1,1,0,0,0,"360515,8252","5647390,349",7.01375856,50.96121736,nass/feucht,"5,20031E+18","Fuss, PKW"
204167,5,3,15,0,2020,März,13,Samstag,Unfall mit Leichtverletzten,Zusammenstoß zwischen Fahrzeug und Fußgänger,Sonstiger Unfall,Tageslicht,0,1,1,0,0,0,"354321,0318","5643432,235",6.9271887,50.92411407,trocken,"5,20031E+18","Fuss, PKW"
204175,5,3,15,0,2020,März,20,Freitag,Unfall mit Leichtverletzten,Unfall anderer Art,Sonstiger Unfall,Dunkelheit,1,0,0,0,0,0,"353517,2523","5651438,997",6.912537129,50.9958641,trocken,"5,20031E+18",Rad
204177,5,3,15,0,2020,März,8,Freitag,Unfall mit Leichtverletzten,Zusammenstoß zwischen Fahrzeug und Fußgänger,Sonstiger Unfall,Tageslicht,1,0,1,0,0,0,"353197,3999","5650690,199",6.90828493,50.98905352,nass/feucht,"5,20031E+18","Rad, Fuss"
204179,5,3,15,0,2020,März,20,Freitag,Unfall mit Leichtverletzten,Zusammenstoß zwischen Fahrzeug und Fußgänger,Sonstiger Unfall,Dunkelheit,1,0,1,0,0,0,"353596,0753","5643078,477",6.917022853,50.92075146,trocken,"5,20031E+18","Rad, Fuss"
204182,5,3,15,0,2020,März,9,Freitag,Unfall mit Leichtverletzten,Zusammenstoß mit einbiegendem / kreuzendem Fahrzeug,Einbiegen / Kreuzen-Unfall,Tageslicht,1,1,0,0,0,0,"356430,3397","5645423,264",6.956396369,50.94253597,trocken,"5,20031E+18","Rad, PKW"
204183,5,3,15,0,2020,März,15,Freitag,Unfall mit Schwerverletzten,Zusammenstoß mit einbiegendem / kreuzendem Fahrzeug,Einbiegen / Kreuzen-Unfall,Tageslicht,1,1,0,0,0,0,"354417,6325","5645422,216",6.927767347,50.94202185,trocken,"5,20031E+18","Rad, PKW"
204201,5,3,15,0,2020,März,16,Dienstag,Unfall mit Leichtverletzten,Zusammenstoß zwischen Fahrzeug und Fußgänger,Überschreiten-Unfall,Tageslicht,0,1,1,0,0,0,"362368,2771","5647940,752",7.039912463,50.96660947,trocken,"5,20031E+18","Fuss, PKW"
204255,5,3,15,0,2020,März,13,Samstag,Unfall mit Leichtverletzten,Zusammenstoß mit anfahrendem/ anhaltendem/ruhendem Fahrzeug,Sonstiger Unfall,Tageslicht,1,1,0,0,0,0,"351385,1777","5647065,267",6.883963676,50.9560134,trocken,"5,20031E+18","Rad, PKW"
204270,5,3,15,0,2020,März,18,Donnerstag,Unfall mit Leichtverletzten,Zusammenstoß mit einbiegendem / kreuzendem Fahrzeug,Einbiegen / Kreuzen-Unfall,Dämmerung,1,1,0,0,0,0,"358273,9996","5642761,187",6.983657015,50.91906794,nass/feucht,"5,20031E+18","Rad, PKW"
204272,5,3,15,0,2020,März,16,Donnerstag,Unfall mit Leichtverletzten,Zusammenstoß zwischen Fahrzeug und Fußgänger,Überschreiten-Unfall,Tageslicht,0,1,1,0,0,0,"357876,4868","5647783,515",6.976045899,50.96410574,trocken,"5,20031E+18","Fuss, PKW"
204273,5,3,15,0,2020,März,17,Donnerstag,Unfall mit Leichtverletzten,Abkommen von Fahrbahn nach rechts,Fahrunfall,Tageslicht,0,1,0,0,0,0,"352301,1064","5653865,134",6.894231496,51.01735553,nass/feucht,"5,20031E+18",PKW