OBJECTID,ULAND,UREGBEZ,UKREIS,UGEMEINDE,UJAHR,UMONAT,USTUNDE,UWOCHENTAG,UKATEGORIE,UART,UTYP1,ULICHTVERH,IstRad,IstPKW,IstFuss,IstKrad,IstGkfz,IstSonstige,LINREFX,LINREFY,XGCSWGS84,YGCSWGS84,USTRZUSTAND,UIDENTSTLAE,Participants
205444,5,3,15,0,2020,April,9,Freitag,Unfall mit Leichtverletzten,Zusammenstoß mit vorausfahrendem / wartendem Fahrzeug,Abbiegeunfall,Tageslicht,0,1,0,1,0,0,"353754,8651","5645528,279",6.918297517,50.94280728,trocken,"5,20041E+18","Krad, PKW"
205446,5,3,15,0,2020,April,13,Freitag,Unfall mit Leichtverletzten,Zusammenstoß mit anfahrendem/ anhaltendem/ruhendem Fahrzeug,Einbiegen / Kreuzen-Unfall,Tageslicht,1,1,0,0,0,0,"355260,5615","5642339,101",6.940981434,50.91452675,trocken,"5,20041E+18","Rad, PKW"
205447,5,3,15,0,2020,April,11,Freitag,Unfall mit Leichtverletzten,Unfall anderer Art,Fahrunfall,Tageslicht,0,0,0,1,0,0,"357032,4919","5639946,239",6.967108398,50.89346381,trocken,"5,20041E+18",Krad
205448,5,3,15,0,2020,April,15,Freitag,Unfall mit Getöteten,Zusammenstoß zwischen Fahrzeug und Fußgänger,Abbiegeunfall,Tageslicht,0,0,1,0,1,0,"355255,4401","5642288,735",6.94092861,50.91407284,trocken,"5,20041E+18","Fuss, Gkfz"
205475,5,3,15,0,2020,April,19,Sonntag,Unfall mit Leichtverletzten,Unfall anderer Art,Fahrunfall,Tageslicht,0,1,0,1,0,0,"353414,9002","5652966,009",6.910462988,51.00956055,trocken,"5,20042E+18","Krad, PKW"
205479,5,3,15,0,2020,April,19,Montag,Unfall mit Leichtverletzten,Zusammenstoß mit einbiegendem / kreuzendem Fahrzeug,Unfall im Längsverkehr,Tageslicht,0,1,0,0,0,0,"364627,7893","5649921,814",7.071334096,50.98494956,trocken,"5,20042E+18",PKW
205489,5,3,15,0,2020,April,10,Donnerstag,Unfall mit Leichtverletzten,Zusammenstoß mit anfahrendem/ anhaltendem/ruhendem Fahrzeug,Abbiegeunfall,Tageslicht,1,1,0,0,0,0,"356754,17","5648829,643",6.959661991,50.97322917,trocken,"5,20042E+18","Rad, PKW"
205493,5,3,15,0,2020,April,20,Donnerstag,Unfall mit Leichtverletzten,Zusammenstoß mit einbiegendem / kreuzendem Fahrzeug,Einbiegen / Kreuzen-Unfall,Dunkelheit,0,1,0,0,0,0,"352485,4436","5646635,332",6.899792621,50.95243246,trocken,"5,20042E+18",PKW
205494,5,3,15,0,2020,April,14,Donnerstag,Unfall mit Leichtverletzten,Unfall anderer Art,Unfall durch ruhenden Verkehr,Tageslicht,0,1,0,0,0,0,"352648,5644","5648301,698",6.901438613,50.96744903,trocken,"5,20042E+18",PKW
205497,5,3,15,0,2020,April,14,Donnerstag,Unfall mit Leichtverletzten,Zusammenstoß mit seitlich in gleicher Richtung fahrendem Fahrzeug,Unfall im Längsverkehr,Tageslicht,1,1,0,0,0,0,"355566,6897","5641459,201",6.945681575,50.90669591,trocken,"5,20042E+18","Rad, PKW"
205502,5,3,15,0,2020,April,18,Donnerstag,Unfall mit Leichtverletzten,Unfall anderer Art,Fahrunfall,Tageslicht,1,1,0,0,0,0,"353212,959","5642872,848",6.911658646,50.91880621,trocken,"5,20042E+18","Rad, PKW"
205508,5,3,15,0,2020,April,10,Donnerstag,Unfall mit Leichtverletzten,Unfall anderer Art,Sonstiger Unfall,Tageslicht,1,0,1,0,0,0,"352855,6409","5641476,715",6.907141695,50.90616867,trocken,"5,20042E+18","Rad, Fuss"
205509,5,3,15,0,2020,April,15,Freitag,Unfall mit Leichtverletzten,Zusammenstoß mit anfahrendem/ anhaltendem/ruhendem Fahrzeug,Unfall im Längsverkehr,Tageslicht,0,1,0,0,0,1,"356585,334","5641545,431",6.960126329,50.90772481,trocken,"5,20042E+18","PKW, Sonstige"
205512,5,3,15,0,2020,April,14,Samstag,Unfall mit Leichtverletzten,Zusammenstoß mit einbiegendem / kreuzendem Fahrzeug,Unfall durch ruhenden Verkehr,Tageslicht,1,0,0,0,0,1,"355506,52","5642298,415",6.944494068,50.91422274,trocken,"5,20042E+18","Rad, Sonstige"
205513,5,3,15,0,2020,April,18,Donnerstag,Unfall mit Leichtverletzten,Zusammenstoß mit anfahrendem/ anhaltendem/ruhendem Fahrzeug,Unfall durch ruhenden Verkehr,Tageslicht,1,1,0,0,0,0,"355473,9418","5643422,748",6.943585442,50.92431878,trocken,"5,20042E+18","Rad, PKW"
205529,5,3,15,0,2020,April,18,Montag,Unfall mit Leichtverletzten,Unfall anderer Art,Sonstiger Unfall,Tageslicht,1,0,0,0,0,0,"353030,3072","5645911,346",6.907836677,50.94606551,trocken,"5,20042E+18",Rad
205538,5,3,15,0,2020,April,20,Sonntag,Unfall mit Leichtverletzten,Unfall anderer Art,Fahrunfall,Dunkelheit,1,0,0,0,0,0,"351568,5836","5647507,316",6.886392896,50.96003311,trocken,"5,20042E+18",Rad
205546,5,3,15,0,2020,April,6,Freitag,Unfall mit Leichtverletzten,Zusammenstoß mit entgegenkommendem Fahrzeug,Abbiegeunfall,Dämmerung,0,1,0,0,0,0,"359541,6817","5644534,557",7.000997398,50.93531543,trocken,"5,20042E+18",PKW
205549,5,3,15,0,2020,April,13,Samstag,Unfall mit Leichtverletzten,Zusammenstoß mit vorausfahrendem / wartendem Fahrzeug,Unfall im Längsverkehr,Tageslicht,0,1,0,0,0,0,"362751,8655","5642644,814",7.047367435,50.91910451,trocken,"5,20042E+18",PKW
205558,5,3,15,0,2020,April,13,Freitag,Unfall mit Leichtverletzten,Zusammenstoß mit einbiegendem / kreuzendem Fahrzeug,Abbiegeunfall,Tageslicht,1,1,0,0,0,0,"352979,0729","5643124,246",6.908232178,50.92100588,trocken,"5,20042E+18","Rad, PKW"
205562,5,3,15,0,2020,April,15,Samstag,Unfall mit Leichtverletzten,Zusammenstoß mit seitlich in gleicher Richtung fahrendem Fahrzeug,Fahrunfall,Tageslicht,1,1,0,0,0,0,"359953,851","5639688,563",7.008719646,50.89186378,trocken,"5,20042E+18","Rad, PKW"
205580,5,3,15,0,2020,April,13,Sonntag,Unfall mit Leichtverletzten,Unfall anderer Art,Fahrunfall,Tageslicht,1,0,0,0,0,0,"361526,6034","5645293,158",7.028940477,50.9426132,trocken,"5,20042E+18",Rad
205601,5,3,15,0,2020,April,19,Freitag,Unfall mit Leichtverletzten,Zusammenstoß mit einbiegendem / kreuzendem Fahrzeug,Einbiegen / Kreuzen-Unfall,Tageslicht,1,1,0,0,0,0,"351684,5216","5648532,937",6.887624489,50.96927964,trocken,"5,20042E+18","Rad, PKW"
205615,5,3,15,0,2020,April,11,Freitag,Unfall mit Leichtverletzten,Zusammenstoß mit einbiegendem / kreuzendem Fahrzeug,Abbiegeunfall,Tageslicht,0,1,0,1,0,0,"355825,734","5643411,748",6.948591895,50.92430794,trocken,"5,20042E+18","Krad, PKW"
205619,5,3,15,0,2020,April,15,Samstag,Unfall mit Leichtverletzten,Zusammenstoß mit entgegenkommendem Fahrzeug,Unfall durch ruhenden Verkehr,Tageslicht,0,1,0,0,0,0,"351859,0291","5652066,949",6.888667376,51.00108265,trocken,"5,20042E+18",PKW
205631,5,3,15,0,2020,April,13,Sonntag,Unfall mit Leichtverletzten,Unfall anderer Art,Fahrunfall,Tageslicht,1,0,0,0,0,0,"352480,6464","5642778,129",6.901285783,50.91776826,trocken,"5,20042E+18",Rad
205638,5,3,15,0,2020,April,11,Montag,Unfall mit Leichtverletzten,Unfall anderer Art,Fahrunfall,Tageslicht,0,0,0,1,0,0,"362367,5265","5648617,072",7.039645841,50.97268756,trocken,"5,20042E+18",Krad
205654,5,3,15,0,2020,April,17,Freitag,Unfall mit Leichtverletzten,Zusammenstoß mit anfahrendem/ anhaltendem/ruhendem Fahrzeug,Unfall durch ruhenden Verkehr,Tageslicht,1,1,0,0,0,0,"361094,1705","5644314,675",7.023162087,50.93371532,trocken,"5,20042E+18","Rad, PKW"
205658,5,3,15,0,2020,April,14,Samstag,Unfall mit Leichtverletzten,Zusammenstoß zwischen Fahrzeug und Fußgänger,Überschreiten-Unfall,Tageslicht,0,1,1,0,0,0,"364475,9406","5639324,252",7.073113716,50.88966828,trocken,"5,20042E+18","Fuss, PKW"
205667,5,3,15,0,2020,April,14,Freitag,Unfall mit Leichtverletzten,Zusammenstoß mit vorausfahrendem / wartendem Fahrzeug,Unfall im Längsverkehr,Tageslicht,0,1,0,0,0,0,"355266,3575","5641740,344",6.941301318,50.90914728,trocken,"5,20042E+18",PKW
205670,5,3,15,0,2020,April,12,Samstag,Unfall mit Leichtverletzten,Zusammenstoß mit einbiegendem / kreuzendem Fahrzeug,Abbiegeunfall,Tageslicht,1,1,0,0,0,0,"354801,8169","5641467,136",6.934806937,50.90657535,trocken,"5,20042E+18","Rad, PKW"
205687,5,3,15,0,2020,April,9,Montag,Unfall mit Leichtverletzten,Unfall anderer Art,Fahrunfall,Tageslicht,1,0,0,0,0,0,"352388,4845","5646579,653",6.898435754,50.95190728,trocken,"5,20042E+18",Rad
205704,5,3,15,0,2020,April,16,Freitag,Unfall mit Leichtverletzten,Unfall anderer Art,Fahrunfall,Tageslicht,1,0,0,0,0,0,"356703,6113","5648390,441",6.9591154,50.96926956,trocken,"5,20042E+18",Rad
205707,5,3,15,0,2020,April,21,Samstag,Unfall mit Schwerverletzten,Abkommen von Fahrbahn nach rechts,Fahrunfall,Dunkelheit,0,1,0,0,0,0,"358669,9576","5650732,784",6.986191512,50.99080595,trocken,"5,20042E+18",PKW
205716,5,3,15,0,2020,April,13,Freitag,Unfall mit Leichtverletzten,Zusammenstoß mit seitlich in gleicher Richtung fahrendem Fahrzeug,Unfall im Längsverkehr,Tageslicht,1,0,0,0,0,0,"356909,264","5640858,7",6.964999853,50.90163357,trocken,"5,20042E+18",Rad
205813,5,3,15,0,2020,April,14,Mittwoch,Unfall mit Leichtverletzten,Zusammenstoß mit seitlich in gleicher Richtung fahrendem Fahrzeug,Unfall im Längsverkehr,Tageslicht,1,1,0,0,0,0,"359080,9556","5645320,158",6.994140779,50.94226328,trocken,"5,20042E+18","Rad, PKW"
205815,5,3,15,0,2020,April,10,Mittwoch,Unfall mit Leichtverletzten,Zusammenstoß mit einbiegendem / kreuzendem Fahrzeug,Sonstiger Unfall,Tageslicht,0,1,0,1,0,0,"363355,0144","5648851,443",7.053614235,50.97502908,trocken,"5,20042E+18","Krad, PKW"
205816,5,3,15,0,2020,April,12,Mittwoch,Unfall mit Schwerverletzten,Zusammenstoß mit einbiegendem / kreuzendem Fahrzeug,Einbiegen / Kreuzen-Unfall,Tageslicht,1,1,0,0,0,0,"352335,2205","5653283,073",6.894954443,51.01213366,trocken,"5,20042E+18","Rad, PKW"
205817,5,3,15,0,2020,April,9,Mittwoch,Unfall mit Leichtverletzten,Zusammenstoß mit entgegenkommendem Fahrzeug,Abbiegeunfall,Tageslicht,1,1,0,0,0,0,"348315,6917","5646157,583",6.840670145,50.94705707,trocken,"5,20042E+18","Rad, PKW"
205818,5,3,15,0,2020,April,15,Freitag,Unfall mit Leichtverletzten,Zusammenstoß mit vorausfahrendem / wartendem Fahrzeug,Abbiegeunfall,Tageslicht,0,1,0,1,0,0,"361032,236","5644383,679",7.022254915,50.93432055,trocken,"5,20042E+18","Krad, PKW"
205819,5,3,15,0,2020,April,12,Mittwoch,Unfall mit Leichtverletzten,Zusammenstoß mit vorausfahrendem / wartendem Fahrzeug,Unfall im Längsverkehr,Tageslicht,0,1,0,1,0,0,"356751,8645","5642077,972",6.962284354,50.91255208,trocken,"5,20042E+18","Krad, PKW"
205824,5,3,15,0,2020,April,14,Freitag,Unfall mit Leichtverletzten,Unfall anderer Art,Unfall im Längsverkehr,Tageslicht,1,1,0,0,0,0,"361299,194","5651994,116",7.023149588,51.00278133,trocken,"5,20042E+18","Rad, PKW"
205829,5,3,15,0,2020,April,15,Freitag,Unfall mit Leichtverletzten,Zusammenstoß mit anfahrendem/ anhaltendem/ruhendem Fahrzeug,Fahrunfall,Tageslicht,0,1,0,0,0,1,"352483,5233","5646726,395",6.899728402,50.95325032,trocken,"5,20042E+18","PKW, Sonstige"
205839,5,3,15,0,2020,April,12,Freitag,Unfall mit Schwerverletzten,Zusammenstoß zwischen Fahrzeug und Fußgänger,Überschreiten-Unfall,Tageslicht,0,0,1,0,0,1,"353587,7877","5648295,921",6.914807738,50.9676366,trocken,"5,20042E+18","Fuss, Sonstige"
205850,5,3,15,0,2020,April,9,Freitag,Unfall mit Leichtverletzten,Zusammenstoß mit einbiegendem / kreuzendem Fahrzeug,Abbiegeunfall,Dunkelheit,1,1,0,0,0,0,"352339,5286","5645926,405",6.898004164,50.94602432,trocken,"5,20042E+18","Rad, PKW"
205870,5,3,15,0,2020,April,16,Freitag,Unfall mit Schwerverletzten,Unfall anderer Art,Unfall im Längsverkehr,Tageslicht,1,0,0,0,0,0,"361708,698","5637554,554",7.034462981,50.87310745,trocken,"5,20042E+18",Rad
205874,5,3,15,0,2020,April,5,Freitag,Unfall mit Leichtverletzten,Unfall anderer Art,Abbiegeunfall,Dämmerung,0,1,0,1,0,0,"354787,7652","5642379,372",6.934244217,50.91476989,trocken,"5,20042E+18","Krad, PKW"
205890,5,3,15,0,2020,April,4,Freitag,Unfall mit Leichtverletzten,Abkommen von Fahrbahn nach rechts,Fahrunfall,Dunkelheit,0,1,0,0,0,0,"356360,3495","5641883,569",6.956795327,50.91070769,trocken,"5,20042E+18",PKW
205912,5,3,15,0,2020,April,20,Dienstag,Unfall mit Leichtverletzten,Unfall anderer Art,Sonstiger Unfall,Tageslicht,0,1,0,0,0,0,"359330,7056","5651585,189",6.995270154,50.99862838,trocken,"5,20042E+18",PKW
205914,5,3,15,0,2020,April,17,Dienstag,Unfall mit Leichtverletzten,Unfall anderer Art,Fahrunfall,Tageslicht,0,0,0,1,0,0,"360432,1909","5647619,875",7.012480339,50.96325989,trocken,"5,20042E+18",Krad
205916,5,3,15,0,2020,April,15,Dienstag,Unfall mit Schwerverletzten,Zusammenstoß zwischen Fahrzeug und Fußgänger,Sonstiger Unfall,Tageslicht,0,1,1,0,0,0,"356419,9765","5654528,256",6.952651691,51.02435803,trocken,"5,20042E+18","Fuss, PKW"
205918,5,3,15,0,2020,April,14,Dienstag,Unfall mit Leichtverletzten,Unfall anderer Art,Einbiegen / Kreuzen-Unfall,Tageslicht,1,0,0,0,0,0,"349820,545","5650306,338",6.860364001,50.98473294,trocken,"5,20042E+18",Rad
205940,5,3,15,0,2020,April,12,Donnerstag,Unfall mit Leichtverletzten,Zusammenstoß zwischen Fahrzeug und Fußgänger,Überschreiten-Unfall,Tageslicht,0,1,1,0,0,0,"360752,9944","5644289,383",7.018319405,50.93340574,trocken,"5,20042E+18","Fuss, PKW"
205946,5,3,15,0,2020,April,17,Donnerstag,Unfall mit Leichtverletzten,Zusammenstoß zwischen Fahrzeug und Fußgänger,Überschreiten-Unfall,Tageslicht,0,1,1,0,0,0,"360168,1525","5648413,226",7.008417746,50.9703258,trocken,"5,20042E+18","Fuss, PKW"
205948,5,3,15,0,2020,April,18,Donnerstag,Unfall mit Leichtverletzten,Unfall anderer Art,Einbiegen / Kreuzen-Unfall,Tageslicht,1,1,0,0,0,0,"356001,9245","5651879,812",6.947745805,51.00045269,trocken,"5,20042E+18","Rad, PKW"
205950,5,3,15,0,2020,April,14,Donnerstag,Unfall mit Leichtverletzten,Zusammenstoß mit anfahrendem/ anhaltendem/ruhendem Fahrzeug,Unfall durch ruhenden Verkehr,Tageslicht,1,1,0,0,0,0,"350876,5487","5646397,413",6.877000492,50.94988041,trocken,"5,20042E+18","Rad, PKW"
205956,5,3,15,0,2020,April,19,Donnerstag,Unfall mit Leichtverletzten,Unfall anderer Art,Überschreiten-Unfall,Tageslicht,1,0,1,0,0,0,"354507,7916","5646322,92",6.928689957,50.95013898,trocken,"5,20042E+18","Rad, Fuss"
205959,5,3,15,0,2020,April,14,Donnerstag,Unfall mit Leichtverletzten,Zusammenstoß zwischen Fahrzeug und Fußgänger,Überschreiten-Unfall,Tageslicht,1,0,1,0,0,0,"356766,8999","5641959,697",6.962544515,50.91149288,trocken,"5,20042E+18","Rad, Fuss"
205989,5,3,15,0,2020,April,0,Montag,Unfall mit Leichtverletzten,Unfall anderer Art,Fahrunfall,Dunkelheit,1,0,0,0,0,0,"356465,7224","5643870,181",6.957511405,50.92858741,trocken,"5,20043E+18",Rad
205998,5,3,15,0,2020,April,17,Dienstag,Unfall mit Leichtverletzten,Zusammenstoß mit vorausfahrendem / wartendem Fahrzeug,Unfall im Längsverkehr,Tageslicht,0,1,0,0,0,0,"353336,7548","5647969,987",6.911366491,50.96464371,trocken,"5,20043E+18",PKW
206011,5,3,15,0,2020,April,16,Dienstag,Unfall mit Leichtverletzten,Unfall anderer Art,Sonstiger Unfall,Tageslicht,1,1,0,0,0,0,"355534,4912","5644634,591",6.943966126,50.93522455,trocken,"5,20043E+18","Rad, PKW"
206017,5,3,15,0,2020,April,15,Mittwoch,Unfall mit Leichtverletzten,Unfall anderer Art,Sonstiger Unfall,Tageslicht,1,1,0,0,0,0,"354976,5819","5647026,59",6.935078959,50.9565808,nass/feucht,"5,20043E+18","Rad, PKW"
206026,5,3,15,0,2020,April,14,Sonntag,Unfall mit Schwerverletzten,Unfall anderer Art,Fahrunfall,Tageslicht,1,0,0,0,0,0,"356478,4953","5651358,54",6.95473927,50.99588721,trocken,"5,20043E+18",Rad
206044,5,3,15,0,2020,April,16,Montag,Unfall mit Leichtverletzten,Unfall anderer Art,Fahrunfall,Tageslicht,1,0,0,0,0,0,"362719,647","5637572,889",7.048815801,50.87351324,trocken,"5,20043E+18",Rad
206049,5,3,15,0,2020,April,16,Dienstag,Unfall mit Leichtverletzten,Zusammenstoß mit einbiegendem / kreuzendem Fahrzeug,Abbiegeunfall,Tageslicht,1,1,0,0,0,0,"357184,797","5641525,451",6.968654932,50.90769387,trocken,"5,20043E+18","Rad, PKW"
206060,5,3,15,0,2020,April,22,Samstag,Unfall mit Schwerverletzten,Zusammenstoß mit anfahrendem/ anhaltendem/ruhendem Fahrzeug,Unfall durch ruhenden Verkehr,Dunkelheit,1,1,0,0,0,0,"356872,68","5647608,408",6.961829401,50.96228357,trocken,"5,20042E+18","Rad, PKW"
206066,5,3,15,0,2020,April,20,Samstag,Unfall mit Schwerverletzten,Unfall anderer Art,Fahrunfall,Tageslicht,1,0,0,0,0,0,"349626,893","5649865,991",6.85778926,50.98072533,trocken,"5,20042E+18",Rad
206071,5,3,15,0,2020,April,10,Samstag,Unfall mit Leichtverletzten,Zusammenstoß mit einbiegendem / kreuzendem Fahrzeug,Einbiegen / Kreuzen-Unfall,Tageslicht,0,1,0,0,0,1,"358929,0395","5637271,073",6.995090572,50.86988799,trocken,"5,20042E+18","PKW, Sonstige"
206078,5,3,15,0,2020,April,21,Samstag,Unfall mit Leichtverletzten,Unfall anderer Art,Fahrunfall,Dunkelheit,1,0,0,0,0,0,"354887,0108","5643834,214",6.935076214,50.9278692,trocken,"5,20042E+18",Rad
206087,5,3,15,0,2020,April,20,Samstag,Unfall mit Schwerverletzten,Unfall anderer Art,Fahrunfall,Tageslicht,1,0,0,0,0,0,"355146,346","5644383,191",6.938545783,50.93286791,trocken,"5,20042E+18",Rad
206089,5,3,15,0,2020,April,10,Samstag,Unfall mit Leichtverletzten,Zusammenstoß mit anfahrendem/ anhaltendem/ruhendem Fahrzeug,Unfall durch ruhenden Verkehr,Tageslicht,1,1,0,0,0,0,"354788,0117","5645205,38",6.933122119,50.94016661,trocken,"5,20042E+18","Rad, PKW"
206093,5,3,15,0,2020,April,13,Montag,Unfall mit Leichtverletzten,Zusammenstoß mit einbiegendem / kreuzendem Fahrzeug,Einbiegen / Kreuzen-Unfall,Tageslicht,1,1,0,0,0,0,"355541,3032","5641073,106",6.945473532,50.90321978,trocken,"5,20043E+18","Rad, PKW"
206099,5,3,15,0,2020,April,14,Dienstag,Unfall mit Leichtverletzten,Unfall anderer Art,Fahrunfall,Tageslicht,1,0,0,0,0,0,"352163,1287","5643752,209",6.896376936,50.92644063,trocken,"5,20043E+18",Rad
206103,5,3,15,0,2020,April,18,Dienstag,Unfall mit Leichtverletzten,Unfall anderer Art,Fahrunfall,Tageslicht,1,0,0,0,0,0,"358637,4965","5650610,455",6.985776883,50.98969861,trocken,"5,20043E+18",Rad
206122,5,3,15,0,2020,April,11,Mittwoch,Unfall mit Leichtverletzten,Unfall anderer Art,Fahrunfall,Tageslicht,0,0,0,1,0,0,"355704,5754","5648279,227",6.944940607,50.9680207,nass/feucht,"5,20043E+18",Krad
206149,5,3,15,0,2020,April,17,Montag,Unfall mit Leichtverletzten,Zusammenstoß zwischen Fahrzeug und Fußgänger,Überschreiten-Unfall,Tageslicht,0,1,1,0,0,0,"359809,5261","5634921,494",7.008495991,50.84898589,trocken,"5,20043E+18","Fuss, PKW"
206154,5,3,15,0,2020,April,19,Dienstag,Unfall mit Leichtverletzten,Unfall anderer Art,Fahrunfall,Tageslicht,1,0,0,0,0,0,"360554,4008","5636885,99",7.018322256,50.86682151,trocken,"5,20043E+18",Rad
206167,5,3,15,0,2020,April,17,Dienstag,Unfall mit Leichtverletzten,Unfall anderer Art,Fahrunfall,Tageslicht,1,0,0,0,0,0,"355343,575","5645936,546",6.940733893,50.94687707,trocken,"5,20043E+18",Rad
206174,5,3,15,0,2020,April,13,Mittwoch,Unfall mit Leichtverletzten,Zusammenstoß mit anfahrendem/ anhaltendem/ruhendem Fahrzeug,Unfall durch ruhenden Verkehr,Tageslicht,1,1,0,0,0,0,"353628,5193","5642466,559",6.917729668,50.91526057,trocken,"5,20043E+18","Rad, PKW"
206193,5,3,15,0,2020,April,16,Dienstag,Unfall mit Leichtverletzten,Zusammenstoß zwischen Fahrzeug und Fußgänger,Überschreiten-Unfall,Tageslicht,0,1,1,0,0,0,"363012,9379","5640866,652",7.051746939,50.90318544,trocken,"5,20043E+18","Fuss, PKW"
206201,5,3,15,0,2020,April,12,Montag,Unfall mit Schwerverletzten,Zusammenstoß mit einbiegendem / kreuzendem Fahrzeug,Einbiegen / Kreuzen-Unfall,Tageslicht,0,1,0,0,0,0,"361817,365","5644841,736",7.033247858,50.9386259,trocken,"5,20043E+18",PKW
206206,5,3,15,0,2020,April,7,Dienstag,Unfall mit Schwerverletzten,Zusammenstoß mit entgegenkommendem Fahrzeug,Abbiegeunfall,Tageslicht,0,1,0,0,0,0,"355313,9054","5642610,156",6.941632266,50.91697604,trocken,"5,20043E+18",PKW
206226,5,3,15,0,2020,April,6,Mittwoch,Unfall mit Leichtverletzten,Unfall anderer Art,Fahrunfall,Tageslicht,1,0,0,0,0,0,"359064,275","5642499,8",6.994993914,50.91691239,trocken,"5,20043E+18",Rad
206312,5,3,15,0,2020,Mai,13,Montag,Unfall mit Schwerverletzten,Unfall anderer Art,Fahrunfall,Tageslicht,1,0,0,0,0,0,"353836,018","5657791,236",6.914515673,51.0530296,trocken,"5,2005E+18",Rad
206314,5,3,15,0,2020,Mai,13,Montag,Unfall mit Schwerverletzten,Zusammenstoß mit einbiegendem / kreuzendem Fahrzeug,Einbiegen / Kreuzen-Unfall,Tageslicht,1,1,0,0,0,0,"354537,236","5645319,209",6.929509737,50.94112635,trocken,"5,2005E+18","Rad, PKW"
206315,5,3,15,0,2020,Mai,11,Montag,Unfall mit Leichtverletzten,Unfall anderer Art,Unfall durch ruhenden Verkehr,Tageslicht,1,1,0,0,0,0,"350288,6959","5646411,871",6.868631747,50.94985795,trocken,"5,2005E+18","Rad, PKW"
206331,5,3,15,0,2020,Mai,12,Dienstag,Unfall mit Leichtverletzten,Unfall anderer Art,Unfall durch ruhenden Verkehr,Tageslicht,1,1,0,0,0,0,"356861,0114","5646679,681",6.962028621,50.95393432,trocken,"5,2005E+18","Rad, PKW"
206339,5,3,15,0,2020,Mai,23,Dienstag,Unfall mit Leichtverletzten,Unfall anderer Art,Abbiegeunfall,Dunkelheit,0,1,1,0,0,0,"354170,835","5646597,226",6.923786345,50.95251891,trocken,"5,2005E+18","Fuss, PKW"
206372,5,3,15,0,2020,Mai,17,Dienstag,Unfall mit Leichtverletzten,Unfall anderer Art,Fahrunfall,Tageslicht,1,0,0,0,0,0,"355245,2227","5642068,766",6.940870629,50.91209345,trocken,"5,2005E+18",Rad
206380,5,3,15,0,2020,Mai,12,Sonntag,Unfall mit Schwerverletzten,Unfall anderer Art,Fahrunfall,Tageslicht,1,0,0,0,0,0,"359731,7624","5643965,822",7.003919754,50.93025039,nass/feucht,"5,2005E+18",Rad
206381,5,3,15,0,2020,Mai,10,Sonntag,Unfall mit Leichtverletzten,Unfall anderer Art,Fahrunfall,Tageslicht,1,0,0,0,0,0,"353630,8431","5647654,962",6.915678373,50.9618875,nass/feucht,"5,2005E+18",Rad
206382,5,3,15,0,2020,Mai,19,Sonntag,Unfall mit Leichtverletzten,Unfall anderer Art,Unfall durch ruhenden Verkehr,Tageslicht,0,1,0,0,0,0,"351765,717","5646981,528",6.88941211,50.95535889,trocken,"5,2005E+18",PKW
206384,5,3,15,0,2020,Mai,10,Sonntag,Unfall mit Leichtverletzten,Unfall anderer Art,Fahrunfall,Tageslicht,0,0,0,0,0,1,"357474,1402","5640117,95",6.973317102,50.89511614,nass/feucht,"5,2005E+18",Sonstige
206385,5,3,15,0,2020,Mai,19,Dienstag,Unfall mit Leichtverletzten,Zusammenstoß mit einbiegendem / kreuzendem Fahrzeug,Abbiegeunfall,Tageslicht,1,0,0,0,0,0,"354105,192","5642724,946",6.924402682,50.91770333,trocken,"5,2005E+18",Rad
206386,5,3,15,0,2020,Mai,13,Sonntag,Unfall mit Leichtverletzten,Zusammenstoß mit seitlich in gleicher Richtung fahrendem Fahrzeug,Einbiegen / Kreuzen-Unfall,Tageslicht,1,0,0,0,0,0,"355279,9417","5644984,41",6.940206942,50.93830447,trocken,"5,2005E+18",Rad
206396,5,3,15,0,2020,Mai,8,Dienstag,Unfall mit Leichtverletzten,Zusammenstoß zwischen Fahrzeug und Fußgänger,Sonstiger Unfall,Tageslicht,0,1,1,0,0,0,"356731,4423","5644051,885",6.961218617,50.93028641,trocken,"5,2005E+18","Fuss, PKW"
206400,5,3,15,0,2020,April,17,Donnerstag,Unfall mit Leichtverletzten,Zusammenstoß mit einbiegendem / kreuzendem Fahrzeug,Einbiegen / Kreuzen-Unfall,Tageslicht,1,1,0,0,0,0,"361060,3812","5648840,53",7.020954089,50.97438197,nass/feucht,"5,20043E+18","Rad, PKW"
206402,5,3,15,0,2020,April,10,Donnerstag,Unfall mit Leichtverletzten,Zusammenstoß mit einbiegendem / kreuzendem Fahrzeug,Einbiegen / Kreuzen-Unfall,Tageslicht,1,1,0,0,0,0,"351598,3778","5648321,405",6.886484787,50.96735654,trocken,"5,20043E+18","Rad, PKW"
206404,5,3,15,0,2020,April,9,Donnerstag,Unfall mit Leichtverletzten,Zusammenstoß mit einbiegendem / kreuzendem Fahrzeug,Einbiegen / Kreuzen-Unfall,Tageslicht,1,1,0,0,0,0,"356850,657","5644296,877",6.962817737,50.93251774,trocken,"5,20043E+18","Rad, PKW"
206425,5,3,15,0,2020,Mai,16,Samstag,Unfall mit Leichtverletzten,Zusammenstoß mit einbiegendem / kreuzendem Fahrzeug,Einbiegen / Kreuzen-Unfall,Tageslicht,1,0,0,0,0,0,"358215,9248","5642122,151",6.983079691,50.91331063,trocken,"5,2005E+18",Rad