OBJECTID,ULAND,UREGBEZ,UKREIS,UGEMEINDE,UJAHR,UMONAT,USTUNDE,UWOCHENTAG,UKATEGORIE,UART,UTYP1,ULICHTVERH,IstRad,IstPKW,IstFuss,IstKrad,IstGkfz,IstSonstige,LINREFX,LINREFY,XGCSWGS84,YGCSWGS84,USTRZUSTAND,UIDENTSTLAE,Participants
206427,5,3,15,0,2020,Mai,13,Samstag,Unfall mit Leichtverletzten,Zusammenstoß zwischen Fahrzeug und Fußgänger,Sonstiger Unfall,Tageslicht,0,1,1,0,0,0,"354003,6401","5644539,716",6.92223229,50.93398643,trocken,"5,2005E+18","Fuss, PKW"
206437,5,3,15,0,2020,Mai,16,Dienstag,Unfall mit Leichtverletzten,Zusammenstoß mit seitlich in gleicher Richtung fahrendem Fahrzeug,Unfall im Längsverkehr,Tageslicht,0,1,0,1,0,0,"356172,6328","5645399,395",6.952740036,50.94225723,trocken,"5,2005E+18","Krad, PKW"
206474,5,3,15,0,2020,April,7,Freitag,Unfall mit Leichtverletzten,Unfall anderer Art,Fahrunfall,Tageslicht,1,0,0,0,0,0,"348498,887","5644863,267",6.84381435,50.93547423,nass/feucht,"5,20043E+18",Rad
206475,5,3,15,0,2020,April,9,Freitag,Unfall mit Leichtverletzten,Zusammenstoß mit vorausfahrendem / wartendem Fahrzeug,Unfall im Längsverkehr,Tageslicht,0,1,0,0,0,0,"358873,0923","5640012,807",6.993237379,50.89451475,trocken,"5,20043E+18",PKW
206477,5,3,15,0,2020,April,1,Freitag,Unfall mit Leichtverletzten,Unfall anderer Art,Fahrunfall,Dunkelheit,1,0,0,0,0,0,"355507,255","5642316,027",6.944497542,50.91438121,nass/feucht,"5,20043E+18",Rad
206479,5,3,15,0,2020,April,16,Freitag,Unfall mit Leichtverletzten,Zusammenstoß mit entgegenkommendem Fahrzeug,Unfall im Längsverkehr,Tageslicht,1,1,0,0,0,0,"353847,0497","5641435,593",6.921249176,50.90605096,nass/feucht,"5,20043E+18","Rad, PKW"
206481,5,3,15,0,2020,April,16,Freitag,Unfall mit Schwerverletzten,Zusammenstoß mit einbiegendem / kreuzendem Fahrzeug,Einbiegen / Kreuzen-Unfall,Tageslicht,0,0,0,1,0,1,"352951,1103","5643823,335",6.907552703,50.9272812,nass/feucht,"5,20043E+18","Krad, Sonstige"
206499,5,3,15,0,2020,Mai,10,Freitag,Unfall mit Leichtverletzten,Zusammenstoß mit anfahrendem/ anhaltendem/ruhendem Fahrzeug,Sonstiger Unfall,Tageslicht,1,1,0,0,0,0,"353044,0179","5647061,96",6.907567292,50.95640908,trocken,"5,20051E+18","Rad, PKW"
206503,5,3,15,0,2020,Mai,14,Samstag,Unfall mit Leichtverletzten,Zusammenstoß zwischen Fahrzeug und Fußgänger,Abbiegeunfall,Tageslicht,0,1,1,0,0,0,"354247,5078","5642895,89",6.926357638,50.91927552,trocken,"5,20051E+18","Fuss, PKW"
206515,5,3,15,0,2020,Mai,16,Sonntag,Unfall mit Leichtverletzten,Zusammenstoß mit einbiegendem / kreuzendem Fahrzeug,Abbiegeunfall,Tageslicht,1,1,0,0,0,0,"359611,9434","5636163,379",7.005214772,50.86009913,trocken,"5,20051E+18","Rad, PKW"
206537,5,3,15,0,2020,Mai,8,Freitag,Unfall mit Leichtverletzten,Zusammenstoß zwischen Fahrzeug und Fußgänger,Überschreiten-Unfall,Tageslicht,0,1,1,0,0,0,"365568,2196","5636321,026",7.089738704,50.86293146,trocken,"5,20051E+18","Fuss, PKW"
206541,5,3,15,0,2020,Mai,11,Samstag,Unfall mit Schwerverletzten,Unfall anderer Art,Einbiegen / Kreuzen-Unfall,Tageslicht,1,1,0,0,0,0,"357062,3128","5642046,703",6.966709778,50.91234803,trocken,"5,20051E+18","Rad, PKW"
206544,5,3,15,0,2020,Mai,22,Samstag,Unfall mit Leichtverletzten,Zusammenstoß mit anfahrendem/ anhaltendem/ruhendem Fahrzeug,Unfall durch ruhenden Verkehr,Dunkelheit,1,1,0,0,0,0,"353751,6667","5647007,283",6.917657985,50.95609774,trocken,"5,20051E+18","Rad, PKW"
206548,5,3,15,0,2020,Mai,15,Freitag,Unfall mit Leichtverletzten,Zusammenstoß mit anfahrendem/ anhaltendem/ruhendem Fahrzeug,Fahrunfall,Tageslicht,1,1,0,0,0,0,"355260,5522","5642339,012",6.940981337,50.91452595,trocken,"5,20051E+18","Rad, PKW"
206562,5,3,15,0,2020,Mai,14,Freitag,Unfall mit Leichtverletzten,Zusammenstoß mit einbiegendem / kreuzendem Fahrzeug,Abbiegeunfall,Tageslicht,1,1,0,0,0,0,"355005,4247","5644604,153",6.936453772,50.93481823,trocken,"5,20051E+18","Rad, PKW"
206566,5,3,15,0,2020,Mai,16,Sonntag,Unfall mit Leichtverletzten,Abkommen von Fahrbahn nach links,Fahrunfall,Tageslicht,0,0,0,1,0,0,"359588,0691","5636161,45",7.0048765,50.860076,trocken,"5,20051E+18",Krad
206585,5,3,15,0,2020,Mai,10,Freitag,Unfall mit Leichtverletzten,Zusammenstoß mit einbiegendem / kreuzendem Fahrzeug,Einbiegen / Kreuzen-Unfall,Tageslicht,0,1,0,0,0,1,"360098,797","5647248,205",7.007878601,50.95983879,trocken,"5,20051E+18","PKW, Sonstige"
206586,5,3,15,0,2020,Mai,21,Donnerstag,Unfall mit Schwerverletzten,Zusammenstoß mit einbiegendem / kreuzendem Fahrzeug,Einbiegen / Kreuzen-Unfall,Dämmerung,1,0,0,0,0,1,"367702,6868","5637641,855",7.119573944,50.87529524,trocken,"5,20051E+18","Rad, Sonstige"
206591,5,3,15,0,2020,Mai,11,Donnerstag,Unfall mit Leichtverletzten,Unfall anderer Art,Sonstiger Unfall,Tageslicht,0,0,0,1,0,0,"363989,8176","5643295,892",7.064726197,50.92524919,trocken,"5,20051E+18",Krad
206594,5,3,15,0,2020,Mai,19,Samstag,Unfall mit Leichtverletzten,Unfall anderer Art,Überschreiten-Unfall,Tageslicht,1,0,1,0,0,0,"354369,2993","5646880,169",6.92649677,50.95511181,trocken,"5,20051E+18","Rad, Fuss"
206598,5,3,15,0,2020,Mai,13,Freitag,Unfall mit Leichtverletzten,Zusammenstoß mit anfahrendem/ anhaltendem/ruhendem Fahrzeug,Unfall durch ruhenden Verkehr,Tageslicht,1,1,0,0,0,0,"354087,6718","5641827,898",6.924512338,50.90963737,trocken,"5,20051E+18","Rad, PKW"
206599,5,3,15,0,2020,Mai,10,Donnerstag,Unfall mit Leichtverletzten,Zusammenstoß mit einbiegendem / kreuzendem Fahrzeug,Abbiegeunfall,Tageslicht,1,0,0,0,1,0,"363967,7659","5645278,733",7.063672478,50.9430647,trocken,"5,20051E+18","Rad, Gkfz"
206607,5,3,15,0,2020,Mai,15,Samstag,Unfall mit Leichtverletzten,Zusammenstoß mit seitlich in gleicher Richtung fahrendem Fahrzeug,Unfall im Längsverkehr,Tageslicht,0,1,0,1,0,0,"354300,4608","5644197,029",6.926590566,50.93098186,trocken,"5,20051E+18","Krad, PKW"
206617,5,3,15,0,2020,Mai,17,Sonntag,Unfall mit Leichtverletzten,Unfall anderer Art,Sonstiger Unfall,Tageslicht,0,1,0,1,0,0,"356458,7806","5644376,842",6.957213169,50.93313899,trocken,"5,20051E+18","Krad, PKW"
206620,5,3,15,0,2020,Mai,14,Sonntag,Unfall mit Leichtverletzten,Zusammenstoß mit entgegenkommendem Fahrzeug,Unfall im Längsverkehr,Tageslicht,1,0,0,0,0,0,"361180,7572","5648750,893",7.022701846,50.97360541,trocken,"5,20051E+18",Rad
206632,5,3,15,0,2020,Mai,16,Donnerstag,Unfall mit Leichtverletzten,Unfall anderer Art,Fahrunfall,Tageslicht,1,0,0,0,0,0,"357305,891","5645162,111",6.968953066,50.94040635,trocken,"5,20051E+18",Rad
206636,5,3,15,0,2020,Mai,19,Samstag,Unfall mit Leichtverletzten,Unfall anderer Art,Sonstiger Unfall,Tageslicht,1,0,0,0,0,0,"351064,4552","5645323,602",6.880112772,50.94027927,trocken,"5,20051E+18",Rad
206644,5,3,15,0,2020,Mai,18,Freitag,Unfall mit Leichtverletzten,Zusammenstoß mit entgegenkommendem Fahrzeug,Unfall im Längsverkehr,Tageslicht,1,0,0,0,0,0,"365788,2826","5634399,831",7.093568245,50.84571539,trocken,"5,20051E+18",Rad
206645,5,3,15,0,2020,Mai,17,Donnerstag,Unfall mit Leichtverletzten,Abkommen von Fahrbahn nach rechts,Fahrunfall,Tageslicht,1,0,0,0,0,0,"362087,2721","5649894,167",7.03517206,50.98409809,trocken,"5,20051E+18",Rad
206649,5,3,15,0,2020,Mai,17,Samstag,Unfall mit Leichtverletzten,Zusammenstoß mit seitlich in gleicher Richtung fahrendem Fahrzeug,Unfall im Längsverkehr,Tageslicht,1,0,0,0,0,0,"355250,099","5643011,841",6.940565751,50.92056992,trocken,"5,20051E+18",Rad
206655,5,3,15,0,2020,Mai,18,Freitag,Unfall mit Leichtverletzten,Zusammenstoß mit einbiegendem / kreuzendem Fahrzeug,Abbiegeunfall,Tageslicht,1,1,0,0,0,0,"354348,609","5645495,487",6.926756251,50.94266289,trocken,"5,20051E+18","Rad, PKW"
206656,5,3,15,0,2020,Mai,18,Donnerstag,Unfall mit Leichtverletzten,Zusammenstoß mit einbiegendem / kreuzendem Fahrzeug,Einbiegen / Kreuzen-Unfall,Tageslicht,1,1,0,0,0,0,"352870,9524","5653841,658",6.902359573,51.01729065,trocken,"5,20051E+18","Rad, PKW"
206670,5,3,15,0,2020,Mai,17,Freitag,Unfall mit Schwerverletzten,Unfall anderer Art,Fahrunfall,Tageslicht,1,0,0,0,0,0,"355230,0593","5643306,775",6.940163755,50.9232154,trocken,"5,20051E+18",Rad
206674,5,3,15,0,2020,Mai,13,Sonntag,Unfall mit Leichtverletzten,Zusammenstoß mit einbiegendem / kreuzendem Fahrzeug,Einbiegen / Kreuzen-Unfall,Tageslicht,1,1,0,0,0,0,"352689,286","5642959,195",6.904178789,50.91944872,trocken,"5,20051E+18","Rad, PKW"
206695,5,3,15,0,2020,Mai,18,Freitag,Unfall mit Leichtverletzten,Zusammenstoß mit anfahrendem/ anhaltendem/ruhendem Fahrzeug,Unfall durch ruhenden Verkehr,Tageslicht,1,1,0,0,0,0,"362744,4687","5645718,765",7.046104611,50.9467295,trocken,"5,20051E+18","Rad, PKW"
206696,5,3,15,0,2020,Mai,16,Donnerstag,Unfall mit Leichtverletzten,Unfall anderer Art,Einbiegen / Kreuzen-Unfall,Tageslicht,1,0,0,1,0,0,"356739,7745","5648677,82",6.959516898,50.97186118,trocken,"5,20051E+18","Rad, Krad"
206700,5,3,15,0,2020,Mai,16,Donnerstag,Unfall mit Leichtverletzten,Zusammenstoß mit einbiegendem / kreuzendem Fahrzeug,Einbiegen / Kreuzen-Unfall,Tageslicht,1,1,0,0,0,0,"354201,9254","5641503,584",6.92626592,50.90675171,trocken,"5,20051E+18","Rad, PKW"
206703,5,3,15,0,2020,Mai,16,Samstag,Unfall mit Leichtverletzten,Zusammenstoß mit vorausfahrendem / wartendem Fahrzeug,Unfall im Längsverkehr,Tageslicht,0,1,0,0,0,0,"353536,1493","5645674,737",6.915127554,50.94406793,trocken,"5,20051E+18",PKW
206707,5,3,15,0,2020,Mai,12,Freitag,Unfall mit Leichtverletzten,Zusammenstoß mit einbiegendem / kreuzendem Fahrzeug,Abbiegeunfall,Tageslicht,1,1,0,0,0,0,"355568,3363","5641869,232",6.945542716,50.91038122,trocken,"5,20051E+18","Rad, PKW"
206708,5,3,15,0,2020,Mai,7,Donnerstag,Unfall mit Leichtverletzten,Zusammenstoß mit einbiegendem / kreuzendem Fahrzeug,Einbiegen / Kreuzen-Unfall,Tageslicht,0,1,0,0,0,0,"356862,8763","5645763,57",6.96241529,50.9457018,trocken,"5,20051E+18",PKW
206713,5,3,15,0,2020,Mai,18,Mittwoch,Unfall mit Leichtverletzten,Zusammenstoß mit entgegenkommendem Fahrzeug,Abbiegeunfall,Tageslicht,1,1,0,0,0,0,"359080,8963","5644563,716",6.994432513,50.93546507,trocken,"5,20051E+18","Rad, PKW"
206715,5,3,15,0,2020,Mai,22,Samstag,Unfall mit Schwerverletzten,Zusammenstoß mit anfahrendem/ anhaltendem/ruhendem Fahrzeug,Fahrunfall,Dunkelheit,0,1,0,0,0,0,"353226,3481","5644291,221",6.911278059,50.93155601,trocken,"5,20051E+18",PKW
206716,5,3,15,0,2020,Mai,11,Mittwoch,Unfall mit Leichtverletzten,Unfall anderer Art,Fahrunfall,Tageslicht,1,1,0,0,0,0,"359875,9495","5646276,424",7.005081523,50.95105113,trocken,"5,20051E+18","Rad, PKW"
206717,5,3,15,0,2020,Mai,18,Mittwoch,Unfall mit Leichtverletzten,Zusammenstoß zwischen Fahrzeug und Fußgänger,Überschreiten-Unfall,Tageslicht,0,1,1,0,0,0,"359387,6319","5647492,93",6.997664003,50.96186504,trocken,"5,20051E+18","Fuss, PKW"
206719,5,3,15,0,2020,Mai,18,Mittwoch,Unfall mit Leichtverletzten,Unfall anderer Art,Fahrunfall,Tageslicht,1,0,0,0,0,0,"359246,517","5646086,358",6.996199739,50.94918963,trocken,"5,20051E+18",Rad
206724,5,3,15,0,2020,Mai,20,Sonntag,Unfall mit Leichtverletzten,Zusammenstoß mit vorausfahrendem / wartendem Fahrzeug,Unfall im Längsverkehr,Dämmerung,0,1,0,0,0,0,"356312,4022","5643710,887",6.95539393,50.92711768,trocken,"5,20051E+18",PKW
206725,5,3,15,0,2020,Mai,19,Mittwoch,Unfall mit Leichtverletzten,Unfall anderer Art,Abbiegeunfall,Tageslicht,1,1,0,0,0,0,"356557,8217","5648940,417",6.956823483,50.97417581,trocken,"5,20051E+18","Rad, PKW"
206727,5,3,15,0,2020,Mai,0,Mittwoch,Unfall mit Leichtverletzten,Unfall anderer Art,Fahrunfall,Dunkelheit,0,1,0,0,0,0,"352579,761","5649667,061",6.899905879,50.97970126,trocken,"5,20051E+18",PKW
206729,5,3,15,0,2020,Mai,12,Mittwoch,Unfall mit Leichtverletzten,Unfall anderer Art,Fahrunfall,Tageslicht,1,0,0,0,0,0,"354838,8729","5642470,057",6.934934677,50.91559771,trocken,"5,20051E+18",Rad
206735,5,3,15,0,2020,Mai,15,Mittwoch,Unfall mit Schwerverletzten,Unfall anderer Art,Fahrunfall,Tageslicht,1,0,0,0,0,0,"354879,4161","5643827,694",6.934970814,50.92780869,trocken,"5,20051E+18",Rad
206738,5,3,15,0,2020,Mai,15,Mittwoch,Unfall mit Leichtverletzten,Unfall anderer Art,Sonstiger Unfall,Tageslicht,1,0,1,0,1,0,"355306,7263","5644513,135",6.940775035,50.93407595,trocken,"5,20051E+18","Rad, Fuss, Gkfz"
206746,5,3,15,0,2020,Mai,11,Mittwoch,Unfall mit Leichtverletzten,Zusammenstoß mit einbiegendem / kreuzendem Fahrzeug,Unfall durch ruhenden Verkehr,Tageslicht,1,1,0,0,0,0,"356328,0027","5645032,209",6.955094896,50.93899611,trocken,"5,20051E+18","Rad, PKW"
206747,5,3,15,0,2020,Mai,7,Freitag,Unfall mit Schwerverletzten,Unfall anderer Art,Fahrunfall,Tageslicht,1,0,0,0,0,0,"358292,2447","5652222,764",6.980231599,51.0041034,trocken,"5,20051E+18",Rad
206752,5,3,15,0,2020,Mai,10,Samstag,Unfall mit Leichtverletzten,Zusammenstoß mit einbiegendem / kreuzendem Fahrzeug,Einbiegen / Kreuzen-Unfall,Tageslicht,1,1,0,0,0,0,"349087,8526","5645957,86",6.85173686,50.94546496,trocken,"5,20051E+18","Rad, PKW"
206756,5,3,15,0,2020,Mai,11,Freitag,Unfall mit Leichtverletzten,Unfall anderer Art,Fahrunfall,Tageslicht,1,0,0,0,0,0,"354860,8161","5642941,878",6.935058896,50.91984339,trocken,"5,20051E+18",Rad
206759,5,3,15,0,2020,Mai,10,Donnerstag,Unfall mit Schwerverletzten,Zusammenstoß zwischen Fahrzeug und Fußgänger,Sonstiger Unfall,Tageslicht,0,1,1,0,0,0,"353929,8129","5643033,278",6.921785899,50.92042985,trocken,"5,20051E+18","Fuss, PKW"
206761,5,3,15,0,2020,Mai,7,Donnerstag,Unfall mit Leichtverletzten,Unfall anderer Art,Unfall im Längsverkehr,Tageslicht,0,1,0,0,0,0,"356276,4549","5644100,451",6.954729179,50.93060969,trocken,"5,20051E+18",PKW
206762,5,3,15,0,2020,Mai,20,Donnerstag,Unfall mit Leichtverletzten,Zusammenstoß mit einbiegendem / kreuzendem Fahrzeug,Einbiegen / Kreuzen-Unfall,Tageslicht,1,0,0,0,0,0,"355359,3502","5645760,245",6.941028326,50.94529665,trocken,"5,20051E+18",Rad
206837,5,3,15,0,2020,Mai,17,Mittwoch,Unfall mit Leichtverletzten,Zusammenstoß mit einbiegendem / kreuzendem Fahrzeug,Einbiegen / Kreuzen-Unfall,Tageslicht,1,1,0,0,0,0,"365652,1392","5636324,121",7.090929348,50.86297879,trocken,"5,20051E+18","Rad, PKW"
206839,5,3,15,0,2020,Mai,12,Mittwoch,Unfall mit Leichtverletzten,Unfall anderer Art,Überschreiten-Unfall,Tageslicht,0,1,1,0,0,0,"360560,63","5647620,224",7.014308071,50.96329413,trocken,"5,20051E+18","Fuss, PKW"
206841,5,3,15,0,2020,Mai,10,Mittwoch,Unfall mit Schwerverletzten,Zusammenstoß mit seitlich in gleicher Richtung fahrendem Fahrzeug,Unfall im Längsverkehr,Tageslicht,1,1,0,0,0,0,"353268,9789","5647178,448",6.910721159,50.95751323,trocken,"5,20051E+18","Rad, PKW"
206842,5,3,15,0,2020,Mai,10,Mittwoch,Unfall mit Leichtverletzten,Zusammenstoß mit anfahrendem/ anhaltendem/ruhendem Fahrzeug,Unfall durch ruhenden Verkehr,Tageslicht,1,1,0,0,0,0,"356292,5447","5645325,097",6.954475027,50.94161942,trocken,"5,20051E+18","Rad, PKW"
206854,5,3,15,0,2020,Mai,19,Freitag,Unfall mit Leichtverletzten,Unfall anderer Art,Fahrunfall,Tageslicht,1,0,0,0,0,0,"354430,4028","5646728,273",6.927426901,50.95376221,trocken,"5,20051E+18",Rad
206863,5,3,15,0,2020,Mai,8,Freitag,Unfall mit Leichtverletzten,Unfall anderer Art,Unfall durch ruhenden Verkehr,Tageslicht,1,1,0,0,0,0,"361606,3329","5637650,42",7.0329727,50.87394453,trocken,"5,20051E+18","Rad, PKW"
206898,5,3,15,0,2020,Mai,13,Freitag,Unfall mit Leichtverletzten,Unfall anderer Art,Sonstiger Unfall,Tageslicht,1,1,0,0,0,0,"353689,1791","5643953,402",6.917995498,50.92863774,trocken,"5,20051E+18","Rad, PKW"
206906,5,3,15,0,2020,Mai,17,Dienstag,Unfall mit Leichtverletzten,Zusammenstoß mit einbiegendem / kreuzendem Fahrzeug,Sonstiger Unfall,Tageslicht,0,1,0,1,0,0,"361890,2573","5649451,171",7.032535323,50.98006956,trocken,"5,20051E+18","Krad, PKW"
206908,5,3,15,0,2020,Mai,15,Dienstag,Unfall mit Schwerverletzten,Zusammenstoß mit anfahrendem/ anhaltendem/ruhendem Fahrzeug,Unfall durch ruhenden Verkehr,Tageslicht,1,1,0,0,0,0,"357406,3571","5648650,622",6.969015433,50.97178216,trocken,"5,20051E+18","Rad, PKW"
206910,5,3,15,0,2020,Mai,13,Dienstag,Unfall mit Leichtverletzten,Unfall anderer Art,Sonstiger Unfall,Tageslicht,1,1,0,0,0,0,"356144,7228","5646495,588",6.951910008,50.95210156,trocken,"5,20051E+18","Rad, PKW"
206912,5,3,15,0,2020,Mai,12,Dienstag,Unfall mit Leichtverletzten,Zusammenstoß mit anfahrendem/ anhaltendem/ruhendem Fahrzeug,Unfall im Längsverkehr,Tageslicht,1,1,0,0,0,0,"354497,5735","5642382,632",6.930117594,50.9147261,trocken,"5,20051E+18","Rad, PKW"
206972,5,3,15,0,2020,Mai,10,Montag,Unfall mit Leichtverletzten,Zusammenstoß mit anfahrendem/ anhaltendem/ruhendem Fahrzeug,Unfall durch ruhenden Verkehr,Tageslicht,0,1,0,0,0,1,"355586,0799","5648479,167",6.943174767,50.96978782,trocken,"5,20051E+18","PKW, Sonstige"
206974,5,3,15,0,2020,Mai,17,Montag,Unfall mit Leichtverletzten,Zusammenstoß mit entgegenkommendem Fahrzeug,Überschreiten-Unfall,Tageslicht,0,1,1,0,0,0,"348592,3727","5644876,929",6.845138169,50.93562156,nass/feucht,"5,20051E+18","Fuss, PKW"
206997,5,3,15,0,2020,Mai,17,Donnerstag,Unfall mit Leichtverletzten,Zusammenstoß mit seitlich in gleicher Richtung fahrendem Fahrzeug,Unfall im Längsverkehr,Tageslicht,1,0,0,0,0,0,"360930,0154","5640869,8",7.02214079,50.90271577,trocken,"5,20051E+18",Rad
207003,5,3,15,0,2020,Mai,15,Donnerstag,Unfall mit Leichtverletzten,Zusammenstoß zwischen Fahrzeug und Fußgänger,Überschreiten-Unfall,Tageslicht,0,1,1,0,0,0,"358468,4556","5651083,785",6.983185449,50.99391086,trocken,"5,20051E+18","Fuss, PKW"
207006,5,3,15,0,2020,Mai,7,Donnerstag,Unfall mit Leichtverletzten,Abkommen von Fahrbahn nach rechts,Sonstiger Unfall,Tageslicht,0,1,0,0,0,1,"353201,0462","5650685,867",6.908338597,50.98901552,trocken,"5,20051E+18","PKW, Sonstige"
207014,5,3,15,0,2020,Mai,9,Donnerstag,Unfall mit Leichtverletzten,Zusammenstoß mit einbiegendem / kreuzendem Fahrzeug,Abbiegeunfall,Tageslicht,1,1,0,0,0,0,"357394,4518","5648303,604",6.968982047,50.9686606,trocken,"5,20051E+18","Rad, PKW"
207024,5,3,15,0,2020,Mai,18,Donnerstag,Unfall mit Schwerverletzten,Unfall anderer Art,Fahrunfall,Tageslicht,1,0,0,0,0,0,"350841,9548","5644399,62",6.877326322,50.93191846,trocken,"5,20051E+18",Rad
207028,5,3,15,0,2020,Mai,18,Sonntag,Unfall mit Leichtverletzten,Zusammenstoß mit entgegenkommendem Fahrzeug,Abbiegeunfall,Tageslicht,0,1,0,0,0,0,"355817,332","5648892,987",6.946302056,50.97356465,trocken,"5,20052E+18",PKW
207035,5,3,15,0,2020,Mai,11,Dienstag,Unfall mit Leichtverletzten,Zusammenstoß mit anfahrendem/ anhaltendem/ruhendem Fahrzeug,Unfall durch ruhenden Verkehr,Tageslicht,1,1,0,0,0,0,"356232,6585","5647664,896",6.952699215,50.96263187,trocken,"5,20052E+18","Rad, PKW"
207046,5,3,15,0,2020,Mai,9,Mittwoch,Unfall mit Leichtverletzten,Unfall anderer Art,Fahrunfall,Tageslicht,1,0,0,0,0,0,"354885,8165","5643833,189",6.93505964,50.92785968,trocken,"5,20052E+18",Rad
207052,5,3,15,0,2020,Mai,13,Sonntag,Unfall mit Leichtverletzten,Unfall anderer Art,Fahrunfall,Tageslicht,1,0,0,0,0,0,"354258,4388","5640279,244",6.927557869,50.89576313,trocken,"5,20052E+18",Rad
207065,5,3,15,0,2020,Mai,14,Sonntag,Unfall mit Leichtverletzten,Unfall anderer Art,Unfall durch ruhenden Verkehr,Tageslicht,1,1,0,0,0,0,"355181,0002","5644067,942",6.939163869,50.93004354,trocken,"5,20052E+18","Rad, PKW"
207076,5,3,15,0,2020,Mai,12,Sonntag,Unfall mit Leichtverletzten,Zusammenstoß zwischen Fahrzeug und Fußgänger,Überschreiten-Unfall,Tageslicht,0,1,1,0,0,0,"364887,839","5639900,257",7.078753536,50.89494168,trocken,"5,20052E+18","Fuss, PKW"
207083,5,3,15,0,2020,Mai,7,Dienstag,Unfall mit Leichtverletzten,Zusammenstoß mit einbiegendem / kreuzendem Fahrzeug,Abbiegeunfall,Tageslicht,1,1,0,0,0,0,"359166,5626","5639251,652",6.997701093,50.88774576,trocken,"5,20052E+18","Rad, PKW"
207095,5,3,15,0,2020,Mai,17,Mittwoch,Unfall mit Leichtverletzten,Unfall anderer Art,Sonstiger Unfall,Tageslicht,1,0,1,0,0,0,"357235,8058","5642945,711",6.968824239,50.92047033,trocken,"5,20052E+18","Rad, Fuss"
207099,5,3,15,0,2020,Mai,18,Montag,Unfall mit Schwerverletzten,Abkommen von Fahrbahn nach rechts,Fahrunfall,Tageslicht,0,0,0,1,0,0,"352324,9602","5653943,003",6.894539634,51.01806142,trocken,"5,20052E+18",Krad
207134,5,3,15,0,2020,Mai,12,Samstag,Unfall mit Leichtverletzten,Unfall anderer Art,Sonstiger Unfall,Tageslicht,1,1,0,0,0,0,"363028,9574","5646409,1",7.049892234,50.95300145,trocken,"5,20052E+18","Rad, PKW"
207135,5,3,15,0,2020,Mai,19,Dienstag,Unfall mit Leichtverletzten,Zusammenstoß mit anfahrendem/ anhaltendem/ruhendem Fahrzeug,Unfall im Längsverkehr,Tageslicht,0,1,0,0,0,0,"355879,4287","5646807,639",6.948012023,50.95483964,trocken,"5,20052E+18",PKW
207136,5,3,15,0,2020,Mai,5,Samstag,Unfall mit Leichtverletzten,Zusammenstoß mit entgegenkommendem Fahrzeug,Fahrunfall,Tageslicht,0,1,0,0,0,0,"363621,0781","5644497,36",7.059033131,50.93596026,trocken,"5,20052E+18",PKW
207142,5,3,15,0,2020,Mai,13,Samstag,Unfall mit Leichtverletzten,Zusammenstoß mit einbiegendem / kreuzendem Fahrzeug,Einbiegen / Kreuzen-Unfall,Tageslicht,1,1,0,0,0,0,"362164,0578","5650587,282",7.036002384,50.99034567,trocken,"5,20052E+18","Rad, PKW"
207145,5,3,15,0,2020,Mai,9,Samstag,Unfall mit Leichtverletzten,Zusammenstoß mit einbiegendem / kreuzendem Fahrzeug,Einbiegen / Kreuzen-Unfall,Tageslicht,0,1,0,0,0,1,"360060,1948","5648010,379",7.007036126,50.96667916,trocken,"5,20052E+18","PKW, Sonstige"
207146,5,3,15,0,2020,Mai,17,Dienstag,Unfall mit Leichtverletzten,Zusammenstoß mit anfahrendem/ anhaltendem/ruhendem Fahrzeug,Einbiegen / Kreuzen-Unfall,Tageslicht,1,1,0,0,0,0,"356723,9696","5645534,556",6.960529355,50.94360917,trocken,"5,20052E+18","Rad, PKW"
207147,5,3,15,0,2020,Mai,13,Mittwoch,Unfall mit Leichtverletzten,Unfall anderer Art,Unfall durch ruhenden Verkehr,Tageslicht,1,0,0,0,0,1,"349187,4494","5657488,273",6.848364874,51.04910529,trocken,"5,20052E+18","Rad, Sonstige"
207148,5,3,15,0,2020,Mai,10,Samstag,Unfall mit Leichtverletzten,Unfall anderer Art,Abbiegeunfall,Tageslicht,1,1,0,0,0,0,"353943,1597","5649652,268",6.919320533,50.97991577,trocken,"5,20052E+18","Rad, PKW"
207153,5,3,15,0,2020,Mai,13,Samstag,Unfall mit Schwerverletzten,Zusammenstoß mit entgegenkommendem Fahrzeug,Unfall im Längsverkehr,Tageslicht,1,1,0,0,0,0,"356018,0666","5645951,948",6.950322988,50.94718435,trocken,"5,20052E+18","Rad, PKW"
207157,5,3,15,0,2020,Mai,12,Samstag,Unfall mit Schwerverletzten,Zusammenstoß mit einbiegendem / kreuzendem Fahrzeug,Abbiegeunfall,Tageslicht,1,1,0,0,0,0,"355751,7815","5644073,807",6.947278425,50.93023927,trocken,"5,20052E+18","Rad, PKW"
207160,5,3,15,0,2020,Mai,7,Mittwoch,Unfall mit Leichtverletzten,Unfall anderer Art,Sonstiger Unfall,Tageslicht,1,1,0,0,0,0,"355407,96","5644612,042",6.942175522,50.93499019,trocken,"5,20052E+18","Rad, PKW"
207185,5,3,15,0,2020,Mai,11,Dienstag,Unfall mit Leichtverletzten,Unfall anderer Art,Fahrunfall,Tageslicht,1,0,0,0,0,1,"356958,0162","5640522,74",6.965824336,50.89862638,trocken,"5,20052E+18","Rad, Sonstige"
207197,5,3,15,0,2020,Mai,9,Mittwoch,Unfall mit Schwerverletzten,Zusammenstoß mit einbiegendem / kreuzendem Fahrzeug,Abbiegeunfall,Tageslicht,1,0,0,0,0,1,"357252,3976","5642726,351",6.96914599,50.91850305,trocken,"5,20052E+18","Rad, Sonstige"