OBJECTID,ULAND,UREGBEZ,UKREIS,UGEMEINDE,UJAHR,UMONAT,USTUNDE,UWOCHENTAG,UKATEGORIE,UART,UTYP1,ULICHTVERH,IstRad,IstPKW,IstFuss,IstKrad,IstGkfz,IstSonstige,LINREFX,LINREFY,XGCSWGS84,YGCSWGS84,USTRZUSTAND,UIDENTSTLAE,Participants
207232,5,3,15,0,2020,Mai,18,Dienstag,Unfall mit Leichtverletzten,Zusammenstoß mit einbiegendem / kreuzendem Fahrzeug,Unfall im Längsverkehr,Tageslicht,1,1,0,0,0,0,"354035,6446","5642783,574",6.923390489,50.91821261,trocken,"5,20052E+18","Rad, PKW"
207245,5,3,15,0,2020,Mai,17,Mittwoch,Unfall mit Leichtverletzten,Zusammenstoß mit anfahrendem/ anhaltendem/ruhendem Fahrzeug,Einbiegen / Kreuzen-Unfall,Tageslicht,1,1,0,0,0,0,"356466,9922","5646280,818",6.956579753,50.9502518,trocken,"5,20052E+18","Rad, PKW"
207251,5,3,15,0,2020,Mai,13,Montag,Unfall mit Schwerverletzten,Unfall anderer Art,Fahrunfall,Tageslicht,1,0,0,0,0,0,"358960,365","5639860,172",6.994536481,50.89316432,trocken,"5,20052E+18",Rad
207277,5,3,15,0,2020,Mai,9,Donnerstag,Unfall mit Leichtverletzten,Zusammenstoß mit einbiegendem / kreuzendem Fahrzeug,Abbiegeunfall,Tageslicht,1,0,0,0,0,0,"355698,4192","5649947,575",6.944190837,50.98301218,trocken,"5,20052E+18",Rad
207279,5,3,15,0,2020,Mai,17,Sonntag,Unfall mit Leichtverletzten,Zusammenstoß mit einbiegendem / kreuzendem Fahrzeug,Einbiegen / Kreuzen-Unfall,Tageslicht,1,1,0,0,0,0,"349862,519","5650253,395",6.86098344,50.98426813,trocken,"5,20052E+18","Rad, PKW"
207280,5,3,15,0,2020,Mai,2,Sonntag,Unfall mit Leichtverletzten,Unfall anderer Art,Überschreiten-Unfall,Dunkelheit,0,1,1,0,0,0,"353327,0318","5642783,042",6.913316521,50.91802816,trocken,"5,20052E+18","Fuss, PKW"
207281,5,3,15,0,2020,Mai,12,Sonntag,Unfall mit Leichtverletzten,Unfall anderer Art,Sonstiger Unfall,Tageslicht,0,0,0,0,0,1,"354740,2253","5644298,588",6.932803896,50.93200547,trocken,"5,20052E+18",Sonstige
207282,5,3,15,0,2020,Mai,20,Donnerstag,Unfall mit Leichtverletzten,Unfall anderer Art,Fahrunfall,Tageslicht,1,1,0,0,0,0,"353770,709","5642213,306",6.919852523,50.91302071,trocken,"5,20052E+18","Rad, PKW"
207342,5,3,15,0,2020,Mai,11,Samstag,Unfall mit Leichtverletzten,Unfall anderer Art,Unfall im Längsverkehr,Tageslicht,0,1,0,0,1,0,"356001,686","5650093,125",6.948450723,50.98439613,trocken,"5,20052E+18","PKW, Gkfz"
207343,5,3,15,0,2020,Mai,15,Samstag,Unfall mit Leichtverletzten,Zusammenstoß mit einbiegendem / kreuzendem Fahrzeug,Einbiegen / Kreuzen-Unfall,Tageslicht,1,1,0,0,0,0,"350888,745","5652431,677",6.87469904,51.00410958,trocken,"5,20052E+18","Rad, PKW"
207344,5,3,15,0,2020,Mai,17,Samstag,Unfall mit Leichtverletzten,Zusammenstoß zwischen Fahrzeug und Fußgänger,Einbiegen / Kreuzen-Unfall,Tageslicht,0,1,1,0,0,0,"352935,3097","5648265,638",6.905534063,50.96719825,trocken,"5,20052E+18","Fuss, PKW"
207346,5,3,15,0,2020,Mai,19,Samstag,Unfall mit Schwerverletzten,Zusammenstoß mit vorausfahrendem / wartendem Fahrzeug,Sonstiger Unfall,Tageslicht,0,1,0,1,0,0,"354476,3315","5643591,65",6.929333235,50.92558589,trocken,"5,20052E+18","Krad, PKW"
207349,5,3,15,0,2020,Mai,13,Samstag,Unfall mit Schwerverletzten,Zusammenstoß mit einbiegendem / kreuzendem Fahrzeug,Abbiegeunfall,Tageslicht,0,1,0,1,0,0,"357147,9412","5642088,829",6.967910531,50.91274782,trocken,"5,20052E+18","Krad, PKW"
207350,5,3,15,0,2020,Mai,20,Samstag,Unfall mit Leichtverletzten,Unfall anderer Art,Fahrunfall,Tageslicht,0,0,0,0,0,1,"354914,7675","5642126,612",6.936150177,50.91253033,nass/feucht,"5,20052E+18",Sonstige
207351,5,3,15,0,2020,Mai,17,Samstag,Unfall mit Leichtverletzten,Zusammenstoß mit einbiegendem / kreuzendem Fahrzeug,Einbiegen / Kreuzen-Unfall,Tageslicht,1,0,0,0,0,0,"354414,2475","5641623,431",6.929235935,50.90788233,trocken,"5,20052E+18",Rad
207352,5,3,15,0,2020,Mai,22,Samstag,Unfall mit Leichtverletzten,Zusammenstoß zwischen Fahrzeug und Fußgänger,Abbiegeunfall,Dunkelheit,0,1,1,0,0,0,"356451,2208","5645892,753",6.956508355,50.9467604,nass/feucht,"5,20052E+18","Fuss, PKW"
207378,5,3,15,0,2020,Mai,19,Montag,Unfall mit Leichtverletzten,Zusammenstoß mit anfahrendem/ anhaltendem/ruhendem Fahrzeug,Einbiegen / Kreuzen-Unfall,Tageslicht,1,1,0,0,0,0,"355386,066","5647250,914",6.940816246,50.95869965,nass/feucht,"5,20052E+18","Rad, PKW"
207381,5,3,15,0,2020,Mai,15,Montag,Unfall mit Leichtverletzten,Zusammenstoß mit anfahrendem/ anhaltendem/ruhendem Fahrzeug,Unfall durch ruhenden Verkehr,Tageslicht,1,1,0,0,0,0,"354265,4738","5643518,523",6.926364253,50.92487549,trocken,"5,20052E+18","Rad, PKW"
207433,5,3,15,0,2020,Mai,18,Freitag,Unfall mit Schwerverletzten,Unfall anderer Art,Fahrunfall,Tageslicht,1,0,0,0,0,0,"361345,7689","5636006,388",7.029894658,50.85910654,trocken,"5,20052E+18",Rad
207435,5,3,15,0,2020,Mai,12,Freitag,Unfall mit Leichtverletzten,Zusammenstoß mit seitlich in gleicher Richtung fahrendem Fahrzeug,Unfall im Längsverkehr,Tageslicht,1,1,0,0,0,0,"362769,454","5637014,232",7.049732888,50.86850415,trocken,"5,20052E+18","Rad, PKW"
207437,5,3,15,0,2020,Mai,14,Freitag,Unfall mit Leichtverletzten,Zusammenstoß mit einbiegendem / kreuzendem Fahrzeug,Einbiegen / Kreuzen-Unfall,Tageslicht,1,1,0,0,0,0,"357613,2954","5647506,798",6.972408639,50.96155391,trocken,"5,20052E+18","Rad, PKW"
207440,5,3,15,0,2020,Mai,19,Freitag,Unfall mit Leichtverletzten,Zusammenstoß mit einbiegendem / kreuzendem Fahrzeug,Einbiegen / Kreuzen-Unfall,Tageslicht,1,1,0,0,0,0,"354479,2789","5645362,218",6.928668182,50.94149824,trocken,"5,20052E+18","Rad, PKW"
207442,5,3,15,0,2020,Mai,19,Freitag,Unfall mit Leichtverletzten,Zusammenstoß mit einbiegendem / kreuzendem Fahrzeug,Einbiegen / Kreuzen-Unfall,Tageslicht,1,1,0,0,0,0,"355132,0725","5645922,334",6.937730773,50.94669624,trocken,"5,20052E+18","Rad, PKW"
207444,5,3,15,0,2020,Mai,12,Freitag,Unfall mit Leichtverletzten,Unfall anderer Art,Sonstiger Unfall,Tageslicht,1,0,0,0,0,0,"355785,7461","5648738,185",6.945913858,50.97216558,trocken,"5,20052E+18",Rad
207519,5,3,15,0,2020,Mai,23,Sonntag,Unfall mit Leichtverletzten,Zusammenstoß mit anfahrendem/ anhaltendem/ruhendem Fahrzeug,Unfall durch ruhenden Verkehr,Dunkelheit,0,1,0,0,0,0,"366149,9563","5648384,006",7.093573933,50.97148436,trocken,"5,20052E+18",PKW
207526,5,3,15,0,2020,Mai,20,Donnerstag,Unfall mit Leichtverletzten,Zusammenstoß zwischen Fahrzeug und Fußgänger,Überschreiten-Unfall,Tageslicht,0,1,1,0,0,0,"363657,901","5644493,475",7.059558333,50.93593405,trocken,"5,20052E+18","Fuss, PKW"
207527,5,3,15,0,2020,Mai,11,Donnerstag,Unfall mit Leichtverletzten,Zusammenstoß zwischen Fahrzeug und Fußgänger,Abbiegeunfall,Tageslicht,0,1,1,0,0,0,"362213,8507","5651283,098",7.036447459,50.99661104,trocken,"5,20052E+18","Fuss, PKW"
207534,5,3,15,0,2020,Mai,10,Freitag,Unfall mit Leichtverletzten,Unfall anderer Art,Fahrunfall,Tageslicht,1,0,0,0,0,0,"353007,5372","5641349,815",6.909351703,50.90506696,trocken,"5,20053E+18",Rad
207546,5,3,15,0,2020,Mai,12,Donnerstag,Unfall mit Leichtverletzten,Zusammenstoß mit einbiegendem / kreuzendem Fahrzeug,Abbiegeunfall,Tageslicht,1,1,0,0,0,0,"362339,907","5648507,897",7.039294021,50.97169978,trocken,"5,20053E+18","Rad, PKW"
207557,5,3,15,0,2020,Mai,14,Mittwoch,Unfall mit Leichtverletzten,Zusammenstoß zwischen Fahrzeug und Fußgänger,Unfall im Längsverkehr,Tageslicht,0,1,1,0,0,0,"363724,1413","5639349,675",7.062421636,50.88971989,trocken,"5,20053E+18","Fuss, PKW"
207558,5,3,15,0,2020,Mai,12,Donnerstag,Unfall mit Leichtverletzten,Unfall anderer Art,Sonstiger Unfall,Tageslicht,1,0,0,0,0,0,"352335,9965","5645968,742",6.897936754,50.94640387,trocken,"5,20053E+18",Rad
207568,5,3,15,0,2020,Mai,17,Mittwoch,Unfall mit Leichtverletzten,Unfall anderer Art,Fahrunfall,Tageslicht,1,0,0,0,0,0,"351879,1391","5652718,712",6.888687823,51.00694482,trocken,"5,20053E+18",Rad
207573,5,3,15,0,2020,Mai,7,Freitag,Unfall mit Leichtverletzten,Zusammenstoß mit entgegenkommendem Fahrzeug,Fahrunfall,Tageslicht,0,1,0,0,0,0,"354029,5234","5645337,665",6.922280725,50.9411639,trocken,"5,20053E+18",PKW
207584,5,3,15,0,2020,Mai,18,Freitag,Unfall mit Leichtverletzten,Zusammenstoß mit vorausfahrendem / wartendem Fahrzeug,Sonstiger Unfall,Tageslicht,1,1,0,0,0,0,"355669,6358","5643799,187",6.946218982,50.92775076,trocken,"5,20053E+18","Rad, PKW"
207606,5,3,15,0,2020,Mai,11,Mittwoch,Unfall mit Schwerverletzten,Zusammenstoß mit einbiegendem / kreuzendem Fahrzeug,Abbiegeunfall,Tageslicht,1,0,0,0,1,0,"354121,2352","5648886,48",6.922162827,50.97307907,trocken,"5,20053E+18","Rad, Gkfz"
207611,5,3,15,0,2020,Mai,1,Donnerstag,Unfall mit Schwerverletzten,Abkommen von Fahrbahn nach rechts,Fahrunfall,Dunkelheit,0,1,0,0,0,0,"350110,0519","5656574,523",6.861895957,51.04113568,trocken,"5,20053E+18",PKW
207620,5,3,15,0,2020,Mai,19,Donnerstag,Unfall mit Leichtverletzten,Zusammenstoß mit seitlich in gleicher Richtung fahrendem Fahrzeug,Unfall im Längsverkehr,Tageslicht,1,1,0,0,0,0,"354883,6216","5644873,43",6.934614252,50.93720753,trocken,"5,20053E+18","Rad, PKW"
207625,5,3,15,0,2020,Mai,16,Mittwoch,Unfall mit Leichtverletzten,Zusammenstoß mit einbiegendem / kreuzendem Fahrzeug,Einbiegen / Kreuzen-Unfall,Tageslicht,1,1,0,0,0,0,"356098,9558","5642218,59",6.952947542,50.91365338,trocken,"5,20053E+18","Rad, PKW"
207631,5,3,15,0,2020,Mai,16,Mittwoch,Unfall mit Leichtverletzten,Zusammenstoß zwischen Fahrzeug und Fußgänger,Überschreiten-Unfall,Tageslicht,0,1,1,0,0,0,"354005,9982","5642583,675",6.923049013,50.91640867,trocken,"5,20053E+18","Fuss, PKW"
207636,5,3,15,0,2020,Mai,15,Mittwoch,Unfall mit Leichtverletzten,Zusammenstoß mit anfahrendem/ anhaltendem/ruhendem Fahrzeug,Sonstiger Unfall,Tageslicht,1,1,0,0,0,0,"353702,1485","5643338,952",6.918426466,50.92311917,trocken,"5,20053E+18","Rad, PKW"
207637,5,3,15,0,2020,Mai,15,Freitag,Unfall mit Leichtverletzten,Zusammenstoß zwischen Fahrzeug und Fußgänger,Unfall im Längsverkehr,Tageslicht,1,0,1,0,0,0,"357367,4979","5641208,407",6.97137574,50.90488977,trocken,"5,20053E+18","Rad, Fuss"
207646,5,3,15,0,2020,Mai,18,Mittwoch,Unfall mit Schwerverletzten,Zusammenstoß mit einbiegendem / kreuzendem Fahrzeug,Abbiegeunfall,Tageslicht,0,1,0,1,0,0,"355906,9664","5645484,98",6.948927234,50.94296004,trocken,"5,20053E+18","Krad, PKW"
207650,5,3,15,0,2020,Mai,11,Donnerstag,Unfall mit Leichtverletzten,Zusammenstoß mit seitlich in gleicher Richtung fahrendem Fahrzeug,Unfall im Längsverkehr,Tageslicht,1,1,0,0,0,1,"364692,6343","5649000,187",7.07260049,50.97668174,trocken,"5,20053E+18","Rad, PKW, Sonstige"
207658,5,3,15,0,2020,Mai,9,Mittwoch,Unfall mit Leichtverletzten,Zusammenstoß mit anfahrendem/ anhaltendem/ruhendem Fahrzeug,Unfall durch ruhenden Verkehr,Tageslicht,1,1,0,0,0,0,"355819,7095","5645193,393",6.947801447,50.94031778,trocken,"5,20053E+18","Rad, PKW"
207662,5,3,15,0,2020,Mai,16,Donnerstag,Unfall mit Leichtverletzten,Zusammenstoß mit einbiegendem / kreuzendem Fahrzeug,Einbiegen / Kreuzen-Unfall,Tageslicht,1,1,0,0,0,0,"353679,976","5648396,476",6.916079298,50.96856367,trocken,"5,20053E+18","Rad, PKW"
207671,5,3,15,0,2020,Mai,13,Mittwoch,Unfall mit Leichtverletzten,Zusammenstoß mit anfahrendem/ anhaltendem/ruhendem Fahrzeug,Unfall durch ruhenden Verkehr,Tageslicht,1,0,0,0,1,0,"357939,2295","5648339,404",6.976721718,50.96911695,trocken,"5,20053E+18","Rad, Gkfz"
207672,5,3,15,0,2020,Mai,10,Donnerstag,Unfall mit Leichtverletzten,Zusammenstoß mit anfahrendem/ anhaltendem/ruhendem Fahrzeug,Sonstiger Unfall,Tageslicht,0,1,0,0,0,0,"356650,6847","5646199,525",6.959225137,50.94956695,trocken,"5,20053E+18",PKW
207673,5,3,15,0,2020,Mai,15,Dienstag,Unfall mit Leichtverletzten,Unfall anderer Art,Sonstiger Unfall,Tageslicht,1,0,0,0,0,0,"363920,3562","5638507,101",7.065523486,50.88219348,trocken,"5,20053E+18",Rad
207677,5,3,15,0,2020,Mai,14,Freitag,Unfall mit Leichtverletzten,Zusammenstoß mit anfahrendem/ anhaltendem/ruhendem Fahrzeug,Unfall im Längsverkehr,Tageslicht,0,1,0,0,0,0,"353638,5572","5648353,728",6.915507022,50.96816899,trocken,"5,20053E+18",PKW
207685,5,3,15,0,2020,Mai,13,Dienstag,Unfall mit Leichtverletzten,Zusammenstoß mit entgegenkommendem Fahrzeug,Unfall durch ruhenden Verkehr,Tageslicht,1,1,0,0,0,0,"359424,4396","5644626,014",6.999294614,50.93610879,trocken,"5,20053E+18","Rad, PKW"
207688,5,3,15,0,2020,Mai,14,Freitag,Unfall mit Leichtverletzten,Zusammenstoß mit vorausfahrendem / wartendem Fahrzeug,Sonstiger Unfall,Tageslicht,0,1,0,1,0,0,"357162,9679","5641715,266",6.968270365,50.90939433,trocken,"5,20053E+18","Krad, PKW"
207691,5,3,15,0,2020,Mai,15,Dienstag,Unfall mit Leichtverletzten,Zusammenstoß mit einbiegendem / kreuzendem Fahrzeug,Abbiegeunfall,Tageslicht,1,1,0,0,0,0,"357890,8499","5648125,764",6.976116608,50.96718505,trocken,"5,20053E+18","Rad, PKW"
207712,5,3,15,0,2020,Mai,7,Mittwoch,Unfall mit Leichtverletzten,Zusammenstoß mit vorausfahrendem / wartendem Fahrzeug,Unfall im Längsverkehr,Tageslicht,0,1,0,0,0,0,"357353,112","5649788,904",6.967810933,50.98199858,trocken,"5,20053E+18",PKW
207713,5,3,15,0,2020,Mai,11,Donnerstag,Unfall mit Schwerverletzten,Unfall anderer Art,Fahrunfall,Tageslicht,1,0,0,0,0,0,"354205,5793","5643377,361",6.92556906,50.92359177,trocken,"5,20053E+18",Rad
207716,5,3,15,0,2020,Mai,7,Donnerstag,Unfall mit Leichtverletzten,Zusammenstoß mit seitlich in gleicher Richtung fahrendem Fahrzeug,Unfall im Längsverkehr,Tageslicht,1,0,0,0,0,0,"355046,8557","5648409,765",6.935527811,50.96902868,trocken,"5,20053E+18",Rad
207727,5,3,15,0,2020,Mai,7,Freitag,Unfall mit Schwerverletzten,Zusammenstoß mit einbiegendem / kreuzendem Fahrzeug,Abbiegeunfall,Tageslicht,1,0,0,0,1,0,"360079,0687","5636801,113",7.011604056,50.86594385,trocken,"5,20053E+18","Rad, Gkfz"
207753,5,3,15,0,2020,Mai,19,Donnerstag,Unfall mit Leichtverletzten,Zusammenstoß mit einbiegendem / kreuzendem Fahrzeug,Einbiegen / Kreuzen-Unfall,Tageslicht,1,1,0,0,0,0,"362950,2821","5649417,349",7.047639416,50.98001887,trocken,"5,20053E+18","Rad, PKW"
207764,5,3,15,0,2020,Mai,16,Donnerstag,Unfall mit Leichtverletzten,Zusammenstoß mit einbiegendem / kreuzendem Fahrzeug,Abbiegeunfall,Tageslicht,1,1,0,0,0,0,"354977,1579","5651193,478",6.933425107,50.99402747,trocken,"5,20053E+18","Rad, PKW"
207771,5,3,15,0,2020,Mai,9,Mittwoch,Unfall mit Leichtverletzten,Zusammenstoß mit einbiegendem / kreuzendem Fahrzeug,Einbiegen / Kreuzen-Unfall,Tageslicht,1,1,0,0,0,0,"354488,3949","5648983,863",6.927349864,50.9740471,trocken,"5,20053E+18","Rad, PKW"
207772,5,3,15,0,2020,Mai,13,Donnerstag,Unfall mit Leichtverletzten,Zusammenstoß mit vorausfahrendem / wartendem Fahrzeug,Unfall im Längsverkehr,Tageslicht,0,1,0,0,0,0,"356205,8151","5645037,365",6.953354932,50.93901199,trocken,"5,20053E+18",PKW
207860,5,3,15,0,2020,Mai,18,Sonntag,Unfall mit Leichtverletzten,Unfall anderer Art,Fahrunfall,Tageslicht,1,0,0,0,0,0,359355,"5643115,714",6.99888968,50.92251862,trocken,"5,20053E+18",Rad
207861,5,3,15,0,2020,Mai,17,Sonntag,Unfall mit Leichtverletzten,Zusammenstoß mit vorausfahrendem / wartendem Fahrzeug,Unfall im Längsverkehr,Tageslicht,0,1,0,0,0,0,"357284,7946","5646828,398",6.967999953,50.95537593,trocken,"5,20053E+18",PKW
207862,5,3,15,0,2020,Mai,13,Sonntag,Unfall mit Leichtverletzten,Zusammenstoß mit vorausfahrendem / wartendem Fahrzeug,Unfall im Längsverkehr,Tageslicht,0,1,0,0,0,1,"357395,4333","5648491,51",6.96892234,50.97034954,trocken,"5,20053E+18","PKW, Sonstige"
207863,5,3,15,0,2020,Mai,0,Sonntag,Unfall mit Leichtverletzten,Zusammenstoß mit anfahrendem/ anhaltendem/ruhendem Fahrzeug,Unfall durch ruhenden Verkehr,Dunkelheit,1,1,0,0,0,0,"356166,1509","5646257,752",6.952308833,50.94996952,trocken,"5,20053E+18","Rad, PKW"
207920,5,3,15,0,2020,Mai,18,Montag,Unfall mit Leichtverletzten,Zusammenstoß mit einbiegendem / kreuzendem Fahrzeug,Einbiegen / Kreuzen-Unfall,Tageslicht,0,1,1,0,0,0,"356738,8406","5651149,9",6.958529115,50.99407707,trocken,"5,20053E+18","Fuss, PKW"
207931,5,3,15,0,2020,Mai,19,Montag,Unfall mit Leichtverletzten,Unfall anderer Art,Abbiegeunfall,Tageslicht,0,1,1,0,0,0,"353423,9089","5647075,73",6.912966982,50.95662957,trocken,"5,20053E+18","Fuss, PKW"
207942,5,3,15,0,2020,Mai,11,Montag,Unfall mit Leichtverletzten,Unfall anderer Art,Fahrunfall,Tageslicht,1,0,0,0,0,0,"357847,1027","5641349,092",6.978137698,50.9062724,trocken,"5,20053E+18",Rad
207983,5,3,15,0,2020,Mai,20,Montag,Unfall mit Leichtverletzten,Zusammenstoß zwischen Fahrzeug und Fußgänger,Unfall im Längsverkehr,Dämmerung,1,0,1,0,0,0,"355373,4724","5644982,412",6.941538034,50.93830998,trocken,"5,20053E+18","Rad, Fuss"
207986,5,3,15,0,2020,Mai,0,Montag,Unfall mit Leichtverletzten,Unfall anderer Art,Fahrunfall,Dunkelheit,1,0,0,0,0,0,"354825,6643","5644986,207",6.933745008,50.93820644,trocken,"5,20053E+18",Rad
207990,5,3,15,0,2020,Mai,5,Samstag,Unfall mit Leichtverletzten,Unfall anderer Art,Einbiegen / Kreuzen-Unfall,Tageslicht,0,1,0,1,0,0,"359520,4668","5644688,865",7.000636176,50.93669704,trocken,"5,20053E+18","Krad, PKW"
207993,5,3,15,0,2020,Mai,18,Samstag,Unfall mit Leichtverletzten,Zusammenstoß mit anfahrendem/ anhaltendem/ruhendem Fahrzeug,Unfall durch ruhenden Verkehr,Tageslicht,1,1,0,0,0,0,"357766,456","5644752,147",6.975664212,50.93683581,trocken,"5,20053E+18","Rad, PKW"
207994,5,3,15,0,2020,Mai,9,Samstag,Unfall mit Leichtverletzten,Zusammenstoß mit einbiegendem / kreuzendem Fahrzeug,Einbiegen / Kreuzen-Unfall,Tageslicht,1,1,0,0,0,0,"354420,1253","5645419,739",6.927803795,50.94200023,trocken,"5,20053E+18","Rad, PKW"
207995,5,3,15,0,2020,Mai,11,Samstag,Unfall mit Leichtverletzten,Unfall anderer Art,Sonstiger Unfall,Tageslicht,1,0,0,0,0,0,"353346,3726","5641647,4",6.914047921,50.90782743,trocken,"5,20053E+18",Rad
207996,5,3,15,0,2020,Mai,11,Samstag,Unfall mit Leichtverletzten,Unfall anderer Art,Sonstiger Unfall,Tageslicht,1,0,0,0,0,0,"353786,0325","5642237,704",6.920060574,50.91324385,trocken,"5,20053E+18",Rad
207999,5,3,15,0,2020,Mai,11,Samstag,Unfall mit Leichtverletzten,Unfall anderer Art,Sonstiger Unfall,Tageslicht,1,0,0,0,0,0,"353755,3624","5642188,872",6.919644161,50.91279724,trocken,"5,20053E+18",Rad
208017,5,3,15,0,2020,Mai,14,Freitag,Unfall mit Leichtverletzten,Zusammenstoß mit vorausfahrendem / wartendem Fahrzeug,Unfall im Längsverkehr,Tageslicht,0,1,0,0,0,0,"358995,7531","5645112,219",6.993009278,50.94037369,trocken,"5,20053E+18",PKW
208023,5,3,15,0,2020,Mai,17,Freitag,Unfall mit Leichtverletzten,Zusammenstoß mit einbiegendem / kreuzendem Fahrzeug,Einbiegen / Kreuzen-Unfall,Tageslicht,0,0,0,1,0,1,"361088,0667","5648968,822",7.021299172,50.97554163,trocken,"5,20053E+18","Krad, Sonstige"
208025,5,3,15,0,2020,Mai,14,Freitag,Unfall mit Leichtverletzten,Zusammenstoß mit anfahrendem/ anhaltendem/ruhendem Fahrzeug,Unfall durch ruhenden Verkehr,Tageslicht,1,1,0,0,0,0,"356097,9368","5648051,114",6.950629274,50.96606911,trocken,"5,20053E+18","Rad, PKW"
208032,5,3,15,0,2020,Mai,16,Freitag,Unfall mit Leichtverletzten,Unfall anderer Art,Fahrunfall,Tageslicht,1,0,0,0,0,0,"356534,3979","5651364,128",6.955533163,50.99595137,trocken,"5,20053E+18",Rad
208040,5,3,15,0,2020,Mai,19,Freitag,Unfall mit Leichtverletzten,Zusammenstoß mit vorausfahrendem / wartendem Fahrzeug,Unfall im Längsverkehr,Tageslicht,0,1,0,0,0,0,"355371,9309","5648198,121",6.940238594,50.96720841,trocken,"5,20053E+18",PKW
208055,5,3,15,0,2020,Juni,16,Freitag,Unfall mit Leichtverletzten,Zusammenstoß mit anfahrendem/ anhaltendem/ruhendem Fahrzeug,Unfall im Längsverkehr,Tageslicht,0,1,0,1,0,0,"352228,359","5648424,228",6.895408631,50.96844251,nass/feucht,"5,2006E+18","Krad, PKW"
208056,5,3,15,0,2020,Juni,0,Donnerstag,Unfall mit Leichtverletzten,Zusammenstoß mit anfahrendem/ anhaltendem/ruhendem Fahrzeug,Sonstiger Unfall,Dunkelheit,0,1,0,1,0,0,"355078,8706","5644790,727",6.937424122,50.93651339,trocken,"5,2006E+18","Krad, PKW"
208058,5,3,15,0,2020,Juni,8,Donnerstag,Unfall mit Schwerverletzten,Zusammenstoß mit einbiegendem / kreuzendem Fahrzeug,Abbiegeunfall,Tageslicht,1,1,0,0,0,0,"352858,2008","5651027,119",6.903318845,50.99199464,trocken,"5,2006E+18","Rad, PKW"
208095,5,3,15,0,2020,Juni,16,Mittwoch,Unfall mit Leichtverletzten,Zusammenstoß mit einbiegendem / kreuzendem Fahrzeug,Abbiegeunfall,Tageslicht,1,1,0,0,0,0,"359558,8929","5644285,581",7.001338135,50.93308204,trocken,"5,2006E+18","Rad, PKW"
208097,5,3,15,0,2020,Juni,16,Donnerstag,Unfall mit Schwerverletzten,Unfall anderer Art,Unfall im Längsverkehr,Tageslicht,1,0,0,0,1,0,"361329,3341","5641036,523",7.027752987,50.9043102,trocken,"5,2006E+18","Rad, Gkfz"
208104,5,3,15,0,2020,Juni,12,Donnerstag,Unfall mit Schwerverletzten,Zusammenstoß mit seitlich in gleicher Richtung fahrendem Fahrzeug,Unfall im Längsverkehr,Tageslicht,0,1,0,0,0,0,"361959,1053","5646625,581",7.034587806,50.95469178,trocken,"5,2006E+18",PKW
208107,5,3,15,0,2020,Juni,16,Mittwoch,Unfall mit Leichtverletzten,Unfall anderer Art,Unfall durch ruhenden Verkehr,Tageslicht,1,1,0,0,0,0,"354743,7835","5645110,969",6.932530676,50.93930702,trocken,"5,2006E+18","Rad, PKW"
208108,5,3,15,0,2020,Juni,18,Freitag,Unfall mit Leichtverletzten,Zusammenstoß mit einbiegendem / kreuzendem Fahrzeug,Einbiegen / Kreuzen-Unfall,Dämmerung,1,1,0,0,0,0,"357891,8619","5648126,176",6.97613085,50.967189,nass/feucht,"5,2006E+18","Rad, PKW"
208109,5,3,15,0,2020,Juni,14,Donnerstag,Unfall mit Leichtverletzten,Zusammenstoß mit vorausfahrendem / wartendem Fahrzeug,Unfall im Längsverkehr,Tageslicht,0,1,0,0,0,0,"353304,8211","5647925,01",6.910930181,50.96423139,trocken,"5,2006E+18",PKW
208118,5,3,15,0,2020,Juni,14,Freitag,Unfall mit Leichtverletzten,Zusammenstoß zwischen Fahrzeug und Fußgänger,Sonstiger Unfall,Tageslicht,0,1,1,0,0,0,"354292,2538","5641981,109",6.927359146,50.91106591,nass/feucht,"5,2006E+18","Fuss, PKW"
208138,5,3,15,0,2020,Juni,6,Mittwoch,Unfall mit Leichtverletzten,Zusammenstoß zwischen Fahrzeug und Fußgänger,Sonstiger Unfall,Tageslicht,0,0,1,0,0,1,"356722,1767","5645526,175",6.960507147,50.94353341,trocken,"5,2006E+18","Fuss, Sonstige"
208144,5,3,15,0,2020,Juni,7,Mittwoch,Unfall mit Leichtverletzten,Abkommen von Fahrbahn nach rechts,Fahrunfall,Tageslicht,0,0,0,0,0,1,"352911,008","5653812,866",6.902941918,51.01704216,trocken,"5,2006E+18",Sonstige
208147,5,3,15,0,2020,Juni,13,Donnerstag,Unfall mit Leichtverletzten,Unfall anderer Art,Fahrunfall,Tageslicht,1,0,0,0,0,0,"359265,9164","5646081,743",6.996477516,50.94915289,trocken,"5,2006E+18",Rad
208159,5,3,15,0,2020,Juni,20,Freitag,Unfall mit Leichtverletzten,Unfall anderer Art,Sonstiger Unfall,Tageslicht,0,0,0,1,0,0,"356006,991","5651107,14",6.94812435,50.99351016,nass/feucht,"5,2006E+18",Krad
208160,5,3,15,0,2020,Juni,19,Donnerstag,Unfall mit Leichtverletzten,Unfall anderer Art,Fahrunfall,Tageslicht,1,0,0,0,0,0,"354249,9555","5642568,014",6.926523442,50.9163296,trocken,"5,2006E+18",Rad
208171,5,3,15,0,2020,Juni,21,Freitag,Unfall mit Leichtverletzten,Zusammenstoß mit einbiegendem / kreuzendem Fahrzeug,Einbiegen / Kreuzen-Unfall,Dämmerung,1,1,0,0,0,0,"355611,4486","5643804,716",6.945389373,50.92778589,nass/feucht,"5,2006E+18","Rad, PKW"
208211,5,3,15,0,2020,Juni,15,Freitag,Unfall mit Leichtverletzten,Unfall anderer Art,Einbiegen / Kreuzen-Unfall,Tageslicht,0,1,0,0,0,1,"354469,1802","5646348,964",6.928130238,50.95036327,nass/feucht,"5,2006E+18","PKW, Sonstige"