OBJECTID,ULAND,UREGBEZ,UKREIS,UGEMEINDE,UJAHR,UMONAT,USTUNDE,UWOCHENTAG,UKATEGORIE,UART,UTYP1,ULICHTVERH,IstRad,IstPKW,IstFuss,IstKrad,IstGkfz,IstSonstige,LINREFX,LINREFY,XGCSWGS84,YGCSWGS84,USTRZUSTAND,UIDENTSTLAE,Participants
208214,5,3,15,0,2020,Juni,14,Mittwoch,Unfall mit Leichtverletzten,Zusammenstoß mit anfahrendem/ anhaltendem/ruhendem Fahrzeug,Sonstiger Unfall,Tageslicht,1,1,0,0,0,0,"359699,5695","5638910,824",7.005405055,50.88481236,trocken,"5,2006E+18","Rad, PKW"
208215,5,3,15,0,2020,Juni,14,Freitag,Unfall mit Leichtverletzten,Zusammenstoß mit einbiegendem / kreuzendem Fahrzeug,Abbiegeunfall,Tageslicht,1,0,0,0,0,1,"360430,363","5645004,944",7.013456773,50.93975864,nass/feucht,"5,2006E+18","Rad, Sonstige"
208216,5,3,15,0,2020,Juni,13,Donnerstag,Unfall mit Leichtverletzten,Zusammenstoß mit vorausfahrendem / wartendem Fahrzeug,Unfall im Längsverkehr,Tageslicht,0,1,0,0,0,0,"354047,209","5645325,618",6.922537109,50.94106011,trocken,"5,2006E+18",PKW
208252,5,3,15,0,2020,Juni,17,Mittwoch,Unfall mit Leichtverletzten,Zusammenstoß mit einbiegendem / kreuzendem Fahrzeug,Einbiegen / Kreuzen-Unfall,Tageslicht,1,1,0,0,0,0,"359953,644","5647760,425",7.005615882,50.9644069,trocken,"5,2006E+18","Rad, PKW"
208254,5,3,15,0,2020,Juni,7,Donnerstag,Unfall mit Leichtverletzten,Zusammenstoß mit einbiegendem / kreuzendem Fahrzeug,Einbiegen / Kreuzen-Unfall,Tageslicht,1,0,0,0,0,0,"357646,1365","5643296,231",6.974521485,50.92372183,trocken,"5,2006E+18",Rad
208259,5,3,15,0,2020,Juni,19,Dienstag,Unfall mit Leichtverletzten,Unfall anderer Art,Sonstiger Unfall,Tageslicht,1,0,0,0,0,0,"358863,7504","5647939,51",6.99003553,50.96575037,trocken,"5,2006E+18",Rad
208261,5,3,15,0,2020,Juni,20,Dienstag,Unfall mit Schwerverletzten,Zusammenstoß mit einbiegendem / kreuzendem Fahrzeug,Einbiegen / Kreuzen-Unfall,Tageslicht,1,1,0,0,0,0,"352516,6978","5648476,262",6.899491153,50.96898401,trocken,"5,2006E+18","Rad, PKW"
208263,5,3,15,0,2020,Juni,12,Mittwoch,Unfall mit Leichtverletzten,Zusammenstoß zwischen Fahrzeug und Fußgänger,Überschreiten-Unfall,Tageslicht,1,0,1,0,0,0,"355579,852","5645141,221",6.944410451,50.9397889,trocken,"5,2006E+18","Rad, Fuss"
208264,5,3,15,0,2020,Juni,14,Freitag,Unfall mit Leichtverletzten,Zusammenstoß zwischen Fahrzeug und Fußgänger,Überschreiten-Unfall,Tageslicht,1,0,1,0,0,0,"355971,3713","5647745,694",6.948948951,50.96329273,nass/feucht,"5,2006E+18","Rad, Fuss"
208265,5,3,15,0,2020,Juni,10,Donnerstag,Unfall mit Leichtverletzten,Zusammenstoß mit vorausfahrendem / wartendem Fahrzeug,Unfall im Längsverkehr,Tageslicht,0,1,0,0,0,1,"352996,2819","5646481,006",6.907122689,50.95117613,trocken,"5,2006E+18","PKW, Sonstige"
208267,5,3,15,0,2020,Juni,14,Dienstag,Unfall mit Leichtverletzten,Unfall anderer Art,Sonstiger Unfall,Tageslicht,0,1,0,0,0,0,"353880,0652","5643375,851",6.920941355,50.92349585,trocken,"5,2006E+18",PKW
208270,5,3,15,0,2020,Juni,9,Dienstag,Unfall mit Leichtverletzten,Unfall anderer Art,Fahrunfall,Tageslicht,1,0,0,0,0,0,"354732,8478","5643303,106",6.933095634,50.92305746,trocken,"5,2006E+18",Rad
208272,5,3,15,0,2020,Juni,15,Freitag,Unfall mit Leichtverletzten,Zusammenstoß zwischen Fahrzeug und Fußgänger,Überschreiten-Unfall,Tageslicht,0,1,1,0,0,0,"356015,7831","5643277,529",6.951347188,50.92314919,nass/feucht,"5,2006E+18","Fuss, PKW"
208274,5,3,15,0,2020,Juni,13,Dienstag,Unfall mit Leichtverletzten,Unfall anderer Art,Fahrunfall,Tageslicht,1,0,0,0,0,0,"356035,0763","5643159,948",6.951667928,50.92209732,trocken,"5,2006E+18",Rad
208276,5,3,15,0,2020,Juni,19,Freitag,Unfall mit Leichtverletzten,Zusammenstoß mit anfahrendem/ anhaltendem/ruhendem Fahrzeug,Fahrunfall,Tageslicht,1,1,0,0,0,0,"353759,4329","5643145,117",6.91931868,50.92139176,nass/feucht,"5,2006E+18","Rad, PKW"
208300,5,3,15,0,2020,Juni,9,Mittwoch,Unfall mit Leichtverletzten,Zusammenstoß mit einbiegendem / kreuzendem Fahrzeug,Abbiegeunfall,Tageslicht,1,1,0,0,0,0,"352493,023","5644787,983",6.900648591,50.93583313,trocken,"5,2006E+18","Rad, PKW"
208337,5,3,15,0,2020,Juni,21,Montag,Unfall mit Leichtverletzten,Zusammenstoß mit einbiegendem / kreuzendem Fahrzeug,Abbiegeunfall,Tageslicht,1,0,0,0,0,0,"360319,47","5649522,822",7.010145238,50.98033458,trocken,"5,20061E+18",Rad
208338,5,3,15,0,2020,Juni,17,Montag,Unfall mit Leichtverletzten,Zusammenstoß mit einbiegendem / kreuzendem Fahrzeug,Einbiegen / Kreuzen-Unfall,Tageslicht,1,1,0,0,0,0,"349444,9575","5657604,327",6.851987703,51.05021572,trocken,"5,20061E+18","Rad, PKW"
208342,5,3,15,0,2020,Juni,16,Montag,Unfall mit Schwerverletzten,Unfall anderer Art,Fahrunfall,Tageslicht,1,0,0,0,0,0,"349940,5738","5642646,722",6.865229562,50.91593248,trocken,"5,20061E+18",Rad
208343,5,3,15,0,2020,Juni,3,Montag,Unfall mit Leichtverletzten,Unfall anderer Art,Fahrunfall,Dunkelheit,1,0,0,0,0,0,"355257,9836","5642314,018",6.940954738,50.91430069,trocken,"5,20061E+18",Rad
208344,5,3,15,0,2020,Juni,16,Montag,Unfall mit Leichtverletzten,Zusammenstoß mit vorausfahrendem / wartendem Fahrzeug,Abbiegeunfall,Tageslicht,0,1,0,0,0,0,"355891,2108","5642816,525",6.949758104,50.91897512,trocken,"5,20061E+18",PKW
208397,5,3,15,0,2020,Juni,9,Mittwoch,Unfall mit Leichtverletzten,Abkommen von Fahrbahn nach rechts,Fahrunfall,Tageslicht,0,1,0,0,0,0,"357015,5467","5640159,048",6.966784307,50.89537213,trocken,"5,20061E+18",PKW
208405,5,3,15,0,2020,Juni,19,Mittwoch,Unfall mit Schwerverletzten,Zusammenstoß mit entgegenkommendem Fahrzeug,Unfall im Längsverkehr,Tageslicht,1,0,0,0,0,0,"356185,9238","5640858,667",6.954719693,50.90145356,trocken,"5,20061E+18",Rad
208408,5,3,15,0,2020,Juni,7,Mittwoch,Unfall mit Schwerverletzten,Zusammenstoß mit einbiegendem / kreuzendem Fahrzeug,Abbiegeunfall,Tageslicht,0,1,0,0,0,0,"358060,109","5641007,948",6.981297953,50.90325892,trocken,"5,20061E+18",PKW
208409,5,3,15,0,2020,Juni,13,Sonntag,Unfall mit Leichtverletzten,Unfall anderer Art,Sonstiger Unfall,Tageslicht,0,1,1,0,0,1,"357677,6068","5644666,797",6.974433848,50.93604685,trocken,"5,20061E+18","Fuss, PKW, Sonstige"
208411,5,3,15,0,2020,Juni,16,Sonntag,Unfall mit Leichtverletzten,Unfall anderer Art,Einbiegen / Kreuzen-Unfall,Tageslicht,1,1,0,0,0,0,"354275,2425","5646668,582",6.925243221,50.95318658,trocken,"5,20061E+18","Rad, PKW"
208417,5,3,15,0,2020,Juni,8,Mittwoch,Unfall mit Leichtverletzten,Unfall anderer Art,Unfall durch ruhenden Verkehr,Tageslicht,1,1,0,0,0,0,"355495,613","5644991,899",6.943271494,50.93842587,trocken,"5,20061E+18","Rad, PKW"
208423,5,3,15,0,2020,Juni,10,Dienstag,Unfall mit Leichtverletzten,Zusammenstoß mit einbiegendem / kreuzendem Fahrzeug,Einbiegen / Kreuzen-Unfall,Tageslicht,1,1,0,0,0,0,"353356,206","5650363,536",6.910677911,50.98615842,trocken,"5,20061E+18","Rad, PKW"
208426,5,3,15,0,2020,Juni,18,Dienstag,Unfall mit Leichtverletzten,Zusammenstoß mit seitlich in gleicher Richtung fahrendem Fahrzeug,Unfall im Längsverkehr,Tageslicht,1,0,0,0,0,0,"353262,3444","5647865,267",6.910349801,50.96368369,trocken,"5,20061E+18",Rad
208429,5,3,15,0,2020,Juni,16,Mittwoch,Unfall mit Leichtverletzten,Zusammenstoß mit anfahrendem/ anhaltendem/ruhendem Fahrzeug,Sonstiger Unfall,Tageslicht,1,1,0,0,0,0,"355194,3826","5645676,17",6.93871505,50.94449968,trocken,"5,20061E+18","Rad, PKW"
208432,5,3,15,0,2020,Juni,14,Dienstag,Unfall mit Leichtverletzten,Zusammenstoß mit einbiegendem / kreuzendem Fahrzeug,Abbiegeunfall,Tageslicht,0,1,0,0,0,0,"353512,0174","5646171,861",6.914584327,50.94852926,trocken,"5,20061E+18",PKW
208436,5,3,15,0,2020,Juni,13,Dienstag,Unfall mit Leichtverletzten,Zusammenstoß mit anfahrendem/ anhaltendem/ruhendem Fahrzeug,Unfall im Längsverkehr,Tageslicht,0,1,0,0,0,0,"356853,9688","5641271,978",6.964051943,50.90533398,trocken,"5,20061E+18",PKW
208439,5,3,15,0,2020,Juni,15,Dienstag,Unfall mit Leichtverletzten,Zusammenstoß mit einbiegendem / kreuzendem Fahrzeug,Einbiegen / Kreuzen-Unfall,Tageslicht,1,1,0,0,0,0,"356034,0764","5643162,936",6.951652532,50.92212393,nass/feucht,"5,20061E+18","Rad, PKW"
208489,5,3,15,0,2020,Juni,15,Samstag,Unfall mit Leichtverletzten,Unfall anderer Art,Sonstiger Unfall,Tageslicht,1,1,0,0,0,0,"359606,1687","5647969,451",7.000590077,50.96620086,nass/feucht,"5,20061E+18","Rad, PKW"
208491,5,3,15,0,2020,Juni,15,Samstag,Unfall mit Leichtverletzten,Unfall anderer Art,Fahrunfall,Tageslicht,1,0,0,0,0,0,"353779,9626","5643155,75",6.919606304,50.92149251,nass/feucht,"5,20061E+18",Rad
208492,5,3,15,0,2020,Juni,11,Samstag,Unfall mit Leichtverletzten,Unfall anderer Art,Fahrunfall,Tageslicht,1,0,0,0,0,0,"353777,4718","5642224,074",6.919944343,50.91311919,nass/feucht,"5,20061E+18",Rad
208496,5,3,15,0,2020,Juni,10,Samstag,Unfall mit Schwerverletzten,Unfall anderer Art,Fahrunfall,Tageslicht,1,0,0,0,0,0,"355071,7646","5643482,339",6.937843265,50.92475342,trocken,"5,20061E+18",Rad
208497,5,3,15,0,2020,Juni,22,Samstag,Unfall mit Leichtverletzten,Unfall anderer Art,Fahrunfall,Dunkelheit,1,0,0,0,0,0,"356912,2072","5642565,871",6.964372351,50.91697658,trocken,"5,20061E+18",Rad
208557,5,3,15,0,2020,Juni,13,Mittwoch,Unfall mit Leichtverletzten,Unfall anderer Art,Sonstiger Unfall,Tageslicht,1,0,0,0,0,0,"354719,0227","5649570,418",6.930398212,50.97937649,trocken,"5,20061E+18",Rad
208570,5,3,15,0,2020,Juni,16,Samstag,Unfall mit Leichtverletzten,Zusammenstoß mit entgegenkommendem Fahrzeug,Abbiegeunfall,Tageslicht,0,1,0,1,0,0,"353556,9555","5648797,572",6.91416695,50.97213689,trocken,"5,20061E+18","Krad, PKW"
208581,5,3,15,0,2020,Juni,10,Samstag,Unfall mit Leichtverletzten,Zusammenstoß mit anfahrendem/ anhaltendem/ruhendem Fahrzeug,Einbiegen / Kreuzen-Unfall,Tageslicht,0,1,0,1,0,0,"355255,7555","5643028,118",6.940639714,50.92071761,trocken,"5,20061E+18","Krad, PKW"
208588,5,3,15,0,2020,Juni,7,Sonntag,Unfall mit Leichtverletzten,Zusammenstoß mit anfahrendem/ anhaltendem/ruhendem Fahrzeug,Sonstiger Unfall,Tageslicht,0,1,0,0,0,0,"358405,0773","5638152,979",6.987307417,50.8776857,trocken,"5,20061E+18",PKW
208621,5,3,15,0,2020,Juni,12,Samstag,Unfall mit Leichtverletzten,Unfall anderer Art,Sonstiger Unfall,Tageslicht,0,0,0,0,0,1,"355317,5481","5641274,55",6.942213588,50.9049741,trocken,"5,20061E+18",Sonstige
208625,5,3,15,0,2020,Juni,9,Donnerstag,Unfall mit Leichtverletzten,Zusammenstoß mit einbiegendem / kreuzendem Fahrzeug,Einbiegen / Kreuzen-Unfall,Tageslicht,1,1,0,0,0,0,"356056,283","5647729,601",6.950163681,50.96316933,trocken,"5,20061E+18","Rad, PKW"
208626,5,3,15,0,2020,Juni,16,Samstag,Unfall mit Leichtverletzten,Zusammenstoß mit entgegenkommendem Fahrzeug,Sonstiger Unfall,Tageslicht,1,1,0,0,0,0,"358612,0539","5642956,516",6.988387639,50.92090631,trocken,"5,20061E+18","Rad, PKW"
208630,5,3,15,0,2020,Juni,9,Donnerstag,Unfall mit Leichtverletzten,Unfall anderer Art,Fahrunfall,Tageslicht,1,0,0,0,0,0,"356878,4847","5641126,404",6.964457468,50.90403179,trocken,"5,20061E+18",Rad
208633,5,3,15,0,2020,Juni,13,Donnerstag,Unfall mit Leichtverletzten,Zusammenstoß mit einbiegendem / kreuzendem Fahrzeug,Abbiegeunfall,Tageslicht,0,1,0,1,0,0,"355547,0994","5641341,47",6.945449719,50.90563297,trocken,"5,20061E+18","Krad, PKW"
208634,5,3,15,0,2020,Juni,20,Samstag,Unfall mit Leichtverletzten,Zusammenstoß mit seitlich in gleicher Richtung fahrendem Fahrzeug,Unfall im Längsverkehr,Tageslicht,1,0,0,0,0,0,"355078,8892","5644790,909",6.937424314,50.93651503,trocken,"5,20061E+18",Rad
208640,5,3,15,0,2020,Juni,23,Donnerstag,Unfall mit Leichtverletzten,Unfall anderer Art,Fahrunfall,Dunkelheit,1,0,0,0,0,0,"356487,4503","5646455,526",6.956801944,50.95182697,trocken,"5,20061E+18",Rad
208642,5,3,15,0,2020,Juni,22,Sonntag,Unfall mit Leichtverletzten,Unfall anderer Art,Abbiegeunfall,Dunkelheit,0,1,1,0,0,0,"357929,5649","5644777,661",6.977974161,50.93710531,trocken,"5,20061E+18","Fuss, PKW"
208643,5,3,15,0,2020,Juni,14,Donnerstag,Unfall mit Schwerverletzten,Unfall anderer Art,Einbiegen / Kreuzen-Unfall,Tageslicht,1,1,0,0,0,0,"353628,4481","5643778,192",6.917202251,50.92704777,nass/feucht,"5,20061E+18","Rad, PKW"
208649,5,3,15,0,2020,Juni,12,Donnerstag,Unfall mit Leichtverletzten,Zusammenstoß mit vorausfahrendem / wartendem Fahrzeug,Unfall im Längsverkehr,Tageslicht,0,1,0,0,0,0,"356331,6722","5644320,711",6.955427601,50.93260289,trocken,"5,20061E+18",PKW
208652,5,3,15,0,2020,Juni,0,Freitag,Unfall mit Schwerverletzten,Unfall anderer Art,Fahrunfall,Dunkelheit,1,0,0,0,0,0,"360992,382","5637675,532",7.024242432,50.87402289,trocken,"5,20061E+18",Rad
208663,5,3,15,0,2020,Juni,19,Samstag,Unfall mit Schwerverletzten,Unfall anderer Art,Sonstiger Unfall,Tageslicht,1,0,0,0,0,1,"359202,7747","5640544,94",6.997717105,50.89937759,trocken,"5,20061E+18","Rad, Sonstige"
208677,5,3,15,0,2020,Juni,12,Samstag,Unfall mit Leichtverletzten,Zusammenstoß mit einbiegendem / kreuzendem Fahrzeug,Einbiegen / Kreuzen-Unfall,Tageslicht,1,0,0,0,0,0,"352673,7823","5645885,892",6.902775353,50.94574576,trocken,"5,20061E+18",Rad
208689,5,3,15,0,2020,Juni,14,Samstag,Unfall mit Leichtverletzten,Zusammenstoß mit einbiegendem / kreuzendem Fahrzeug,Einbiegen / Kreuzen-Unfall,Tageslicht,1,1,0,0,0,0,"353437,5051","5643851,97",6.914457487,50.92766231,trocken,"5,20061E+18","Rad, PKW"
208697,5,3,15,0,2020,Juni,9,Sonntag,Unfall mit Leichtverletzten,Unfall anderer Art,Fahrunfall,Tageslicht,1,0,0,0,0,0,"350049,9679","5644448,552",6.866043732,50.93215283,trocken,"5,20061E+18",Rad
208730,5,3,15,0,2020,Juni,13,Samstag,Unfall mit Leichtverletzten,Zusammenstoß mit einbiegendem / kreuzendem Fahrzeug,Einbiegen / Kreuzen-Unfall,Tageslicht,0,1,0,0,0,1,"354341,794","5645498,365",6.926658161,50.94268703,trocken,"5,20061E+18","PKW, Sonstige"
208735,5,3,15,0,2020,Juni,22,Samstag,Unfall mit Leichtverletzten,Zusammenstoß mit anfahrendem/ anhaltendem/ruhendem Fahrzeug,Fahrunfall,Dunkelheit,0,1,0,1,0,0,"359899,0372","5643899,772",7.006323994,50.92969743,trocken,"5,20061E+18","Krad, PKW"
208743,5,3,15,0,2020,Juni,13,Samstag,Unfall mit Leichtverletzten,Zusammenstoß mit einbiegendem / kreuzendem Fahrzeug,Einbiegen / Kreuzen-Unfall,Tageslicht,0,1,0,0,0,0,"356378,3551","5643233,991",6.956519612,50.92284829,trocken,"5,20061E+18",PKW
208746,5,3,15,0,2020,Juni,22,Freitag,Unfall mit Leichtverletzten,Abkommen von Fahrbahn nach rechts,Fahrunfall,Dämmerung,1,0,0,0,0,0,"358964,9244","5641283,202",6.994051648,50.9059544,trocken,"5,20061E+18",Rad
208753,5,3,15,0,2020,Juni,2,Sonntag,Unfall mit Leichtverletzten,Abkommen von Fahrbahn nach links,Fahrunfall,Dunkelheit,0,0,0,0,0,1,"359599,9095","5643000,964",7.002416187,50.92154699,trocken,"5,20061E+18",Sonstige
208766,5,3,15,0,2020,Juni,14,Sonntag,Unfall mit Schwerverletzten,Unfall anderer Art,Fahrunfall,Tageslicht,1,0,0,0,0,0,"352778,6737","5641558,902",6.906014611,50.90688764,trocken,"5,20061E+18",Rad
208787,5,3,15,0,2020,Juni,15,Samstag,Unfall mit Leichtverletzten,Zusammenstoß mit vorausfahrendem / wartendem Fahrzeug,Unfall im Längsverkehr,Tageslicht,0,1,0,0,0,1,"352938,4369","5647406,876",6.905925679,50.95948175,trocken,"5,20061E+18","PKW, Sonstige"
208798,5,3,15,0,2020,Juni,20,Samstag,Unfall mit Leichtverletzten,Zusammenstoß mit entgegenkommendem Fahrzeug,Unfall im Längsverkehr,Tageslicht,1,1,0,0,0,0,"357419,7275","5641048,576",6.972180515,50.90346626,trocken,"5,20061E+18","Rad, PKW"
208804,5,3,15,0,2020,Juni,23,Sonntag,Unfall mit Schwerverletzten,Unfall anderer Art,Fahrunfall,Dunkelheit,0,0,0,1,0,0,"348931,5952","5642842,928",6.850805172,50.91743242,trocken,"5,20061E+18",Krad
208812,5,3,15,0,2020,Juni,16,Freitag,Unfall mit Schwerverletzten,Abkommen von Fahrbahn nach rechts,Unfall im Längsverkehr,Tageslicht,1,1,0,0,0,0,"359848,9774","5639239,74",7.007401607,50.88780467,trocken,"5,20061E+18","Rad, PKW"
208825,5,3,15,0,2020,Juni,11,Samstag,Unfall mit Leichtverletzten,Unfall anderer Art,Fahrunfall,Tageslicht,0,0,0,0,0,1,"360166,7864","5643443,481",7.010306695,50.92566164,trocken,"5,20061E+18",Sonstige
208827,5,3,15,0,2020,Juni,10,Donnerstag,Unfall mit Schwerverletzten,Zusammenstoß zwischen Fahrzeug und Fußgänger,Überschreiten-Unfall,Tageslicht,0,0,1,0,0,1,"353992,2481","5636609,956",6.925240746,50.8627208,trocken,"5,20062E+18","Fuss, Sonstige"
208931,5,3,15,0,2020,Juni,8,Mittwoch,Unfall mit Leichtverletzten,Unfall anderer Art,Abbiegeunfall,Tageslicht,1,1,0,0,0,0,"365850,5747","5636341,455",7.093741075,50.86318066,nass/feucht,"5,20062E+18","Rad, PKW"
208932,5,3,15,0,2020,Juni,16,Mittwoch,Unfall mit Leichtverletzten,Zusammenstoß zwischen Fahrzeug und Fußgänger,Überschreiten-Unfall,Tageslicht,1,0,1,0,0,0,"359596,889","5645398,535",7.001449643,50.94309354,nass/feucht,"5,20062E+18","Rad, Fuss"
208935,5,3,15,0,2020,Juni,2,Mittwoch,Unfall mit Schwerverletzten,Unfall anderer Art,Fahrunfall,Dunkelheit,1,0,0,0,0,0,"353544,388","5643316,385",6.916192447,50.92287634,nass/feucht,"5,20062E+18",Rad
208936,5,3,15,0,2020,Juni,18,Mittwoch,Unfall mit Leichtverletzten,Unfall anderer Art,Fahrunfall,Tageslicht,0,0,0,1,0,0,"361181,6506","5648195,35",7.022926624,50.96861286,nass/feucht,"5,20062E+18",Krad
208938,5,3,15,0,2020,Juni,14,Mittwoch,Unfall mit Leichtverletzten,Zusammenstoß mit einbiegendem / kreuzendem Fahrzeug,Abbiegeunfall,Tageslicht,0,1,0,0,0,0,"364760,8031","5647972,283",7.073953219,50.96745951,trocken,"5,20062E+18",PKW
208940,5,3,15,0,2020,Juni,22,Mittwoch,Unfall mit Leichtverletzten,Zusammenstoß mit vorausfahrendem / wartendem Fahrzeug,Unfall im Längsverkehr,Dunkelheit,0,1,0,1,0,0,"356066,123","5651134,596",6.948955513,50.99377169,trocken,"5,20062E+18","Krad, PKW"
208943,5,3,15,0,2020,Juni,8,Mittwoch,Unfall mit Leichtverletzten,Zusammenstoß mit einbiegendem / kreuzendem Fahrzeug,Einbiegen / Kreuzen-Unfall,Tageslicht,1,1,0,0,0,0,"351746,3574","5645747,881",6.889638957,50.94426777,nass/feucht,"5,20062E+18","Rad, PKW"
208945,5,3,15,0,2020,Juni,16,Mittwoch,Unfall mit Leichtverletzten,Unfall anderer Art,Einbiegen / Kreuzen-Unfall,Tageslicht,1,0,0,0,0,1,"356861,5721","5649907,566",6.960766314,50.98294298,nass/feucht,"5,20062E+18","Rad, Sonstige"
208946,5,3,15,0,2020,Juni,16,Mittwoch,Unfall mit Schwerverletzten,Unfall anderer Art,Sonstiger Unfall,Tageslicht,0,0,0,1,0,0,"351729,3707","5645515,609",6.889491877,50.9421761,nass/feucht,"5,20062E+18",Krad
208947,5,3,15,0,2020,Juni,18,Mittwoch,Unfall mit Leichtverletzten,Abkommen von Fahrbahn nach rechts,Fahrunfall,Tageslicht,1,0,0,0,0,0,"356764,5259","5642280,717",6.96238475,50.91437727,nass/feucht,"5,20062E+18",Rad
208949,5,3,15,0,2020,Juni,9,Mittwoch,Unfall mit Leichtverletzten,Zusammenstoß mit entgegenkommendem Fahrzeug,Abbiegeunfall,Tageslicht,0,1,0,1,0,0,"354307,605","5643426,117",6.927000233,50.9240557,nass/feucht,"5,20062E+18","Krad, PKW"
208950,5,3,15,0,2020,Juni,20,Mittwoch,Unfall mit Leichtverletzten,Zusammenstoß mit seitlich in gleicher Richtung fahrendem Fahrzeug,Unfall im Längsverkehr,Dämmerung,1,1,0,0,0,0,"355216,7403","5645703,099",6.939022383,50.9447473,trocken,"5,20062E+18","Rad, PKW"
208952,5,3,15,0,2020,Juni,19,Mittwoch,Unfall mit Leichtverletzten,Zusammenstoß mit einbiegendem / kreuzendem Fahrzeug,Einbiegen / Kreuzen-Unfall,Tageslicht,1,1,0,0,0,0,"355486,3791","5645673,338",6.942869829,50.9445475,trocken,"5,20062E+18","Rad, PKW"
209026,5,3,15,0,2020,Juni,19,Montag,Unfall mit Leichtverletzten,Unfall anderer Art,Fahrunfall,Tageslicht,0,0,0,1,0,0,"367409,8038","5637855,354",7.115335993,50.87714701,nass/feucht,"5,20061E+18",Krad
209037,5,3,15,0,2020,Juni,14,Montag,Unfall mit Leichtverletzten,Zusammenstoß zwischen Fahrzeug und Fußgänger,Sonstiger Unfall,Tageslicht,1,0,1,0,0,0,"361870,2367","5650395,883",7.031891199,50.98855508,trocken,"5,20061E+18","Rad, Fuss"
209039,5,3,15,0,2020,Juni,15,Donnerstag,Unfall mit Leichtverletzten,Zusammenstoß mit einbiegendem / kreuzendem Fahrzeug,Einbiegen / Kreuzen-Unfall,Tageslicht,1,0,0,0,0,0,"364048,9241","5633630,836",7.069161512,50.83839782,trocken,"5,20062E+18",Rad
209043,5,3,15,0,2020,Juni,15,Montag,Unfall mit Schwerverletzten,Zusammenstoß mit entgegenkommendem Fahrzeug,Abbiegeunfall,Tageslicht,0,0,0,1,0,1,"347607,608","5646017,779",6.830656297,50.94561402,trocken,"5,20061E+18","Krad, Sonstige"
209046,5,3,15,0,2020,Juni,16,Montag,Unfall mit Leichtverletzten,Unfall anderer Art,Sonstiger Unfall,Tageslicht,1,0,0,0,0,0,"353872,6065","5647236,697",6.919286652,50.95819007,nass/feucht,"5,20061E+18",Rad
209048,5,3,15,0,2020,Juni,10,Montag,Unfall mit Leichtverletzten,Zusammenstoß mit seitlich in gleicher Richtung fahrendem Fahrzeug,Abbiegeunfall,Tageslicht,1,1,0,0,0,0,"352768,499","5645466,228",6.904292339,50.94199862,trocken,"5,20061E+18","Rad, PKW"
209050,5,3,15,0,2020,Juni,12,Montag,Unfall mit Leichtverletzten,Zusammenstoß mit einbiegendem / kreuzendem Fahrzeug,Einbiegen / Kreuzen-Unfall,Tageslicht,1,0,0,0,0,0,"354060,0221","5643191,578",6.923573806,50.92188539,trocken,"5,20061E+18",Rad
209056,5,3,15,0,2020,Juni,1,Montag,Unfall mit Schwerverletzten,Zusammenstoß mit entgegenkommendem Fahrzeug,Einbiegen / Kreuzen-Unfall,Dunkelheit,0,1,0,0,0,1,"356176,497","5645314,134",6.952828664,50.94149196,trocken,"5,20061E+18","PKW, Sonstige"
209064,5,3,15,0,2020,Juni,13,Dienstag,Unfall mit Leichtverletzten,Unfall anderer Art,Sonstiger Unfall,Tageslicht,1,0,0,0,0,0,"359359,8149","5644335,272",6.998487665,50.93348011,trocken,"5,20062E+18",Rad
209065,5,3,15,0,2020,Juni,13,Dienstag,Unfall mit Schwerverletzten,Zusammenstoß mit entgegenkommendem Fahrzeug,Unfall im Längsverkehr,Tageslicht,0,1,0,0,0,0,"359846,7073","5644433,909",7.005374414,50.93448509,trocken,"5,20062E+18",PKW
209066,5,3,15,0,2020,Juni,11,Dienstag,Unfall mit Schwerverletzten,Zusammenstoß mit einbiegendem / kreuzendem Fahrzeug,Einbiegen / Kreuzen-Unfall,Tageslicht,1,1,0,0,0,0,"364428,8847","5649479,97",7.068666825,50.98093172,trocken,"5,20062E+18","Rad, PKW"
209068,5,3,15,0,2020,Juni,18,Dienstag,Unfall mit Leichtverletzten,Zusammenstoß zwischen Fahrzeug und Fußgänger,Sonstiger Unfall,Tageslicht,1,0,1,0,0,0,"352923,317","5645845,706",6.90634123,50.94544834,trocken,"5,20062E+18","Rad, Fuss"
209071,5,3,15,0,2020,Juni,15,Dienstag,Unfall mit Leichtverletzten,Zusammenstoß mit vorausfahrendem / wartendem Fahrzeug,Unfall im Längsverkehr,Tageslicht,1,0,0,0,0,0,"352534,3754","5646823,13",6.900412705,50.95413264,trocken,"5,20062E+18",Rad
209072,5,3,15,0,2020,Juni,12,Dienstag,Unfall mit Leichtverletzten,Unfall anderer Art,Sonstiger Unfall,Tageslicht,1,0,1,0,0,0,"352669,7298","5646998,002",6.902267695,50.95573875,trocken,"5,20062E+18","Rad, Fuss"
209073,5,3,15,0,2020,Juni,19,Dienstag,Unfall mit Leichtverletzten,Zusammenstoß mit entgegenkommendem Fahrzeug,Unfall im Längsverkehr,Tageslicht,1,0,0,0,0,1,"359712,648","5637043,506",7.006307317,50.8680335,trocken,"5,20062E+18","Rad, Sonstige"
209074,5,3,15,0,2020,Juni,13,Dienstag,Unfall mit Leichtverletzten,Unfall anderer Art,Fahrunfall,Tageslicht,0,1,0,1,0,0,"353780,5204","5635713,059",6.922592527,50.85460706,trocken,"5,20062E+18","Krad, PKW"
209075,5,3,15,0,2020,Juni,11,Dienstag,Unfall mit Leichtverletzten,Zusammenstoß mit vorausfahrendem / wartendem Fahrzeug,Unfall im Längsverkehr,Tageslicht,1,0,0,0,0,1,"353820,5174","5641468,902",6.92085873,50.90634359,trocken,"5,20062E+18","Rad, Sonstige"