OBJECTID,ULAND,UREGBEZ,UKREIS,UGEMEINDE,UJAHR,UMONAT,USTUNDE,UWOCHENTAG,UKATEGORIE,UART,UTYP1,ULICHTVERH,IstRad,IstPKW,IstFuss,IstKrad,IstGkfz,IstSonstige,LINREFX,LINREFY,XGCSWGS84,YGCSWGS84,USTRZUSTAND,UIDENTSTLAE,Participants
210075,5,3,15,0,2020,Juni,20,Mittwoch,Unfall mit Leichtverletzten,Unfall anderer Art,Fahrunfall,Tageslicht,1,0,0,0,0,0,"355190,4013","5647146,412",6.93807365,50.95771138,trocken,"5,20063E+18",Rad
210077,5,3,15,0,2020,Juni,16,Mittwoch,Unfall mit Leichtverletzten,Zusammenstoß mit einbiegendem / kreuzendem Fahrzeug,Einbiegen / Kreuzen-Unfall,Tageslicht,0,1,0,0,0,1,"352273,0141","5649443,999",6.895629875,50.9776181,trocken,"5,20063E+18","PKW, Sonstige"
210078,5,3,15,0,2020,Juni,14,Mittwoch,Unfall mit Leichtverletzten,Zusammenstoß mit vorausfahrendem / wartendem Fahrzeug,Unfall im Längsverkehr,Tageslicht,0,1,0,0,0,0,"351477,131","5644622,09",6.886268289,50.9340816,trocken,"5,20063E+18",PKW
210079,5,3,15,0,2020,Juni,15,Mittwoch,Unfall mit Leichtverletzten,Zusammenstoß mit vorausfahrendem / wartendem Fahrzeug,Unfall im Längsverkehr,Tageslicht,0,1,0,0,0,0,"356882,8138","5641100,539",6.964529137,50.90380041,trocken,"5,20063E+18",PKW
210080,5,3,15,0,2020,Juni,15,Dienstag,Unfall mit Leichtverletzten,Unfall anderer Art,Fahrunfall,Tageslicht,0,0,0,1,0,0,"355695,6168","5645988,607",6.945721329,50.94743317,trocken,"5,20063E+18",Krad
210081,5,3,15,0,2020,Juni,11,Mittwoch,Unfall mit Leichtverletzten,Zusammenstoß mit einbiegendem / kreuzendem Fahrzeug,Einbiegen / Kreuzen-Unfall,Tageslicht,1,1,0,0,0,0,"359970,763","5636939,591",7.010012928,50.86716217,trocken,"5,20063E+18","Rad, PKW"
210083,5,3,15,0,2020,Juni,15,Mittwoch,Unfall mit Leichtverletzten,Zusammenstoß zwischen Fahrzeug und Fußgänger,Sonstiger Unfall,Tageslicht,0,1,1,0,0,0,"353396,1595","5643287,411",6.914096556,50.92257831,trocken,"5,20063E+18","Fuss, PKW"
210084,5,3,15,0,2020,Juni,12,Mittwoch,Unfall mit Leichtverletzten,Unfall anderer Art,Fahrunfall,Tageslicht,1,0,0,0,0,0,"355270,785","5642009,962",6.941257324,50.9115714,trocken,"5,20063E+18",Rad
210086,5,3,15,0,2020,Juni,20,Mittwoch,Unfall mit Leichtverletzten,Zusammenstoß mit vorausfahrendem / wartendem Fahrzeug,Unfall im Längsverkehr,Tageslicht,0,1,0,0,0,0,"355182,0542","5642702,407",6.939721166,50.91777202,trocken,"5,20063E+18",PKW
210087,5,3,15,0,2020,Juni,17,Mittwoch,Unfall mit Leichtverletzten,Unfall anderer Art,Fahrunfall,Tageslicht,1,0,0,0,0,0,"354773,0922","5645546,368",6.932773969,50.94322722,trocken,"5,20063E+18",Rad
210088,5,3,15,0,2020,Juni,8,Mittwoch,Unfall mit Leichtverletzten,Unfall anderer Art,Fahrunfall,Tageslicht,1,0,0,0,0,0,"354920,682","5643863,125",6.93554351,50.92813748,trocken,"5,20063E+18",Rad
210116,5,3,15,0,2020,Juli,23,Dienstag,Unfall mit Leichtverletzten,Unfall anderer Art,Sonstiger Unfall,Dunkelheit,0,0,0,1,0,0,"359356,2504","5643120,444",6.998905635,50.92256143,trocken,"5,20071E+18",Krad
210121,5,3,15,0,2020,Juli,13,Sonntag,Unfall mit Leichtverletzten,Zusammenstoß mit einbiegendem / kreuzendem Fahrzeug,Abbiegeunfall,Tageslicht,1,1,0,0,0,0,"352466,1878","5654787,829",6.896207996,51.02568962,trocken,"5,2007E+18","Rad, PKW"
210127,5,3,15,0,2020,Juli,16,Mittwoch,Unfall mit Schwerverletzten,Zusammenstoß mit einbiegendem / kreuzendem Fahrzeug,Einbiegen / Kreuzen-Unfall,Tageslicht,1,1,0,0,0,0,"358742,774","5648379,27",6.988143024,50.96967284,trocken,"5,20071E+18","Rad, PKW"
210135,5,3,15,0,2020,Juli,18,Mittwoch,Unfall mit Leichtverletzten,Zusammenstoß mit vorausfahrendem / wartendem Fahrzeug,Unfall im Längsverkehr,Tageslicht,0,1,0,0,0,0,"356208,0142","5645119,067",6.953353965,50.93974679,trocken,"5,20071E+18",PKW
210138,5,3,15,0,2020,Juli,18,Dienstag,Unfall mit Leichtverletzten,Zusammenstoß mit einbiegendem / kreuzendem Fahrzeug,Einbiegen / Kreuzen-Unfall,Tageslicht,1,1,0,0,0,0,"359108,4514","5644026,999",6.995031905,50.93064828,trocken,"5,20071E+18","Rad, PKW"
210152,5,3,15,0,2020,Juli,21,Dienstag,Unfall mit Leichtverletzten,Unfall anderer Art,Unfall im Längsverkehr,Tageslicht,0,0,1,0,0,1,"357435,8607","5645666,677",6.97060428,50.94497301,trocken,"5,20071E+18","Fuss, Sonstige"
210164,5,3,15,0,2020,Juli,9,Dienstag,Unfall mit Leichtverletzten,Unfall anderer Art,Sonstiger Unfall,Tageslicht,0,0,0,0,0,1,"356886,0011","5648157,989",6.961802771,50.96722589,trocken,"5,20071E+18",Sonstige
210166,5,3,15,0,2020,Juli,12,Samstag,Unfall mit Leichtverletzten,Zusammenstoß mit einbiegendem / kreuzendem Fahrzeug,Einbiegen / Kreuzen-Unfall,Tageslicht,0,1,0,0,0,0,"360722,9278","5640639,795",7.0192852,50.90059873,trocken,"5,2007E+18",PKW
210169,5,3,15,0,2020,Juli,2,Sonntag,Unfall mit Leichtverletzten,Unfall anderer Art,Sonstiger Unfall,Dunkelheit,0,1,0,0,0,1,"356698,2878","5646413,928",6.959817988,50.9515056,trocken,"5,2007E+18","PKW, Sonstige"
210179,5,3,15,0,2020,Juli,12,Samstag,Unfall mit Leichtverletzten,Unfall anderer Art,Einbiegen / Kreuzen-Unfall,Tageslicht,0,1,0,1,0,0,"362961,1201","5648031,566",7.048315996,50.96756699,trocken,"5,2007E+18","Krad, PKW"
210189,5,3,15,0,2020,Juli,7,Mittwoch,Unfall mit Schwerverletzten,Zusammenstoß mit einbiegendem / kreuzendem Fahrzeug,Einbiegen / Kreuzen-Unfall,Tageslicht,1,0,0,0,0,1,"351156,515","5647028,906",6.880725135,50.95562763,trocken,"5,20071E+18","Rad, Sonstige"
210193,5,3,15,0,2020,Juli,15,Samstag,Unfall mit Leichtverletzten,Zusammenstoß mit anfahrendem/ anhaltendem/ruhendem Fahrzeug,Unfall durch ruhenden Verkehr,Tageslicht,1,1,0,0,0,0,"357359,1865","5647932,63",6.968625601,50.96531797,trocken,"5,2007E+18","Rad, PKW"
210200,5,3,15,0,2020,Juli,8,Dienstag,Unfall mit Leichtverletzten,Zusammenstoß mit vorausfahrendem / wartendem Fahrzeug,Unfall im Längsverkehr,Tageslicht,1,1,0,0,0,0,"355513,648","5648416,167",6.94216889,50.96920349,trocken,"5,20071E+18","Rad, PKW"
210205,5,3,15,0,2020,Juli,8,Dienstag,Unfall mit Leichtverletzten,Unfall anderer Art,Sonstiger Unfall,Tageslicht,0,1,1,0,0,0,"354657,2977","5651168,516",6.928880272,50.99372245,nass/feucht,"5,20071E+18","Fuss, PKW"
210207,5,3,15,0,2020,Juli,12,Samstag,Unfall mit Leichtverletzten,Zusammenstoß mit einbiegendem / kreuzendem Fahrzeug,Einbiegen / Kreuzen-Unfall,Tageslicht,1,1,0,0,0,0,"356232,7771","5646670,777",6.953093611,50.95369793,trocken,"5,2007E+18","Rad, PKW"
210215,5,3,15,0,2020,Juli,18,Dienstag,Unfall mit Leichtverletzten,Zusammenstoß mit einbiegendem / kreuzendem Fahrzeug,Abbiegeunfall,Tageslicht,1,1,0,0,0,0,"352919,1585","5643191,538",6.907353205,50.92159534,trocken,"5,20071E+18","Rad, PKW"
210216,5,3,15,0,2020,Juli,18,Samstag,Unfall mit Leichtverletzten,Aufprall auf Fahrbahnhindernis,Sonstiger Unfall,Tageslicht,0,1,0,0,0,0,"355912,416","5651469,62",6.946633785,50.996744,trocken,"5,2007E+18",PKW
210218,5,3,15,0,2020,Juli,9,Samstag,Unfall mit Leichtverletzten,Zusammenstoß mit anfahrendem/ anhaltendem/ruhendem Fahrzeug,Sonstiger Unfall,Tageslicht,0,1,0,1,0,0,"353258,2484","5645090,475",6.911409869,50.93874672,trocken,"5,2007E+18","Krad, PKW"
210222,5,3,15,0,2020,Juli,22,Sonntag,Unfall mit Leichtverletzten,Unfall anderer Art,Sonstiger Unfall,Dunkelheit,0,1,0,0,0,0,"361832,1992","5645220,175",7.033315332,50.9420306,nass/feucht,"5,2007E+18",PKW
210229,5,3,15,0,2020,Juli,16,Mittwoch,Unfall mit Leichtverletzten,Abkommen von Fahrbahn nach rechts,Fahrunfall,Tageslicht,0,0,0,1,0,0,"359355,7852","5643120,076",6.998899162,50.92255801,nass/feucht,"5,20071E+18",Krad
210241,5,3,15,0,2020,Juli,15,Mittwoch,Unfall mit Leichtverletzten,Zusammenstoß mit anfahrendem/ anhaltendem/ruhendem Fahrzeug,Sonstiger Unfall,Tageslicht,0,1,0,1,0,0,"355350,7591","5645208,437",6.941125242,50.94033553,trocken,"5,20071E+18","Krad, PKW"
210244,5,3,15,0,2020,Juli,8,Dienstag,Unfall mit Leichtverletzten,Unfall anderer Art,Fahrunfall,Tageslicht,0,0,0,1,0,0,"356730,4643","5643098,469",6.961579346,50.92171791,trocken,"5,20071E+18",Krad
210246,5,3,15,0,2020,Juli,19,Samstag,Unfall mit Leichtverletzten,Unfall anderer Art,Einbiegen / Kreuzen-Unfall,Tageslicht,1,1,0,0,0,0,"353563,342","5646465,25",6.915196478,50.95117887,trocken,"5,2007E+18","Rad, PKW"
210251,5,3,15,0,2020,Juli,2,Montag,Unfall mit Schwerverletzten,Abkommen von Fahrbahn nach rechts,Fahrunfall,Dunkelheit,0,1,0,0,0,0,"362925,3791","5650835,514",7.046749867,50.99275841,nass/feucht,"5,20071E+18",PKW
210256,5,3,15,0,2020,Juli,15,Montag,Unfall mit Leichtverletzten,Zusammenstoß zwischen Fahrzeug und Fußgänger,Sonstiger Unfall,Tageslicht,0,1,1,0,0,0,"353926,7189","5643237,668",6.921660047,50.92226586,trocken,"5,20071E+18","Fuss, PKW"
210275,5,3,15,0,2020,Juli,1,Sonntag,Unfall mit Leichtverletzten,Abkommen von Fahrbahn nach rechts,Fahrunfall,Dunkelheit,1,1,0,0,0,0,"353720,4929","5642132,737",6.91917099,50.91228394,trocken,"5,2007E+18","Rad, PKW"
210292,5,3,15,0,2020,Juli,15,Mittwoch,Unfall mit Leichtverletzten,Unfall anderer Art,Fahrunfall,Tageslicht,1,0,0,0,0,0,"356660,6552","5645286,47",6.959726336,50.94136392,trocken,"5,20071E+18",Rad
210295,5,3,15,0,2020,Juli,17,Mittwoch,Unfall mit Leichtverletzten,Zusammenstoß mit einbiegendem / kreuzendem Fahrzeug,Unfall durch ruhenden Verkehr,Tageslicht,1,1,0,0,0,0,"353144,8037","5656928,022",6.905010522,51.04509607,trocken,"5,20071E+18","Rad, PKW"
210343,5,3,15,0,2020,Juli,9,Mittwoch,Unfall mit Leichtverletzten,Unfall anderer Art,Fahrunfall,Tageslicht,1,0,0,0,0,0,"359632,4503","5636560,473",7.005353651,50.86367289,trocken,"5,20071E+18",Rad
210379,5,3,15,0,2020,Juli,15,Sonntag,Unfall mit Leichtverletzten,Zusammenstoß zwischen Fahrzeug und Fußgänger,Überschreiten-Unfall,Tageslicht,1,0,1,0,0,0,"363341,145","5638697,708",7.057223334,50.88376985,trocken,"5,20071E+18","Rad, Fuss"
210382,5,3,15,0,2020,Juli,21,Montag,Unfall mit Leichtverletzten,Zusammenstoß zwischen Fahrzeug und Fußgänger,Sonstiger Unfall,Tageslicht,1,0,1,0,0,0,"357429,98","5645664,343",6.970521538,50.94495058,trocken,"5,20071E+18","Rad, Fuss"
210388,5,3,15,0,2020,Juli,9,Sonntag,Unfall mit Leichtverletzten,Unfall anderer Art,Sonstiger Unfall,Tageslicht,1,0,0,0,0,0,"355827,0692","5645550,287",6.947764879,50.94352696,trocken,"5,20071E+18",Rad
210389,5,3,15,0,2020,Juli,22,Freitag,Unfall mit Leichtverletzten,Zusammenstoß mit anfahrendem/ anhaltendem/ruhendem Fahrzeug,Sonstiger Unfall,Dunkelheit,0,1,0,1,0,0,"366364,2491","5635572,737",7.101316775,50.85639055,trocken,"5,20071E+18","Krad, PKW"
210391,5,3,15,0,2020,Juli,13,Montag,Unfall mit Leichtverletzten,Unfall anderer Art,Fahrunfall,Tageslicht,1,1,0,0,0,0,"353873,4836","5646775,94",6.91948411,50.95404964,trocken,"5,20071E+18","Rad, PKW"
210393,5,3,15,0,2020,Juli,20,Freitag,Unfall mit Leichtverletzten,Zusammenstoß mit einbiegendem / kreuzendem Fahrzeug,Einbiegen / Kreuzen-Unfall,Tageslicht,0,1,0,0,0,0,"361397,7294","5640271,427",7.029015557,50.89745046,trocken,"5,20071E+18",PKW
210398,5,3,15,0,2020,Juli,16,Freitag,Unfall mit Leichtverletzten,Zusammenstoß mit anfahrendem/ anhaltendem/ruhendem Fahrzeug,Fahrunfall,Tageslicht,0,1,0,1,0,0,"357752,1748","5641348,808",6.976788534,50.90624646,trocken,"5,20071E+18","Krad, PKW"
210399,5,3,15,0,2020,Juli,15,Freitag,Unfall mit Leichtverletzten,Unfall anderer Art,Fahrunfall,Tageslicht,1,0,0,0,0,0,"356603,1929","5637579,034",6.961936916,50.87208335,trocken,"5,20071E+18",Rad
210402,5,3,15,0,2020,Juli,16,Dienstag,Unfall mit Leichtverletzten,Zusammenstoß mit entgegenkommendem Fahrzeug,Abbiegeunfall,Tageslicht,0,1,0,0,0,0,"349080,1329","5649617,56",6.850109132,50.97834983,trocken,"5,20071E+18",PKW
210403,5,3,15,0,2020,Juli,18,Freitag,Unfall mit Leichtverletzten,Unfall anderer Art,Sonstiger Unfall,Tageslicht,1,0,0,0,0,0,"353595,7941","5643257,607",6.916946946,50.92236117,trocken,"5,20071E+18",Rad
210407,5,3,15,0,2020,Juli,14,Freitag,Unfall mit Leichtverletzten,Unfall anderer Art,Abbiegeunfall,Tageslicht,1,1,0,0,0,0,"353705,635","5642107,149",6.918970044,50.91205022,trocken,"5,20071E+18","Rad, PKW"
210414,5,3,15,0,2020,Juli,12,Freitag,Unfall mit Leichtverletzten,Unfall anderer Art,Fahrunfall,Tageslicht,1,0,0,0,0,0,"355274,1935","5644168,116",6.94044936,50.93096717,trocken,"5,20071E+18",Rad
210418,5,3,15,0,2020,Juli,13,Freitag,Unfall mit Leichtverletzten,Zusammenstoß zwischen Fahrzeug und Fußgänger,Überschreiten-Unfall,Tageslicht,1,0,1,0,0,0,"355620,8399","5644947,871",6.945070067,50.93806156,trocken,"5,20071E+18","Rad, Fuss"
210425,5,3,15,0,2020,Juli,11,Freitag,Unfall mit Leichtverletzten,Unfall anderer Art,Unfall durch ruhenden Verkehr,Tageslicht,1,1,0,0,0,0,"356406,6909","5645642,527",6.955973537,50.94450056,trocken,"5,20071E+18","Rad, PKW"
210427,5,3,15,0,2020,Juli,19,Sonntag,Unfall mit Leichtverletzten,Zusammenstoß mit einbiegendem / kreuzendem Fahrzeug,Einbiegen / Kreuzen-Unfall,Tageslicht,0,1,0,0,0,0,"353707,4711","5642105,563",6.91899678,50.91203643,trocken,"5,20071E+18",PKW
210443,5,3,15,0,2020,Juli,14,Montag,Unfall mit Leichtverletzten,Zusammenstoß mit seitlich in gleicher Richtung fahrendem Fahrzeug,Unfall durch ruhenden Verkehr,Tageslicht,1,1,0,0,0,0,"353768,1533","5642053,143",6.919880379,50.91158072,trocken,"5,20071E+18","Rad, PKW"
210444,5,3,15,0,2020,Juli,16,Montag,Unfall mit Leichtverletzten,Zusammenstoß mit einbiegendem / kreuzendem Fahrzeug,Einbiegen / Kreuzen-Unfall,Tageslicht,1,1,0,0,0,0,"357513,7352","5647044,078",6.971173023,50.95737088,trocken,"5,20071E+18","Rad, PKW"
210483,5,3,15,0,2020,Juli,10,Sonntag,Unfall mit Leichtverletzten,Zusammenstoß mit vorausfahrendem / wartendem Fahrzeug,Unfall im Längsverkehr,Tageslicht,0,1,0,0,0,0,"360973,9096","5640912,831",7.022748272,50.90311307,trocken,"5,20071E+18",PKW
210493,5,3,15,0,2020,Juli,4,Sonntag,Unfall mit Schwerverletzten,Unfall anderer Art,Fahrunfall,Dunkelheit,1,0,0,0,0,0,"356627,1127","5642745,477",6.960248628,50.91851992,trocken,"5,20071E+18",Rad
210496,5,3,15,0,2020,Juli,14,Montag,Unfall mit Leichtverletzten,Zusammenstoß mit vorausfahrendem / wartendem Fahrzeug,Unfall im Längsverkehr,Tageslicht,0,1,0,1,0,0,"352882,0481","5647328,532",6.905154979,50.95876331,trocken,"5,20071E+18","Krad, PKW"
210509,5,3,15,0,2020,Juli,14,Dienstag,Unfall mit Leichtverletzten,Zusammenstoß mit entgegenkommendem Fahrzeug,Unfall im Längsverkehr,Tageslicht,1,1,0,0,0,0,"349520,7103","5645998,856",6.857877122,50.9459465,trocken,"5,20071E+18","Rad, PKW"
210520,5,3,15,0,2020,Juli,8,Samstag,Unfall mit Leichtverletzten,Zusammenstoß mit einbiegendem / kreuzendem Fahrzeug,Einbiegen / Kreuzen-Unfall,Tageslicht,1,1,0,0,0,0,"365372,943","5645436,042",7.083604059,50.94480836,trocken,"5,20071E+18","Rad, PKW"
210534,5,3,15,0,2020,Juli,14,Sonntag,Unfall mit Leichtverletzten,Zusammenstoß mit seitlich in gleicher Richtung fahrendem Fahrzeug,Unfall im Längsverkehr,Tageslicht,1,0,0,0,0,0,"357797,7561","5642916,708",6.976825349,50.92034845,trocken,"5,20071E+18",Rad
210537,5,3,15,0,2020,Juli,0,Montag,Unfall mit Leichtverletzten,Abkommen von Fahrbahn nach rechts,Sonstiger Unfall,Dunkelheit,0,0,0,0,0,1,"356362,4958","5654806,9",6.95172222,51.02684777,trocken,"5,20071E+18",Sonstige
210551,5,3,15,0,2020,Juli,12,Montag,Unfall mit Leichtverletzten,Unfall anderer Art,Sonstiger Unfall,Tageslicht,1,0,0,0,0,0,"354647,9861","5646229,73",6.930721654,50.94933687,trocken,"5,20071E+18",Rad
210558,5,3,15,0,2020,Juli,16,Dienstag,Unfall mit Schwerverletzten,Zusammenstoß mit anfahrendem/ anhaltendem/ruhendem Fahrzeug,Unfall durch ruhenden Verkehr,Tageslicht,0,1,0,1,0,0,"356308,625","5644302,334",6.95510708,50.932432,trocken,"5,20071E+18","Krad, PKW"
210585,5,3,15,0,2020,Juli,11,Sonntag,Unfall mit Leichtverletzten,Unfall anderer Art,Fahrunfall,Tageslicht,0,0,0,1,0,0,"356387,3351","5641879,514",6.957180519,50.91067797,trocken,"5,20071E+18",Krad
210596,5,3,15,0,2020,Juli,13,Donnerstag,Unfall mit Leichtverletzten,Unfall anderer Art,Fahrunfall,Tageslicht,1,0,0,0,0,0,"360892,904","5647895,294",7.018931625,50.96584655,nass/feucht,"5,20071E+18",Rad
210598,5,3,15,0,2020,Juli,19,Dienstag,Unfall mit Leichtverletzten,Zusammenstoß mit einbiegendem / kreuzendem Fahrzeug,Abbiegeunfall,Tageslicht,1,1,0,0,0,0,"362085,9312","5644163,408",7.037324682,50.93259384,trocken,"5,20071E+18","Rad, PKW"
210599,5,3,15,0,2020,Juli,0,Donnerstag,Unfall mit Schwerverletzten,Zusammenstoß mit einbiegendem / kreuzendem Fahrzeug,Einbiegen / Kreuzen-Unfall,Dunkelheit,1,0,0,1,0,0,"353056,482","5647573,285",6.907538179,50.96100731,trocken,"5,20071E+18","Rad, Krad"
210601,5,3,15,0,2020,Juli,19,Donnerstag,Unfall mit Leichtverletzten,Zusammenstoß mit einbiegendem / kreuzendem Fahrzeug,Einbiegen / Kreuzen-Unfall,Tageslicht,0,1,0,1,0,0,"358836,2037","5639766,834",6.992808239,50.89229514,nass/feucht,"5,20071E+18","Krad, PKW"
210603,5,3,15,0,2020,Juli,18,Montag,Unfall mit Leichtverletzten,Zusammenstoß mit anfahrendem/ anhaltendem/ruhendem Fahrzeug,Unfall durch ruhenden Verkehr,Tageslicht,1,1,0,0,0,0,"353030,185","5645909,849",6.907835544,50.94605202,trocken,"5,20071E+18","Rad, PKW"
210606,5,3,15,0,2020,Juli,10,Donnerstag,Unfall mit Schwerverletzten,Zusammenstoß mit einbiegendem / kreuzendem Fahrzeug,Sonstiger Unfall,Tageslicht,1,1,0,0,0,0,"354924,09","5642889,982",6.935979131,50.91939292,nass/feucht,"5,20071E+18","Rad, PKW"
210610,5,3,15,0,2020,Juli,20,Donnerstag,Unfall mit Leichtverletzten,Abkommen von Fahrbahn nach rechts,Fahrunfall,Tageslicht,0,1,0,0,0,1,"356735,946","5643159,625",6.961633262,50.92226887,nass/feucht,"5,20071E+18","PKW, Sonstige"
210616,5,3,15,0,2020,Juli,16,Donnerstag,Unfall mit Leichtverletzten,Unfall anderer Art,Fahrunfall,Tageslicht,0,0,0,1,0,0,"355403,5684","5645887,882",6.941606666,50.94645479,nass/feucht,"5,20071E+18",Krad
210626,5,3,15,0,2020,Juli,17,Donnerstag,Unfall mit Leichtverletzten,Zusammenstoß mit vorausfahrendem / wartendem Fahrzeug,Unfall im Längsverkehr,Tageslicht,0,1,0,0,0,0,"355987,5531","5643046,508",6.951037026,50.92106599,nass/feucht,"5,20071E+18",PKW
210633,5,3,15,0,2020,Juli,19,Samstag,Unfall mit Leichtverletzten,Zusammenstoß mit vorausfahrendem / wartendem Fahrzeug,Unfall im Längsverkehr,Tageslicht,0,1,0,0,0,1,"356716,317","5648491,949",6.959256247,50.97018495,trocken,"5,20072E+18","PKW, Sonstige"
210652,5,3,15,0,2020,Juli,10,Freitag,Unfall mit Leichtverletzten,Zusammenstoß mit anfahrendem/ anhaltendem/ruhendem Fahrzeug,Unfall durch ruhenden Verkehr,Tageslicht,1,1,0,0,0,0,"364852,5331","5648499,864",7.075062779,50.97222266,nass/feucht,"5,20072E+18","Rad, PKW"
210659,5,3,15,0,2020,Juli,7,Mittwoch,Unfall mit Leichtverletzten,Unfall anderer Art,Fahrunfall,Tageslicht,1,0,0,0,0,0,"353965,514","5647214,391",6.920617584,50.95801317,trocken,"5,20071E+18",Rad
210670,5,3,15,0,2020,Juli,12,Samstag,Unfall mit Leichtverletzten,Zusammenstoß mit vorausfahrendem / wartendem Fahrzeug,Unfall im Längsverkehr,Tageslicht,0,1,0,1,0,0,"359432,8234","5643712,08",6.999766329,50.9278972,trocken,"5,20072E+18","Krad, PKW"
210683,5,3,15,0,2020,Juli,23,Samstag,Unfall mit Schwerverletzten,Unfall anderer Art,Fahrunfall,Dunkelheit,1,0,0,0,0,0,"353999,1123","5642876,961",6.922833736,50.91904261,trocken,"5,20072E+18",Rad
210686,5,3,15,0,2020,Juli,9,Donnerstag,Unfall mit Leichtverletzten,Zusammenstoß mit einbiegendem / kreuzendem Fahrzeug,Unfall durch ruhenden Verkehr,Tageslicht,0,1,0,0,0,0,"361445,6298","5645285,974",7.027791344,50.94252918,trocken,"5,20072E+18",PKW
210688,5,3,15,0,2020,Juli,1,Donnerstag,Unfall mit Leichtverletzten,Unfall anderer Art,Fahrunfall,Dunkelheit,0,1,0,0,0,0,"359974,88","5646310,347",7.006476018,50.95138005,nass/feucht,"5,20072E+18",PKW
210691,5,3,15,0,2020,Juli,15,Donnerstag,Unfall mit Schwerverletzten,Zusammenstoß zwischen Fahrzeug und Fußgänger,Sonstiger Unfall,Tageslicht,0,1,1,0,0,0,"355228,4914","5647295,427",6.938556358,50.95906011,trocken,"5,20072E+18","Fuss, PKW"
210692,5,3,15,0,2020,Juli,12,Donnerstag,Unfall mit Leichtverletzten,Zusammenstoß mit anfahrendem/ anhaltendem/ruhendem Fahrzeug,Fahrunfall,Tageslicht,1,1,0,0,0,0,"352544,2665","5654257,507",6.897536242,51.02094396,trocken,"5,20072E+18","Rad, PKW"
210695,5,3,15,0,2020,Juli,16,Donnerstag,Unfall mit Schwerverletzten,Zusammenstoß mit entgegenkommendem Fahrzeug,Abbiegeunfall,Tageslicht,0,1,0,1,0,0,"350502,913","5652070,28",6.869352619,51.00076184,trocken,"5,20072E+18","Krad, PKW"
210699,5,3,15,0,2020,Juli,17,Mittwoch,Unfall mit Leichtverletzten,Zusammenstoß mit einbiegendem / kreuzendem Fahrzeug,Abbiegeunfall,Tageslicht,1,0,0,1,0,0,"357891,9292","5642710,147",6.978244778,50.91851528,nass/feucht,"5,20071E+18","Rad, Krad"
210700,5,3,15,0,2020,Juli,8,Donnerstag,Unfall mit Leichtverletzten,Zusammenstoß mit einbiegendem / kreuzendem Fahrzeug,Einbiegen / Kreuzen-Unfall,Tageslicht,1,0,0,0,0,1,"355172,3584","5647136,531",6.937820849,50.95761805,trocken,"5,20072E+18","Rad, Sonstige"
210703,5,3,15,0,2020,Juli,23,Donnerstag,Unfall mit Leichtverletzten,Zusammenstoß mit anfahrendem/ anhaltendem/ruhendem Fahrzeug,Fahrunfall,Dunkelheit,1,1,0,0,0,0,"355319,1455","5645075,404",6.940728408,50.93913206,trocken,"5,20072E+18","Rad, PKW"
210705,5,3,15,0,2020,Juli,14,Freitag,Unfall mit Leichtverletzten,Zusammenstoß mit einbiegendem / kreuzendem Fahrzeug,Abbiegeunfall,Tageslicht,0,1,0,0,0,1,"358252,3406","5640732,63",6.984136994,50.90083185,nass/feucht,"5,20072E+18","PKW, Sonstige"
210708,5,3,15,0,2020,Juli,17,Mittwoch,Unfall mit Leichtverletzten,Unfall anderer Art,Fahrunfall,Tageslicht,0,0,0,1,0,0,"355674,5608","5643894,867",6.946251137,50.92861185,nass/feucht,"5,20071E+18",Krad
210709,5,3,15,0,2020,Juli,12,Donnerstag,Unfall mit Leichtverletzten,Zusammenstoß mit anfahrendem/ anhaltendem/ruhendem Fahrzeug,Unfall durch ruhenden Verkehr,Tageslicht,1,1,0,0,0,0,"355304,6293","5644594,466",6.94071292,50.93480633,trocken,"5,20072E+18","Rad, PKW"
210712,5,3,15,0,2020,Juli,15,Donnerstag,Unfall mit Leichtverletzten,Unfall anderer Art,Überschreiten-Unfall,Tageslicht,1,0,1,0,0,0,"356162,477","5645043,352",6.952736152,50.93905499,trocken,"5,20072E+18","Rad, Fuss"
210719,5,3,15,0,2020,Juli,12,Samstag,Unfall mit Leichtverletzten,Unfall anderer Art,Einbiegen / Kreuzen-Unfall,Tageslicht,1,1,0,0,0,0,"355368,5907","5649000,811",6.939871833,50.97442113,trocken,"5,20072E+18","Rad, PKW"
210750,5,3,15,0,2020,Juli,23,Mittwoch,Unfall mit Leichtverletzten,Unfall anderer Art,Sonstiger Unfall,Dunkelheit,0,0,0,1,0,0,"348353,9256","5644395,763",6.841947323,50.93123504,nass/feucht,"5,20071E+18",Krad
210760,5,3,15,0,2020,Juli,18,Freitag,Unfall mit Schwerverletzten,Zusammenstoß zwischen Fahrzeug und Fußgänger,Fahrunfall,Tageslicht,0,1,1,0,0,0,"363572,2173","5638866,459",7.060443308,50.88534112,nass/feucht,"5,20072E+18","Fuss, PKW"
210791,5,3,15,0,2020,Juli,19,Samstag,Unfall mit Leichtverletzten,Zusammenstoß mit seitlich in gleicher Richtung fahrendem Fahrzeug,Unfall im Längsverkehr,Tageslicht,0,1,0,1,0,0,"358633,009","5639773,896",6.989918203,50.89230891,trocken,"5,20072E+18","Krad, PKW"
210806,5,3,15,0,2020,Juli,9,Mittwoch,Unfall mit Leichtverletzten,Unfall anderer Art,Fahrunfall,Tageslicht,0,0,0,0,0,1,"358908,5568","5643515,398",6.992387155,50.92600162,trocken,"5,20071E+18",Sonstige
210812,5,3,15,0,2020,Juli,9,Freitag,Unfall mit Leichtverletzten,Zusammenstoß mit einbiegendem / kreuzendem Fahrzeug,Einbiegen / Kreuzen-Unfall,Tageslicht,1,1,0,0,0,0,"357172,2626","5642015,797",6.96828486,50.9120975,nass/feucht,"5,20072E+18","Rad, PKW"