OBJECTID,ULAND,UREGBEZ,UKREIS,UGEMEINDE,UJAHR,UMONAT,USTUNDE,UWOCHENTAG,UKATEGORIE,UART,UTYP1,ULICHTVERH,IstRad,IstPKW,IstFuss,IstKrad,IstGkfz,IstSonstige,LINREFX,LINREFY,XGCSWGS84,YGCSWGS84,USTRZUSTAND,UIDENTSTLAE,Participants
210816,5,3,15,0,2020,Juli,15,Mittwoch,Unfall mit Schwerverletzten,Abkommen von Fahrbahn nach links,Fahrunfall,Tageslicht,0,0,0,1,0,0,"356984,2609","5639281,234",6.966683368,50.88747547,trocken,"5,20071E+18",Krad
210828,5,3,15,0,2020,Juli,10,Samstag,Unfall mit Leichtverletzten,Unfall anderer Art,Sonstiger Unfall,Tageslicht,1,0,0,0,0,0,"358507,9744","5644388,545",6.986352046,50.93375052,trocken,"5,20072E+18",Rad
210841,5,3,15,0,2020,Juli,0,Samstag,Unfall mit Leichtverletzten,Zusammenstoß mit anfahrendem/ anhaltendem/ruhendem Fahrzeug,Fahrunfall,Dunkelheit,1,1,0,0,0,0,"354193,4458","5643266,526",6.925440855,50.92259266,nass/feucht,"5,20072E+18","Rad, PKW"
210856,5,3,15,0,2020,Juli,12,Mittwoch,Unfall mit Leichtverletzten,Unfall anderer Art,Sonstiger Unfall,Tageslicht,0,1,0,0,0,0,"357731,8294","5645132,802",6.975023081,50.94024821,trocken,"5,20071E+18",PKW
210895,5,3,15,0,2020,Juli,15,Donnerstag,Unfall mit Leichtverletzten,Unfall anderer Art,Fahrunfall,Tageslicht,1,0,0,0,0,0,"361623,9283","5643069,323",7.031169266,50.92265032,trocken,"5,20072E+18",Rad
210900,5,3,15,0,2020,Juli,12,Dienstag,Unfall mit Leichtverletzten,Unfall anderer Art,Sonstiger Unfall,Tageslicht,0,1,0,0,0,1,"365259,4007","5642830,105",7.082952201,50.92136081,trocken,"5,20072E+18","PKW, Sonstige"
210915,5,3,15,0,2020,Juli,13,Mittwoch,Unfall mit Leichtverletzten,Zusammenstoß mit einbiegendem / kreuzendem Fahrzeug,Einbiegen / Kreuzen-Unfall,Tageslicht,1,0,0,0,1,0,"351302,2141","5647216,543",6.882721468,50.95735143,trocken,"5,20072E+18","Rad, Gkfz"
210921,5,3,15,0,2020,Juli,17,Montag,Unfall mit Leichtverletzten,Unfall anderer Art,Fahrunfall,Tageslicht,1,0,0,0,0,0,"364424,0272","5648629,899",7.068914687,50.97329063,trocken,"5,20072E+18",Rad
210943,5,3,15,0,2020,Juli,22,Donnerstag,Unfall mit Leichtverletzten,Zusammenstoß mit anfahrendem/ anhaltendem/ruhendem Fahrzeug,Unfall durch ruhenden Verkehr,Dunkelheit,1,1,0,0,0,0,"360291,5494","5647796,561",7.010410971,50.96481371,trocken,"5,20072E+18","Rad, PKW"
210948,5,3,15,0,2020,Juli,17,Dienstag,Unfall mit Leichtverletzten,Zusammenstoß mit einbiegendem / kreuzendem Fahrzeug,Unfall im Längsverkehr,Tageslicht,1,0,0,0,0,0,"354233,3616","5644182,694",6.925642097,50.93083609,trocken,"5,20072E+18",Rad
210959,5,3,15,0,2020,Juli,1,Donnerstag,Unfall mit Schwerverletzten,Zusammenstoß zwischen Fahrzeug und Fußgänger,Überschreiten-Unfall,Dunkelheit,0,1,1,0,0,0,"356237,433","5644222,165",6.954126248,50.93169379,trocken,"5,20072E+18","Fuss, PKW"
210968,5,3,15,0,2020,Juli,0,Mittwoch,Unfall mit Leichtverletzten,Zusammenstoß mit einbiegendem / kreuzendem Fahrzeug,Abbiegeunfall,Tageslicht,1,0,0,0,0,0,"360101,554","5638337,003",7.011335849,50.87975276,trocken,"5,20072E+18",Rad
210982,5,3,15,0,2020,Juli,13,Donnerstag,Unfall mit Leichtverletzten,Zusammenstoß mit entgegenkommendem Fahrzeug,Abbiegeunfall,Tageslicht,0,1,0,1,0,0,"364567,3203","5640823,357",7.073856261,50.90316303,trocken,"5,20072E+18","Krad, PKW"
210988,5,3,15,0,2020,Juli,3,Montag,Unfall mit Leichtverletzten,Abkommen von Fahrbahn nach rechts,Fahrunfall,Dunkelheit,0,1,0,0,0,0,"355437,5912","5649453,345",6.940674055,50.97850525,trocken,"5,20072E+18",PKW
210990,5,3,15,0,2020,Juli,2,Montag,Unfall mit Leichtverletzten,Unfall anderer Art,Fahrunfall,Dunkelheit,0,0,0,0,0,1,"356197,8749","5646275,079",6.95275332,50.95013315,trocken,"5,20072E+18",Sonstige
210995,5,3,15,0,2020,Juli,8,Donnerstag,Unfall mit Leichtverletzten,Zusammenstoß mit anfahrendem/ anhaltendem/ruhendem Fahrzeug,Unfall durch ruhenden Verkehr,Tageslicht,0,1,0,0,1,0,"351850,3419","5650770,155",6.889072657,50.98942691,trocken,"5,20072E+18","PKW, Gkfz"
210998,5,3,15,0,2020,Juli,2,Montag,Unfall mit Leichtverletzten,Zusammenstoß zwischen Fahrzeug und Fußgänger,Unfall im Längsverkehr,Dunkelheit,1,0,1,0,0,0,"356622,1348","5645004,742",6.959289289,50.93882249,trocken,"5,20072E+18","Rad, Fuss"
211014,5,3,15,0,2020,Juli,1,Sonntag,Unfall mit Schwerverletzten,Zusammenstoß mit anfahrendem/ anhaltendem/ruhendem Fahrzeug,Unfall durch ruhenden Verkehr,Dunkelheit,1,1,0,0,0,0,"357731,3865","5644984,71",6.975074612,50.9389172,trocken,"5,20072E+18","Rad, PKW"
211017,5,3,15,0,2020,Juli,10,Sonntag,Unfall mit Leichtverletzten,Zusammenstoß mit einbiegendem / kreuzendem Fahrzeug,Abbiegeunfall,Tageslicht,1,1,0,0,0,0,"356859,8596","5649891,819",6.960748136,50.98280104,trocken,"5,20072E+18","Rad, PKW"
211020,5,3,15,0,2020,Juli,16,Sonntag,Unfall mit Leichtverletzten,Zusammenstoß mit einbiegendem / kreuzendem Fahrzeug,Sonstiger Unfall,Tageslicht,1,0,0,0,0,0,"356770,8701","5649002,69",6.959831535,50.97478846,trocken,"5,20072E+18",Rad
211022,5,3,15,0,2020,Juli,17,Mittwoch,Unfall mit Leichtverletzten,Zusammenstoß mit anfahrendem/ anhaltendem/ruhendem Fahrzeug,Einbiegen / Kreuzen-Unfall,Tageslicht,1,0,0,0,0,0,"355689,1948","5647199,21",6.945150082,50.95831099,trocken,"5,20072E+18",Rad
211026,5,3,15,0,2020,Juli,22,Sonntag,Unfall mit Schwerverletzten,Zusammenstoß zwischen Fahrzeug und Fußgänger,Sonstiger Unfall,Dämmerung,0,1,1,0,0,0,"356695,1975","5642345,851",6.961373593,50.91494542,trocken,"5,20072E+18","Fuss, PKW"
211030,5,3,15,0,2020,Juli,13,Sonntag,Unfall mit Leichtverletzten,Unfall anderer Art,Fahrunfall,Tageslicht,1,0,0,0,0,0,"354242,82","5642575,467",6.926419024,50.91639477,trocken,"5,20072E+18",Rad
211033,5,3,15,0,2020,Juli,13,Sonntag,Unfall mit Leichtverletzten,Abkommen von Fahrbahn nach rechts,Unfall im Längsverkehr,Tageslicht,0,1,0,0,0,0,"355175,3173","5645940,317",6.938338807,50.94686871,trocken,"5,20072E+18",PKW
211038,5,3,15,0,2020,Juli,21,Sonntag,Unfall mit Leichtverletzten,Zusammenstoß zwischen Fahrzeug und Fußgänger,Überschreiten-Unfall,Dämmerung,0,1,1,0,0,0,"356647,5573","5645586,578",6.959421923,50.94405769,trocken,"5,20072E+18","Fuss, PKW"
211049,5,3,15,0,2020,Juli,16,Sonntag,Unfall mit Leichtverletzten,Zusammenstoß zwischen Fahrzeug und Fußgänger,Überschreiten-Unfall,Tageslicht,0,1,1,0,0,0,"356443,3283","5643984,005",6.95714813,50.92960476,trocken,"5,20072E+18","Fuss, PKW"
211050,5,3,15,0,2020,Juli,20,Donnerstag,Unfall mit Schwerverletzten,Unfall anderer Art,Fahrunfall,Tageslicht,1,0,0,0,0,0,"366091,945","5648109,91",7.09284909,50.96900742,trocken,"5,20072E+18",Rad
211054,5,3,15,0,2020,Juli,15,Sonntag,Unfall mit Leichtverletzten,Zusammenstoß mit einbiegendem / kreuzendem Fahrzeug,Abbiegeunfall,Tageslicht,1,1,0,0,0,0,"354295,4363","5644195,854",6.926519583,50.93097004,trocken,"5,20072E+18","Rad, PKW"
211055,5,3,15,0,2020,Juli,16,Dienstag,Unfall mit Leichtverletzten,Zusammenstoß mit einbiegendem / kreuzendem Fahrzeug,Überschreiten-Unfall,Tageslicht,0,1,1,0,0,0,"359147,6219","5646337,112",6.994695762,50.95141901,trocken,"5,20072E+18","Fuss, PKW"
211065,5,3,15,0,2020,Juli,18,Donnerstag,Unfall mit Leichtverletzten,Zusammenstoß mit anfahrendem/ anhaltendem/ruhendem Fahrzeug,Unfall durch ruhenden Verkehr,Tageslicht,1,1,0,0,0,0,"354742,4278","5645064,604",6.932529878,50.93889001,trocken,"5,20072E+18","Rad, PKW"
211074,5,3,15,0,2020,Juli,15,Mittwoch,Unfall mit Leichtverletzten,Zusammenstoß mit vorausfahrendem / wartendem Fahrzeug,Unfall im Längsverkehr,Tageslicht,0,1,0,0,0,0,"353127,3079","5645400,401",6.90942256,50.94149857,trocken,"5,20072E+18",PKW
211095,5,3,15,0,2020,Juli,17,Montag,Unfall mit Leichtverletzten,Unfall anderer Art,Fahrunfall,Tageslicht,0,0,0,1,0,0,"359878,584","5646275,165",7.00511949,50.95104046,trocken,"5,20072E+18",Krad
211101,5,3,15,0,2020,Juli,14,Donnerstag,Unfall mit Schwerverletzten,Unfall anderer Art,Unfall durch ruhenden Verkehr,Tageslicht,0,1,0,1,0,0,"356039,9796","5649945,406",6.949054437,50.98307819,trocken,"5,20072E+18","Krad, PKW"
211105,5,3,15,0,2020,Juli,16,Dienstag,Unfall mit Leichtverletzten,Zusammenstoß mit anfahrendem/ anhaltendem/ruhendem Fahrzeug,Unfall durch ruhenden Verkehr,Tageslicht,0,1,0,1,0,0,"356662,8527","5642734,349",6.960761126,50.91842879,trocken,"5,20072E+18","Krad, PKW"
211123,5,3,15,0,2020,Juli,22,Mittwoch,Unfall mit Leichtverletzten,Zusammenstoß mit einbiegendem / kreuzendem Fahrzeug,Einbiegen / Kreuzen-Unfall,Dunkelheit,0,1,0,0,0,0,"355793,5597","5644597,651",6.947665277,50.93495741,trocken,"5,20072E+18",PKW
211128,5,3,15,0,2020,Juli,19,Mittwoch,Unfall mit Leichtverletzten,Zusammenstoß mit einbiegendem / kreuzendem Fahrzeug,Einbiegen / Kreuzen-Unfall,Tageslicht,1,1,0,0,0,0,"362906,8793","5643709,805",7.049171056,50.92871286,trocken,"5,20072E+18","Rad, PKW"
211142,5,3,15,0,2020,Juli,12,Montag,Unfall mit Leichtverletzten,Unfall anderer Art,Sonstiger Unfall,Tageslicht,1,1,0,0,0,0,"355939,8094","5642929,777",6.950404315,50.92000503,trocken,"5,20072E+18","Rad, PKW"
211150,5,3,15,0,2020,Juli,18,Donnerstag,Unfall mit Schwerverletzten,Zusammenstoß mit einbiegendem / kreuzendem Fahrzeug,Einbiegen / Kreuzen-Unfall,Tageslicht,1,1,0,0,0,0,"351081,2726","5646096,482",6.880035981,50.94722905,trocken,"5,20072E+18","Rad, PKW"
211152,5,3,15,0,2020,Juli,0,Montag,Unfall mit Leichtverletzten,Unfall anderer Art,Sonstiger Unfall,Dunkelheit,1,0,0,0,0,0,"356399,8573","5645355,46",6.9559895,50.94191903,trocken,"5,20073E+18",Rad
211153,5,3,15,0,2020,Juli,17,Montag,Unfall mit Leichtverletzten,Unfall anderer Art,Unfall durch ruhenden Verkehr,Tageslicht,1,1,0,0,0,0,"355558,6507","5643620,859",6.94471143,50.92612037,trocken,"5,20073E+18","Rad, PKW"
211170,5,3,15,0,2020,Juli,16,Freitag,Unfall mit Leichtverletzten,Zusammenstoß mit einbiegendem / kreuzendem Fahrzeug,Abbiegeunfall,Tageslicht,1,0,0,1,0,0,"356176,8573","5647574,336",6.951940924,50.96180409,trocken,"5,20072E+18","Rad, Krad"
211173,5,3,15,0,2020,Juli,16,Freitag,Unfall mit Leichtverletzten,Unfall anderer Art,Abbiegeunfall,Tageslicht,0,1,0,1,0,0,"356121,4576","5646561,362",6.95155301,50.95268686,trocken,"5,20072E+18","Krad, PKW"
211178,5,3,15,0,2020,Juli,7,Freitag,Unfall mit Leichtverletzten,Zusammenstoß mit seitlich in gleicher Richtung fahrendem Fahrzeug,Unfall im Längsverkehr,Tageslicht,1,1,0,0,0,0,"357582,1054","5634852,383",6.9769017,50.84782069,trocken,"5,20072E+18","Rad, PKW"
211182,5,3,15,0,2020,Juli,12,Freitag,Unfall mit Leichtverletzten,Unfall anderer Art,Fahrunfall,Tageslicht,1,0,0,0,0,0,"353390,151","5643024,46",6.914116831,50.92021374,trocken,"5,20072E+18",Rad
211207,5,3,15,0,2020,Juli,10,Sonntag,Unfall mit Leichtverletzten,Zusammenstoß mit einbiegendem / kreuzendem Fahrzeug,Einbiegen / Kreuzen-Unfall,Tageslicht,1,1,0,0,0,0,"360937,1076","5644064,815",7.021023606,50.93143192,trocken,"5,20073E+18","Rad, PKW"
211209,5,3,15,0,2020,Juli,19,Sonntag,Unfall mit Schwerverletzten,Unfall anderer Art,Fahrunfall,Tageslicht,1,0,0,0,0,0,"353992,2801","5643985,363",6.922292793,50.92900176,trocken,"5,20073E+18",Rad
211211,5,3,15,0,2020,Juli,18,Sonntag,Unfall mit Leichtverletzten,Zusammenstoß zwischen Fahrzeug und Fußgänger,Überschreiten-Unfall,Tageslicht,1,1,1,0,0,0,"356457,9662","5645937,6",6.956586637,50.94716511,trocken,"5,20073E+18","Rad, Fuss, PKW"
211212,5,3,15,0,2020,Juli,22,Sonntag,Unfall mit Leichtverletzten,Zusammenstoß mit vorausfahrendem / wartendem Fahrzeug,Abbiegeunfall,Dunkelheit,1,1,0,0,0,0,"356475,6719","5646087,17",6.956779568,50.94851368,trocken,"5,20073E+18","Rad, PKW"
211215,5,3,15,0,2020,Juli,21,Sonntag,Unfall mit Leichtverletzten,Unfall anderer Art,Fahrunfall,Dunkelheit,1,1,0,0,0,0,"355160,4259","5644069,413",6.938870705,50.9300516,trocken,"5,20073E+18","Rad, PKW"
211220,5,3,15,0,2020,Juli,10,Dienstag,Unfall mit Leichtverletzten,Unfall anderer Art,Unfall durch ruhenden Verkehr,Tageslicht,0,1,0,0,0,0,"356798,1925","5641665,114",6.963104939,50.90885324,trocken,"5,20073E+18",PKW
211258,5,3,15,0,2020,Juli,14,Montag,Unfall mit Schwerverletzten,Zusammenstoß zwischen Fahrzeug und Fußgänger,Überschreiten-Unfall,Tageslicht,0,1,1,0,0,0,"360800,694","5645282,341",7.018618453,50.94234118,trocken,"5,20073E+18","Fuss, PKW"
211286,5,3,15,0,2020,Juli,12,Samstag,Unfall mit Leichtverletzten,Zusammenstoß mit einbiegendem / kreuzendem Fahrzeug,Abbiegeunfall,Tageslicht,1,0,0,0,0,1,"359614,819","5646469,314",7.001291897,50.95272111,trocken,"5,20072E+18","Rad, Sonstige"
211287,5,3,15,0,2020,Juli,13,Samstag,Unfall mit Leichtverletzten,Zusammenstoß mit einbiegendem / kreuzendem Fahrzeug,Einbiegen / Kreuzen-Unfall,Tageslicht,1,0,0,0,0,0,"360705,574","5646606,729",7.016758752,50.95422074,trocken,"5,20072E+18",Rad
211289,5,3,15,0,2020,Juli,17,Montag,Unfall mit Leichtverletzten,Zusammenstoß mit anfahrendem/ anhaltendem/ruhendem Fahrzeug,Unfall durch ruhenden Verkehr,Tageslicht,0,1,0,0,0,0,"360664,5272","5644312,169",7.017052487,50.93358915,trocken,"5,20073E+18",PKW
211290,5,3,15,0,2020,Juli,19,Samstag,Unfall mit Leichtverletzten,Zusammenstoß mit anfahrendem/ anhaltendem/ruhendem Fahrzeug,Unfall durch ruhenden Verkehr,Tageslicht,0,1,0,0,0,0,"357802,4259","5647146,714",6.97524077,50.95836457,trocken,"5,20072E+18",PKW
211291,5,3,15,0,2020,Juli,13,Samstag,Unfall mit Schwerverletzten,Zusammenstoß mit anfahrendem/ anhaltendem/ruhendem Fahrzeug,Fahrunfall,Tageslicht,0,1,0,1,0,0,"353556,796","5646124,836",6.915240259,50.94811804,trocken,"5,20072E+18","Krad, PKW"
211294,5,3,15,0,2020,Juli,8,Samstag,Unfall mit Leichtverletzten,Zusammenstoß mit seitlich in gleicher Richtung fahrendem Fahrzeug,Abbiegeunfall,Tageslicht,0,1,0,1,0,0,"357147,139","5642090,436",6.967898498,50.91276206,trocken,"5,20072E+18","Krad, PKW"
211303,5,3,15,0,2020,Juli,16,Montag,Unfall mit Leichtverletzten,Zusammenstoß mit seitlich in gleicher Richtung fahrendem Fahrzeug,Unfall im Längsverkehr,Tageslicht,1,0,0,0,0,0,"365612,5886","5646186,699",7.086736308,50.95161085,trocken,"5,20073E+18",Rad
211315,5,3,15,0,2020,Juli,16,Montag,Unfall mit Leichtverletzten,Zusammenstoß mit seitlich in gleicher Richtung fahrendem Fahrzeug,Sonstiger Unfall,Tageslicht,1,1,0,0,0,0,"357632,5295","5645139,255",6.973608118,50.94028169,trocken,"5,20073E+18","Rad, PKW"
211329,5,3,15,0,2020,Juli,10,Dienstag,Unfall mit Leichtverletzten,Zusammenstoß mit seitlich in gleicher Richtung fahrendem Fahrzeug,Sonstiger Unfall,Tageslicht,1,0,0,0,0,1,"352475,1462","5647216,585",6.899410549,50.95765327,trocken,"5,20073E+18","Rad, Sonstige"
211355,5,3,15,0,2020,Juli,12,Montag,Unfall mit Leichtverletzten,Unfall anderer Art,Fahrunfall,Tageslicht,1,0,0,0,0,0,"349938,6925","5659863,121",6.858089885,51.07064272,trocken,"5,20073E+18",Rad
211357,5,3,15,0,2020,Juli,9,Montag,Unfall mit Leichtverletzten,Unfall anderer Art,Fahrunfall,Tageslicht,0,0,0,1,0,0,"350526,6349","5650217,286",6.870452979,50.98411645,nass/feucht,"5,20073E+18",Krad
211367,5,3,15,0,2020,Juli,15,Montag,Unfall mit Leichtverletzten,Zusammenstoß mit einbiegendem / kreuzendem Fahrzeug,Einbiegen / Kreuzen-Unfall,Tageslicht,1,1,0,0,0,0,"352217,8822","5644826,102",6.896720087,50.93610525,trocken,"5,20073E+18","Rad, PKW"
211406,5,3,15,0,2020,Juli,6,Montag,Unfall mit Leichtverletzten,Unfall anderer Art,Fahrunfall,Tageslicht,1,0,0,0,0,0,"355416,6693","5645180,674",6.94207375,50.94010256,nass/feucht,"5,20073E+18",Rad
211417,5,3,15,0,2020,Juli,15,Dienstag,Unfall mit Leichtverletzten,Zusammenstoß mit einbiegendem / kreuzendem Fahrzeug,Einbiegen / Kreuzen-Unfall,Tageslicht,1,0,0,0,0,0,"347395,1165","5647839,287",6.826870175,50.96192606,trocken,"5,20073E+18",Rad
211444,5,3,15,0,2020,Juli,17,Freitag,Unfall mit Leichtverletzten,Zusammenstoß mit einbiegendem / kreuzendem Fahrzeug,Abbiegeunfall,Tageslicht,1,1,0,0,0,0,"360056,533","5643320,836",7.008785978,50.92453267,trocken,"5,20073E+18","Rad, PKW"
211448,5,3,15,0,2020,Juli,18,Donnerstag,Unfall mit Leichtverletzten,Zusammenstoß mit entgegenkommendem Fahrzeug,Unfall im Längsverkehr,Tageslicht,0,1,0,0,0,1,"354207,2878","5657302,655",6.920006014,51.04873334,trocken,"5,20073E+18","PKW, Sonstige"
211449,5,3,15,0,2020,Juli,18,Mittwoch,Unfall mit Leichtverletzten,Abkommen von Fahrbahn nach links,Fahrunfall,Tageslicht,1,0,0,0,0,0,"365155,3306","5643475,16",7.081233866,50.92713397,trocken,"5,20073E+18",Rad
211451,5,3,15,0,2020,Juli,11,Mittwoch,Unfall mit Leichtverletzten,Zusammenstoß mit einbiegendem / kreuzendem Fahrzeug,Einbiegen / Kreuzen-Unfall,Tageslicht,1,1,0,0,0,0,"359609,3058","5646956,526",7.001025545,50.95709839,trocken,"5,20073E+18","Rad, PKW"
211453,5,3,15,0,2020,Juli,16,Mittwoch,Unfall mit Leichtverletzten,Zusammenstoß mit einbiegendem / kreuzendem Fahrzeug,Einbiegen / Kreuzen-Unfall,Tageslicht,0,1,0,0,0,0,"351793,5834","5655303,222",6.886413089,51.0301481,trocken,"5,20073E+18",PKW
211459,5,3,15,0,2020,Juli,13,Mittwoch,Unfall mit Leichtverletzten,Zusammenstoß mit einbiegendem / kreuzendem Fahrzeug,Unfall durch ruhenden Verkehr,Tageslicht,0,1,0,0,0,1,"356959,8704","5648935,717",6.962548197,50.97423356,trocken,"5,20073E+18","PKW, Sonstige"
211461,5,3,15,0,2020,Juli,17,Donnerstag,Unfall mit Leichtverletzten,Zusammenstoß mit entgegenkommendem Fahrzeug,Sonstiger Unfall,Tageslicht,1,1,0,0,0,0,"355504,56","5644634,922",6.943540307,50.93522002,trocken,"5,20073E+18","Rad, PKW"
211463,5,3,15,0,2020,Juli,17,Mittwoch,Unfall mit Leichtverletzten,Zusammenstoß mit anfahrendem/ anhaltendem/ruhendem Fahrzeug,Unfall durch ruhenden Verkehr,Tageslicht,0,1,0,0,0,0,"351932,0811","5649143,169",6.890899319,50.97482715,trocken,"5,20073E+18",PKW
211470,5,3,15,0,2020,Juli,12,Mittwoch,Unfall mit Leichtverletzten,Unfall anderer Art,Fahrunfall,Tageslicht,1,0,0,0,0,0,"360943,286","5639541,761",7.022835063,50.89078348,trocken,"5,20073E+18",Rad
211475,5,3,15,0,2020,Juli,17,Mittwoch,Unfall mit Leichtverletzten,Unfall anderer Art,Sonstiger Unfall,Tageslicht,0,1,0,0,0,0,"352501,273","5643685,12",6.901212196,50.92592428,trocken,"5,20073E+18",PKW
211477,5,3,15,0,2020,Juli,17,Mittwoch,Unfall mit Leichtverletzten,Unfall anderer Art,Unfall durch ruhenden Verkehr,Tageslicht,1,1,0,0,0,0,"354024,8415","5644539,455",6.922533914,50.93398946,trocken,"5,20073E+18","Rad, PKW"
211479,5,3,15,0,2020,Juli,17,Mittwoch,Unfall mit Leichtverletzten,Unfall anderer Art,Einbiegen / Kreuzen-Unfall,Tageslicht,1,1,0,0,0,0,"355821,6066","5645220,974",6.947817516,50.94056612,trocken,"5,20073E+18","Rad, PKW"
211481,5,3,15,0,2020,Juli,13,Mittwoch,Unfall mit Leichtverletzten,Zusammenstoß mit vorausfahrendem / wartendem Fahrzeug,Unfall im Längsverkehr,Tageslicht,0,0,0,0,0,1,"356197,523","5643570,776",6.953815629,50.92582989,trocken,"5,20073E+18",Sonstige
211483,5,3,15,0,2020,Juli,9,Mittwoch,Unfall mit Leichtverletzten,Zusammenstoß mit einbiegendem / kreuzendem Fahrzeug,Abbiegeunfall,Tageslicht,1,1,0,0,0,0,"356026,2421","5646175,91",6.950350744,50.9491991,trocken,"5,20073E+18","Rad, PKW"
211495,5,3,15,0,2020,Juli,6,Freitag,Unfall mit Leichtverletzten,Zusammenstoß mit einbiegendem / kreuzendem Fahrzeug,Unfall im Längsverkehr,Tageslicht,0,1,0,0,0,0,"353023,0472","5646127,37",6.907646217,50.94800497,trocken,"5,20073E+18",PKW
211514,5,3,15,0,2020,Juli,17,Donnerstag,Unfall mit Leichtverletzten,Zusammenstoß mit entgegenkommendem Fahrzeug,Abbiegeunfall,Tageslicht,1,1,0,0,0,0,"355079,7047","5644895,151",6.937394454,50.93745204,trocken,"5,20073E+18","Rad, PKW"
211552,5,3,15,0,2020,Juli,13,Freitag,Unfall mit Leichtverletzten,Unfall anderer Art,Sonstiger Unfall,Tageslicht,0,0,1,0,0,1,"363928,4591","5645306,983",7.06310276,50.94330932,trocken,"5,20073E+18","Fuss, Sonstige"
211556,5,3,15,0,2020,Juli,15,Donnerstag,Unfall mit Schwerverletzten,Zusammenstoß mit einbiegendem / kreuzendem Fahrzeug,Einbiegen / Kreuzen-Unfall,Tageslicht,0,1,0,1,0,0,"361938,5431","5648458,052",7.033599876,50.97115574,trocken,"5,20073E+18","Krad, PKW"
211565,5,3,15,0,2020,Juli,16,Freitag,Unfall mit Leichtverletzten,Zusammenstoß zwischen Fahrzeug und Fußgänger,Überschreiten-Unfall,Tageslicht,0,1,1,0,0,0,"356538,3136","5645708,34",6.957819968,50.94512478,trocken,"5,20073E+18","Fuss, PKW"
211569,5,3,15,0,2020,Juli,7,Donnerstag,Unfall mit Leichtverletzten,Zusammenstoß mit einbiegendem / kreuzendem Fahrzeug,Einbiegen / Kreuzen-Unfall,Tageslicht,0,1,0,1,0,0,"356712,5897","5645521,735",6.96037252,50.94349113,trocken,"5,20073E+18","Krad, PKW"
211604,5,3,15,0,2020,Juli,17,Freitag,Unfall mit Leichtverletzten,Zusammenstoß mit einbiegendem / kreuzendem Fahrzeug,Abbiegeunfall,Tageslicht,1,0,0,0,0,0,"356178,3871","5646509,626",6.952383419,50.95223613,trocken,"5,20073E+18",Rad
211623,5,3,15,0,2020,Juli,15,Donnerstag,Unfall mit Leichtverletzten,Unfall anderer Art,Einbiegen / Kreuzen-Unfall,Tageslicht,1,1,0,0,0,0,"357381,2459","5649463,377",6.968339197,50.97908009,trocken,"5,20073E+18","Rad, PKW"
211660,5,3,15,0,2020,Juli,0,Donnerstag,Unfall mit Schwerverletzten,Abkommen von Fahrbahn nach rechts,Unfall im Längsverkehr,Dunkelheit,0,0,0,1,0,0,"357608,289","5645472,758",6.973132958,50.94327288,trocken,"5,20073E+18",Krad
211668,5,3,15,0,2020,Juli,12,Freitag,Unfall mit Leichtverletzten,Unfall anderer Art,Fahrunfall,Tageslicht,1,0,0,0,0,0,"359195,2394","5639063,852",6.998180903,50.88606495,trocken,"5,20073E+18",Rad
211672,5,3,15,0,2020,Juli,13,Donnerstag,Unfall mit Leichtverletzten,Zusammenstoß zwischen Fahrzeug und Fußgänger,Überschreiten-Unfall,Tageslicht,1,0,1,0,0,0,"354069,7423","5642750,859",6.923888338,50.91792723,trocken,"5,20073E+18","Rad, Fuss"
211716,5,3,15,0,2020,August,14,Dienstag,Unfall mit Leichtverletzten,Zusammenstoß mit einbiegendem / kreuzendem Fahrzeug,Einbiegen / Kreuzen-Unfall,Tageslicht,1,1,0,0,0,0,"359228,5273","5642678,641",6.997260087,50.91855975,trocken,"5,2008E+18","Rad, PKW"
211717,5,3,15,0,2020,August,17,Dienstag,Unfall mit Leichtverletzten,Zusammenstoß mit einbiegendem / kreuzendem Fahrzeug,Einbiegen / Kreuzen-Unfall,Tageslicht,1,1,0,0,0,0,"357278,7581","5648691,351",6.967183258,50.97211659,trocken,"5,2008E+18","Rad, PKW"
211718,5,3,15,0,2020,August,14,Dienstag,Unfall mit Schwerverletzten,Zusammenstoß mit anfahrendem/ anhaltendem/ruhendem Fahrzeug,Unfall durch ruhenden Verkehr,Tageslicht,0,1,0,1,0,0,"357148,0795","5648779,975",6.965288407,50.97288065,trocken,"5,2008E+18","Krad, PKW"
211719,5,3,15,0,2020,August,14,Dienstag,Unfall mit Leichtverletzten,Unfall anderer Art,Fahrunfall,Tageslicht,1,0,0,0,0,0,"357484,6665","5640461,897",6.973332468,50.8982098,trocken,"5,2008E+18",Rad
211722,5,3,15,0,2020,August,8,Dienstag,Unfall mit Leichtverletzten,Zusammenstoß mit anfahrendem/ anhaltendem/ruhendem Fahrzeug,Unfall durch ruhenden Verkehr,Tageslicht,0,1,0,1,0,0,"355540,4843","5642432,219",6.944923918,50.91543372,trocken,"5,2008E+18","Krad, PKW"
211829,5,3,15,0,2020,August,20,Montag,Unfall mit Leichtverletzten,Unfall anderer Art,Sonstiger Unfall,Tageslicht,1,0,1,0,0,0,"361484,5626","5640985,31",7.029978765,50.9038872,trocken,"5,2008E+18","Rad, Fuss"
211830,5,3,15,0,2020,August,12,Montag,Unfall mit Schwerverletzten,Unfall anderer Art,Fahrunfall,Tageslicht,1,0,0,0,0,0,"363873,6451","5633488,528",7.066726499,50.8370776,trocken,"5,2008E+18",Rad