OBJECTID,ULAND,UREGBEZ,UKREIS,UGEMEINDE,UJAHR,UMONAT,USTUNDE,UWOCHENTAG,UKATEGORIE,UART,UTYP1,ULICHTVERH,IstRad,IstPKW,IstFuss,IstKrad,IstGkfz,IstSonstige,LINREFX,LINREFY,XGCSWGS84,YGCSWGS84,USTRZUSTAND,UIDENTSTLAE,Participants
211831,5,3,15,0,2020,August,17,Montag,Unfall mit Leichtverletzten,Zusammenstoß mit anfahrendem/ anhaltendem/ruhendem Fahrzeug,Unfall im Längsverkehr,Tageslicht,0,1,0,0,0,0,"359074,959","5644748,464",6.994276619,50.93712396,trocken,"5,2008E+18",PKW
211834,5,3,15,0,2020,August,3,Montag,Unfall mit Schwerverletzten,Zusammenstoß mit anfahrendem/ anhaltendem/ruhendem Fahrzeug,Unfall durch ruhenden Verkehr,Dunkelheit,0,1,0,0,0,1,"360012,3407","5645661,979",7.007258254,50.94556217,trocken,"5,2008E+18","PKW, Sonstige"
211835,5,3,15,0,2020,August,17,Montag,Unfall mit Leichtverletzten,Zusammenstoß mit einbiegendem / kreuzendem Fahrzeug,Abbiegeunfall,Tageslicht,0,1,0,0,0,0,"359593,502","5650557,034",6.999410392,50.98945251,trocken,"5,2008E+18",PKW
211836,5,3,15,0,2020,August,18,Montag,Unfall mit Schwerverletzten,Zusammenstoß mit einbiegendem / kreuzendem Fahrzeug,Einbiegen / Kreuzen-Unfall,Tageslicht,1,1,0,0,0,0,"354476,3269","5645364,819",6.928625154,50.94152086,trocken,"5,2008E+18","Rad, PKW"
211838,5,3,15,0,2020,August,18,Montag,Unfall mit Leichtverletzten,Zusammenstoß mit einbiegendem / kreuzendem Fahrzeug,Abbiegeunfall,Tageslicht,0,1,0,0,0,0,"356100,5774","5640708,496",6.953565932,50.90008272,trocken,"5,2008E+18",PKW
211840,5,3,15,0,2020,August,18,Montag,Unfall mit Leichtverletzten,Zusammenstoß zwischen Fahrzeug und Fußgänger,Sonstiger Unfall,Tageslicht,1,0,1,0,0,0,"356803,6431","5644759,218",6.961967457,50.93666108,trocken,"5,2008E+18","Rad, Fuss"
211842,5,3,15,0,2020,August,17,Montag,Unfall mit Leichtverletzten,Zusammenstoß mit anfahrendem/ anhaltendem/ruhendem Fahrzeug,Unfall durch ruhenden Verkehr,Tageslicht,1,1,0,0,0,0,"355554,415","5643429,716",6.944726922,50.92440155,trocken,"5,2008E+18","Rad, PKW"
211891,5,3,15,0,2020,Juli,13,Samstag,Unfall mit Leichtverletzten,Zusammenstoß mit entgegenkommendem Fahrzeug,Unfall im Längsverkehr,Tageslicht,1,0,0,0,0,1,"360836,6691","5644950,542",7.01925695,50.93936792,trocken,"5,20073E+18","Rad, Sonstige"
211893,5,3,15,0,2020,Juli,7,Samstag,Unfall mit Leichtverletzten,Zusammenstoß mit einbiegendem / kreuzendem Fahrzeug,Unfall durch ruhenden Verkehr,Tageslicht,1,1,0,0,0,0,"362006,5908","5649623,213",7.034126209,50.98164363,trocken,"5,20073E+18","Rad, PKW"
211898,5,3,15,0,2020,Juli,22,Samstag,Unfall mit Leichtverletzten,Zusammenstoß mit anfahrendem/ anhaltendem/ruhendem Fahrzeug,Unfall im Längsverkehr,Dunkelheit,0,1,0,0,0,0,"360019,4919","5648033,064",7.006448098,50.96687314,trocken,"5,20073E+18",PKW
211901,5,3,15,0,2020,Juli,12,Samstag,Unfall mit Leichtverletzten,Zusammenstoß mit anfahrendem/ anhaltendem/ruhendem Fahrzeug,Sonstiger Unfall,Tageslicht,1,1,0,0,0,0,"356907,1103","5649689,39",6.961500538,50.98099359,trocken,"5,20073E+18","Rad, PKW"
211905,5,3,15,0,2020,Juli,13,Samstag,Unfall mit Leichtverletzten,Zusammenstoß mit vorausfahrendem / wartendem Fahrzeug,Unfall im Längsverkehr,Tageslicht,0,1,0,0,0,1,"355662,0634","5650400,282",6.943493428,50.98707142,trocken,"5,20073E+18","PKW, Sonstige"
211910,5,3,15,0,2020,Juli,18,Samstag,Unfall mit Schwerverletzten,Zusammenstoß mit einbiegendem / kreuzendem Fahrzeug,Unfall durch ruhenden Verkehr,Tageslicht,0,1,0,0,0,0,"358742,7266","5637380,367",6.992402208,50.87082474,trocken,"5,20073E+18",PKW
211913,5,3,15,0,2020,Juli,9,Samstag,Unfall mit Leichtverletzten,Unfall anderer Art,Fahrunfall,Tageslicht,1,0,0,0,0,0,"353817,464","5642287,749",6.920487332,50.91370155,trocken,"5,20073E+18",Rad
211917,5,3,15,0,2020,August,19,Sonntag,Unfall mit Leichtverletzten,Zusammenstoß mit anfahrendem/ anhaltendem/ruhendem Fahrzeug,Sonstiger Unfall,Tageslicht,1,1,0,0,0,0,"365857,9025","5642425,266",7.091611332,50.91786172,trocken,"5,2008E+18","Rad, PKW"
211918,5,3,15,0,2020,August,3,Sonntag,Unfall mit Leichtverletzten,Zusammenstoß mit anfahrendem/ anhaltendem/ruhendem Fahrzeug,Unfall durch ruhenden Verkehr,Dunkelheit,0,1,0,0,0,1,"356667,8048","5647736,895",6.958863286,50.96338733,trocken,"5,2008E+18","PKW, Sonstige"
211919,5,3,15,0,2020,August,12,Sonntag,Unfall mit Leichtverletzten,Unfall anderer Art,Fahrunfall,Tageslicht,1,0,0,0,0,0,"354261,0397","5646528,274",6.925097318,50.95192208,nass/feucht,"5,2008E+18",Rad
211920,5,3,15,0,2020,Juli,18,Samstag,Unfall mit Leichtverletzten,Zusammenstoß mit vorausfahrendem / wartendem Fahrzeug,Abbiegeunfall,Tageslicht,0,1,0,1,0,0,"355469,3699","5644629,066",6.943042149,50.93515858,trocken,"5,20073E+18","Krad, PKW"
211929,5,3,15,0,2020,Juli,11,Samstag,Unfall mit Leichtverletzten,Zusammenstoß mit vorausfahrendem / wartendem Fahrzeug,Unfall im Längsverkehr,Tageslicht,0,1,0,0,0,0,"356044,4277","5643188,403",6.951789657,50.92235537,trocken,"5,20073E+18",PKW
211948,5,3,15,0,2020,August,8,Samstag,Unfall mit Leichtverletzten,Unfall anderer Art,Fahrunfall,Tageslicht,1,0,0,0,0,0,"353827,5706","5642303,84",6.920624555,50.91384872,trocken,"5,20081E+18",Rad
211977,5,3,15,0,2020,August,16,Freitag,Unfall mit Leichtverletzten,Unfall anderer Art,Unfall im Längsverkehr,Tageslicht,1,0,0,0,0,1,"359523,9255","5636711,108",7.003754661,50.86500033,trocken,"5,20081E+18","Rad, Sonstige"
211991,5,3,15,0,2020,August,11,Samstag,Unfall mit Schwerverletzten,Zusammenstoß mit seitlich in gleicher Richtung fahrendem Fahrzeug,Abbiegeunfall,Tageslicht,1,0,0,0,1,0,"353127,4236","5645400,137",6.909424313,50.94149622,trocken,"5,20081E+18","Rad, Gkfz"
211999,5,3,15,0,2020,August,4,Samstag,Unfall mit Leichtverletzten,Unfall anderer Art,Fahrunfall,Dunkelheit,1,0,0,0,0,0,"356597,2588","5643197,286",6.959646543,50.92257287,trocken,"5,20081E+18",Rad
212012,5,3,15,0,2020,August,7,Freitag,Unfall mit Leichtverletzten,Unfall anderer Art,Fahrunfall,Tageslicht,1,0,0,0,0,0,"358833,568","5640831,616",6.992359209,50.90186384,trocken,"5,20081E+18",Rad
212037,5,3,15,0,2020,August,7,Samstag,Unfall mit Leichtverletzten,Zusammenstoß mit seitlich in gleicher Richtung fahrendem Fahrzeug,Unfall im Längsverkehr,Tageslicht,0,1,0,0,0,1,"361961,435","5646666,951",7.034605266,50.95506414,trocken,"5,20081E+18","PKW, Sonstige"
212041,5,3,15,0,2020,August,18,Samstag,Unfall mit Leichtverletzten,Zusammenstoß mit einbiegendem / kreuzendem Fahrzeug,Abbiegeunfall,Tageslicht,1,1,0,0,0,0,"352926,469","5647390,655",6.90576194,50.95933293,trocken,"5,20081E+18","Rad, PKW"
212052,5,3,15,0,2020,August,9,Samstag,Unfall mit Leichtverletzten,Zusammenstoß mit einbiegendem / kreuzendem Fahrzeug,Abbiegeunfall,Tageslicht,0,1,0,1,0,0,"355289,789","5641931,039",6.941558763,50.9108669,trocken,"5,20081E+18","Krad, PKW"
212056,5,3,15,0,2020,August,17,Donnerstag,Unfall mit Leichtverletzten,Zusammenstoß zwischen Fahrzeug und Fußgänger,Überschreiten-Unfall,Tageslicht,0,1,1,0,0,0,"362049,7752","5644236,295",7.036782876,50.93324025,trocken,"5,20081E+18","Fuss, PKW"
212076,5,3,15,0,2020,August,7,Donnerstag,Unfall mit Leichtverletzten,Zusammenstoß mit einbiegendem / kreuzendem Fahrzeug,Abbiegeunfall,Tageslicht,0,1,0,1,0,0,"358390,3593","5645728,74",6.984158382,50.94576602,trocken,"5,20081E+18","Krad, PKW"
212078,5,3,15,0,2020,August,12,Donnerstag,Unfall mit Leichtverletzten,Zusammenstoß zwischen Fahrzeug und Fußgänger,Überschreiten-Unfall,Tageslicht,0,1,1,0,0,0,"359069,3427","5652964,12",6.991012422,51.01095682,trocken,"5,20081E+18","Fuss, PKW"
212080,5,3,15,0,2020,August,16,Samstag,Unfall mit Schwerverletzten,Zusammenstoß mit einbiegendem / kreuzendem Fahrzeug,Einbiegen / Kreuzen-Unfall,Tageslicht,1,1,0,0,0,0,"362231,5459","5648236,832",7.037854276,50.96923774,trocken,"5,20081E+18","Rad, PKW"
212082,5,3,15,0,2020,August,8,Freitag,Unfall mit Leichtverletzten,Unfall anderer Art,Fahrunfall,Tageslicht,0,0,0,0,0,1,"363884,7312","5647931,872",7.061499131,50.96688998,trocken,"5,20081E+18",Sonstige
212096,5,3,15,0,2020,August,17,Donnerstag,Unfall mit Leichtverletzten,Zusammenstoß mit einbiegendem / kreuzendem Fahrzeug,Einbiegen / Kreuzen-Unfall,Tageslicht,1,1,0,0,0,0,"348244,6288","5647868,191",6.838946149,50.96241018,trocken,"5,20081E+18","Rad, PKW"
212103,5,3,15,0,2020,August,12,Samstag,Unfall mit Leichtverletzten,Unfall anderer Art,Fahrunfall,Tageslicht,0,0,0,1,0,0,"356644,0353","5642683,231",6.960513684,50.91796472,trocken,"5,20081E+18",Krad
212118,5,3,15,0,2020,August,22,Donnerstag,Unfall mit Leichtverletzten,Zusammenstoß mit einbiegendem / kreuzendem Fahrzeug,Abbiegeunfall,Dunkelheit,0,1,0,0,0,1,"352079,5277","5651053,176",6.892220627,50.9920292,trocken,"5,20081E+18","PKW, Sonstige"
212122,5,3,15,0,2020,August,13,Mittwoch,Unfall mit Leichtverletzten,Zusammenstoß mit anfahrendem/ anhaltendem/ruhendem Fahrzeug,Fahrunfall,Tageslicht,1,1,0,0,0,0,"351931,3404","5645146,656",6.892514621,50.9389124,trocken,"5,2008E+18","Rad, PKW"
212131,5,3,15,0,2020,August,15,Freitag,Unfall mit Leichtverletzten,Zusammenstoß mit seitlich in gleicher Richtung fahrendem Fahrzeug,Unfall im Längsverkehr,Tageslicht,1,1,0,0,0,0,"353756,3897","5642190,507",6.919658109,50.9128122,trocken,"5,20081E+18","Rad, PKW"
212134,5,3,15,0,2020,August,22,Mittwoch,Unfall mit Schwerverletzten,Unfall anderer Art,Sonstiger Unfall,Dunkelheit,1,1,0,0,0,0,"353680,1866","5647568,708",6.91641522,50.96112491,trocken,"5,2008E+18","Rad, PKW"
212140,5,3,15,0,2020,August,18,Mittwoch,Unfall mit Leichtverletzten,Zusammenstoß zwischen Fahrzeug und Fußgänger,Sonstiger Unfall,Tageslicht,0,1,1,0,0,0,"353925,7111","5643129,326",6.921689113,50.92129196,trocken,"5,2008E+18","Fuss, PKW"
212141,5,3,15,0,2020,August,9,Mittwoch,Unfall mit Leichtverletzten,Zusammenstoß zwischen Fahrzeug und Fußgänger,Überschreiten-Unfall,Tageslicht,1,0,1,0,0,0,"355805,4347","5644971,497",6.947686227,50.93832007,trocken,"5,2008E+18","Rad, Fuss"
212143,5,3,15,0,2020,August,8,Mittwoch,Unfall mit Leichtverletzten,Zusammenstoß zwischen Fahrzeug und Fußgänger,Sonstiger Unfall,Tageslicht,1,0,1,0,0,0,"356882,3156","5641102,713",6.964521203,50.90381983,trocken,"5,2008E+18","Rad, Fuss"
212144,5,3,15,0,2020,August,6,Samstag,Unfall mit Leichtverletzten,Zusammenstoß mit vorausfahrendem / wartendem Fahrzeug,Unfall im Längsverkehr,Tageslicht,0,1,0,0,0,0,"352167,8084","5645957,571",6.895548782,50.94626038,trocken,"5,20081E+18",PKW
212156,5,3,15,0,2020,August,17,Samstag,Unfall mit Leichtverletzten,Zusammenstoß mit einbiegendem / kreuzendem Fahrzeug,Abbiegeunfall,Tageslicht,1,1,0,0,0,0,"355040,4558","5643522,622",6.937382072,50.92510756,trocken,"5,20081E+18","Rad, PKW"
212167,5,3,15,0,2020,August,7,Freitag,Unfall mit Leichtverletzten,Zusammenstoß mit seitlich in gleicher Richtung fahrendem Fahrzeug,Unfall im Längsverkehr,Tageslicht,1,0,0,0,0,0,"358583,4591","5646562,237",6.986581664,50.95330407,trocken,"5,20081E+18",Rad
212175,5,3,15,0,2020,August,14,Donnerstag,Unfall mit Schwerverletzten,Unfall anderer Art,Fahrunfall,Tageslicht,1,0,0,0,0,0,"357307,5031","5641465,686",6.970422448,50.9071871,trocken,"5,20081E+18",Rad
212179,5,3,15,0,2020,August,15,Samstag,Unfall mit Schwerverletzten,Zusammenstoß zwischen Fahrzeug und Fußgänger,Abbiegeunfall,Tageslicht,0,1,1,0,0,0,"359526,2774","5644683,104",7.000721042,50.93664668,trocken,"5,20081E+18","Fuss, PKW"
212264,5,3,15,0,2020,August,12,Montag,Unfall mit Schwerverletzten,Abkommen von Fahrbahn nach links,Fahrunfall,Tageslicht,1,0,0,0,0,0,"356359,2546","5648987,758",6.953978339,50.97455176,trocken,"5,20081E+18",Rad
212266,5,3,15,0,2020,August,1,Montag,Unfall mit Leichtverletzten,Unfall anderer Art,Sonstiger Unfall,Dunkelheit,0,0,0,1,0,0,"356886,1964","5641085,773",6.964583001,50.90366855,trocken,"5,20081E+18",Krad
212267,5,3,15,0,2020,August,16,Montag,Unfall mit Leichtverletzten,Unfall anderer Art,Unfall im Längsverkehr,Tageslicht,1,1,0,0,0,0,"354475,5114","5643591,296",6.929321716,50.9255825,trocken,"5,20081E+18","Rad, PKW"
212268,5,3,15,0,2020,August,1,Montag,Unfall mit Leichtverletzten,Unfall anderer Art,Fahrunfall,Dunkelheit,1,1,0,0,0,0,"359071,3492","5639452,329",6.99627088,50.88952606,trocken,"5,20081E+18","Rad, PKW"
212271,5,3,15,0,2020,August,22,Montag,Unfall mit Leichtverletzten,Unfall anderer Art,Einbiegen / Kreuzen-Unfall,Dunkelheit,1,1,0,0,0,0,"356401,1826","5645427,547",6.955979934,50.94256719,nass/feucht,"5,20081E+18","Rad, PKW"
212278,5,3,15,0,2020,August,12,Mittwoch,Unfall mit Schwerverletzten,Zusammenstoß zwischen Fahrzeug und Fußgänger,Abbiegeunfall,Tageslicht,0,1,1,0,0,0,"359876,4944","5646276,163",7.005089376,50.95104892,trocken,"5,20081E+18","Fuss, PKW"
212285,5,3,15,0,2020,August,12,Mittwoch,Unfall mit Leichtverletzten,Zusammenstoß mit anfahrendem/ anhaltendem/ruhendem Fahrzeug,Unfall durch ruhenden Verkehr,Tageslicht,0,1,0,1,0,0,"359617,0929","5645983,18",7.001511688,50.94835273,trocken,"5,20081E+18","Krad, PKW"
212289,5,3,15,0,2020,August,13,Mittwoch,Unfall mit Leichtverletzten,Zusammenstoß mit seitlich in gleicher Richtung fahrendem Fahrzeug,Sonstiger Unfall,Tageslicht,1,1,0,0,0,0,"361888,7708","5649462,534",7.032509842,50.98017133,trocken,"5,20081E+18","Rad, PKW"
212298,5,3,15,0,2020,August,6,Mittwoch,Unfall mit Leichtverletzten,Unfall anderer Art,Unfall im Längsverkehr,Tageslicht,1,1,0,0,0,0,"362836,3694","5651325,609",7.045297208,50.99714182,trocken,"5,20081E+18","Rad, PKW"
212310,5,3,15,0,2020,August,21,Mittwoch,Unfall mit Leichtverletzten,Zusammenstoß mit anfahrendem/ anhaltendem/ruhendem Fahrzeug,Unfall durch ruhenden Verkehr,Dunkelheit,0,1,0,0,0,0,"356066,2855","5648791,068",6.949885993,50.972711,trocken,"5,20081E+18",PKW
212329,5,3,15,0,2020,August,12,Mittwoch,Unfall mit Leichtverletzten,Zusammenstoß mit anfahrendem/ anhaltendem/ruhendem Fahrzeug,Unfall im Längsverkehr,Tageslicht,1,1,0,0,0,0,"346986,9421","5645954,756",6.821854253,50.9448833,trocken,"5,20081E+18","Rad, PKW"
212331,5,3,15,0,2020,August,12,Mittwoch,Unfall mit Leichtverletzten,Zusammenstoß mit seitlich in gleicher Richtung fahrendem Fahrzeug,Abbiegeunfall,Tageslicht,1,1,0,0,0,0,"349632,9237","5642508,208",6.860913226,50.91460767,trocken,"5,20081E+18","Rad, PKW"
212341,5,3,15,0,2020,August,16,Sonntag,Unfall mit Schwerverletzten,Zusammenstoß mit einbiegendem / kreuzendem Fahrzeug,Unfall durch ruhenden Verkehr,Tageslicht,0,1,0,1,0,0,"358550,295","5644871,821",6.986766341,50.93810412,trocken,"5,20081E+18","Krad, PKW"
212343,5,3,15,0,2020,August,17,Sonntag,Unfall mit Schwerverletzten,Unfall anderer Art,Fahrunfall,Tageslicht,1,0,0,0,0,0,"356836,3937","5651666,358",6.959714698,50.99874266,trocken,"5,20081E+18",Rad
212345,5,3,15,0,2020,August,8,Sonntag,Unfall mit Leichtverletzten,Zusammenstoß zwischen Fahrzeug und Fußgänger,Überschreiten-Unfall,Tageslicht,0,1,1,0,0,0,"356201,1363","5649169,311",6.951655832,50.97614388,trocken,"5,20081E+18","Fuss, PKW"
212347,5,3,15,0,2020,August,7,Sonntag,Unfall mit Schwerverletzten,Unfall anderer Art,Fahrunfall,Tageslicht,0,0,0,1,0,0,"354769,843","5640780,546",6.934625609,50.90039706,trocken,"5,20081E+18",Krad
212348,5,3,15,0,2020,August,15,Mittwoch,Unfall mit Leichtverletzten,Zusammenstoß mit einbiegendem / kreuzendem Fahrzeug,Abbiegeunfall,Tageslicht,0,1,0,1,0,1,"353240,0238","5643660,234",6.911726557,50.92588905,trocken,"5,20081E+18","Krad, PKW, Sonstige"
212371,5,3,15,0,2020,August,20,Mittwoch,Unfall mit Leichtverletzten,Zusammenstoß mit seitlich in gleicher Richtung fahrendem Fahrzeug,Unfall im Längsverkehr,Tageslicht,0,1,0,0,0,1,"356268,1256","5644165,759",6.954584977,50.93119452,trocken,"5,20081E+18","PKW, Sonstige"
212393,5,3,15,0,2020,August,11,Dienstag,Unfall mit Leichtverletzten,Zusammenstoß zwischen Fahrzeug und Fußgänger,Sonstiger Unfall,Tageslicht,0,1,1,0,0,0,"360961,2034","5645067,573",7.020983679,50.94044974,trocken,"5,20081E+18","Fuss, PKW"
212394,5,3,15,0,2020,August,20,Dienstag,Unfall mit Schwerverletzten,Unfall anderer Art,Sonstiger Unfall,Tageslicht,1,0,0,0,0,0,"359761,7813","5649028,509",7.002396389,50.9757566,trocken,"5,20081E+18",Rad
212396,5,3,15,0,2020,August,14,Dienstag,Unfall mit Leichtverletzten,Zusammenstoß mit einbiegendem / kreuzendem Fahrzeug,Abbiegeunfall,Tageslicht,0,1,0,1,0,0,"362975,946","5650841,347",7.047467774,50.99282287,trocken,"5,20081E+18","Krad, PKW"
212398,5,3,15,0,2020,August,21,Dienstag,Unfall mit Schwerverletzten,Unfall anderer Art,Sonstiger Unfall,Dämmerung,1,0,0,0,0,0,"350736,14","5645751,922",6.875267594,50.94404343,trocken,"5,20081E+18",Rad
212404,5,3,15,0,2020,August,11,Dienstag,Unfall mit Leichtverletzten,Unfall anderer Art,Unfall durch ruhenden Verkehr,Tageslicht,1,1,0,0,0,0,"356397,924","5645596,782",6.955866862,50.94408727,trocken,"5,20081E+18","Rad, PKW"
212428,5,3,15,0,2020,August,18,Mittwoch,Unfall mit Leichtverletzten,Unfall anderer Art,Fahrunfall,Tageslicht,1,0,0,0,0,0,"354721,5711","5644381,875",6.932505415,50.93274925,trocken,"5,20081E+18",Rad
212430,5,3,15,0,2020,August,1,Mittwoch,Unfall mit Leichtverletzten,Unfall anderer Art,Unfall im Längsverkehr,Dunkelheit,0,1,0,1,0,0,"356600,2252","5645625,036",6.958733481,50.94439154,trocken,"5,20081E+18","Krad, PKW"
212435,5,3,15,0,2020,August,9,Mittwoch,Unfall mit Schwerverletzten,Unfall anderer Art,Fahrunfall,Tageslicht,0,0,0,1,0,0,"359051,063","5644858,891",6.993894023,50.93811054,trocken,"5,20081E+18",Krad
212441,5,3,15,0,2020,August,10,Freitag,Unfall mit Leichtverletzten,Unfall anderer Art,Fahrunfall,Tageslicht,1,0,0,0,0,0,"350589,4771","5650224,792",6.871344545,50.98420022,nass/feucht,"5,20081E+18",Rad
212450,5,3,15,0,2020,August,16,Samstag,Unfall mit Leichtverletzten,Unfall anderer Art,Sonstiger Unfall,Tageslicht,1,0,0,0,0,1,"362862,7114","5648600,449",7.046700834,50.97265629,trocken,"5,20081E+18","Rad, Sonstige"
212469,5,3,15,0,2020,August,17,Sonntag,Unfall mit Leichtverletzten,Zusammenstoß mit seitlich in gleicher Richtung fahrendem Fahrzeug,Unfall im Längsverkehr,Tageslicht,0,1,0,1,0,0,"357717,8042","5649165,283",6.973247062,50.9764844,trocken,"5,20082E+18","Krad, PKW"
212479,5,3,15,0,2020,August,18,Freitag,Unfall mit Leichtverletzten,Unfall anderer Art,Fahrunfall,Tageslicht,1,0,0,0,0,0,"354864,4422","5646454,77",6.933711346,50.95141378,nass/feucht,"5,20081E+18",Rad
212503,5,3,15,0,2020,August,17,Samstag,Unfall mit Leichtverletzten,Zusammenstoß mit anfahrendem/ anhaltendem/ruhendem Fahrzeug,Fahrunfall,Tageslicht,1,1,0,0,0,0,"366275,4225","5642533,48",7.097508052,50.91893122,trocken,"5,20081E+18","Rad, PKW"
212514,5,3,15,0,2020,August,17,Samstag,Unfall mit Leichtverletzten,Zusammenstoß mit seitlich in gleicher Richtung fahrendem Fahrzeug,Unfall im Längsverkehr,Tageslicht,0,1,0,1,0,0,"356766,6937","5648939,663",6.959796914,50.97422101,nass/feucht,"5,20081E+18","Krad, PKW"
212517,5,3,15,0,2020,August,11,Sonntag,Unfall mit Leichtverletzten,Zusammenstoß mit anfahrendem/ anhaltendem/ruhendem Fahrzeug,Sonstiger Unfall,Tageslicht,1,1,0,0,0,0,"347841,9201","5645638,692",6.834147597,50.94226937,trocken,"5,20082E+18","Rad, PKW"
212524,5,3,15,0,2020,August,17,Donnerstag,Unfall mit Leichtverletzten,Zusammenstoß mit vorausfahrendem / wartendem Fahrzeug,Unfall im Längsverkehr,Tageslicht,0,1,0,0,0,0,"366175,663","5637786,789",7.097829044,50.87624628,trocken,"5,20081E+18",PKW
212528,5,3,15,0,2020,August,17,Donnerstag,Unfall mit Leichtverletzten,Zusammenstoß mit einbiegendem / kreuzendem Fahrzeug,Einbiegen / Kreuzen-Unfall,Tageslicht,0,1,0,0,0,0,"359601,135","5645147,849",7.001606663,50.94084163,trocken,"5,20081E+18",PKW
212531,5,3,15,0,2020,August,13,Freitag,Unfall mit Leichtverletzten,Zusammenstoß mit einbiegendem / kreuzendem Fahrzeug,Einbiegen / Kreuzen-Unfall,Tageslicht,1,0,0,1,0,0,"354865,987","5648424,822",6.932947601,50.96911845,trocken,"5,20081E+18","Rad, Krad"
212537,5,3,15,0,2020,August,10,Donnerstag,Unfall mit Leichtverletzten,Zusammenstoß zwischen Fahrzeug und Fußgänger,Abbiegeunfall,Tageslicht,0,1,1,0,0,0,"360096,165","5647478,553",7.007752583,50.96190831,trocken,"5,20081E+18","Fuss, PKW"
212544,5,3,15,0,2020,August,14,Freitag,Unfall mit Leichtverletzten,Zusammenstoß mit einbiegendem / kreuzendem Fahrzeug,Unfall im Längsverkehr,Tageslicht,0,1,0,1,0,0,"353042,0384","5645683,723",6.9080954,50.94402294,trocken,"5,20081E+18","Krad, PKW"
212547,5,3,15,0,2020,August,17,Donnerstag,Unfall mit Leichtverletzten,Zusammenstoß zwischen Fahrzeug und Fußgänger,Überschreiten-Unfall,Tageslicht,0,1,1,0,0,0,"354440,089","5648809,195",6.926732202,50.97246521,trocken,"5,20081E+18","Fuss, PKW"
212549,5,3,15,0,2020,August,19,Donnerstag,Unfall mit Leichtverletzten,Zusammenstoß mit seitlich in gleicher Richtung fahrendem Fahrzeug,Unfall im Längsverkehr,Dämmerung,0,1,0,0,0,0,"356122,7882","5647614,167",6.95115575,50.96214855,nass/feucht,"5,20081E+18",PKW
212551,5,3,15,0,2020,August,21,Donnerstag,Unfall mit Leichtverletzten,Unfall anderer Art,Fahrunfall,Dämmerung,0,0,0,1,0,0,"352443,3251","5645913,778",6.899485796,50.94593742,nass/feucht,"5,20081E+18",Krad
212555,5,3,15,0,2020,August,12,Samstag,Unfall mit Leichtverletzten,Unfall anderer Art,Unfall durch ruhenden Verkehr,Tageslicht,0,1,1,0,0,0,"362985,7103","5648429,393",7.048516117,50.97114823,trocken,"5,20081E+18","Fuss, PKW"
212557,5,3,15,0,2020,August,9,Donnerstag,Unfall mit Schwerverletzten,Unfall anderer Art,Fahrunfall,Tageslicht,1,0,0,0,0,0,"353600,2996","5642217,608",6.917428393,50.91301617,nass/feucht,"5,20081E+18",Rad
212560,5,3,15,0,2020,August,19,Donnerstag,Unfall mit Leichtverletzten,Zusammenstoß mit entgegenkommendem Fahrzeug,Abbiegeunfall,Tageslicht,1,1,0,0,0,0,"355809,2216","5645032,15",6.947716086,50.93886609,nass/feucht,"5,20081E+18","Rad, PKW"
212567,5,3,15,0,2020,August,13,Samstag,Unfall mit Leichtverletzten,Unfall anderer Art,Fahrunfall,Tageslicht,1,0,0,0,0,0,"355428,953","5644984,598",6.942326274,50.93834354,trocken,"5,20081E+18",Rad
212571,5,3,15,0,2020,August,5,Sonntag,Unfall mit Leichtverletzten,Unfall anderer Art,Fahrunfall,Dämmerung,0,0,0,0,0,1,"354930,2746","5643648,356",6.935765374,50.92620982,trocken,"5,20082E+18",Sonstige
212585,5,3,15,0,2020,August,11,Freitag,Unfall mit Leichtverletzten,Zusammenstoß mit vorausfahrendem / wartendem Fahrzeug,Unfall im Längsverkehr,Tageslicht,0,1,0,0,0,0,"356977,8362","5650936,829",6.962016395,50.99222169,trocken,"5,20081E+18",PKW
212596,5,3,15,0,2020,August,1,Freitag,Unfall mit Leichtverletzten,Unfall anderer Art,Fahrunfall,Dunkelheit,0,0,0,0,0,1,"355438,755","5644304,683",6.942735408,50.93223574,nass/feucht,"5,20081E+18",Sonstige
212621,5,3,15,0,2020,August,17,Samstag,Unfall mit Leichtverletzten,Unfall anderer Art,Sonstiger Unfall,Tageslicht,1,1,0,0,0,0,"356160,3302","5646418,274",6.952162607,50.95141065,trocken,"5,20081E+18","Rad, PKW"
212624,5,3,15,0,2020,August,19,Sonntag,Unfall mit Leichtverletzten,Zusammenstoß mit einbiegendem / kreuzendem Fahrzeug,Abbiegeunfall,Tageslicht,0,1,0,0,0,0,"355305,9767","5654613,509",6.936743809,51.02484486,trocken,"5,20082E+18",PKW
212635,5,3,15,0,2020,August,18,Freitag,Unfall mit Leichtverletzten,Zusammenstoß mit einbiegendem / kreuzendem Fahrzeug,Einbiegen / Kreuzen-Unfall,Tageslicht,1,1,0,0,0,0,"351652,8375","5646987,803",6.887803521,50.95538623,nass/feucht,"5,20081E+18","Rad, PKW"