OBJECTID,ULAND,UREGBEZ,UKREIS,UGEMEINDE,UJAHR,UMONAT,USTUNDE,UWOCHENTAG,UKATEGORIE,UART,UTYP1,ULICHTVERH,IstRad,IstPKW,IstFuss,IstKrad,IstGkfz,IstSonstige,LINREFX,LINREFY,XGCSWGS84,YGCSWGS84,USTRZUSTAND,UIDENTSTLAE,Participants
213560,5,3,15,0,2020,August,17,Sonntag,Unfall mit Schwerverletzten,Unfall anderer Art,Fahrunfall,Tageslicht,0,1,0,1,0,0,"353735,8188","5642157,754",6.91937882,50.91251264,trocken,"5,20083E+18","Krad, PKW"
213571,5,3,15,0,2020,August,9,Sonntag,Unfall mit Leichtverletzten,Zusammenstoß mit einbiegendem / kreuzendem Fahrzeug,Einbiegen / Kreuzen-Unfall,Tageslicht,0,1,0,0,0,0,"354414,89","5641624,785",6.929244527,50.90789466,trocken,"5,20083E+18",PKW
213573,5,3,15,0,2020,August,18,Sonntag,Unfall mit Leichtverletzten,Abkommen von Fahrbahn nach rechts,Fahrunfall,Tageslicht,0,0,0,0,0,1,"356655,2391","5642615,021",6.960699773,50.91735451,trocken,"5,20083E+18",Sonstige
213575,5,3,15,0,2020,August,14,Sonntag,Unfall mit Leichtverletzten,Zusammenstoß zwischen Fahrzeug und Fußgänger,Fahrunfall,Tageslicht,0,1,1,0,0,0,"356619,451","5645607,306",6.95901395,50.94423699,trocken,"5,20083E+18","Fuss, PKW"
213609,5,3,15,0,2020,August,17,Montag,Unfall mit Leichtverletzten,Abkommen von Fahrbahn nach links,Fahrunfall,Tageslicht,1,1,0,0,0,0,"356378,1217","5646449,023",6.95524905,50.9517413,trocken,"5,20083E+18","Rad, PKW"
213612,5,3,15,0,2020,August,16,Montag,Unfall mit Leichtverletzten,Zusammenstoß mit einbiegendem / kreuzendem Fahrzeug,Abbiegeunfall,Tageslicht,0,1,0,1,0,0,"349115,1533","5644010,693",6.85293147,50.92797433,trocken,"5,20083E+18","Krad, PKW"
213629,5,3,15,0,2020,August,16,Montag,Unfall mit Leichtverletzten,Unfall anderer Art,Sonstiger Unfall,Tageslicht,1,0,1,0,0,0,"351138,4266","5644449,957",6.881521778,50.93244741,trocken,"5,20083E+18","Rad, Fuss"
213635,5,3,15,0,2020,August,16,Freitag,Unfall mit Leichtverletzten,Zusammenstoß mit vorausfahrendem / wartendem Fahrzeug,Abbiegeunfall,Tageslicht,0,1,0,0,0,0,"366564,284","5636455,129",7.103835456,50.86436749,trocken,"5,20083E+18",PKW
213637,5,3,15,0,2020,August,16,Freitag,Unfall mit Leichtverletzten,Zusammenstoß mit einbiegendem / kreuzendem Fahrzeug,Einbiegen / Kreuzen-Unfall,Tageslicht,1,1,0,0,0,0,"362729,439","5643047,068",7.046897168,50.92271439,trocken,"5,20083E+18","Rad, PKW"
213638,5,3,15,0,2020,August,13,Freitag,Unfall mit Leichtverletzten,Zusammenstoß mit einbiegendem / kreuzendem Fahrzeug,Fahrunfall,Tageslicht,1,0,0,0,0,1,"359958,2457","5648538,585",7.005381771,50.97140142,trocken,"5,20083E+18","Rad, Sonstige"
213640,5,3,15,0,2020,August,15,Freitag,Unfall mit Schwerverletzten,Unfall anderer Art,Überschreiten-Unfall,Tageslicht,0,1,1,0,0,0,"350523,5605","5651835,011",6.869743529,50.99865301,trocken,"5,20083E+18","Fuss, PKW"
213641,5,3,15,0,2020,August,7,Freitag,Unfall mit Leichtverletzten,Zusammenstoß mit anfahrendem/ anhaltendem/ruhendem Fahrzeug,Sonstiger Unfall,Dämmerung,1,1,0,0,0,0,"355651,7095","5649143,198",6.943845265,50.97577175,trocken,"5,20083E+18","Rad, PKW"
213643,5,3,15,0,2020,August,14,Freitag,Unfall mit Leichtverletzten,Unfall anderer Art,Überschreiten-Unfall,Tageslicht,0,1,1,0,0,0,"348219,882","5647853,613",6.838600094,50.96227266,trocken,"5,20083E+18","Fuss, PKW"
213645,5,3,15,0,2020,August,18,Freitag,Unfall mit Leichtverletzten,Zusammenstoß mit einbiegendem / kreuzendem Fahrzeug,Einbiegen / Kreuzen-Unfall,Tageslicht,1,0,0,0,0,0,"353424,7144","5648598,364",6.912365025,50.97031306,trocken,"5,20083E+18",Rad
213647,5,3,15,0,2020,August,15,Freitag,Unfall mit Leichtverletzten,Unfall anderer Art,Sonstiger Unfall,Tageslicht,1,0,0,0,0,0,"356848,9758","5641319,266",6.963962431,50.90575772,trocken,"5,20083E+18",Rad
213649,5,3,15,0,2020,August,10,Freitag,Unfall mit Schwerverletzten,Unfall anderer Art,Sonstiger Unfall,Tageslicht,0,1,0,0,0,0,"352736,8481","5643001,729",6.904837809,50.9198431,trocken,"5,20083E+18",PKW
213654,5,3,15,0,2020,August,5,Montag,Unfall mit Leichtverletzten,Unfall anderer Art,Fahrunfall,Dunkelheit,0,0,0,0,0,1,"354104,3798","5642724,025",6.924391503,50.91769484,trocken,"5,20083E+18",Sonstige
213727,5,3,15,0,2020,September,7,Donnerstag,Unfall mit Leichtverletzten,Zusammenstoß mit einbiegendem / kreuzendem Fahrzeug,Einbiegen / Kreuzen-Unfall,Tageslicht,1,0,0,0,0,0,"355210,3463","5648403,195",6.937857302,50.96901076,trocken,"5,2009E+18",Rad
213736,5,3,15,0,2020,September,15,Donnerstag,Unfall mit Leichtverletzten,Zusammenstoß mit vorausfahrendem / wartendem Fahrzeug,Unfall im Längsverkehr,Tageslicht,0,1,0,0,0,0,"355987,496","5643046,351",6.951036276,50.92106457,trocken,"5,2009E+18",PKW
213750,5,3,15,0,2020,September,14,Mittwoch,Unfall mit Leichtverletzten,Zusammenstoß mit anfahrendem/ anhaltendem/ruhendem Fahrzeug,Sonstiger Unfall,Tageslicht,1,1,0,0,0,0,"363763,7108","5639762,768",7.062829841,50.89344191,trocken,"5,2009E+18","Rad, PKW"
213765,5,3,15,0,2020,September,8,Mittwoch,Unfall mit Leichtverletzten,Zusammenstoß mit anfahrendem/ anhaltendem/ruhendem Fahrzeug,Unfall durch ruhenden Verkehr,Tageslicht,1,1,0,0,0,0,"356448,903","5644614,114",6.956979232,50.93526886,trocken,"5,2009E+18","Rad, PKW"
213778,5,3,15,0,2020,September,17,Donnerstag,Unfall mit Leichtverletzten,Zusammenstoß mit einbiegendem / kreuzendem Fahrzeug,Unfall im Längsverkehr,Tageslicht,1,1,0,0,0,0,"347451,8483","5646866,441",6.828085183,50.953199,trocken,"5,2009E+18","Rad, PKW"
213818,5,3,15,0,2020,September,13,Mittwoch,Unfall mit Leichtverletzten,Unfall anderer Art,Fahrunfall,Tageslicht,1,0,0,0,0,0,"355971,0354","5648245,655",6.948746227,50.96778569,trocken,"5,2009E+18",Rad
213829,5,3,15,0,2020,September,8,Donnerstag,Unfall mit Leichtverletzten,Unfall anderer Art,Fahrunfall,Tageslicht,0,0,0,0,0,1,"354741,8908","5645047,59",6.932529024,50.93873697,trocken,"5,2009E+18",Sonstige
213832,5,3,15,0,2020,September,16,Donnerstag,Unfall mit Leichtverletzten,Zusammenstoß mit einbiegendem / kreuzendem Fahrzeug,Abbiegeunfall,Tageslicht,1,1,0,0,0,0,"362445,485","5649803,676",7.040306536,50.98337052,trocken,"5,2009E+18","Rad, PKW"
213844,5,3,15,0,2020,August,16,Dienstag,Unfall mit Schwerverletzten,Zusammenstoß mit einbiegendem / kreuzendem Fahrzeug,Einbiegen / Kreuzen-Unfall,Tageslicht,1,1,0,0,0,0,"359643,2022","5646774,469",7.001578075,50.95547048,trocken,"5,20083E+18","Rad, PKW"
213848,5,3,15,0,2020,August,15,Dienstag,Unfall mit Leichtverletzten,Zusammenstoß mit entgegenkommendem Fahrzeug,Unfall im Längsverkehr,Tageslicht,0,1,0,0,0,0,"360556,7619","5648212,988",7.014025801,50.96862045,trocken,"5,20083E+18",PKW
213851,5,3,15,0,2020,August,15,Dienstag,Unfall mit Schwerverletzten,Zusammenstoß mit seitlich in gleicher Richtung fahrendem Fahrzeug,Einbiegen / Kreuzen-Unfall,Tageslicht,1,1,0,0,0,0,"359940,0849","5650023,183",7.004551281,50.9847392,trocken,"5,20083E+18","Rad, PKW"
213857,5,3,15,0,2020,August,14,Dienstag,Unfall mit Leichtverletzten,Unfall anderer Art,Sonstiger Unfall,Tageslicht,1,0,0,0,0,1,"355526,8427","5649493,016",6.94192882,50.97888416,trocken,"5,20083E+18","Rad, Sonstige"
213861,5,3,15,0,2020,August,6,Dienstag,Unfall mit Leichtverletzten,Unfall anderer Art,Fahrunfall,Tageslicht,1,0,0,0,0,0,"355693,0652","5649977,338",6.944102795,50.98327831,nass/feucht,"5,20083E+18",Rad
213864,5,3,15,0,2020,August,8,Dienstag,Unfall mit Leichtverletzten,Zusammenstoß mit einbiegendem / kreuzendem Fahrzeug,Überschreiten-Unfall,Tageslicht,0,1,1,0,0,0,"356643,1776","5647634,318",6.958553235,50.96245936,nass/feucht,"5,20083E+18","Fuss, PKW"
213869,5,3,15,0,2020,August,18,Dienstag,Unfall mit Leichtverletzten,Unfall anderer Art,Einbiegen / Kreuzen-Unfall,Tageslicht,1,1,0,0,0,0,"354825,0942","5642971,181",6.934539359,50.92009774,trocken,"5,20083E+18","Rad, PKW"
213872,5,3,15,0,2020,September,9,Mittwoch,Unfall mit Leichtverletzten,Zusammenstoß mit einbiegendem / kreuzendem Fahrzeug,Abbiegeunfall,Tageslicht,1,1,0,0,0,0,"356767,359","5641897,008",6.962575647,50.91092961,trocken,"5,2009E+18","Rad, PKW"
213881,5,3,15,0,2020,August,15,Dienstag,Unfall mit Leichtverletzten,Zusammenstoß zwischen Fahrzeug und Fußgänger,Überschreiten-Unfall,Tageslicht,1,0,1,0,0,0,"354770,7628","5643769,243",6.933449064,50.92725606,trocken,"5,20083E+18","Rad, Fuss"
213885,5,3,15,0,2020,September,15,Donnerstag,Unfall mit Schwerverletzten,Zusammenstoß mit einbiegendem / kreuzendem Fahrzeug,Einbiegen / Kreuzen-Unfall,Tageslicht,0,1,0,1,0,0,"353334,2408","5648155,689",6.911255846,50.9663119,trocken,"5,2009E+18","Krad, PKW"
213886,5,3,15,0,2020,August,12,Dienstag,Unfall mit Leichtverletzten,Zusammenstoß mit vorausfahrendem / wartendem Fahrzeug,Abbiegeunfall,Tageslicht,0,1,0,0,0,1,"354868,4274","5645077,58",6.934316831,50.93903835,trocken,"5,20083E+18","PKW, Sonstige"
213889,5,3,15,0,2020,August,11,Dienstag,Unfall mit Leichtverletzten,Zusammenstoß mit anfahrendem/ anhaltendem/ruhendem Fahrzeug,Unfall im Längsverkehr,Tageslicht,0,1,0,0,0,1,"354822,0822","5645133,378",6.933635417,50.93952812,trocken,"5,20083E+18","PKW, Sonstige"
213925,5,3,15,0,2020,September,12,Donnerstag,Unfall mit Schwerverletzten,Zusammenstoß mit einbiegendem / kreuzendem Fahrzeug,Abbiegeunfall,Tageslicht,0,1,0,1,0,0,"363807,8133","5642071,139",7.062595387,50.91419881,trocken,"5,2009E+18","Krad, PKW"
213928,5,3,15,0,2020,September,13,Mittwoch,Unfall mit Leichtverletzten,Zusammenstoß mit einbiegendem / kreuzendem Fahrzeug,Einbiegen / Kreuzen-Unfall,Tageslicht,1,1,0,0,0,0,"363110,1995","5636788,612",7.054656871,50.86655718,trocken,"5,2009E+18","Rad, PKW"
213937,5,3,15,0,2020,September,8,Donnerstag,Unfall mit Leichtverletzten,Zusammenstoß mit einbiegendem / kreuzendem Fahrzeug,Einbiegen / Kreuzen-Unfall,Tageslicht,1,1,0,0,0,0,"354136,6771","5641899,947",6.925180114,50.91029724,trocken,"5,2009E+18","Rad, PKW"
213976,5,3,15,0,2020,September,20,Mittwoch,Unfall mit Leichtverletzten,Unfall anderer Art,Unfall durch ruhenden Verkehr,Dunkelheit,1,1,0,0,0,0,"354647,681","5646969,543",6.930421937,50.95598527,trocken,"5,2009E+18","Rad, PKW"
213989,5,3,15,0,2020,September,18,Sonntag,Unfall mit Leichtverletzten,Zusammenstoß mit einbiegendem / kreuzendem Fahrzeug,Abbiegeunfall,Tageslicht,1,1,0,0,0,0,"363646,2338","5638846,47",7.061502395,50.88517894,trocken,"5,20091E+18","Rad, PKW"
213990,5,3,15,0,2020,September,0,Sonntag,Unfall mit Leichtverletzten,Zusammenstoß mit entgegenkommendem Fahrzeug,Unfall im Längsverkehr,Dunkelheit,1,1,0,0,0,0,"357825,4886","5637880,767",6.979180199,50.875097,trocken,"5,20091E+18","Rad, PKW"
213991,5,3,15,0,2020,September,21,Sonntag,Unfall mit Leichtverletzten,Zusammenstoß zwischen Fahrzeug und Fußgänger,Sonstiger Unfall,Dunkelheit,1,0,1,1,0,0,"355367,2479","5645201,019",6.941362719,50.94027299,trocken,"5,20091E+18","Rad, Fuss, Krad"
213993,5,3,15,0,2020,September,16,Sonntag,Unfall mit Schwerverletzten,Unfall anderer Art,Fahrunfall,Tageslicht,1,0,0,0,0,0,"354428,407","5651285,564",6.925573973,50.99471647,trocken,"5,20091E+18",Rad
214043,5,3,15,0,2020,September,17,Dienstag,Unfall mit Leichtverletzten,Unfall anderer Art,Fahrunfall,Tageslicht,1,0,0,0,0,0,"355577,8453","5643689,109",6.944957332,50.92673853,trocken,"5,20091E+18",Rad
214045,5,3,15,0,2020,September,22,Montag,Unfall mit Schwerverletzten,Unfall anderer Art,Fahrunfall,Dämmerung,1,0,0,0,0,0,"359454,9391","5645064,735",6.999559176,50.94005906,trocken,"5,20091E+18",Rad
214047,5,3,15,0,2020,September,0,Montag,Unfall mit Schwerverletzten,Unfall anderer Art,Fahrunfall,Dunkelheit,1,0,0,0,0,0,"354774,9176","5643771,387",6.93350729,50.92727638,nass/feucht,"5,20091E+18",Rad
214076,5,3,15,0,2020,September,10,Samstag,Unfall mit Leichtverletzten,Unfall anderer Art,Sonstiger Unfall,Tageslicht,1,1,0,0,0,0,"366341,3536","5643670,878",7.098028585,50.92916903,nass/feucht,"5,2009E+18","Rad, PKW"
214077,5,3,15,0,2020,September,6,Samstag,Unfall mit Schwerverletzten,Zusammenstoß mit entgegenkommendem Fahrzeug,Abbiegeunfall,Dämmerung,0,1,0,1,0,0,"349142,2184","5658312,935",6.847376372,51.05650388,trocken,"5,2009E+18","Krad, PKW"
214079,5,3,15,0,2020,September,23,Samstag,Unfall mit Leichtverletzten,Zusammenstoß mit entgegenkommendem Fahrzeug,Unfall im Längsverkehr,Dunkelheit,1,1,0,0,0,0,"353968,6304","5636613,019",6.924904154,50.86274236,trocken,"5,2009E+18","Rad, PKW"
214081,5,3,15,0,2020,September,11,Samstag,Unfall mit Leichtverletzten,Zusammenstoß mit einbiegendem / kreuzendem Fahrzeug,Einbiegen / Kreuzen-Unfall,Tageslicht,0,0,0,1,0,1,"357518,7052","5640798,941",6.973684685,50.90124722,trocken,"5,2009E+18","Krad, Sonstige"
214082,5,3,15,0,2020,September,21,Samstag,Unfall mit Leichtverletzten,Zusammenstoß mit einbiegendem / kreuzendem Fahrzeug,Abbiegeunfall,Dunkelheit,1,1,0,0,0,0,"355270,386","5645234,533",6.939971669,50.94054988,trocken,"5,2009E+18","Rad, PKW"
214146,5,3,15,0,2020,September,8,Dienstag,Unfall mit Leichtverletzten,Zusammenstoß mit einbiegendem / kreuzendem Fahrzeug,Einbiegen / Kreuzen-Unfall,Tageslicht,1,1,0,0,0,0,"356625,572","5642731,532",6.960232205,50.91839422,trocken,"5,20091E+18","Rad, PKW"
214222,5,3,15,0,2020,September,9,Freitag,Unfall mit Leichtverletzten,Unfall anderer Art,Fahrunfall,Tageslicht,1,0,0,0,0,0,"358385,901","5642050,983",6.985523676,50.91271277,trocken,"5,2009E+18",Rad
214223,5,3,15,0,2020,September,10,Freitag,Unfall mit Schwerverletzten,Zusammenstoß mit einbiegendem / kreuzendem Fahrzeug,Einbiegen / Kreuzen-Unfall,Tageslicht,1,1,0,0,0,0,"354444,2704","5645395,754",6.928156822,50.94179077,trocken,"5,2009E+18","Rad, PKW"
214224,5,3,15,0,2020,September,13,Freitag,Unfall mit Leichtverletzten,Unfall anderer Art,Sonstiger Unfall,Tageslicht,0,0,1,0,0,1,"347619,9437","5646201,638",6.830754836,50.94726946,nass/feucht,"5,2009E+18","Fuss, Sonstige"
214227,5,3,15,0,2020,September,15,Freitag,Unfall mit Leichtverletzten,Abkommen von Fahrbahn nach rechts,Fahrunfall,Tageslicht,1,0,0,0,0,0,"354792,6391","5643780,149",6.933755794,50.92735958,nass/feucht,"5,2009E+18",Rad
214228,5,3,15,0,2020,September,16,Freitag,Unfall mit Leichtverletzten,Zusammenstoß mit seitlich in gleicher Richtung fahrendem Fahrzeug,Abbiegeunfall,Tageslicht,0,1,0,1,0,0,"356223,5763","5645675,452",6.953355711,50.94475082,nass/feucht,"5,2009E+18","Krad, PKW"
214231,5,3,15,0,2020,September,12,Freitag,Unfall mit Leichtverletzten,Zusammenstoß mit vorausfahrendem / wartendem Fahrzeug,Unfall im Längsverkehr,Tageslicht,0,1,0,1,0,0,"356066,1803","5643247,46",6.952075634,50.92289154,nass/feucht,"5,2009E+18","Krad, PKW"
214233,5,3,15,0,2020,September,13,Freitag,Unfall mit Leichtverletzten,Zusammenstoß mit einbiegendem / kreuzendem Fahrzeug,Abbiegeunfall,Tageslicht,1,1,0,0,0,0,"355891,5444","5642817,271",6.949762552,50.9189819,nass/feucht,"5,2009E+18","Rad, PKW"
214234,5,3,15,0,2020,September,15,Freitag,Unfall mit Leichtverletzten,Unfall anderer Art,Sonstiger Unfall,Tageslicht,1,1,0,0,0,0,"362707,0136","5646053,387",7.045445589,50.94972793,nass/feucht,"5,2009E+18","Rad, PKW"
214241,5,3,15,0,2020,September,19,Mittwoch,Unfall mit Leichtverletzten,Zusammenstoß mit anfahrendem/ anhaltendem/ruhendem Fahrzeug,Unfall durch ruhenden Verkehr,Tageslicht,1,1,0,0,0,0,"356307,02","5644828,219",6.954876898,50.93715766,trocken,"5,20091E+18","Rad, PKW"
214242,5,3,15,0,2020,September,8,Donnerstag,Unfall mit Leichtverletzten,Zusammenstoß mit einbiegendem / kreuzendem Fahrzeug,Einbiegen / Kreuzen-Unfall,Tageslicht,0,1,0,0,0,1,"359637,3863","5645459,203",7.002002343,50.94364863,trocken,"5,20091E+18","PKW, Sonstige"
214251,5,3,15,0,2020,September,18,Freitag,Unfall mit Leichtverletzten,Zusammenstoß zwischen Fahrzeug und Fußgänger,Abbiegeunfall,Tageslicht,1,0,1,0,0,0,"354130,2146","5646624,228",6.923197607,50.9527513,trocken,"5,20091E+18","Rad, Fuss"
214253,5,3,15,0,2020,September,14,Donnerstag,Unfall mit Leichtverletzten,Zusammenstoß mit seitlich in gleicher Richtung fahrendem Fahrzeug,Unfall im Längsverkehr,Tageslicht,1,0,0,0,0,0,"356811,2005","5646720,256",6.961303948,50.95428659,trocken,"5,20091E+18",Rad
214254,5,3,15,0,2020,September,13,Freitag,Unfall mit Leichtverletzten,Zusammenstoß mit seitlich in gleicher Richtung fahrendem Fahrzeug,Abbiegeunfall,Tageslicht,1,1,0,0,0,0,"361838,249","5648434,889",7.032181095,50.97092352,trocken,"5,20091E+18","Rad, PKW"
214290,5,3,15,0,2020,September,12,Donnerstag,Unfall mit Leichtverletzten,Zusammenstoß mit einbiegendem / kreuzendem Fahrzeug,Einbiegen / Kreuzen-Unfall,Tageslicht,1,1,0,0,0,0,"359367,6963","5643043,115",6.999098203,50.92186925,trocken,"5,20091E+18","Rad, PKW"
214303,5,3,15,0,2020,September,14,Donnerstag,Unfall mit Leichtverletzten,Unfall anderer Art,Fahrunfall,Tageslicht,0,0,0,1,0,0,"354213,2561","5644841,343",6.925092709,50.93675009,trocken,"5,20091E+18",Krad
214304,5,3,15,0,2020,September,15,Freitag,Unfall mit Leichtverletzten,Zusammenstoß zwischen Fahrzeug und Fußgänger,Einbiegen / Kreuzen-Unfall,Tageslicht,0,1,1,0,0,0,"359716,2858","5646795,412",7.002609903,50.95567649,trocken,"5,20091E+18","Fuss, PKW"
214313,5,3,15,0,2020,September,14,Freitag,Unfall mit Leichtverletzten,Unfall anderer Art,Sonstiger Unfall,Tageslicht,1,0,0,0,0,0,"356411,1502","5643207,464",6.956996356,50.92261805,trocken,"5,20091E+18",Rad
214340,5,3,15,0,2020,September,17,Donnerstag,Unfall mit Leichtverletzten,Unfall anderer Art,Einbiegen / Kreuzen-Unfall,Tageslicht,1,1,0,0,0,0,"360201,8703","5645417,284",7.010048411,50.94340905,trocken,"5,20091E+18","Rad, PKW"
214343,5,3,15,0,2020,September,17,Donnerstag,Unfall mit Leichtverletzten,Unfall anderer Art,Abbiegeunfall,Tageslicht,1,1,0,0,0,0,"363452,194","5638667,066",7.058812514,50.88352072,trocken,"5,20091E+18","Rad, PKW"
214354,5,3,15,0,2020,September,8,Freitag,Unfall mit Leichtverletzten,Zusammenstoß mit einbiegendem / kreuzendem Fahrzeug,Einbiegen / Kreuzen-Unfall,Tageslicht,1,1,0,0,0,0,"352436,4203","5646687,895",6.899073859,50.95289227,trocken,"5,20091E+18","Rad, PKW"
214382,5,3,15,0,2020,September,6,Mittwoch,Unfall mit Leichtverletzten,Zusammenstoß mit seitlich in gleicher Richtung fahrendem Fahrzeug,Unfall im Längsverkehr,Dämmerung,1,0,0,1,0,0,"365016,6279","5642343,213",7.079680365,50.91692809,trocken,"5,20091E+18","Rad, Krad"
214384,5,3,15,0,2020,September,8,Mittwoch,Unfall mit Leichtverletzten,Zusammenstoß mit entgegenkommendem Fahrzeug,Unfall im Längsverkehr,Tageslicht,1,0,0,0,0,0,"354826,9842","5646120,89",6.933311548,50.94840387,trocken,"5,20091E+18",Rad
214394,5,3,15,0,2020,September,14,Donnerstag,Unfall mit Schwerverletzten,Zusammenstoß mit vorausfahrendem / wartendem Fahrzeug,Sonstiger Unfall,Tageslicht,0,1,0,1,0,0,"360979,0604","5644555,409",7.021433106,50.93585112,trocken,"5,20091E+18","Krad, PKW"
214402,5,3,15,0,2020,September,10,Mittwoch,Unfall mit Leichtverletzten,Zusammenstoß mit seitlich in gleicher Richtung fahrendem Fahrzeug,Unfall im Längsverkehr,Tageslicht,1,0,0,0,0,0,"359464,9344","5647434,456",6.998786665,50.96135839,trocken,"5,20091E+18",Rad
214406,5,3,15,0,2020,September,20,Donnerstag,Unfall mit Leichtverletzten,Abkommen von Fahrbahn nach rechts,Fahrunfall,Dunkelheit,0,0,0,0,0,1,"355211,9502","5650687,674",6.936970187,50.98954109,trocken,"5,20091E+18",Sonstige
214407,5,3,15,0,2020,September,6,Freitag,Unfall mit Leichtverletzten,Zusammenstoß mit einbiegendem / kreuzendem Fahrzeug,Unfall im Längsverkehr,Dämmerung,0,1,0,0,0,0,"360582,0516","5646079,469",7.015203109,50.94945229,trocken,"5,20091E+18",PKW
214419,5,3,15,0,2020,September,17,Freitag,Unfall mit Leichtverletzten,Zusammenstoß mit seitlich in gleicher Richtung fahrendem Fahrzeug,Unfall im Längsverkehr,Tageslicht,1,1,0,0,0,0,"357393,2164","5641118,703",6.971776325,50.90408995,trocken,"5,20091E+18","Rad, PKW"
214425,5,3,15,0,2020,September,16,Mittwoch,Unfall mit Leichtverletzten,Unfall anderer Art,Sonstiger Unfall,Tageslicht,1,0,0,0,0,0,"352492,7318","5653583,211",6.897076205,51.01487124,trocken,"5,20091E+18",Rad
214443,5,3,15,0,2020,September,17,Donnerstag,Unfall mit Leichtverletzten,Zusammenstoß mit anfahrendem/ anhaltendem/ruhendem Fahrzeug,Unfall durch ruhenden Verkehr,Tageslicht,1,1,0,0,0,0,"360543,3366","5640278,536",7.01687076,50.89730866,trocken,"5,20091E+18","Rad, PKW"
214456,5,3,15,0,2020,September,20,Donnerstag,Unfall mit Leichtverletzten,Unfall anderer Art,Fahrunfall,Dämmerung,0,0,0,0,0,1,"356555,4633","5645959,607",6.95796496,50.94738715,trocken,"5,20091E+18",Sonstige
214457,5,3,15,0,2020,September,15,Freitag,Unfall mit Leichtverletzten,Zusammenstoß mit anfahrendem/ anhaltendem/ruhendem Fahrzeug,Einbiegen / Kreuzen-Unfall,Tageslicht,1,1,0,0,0,0,"353572,0727","5650382,884",6.913743514,50.98638725,trocken,"5,20091E+18","Rad, PKW"
214461,5,3,15,0,2020,September,8,Dienstag,Unfall mit Leichtverletzten,Zusammenstoß mit einbiegendem / kreuzendem Fahrzeug,Sonstiger Unfall,Tageslicht,1,1,0,0,0,0,"360631,1371","5646619,342",7.015694787,50.95431609,trocken,"5,20091E+18","Rad, PKW"
214463,5,3,15,0,2020,September,16,Dienstag,Unfall mit Leichtverletzten,Zusammenstoß zwischen Fahrzeug und Fußgänger,Überschreiten-Unfall,Tageslicht,1,0,1,0,0,0,"356276,8597","5647977,805",6.953204615,50.96545495,trocken,"5,20091E+18","Rad, Fuss"
214466,5,3,15,0,2020,September,18,Freitag,Unfall mit Leichtverletzten,Unfall anderer Art,Fahrunfall,Tageslicht,0,1,0,1,0,0,"360948,7844","5644056,84",7.021192713,50.93136306,trocken,"5,20091E+18","Krad, PKW"
214468,5,3,15,0,2020,September,13,Dienstag,Unfall mit Schwerverletzten,Unfall anderer Art,Unfall im Längsverkehr,Tageslicht,0,0,0,1,0,0,"353471,9559","5650143,479",6.912414633,50.98421035,trocken,"5,20091E+18",Krad
214470,5,3,15,0,2020,September,19,Dienstag,Unfall mit Leichtverletzten,Zusammenstoß mit einbiegendem / kreuzendem Fahrzeug,Einbiegen / Kreuzen-Unfall,Tageslicht,1,1,0,0,0,0,"352337,443","5645926,659",6.897974394,50.94602606,trocken,"5,20091E+18","Rad, PKW"
214479,5,3,15,0,2020,September,8,Dienstag,Unfall mit Leichtverletzten,Zusammenstoß mit einbiegendem / kreuzendem Fahrzeug,Einbiegen / Kreuzen-Unfall,Tageslicht,1,1,0,0,0,0,"354446,813","5645393,228",6.928193997,50.94176871,trocken,"5,20091E+18","Rad, PKW"
214482,5,3,15,0,2020,September,15,Mittwoch,Unfall mit Leichtverletzten,Abkommen von Fahrbahn nach rechts,Fahrunfall,Tageslicht,1,0,0,0,0,0,"354374,5791","5646314,445",6.926798185,50.95002917,trocken,"5,20091E+18",Rad
214484,5,3,15,0,2020,September,9,Mittwoch,Unfall mit Schwerverletzten,Unfall anderer Art,Überschreiten-Unfall,Tageslicht,0,1,1,0,0,0,"351798,1154","5646030,675",6.890260113,50.94682241,trocken,"5,20091E+18","Fuss, PKW"
214488,5,3,15,0,2020,September,10,Dienstag,Unfall mit Schwerverletzten,Zusammenstoß mit einbiegendem / kreuzendem Fahrzeug,Abbiegeunfall,Tageslicht,1,1,0,0,0,0,"358788,1038","5639497,692",6.992228793,50.88986456,trocken,"5,20091E+18","Rad, PKW"
214490,5,3,15,0,2020,September,15,Samstag,Unfall mit Leichtverletzten,Unfall anderer Art,Einbiegen / Kreuzen-Unfall,Tageslicht,1,1,0,0,0,0,"363503,5078","5640916,559",7.058700959,50.90375016,trocken,"5,20091E+18","Rad, PKW"
214495,5,3,15,0,2020,September,10,Samstag,Unfall mit Leichtverletzten,Abkommen von Fahrbahn nach links,Sonstiger Unfall,Tageslicht,0,1,0,0,0,0,"365097,4955","5637021,32",7.082795533,50.86911584,trocken,"5,20091E+18",PKW