OBJECTID,ULAND,UREGBEZ,UKREIS,UGEMEINDE,UJAHR,UMONAT,USTUNDE,UWOCHENTAG,UKATEGORIE,UART,UTYP1,ULICHTVERH,IstRad,IstPKW,IstFuss,IstKrad,IstGkfz,IstSonstige,LINREFX,LINREFY,XGCSWGS84,YGCSWGS84,USTRZUSTAND,UIDENTSTLAE,Participants
214497,5,3,15,0,2020,September,20,Samstag,Unfall mit Leichtverletzten,Unfall anderer Art,Fahrunfall,Dunkelheit,0,0,0,1,0,0,"360376,1336","5648236,514",7.011445888,50.96878813,trocken,"5,20091E+18",Krad
214499,5,3,15,0,2020,September,7,Samstag,Unfall mit Leichtverletzten,Zusammenstoß mit seitlich in gleicher Richtung fahrendem Fahrzeug,Unfall im Längsverkehr,Tageslicht,1,1,0,0,0,0,"361890,255","5649528,717",7.032505825,50.98076648,trocken,"5,20091E+18","Rad, PKW"
214508,5,3,15,0,2020,September,16,Samstag,Unfall mit Leichtverletzten,Zusammenstoß mit einbiegendem / kreuzendem Fahrzeug,Abbiegeunfall,Tageslicht,1,1,0,0,0,0,"353993,783","5646700,979",6.921225764,50.95340648,trocken,"5,20091E+18","Rad, PKW"
214510,5,3,15,0,2020,September,16,Samstag,Unfall mit Leichtverletzten,Unfall anderer Art,Abbiegeunfall,Tageslicht,0,0,1,0,0,1,"353070,587","5645054,058",6.908755452,50.93837168,trocken,"5,20091E+18","Fuss, Sonstige"
214516,5,3,15,0,2020,September,15,Samstag,Unfall mit Leichtverletzten,Unfall anderer Art,Fahrunfall,Tageslicht,1,0,0,0,0,0,"356771,0489","5642276,792",6.962479022,50.91434362,trocken,"5,20091E+18",Rad
214517,5,3,15,0,2020,September,19,Montag,Unfall mit Leichtverletzten,Unfall anderer Art,Fahrunfall,Dämmerung,1,0,0,0,0,0,"364178,7781","5639611,412",7.068784451,50.89217935,trocken,"5,20091E+18",Rad
214519,5,3,15,0,2020,September,7,Samstag,Unfall mit Leichtverletzten,Zusammenstoß mit einbiegendem / kreuzendem Fahrzeug,Sonstiger Unfall,Tageslicht,0,1,0,1,0,0,"355916,6162","5640750,675",6.950934911,50.90041591,trocken,"5,20091E+18","Krad, PKW"
214520,5,3,15,0,2020,September,10,Montag,Unfall mit Leichtverletzten,Zusammenstoß mit einbiegendem / kreuzendem Fahrzeug,Einbiegen / Kreuzen-Unfall,Tageslicht,1,0,0,0,0,0,"362261,48","5646944,1",7.038769749,50.95762675,trocken,"5,20091E+18",Rad
214521,5,3,15,0,2020,September,11,Samstag,Unfall mit Leichtverletzten,Unfall anderer Art,Sonstiger Unfall,Tageslicht,1,0,0,0,0,0,"356914,1223","5642935,849",6.964254445,50.92030202,trocken,"5,20091E+18",Rad
214522,5,3,15,0,2020,September,23,Montag,Unfall mit Leichtverletzten,Unfall anderer Art,Fahrunfall,Dunkelheit,1,0,0,0,0,0,"357713,4107","5645692,328",6.974542532,50.9452721,trocken,"5,20091E+18",Rad
214524,5,3,15,0,2020,September,0,Montag,Unfall mit Leichtverletzten,Unfall anderer Art,Fahrunfall,Dunkelheit,1,0,0,0,0,0,"356772,7188","5649021,081",6.959850605,50.9749542,trocken,"5,20091E+18",Rad
214526,5,3,15,0,2020,September,12,Montag,Unfall mit Leichtverletzten,Zusammenstoß mit anfahrendem/ anhaltendem/ruhendem Fahrzeug,Unfall durch ruhenden Verkehr,Tageslicht,1,1,0,0,0,0,"355468,1988","5643431,54",6.943500299,50.92439635,trocken,"5,20091E+18","Rad, PKW"
214617,5,3,15,0,2020,September,20,Sonntag,Unfall mit Schwerverletzten,Zusammenstoß mit einbiegendem / kreuzendem Fahrzeug,Abbiegeunfall,Dämmerung,0,1,0,1,0,0,"359541,6712","5644534,635",7.000997218,50.93531613,trocken,"5,20091E+18","Krad, PKW"
214618,5,3,15,0,2020,September,15,Sonntag,Unfall mit Leichtverletzten,Zusammenstoß mit vorausfahrendem / wartendem Fahrzeug,Unfall im Längsverkehr,Tageslicht,0,1,0,0,0,0,"359030,1401","5651677,413",6.990953693,50.99938364,trocken,"5,20091E+18",PKW
214620,5,3,15,0,2020,September,19,Sonntag,Unfall mit Schwerverletzten,Unfall anderer Art,Fahrunfall,Tageslicht,1,0,0,0,0,0,"359616,6327","5646832,933",7.001177472,50.95598943,trocken,"5,20091E+18",Rad
214623,5,3,15,0,2020,September,12,Sonntag,Unfall mit Leichtverletzten,Zusammenstoß zwischen Fahrzeug und Fußgänger,Überschreiten-Unfall,Tageslicht,0,1,1,0,0,0,"352562,5532","5654242,19",6.897803018,51.02081101,trocken,"5,20091E+18","Fuss, PKW"
214625,5,3,15,0,2020,September,10,Sonntag,Unfall mit Leichtverletzten,Zusammenstoß mit entgegenkommendem Fahrzeug,Unfall im Längsverkehr,Tageslicht,0,1,0,0,0,1,"350906,0146","5647216,68",6.877084141,50.95725029,trocken,"5,20091E+18","PKW, Sonstige"
214627,5,3,15,0,2020,September,20,Sonntag,Unfall mit Leichtverletzten,Unfall anderer Art,Fahrunfall,Dunkelheit,1,0,0,0,0,0,"354626,2852","5646604,48",6.930263299,50.95269916,trocken,"5,20091E+18",Rad
214629,5,3,15,0,2020,September,1,Sonntag,Unfall mit Leichtverletzten,Unfall anderer Art,Fahrunfall,Dunkelheit,1,0,0,0,0,0,"354049,705","5643299,574",6.923383897,50.92285331,trocken,"5,20091E+18",Rad
214630,5,3,15,0,2020,September,19,Sonntag,Unfall mit Leichtverletzten,Zusammenstoß zwischen Fahrzeug und Fußgänger,Sonstiger Unfall,Tageslicht,0,1,1,0,0,0,"356720,9109","5645741,151",6.960404574,50.94546506,trocken,"5,20091E+18","Fuss, PKW"
214751,5,3,15,0,2020,September,0,Donnerstag,Unfall mit Leichtverletzten,Unfall anderer Art,Fahrunfall,Dunkelheit,1,0,0,0,0,0,"354311,1411","5646907,698",6.92565827,50.95534451,nass/feucht,"5,20092E+18",Rad
214757,5,3,15,0,2020,September,15,Mittwoch,Unfall mit Leichtverletzten,Abkommen von Fahrbahn nach links,Sonstiger Unfall,Tageslicht,0,1,0,1,0,0,"355825,6872","5648597,291",6.946538217,50.9709094,trocken,"5,20092E+18","Krad, PKW"
214760,5,3,15,0,2020,September,16,Mittwoch,Unfall mit Leichtverletzten,Zusammenstoß mit anfahrendem/ anhaltendem/ruhendem Fahrzeug,Unfall durch ruhenden Verkehr,Tageslicht,0,1,0,0,0,0,"357671,2718","5647403,061",6.973274249,50.96063596,trocken,"5,20092E+18",PKW
214800,5,3,15,0,2020,September,10,Donnerstag,Unfall mit Leichtverletzten,Unfall anderer Art,Unfall durch ruhenden Verkehr,Tageslicht,1,0,0,0,0,1,"353791,9021","5643642,806",6.919580775,50.92587256,trocken,"5,20092E+18","Rad, Sonstige"
214804,5,3,15,0,2020,September,13,Donnerstag,Unfall mit Schwerverletzten,Zusammenstoß mit entgegenkommendem Fahrzeug,Unfall durch ruhenden Verkehr,Tageslicht,0,1,0,0,0,0,"363400,7524","5645215,675",7.055630028,50.94236391,trocken,"5,20092E+18",PKW
214810,5,3,15,0,2020,September,11,Mittwoch,Unfall mit Leichtverletzten,Zusammenstoß mit anfahrendem/ anhaltendem/ruhendem Fahrzeug,Unfall im Längsverkehr,Tageslicht,0,1,0,0,0,0,"354076,6622","5649354,394",6.921340601,50.97727274,trocken,"5,20092E+18",PKW
214821,5,3,15,0,2020,September,8,Mittwoch,Unfall mit Leichtverletzten,Unfall anderer Art,Fahrunfall,Tageslicht,1,0,0,0,0,0,"353941,8078","5646733,171",6.920473369,50.95368262,trocken,"5,20092E+18",Rad
214854,5,3,15,0,2020,September,16,Donnerstag,Unfall mit Leichtverletzten,Unfall anderer Art,Unfall durch ruhenden Verkehr,Tageslicht,1,1,0,0,0,0,"359955,2786","5647254,408",7.005833908,50.95985967,trocken,"5,20092E+18","Rad, PKW"
214861,5,3,15,0,2020,September,15,Mittwoch,Unfall mit Leichtverletzten,Zusammenstoß mit entgegenkommendem Fahrzeug,Abbiegeunfall,Tageslicht,1,1,0,0,0,0,"356197,3451","5646274,879",6.952745862,50.95013123,trocken,"5,20092E+18","Rad, PKW"
214864,5,3,15,0,2020,September,16,Mittwoch,Unfall mit Leichtverletzten,Unfall anderer Art,Abbiegeunfall,Tageslicht,0,1,0,1,0,1,"362901,2676","5648566,911",7.047262308,50.97236406,trocken,"5,20092E+18","Krad, PKW, Sonstige"
214873,5,3,15,0,2020,September,13,Mittwoch,Unfall mit Leichtverletzten,Zusammenstoß mit einbiegendem / kreuzendem Fahrzeug,Abbiegeunfall,Tageslicht,1,1,0,0,0,0,"356228,5377","5640935,251",6.955295165,50.90215242,trocken,"5,20092E+18","Rad, PKW"
214893,5,3,15,0,2020,September,19,Donnerstag,Unfall mit Leichtverletzten,Zusammenstoß mit vorausfahrendem / wartendem Fahrzeug,Unfall im Längsverkehr,Dämmerung,0,1,0,0,0,0,"360750,9857","5644275,659",7.01829608,50.93328192,trocken,"5,20092E+18",PKW
214905,5,3,15,0,2020,September,18,Donnerstag,Unfall mit Leichtverletzten,Zusammenstoß zwischen Fahrzeug und Fußgänger,Abbiegeunfall,Tageslicht,0,1,1,0,0,0,"355235,5935","5642117,924",6.940714246,50.91253281,trocken,"5,20092E+18","Fuss, PKW"
214916,5,3,15,0,2020,September,12,Mittwoch,Unfall mit Schwerverletzten,Unfall anderer Art,Sonstiger Unfall,Tageslicht,1,0,0,0,0,0,"356044,1509","5647735,686",6.949988624,50.96322098,trocken,"5,20092E+18",Rad
214928,5,3,15,0,2020,September,13,Mittwoch,Unfall mit Leichtverletzten,Zusammenstoß mit einbiegendem / kreuzendem Fahrzeug,Einbiegen / Kreuzen-Unfall,Tageslicht,1,1,0,0,0,0,"353570,1144","5650030,877",6.913857476,50.98322342,trocken,"5,20092E+18","Rad, PKW"
214954,5,3,15,0,2020,September,15,Mittwoch,Unfall mit Leichtverletzten,Unfall anderer Art,Fahrunfall,Tageslicht,1,0,0,0,0,0,"362452,0472","5645316,223",7.042096478,50.94304202,trocken,"5,20092E+18",Rad
214955,5,3,15,0,2020,September,7,Dienstag,Unfall mit Leichtverletzten,Unfall anderer Art,Fahrunfall,Tageslicht,1,0,0,0,0,0,"353622,4018","5657532,769",6.911574453,51.05065249,trocken,"5,20091E+18",Rad
214956,5,3,15,0,2020,September,19,Donnerstag,Unfall mit Leichtverletzten,Zusammenstoß mit anfahrendem/ anhaltendem/ruhendem Fahrzeug,Sonstiger Unfall,Tageslicht,1,1,0,0,0,0,"356886,948","5642801,126",6.963920947,50.91908453,trocken,"5,20092E+18","Rad, PKW"
214958,5,3,15,0,2020,September,18,Dienstag,Unfall mit Leichtverletzten,Zusammenstoß zwischen Fahrzeug und Fußgänger,Überschreiten-Unfall,Tageslicht,0,1,1,0,0,0,"359929,9638","5645120,759",7.006294491,50.94067814,trocken,"5,20091E+18","Fuss, PKW"
214960,5,3,15,0,2020,September,13,Dienstag,Unfall mit Leichtverletzten,Unfall anderer Art,Überschreiten-Unfall,Tageslicht,0,1,1,0,0,0,"359979,8291","5643670,124",7.007561147,50.92765317,trocken,"5,20091E+18","Fuss, PKW"
214961,5,3,15,0,2020,September,12,Donnerstag,Unfall mit Leichtverletzten,Unfall anderer Art,Überschreiten-Unfall,Tageslicht,0,1,1,0,0,0,"359080,1555","5645318,783",6.994129929,50.94225073,trocken,"5,20092E+18","Fuss, PKW"
214962,5,3,15,0,2020,September,8,Dienstag,Unfall mit Leichtverletzten,Zusammenstoß mit vorausfahrendem / wartendem Fahrzeug,Unfall im Längsverkehr,Tageslicht,0,1,0,0,0,0,"361298,3788","5645037,031",7.025791462,50.94025647,trocken,"5,20091E+18",PKW
214967,5,3,15,0,2020,September,21,Mittwoch,Unfall mit Leichtverletzten,Unfall anderer Art,Sonstiger Unfall,Dunkelheit,0,0,0,0,0,1,"355246,3409","5647686,058",6.938654953,50.96257509,trocken,"5,20092E+18",Sonstige
214968,5,3,15,0,2020,September,7,Dienstag,Unfall mit Leichtverletzten,Zusammenstoß mit einbiegendem / kreuzendem Fahrzeug,Einbiegen / Kreuzen-Unfall,Tageslicht,1,0,0,0,0,0,"351897,1528","5651989,192",6.889242047,51.00039371,trocken,"5,20091E+18",Rad
214970,5,3,15,0,2020,September,9,Dienstag,Unfall mit Leichtverletzten,Zusammenstoß mit einbiegendem / kreuzendem Fahrzeug,Einbiegen / Kreuzen-Unfall,Tageslicht,0,1,0,0,1,0,"357374,6412","5648004,493",6.968817371,50.96596763,trocken,"5,20091E+18","PKW, Gkfz"
214973,5,3,15,0,2020,September,7,Dienstag,Unfall mit Schwerverletzten,Zusammenstoß mit entgegenkommendem Fahrzeug,Unfall im Längsverkehr,Tageslicht,1,0,0,0,0,0,"353520,6043","5648211,536",6.913885576,50.96686118,trocken,"5,20091E+18",Rad
214978,5,3,15,0,2020,September,7,Mittwoch,Unfall mit Leichtverletzten,Zusammenstoß mit vorausfahrendem / wartendem Fahrzeug,Abbiegeunfall,Tageslicht,0,1,0,0,0,0,"352731,0775","5647099,318",6.903099563,50.95666491,trocken,"5,20092E+18",PKW
214979,5,3,15,0,2020,September,20,Dienstag,Unfall mit Leichtverletzten,Zusammenstoß mit einbiegendem / kreuzendem Fahrzeug,Abbiegeunfall,Dunkelheit,1,1,0,0,0,0,"352350,6701","5645757,342",6.898231191,50.94450788,trocken,"5,20091E+18","Rad, PKW"
214981,5,3,15,0,2020,September,14,Dienstag,Unfall mit Leichtverletzten,Zusammenstoß mit einbiegendem / kreuzendem Fahrzeug,Einbiegen / Kreuzen-Unfall,Tageslicht,0,1,0,1,0,0,"358840,1901","5637639,545",6.993686451,50.87317783,trocken,"5,20091E+18","Krad, PKW"
214989,5,3,15,0,2020,September,10,Dienstag,Unfall mit Leichtverletzten,Zusammenstoß mit anfahrendem/ anhaltendem/ruhendem Fahrzeug,Unfall im Längsverkehr,Tageslicht,1,1,0,0,0,0,"359093,9854","5639707,006",6.996494287,50.89182041,trocken,"5,20091E+18","Rad, PKW"
214996,5,3,15,0,2020,September,15,Donnerstag,Unfall mit Leichtverletzten,Unfall anderer Art,Abbiegeunfall,Tageslicht,1,1,0,0,0,0,"363711,5371","5640155,095",7.061942032,50.89695564,trocken,"5,20092E+18","Rad, PKW"
214997,5,3,15,0,2020,September,9,Dienstag,Unfall mit Leichtverletzten,Zusammenstoß mit einbiegendem / kreuzendem Fahrzeug,Einbiegen / Kreuzen-Unfall,Tageslicht,1,1,0,0,0,1,"355975,6633","5644885,112",6.950141569,50.93758629,trocken,"5,20091E+18","Rad, PKW, Sonstige"
215003,5,3,15,0,2020,September,16,Sonntag,Unfall mit Schwerverletzten,Unfall anderer Art,Fahrunfall,Tageslicht,1,0,0,0,0,0,"355286,9788","5641948,508",6.941511889,50.91102319,trocken,"5,20092E+18",Rad
215015,5,3,15,0,2020,September,18,Samstag,Unfall mit Leichtverletzten,Zusammenstoß mit anfahrendem/ anhaltendem/ruhendem Fahrzeug,Unfall durch ruhenden Verkehr,Tageslicht,0,1,0,0,0,1,"360286,6042","5647125,909",7.010598105,50.95878527,trocken,"5,20092E+18","PKW, Sonstige"
215026,5,3,15,0,2020,September,18,Samstag,Unfall mit Leichtverletzten,Unfall anderer Art,Fahrunfall,Tageslicht,1,0,0,0,0,0,"356567,9438","5643760,736",6.959008085,50.92762925,trocken,"5,20092E+18",Rad
215041,5,3,15,0,2020,September,2,Sonntag,Unfall mit Leichtverletzten,Unfall anderer Art,Fahrunfall,Dunkelheit,0,0,0,0,0,1,"351062,591","5645564,093",6.879987935,50.94243995,trocken,"5,20092E+18",Sonstige
215052,5,3,15,0,2020,September,15,Sonntag,Unfall mit Leichtverletzten,Zusammenstoß mit vorausfahrendem / wartendem Fahrzeug,Unfall im Längsverkehr,Tageslicht,1,0,0,0,0,0,"354976,1211","5643911,488",6.936312614,50.92858605,trocken,"5,20092E+18",Rad
215078,5,3,15,0,2020,September,15,Samstag,Unfall mit Leichtverletzten,Unfall anderer Art,Überschreiten-Unfall,Tageslicht,0,1,1,0,0,0,"352372,7696","5649443,018",6.897050265,50.97763487,trocken,"5,20092E+18","Fuss, PKW"
215088,5,3,15,0,2020,September,9,Sonntag,Unfall mit Schwerverletzten,Unfall anderer Art,Fahrunfall,Tageslicht,1,0,0,0,0,0,"353725,6406","5647486,756",6.917094967,50.96039997,trocken,"5,20092E+18",Rad
215118,5,3,15,0,2020,September,18,Samstag,Unfall mit Leichtverletzten,Unfall anderer Art,Unfall durch ruhenden Verkehr,Tageslicht,1,1,0,0,0,0,"362512,4836","5636690,583",7.046204826,50.8655343,trocken,"5,20092E+18","Rad, PKW"
215125,5,3,15,0,2020,September,19,Freitag,Unfall mit Schwerverletzten,Unfall anderer Art,Sonstiger Unfall,Dunkelheit,1,0,0,0,0,0,"359202,7303","5640544,97",6.997716462,50.89937784,trocken,"5,20092E+18",Rad
215131,5,3,15,0,2020,September,16,Samstag,Unfall mit Leichtverletzten,Unfall anderer Art,Abbiegeunfall,Tageslicht,1,0,0,0,0,1,"347775,1004","5645091,546",6.833425808,50.937335,trocken,"5,20092E+18","Rad, Sonstige"
215132,5,3,15,0,2020,September,13,Freitag,Unfall mit Leichtverletzten,Zusammenstoß mit einbiegendem / kreuzendem Fahrzeug,Abbiegeunfall,Tageslicht,1,1,0,0,0,0,"355269,6866","5647193,658",6.939183014,50.95815589,trocken,"5,20092E+18","Rad, PKW"
215135,5,3,15,0,2020,September,7,Freitag,Unfall mit Schwerverletzten,Zusammenstoß mit anfahrendem/ anhaltendem/ruhendem Fahrzeug,Unfall durch ruhenden Verkehr,Tageslicht,1,1,0,0,0,0,"354989,4176","5648193,295",6.934796627,50.96706887,trocken,"5,20092E+18","Rad, PKW"
215137,5,3,15,0,2020,September,13,Freitag,Unfall mit Leichtverletzten,Zusammenstoß zwischen Fahrzeug und Fußgänger,Überschreiten-Unfall,Tageslicht,1,0,1,0,0,0,"354785,2864","5646916,074",6.932401178,50.95553945,trocken,"5,20092E+18","Rad, Fuss"
215143,5,3,15,0,2020,September,15,Freitag,Unfall mit Leichtverletzten,Zusammenstoß zwischen Fahrzeug und Fußgänger,Überschreiten-Unfall,Tageslicht,0,0,1,0,0,1,"356832,9511","5637984,693",6.965041395,50.87578597,trocken,"5,20092E+18","Fuss, Sonstige"
215145,5,3,15,0,2020,September,17,Sonntag,Unfall mit Leichtverletzten,Unfall anderer Art,Fahrunfall,Tageslicht,0,0,0,0,0,1,"356964,5835","5646815,314",6.963448959,50.95517896,trocken,"5,20092E+18",Sonstige
215155,5,3,15,0,2020,September,14,Freitag,Unfall mit Leichtverletzten,Unfall anderer Art,Sonstiger Unfall,Tageslicht,1,0,0,0,0,0,"354790,9704","5642384,946",6.934287563,50.91482079,trocken,"5,20092E+18",Rad
215157,5,3,15,0,2020,September,2,Sonntag,Unfall mit Leichtverletzten,Zusammenstoß mit anfahrendem/ anhaltendem/ruhendem Fahrzeug,Fahrunfall,Dunkelheit,0,1,0,0,0,1,"355699,1949","5645990,629",6.94577143,50.94745223,trocken,"5,20092E+18","PKW, Sonstige"
215182,5,3,15,0,2020,September,7,Samstag,Unfall mit Leichtverletzten,Unfall anderer Art,Sonstiger Unfall,Tageslicht,1,0,0,0,0,0,"355209,338","5644983,986",6.939202906,50.93828294,trocken,"5,20092E+18",Rad
215185,5,3,15,0,2020,September,7,Samstag,Unfall mit Leichtverletzten,Unfall anderer Art,Fahrunfall,Tageslicht,1,0,0,0,0,0,"354399,2183","5647042,222",6.926857637,50.95657569,trocken,"5,20092E+18",Rad
215197,5,3,15,0,2020,September,20,Sonntag,Unfall mit Schwerverletzten,Zusammenstoß mit anfahrendem/ anhaltendem/ruhendem Fahrzeug,Fahrunfall,Dämmerung,1,1,0,0,0,0,"348083,3836","5645031,546",6.837835187,50.93687712,trocken,"5,20092E+18","Rad, PKW"
215236,5,3,15,0,2020,September,9,Samstag,Unfall mit Leichtverletzten,Unfall anderer Art,Sonstiger Unfall,Tageslicht,1,0,0,0,0,0,"354310,1999","5647124,086",6.925558265,50.95728888,trocken,"5,20092E+18",Rad
215248,5,3,15,0,2020,September,13,Sonntag,Unfall mit Leichtverletzten,Zusammenstoß mit seitlich in gleicher Richtung fahrendem Fahrzeug,Abbiegeunfall,Tageslicht,0,1,0,0,0,0,"363887,512","5644370,222",7.062870231,50.93488056,trocken,"5,20092E+18",PKW
215290,5,3,15,0,2020,September,15,Mittwoch,Unfall mit Leichtverletzten,Zusammenstoß mit vorausfahrendem / wartendem Fahrzeug,Unfall im Längsverkehr,Tageslicht,1,1,0,0,0,0,"352241,1068","5644644,528",6.89712401,50.93447947,trocken,"5,20092E+18","Rad, PKW"
215295,5,3,15,0,2020,September,21,Dienstag,Unfall mit Leichtverletzten,Unfall anderer Art,Fahrunfall,Dämmerung,1,0,0,0,0,0,"365133,5219","5648102,373",7.079209967,50.96871607,trocken,"5,20092E+18",Rad
215297,5,3,15,0,2020,September,19,Donnerstag,Unfall mit Leichtverletzten,Unfall anderer Art,Fahrunfall,Dunkelheit,1,0,0,0,0,0,"353243,6151","5644798,024",6.911319529,50.93611486,trocken,"5,20092E+18",Rad
215305,5,3,15,0,2020,September,14,Dienstag,Unfall mit Leichtverletzten,Unfall anderer Art,Abbiegeunfall,Tageslicht,1,1,0,0,0,0,"356556,9701","5648939,157",6.956811859,50.97416427,trocken,"5,20092E+18","Rad, PKW"
215328,5,3,15,0,2020,September,17,Mittwoch,Unfall mit Leichtverletzten,Zusammenstoß zwischen Fahrzeug und Fußgänger,Überschreiten-Unfall,Tageslicht,0,1,1,0,0,0,"362149,8408","5651607,796",7.035412576,50.99951384,trocken,"5,20092E+18","Fuss, PKW"
215339,5,3,15,0,2020,September,17,Mittwoch,Unfall mit Schwerverletzten,Unfall anderer Art,Fahrunfall,Tageslicht,1,0,0,0,0,0,"353729,7145","5643132,275",6.918901302,50.92126881,trocken,"5,20092E+18",Rad
215344,5,3,15,0,2020,September,18,Dienstag,Unfall mit Leichtverletzten,Zusammenstoß mit einbiegendem / kreuzendem Fahrzeug,Abbiegeunfall,Tageslicht,1,1,0,0,0,0,"357112,5597","5649258,909",6.964594605,50.97717595,trocken,"5,20092E+18","Rad, PKW"
215346,5,3,15,0,2020,September,6,Donnerstag,Unfall mit Leichtverletzten,Zusammenstoß mit einbiegendem / kreuzendem Fahrzeug,Abbiegeunfall,Dämmerung,1,1,0,0,0,0,"356062,9225","5643471,729",6.951940788,50.9249062,trocken,"5,20092E+18","Rad, PKW"
215350,5,3,15,0,2020,September,22,Donnerstag,Unfall mit Leichtverletzten,Zusammenstoß mit einbiegendem / kreuzendem Fahrzeug,Abbiegeunfall,Dunkelheit,0,1,0,0,0,0,"355783,3507","5652125,744",6.944535148,51.00260806,trocken,"5,20092E+18",PKW
215356,5,3,15,0,2020,September,17,Dienstag,Unfall mit Leichtverletzten,Zusammenstoß mit einbiegendem / kreuzendem Fahrzeug,Einbiegen / Kreuzen-Unfall,Tageslicht,1,1,0,0,0,0,"350180,3278","5644449,802",6.867897011,50.93219795,trocken,"5,20092E+18","Rad, PKW"
215357,5,3,15,0,2020,September,8,Dienstag,Unfall mit Leichtverletzten,Zusammenstoß mit vorausfahrendem / wartendem Fahrzeug,Unfall im Längsverkehr,Tageslicht,0,1,0,1,0,0,"353215,4704","5647213,126",6.909945816,50.95781124,trocken,"5,20092E+18","Krad, PKW"
215364,5,3,15,0,2020,September,12,Dienstag,Unfall mit Leichtverletzten,Unfall anderer Art,Fahrunfall,Tageslicht,0,0,0,0,0,1,"353303,1688","5645794,12",6.911765411,50.94508154,trocken,"5,20092E+18",Sonstige
215368,5,3,15,0,2020,September,19,Dienstag,Unfall mit Leichtverletzten,Unfall anderer Art,Einbiegen / Kreuzen-Unfall,Dunkelheit,0,0,0,1,1,0,"359707,9075","5638905,062",7.005525728,50.8847626,trocken,"5,20092E+18","Krad, Gkfz"
215378,5,3,15,0,2020,September,20,Dienstag,Unfall mit Leichtverletzten,Zusammenstoß mit seitlich in gleicher Richtung fahrendem Fahrzeug,Abbiegeunfall,Dunkelheit,0,1,0,0,0,0,"356762,8355","5641884,756",6.962516155,50.91081837,trocken,"5,20092E+18",PKW
215381,5,3,15,0,2020,September,10,Mittwoch,Unfall mit Leichtverletzten,Zusammenstoß mit einbiegendem / kreuzendem Fahrzeug,Einbiegen / Kreuzen-Unfall,Tageslicht,1,1,0,0,0,0,"354537,236","5645319,209",6.929509737,50.94112635,trocken,"5,20092E+18","Rad, PKW"
215390,5,3,15,0,2020,September,15,Dienstag,Unfall mit Leichtverletzten,Unfall anderer Art,Sonstiger Unfall,Tageslicht,0,1,0,0,0,1,"354333,1264","5643216,336",6.92744691,50.9221769,trocken,"5,20092E+18","PKW, Sonstige"
215393,5,3,15,0,2020,September,23,Mittwoch,Unfall mit Leichtverletzten,Unfall anderer Art,Fahrunfall,Dunkelheit,0,0,0,0,0,1,"356359,7388","5646034,261",6.955151131,50.94800932,trocken,"5,20092E+18",Sonstige
215399,5,3,15,0,2020,September,15,Dienstag,Unfall mit Leichtverletzten,Unfall anderer Art,Fahrunfall,Tageslicht,1,0,0,0,0,0,"353672,0438","5652584,466",6.914279751,51.00619728,nass/feucht,"5,20092E+18",Rad
215403,5,3,15,0,2020,September,17,Dienstag,Unfall mit Schwerverletzten,Zusammenstoß mit einbiegendem / kreuzendem Fahrzeug,Einbiegen / Kreuzen-Unfall,Tageslicht,0,1,0,1,0,0,"359650,0344","5646820,229",7.001657645,50.95588339,trocken,"5,20092E+18","Krad, PKW"
215405,5,3,15,0,2020,September,15,Donnerstag,Unfall mit Leichtverletzten,Unfall anderer Art,Abbiegeunfall,Tageslicht,0,1,1,0,0,0,"351267,5787","5648291,466",6.881789273,50.96700219,trocken,"5,20092E+18","Fuss, PKW"
215410,5,3,15,0,2020,September,15,Dienstag,Unfall mit Leichtverletzten,Zusammenstoß mit einbiegendem / kreuzendem Fahrzeug,Einbiegen / Kreuzen-Unfall,Tageslicht,0,1,0,0,0,0,"353215,8484","5643739,078",6.911351065,50.92659144,trocken,"5,20092E+18",PKW
215412,5,3,15,0,2020,September,7,Dienstag,Unfall mit Schwerverletzten,Zusammenstoß mit einbiegendem / kreuzendem Fahrzeug,Einbiegen / Kreuzen-Unfall,Dämmerung,1,1,0,0,0,0,"355429,6539","5643261,216",6.943019759,50.92285602,trocken,"5,20092E+18","Rad, PKW"
215437,5,3,15,0,2020,September,17,Mittwoch,Unfall mit Leichtverletzten,Zusammenstoß mit anfahrendem/ anhaltendem/ruhendem Fahrzeug,Abbiegeunfall,Tageslicht,0,1,0,1,0,0,"363913,456","5638705,053",7.06535175,50.88397096,nass/feucht,"5,20092E+18","Krad, PKW"
215444,5,3,15,0,2020,September,9,Donnerstag,Unfall mit Leichtverletzten,Unfall anderer Art,Abbiegeunfall,Tageslicht,1,1,0,0,0,0,"359354,111","5643118,751",6.998875868,50.92254569,trocken,"5,20092E+18","Rad, PKW"