OBJECTID,ULAND,UREGBEZ,UKREIS,UGEMEINDE,UJAHR,UMONAT,USTUNDE,UWOCHENTAG,UKATEGORIE,UART,UTYP1,ULICHTVERH,IstRad,IstPKW,IstFuss,IstKrad,IstGkfz,IstSonstige,LINREFX,LINREFY,XGCSWGS84,YGCSWGS84,USTRZUSTAND,UIDENTSTLAE,Participants
215449,5,3,15,0,2020,September,18,Mittwoch,Unfall mit Leichtverletzten,Zusammenstoß mit einbiegendem / kreuzendem Fahrzeug,Einbiegen / Kreuzen-Unfall,Tageslicht,1,1,0,0,0,0,"356230,7462","5640935,681",6.955326384,50.90215684,trocken,"5,20092E+18","Rad, PKW"
215454,5,3,15,0,2020,September,20,Dienstag,Unfall mit Leichtverletzten,Unfall anderer Art,Fahrunfall,Dunkelheit,1,0,0,0,0,0,"362461,628","5649035,256",7.040827139,50.97646838,trocken,"5,20092E+18",Rad
215457,5,3,15,0,2020,September,17,Donnerstag,Unfall mit Leichtverletzten,Unfall anderer Art,Überschreiten-Unfall,Tageslicht,1,0,1,0,0,0,"354237,3358","5642038,86",6.926555436,50.91157104,trocken,"5,20092E+18","Rad, Fuss"
215465,5,3,15,0,2020,September,17,Dienstag,Unfall mit Leichtverletzten,Zusammenstoß mit einbiegendem / kreuzendem Fahrzeug,Einbiegen / Kreuzen-Unfall,Tageslicht,1,1,0,0,0,0,"356234,212","5650151,004",6.951738365,50.98497439,trocken,"5,20092E+18","Rad, PKW"
215476,5,3,15,0,2020,September,11,Montag,Unfall mit Leichtverletzten,Unfall anderer Art,Unfall im Längsverkehr,Tageslicht,0,1,0,1,0,0,"359897,8413","5645750,086",7.005595502,50.94632619,trocken,"5,20092E+18","Krad, PKW"
215478,5,3,15,0,2020,September,14,Montag,Unfall mit Leichtverletzten,Zusammenstoß mit einbiegendem / kreuzendem Fahrzeug,Einbiegen / Kreuzen-Unfall,Tageslicht,0,1,0,0,0,0,"364428,198","5649479,802",7.068657111,50.98093005,trocken,"5,20092E+18",PKW
215481,5,3,15,0,2020,September,10,Montag,Unfall mit Schwerverletzten,Zusammenstoß zwischen Fahrzeug und Fußgänger,Überschreiten-Unfall,Tageslicht,1,0,1,0,0,0,"356398,8654","5648068,402",6.95490518,50.96629955,trocken,"5,20092E+18","Rad, Fuss"
215483,5,3,15,0,2020,September,14,Montag,Unfall mit Leichtverletzten,Zusammenstoß zwischen Fahrzeug und Fußgänger,Überschreiten-Unfall,Tageslicht,0,1,1,0,0,0,"353710,1538","5646117,353",6.917424918,50.94808973,trocken,"5,20092E+18","Fuss, PKW"
215488,5,3,15,0,2020,September,13,Mittwoch,Unfall mit Leichtverletzten,Zusammenstoß mit einbiegendem / kreuzendem Fahrzeug,Einbiegen / Kreuzen-Unfall,Tageslicht,1,0,0,0,0,1,"357428,906","5649163,671",6.969135218,50.97639846,trocken,"5,20092E+18","Rad, Sonstige"
215489,5,3,15,0,2020,September,13,Montag,Unfall mit Leichtverletzten,Unfall anderer Art,Sonstiger Unfall,Tageslicht,0,0,0,0,0,1,"356550,9107","5641485,52",6.959660583,50.90717784,trocken,"5,20092E+18",Sonstige
215491,5,3,15,0,2020,September,12,Montag,Unfall mit Schwerverletzten,Zusammenstoß mit einbiegendem / kreuzendem Fahrzeug,Einbiegen / Kreuzen-Unfall,Tageslicht,0,1,0,0,0,0,"355183,283","5643730,716",6.939330291,50.92701353,trocken,"5,20092E+18",PKW
215494,5,3,15,0,2020,September,0,Montag,Unfall mit Leichtverletzten,Unfall anderer Art,Fahrunfall,Dunkelheit,1,0,0,0,0,0,"355134,6949","5644047,758",6.938513402,50.92985052,trocken,"5,20092E+18",Rad
215499,5,3,15,0,2020,September,19,Mittwoch,Unfall mit Leichtverletzten,Unfall anderer Art,Unfall durch ruhenden Verkehr,Dämmerung,1,1,0,0,0,0,"356402,9108","5645623,329",6.955927333,50.94432709,trocken,"5,20092E+18","Rad, PKW"
215504,5,3,15,0,2020,September,17,Dienstag,Unfall mit Leichtverletzten,Zusammenstoß mit einbiegendem / kreuzendem Fahrzeug,Einbiegen / Kreuzen-Unfall,Tageslicht,1,1,0,0,0,0,"351917,1677","5654435,908",6.888528528,51.02238597,trocken,"5,20092E+18","Rad, PKW"
215509,5,3,15,0,2020,September,8,Donnerstag,Unfall mit Leichtverletzten,Unfall anderer Art,Fahrunfall,Tageslicht,0,0,0,0,0,1,"349982,396","5659211,975",6.85898331,51.06480287,trocken,"5,20092E+18",Sonstige
215540,5,3,15,0,2020,September,7,Freitag,Unfall mit Leichtverletzten,Unfall anderer Art,Fahrunfall,Dämmerung,1,0,0,0,0,0,"366323,8866","5636395,907",7.100442972,50.86377968,nass/feucht,"5,20092E+18",Rad
215543,5,3,15,0,2020,September,15,Freitag,Unfall mit Leichtverletzten,Zusammenstoß mit vorausfahrendem / wartendem Fahrzeug,Unfall im Längsverkehr,Tageslicht,0,1,0,1,0,0,"363253,667","5639558,474",7.05565836,50.89148528,trocken,"5,20092E+18","Krad, PKW"
215548,5,3,15,0,2020,September,15,Freitag,Unfall mit Leichtverletzten,Zusammenstoß mit vorausfahrendem / wartendem Fahrzeug,Unfall im Längsverkehr,Tageslicht,0,1,0,0,0,0,"357764,0991","5648314,408",6.974238892,50.96884909,trocken,"5,20092E+18",PKW
215552,5,3,15,0,2020,September,9,Freitag,Unfall mit Leichtverletzten,Zusammenstoß mit seitlich in gleicher Richtung fahrendem Fahrzeug,Unfall im Längsverkehr,Tageslicht,0,1,0,1,0,0,"357417,341","5648837,114",6.96909865,50.97346087,trocken,"5,20092E+18","Krad, PKW"
215553,5,3,15,0,2020,September,19,Sonntag,Unfall mit Leichtverletzten,Zusammenstoß mit anfahrendem/ anhaltendem/ruhendem Fahrzeug,Unfall durch ruhenden Verkehr,Dämmerung,0,1,0,1,0,0,"362959,9991","5639753,891",7.051412082,50.89317199,nass/feucht,"5,20093E+18","Krad, PKW"
215554,5,3,15,0,2020,September,13,Freitag,Unfall mit Leichtverletzten,Zusammenstoß zwischen Fahrzeug und Fußgänger,Fahrunfall,Tageslicht,0,1,1,0,0,0,"348859,2262","5646220,361",6.848375831,50.94776396,trocken,"5,20092E+18","Fuss, PKW"
215556,5,3,15,0,2020,September,15,Sonntag,Unfall mit Leichtverletzten,Zusammenstoß mit anfahrendem/ anhaltendem/ruhendem Fahrzeug,Sonstiger Unfall,Tageslicht,0,1,0,0,0,0,"356289,7289","5648536,135",6.953167169,50.97047577,nass/feucht,"5,20093E+18",PKW
215557,5,3,15,0,2020,September,11,Freitag,Unfall mit Leichtverletzten,Unfall anderer Art,Einbiegen / Kreuzen-Unfall,Tageslicht,1,1,0,0,0,0,"355211,4344","5648403,602",6.937872626,50.96901469,trocken,"5,20092E+18","Rad, PKW"
215558,5,3,15,0,2020,September,12,Sonntag,Unfall mit Leichtverletzten,Zusammenstoß mit einbiegendem / kreuzendem Fahrzeug,Einbiegen / Kreuzen-Unfall,Tageslicht,1,1,0,0,0,0,"357562,1275","5649460,386",6.97091537,50.97909797,nass/feucht,"5,20093E+18","Rad, PKW"
215559,5,3,15,0,2020,September,20,Sonntag,Unfall mit Leichtverletzten,Zusammenstoß mit entgegenkommendem Fahrzeug,Abbiegeunfall,Dämmerung,0,1,0,0,0,1,"353023,907","5645826,275",6.907779964,50.94529937,nass/feucht,"5,20093E+18","PKW, Sonstige"
215560,5,3,15,0,2020,September,19,Sonntag,Unfall mit Schwerverletzten,Zusammenstoß mit anfahrendem/ anhaltendem/ruhendem Fahrzeug,Sonstiger Unfall,Dunkelheit,0,1,0,0,0,0,"356770,0599","5635343,099",6.965182109,50.8520303,nass/feucht,"5,20093E+18",PKW
215561,5,3,15,0,2020,September,2,Sonntag,Unfall mit Leichtverletzten,Zusammenstoß mit anfahrendem/ anhaltendem/ruhendem Fahrzeug,Unfall durch ruhenden Verkehr,Dunkelheit,0,1,0,1,0,0,"360429,0243","5636928,576",7.016525409,50.86717399,nass/feucht,"5,20093E+18","Krad, PKW"
215562,5,3,15,0,2020,September,14,Freitag,Unfall mit Leichtverletzten,Zusammenstoß mit seitlich in gleicher Richtung fahrendem Fahrzeug,Unfall im Längsverkehr,Tageslicht,0,1,0,0,1,0,"357439,2409","5649651,205",6.969091137,50.98078243,trocken,"5,20092E+18","PKW, Gkfz"
215563,5,3,15,0,2020,September,15,Montag,Unfall mit Leichtverletzten,Zusammenstoß mit einbiegendem / kreuzendem Fahrzeug,Einbiegen / Kreuzen-Unfall,Tageslicht,1,1,0,0,0,0,"360070,9938","5645405,536",7.00819117,50.94327172,trocken,"5,20093E+18","Rad, PKW"
215565,5,3,15,0,2020,September,5,Sonntag,Unfall mit Leichtverletzten,Zusammenstoß mit vorausfahrendem / wartendem Fahrzeug,Unfall im Längsverkehr,Dunkelheit,0,1,0,0,0,0,"356209,9022","5645031,774",6.953415271,50.93896277,nass/feucht,"5,20093E+18",PKW
215566,5,3,15,0,2020,September,2,Sonntag,Unfall mit Leichtverletzten,Unfall anderer Art,Fahrunfall,Dunkelheit,0,0,0,0,0,1,"356685,3969","5644703,592",6.960307544,50.9361318,nass/feucht,"5,20093E+18",Sonstige
215567,5,3,15,0,2020,September,17,Freitag,Unfall mit Leichtverletzten,Zusammenstoß mit vorausfahrendem / wartendem Fahrzeug,Unfall im Längsverkehr,Tageslicht,0,1,0,0,0,0,"356713,3532","5642164,421",6.96170295,50.91331943,trocken,"5,20092E+18",PKW
215568,5,3,15,0,2020,September,1,Sonntag,Unfall mit Schwerverletzten,Unfall anderer Art,Sonstiger Unfall,Dunkelheit,0,0,0,1,0,0,"357122,4219","5646739,601",6.965724478,50.95453768,nass/feucht,"5,20093E+18",Krad
215572,5,3,15,0,2020,September,21,Freitag,Unfall mit Leichtverletzten,Zusammenstoß mit anfahrendem/ anhaltendem/ruhendem Fahrzeug,Sonstiger Unfall,Dunkelheit,1,1,0,0,0,0,"354772,5456","5643272,696",6.933672183,50.92279416,trocken,"5,20092E+18","Rad, PKW"
215578,5,3,15,0,2020,September,8,Freitag,Unfall mit Leichtverletzten,Unfall anderer Art,Unfall durch ruhenden Verkehr,Tageslicht,1,1,0,0,0,0,"354355,6502","5641670,542",6.928384249,50.90829092,trocken,"5,20092E+18","Rad, PKW"
215580,5,3,15,0,2020,September,18,Freitag,Unfall mit Leichtverletzten,Unfall anderer Art,Fahrunfall,Tageslicht,1,0,0,0,0,0,"353713,9254","5643126,088",6.918679298,50.92120921,trocken,"5,20092E+18",Rad
215583,5,3,15,0,2020,September,19,Freitag,Unfall mit Leichtverletzten,Zusammenstoß zwischen Fahrzeug und Fußgänger,Überschreiten-Unfall,Dämmerung,1,0,1,0,0,0,"354745,3275","5644912,036",6.932631945,50.93751965,trocken,"5,20092E+18","Rad, Fuss"
215585,5,3,15,0,2020,September,10,Freitag,Unfall mit Leichtverletzten,Zusammenstoß zwischen Fahrzeug und Fußgänger,Sonstiger Unfall,Tageslicht,0,1,1,0,0,0,"356653,819","5642624,077",6.960676025,50.91743554,trocken,"5,20092E+18","Fuss, PKW"
215587,5,3,15,0,2020,September,7,Freitag,Unfall mit Leichtverletzten,Zusammenstoß mit anfahrendem/ anhaltendem/ruhendem Fahrzeug,Unfall durch ruhenden Verkehr,Tageslicht,1,1,0,0,0,0,"355715,0478","5644453,477",6.946605749,50.93364211,trocken,"5,20092E+18","Rad, PKW"
215646,5,3,15,0,2020,September,17,Samstag,Unfall mit Schwerverletzten,Zusammenstoß mit anfahrendem/ anhaltendem/ruhendem Fahrzeug,Fahrunfall,Tageslicht,0,1,0,1,0,0,"357516,6362","5644261,313",6.972302941,50.93236303,nass/feucht,"5,20093E+18","Krad, PKW"
215648,5,3,15,0,2020,September,16,Samstag,Unfall mit Leichtverletzten,Zusammenstoß zwischen Fahrzeug und Fußgänger,Überschreiten-Unfall,Tageslicht,0,1,1,0,0,0,"359950,7183","5648226,27",7.005394894,50.96859278,trocken,"5,20093E+18","Fuss, PKW"
215651,5,3,15,0,2020,September,13,Samstag,Unfall mit Schwerverletzten,Zusammenstoß mit einbiegendem / kreuzendem Fahrzeug,Einbiegen / Kreuzen-Unfall,Tageslicht,1,0,0,1,0,0,"359964,7403","5647237,505",7.005975055,50.95971006,trocken,"5,20093E+18","Rad, Krad"
215653,5,3,15,0,2020,September,4,Samstag,Unfall mit Schwerverletzten,Zusammenstoß mit einbiegendem / kreuzendem Fahrzeug,Einbiegen / Kreuzen-Unfall,Dunkelheit,0,1,0,1,0,0,"356299,6826","5648014,848",6.953514787,50.96579354,nass/feucht,"5,20093E+18","Krad, PKW"
215654,5,3,15,0,2020,September,13,Samstag,Unfall mit Schwerverletzten,Zusammenstoß zwischen Fahrzeug und Fußgänger,Sonstiger Unfall,Tageslicht,0,1,1,0,0,0,"354978,025","5649259,698",6.934209219,50.97664944,trocken,"5,20093E+18","Fuss, PKW"
215656,5,3,15,0,2020,September,9,Samstag,Unfall mit Leichtverletzten,Unfall anderer Art,Fahrunfall,Tageslicht,0,0,0,1,0,0,"354858,2349","5646763,839",6.933499813,50.95418974,trocken,"5,20093E+18",Krad
215657,5,3,15,0,2020,September,15,Samstag,Unfall mit Leichtverletzten,Zusammenstoß zwischen Fahrzeug und Fußgänger,Unfall durch ruhenden Verkehr,Tageslicht,0,1,1,0,0,0,"349706,4415","5644611,429",6.861091442,50.93352709,trocken,"5,20093E+18","Fuss, PKW"
215661,5,3,15,0,2020,September,18,Samstag,Unfall mit Leichtverletzten,Zusammenstoß mit seitlich in gleicher Richtung fahrendem Fahrzeug,Unfall durch ruhenden Verkehr,Dämmerung,0,1,0,1,0,0,"352184,8083","5644648,25",6.896321849,50.9344985,nass/feucht,"5,20093E+18","Krad, PKW"
215663,5,3,15,0,2020,September,9,Samstag,Unfall mit Getöteten,Zusammenstoß mit einbiegendem / kreuzendem Fahrzeug,Einbiegen / Kreuzen-Unfall,Tageslicht,1,1,0,0,0,0,"353238,6598","5647829,989",6.910026986,50.96336063,trocken,"5,20093E+18","Rad, PKW"
215664,5,3,15,0,2020,September,18,Samstag,Unfall mit Leichtverletzten,Unfall anderer Art,Unfall im Längsverkehr,Tageslicht,0,1,0,0,0,0,"361213,2273","5637670,331",7.027381358,50.87402921,nass/feucht,"5,20093E+18",PKW
215666,5,3,15,0,2020,September,11,Samstag,Unfall mit Leichtverletzten,Unfall anderer Art,Sonstiger Unfall,Tageslicht,0,1,0,0,0,0,"355502,5722","5642234,462",6.944463274,50.91364702,trocken,"5,20093E+18",PKW
215801,5,3,15,0,2020,September,14,Mittwoch,Unfall mit Leichtverletzten,Zusammenstoß mit einbiegendem / kreuzendem Fahrzeug,Einbiegen / Kreuzen-Unfall,Tageslicht,0,1,0,1,0,0,"355892,7955","5654173,679",6.94528055,51.02103966,nass/feucht,"5,20093E+18","Krad, PKW"
215803,5,3,15,0,2020,September,11,Mittwoch,Unfall mit Leichtverletzten,Unfall anderer Art,Sonstiger Unfall,Tageslicht,0,0,0,0,0,1,"359338,814","5644562,764",6.99810118,50.93551948,nass/feucht,"5,20093E+18",Sonstige
215811,5,3,15,0,2020,September,7,Mittwoch,Unfall mit Leichtverletzten,Unfall anderer Art,Unfall durch ruhenden Verkehr,Tageslicht,1,1,0,0,0,0,"359843,9156","5638119,408",7.007759289,50.87773475,nass/feucht,"5,20093E+18","Rad, PKW"
215845,5,3,15,0,2020,Oktober,16,Freitag,Unfall mit Leichtverletzten,Zusammenstoß mit entgegenkommendem Fahrzeug,Abbiegeunfall,Tageslicht,0,1,0,1,0,0,"356117,0195","5640732,496",6.953790143,50.9003025,nass/feucht,"5,201E+18","Krad, PKW"
215850,5,3,15,0,2020,September,13,Donnerstag,Unfall mit Leichtverletzten,Zusammenstoß mit einbiegendem / kreuzendem Fahrzeug,Einbiegen / Kreuzen-Unfall,Tageslicht,1,1,0,0,0,0,"359143,2261","5644993,978",6.995152683,50.93934709,trocken,"5,20093E+18","Rad, PKW"
215852,5,3,15,0,2020,September,8,Donnerstag,Unfall mit Leichtverletzten,Unfall anderer Art,Fahrunfall,Tageslicht,1,0,0,0,0,0,"363707,325","5638606,371",7.062459916,50.88303546,nass/feucht,"5,20093E+18",Rad
215855,5,3,15,0,2020,September,14,Mittwoch,Unfall mit Leichtverletzten,Zusammenstoß mit anfahrendem/ anhaltendem/ruhendem Fahrzeug,Unfall durch ruhenden Verkehr,Tageslicht,1,0,0,0,1,0,"357797,4336","5644753,337",6.976104341,50.93685415,trocken,"5,20093E+18","Rad, Gkfz"
215858,5,3,15,0,2020,September,17,Donnerstag,Unfall mit Leichtverletzten,Zusammenstoß mit vorausfahrendem / wartendem Fahrzeug,Unfall im Längsverkehr,Tageslicht,0,1,0,0,0,0,"356687,8824","5648255,183",6.958944829,50.9680501,trocken,"5,20093E+18",PKW
215861,5,3,15,0,2020,September,14,Donnerstag,Unfall mit Leichtverletzten,Unfall anderer Art,Fahrunfall,Tageslicht,1,0,0,0,0,0,"354043,9454","5645279,357",6.922509223,50.94064355,trocken,"5,20093E+18",Rad
215863,5,3,15,0,2020,September,10,Mittwoch,Unfall mit Leichtverletzten,Unfall anderer Art,Fahrunfall,Tageslicht,1,0,0,0,0,0,"355159,5862","5644068,706",6.938859045,50.93004503,nass/feucht,"5,20093E+18",Rad
215865,5,3,15,0,2020,September,8,Mittwoch,Unfall mit Leichtverletzten,Unfall anderer Art,Sonstiger Unfall,Tageslicht,1,1,0,0,0,0,"354192,4364","5646583,72",6.924099084,50.95240301,nass/feucht,"5,20093E+18","Rad, PKW"
215868,5,3,15,0,2020,September,11,Donnerstag,Unfall mit Leichtverletzten,Zusammenstoß mit einbiegendem / kreuzendem Fahrzeug,Abbiegeunfall,Tageslicht,1,1,0,0,0,0,"355469,9959","5644629,237",6.943050984,50.93516027,trocken,"5,20093E+18","Rad, PKW"
215905,5,3,15,0,2020,September,5,Mittwoch,Unfall mit Leichtverletzten,Aufprall auf Fahrbahnhindernis,Fahrunfall,Dunkelheit,0,0,0,1,0,0,"352122,2731","5652429,363",6.892268828,51.00440717,trocken,"5,20093E+18",Krad
215918,5,3,15,0,2020,September,5,Mittwoch,Unfall mit Schwerverletzten,Abkommen von Fahrbahn nach rechts,Sonstiger Unfall,Dunkelheit,0,1,0,0,0,0,"353745,9312","5643813,638",6.918858581,50.92739612,trocken,"5,20093E+18",PKW
215960,5,3,15,0,2020,September,10,Mittwoch,Unfall mit Leichtverletzten,Unfall anderer Art,Sonstiger Unfall,Tageslicht,0,0,1,0,1,0,"359598,6658","5645260,905",7.001527966,50.94185708,nass/feucht,"5,20093E+18","Fuss, Gkfz"
215968,5,3,15,0,2020,September,7,Mittwoch,Unfall mit Leichtverletzten,Zusammenstoß mit entgegenkommendem Fahrzeug,Unfall im Längsverkehr,Dämmerung,1,0,0,0,0,0,"356183,8048","5645039,799",6.953040909,50.93902838,nass/feucht,"5,20093E+18",Rad
215972,5,3,15,0,2020,September,14,Mittwoch,Unfall mit Leichtverletzten,Zusammenstoß mit anfahrendem/ anhaltendem/ruhendem Fahrzeug,Abbiegeunfall,Tageslicht,1,1,0,0,0,0,"352493,005","5644828,916",6.900631766,50.93620097,nass/feucht,"5,20093E+18","Rad, PKW"
216001,5,3,15,0,2020,Oktober,11,Freitag,Unfall mit Leichtverletzten,Zusammenstoß mit einbiegendem / kreuzendem Fahrzeug,Einbiegen / Kreuzen-Unfall,Tageslicht,0,1,0,0,0,0,"357437,1755","5641670,396",6.972185639,50.90905887,trocken,"5,201E+18",PKW
216011,5,3,15,0,2020,September,14,Mittwoch,Unfall mit Schwerverletzten,Abkommen von Fahrbahn nach rechts,Fahrunfall,Tageslicht,0,1,0,0,0,0,"352146,3517","5653572,799",6.892145884,51.01468873,nass/feucht,"5,20093E+18",PKW
216023,5,3,15,0,2020,September,6,Mittwoch,Unfall mit Leichtverletzten,Zusammenstoß mit entgegenkommendem Fahrzeug,Abbiegeunfall,Dunkelheit,1,1,0,0,0,0,"353718,7506","5643881,258",6.918444952,50.92799691,trocken,"5,20093E+18","Rad, PKW"
216028,5,3,15,0,2020,September,16,Dienstag,Unfall mit Leichtverletzten,Zusammenstoß mit vorausfahrendem / wartendem Fahrzeug,Abbiegeunfall,Tageslicht,0,1,0,0,0,0,"363271,6033","5640481,868",7.055567551,50.89978852,nass/feucht,"5,20093E+18",PKW
216039,5,3,15,0,2020,September,8,Dienstag,Unfall mit Schwerverletzten,Zusammenstoß zwischen Fahrzeug und Fußgänger,Überschreiten-Unfall,Tageslicht,0,1,1,0,0,0,"352878,0293","5642649,861",6.906986925,50.91671702,trocken,"5,20093E+18","Fuss, PKW"
216047,5,3,15,0,2020,September,14,Dienstag,Unfall mit Leichtverletzten,Zusammenstoß mit anfahrendem/ anhaltendem/ruhendem Fahrzeug,Unfall im Längsverkehr,Tageslicht,0,1,0,0,0,0,"354537,762","5644205,703",6.929961713,50.93111971,trocken,"5,20093E+18",PKW
216048,5,3,15,0,2020,Oktober,20,Montag,Unfall mit Leichtverletzten,Unfall anderer Art,Sonstiger Unfall,Dunkelheit,0,1,0,1,0,0,"363083,8792","5651390,134",7.048797921,50.99778067,nass/feucht,"5,201E+18","Krad, PKW"
216052,5,3,15,0,2020,Oktober,14,Sonntag,Unfall mit Leichtverletzten,Zusammenstoß mit einbiegendem / kreuzendem Fahrzeug,Einbiegen / Kreuzen-Unfall,Tageslicht,0,1,0,0,0,0,"365852,698","5636341,733",7.093771127,50.86318365,nass/feucht,"5,201E+18",PKW
216073,5,3,15,0,2020,Oktober,16,Dienstag,Unfall mit Leichtverletzten,Zusammenstoß mit seitlich in gleicher Richtung fahrendem Fahrzeug,Sonstiger Unfall,Tageslicht,0,1,0,0,0,0,"349880,0402","5659583,955",6.857369218,51.06811877,nass/feucht,"5,20101E+18",PKW
216099,5,3,15,0,2020,Oktober,1,Montag,Unfall mit Schwerverletzten,Unfall anderer Art,Fahrunfall,Dunkelheit,1,0,0,0,0,0,"356032,6065","5646181,524",6.950439067,50.94925114,trocken,"5,201E+18",Rad
216101,5,3,15,0,2020,Oktober,16,Samstag,Unfall mit Leichtverletzten,Zusammenstoß mit anfahrendem/ anhaltendem/ruhendem Fahrzeug,Unfall im Längsverkehr,Tageslicht,0,1,0,0,0,1,"361443,336","5647376,585",7.026963064,50.96131745,trocken,"5,201E+18","PKW, Sonstige"
216103,5,3,15,0,2020,Oktober,19,Sonntag,Unfall mit Leichtverletzten,Zusammenstoß mit einbiegendem / kreuzendem Fahrzeug,Einbiegen / Kreuzen-Unfall,Dunkelheit,0,1,0,0,0,0,"353386,2409","5654847,159",6.909294331,51.02645817,nass/feucht,"5,201E+18",PKW
216125,5,3,15,0,2020,Oktober,15,Dienstag,Unfall mit Leichtverletzten,Zusammenstoß mit einbiegendem / kreuzendem Fahrzeug,Einbiegen / Kreuzen-Unfall,Tageslicht,1,1,0,0,0,0,"361054,169","5638149,309",7.024940034,50.87829574,trocken,"5,20101E+18","Rad, PKW"
216138,5,3,15,0,2020,Oktober,14,Samstag,Unfall mit Leichtverletzten,Zusammenstoß mit vorausfahrendem / wartendem Fahrzeug,Sonstiger Unfall,Tageslicht,0,1,0,0,0,0,"353924,2042","5655539,322",6.916681276,51.03281526,trocken,"5,201E+18",PKW
216143,5,3,15,0,2020,Oktober,13,Samstag,Unfall mit Leichtverletzten,Zusammenstoß mit anfahrendem/ anhaltendem/ruhendem Fahrzeug,Unfall im Längsverkehr,Tageslicht,0,1,0,0,0,0,"352770,0285","5647176,761",6.903622446,50.95737081,trocken,"5,201E+18",PKW
216153,5,3,15,0,2020,Oktober,4,Sonntag,Unfall mit Schwerverletzten,Zusammenstoß mit seitlich in gleicher Richtung fahrendem Fahrzeug,Unfall im Längsverkehr,Dunkelheit,1,0,0,0,0,0,"352369,9582","5643037,53",6.899607197,50.92007108,trocken,"5,201E+18",Rad
216181,5,3,15,0,2020,Oktober,13,Dienstag,Unfall mit Leichtverletzten,Zusammenstoß mit einbiegendem / kreuzendem Fahrzeug,Einbiegen / Kreuzen-Unfall,Tageslicht,0,1,0,0,0,0,"366083,2091","5647741,739",7.092860294,50.96569643,nass/feucht,"5,20101E+18",PKW
216207,5,3,15,0,2020,Oktober,17,Montag,Unfall mit Leichtverletzten,Zusammenstoß mit entgegenkommendem Fahrzeug,Abbiegeunfall,Tageslicht,0,1,0,1,0,0,"356760,9873","5641899,258",6.962484191,50.91094825,trocken,"5,201E+18","Krad, PKW"
216211,5,3,15,0,2020,Oktober,16,Sonntag,Unfall mit Leichtverletzten,Unfall anderer Art,Sonstiger Unfall,Tageslicht,0,0,0,0,0,1,"361229,3824","5651975,848",7.022162207,51.00260032,nass/feucht,"5,201E+18",Sonstige
216234,5,3,15,0,2020,Oktober,14,Dienstag,Unfall mit Leichtverletzten,Zusammenstoß mit einbiegendem / kreuzendem Fahrzeug,Einbiegen / Kreuzen-Unfall,Tageslicht,0,1,0,0,0,0,"353257,0217","5645093,279",6.911391292,50.93877161,trocken,"5,20101E+18",PKW
216264,5,3,15,0,2020,Oktober,21,Sonntag,Unfall mit Leichtverletzten,Abkommen von Fahrbahn nach links,Fahrunfall,Dunkelheit,0,1,0,0,0,0,"351758,5128","5653271,164",6.886743984,51.01187829,nass/feucht,"5,201E+18",PKW
216292,5,3,15,0,2020,Oktober,6,Freitag,Unfall mit Leichtverletzten,Zusammenstoß zwischen Fahrzeug und Fußgänger,Sonstiger Unfall,Dämmerung,0,0,1,0,0,1,"363517,1313","5638893,748",7.059650454,50.88557337,trocken,"5,201E+18","Fuss, Sonstige"
216294,5,3,15,0,2020,Oktober,6,Freitag,Unfall mit Leichtverletzten,Zusammenstoß mit einbiegendem / kreuzendem Fahrzeug,Abbiegeunfall,Dämmerung,1,1,0,0,0,0,"356520,129","5652105,954",6.955036815,51.00261443,trocken,"5,201E+18","Rad, PKW"
216301,5,3,15,0,2020,Oktober,20,Freitag,Unfall mit Leichtverletzten,Zusammenstoß mit entgegenkommendem Fahrzeug,Unfall durch ruhenden Verkehr,Dunkelheit,0,1,0,0,1,0,"358455,0606","5649506,958",6.983608972,50.97973671,nass/feucht,"5,201E+18","PKW, Gkfz"
216310,5,3,15,0,2020,Oktober,17,Freitag,Unfall mit Leichtverletzten,Zusammenstoß mit einbiegendem / kreuzendem Fahrzeug,Einbiegen / Kreuzen-Unfall,Tageslicht,0,1,0,0,0,0,"353491,6652","5650114,603",6.912706873,50.98395587,nass/feucht,"5,201E+18",PKW
216313,5,3,15,0,2020,Oktober,8,Freitag,Unfall mit Leichtverletzten,Unfall anderer Art,Fahrunfall,Tageslicht,1,0,0,0,0,0,"357700,9912","5645134,954",6.974583598,50.94025993,nass/feucht,"5,20101E+18",Rad
216315,5,3,15,0,2020,Oktober,8,Samstag,Unfall mit Leichtverletzten,Unfall anderer Art,Fahrunfall,Tageslicht,0,0,0,1,0,0,"355702,9606","5642372,225",6.947257442,50.91493521,nass/feucht,"5,20101E+18",Krad
216316,5,3,15,0,2020,Oktober,7,Freitag,Unfall mit Leichtverletzten,Unfall anderer Art,Einbiegen / Kreuzen-Unfall,Tageslicht,1,1,0,0,0,0,"352414,206","5647353,406",6.898487969,50.95886721,trocken,"5,20101E+18","Rad, PKW"