OBJECTID,ULAND,UREGBEZ,UKREIS,UGEMEINDE,UJAHR,UMONAT,USTUNDE,UWOCHENTAG,UKATEGORIE,UART,UTYP1,ULICHTVERH,IstRad,IstPKW,IstFuss,IstKrad,IstGkfz,IstSonstige,LINREFX,LINREFY,XGCSWGS84,YGCSWGS84,USTRZUSTAND,UIDENTSTLAE,Participants
217066,5,3,15,0,2020,Oktober,22,Dienstag,Unfall mit Leichtverletzten,Abkommen von Fahrbahn nach links,Fahrunfall,Dunkelheit,0,1,0,0,0,0,"353731,9005","5653539,023",6.914747543,51.01479065,trocken,"5,20102E+18",PKW
217072,5,3,15,0,2020,Oktober,7,Mittwoch,Unfall mit Leichtverletzten,Zusammenstoß mit vorausfahrendem / wartendem Fahrzeug,Unfall im Längsverkehr,Tageslicht,0,1,0,0,1,0,"357782,2531","5649013,402",6.974223908,50.97513539,trocken,"5,20102E+18","PKW, Gkfz"
217075,5,3,15,0,2020,Oktober,19,Donnerstag,Unfall mit Schwerverletzten,Unfall anderer Art,Fahrunfall,Dunkelheit,1,0,0,0,0,0,"354299,4384","5640812,147",6.927927861,50.90056255,nass/feucht,"5,20102E+18",Rad
217082,5,3,15,0,2020,Oktober,15,Dienstag,Unfall mit Leichtverletzten,Zusammenstoß mit einbiegendem / kreuzendem Fahrzeug,Einbiegen / Kreuzen-Unfall,Tageslicht,1,1,0,0,0,0,"355130,2063","5644406,948",6.93830681,50.93307736,trocken,"5,20103E+18","Rad, PKW"
217087,5,3,15,0,2020,Oktober,4,Dienstag,Unfall mit Leichtverletzten,Unfall anderer Art,Sonstiger Unfall,Tageslicht,1,1,0,0,0,0,"359766,5686","5648691,526",7.002594504,50.97272927,trocken,"5,20103E+18","Rad, PKW"
217102,5,3,15,0,2020,Oktober,3,Montag,Unfall mit Schwerverletzten,Unfall anderer Art,Fahrunfall,Dunkelheit,0,1,0,0,0,0,"356876,9585","5650049,206",6.960929587,50.9842197,trocken,"5,20103E+18",PKW
217119,5,3,15,0,2020,Oktober,8,Dienstag,Unfall mit Leichtverletzten,Zusammenstoß mit einbiegendem / kreuzendem Fahrzeug,Abbiegeunfall,Tageslicht,1,1,0,0,0,0,"359178,1138","5639260,162",6.997861936,50.88782505,trocken,"5,20103E+18","Rad, PKW"
217132,5,3,15,0,2020,Oktober,22,Samstag,Unfall mit Leichtverletzten,Zusammenstoß mit vorausfahrendem / wartendem Fahrzeug,Unfall im Längsverkehr,Dunkelheit,0,1,0,0,0,0,"362336,4086","5646314,635",7.040074034,50.95198746,nass/feucht,"5,20102E+18",PKW
217144,5,3,15,0,2020,Oktober,7,Samstag,Unfall mit Leichtverletzten,Zusammenstoß mit einbiegendem / kreuzendem Fahrzeug,Abbiegeunfall,Dunkelheit,1,1,0,0,0,0,"356103,3452","5642319,048",6.95297032,50.91455729,nass/feucht,"5,20102E+18","Rad, PKW"
217152,5,3,15,0,2020,Oktober,18,Montag,Unfall mit Schwerverletzten,Zusammenstoß mit einbiegendem / kreuzendem Fahrzeug,Abbiegeunfall,Dunkelheit,0,1,0,1,0,0,"354858,0325","5644409,29",6.934435164,50.93302998,nass/feucht,"5,20103E+18","Krad, PKW"
217156,5,3,15,0,2020,Oktober,8,Mittwoch,Unfall mit Schwerverletzten,Abkommen von Fahrbahn nach rechts,Fahrunfall,Tageslicht,0,0,0,1,0,0,"348552,0313","5643898,711",6.844970895,50.92682046,trocken,"5,20103E+18",Krad
217167,5,3,15,0,2020,Oktober,11,Dienstag,Unfall mit Leichtverletzten,Zusammenstoß mit seitlich in gleicher Richtung fahrendem Fahrzeug,Abbiegeunfall,Tageslicht,1,0,0,0,0,0,"354711,7178","5642251,43",6.933214084,50.91360096,trocken,"5,20103E+18",Rad
217168,5,3,15,0,2020,Oktober,16,Sonntag,Unfall mit Leichtverletzten,Zusammenstoß zwischen Fahrzeug und Fußgänger,Sonstiger Unfall,Tageslicht,1,0,1,0,0,0,"360961,4291","5645051,858",7.020992887,50.94030857,trocken,"5,20102E+18","Rad, Fuss"
217169,5,3,15,0,2020,Oktober,18,Freitag,Unfall mit Leichtverletzten,Zusammenstoß zwischen Fahrzeug und Fußgänger,Überschreiten-Unfall,Dunkelheit,0,1,1,0,0,0,"364723,3211","5648950,987",7.073055654,50.97624677,trocken,"5,20102E+18","Fuss, PKW"
217171,5,3,15,0,2020,Oktober,14,Dienstag,Unfall mit Leichtverletzten,Unfall anderer Art,Fahrunfall,Tageslicht,1,0,0,0,0,0,"349625,6964","5644278,214",6.860080643,50.93051167,nass/feucht,"5,20103E+18",Rad
217178,5,3,15,0,2020,Oktober,19,Freitag,Unfall mit Leichtverletzten,Unfall anderer Art,Abbiegeunfall,Dämmerung,0,1,1,0,0,0,"357157,147","5648931,363",6.965358002,50.9742434,nass/feucht,"5,20102E+18","Fuss, PKW"
217181,5,3,15,0,2020,Oktober,0,Samstag,Unfall mit Schwerverletzten,Unfall anderer Art,Fahrunfall,Dunkelheit,1,0,0,0,0,0,"354048,6157","5643299,007",6.923368636,50.92284794,nass/feucht,"5,20102E+18",Rad
217187,5,3,15,0,2020,Oktober,19,Freitag,Unfall mit Leichtverletzten,Zusammenstoß zwischen Fahrzeug und Fußgänger,Überschreiten-Unfall,Dunkelheit,0,1,1,0,0,0,"348580,8096","5646510,527",6.844294658,50.95029839,nass/feucht,"5,20102E+18","Fuss, PKW"
217190,5,3,15,0,2020,Oktober,16,Freitag,Unfall mit Leichtverletzten,Unfall anderer Art,Abbiegeunfall,Tageslicht,1,1,0,0,0,0,"355304,269","5645479,511",6.940356307,50.94275994,trocken,"5,20102E+18","Rad, PKW"
217192,5,3,15,0,2020,Oktober,9,Freitag,Unfall mit Leichtverletzten,Unfall anderer Art,Fahrunfall,Tageslicht,1,0,0,0,0,0,"356542,9235","5643301,005",6.958833175,50.92349148,nass/feucht,"5,20102E+18",Rad
217194,5,3,15,0,2020,Oktober,17,Samstag,Unfall mit Leichtverletzten,Zusammenstoß mit anfahrendem/ anhaltendem/ruhendem Fahrzeug,Unfall durch ruhenden Verkehr,Tageslicht,1,1,0,0,0,0,"356365,8535","5642964,312",6.956448069,50.9204216,nass/feucht,"5,20102E+18","Rad, PKW"
217220,5,3,15,0,2020,Oktober,9,Sonntag,Unfall mit Leichtverletzten,Zusammenstoß mit anfahrendem/ anhaltendem/ruhendem Fahrzeug,Unfall durch ruhenden Verkehr,Tageslicht,1,1,0,0,0,0,"357679,5993","5647421,925",6.973385373,50.96080755,trocken,"5,20102E+18","Rad, PKW"
217223,5,3,15,0,2020,Oktober,14,Dienstag,Unfall mit Leichtverletzten,Unfall anderer Art,Fahrunfall,Tageslicht,1,0,0,0,0,0,"354934,8962","5646431,209",6.934723087,50.95121978,trocken,"5,20103E+18",Rad
217250,5,3,15,0,2020,Oktober,23,Samstag,Unfall mit Leichtverletzten,Zusammenstoß mit entgegenkommendem Fahrzeug,Unfall im Längsverkehr,Dunkelheit,1,0,0,0,0,0,"360052,5528","5638684,785",7.010506592,50.88286651,nass/feucht,"5,20102E+18",Rad
217258,5,3,15,0,2020,Oktober,11,Montag,Unfall mit Leichtverletzten,Zusammenstoß zwischen Fahrzeug und Fußgänger,Unfall im Längsverkehr,Tageslicht,0,1,1,0,0,0,"360373,4625","5638911,398",7.014979143,50.88498077,trocken,"5,20103E+18","Fuss, PKW"
217274,5,3,15,0,2020,Oktober,17,Dienstag,Unfall mit Leichtverletzten,Zusammenstoß mit anfahrendem/ anhaltendem/ruhendem Fahrzeug,Unfall durch ruhenden Verkehr,Dunkelheit,0,1,0,0,0,0,"359137,8987","5638660,231",6.997521788,50.88242357,trocken,"5,20103E+18",PKW
217278,5,3,15,0,2020,Oktober,10,Dienstag,Unfall mit Schwerverletzten,Unfall anderer Art,Fahrunfall,Tageslicht,1,0,0,0,0,0,"356727,6478","5648579,995",6.959382833,50.97097903,nass/feucht,"5,20103E+18",Rad
217287,5,3,15,0,2020,Oktober,17,Samstag,Unfall mit Leichtverletzten,Zusammenstoß mit vorausfahrendem / wartendem Fahrzeug,Unfall im Längsverkehr,Tageslicht,0,1,0,1,0,0,"356655,2753","5646360,232",6.959227177,50.95101234,nass/feucht,"5,20102E+18","Krad, PKW"
217298,5,3,15,0,2020,Oktober,16,Samstag,Unfall mit Leichtverletzten,Zusammenstoß mit anfahrendem/ anhaltendem/ruhendem Fahrzeug,Abbiegeunfall,Tageslicht,0,1,0,0,0,0,"356230,8103","5645679,996",6.953456823,50.94479345,nass/feucht,"5,20102E+18",PKW
217321,5,3,15,0,2020,Oktober,0,Sonntag,Unfall mit Leichtverletzten,Zusammenstoß mit einbiegendem / kreuzendem Fahrzeug,Abbiegeunfall,Dunkelheit,0,1,0,0,0,1,"357438,0766","5648844,581",6.969390875,50.97353311,nass/feucht,"5,20102E+18","PKW, Sonstige"
217324,5,3,15,0,2020,Oktober,9,Dienstag,Unfall mit Leichtverletzten,Zusammenstoß mit einbiegendem / kreuzendem Fahrzeug,Einbiegen / Kreuzen-Unfall,Tageslicht,1,1,0,0,0,0,"351476,0362","5644621,842",6.886252821,50.93407909,trocken,"5,20103E+18","Rad, PKW"
217334,5,3,15,0,2020,Oktober,20,Samstag,Unfall mit Leichtverletzten,Unfall anderer Art,Fahrunfall,Dunkelheit,0,0,0,1,0,0,"356804,2875","5641660,741",6.963193291,50.90881545,nass/feucht,"5,20102E+18",Krad
217369,5,3,15,0,2020,Oktober,16,Samstag,Unfall mit Schwerverletzten,Zusammenstoß mit einbiegendem / kreuzendem Fahrzeug,Einbiegen / Kreuzen-Unfall,Tageslicht,0,1,0,0,0,0,"357109,8395","5648932,225",6.964684274,50.97423941,trocken,"5,20103E+18",PKW
217408,5,3,15,0,2020,Oktober,8,Samstag,Unfall mit Leichtverletzten,Unfall anderer Art,Sonstiger Unfall,Dämmerung,0,1,0,0,0,0,"361783,2249","5647976,467",7.031572096,50.96679037,trocken,"5,20103E+18",PKW
217418,5,3,15,0,2020,Oktober,17,Samstag,Unfall mit Schwerverletzten,Zusammenstoß zwischen Fahrzeug und Fußgänger,Sonstiger Unfall,Dunkelheit,0,1,1,0,0,0,"351649,2904","5646063,063",6.888129847,50.94707518,trocken,"5,20103E+18","Fuss, PKW"
217448,5,3,15,0,2020,Oktober,8,Donnerstag,Unfall mit Leichtverletzten,Zusammenstoß mit einbiegendem / kreuzendem Fahrzeug,Abbiegeunfall,Tageslicht,1,1,0,0,0,0,"351780,2129","5650385,516",6.888231055,50.98595234,trocken,"5,20103E+18","Rad, PKW"
217450,5,3,15,0,2020,Oktober,16,Donnerstag,Unfall mit Leichtverletzten,Zusammenstoß mit einbiegendem / kreuzendem Fahrzeug,Abbiegeunfall,Tageslicht,1,1,0,0,0,0,"356946,644","5640713,422",6.965588022,50.90033722,trocken,"5,20103E+18","Rad, PKW"
217453,5,3,15,0,2020,Oktober,18,Donnerstag,Unfall mit Leichtverletzten,Zusammenstoß mit anfahrendem/ anhaltendem/ruhendem Fahrzeug,Unfall durch ruhenden Verkehr,Dunkelheit,0,1,0,0,0,0,"354068,6394","5636629,18",6.926317835,50.86291285,nass/feucht,"5,20103E+18",PKW
217454,5,3,15,0,2020,Oktober,9,Donnerstag,Unfall mit Schwerverletzten,Unfall anderer Art,Fahrunfall,Tageslicht,1,0,0,0,0,0,"354793,6464","5643780,626",6.933769928,50.92736412,nass/feucht,"5,20103E+18",Rad
217456,5,3,15,0,2020,Oktober,21,Donnerstag,Unfall mit Leichtverletzten,Unfall anderer Art,Fahrunfall,Dunkelheit,1,0,0,0,0,0,"355135,0436","5644048,051",6.938518244,50.92985325,nass/feucht,"5,20103E+18",Rad
217457,5,3,15,0,2020,Oktober,13,Donnerstag,Unfall mit Leichtverletzten,Unfall anderer Art,Fahrunfall,Tageslicht,1,0,0,0,0,0,"356009,712","5645946,706",6.950206209,50.94713515,nass/feucht,"5,20103E+18",Rad
217476,5,3,15,0,2020,Oktober,14,Samstag,Unfall mit Leichtverletzten,Zusammenstoß zwischen Fahrzeug und Fußgänger,Sonstiger Unfall,Tageslicht,0,1,1,0,0,0,"358196,6596","5652361,295",6.978816006,51.00532481,trocken,"5,20103E+18","Fuss, PKW"
217527,5,3,15,0,2020,Oktober,8,Samstag,Unfall mit Leichtverletzten,Zusammenstoß mit einbiegendem / kreuzendem Fahrzeug,Sonstiger Unfall,Tageslicht,1,1,0,0,0,0,"352041,5835","5645981,311",6.893743572,50.94644134,nass/feucht,"5,20103E+18","Rad, PKW"
217528,5,3,15,0,2020,Oktober,18,Freitag,Unfall mit Leichtverletzten,Zusammenstoß mit seitlich in gleicher Richtung fahrendem Fahrzeug,Unfall im Längsverkehr,Dunkelheit,1,1,0,0,0,0,"361180,7935","5645534,708",7.023929212,50.94470091,nass/feucht,"5,20103E+18","Rad, PKW"
217534,5,3,15,0,2020,Oktober,15,Freitag,Unfall mit Leichtverletzten,Zusammenstoß mit einbiegendem / kreuzendem Fahrzeug,Unfall durch ruhenden Verkehr,Tageslicht,1,1,0,0,0,0,"359591,1994","5645108,058",7.001480671,50.94048161,trocken,"5,20103E+18","Rad, PKW"
217547,5,3,15,0,2020,Oktober,13,Freitag,Unfall mit Leichtverletzten,Zusammenstoß mit vorausfahrendem / wartendem Fahrzeug,Unfall im Längsverkehr,Tageslicht,0,1,0,0,0,0,"356096,6099","5651066,59",6.949416595,50.99316816,trocken,"5,20103E+18",PKW
217553,5,3,15,0,2020,Oktober,13,Freitag,Unfall mit Leichtverletzten,Zusammenstoß mit einbiegendem / kreuzendem Fahrzeug,Einbiegen / Kreuzen-Unfall,Tageslicht,0,1,0,0,0,0,"351395,5345","5645889,753",6.884590813,50.94545238,nass/feucht,"5,20103E+18",PKW
217554,5,3,15,0,2020,Oktober,9,Freitag,Unfall mit Leichtverletzten,Unfall anderer Art,Einbiegen / Kreuzen-Unfall,Tageslicht,0,1,0,1,0,0,"352537,492","5647884,199",6.900027103,50.96366875,trocken,"5,20103E+18","Krad, PKW"
217556,5,3,15,0,2020,Oktober,8,Freitag,Unfall mit Leichtverletzten,Zusammenstoß mit einbiegendem / kreuzendem Fahrzeug,Einbiegen / Kreuzen-Unfall,Tageslicht,0,1,0,0,0,0,"353334,0557","5648155,714",6.911253202,50.96631207,nass/feucht,"5,20103E+18",PKW
217559,5,3,15,0,2020,Oktober,1,Freitag,Unfall mit Leichtverletzten,Unfall anderer Art,Sonstiger Unfall,Dunkelheit,1,0,0,0,0,0,"355246,0804","5642065,889",6.940883963,50.91206781,nass/feucht,"5,20103E+18",Rad
217564,5,3,15,0,2020,Oktober,15,Freitag,Unfall mit Leichtverletzten,Unfall anderer Art,Einbiegen / Kreuzen-Unfall,Tageslicht,0,1,0,1,0,0,"355867,6807","5644468,732",6.948770425,50.93381736,nass/feucht,"5,20103E+18","Krad, PKW"
217566,5,3,15,0,2020,Oktober,11,Samstag,Unfall mit Leichtverletzten,Zusammenstoß mit einbiegendem / kreuzendem Fahrzeug,Einbiegen / Kreuzen-Unfall,Tageslicht,1,0,0,0,0,0,"359972,5375","5647206,354",7.006097998,50.959432,trocken,"5,20103E+18",Rad
217579,5,3,15,0,2020,Oktober,19,Samstag,Unfall mit Leichtverletzten,Zusammenstoß mit seitlich in gleicher Richtung fahrendem Fahrzeug,Unfall durch ruhenden Verkehr,Dunkelheit,1,1,0,0,0,0,"356610,8141","5642896,76",6.959957434,50.91987544,trocken,"5,20103E+18","Rad, PKW"
217602,5,3,15,0,2020,November,14,Montag,Unfall mit Leichtverletzten,Zusammenstoß mit anfahrendem/ anhaltendem/ruhendem Fahrzeug,Unfall im Längsverkehr,Tageslicht,0,1,0,0,0,0,"363626,816","5648732,763",7.057527938,50.97402688,nass/feucht,"5,2011E+18",PKW
217625,5,3,15,0,2020,November,15,Dienstag,Unfall mit Leichtverletzten,Unfall anderer Art,Fahrunfall,Tageslicht,1,0,0,0,0,0,"349173,0985","5645593,372",6.853100369,50.94221188,nass/feucht,"5,2011E+18",Rad
217626,5,3,15,0,2020,November,0,Montag,Unfall mit Leichtverletzten,Zusammenstoß mit entgegenkommendem Fahrzeug,Unfall im Längsverkehr,Dunkelheit,0,1,0,0,0,0,"355488,3165","5647159,076",6.942307672,50.95789997,nass/feucht,"5,2011E+18",PKW
217633,5,3,15,0,2020,November,12,Donnerstag,Unfall mit Leichtverletzten,Zusammenstoß mit vorausfahrendem / wartendem Fahrzeug,Unfall im Längsverkehr,Tageslicht,0,1,0,0,0,0,"356851,4174","5641302,696",6.964003633,50.90560941,trocken,"5,2011E+18",PKW
217642,5,3,15,0,2020,November,15,Montag,Unfall mit Leichtverletzten,Zusammenstoß mit einbiegendem / kreuzendem Fahrzeug,Abbiegeunfall,Tageslicht,1,1,0,0,0,0,"353798,763","5643166,033",6.919869482,50.92158968,trocken,"5,2011E+18","Rad, PKW"
217667,5,3,15,0,2020,Oktober,14,Sonntag,Unfall mit Leichtverletzten,Zusammenstoß mit einbiegendem / kreuzendem Fahrzeug,Abbiegeunfall,Tageslicht,1,1,0,0,0,0,"358680,9925","5641894,963",6.989779045,50.91138292,trocken,"5,20103E+18","Rad, PKW"
217671,5,3,15,0,2020,Oktober,23,Sonntag,Unfall mit Schwerverletzten,Unfall anderer Art,Sonstiger Unfall,Dunkelheit,1,1,0,0,0,0,"359431,2366","5644993,392",6.999249555,50.93941211,nass/feucht,"5,20103E+18","Rad, PKW"
217679,5,3,15,0,2020,Oktober,13,Sonntag,Unfall mit Leichtverletzten,Unfall anderer Art,Fahrunfall,Tageslicht,1,0,0,0,0,0,"356229,9984","5649042,811",6.952116699,50.97501425,trocken,"5,20103E+18",Rad
217680,5,3,15,0,2020,November,10,Dienstag,Unfall mit Leichtverletzten,Zusammenstoß mit entgegenkommendem Fahrzeug,Einbiegen / Kreuzen-Unfall,Tageslicht,0,1,0,0,0,1,"359262,793","5642214,08",6.997926486,50.91439303,trocken,"5,2011E+18","PKW, Sonstige"
217682,5,3,15,0,2020,November,10,Donnerstag,Unfall mit Leichtverletzten,Zusammenstoß mit seitlich in gleicher Richtung fahrendem Fahrzeug,Unfall im Längsverkehr,Tageslicht,0,1,0,0,0,0,"356951,8056","5640672,693",6.965677333,50.89997246,trocken,"5,2011E+18",PKW
217683,5,3,15,0,2020,Oktober,12,Sonntag,Unfall mit Leichtverletzten,Aufprall auf Fahrbahnhindernis,Sonstiger Unfall,Tageslicht,1,0,0,0,0,1,"355982,585","5656170,314",6.945766558,51.03900525,trocken,"5,20103E+18","Rad, Sonstige"
217688,5,3,15,0,2020,Oktober,21,Sonntag,Unfall mit Leichtverletzten,Zusammenstoß mit entgegenkommendem Fahrzeug,Abbiegeunfall,Dunkelheit,0,1,0,0,0,0,"353386,6021","5648040,12",6.912047599,50.96528666,nass/feucht,"5,20103E+18",PKW
217692,5,3,15,0,2020,Oktober,1,Sonntag,Unfall mit Leichtverletzten,Abkommen von Fahrbahn nach links,Fahrunfall,Dunkelheit,0,1,0,0,0,0,"357582,5637","5640617,306",6.974663095,50.89963061,trocken,"5,20103E+18",PKW
217693,5,3,15,0,2020,November,17,Dienstag,Unfall mit Leichtverletzten,Zusammenstoß zwischen Fahrzeug und Fußgänger,Sonstiger Unfall,Dunkelheit,0,1,1,0,0,0,"353452,2109","5648770,991",6.912686811,50.97187138,nass/feucht,"5,2011E+18","Fuss, PKW"
217701,5,3,15,0,2020,Oktober,1,Sonntag,Unfall mit Leichtverletzten,Abkommen von Fahrbahn nach rechts,Fahrunfall,Dunkelheit,0,1,0,0,0,1,"356845,095","5645344,731",6.962326956,50.94193332,trocken,"5,20103E+18","PKW, Sonstige"
217706,5,3,15,0,2020,November,17,Mittwoch,Unfall mit Leichtverletzten,Unfall anderer Art,Sonstiger Unfall,Dämmerung,0,1,0,0,0,1,"355970,727","5649631,082",6.948193058,50.98023612,nass/feucht,"5,2011E+18","PKW, Sonstige"
217722,5,3,15,0,2020,November,14,Donnerstag,Unfall mit Leichtverletzten,Unfall anderer Art,Einbiegen / Kreuzen-Unfall,Tageslicht,0,1,0,0,0,0,"353453,7334","5648769,049",6.912709263,50.97185432,trocken,"5,2011E+18",PKW
217734,5,3,15,0,2020,November,18,Dienstag,Unfall mit Leichtverletzten,Zusammenstoß mit seitlich in gleicher Richtung fahrendem Fahrzeug,Abbiegeunfall,Dämmerung,1,1,0,0,0,0,"356242,3469","5647487,131",6.95290732,50.96103675,nass/feucht,"5,2011E+18","Rad, PKW"
217746,5,3,15,0,2020,November,19,Dienstag,Unfall mit Leichtverletzten,Zusammenstoß zwischen Fahrzeug und Fußgänger,Abbiegeunfall,Dunkelheit,0,1,1,0,0,0,"356171,3138","5645434,497",6.952707414,50.94257235,nass/feucht,"5,2011E+18","Fuss, PKW"
217783,5,3,15,0,2020,November,18,Dienstag,Unfall mit Schwerverletzten,Unfall anderer Art,Sonstiger Unfall,Dunkelheit,0,1,0,0,0,1,"349587,6403","5645489,467",6.859039529,50.94138645,nass/feucht,"5,2011E+18","PKW, Sonstige"
217787,5,3,15,0,2020,November,13,Dienstag,Unfall mit Leichtverletzten,Zusammenstoß mit seitlich in gleicher Richtung fahrendem Fahrzeug,Unfall im Längsverkehr,Tageslicht,0,1,0,0,1,0,"363561,159","5643162,925",7.058680353,50.92395293,trocken,"5,2011E+18","PKW, Gkfz"
217789,5,3,15,0,2020,November,16,Donnerstag,Unfall mit Leichtverletzten,Zusammenstoß mit entgegenkommendem Fahrzeug,Unfall im Längsverkehr,Tageslicht,1,1,0,0,0,0,"358877,8204","5639983,476",6.993315899,50.8942523,trocken,"5,2011E+18","Rad, PKW"
217812,5,3,15,0,2020,November,10,Mittwoch,Unfall mit Leichtverletzten,Zusammenstoß zwischen Fahrzeug und Fußgänger,Überschreiten-Unfall,Tageslicht,0,0,1,0,0,1,"362387,7874","5649376,919",7.039646634,50.97952136,trocken,"5,2011E+18","Fuss, Sonstige"
217826,5,3,15,0,2020,November,11,Donnerstag,Unfall mit Leichtverletzten,Zusammenstoß mit anfahrendem/ anhaltendem/ruhendem Fahrzeug,Unfall durch ruhenden Verkehr,Tageslicht,1,1,0,0,0,0,"357519,5692","5644760,591",6.97214945,50.93685075,trocken,"5,2011E+18","Rad, PKW"
217838,5,3,15,0,2020,November,19,Dienstag,Unfall mit Schwerverletzten,Zusammenstoß zwischen Fahrzeug und Fußgänger,Überschreiten-Unfall,Dunkelheit,0,1,1,0,0,0,"359274,2739","5643931,482",6.997426988,50.92983033,nass/feucht,"5,2011E+18","Fuss, PKW"
217847,5,3,15,0,2020,November,18,Dienstag,Unfall mit Leichtverletzten,Zusammenstoß mit einbiegendem / kreuzendem Fahrzeug,Einbiegen / Kreuzen-Unfall,Dunkelheit,1,1,0,0,0,0,"352761,5934","5643507,457",6.904985437,50.92439419,nass/feucht,"5,2011E+18","Rad, PKW"
217870,5,3,15,0,2020,November,9,Dienstag,Unfall mit Schwerverletzten,Unfall anderer Art,Sonstiger Unfall,Tageslicht,0,0,0,1,0,0,"355249,8432","5642869,579",6.940618573,50.91929137,nass/feucht,"5,20111E+18",Krad
217922,5,3,15,0,2020,November,16,Dienstag,Unfall mit Leichtverletzten,Unfall anderer Art,Sonstiger Unfall,Tageslicht,0,1,0,0,0,0,"362329,7571","5651944,805",7.037847267,51.00258569,trocken,"5,20111E+18",PKW
217925,5,3,15,0,2020,November,5,Samstag,Unfall mit Leichtverletzten,Zusammenstoß zwischen Fahrzeug und Fußgänger,Abbiegeunfall,Dunkelheit,0,1,1,0,0,0,"361085,6332","5645214,11",7.02269775,50.9417967,trocken,"5,20111E+18","Fuss, PKW"
217926,5,3,15,0,2020,November,12,Samstag,Unfall mit Leichtverletzten,Unfall anderer Art,Sonstiger Unfall,Tageslicht,1,1,0,0,0,0,"354202,3798","5643100,591",6.925634218,50.9211037,trocken,"5,20111E+18","Rad, PKW"
217928,5,3,15,0,2020,November,22,Samstag,Unfall mit Leichtverletzten,Abkommen von Fahrbahn nach links,Sonstiger Unfall,Dunkelheit,0,0,0,1,0,0,"354646,3037","5641336,918",6.932648422,50.90536598,trocken,"5,20111E+18",Krad
217934,5,3,15,0,2020,November,14,Dienstag,Unfall mit Schwerverletzten,Zusammenstoß mit entgegenkommendem Fahrzeug,Unfall im Längsverkehr,Tageslicht,1,0,0,0,0,0,"355695,8009","5645262,992",6.94601143,50.94091225,trocken,"5,20111E+18",Rad
217971,5,3,15,0,2020,November,18,Dienstag,Unfall mit Leichtverletzten,Zusammenstoß mit entgegenkommendem Fahrzeug,Einbiegen / Kreuzen-Unfall,Dunkelheit,0,1,0,0,0,0,"351790,4809","5650568,905",6.888302438,50.98760299,trocken,"5,20111E+18",PKW
218022,5,3,15,0,2020,November,12,Dienstag,Unfall mit Leichtverletzten,Unfall anderer Art,Fahrunfall,Tageslicht,1,0,0,0,0,0,"354044,454","5642923,901",6.923459579,50.91947592,nass/feucht,"5,20111E+18",Rad
218025,5,3,15,0,2020,November,18,Freitag,Unfall mit Leichtverletzten,Zusammenstoß mit einbiegendem / kreuzendem Fahrzeug,Einbiegen / Kreuzen-Unfall,Dunkelheit,0,1,0,0,0,0,"365073,7957","5640143,311",7.081306395,50.89716963,trocken,"5,20111E+18",PKW
218026,5,3,15,0,2020,November,9,Freitag,Unfall mit Leichtverletzten,Unfall anderer Art,Sonstiger Unfall,Tageslicht,0,0,0,0,0,1,"359981,2621","5643756,866",7.00754821,50.92843308,trocken,"5,20111E+18",Sonstige
218028,5,3,15,0,2020,November,6,Freitag,Unfall mit Leichtverletzten,Unfall anderer Art,Fahrunfall,Dunkelheit,0,1,0,0,0,0,"366079,2678","5648244,74",7.092618998,50.97021627,trocken,"5,20111E+18",PKW
218030,5,3,15,0,2020,November,8,Freitag,Unfall mit Leichtverletzten,Zusammenstoß mit einbiegendem / kreuzendem Fahrzeug,Abbiegeunfall,Tageslicht,0,1,0,0,0,0,"364892,5647","5648469,498",7.075643896,50.97195914,trocken,"5,20111E+18",PKW
218031,5,3,15,0,2020,November,10,Freitag,Unfall mit Leichtverletzten,Zusammenstoß mit anfahrendem/ anhaltendem/ruhendem Fahrzeug,Sonstiger Unfall,Tageslicht,0,1,0,1,0,0,"360208,0077","5646830,097",7.009593299,50.9561077,trocken,"5,20111E+18","Krad, PKW"
218033,5,3,15,0,2020,November,7,Freitag,Unfall mit Leichtverletzten,Unfall anderer Art,Überschreiten-Unfall,Tageslicht,0,1,1,0,0,0,"349925,2416","5659428,148",6.858078536,51.06673049,trocken,"5,20111E+18","Fuss, PKW"
218034,5,3,15,0,2020,November,10,Freitag,Unfall mit Schwerverletzten,Zusammenstoß mit anfahrendem/ anhaltendem/ruhendem Fahrzeug,Unfall durch ruhenden Verkehr,Tageslicht,1,1,0,0,0,0,"351476,776","5646054,061",6.885679449,50.94694987,trocken,"5,20111E+18","Rad, PKW"
218036,5,3,15,0,2020,November,14,Freitag,Unfall mit Leichtverletzten,Zusammenstoß mit einbiegendem / kreuzendem Fahrzeug,Einbiegen / Kreuzen-Unfall,Tageslicht,0,1,0,1,0,0,"352466,5099","5645456,77",6.900000711,50.94183643,trocken,"5,20111E+18","Krad, PKW"
218037,5,3,15,0,2020,November,16,Freitag,Unfall mit Leichtverletzten,Unfall anderer Art,Fahrunfall,Tageslicht,1,0,0,0,0,0,"359441,1179","5638497,702",7.001892009,50.88103672,nass/feucht,"5,20111E+18",Rad
218039,5,3,15,0,2020,November,9,Freitag,Unfall mit Leichtverletzten,Zusammenstoß zwischen Fahrzeug und Fußgänger,Einbiegen / Kreuzen-Unfall,Tageslicht,0,1,1,0,0,0,"358126,414","5644691,847",6.980807378,50.93638256,trocken,"5,20111E+18","Fuss, PKW"