OBJECTID,ULAND,UREGBEZ,UKREIS,UGEMEINDE,UJAHR,UMONAT,USTUNDE,UWOCHENTAG,UKATEGORIE,UART,UTYP1,ULICHTVERH,IstRad,IstPKW,IstFuss,IstKrad,IstGkfz,IstSonstige,LINREFX,LINREFY,XGCSWGS84,YGCSWGS84,USTRZUSTAND,UIDENTSTLAE,Participants
218062,5,3,15,0,2020,November,12,Sonntag,Unfall mit Leichtverletzten,Zusammenstoß mit einbiegendem / kreuzendem Fahrzeug,Abbiegeunfall,Tageslicht,1,1,0,0,0,0,"354121,6735","5648889,292",6.922167938,50.97310445,trocken,"5,20111E+18","Rad, PKW"
218068,5,3,15,0,2020,November,15,Sonntag,Unfall mit Schwerverletzten,Aufprall auf Fahrbahnhindernis,Fahrunfall,Tageslicht,0,0,0,0,0,1,"353682,6449","5642071,166",6.91865767,50.91172102,trocken,"5,20111E+18",Sonstige
218070,5,3,15,0,2020,November,11,Sonntag,Unfall mit Leichtverletzten,Unfall anderer Art,Fahrunfall,Tageslicht,1,0,0,0,0,0,"354042,923","5641767,802",6.923900302,50.90908599,trocken,"5,20111E+18",Rad
218071,5,3,15,0,2020,November,8,Sonntag,Unfall mit Schwerverletzten,Zusammenstoß mit einbiegendem / kreuzendem Fahrzeug,Einbiegen / Kreuzen-Unfall,Tageslicht,1,1,0,0,0,0,"357242,8409","5642720,605",6.969012368,50.91844906,trocken,"5,20111E+18","Rad, PKW"
218073,5,3,15,0,2020,November,15,Sonntag,Unfall mit Leichtverletzten,Zusammenstoß mit vorausfahrendem / wartendem Fahrzeug,Unfall im Längsverkehr,Tageslicht,0,1,0,0,0,0,"356221,487","5645676,107",6.953325732,50.94475618,trocken,"5,20111E+18",PKW
218076,5,3,15,0,2020,November,8,Dienstag,Unfall mit Leichtverletzten,Zusammenstoß mit anfahrendem/ anhaltendem/ruhendem Fahrzeug,Unfall durch ruhenden Verkehr,Dämmerung,1,0,0,0,0,1,"356592,1922","5647990,095",6.957687441,50.96564398,trocken,"5,20111E+18","Rad, Sonstige"
218116,5,3,15,0,2020,November,18,Donnerstag,Unfall mit Leichtverletzten,Unfall anderer Art,Fahrunfall,Dunkelheit,0,1,0,0,0,0,"359451,088","5645053,152",6.999508866,50.93995403,trocken,"5,20111E+18",PKW
218120,5,3,15,0,2020,November,8,Donnerstag,Unfall mit Leichtverletzten,Unfall anderer Art,Fahrunfall,Tageslicht,1,0,0,0,0,0,"359206,572","5646095,689",6.995627836,50.94926373,nass/feucht,"5,20111E+18",Rad
218122,5,3,15,0,2020,November,14,Donnerstag,Unfall mit Leichtverletzten,Unfall anderer Art,Sonstiger Unfall,Tageslicht,0,0,0,0,0,1,"358007,9046","5648482,709",6.977643212,50.97042176,trocken,"5,20111E+18",Sonstige
218126,5,3,15,0,2020,November,9,Donnerstag,Unfall mit Leichtverletzten,Zusammenstoß mit einbiegendem / kreuzendem Fahrzeug,Abbiegeunfall,Tageslicht,1,1,0,0,0,0,"358053,3955","5648377,002",6.978331952,50.96948299,nass/feucht,"5,20111E+18","Rad, PKW"
218131,5,3,15,0,2020,November,10,Samstag,Unfall mit Leichtverletzten,Zusammenstoß mit einbiegendem / kreuzendem Fahrzeug,Abbiegeunfall,Tageslicht,0,1,0,0,0,1,"357868,414","5647774,164",6.975934666,50.96401971,trocken,"5,20111E+18","PKW, Sonstige"
218134,5,3,15,0,2020,November,1,Donnerstag,Unfall mit Schwerverletzten,Unfall anderer Art,Fahrunfall,Dunkelheit,1,0,0,0,0,0,"353034,7074","5646029,058",6.907851769,50.94712446,trocken,"5,20111E+18",Rad
218137,5,3,15,0,2020,November,7,Donnerstag,Unfall mit Leichtverletzten,Zusammenstoß zwischen Fahrzeug und Fußgänger,Überschreiten-Unfall,Dämmerung,0,1,1,0,0,0,"354678,954","5646856,9",6.930911873,50.95498087,nass/feucht,"5,20111E+18","Fuss, PKW"
218141,5,3,15,0,2020,November,14,Freitag,Unfall mit Leichtverletzten,Unfall anderer Art,Fahrunfall,Tageslicht,0,0,0,1,0,0,"355866,5057","5649138,304",6.946904745,50.97578157,trocken,"5,20111E+18",Krad
218142,5,3,15,0,2020,November,18,Donnerstag,Unfall mit Leichtverletzten,Zusammenstoß mit einbiegendem / kreuzendem Fahrzeug,Einbiegen / Kreuzen-Unfall,Dunkelheit,0,1,0,1,0,0,"358924,1511","5639203,706",6.994275374,50.88725571,trocken,"5,20111E+18","Krad, PKW"
218146,5,3,15,0,2020,November,13,Donnerstag,Unfall mit Schwerverletzten,Unfall anderer Art,Einbiegen / Kreuzen-Unfall,Tageslicht,1,0,0,0,0,0,"357432,8086","5640785,319",6.972469232,50.9011036,nass/feucht,"5,20111E+18",Rad
218176,5,3,15,0,2020,November,16,Mittwoch,Unfall mit Leichtverletzten,Zusammenstoß zwischen Fahrzeug und Fußgänger,Überschreiten-Unfall,Tageslicht,0,1,1,0,0,0,"353389,3084","5648043,915",6.912084583,50.96532145,trocken,"5,20111E+18","Fuss, PKW"
218206,5,3,15,0,2020,November,16,Freitag,Unfall mit Leichtverletzten,Zusammenstoß mit einbiegendem / kreuzendem Fahrzeug,Einbiegen / Kreuzen-Unfall,Dunkelheit,0,1,0,0,0,1,"356768,8976","5641849,139",6.962616307,50.91049979,trocken,"5,20111E+18","PKW, Sonstige"
218213,5,3,15,0,2020,November,17,Mittwoch,Unfall mit Leichtverletzten,Unfall anderer Art,Fahrunfall,Dunkelheit,1,0,0,0,0,0,"363004,5637","5645963,686",7.049712746,50.94899256,trocken,"5,20111E+18",Rad
218219,5,3,15,0,2020,November,15,Samstag,Unfall mit Leichtverletzten,Zusammenstoß zwischen Fahrzeug und Fußgänger,Überschreiten-Unfall,Tageslicht,0,1,1,0,0,0,"364742,3488","5649107,183",7.073268416,50.97765504,trocken,"5,20111E+18","Fuss, PKW"
218228,5,3,15,0,2020,November,18,Mittwoch,Unfall mit Leichtverletzten,Unfall anderer Art,Fahrunfall,Dunkelheit,1,0,0,0,0,0,"355028,0464","5642804,173",6.937491217,50.9186479,trocken,"5,20111E+18",Rad
218249,5,3,15,0,2020,November,15,Freitag,Unfall mit Leichtverletzten,Abkommen von Fahrbahn nach links,Fahrunfall,Tageslicht,1,0,0,0,0,0,"366026,9724","5636360,768",7.09623913,50.86339514,trocken,"5,20111E+18",Rad
218267,5,3,15,0,2020,November,16,Mittwoch,Unfall mit Schwerverletzten,Zusammenstoß mit einbiegendem / kreuzendem Fahrzeug,Abbiegeunfall,Tageslicht,0,1,0,1,0,0,"353034,7633","5645718,65",6.907977823,50.94433496,trocken,"5,20111E+18","Krad, PKW"
218291,5,3,15,0,2020,November,13,Samstag,Unfall mit Leichtverletzten,Unfall anderer Art,Sonstiger Unfall,Tageslicht,1,1,0,0,0,0,"355927,1051","5646120,661",6.948962229,50.94867782,trocken,"5,20111E+18","Rad, PKW"
218301,5,3,15,0,2020,November,13,Freitag,Unfall mit Leichtverletzten,Unfall anderer Art,Sonstiger Unfall,Tageslicht,1,0,0,0,0,0,"351670,003","5646986,299",6.888048362,50.95537714,nass/feucht,"5,20111E+18",Rad
218327,5,3,15,0,2020,November,16,Samstag,Unfall mit Leichtverletzten,Zusammenstoß mit anfahrendem/ anhaltendem/ruhendem Fahrzeug,Unfall durch ruhenden Verkehr,Tageslicht,0,1,0,0,0,1,"358808,5222","5642206,193",6.991471494,50.91421119,nass/feucht,"5,20111E+18","PKW, Sonstige"
218334,5,3,15,0,2020,November,16,Mittwoch,Unfall mit Leichtverletzten,Zusammenstoß mit einbiegendem / kreuzendem Fahrzeug,Abbiegeunfall,Tageslicht,1,1,0,0,0,0,"354935,3811","5642880,725",6.936143342,50.91931256,trocken,"5,20111E+18","Rad, PKW"
218362,5,3,15,0,2020,November,20,Freitag,Unfall mit Leichtverletzten,Zusammenstoß mit einbiegendem / kreuzendem Fahrzeug,Einbiegen / Kreuzen-Unfall,Dunkelheit,1,1,0,0,0,0,"355652,241","5644793,058",6.945578017,50.93667815,trocken,"5,20111E+18","Rad, PKW"
218364,5,3,15,0,2020,November,15,Donnerstag,Unfall mit Leichtverletzten,Abkommen von Fahrbahn nach rechts,Sonstiger Unfall,Tageslicht,0,1,0,0,0,0,"363802,3044","5644739,584",7.061520253,50.93818007,trocken,"5,20111E+18",PKW
218370,5,3,15,0,2020,November,16,Mittwoch,Unfall mit Leichtverletzten,Zusammenstoß zwischen Fahrzeug und Fußgänger,Sonstiger Unfall,Dämmerung,0,1,1,0,0,0,"360201,8489","5647273,78",7.009335234,50.96009364,trocken,"5,20111E+18","Fuss, PKW"
218388,5,3,15,0,2020,November,14,Donnerstag,Unfall mit Leichtverletzten,Zusammenstoß mit einbiegendem / kreuzendem Fahrzeug,Einbiegen / Kreuzen-Unfall,Tageslicht,1,1,0,0,0,0,"365148,076","5637064,113",7.083498165,50.86951225,trocken,"5,20112E+18","Rad, PKW"
218394,5,3,15,0,2020,November,17,Sonntag,Unfall mit Schwerverletzten,Zusammenstoß zwischen Fahrzeug und Fußgänger,Überschreiten-Unfall,Dunkelheit,0,1,1,0,0,0,"361103,7826","5641002,089",7.024560213,50.90394652,trocken,"5,20111E+18","Fuss, PKW"
218396,5,3,15,0,2020,November,13,Sonntag,Unfall mit Leichtverletzten,Unfall anderer Art,Fahrunfall,Tageslicht,1,0,0,0,0,0,"359322,8026","5647728,442",6.99665037,50.96396577,trocken,"5,20111E+18",Rad
218398,5,3,15,0,2020,November,11,Donnerstag,Unfall mit Leichtverletzten,Zusammenstoß mit einbiegendem / kreuzendem Fahrzeug,Sonstiger Unfall,Tageslicht,0,1,0,1,0,0,"359980,1494","5646787,024",7.006367642,50.95566528,trocken,"5,20112E+18","Krad, PKW"
218400,5,3,15,0,2020,November,7,Mittwoch,Unfall mit Leichtverletzten,Unfall anderer Art,Einbiegen / Kreuzen-Unfall,Tageslicht,1,0,0,0,0,0,"361847,5791","5649561,584",7.03188576,50.98105163,trocken,"5,20112E+18",Rad
218402,5,3,15,0,2020,November,12,Sonntag,Unfall mit Leichtverletzten,Zusammenstoß mit anfahrendem/ anhaltendem/ruhendem Fahrzeug,Unfall durch ruhenden Verkehr,Tageslicht,0,1,0,0,0,0,"360066,5903","5647469,975",7.007335007,50.96182403,trocken,"5,20111E+18",PKW
218406,5,3,15,0,2020,November,15,Sonntag,Unfall mit Leichtverletzten,Zusammenstoß zwischen Fahrzeug und Fußgänger,Unfall im Längsverkehr,Tageslicht,1,0,1,0,0,0,"358134,0671","5648097,029",6.979589348,50.96698676,trocken,"5,20111E+18","Rad, Fuss"
218408,5,3,15,0,2020,November,11,Sonntag,Unfall mit Leichtverletzten,Unfall anderer Art,Sonstiger Unfall,Tageslicht,1,0,0,0,0,0,"354411,4789","5645428,329",6.927677374,50.94207523,trocken,"5,20111E+18",Rad
218410,5,3,15,0,2020,November,9,Dienstag,Unfall mit Leichtverletzten,Unfall anderer Art,Sonstiger Unfall,Tageslicht,1,0,0,0,0,0,"354776,394","5643772,15",6.93352798,50.9272836,nass/feucht,"5,20112E+18",Rad
218411,5,3,15,0,2020,November,0,Sonntag,Unfall mit Leichtverletzten,Unfall anderer Art,Fahrunfall,Dunkelheit,1,0,0,0,0,0,"354318,3717","5643431,023",6.927151361,50.92410251,trocken,"5,20111E+18",Rad
218417,5,3,15,0,2020,November,11,Sonntag,Unfall mit Leichtverletzten,Unfall anderer Art,Fahrunfall,Tageslicht,1,0,0,0,0,0,"355379,395","5640921,471",6.943232484,50.90181652,trocken,"5,20111E+18",Rad
218448,5,3,15,0,2020,November,6,Dienstag,Unfall mit Schwerverletzten,Zusammenstoß zwischen Fahrzeug und Fußgänger,Überschreiten-Unfall,Dunkelheit,0,0,1,0,0,1,"353902,7969","5646757,701",6.919908492,50.95389317,trocken,"5,20112E+18","Fuss, Sonstige"
218451,5,3,15,0,2020,November,15,Donnerstag,Unfall mit Leichtverletzten,Zusammenstoß zwischen Fahrzeug und Fußgänger,Abbiegeunfall,Tageslicht,0,1,1,0,0,0,"357781,446","5649012,677",6.974212703,50.97512867,trocken,"5,20112E+18","Fuss, PKW"
218453,5,3,15,0,2020,November,7,Mittwoch,Unfall mit Leichtverletzten,Aufprall auf Fahrbahnhindernis,Überschreiten-Unfall,Tageslicht,0,1,1,0,0,0,"352677,889","5654963,127",6.899153387,51.02731921,trocken,"5,20112E+18","Fuss, PKW"
218455,5,3,15,0,2020,November,12,Donnerstag,Unfall mit Leichtverletzten,Zusammenstoß zwischen Fahrzeug und Fußgänger,Überschreiten-Unfall,Tageslicht,0,0,1,1,0,0,"363917,8631","5640147,844",7.064876954,50.89693913,trocken,"5,20112E+18","Fuss, Krad"
218461,5,3,15,0,2020,November,9,Dienstag,Unfall mit Leichtverletzten,Zusammenstoß mit einbiegendem / kreuzendem Fahrzeug,Einbiegen / Kreuzen-Unfall,Tageslicht,1,0,0,0,0,0,"355888,644","5644648,418",6.948997506,50.93543741,nass/feucht,"5,20112E+18",Rad
218508,5,3,15,0,2020,November,8,Donnerstag,Unfall mit Leichtverletzten,Zusammenstoß mit einbiegendem / kreuzendem Fahrzeug,Einbiegen / Kreuzen-Unfall,Tageslicht,0,1,0,0,0,0,"363122,5891","5641702,061",7.052992169,50.91071964,trocken,"5,20112E+18",PKW
218519,5,3,15,0,2020,November,20,Montag,Unfall mit Leichtverletzten,Unfall anderer Art,Einbiegen / Kreuzen-Unfall,Dunkelheit,1,1,0,0,0,0,"356402,1952","5645425,944",6.95599497,50.94255304,nass/feucht,"5,20112E+18","Rad, PKW"
218520,5,3,15,0,2020,November,20,Dienstag,Unfall mit Leichtverletzten,Unfall anderer Art,Fahrunfall,Dunkelheit,1,0,0,0,0,0,"354777,0019","5643772,463",6.933536499,50.92728657,nass/feucht,"5,20112E+18",Rad
218523,5,3,15,0,2020,November,8,Donnerstag,Unfall mit Leichtverletzten,Unfall anderer Art,Fahrunfall,Tageslicht,1,0,0,0,0,0,"354186,9416","5646579,899",6.924022438,50.95236728,trocken,"5,20112E+18",Rad
218525,5,3,15,0,2020,November,7,Mittwoch,Unfall mit Leichtverletzten,Zusammenstoß zwischen Fahrzeug und Fußgänger,Überschreiten-Unfall,Dämmerung,0,1,1,0,0,0,"356427,792","5642713,596",6.957427386,50.91818386,trocken,"5,20112E+18","Fuss, PKW"
218549,5,3,15,0,2020,November,10,Donnerstag,Unfall mit Leichtverletzten,Zusammenstoß mit vorausfahrendem / wartendem Fahrzeug,Abbiegeunfall,Tageslicht,0,1,0,0,0,0,"359356,5164","5643120,655",6.998909336,50.92256339,trocken,"5,20112E+18",PKW
218563,5,3,15,0,2020,November,9,Donnerstag,Unfall mit Leichtverletzten,Zusammenstoß mit vorausfahrendem / wartendem Fahrzeug,Unfall im Längsverkehr,Tageslicht,0,1,0,0,0,0,"357352,6381","5649699,884",6.967839125,50.98119846,trocken,"5,20112E+18",PKW
218565,5,3,15,0,2020,November,5,Mittwoch,Unfall mit Schwerverletzten,Abkommen von Fahrbahn nach rechts,Fahrunfall,Dunkelheit,0,0,0,1,0,0,"358777,6096","5648111,639",6.988742756,50.96727618,nass/feucht,"5,20112E+18",Krad
218572,5,3,15,0,2020,November,14,Dienstag,Unfall mit Leichtverletzten,Zusammenstoß mit vorausfahrendem / wartendem Fahrzeug,Sonstiger Unfall,Tageslicht,0,1,0,1,0,0,"354923,3432","5644462,79",6.935342682,50.9335272,trocken,"5,20112E+18","Krad, PKW"
218611,5,3,15,0,2020,November,15,Dienstag,Unfall mit Leichtverletzten,Zusammenstoß mit vorausfahrendem / wartendem Fahrzeug,Unfall im Längsverkehr,Tageslicht,0,1,0,0,0,0,"351218,2125","5646125,649",6.881972077,50.94752651,trocken,"5,20112E+18",PKW
218614,5,3,15,0,2020,November,9,Donnerstag,Unfall mit Leichtverletzten,Zusammenstoß mit einbiegendem / kreuzendem Fahrzeug,Einbiegen / Kreuzen-Unfall,Tageslicht,1,1,0,0,0,0,"353106,981","5653222,219",6.905973082,51.01178442,trocken,"5,20112E+18","Rad, PKW"
218618,5,3,15,0,2020,November,13,Donnerstag,Unfall mit Schwerverletzten,Unfall anderer Art,Überschreiten-Unfall,Tageslicht,1,0,1,0,0,0,"362719,4004","5643648,851",7.04652785,50.92812045,trocken,"5,20112E+18","Rad, Fuss"
218630,5,3,15,0,2020,November,16,Mittwoch,Unfall mit Leichtverletzten,Zusammenstoß mit einbiegendem / kreuzendem Fahrzeug,Einbiegen / Kreuzen-Unfall,Tageslicht,0,1,0,0,0,0,"352877,661","5647322,396",6.905095035,50.95870705,trocken,"5,20112E+18",PKW
218662,5,3,15,0,2020,November,22,Dienstag,Unfall mit Leichtverletzten,Zusammenstoß mit vorausfahrendem / wartendem Fahrzeug,Unfall im Längsverkehr,Dunkelheit,1,0,0,0,1,0,"354408,1954","5654960,176",6.923811692,51.02773354,trocken,"5,20112E+18","Rad, Gkfz"
218675,5,3,15,0,2020,November,7,Samstag,Unfall mit Leichtverletzten,Unfall anderer Art,Einbiegen / Kreuzen-Unfall,Tageslicht,1,1,0,0,0,0,"353680,1278","5648396,628",6.916081397,50.96856508,trocken,"5,20112E+18","Rad, PKW"
218678,5,3,15,0,2020,November,4,Samstag,Unfall mit Schwerverletzten,Unfall anderer Art,Fahrunfall,Dunkelheit,1,0,0,0,0,0,"356356,509","5642568,397",6.956471123,50.91686122,nass/feucht,"5,20112E+18",Rad
218679,5,3,15,0,2020,November,13,Sonntag,Unfall mit Leichtverletzten,Zusammenstoß mit einbiegendem / kreuzendem Fahrzeug,Einbiegen / Kreuzen-Unfall,Tageslicht,1,1,0,0,0,0,"357440,6581","5648985,748",6.969372273,50.9748024,trocken,"5,20112E+18","Rad, PKW"
218684,5,3,15,0,2020,November,16,Samstag,Unfall mit Leichtverletzten,Zusammenstoß mit einbiegendem / kreuzendem Fahrzeug,Einbiegen / Kreuzen-Unfall,Tageslicht,1,1,0,0,0,0,"356639,6227","5642727,126",6.960433698,50.91835811,trocken,"5,20112E+18","Rad, PKW"
218719,5,3,15,0,2020,November,9,Freitag,Unfall mit Leichtverletzten,Zusammenstoß mit einbiegendem / kreuzendem Fahrzeug,Einbiegen / Kreuzen-Unfall,Tageslicht,1,1,0,0,0,0,"359615,1469","5645702,811",7.001592084,50.94583255,trocken,"5,20112E+18","Rad, PKW"
218722,5,3,15,0,2020,November,13,Freitag,Unfall mit Leichtverletzten,Zusammenstoß mit vorausfahrendem / wartendem Fahrzeug,Unfall im Längsverkehr,Tageslicht,0,1,0,0,0,0,"359563,1096","5637262,462",7.004099468,50.869965,nass/feucht,"5,20112E+18",PKW
218724,5,3,15,0,2020,November,11,Sonntag,Unfall mit Leichtverletzten,Unfall anderer Art,Sonstiger Unfall,Tageslicht,0,0,0,0,0,1,"355347,1995","5641918,644",6.942379753,50.9107699,trocken,"5,20112E+18",Sonstige
218727,5,3,15,0,2020,November,14,Freitag,Unfall mit Leichtverletzten,Zusammenstoß mit einbiegendem / kreuzendem Fahrzeug,Einbiegen / Kreuzen-Unfall,Tageslicht,0,1,0,0,0,1,"355532,1364","5640967,606",6.945384996,50.90226937,nass/feucht,"5,20112E+18","PKW, Sonstige"
218730,5,3,15,0,2020,November,14,Sonntag,Unfall mit Schwerverletzten,Zusammenstoß mit vorausfahrendem / wartendem Fahrzeug,Unfall im Längsverkehr,Tageslicht,0,0,0,1,0,0,"362136,4497","5646464,033",7.037172414,50.95328235,trocken,"5,20112E+18",Krad
218732,5,3,15,0,2020,November,11,Freitag,Unfall mit Leichtverletzten,Unfall anderer Art,Unfall durch ruhenden Verkehr,Tageslicht,0,0,0,0,0,1,"360089,7502","5638655,682",7.011046191,50.88261396,trocken,"5,20112E+18",Sonstige
218737,5,3,15,0,2020,November,2,Montag,Unfall mit Leichtverletzten,Unfall anderer Art,Fahrunfall,Dunkelheit,0,0,0,0,0,1,"359762,8293","5645296,712",7.003849367,50.94221883,trocken,"5,20112E+18",Sonstige
218741,5,3,15,0,2020,November,18,Freitag,Unfall mit Leichtverletzten,Unfall anderer Art,Abbiegeunfall,Dunkelheit,0,1,1,0,0,0,"356662,6738","5645575,663",6.959641251,50.94396336,nass/feucht,"5,20112E+18","Fuss, PKW"
218745,5,3,15,0,2020,November,11,Montag,Unfall mit Leichtverletzten,Unfall anderer Art,Fahrunfall,Tageslicht,1,0,0,0,0,0,"355805,8653","5649740,239",6.945802787,50.98117583,trocken,"5,20112E+18",Rad
218765,5,3,15,0,2020,November,15,Dienstag,Unfall mit Leichtverletzten,Zusammenstoß mit entgegenkommendem Fahrzeug,Abbiegeunfall,Tageslicht,1,1,0,0,0,0,"356791,261","5649205,287",6.960041986,50.97661424,trocken,"5,20112E+18","Rad, PKW"
218816,5,3,15,0,2020,November,17,Dienstag,Unfall mit Leichtverletzten,Unfall anderer Art,Sonstiger Unfall,Dunkelheit,1,0,0,0,0,0,"353021,8706","5642936,585",6.90891628,50.91933035,trocken,"5,20112E+18",Rad
218832,5,3,15,0,2020,November,1,Sonntag,Unfall mit Schwerverletzten,Zusammenstoß mit anfahrendem/ anhaltendem/ruhendem Fahrzeug,Fahrunfall,Dunkelheit,0,1,0,0,0,1,"352846,3089","5643282,881",6.906280593,50.92239763,trocken,"5,20112E+18","PKW, Sonstige"
218842,5,3,15,0,2020,November,8,Dienstag,Unfall mit Leichtverletzten,Abkommen von Fahrbahn nach rechts,Fahrunfall,Tageslicht,0,1,0,0,0,0,"361939,6526","5646213,886",7.034467146,50.9509871,nass/feucht,"5,20112E+18",PKW
218868,5,3,15,0,2020,November,7,Dienstag,Unfall mit Leichtverletzten,Zusammenstoß mit vorausfahrendem / wartendem Fahrzeug,Unfall im Längsverkehr,Tageslicht,0,1,0,0,1,0,"356124,7248","5651024,376",6.949833671,50.99279582,nass/feucht,"5,20112E+18","PKW, Gkfz"
218898,5,3,15,0,2020,November,9,Samstag,Unfall mit Leichtverletzten,Zusammenstoß mit einbiegendem / kreuzendem Fahrzeug,Abbiegeunfall,Tageslicht,1,1,0,0,0,0,"356978,597","5640437,472",6.966150209,50.89786518,trocken,"5,20113E+18","Rad, PKW"
218920,5,3,15,0,2020,November,4,Sonntag,Unfall mit Leichtverletzten,Abkommen von Fahrbahn nach rechts,Fahrunfall,Dunkelheit,0,1,0,0,0,0,"354592,677","5654863,121",6.926479547,51.02690805,trocken,"5,20113E+18",PKW
218936,5,3,15,0,2020,November,11,Samstag,Unfall mit Leichtverletzten,Zusammenstoß mit anfahrendem/ anhaltendem/ruhendem Fahrzeug,Einbiegen / Kreuzen-Unfall,Tageslicht,1,0,0,0,0,1,"352990,5523","5648332,27",6.906293325,50.96781115,trocken,"5,20113E+18","Rad, Sonstige"
218947,5,3,15,0,2020,November,19,Samstag,Unfall mit Leichtverletzten,Zusammenstoß mit einbiegendem / kreuzendem Fahrzeug,Abbiegeunfall,Dunkelheit,1,0,0,0,0,0,"356068,6598","5645042,841",6.95140195,50.93902698,trocken,"5,20113E+18",Rad
218978,5,3,15,0,2020,November,18,Montag,Unfall mit Leichtverletzten,Unfall anderer Art,Sonstiger Unfall,Dunkelheit,1,0,0,0,0,0,"354237,035","5643392,673",6.926010192,50.92373732,trocken,"5,20113E+18",Rad
218983,5,3,15,0,2020,November,8,Samstag,Unfall mit Leichtverletzten,Unfall anderer Art,Fahrunfall,Tageslicht,0,0,0,1,0,0,"353700,5587","5646889,162",6.916978279,50.95502326,trocken,"5,20113E+18",Krad
218984,5,3,15,0,2020,November,15,Sonntag,Unfall mit Leichtverletzten,Zusammenstoß zwischen Fahrzeug und Fußgänger,Sonstiger Unfall,Tageslicht,0,1,1,0,0,0,"363911,8484","5639922,012",7.064875623,50.89490805,trocken,"5,20113E+18","Fuss, PKW"
218987,5,3,15,0,2020,November,10,Samstag,Unfall mit Schwerverletzten,Zusammenstoß zwischen Fahrzeug und Fußgänger,Überschreiten-Unfall,Tageslicht,0,1,1,0,0,0,"363841,5833","5640147,199",7.063793138,50.89691536,trocken,"5,20113E+18","Fuss, PKW"
219022,5,3,15,0,2020,November,20,Freitag,Unfall mit Schwerverletzten,Abkommen von Fahrbahn nach rechts,Fahrunfall,Dunkelheit,1,1,0,0,0,0,"351600,0272","5646993,258",6.88704992,50.95542165,trocken,"5,20113E+18","Rad, PKW"
219023,5,3,15,0,2020,November,15,Sonntag,Unfall mit Leichtverletzten,Zusammenstoß mit vorausfahrendem / wartendem Fahrzeug,Unfall im Längsverkehr,Tageslicht,0,1,0,0,0,0,"361642,5719","5651059,886",7.028396508,50.99446793,trocken,"5,20113E+18",PKW
219039,5,3,15,0,2020,November,15,Samstag,Unfall mit Leichtverletzten,Zusammenstoß mit einbiegendem / kreuzendem Fahrzeug,Einbiegen / Kreuzen-Unfall,Tageslicht,1,0,0,0,0,1,"352963,5957","5651641,147",6.90457099,50.99753952,trocken,"5,20113E+18","Rad, Sonstige"
219050,5,3,15,0,2020,November,18,Samstag,Unfall mit Leichtverletzten,Zusammenstoß zwischen Fahrzeug und Fußgänger,Abbiegeunfall,Dunkelheit,0,1,1,0,0,0,"355313,5545","5642608,29",6.941628017,50.91695919,trocken,"5,20113E+18","Fuss, PKW"
219073,5,3,15,0,2020,November,17,Sonntag,Unfall mit Schwerverletzten,Unfall anderer Art,Unfall durch ruhenden Verkehr,Dunkelheit,1,1,0,0,0,0,"353895,7343","5642791,488",6.921398239,50.91824832,trocken,"5,20113E+18","Rad, PKW"
219077,5,3,15,0,2020,November,13,Mittwoch,Unfall mit Leichtverletzten,Unfall anderer Art,Fahrunfall,Tageslicht,1,1,0,0,0,0,"362941,395","5645423,471",7.049017336,50.94412243,trocken,"5,20112E+18","Rad, PKW"
219080,5,3,15,0,2020,November,9,Mittwoch,Unfall mit Leichtverletzten,Unfall anderer Art,Fahrunfall,Tageslicht,1,0,0,0,0,0,"355659,6381","5650400,293",6.943458892,50.98707091,trocken,"5,20112E+18",Rad
219086,5,3,15,0,2020,November,18,Mittwoch,Unfall mit Leichtverletzten,Zusammenstoß mit seitlich in gleicher Richtung fahrendem Fahrzeug,Einbiegen / Kreuzen-Unfall,Dunkelheit,0,1,0,1,0,0,"350918,5441","5652285,784",6.875183374,51.00280626,trocken,"5,20112E+18","Krad, PKW"
219087,5,3,15,0,2020,November,13,Donnerstag,Unfall mit Leichtverletzten,Zusammenstoß zwischen Fahrzeug und Fußgänger,Überschreiten-Unfall,Tageslicht,0,1,1,0,0,0,"359842,1578","5646341,351",7.004575754,50.95162642,trocken,"5,20113E+18","Fuss, PKW"
219088,5,3,15,0,2020,November,16,Samstag,Unfall mit Leichtverletzten,Aufprall auf Fahrbahnhindernis,Überschreiten-Unfall,Tageslicht,0,1,1,0,0,0,"353218,707","5645723,248",6.91059251,50.94442314,trocken,"5,20113E+18","Fuss, PKW"
219090,5,3,15,0,2020,November,10,Donnerstag,Unfall mit Leichtverletzten,Unfall anderer Art,Fahrunfall,Tageslicht,1,0,0,0,0,0,"357860,4729","5642778,949",6.97777074,50.91912585,trocken,"5,20113E+18",Rad
219097,5,3,15,0,2020,November,6,Mittwoch,Unfall mit Leichtverletzten,Zusammenstoß mit einbiegendem / kreuzendem Fahrzeug,Einbiegen / Kreuzen-Unfall,Dunkelheit,1,1,0,0,0,0,"355876,194","5644758,141",6.948777041,50.93642037,trocken,"5,20112E+18","Rad, PKW"