OBJECTID,ULAND,UREGBEZ,UKREIS,UGEMEINDE,UJAHR,UMONAT,USTUNDE,UWOCHENTAG,UKATEGORIE,UART,UTYP1,ULICHTVERH,IstRad,IstPKW,IstFuss,IstKrad,IstGkfz,IstSonstige,LINREFX,LINREFY,XGCSWGS84,YGCSWGS84,USTRZUSTAND,UIDENTSTLAE,Participants
219098,5,3,15,0,2020,November,18,Donnerstag,Unfall mit Leichtverletzten,Zusammenstoß mit anfahrendem/ anhaltendem/ruhendem Fahrzeug,Sonstiger Unfall,Dunkelheit,1,1,0,0,0,0,"353841,9138","5647244,936",6.918846617,50.95825633,trocken,"5,20113E+18","Rad, PKW"
219102,5,3,15,0,2020,November,15,Mittwoch,Unfall mit Leichtverletzten,Zusammenstoß zwischen Fahrzeug und Fußgänger,Überschreiten-Unfall,Tageslicht,0,1,1,0,0,0,"363251,5359","5639561,468",7.055626956,50.89151169,trocken,"5,20112E+18","Fuss, PKW"
219123,5,3,15,0,2020,November,16,Freitag,Unfall mit Leichtverletzten,Zusammenstoß mit einbiegendem / kreuzendem Fahrzeug,Abbiegeunfall,Tageslicht,0,1,0,0,0,1,"354468,978","5651284,212",6.926152254,50.99471458,trocken,"5,20113E+18","PKW, Sonstige"
219130,5,3,15,0,2020,November,10,Montag,Unfall mit Leichtverletzten,Zusammenstoß mit einbiegendem / kreuzendem Fahrzeug,Abbiegeunfall,Tageslicht,0,1,0,0,0,0,"359641,2462","5637289,971",7.005198676,50.87023121,trocken,"5,20113E+18",PKW
219137,5,3,15,0,2020,November,18,Donnerstag,Unfall mit Leichtverletzten,Unfall anderer Art,Fahrunfall,Dunkelheit,1,0,0,0,0,0,"355398,6778","5644274,529",6.942177422,50.93195471,trocken,"5,20113E+18",Rad
219138,5,3,15,0,2020,November,18,Samstag,Unfall mit Leichtverletzten,Zusammenstoß mit entgegenkommendem Fahrzeug,Abbiegeunfall,Tageslicht,0,1,0,0,0,0,"354141,3169","5655484,61",6.919797551,51.03237872,trocken,"5,20113E+18",PKW
219151,5,3,15,0,2020,Dezember,18,Samstag,Unfall mit Leichtverletzten,Zusammenstoß mit anfahrendem/ anhaltendem/ruhendem Fahrzeug,Unfall durch ruhenden Verkehr,Dunkelheit,1,1,0,0,0,0,"361265,0235","5644960,8",7.02534603,50.93956333,nass/feucht,"5,2012E+18","Rad, PKW"
219172,5,3,15,0,2020,Dezember,7,Freitag,Unfall mit Leichtverletzten,Zusammenstoß mit einbiegendem / kreuzendem Fahrzeug,Einbiegen / Kreuzen-Unfall,Dunkelheit,1,1,0,0,0,0,"358831,7798","5643294,49",6.991380927,50.92399752,nass/feucht,"5,2012E+18","Rad, PKW"
219173,5,3,15,0,2020,Dezember,6,Freitag,Unfall mit Leichtverletzten,Zusammenstoß zwischen Fahrzeug und Fußgänger,Abbiegeunfall,Dunkelheit,0,1,1,0,0,0,"364085,8341","5644859,129",7.065508628,50.93932137,nass/feucht,"5,2012E+18","Fuss, PKW"
219176,5,3,15,0,2020,Dezember,15,Freitag,Unfall mit Leichtverletzten,Zusammenstoß zwischen Fahrzeug und Fußgänger,Überschreiten-Unfall,Tageslicht,0,1,1,0,0,0,"354699,5804","5648407,3",6.930586229,50.96891904,trocken,"5,2012E+18","Fuss, PKW"
219179,5,3,15,0,2020,Dezember,7,Freitag,Unfall mit Leichtverletzten,Zusammenstoß mit einbiegendem / kreuzendem Fahrzeug,Einbiegen / Kreuzen-Unfall,Dunkelheit,1,1,0,0,0,0,"356879,7191","5650074,619",6.960958882,50.98444877,nass/feucht,"5,2012E+18","Rad, PKW"
219182,5,3,15,0,2020,Dezember,7,Freitag,Unfall mit Leichtverletzten,Unfall anderer Art,Sonstiger Unfall,Dämmerung,1,0,0,0,0,0,"354390,4732","5647069,888",6.926722139,50.95682211,trocken,"5,2012E+18",Rad
219183,5,3,15,0,2020,Dezember,5,Freitag,Unfall mit Leichtverletzten,Zusammenstoß mit einbiegendem / kreuzendem Fahrzeug,Abbiegeunfall,Dunkelheit,1,1,0,0,0,0,"356477,2376","5646087,045",6.956801891,50.94851295,trocken,"5,2012E+18","Rad, PKW"
219184,5,3,15,0,2020,Dezember,7,Freitag,Unfall mit Leichtverletzten,Zusammenstoß mit einbiegendem / kreuzendem Fahrzeug,Einbiegen / Kreuzen-Unfall,Tageslicht,1,0,0,0,0,0,"356179,0898","5645314,381",6.952865447,50.94149483,trocken,"5,2012E+18",Rad
219244,5,3,15,0,2020,Dezember,16,Samstag,Unfall mit Leichtverletzten,Zusammenstoß mit einbiegendem / kreuzendem Fahrzeug,Einbiegen / Kreuzen-Unfall,Dunkelheit,1,0,0,0,0,0,"354812,5035","5645604,853",6.933311266,50.94376273,trocken,"5,2012E+18",Rad
219251,5,3,15,0,2020,Dezember,20,Samstag,Unfall mit Schwerverletzten,Zusammenstoß mit einbiegendem / kreuzendem Fahrzeug,Einbiegen / Kreuzen-Unfall,Dunkelheit,0,1,0,1,0,0,"353690,232","5643955,304",6.918009707,50.9286551,trocken,"5,2012E+18","Krad, PKW"
219253,5,3,15,0,2020,Dezember,21,Samstag,Unfall mit Leichtverletzten,Unfall anderer Art,Einbiegen / Kreuzen-Unfall,Dunkelheit,1,1,0,0,0,0,"355475,3899","5645683,559",6.942709452,50.94463659,nass/feucht,"5,2012E+18","Rad, PKW"
219274,5,3,15,0,2020,Dezember,17,Donnerstag,Unfall mit Leichtverletzten,Unfall anderer Art,Abbiegeunfall,Dunkelheit,1,1,0,0,0,0,"359601,2018","5645148,116",7.00160751,50.94084405,nass/feucht,"5,2012E+18","Rad, PKW"
219276,5,3,15,0,2020,Dezember,18,Donnerstag,Unfall mit Schwerverletzten,Unfall anderer Art,Sonstiger Unfall,Dunkelheit,1,0,0,0,0,0,"354067,8192","5643427,118",6.923590408,50.92400409,nass/feucht,"5,2012E+18",Rad
219277,5,3,15,0,2020,Dezember,16,Donnerstag,Unfall mit Leichtverletzten,Unfall anderer Art,Fahrunfall,Tageslicht,1,0,0,0,0,0,"356422,9764","5644129,217",6.956801518,50.93090469,nass/feucht,"5,2012E+18",Rad
219278,5,3,15,0,2020,Dezember,16,Donnerstag,Unfall mit Leichtverletzten,Zusammenstoß mit einbiegendem / kreuzendem Fahrzeug,Einbiegen / Kreuzen-Unfall,Tageslicht,0,1,0,0,0,1,"355416,317","5644290,314",6.94242201,50.93210099,trocken,"5,2012E+18","PKW, Sonstige"
219307,5,3,15,0,2020,Dezember,18,Samstag,Unfall mit Schwerverletzten,Abkommen von Fahrbahn nach links,Sonstiger Unfall,Dunkelheit,0,1,0,0,0,0,"358762,6066","5651860,168",6.987072333,51.00096044,nass/feucht,"5,2012E+18",PKW
219325,5,3,15,0,2020,November,22,Dienstag,Unfall mit Leichtverletzten,Zusammenstoß mit einbiegendem / kreuzendem Fahrzeug,Einbiegen / Kreuzen-Unfall,Dunkelheit,0,1,0,0,0,0,"361163,2208","5649833,556",7.02203872,50.98333126,nass/feucht,"5,20113E+18",PKW
219331,5,3,15,0,2020,November,15,Dienstag,Unfall mit Leichtverletzten,Zusammenstoß mit einbiegendem / kreuzendem Fahrzeug,Abbiegeunfall,Tageslicht,1,1,0,0,0,0,"362528,6482","5647770,57",7.042259279,50.96511829,trocken,"5,20113E+18","Rad, PKW"
219334,5,3,15,0,2020,November,7,Dienstag,Unfall mit Leichtverletzten,Zusammenstoß mit anfahrendem/ anhaltendem/ruhendem Fahrzeug,Unfall durch ruhenden Verkehr,Tageslicht,1,1,0,0,0,0,"352029,6489","5647657,405",6.892892504,50.96150047,trocken,"5,20113E+18","Rad, PKW"
219336,5,3,15,0,2020,November,14,Dienstag,Unfall mit Leichtverletzten,Unfall anderer Art,Sonstiger Unfall,Tageslicht,0,1,0,1,0,0,"354738,6959","5646179,589",6.932032131,50.94890913,trocken,"5,20113E+18","Krad, PKW"
219343,5,3,15,0,2020,November,11,Dienstag,Unfall mit Leichtverletzten,Unfall anderer Art,Fahrunfall,Tageslicht,1,0,0,0,0,0,"353764,8864","5642378,7",6.919703465,50.91450558,trocken,"5,20113E+18",Rad
219355,5,3,15,0,2020,November,9,Dienstag,Unfall mit Leichtverletzten,Zusammenstoß mit anfahrendem/ anhaltendem/ruhendem Fahrzeug,Unfall durch ruhenden Verkehr,Tageslicht,1,1,0,0,0,0,"352040,9018","5643141,541",6.894886757,50.9209215,trocken,"5,20113E+18","Rad, PKW"
219389,5,3,15,0,2020,Dezember,16,Mittwoch,Unfall mit Leichtverletzten,Zusammenstoß mit einbiegendem / kreuzendem Fahrzeug,Einbiegen / Kreuzen-Unfall,Dunkelheit,0,1,0,0,0,0,"364166,6906","5638906,081",7.068874905,50.8858373,nass/feucht,"5,2012E+18",PKW
219390,5,3,15,0,2020,Dezember,15,Mittwoch,Unfall mit Leichtverletzten,Zusammenstoß mit seitlich in gleicher Richtung fahrendem Fahrzeug,Unfall im Längsverkehr,Tageslicht,0,1,0,0,0,0,"357551,8028","5644270,414",6.972799509,50.93245351,nass/feucht,"5,2012E+18",PKW
219391,5,3,15,0,2020,Dezember,16,Mittwoch,Unfall mit Leichtverletzten,Zusammenstoß mit einbiegendem / kreuzendem Fahrzeug,Abbiegeunfall,Dämmerung,1,1,0,0,0,0,"361838,6743","5648433,795",7.032187564,50.97091379,nass/feucht,"5,2012E+18","Rad, PKW"
219392,5,3,15,0,2020,Dezember,10,Mittwoch,Unfall mit Leichtverletzten,Unfall anderer Art,Fahrunfall,Tageslicht,0,0,0,1,0,0,"356765,4844","5641869,238",6.9625599,50.91067958,nass/feucht,"5,2012E+18",Krad
219405,5,3,15,0,2020,Dezember,17,Samstag,Unfall mit Leichtverletzten,Unfall anderer Art,Einbiegen / Kreuzen-Unfall,Dämmerung,0,1,0,0,0,0,"364585,4239","5640806,292",7.074119907,50.9030139,trocken,"5,2012E+18",PKW
219409,5,3,15,0,2020,Dezember,15,Mittwoch,Unfall mit Leichtverletzten,Zusammenstoß mit vorausfahrendem / wartendem Fahrzeug,Unfall im Längsverkehr,Tageslicht,0,1,0,0,0,0,"353180,1595","5647747,246",6.909227887,50.96260215,trocken,"5,20121E+18",PKW
219415,5,3,15,0,2020,Dezember,13,Donnerstag,Unfall mit Schwerverletzten,Zusammenstoß zwischen Fahrzeug und Fußgänger,Überschreiten-Unfall,Tageslicht,1,0,1,0,0,0,"353890,7505","5646765,196",6.919734091,50.95395747,trocken,"5,20121E+18","Rad, Fuss"
219432,5,3,15,0,2020,Dezember,5,Dienstag,Unfall mit Leichtverletzten,Zusammenstoß mit einbiegendem / kreuzendem Fahrzeug,Einbiegen / Kreuzen-Unfall,Dunkelheit,1,1,0,0,0,0,"359126,1374","5647000,781",6.994133249,50.9573782,nass/feucht,"5,20121E+18","Rad, PKW"
219444,5,3,15,0,2020,Dezember,8,Dienstag,Unfall mit Leichtverletzten,Zusammenstoß mit anfahrendem/ anhaltendem/ruhendem Fahrzeug,Unfall im Längsverkehr,Dämmerung,0,1,0,0,1,0,"349135,23","5645338,431",6.852667323,50.939911,nass/feucht,"5,20121E+18","PKW, Gkfz"
219448,5,3,15,0,2020,Dezember,7,Mittwoch,Unfall mit Leichtverletzten,Zusammenstoß mit anfahrendem/ anhaltendem/ruhendem Fahrzeug,Unfall durch ruhenden Verkehr,Tageslicht,1,0,0,0,1,0,"359521,4235","5644862,165",7.000582969,50.93825474,trocken,"5,20121E+18","Rad, Gkfz"
219453,5,3,15,0,2020,Dezember,7,Freitag,Unfall mit Leichtverletzten,Unfall anderer Art,Fahrunfall,Tageslicht,1,0,0,0,0,0,"353385,768","5648038,951",6.9120362,50.96527594,trocken,"5,20121E+18",Rad
219465,5,3,15,0,2020,Dezember,18,Donnerstag,Unfall mit Leichtverletzten,Zusammenstoß mit einbiegendem / kreuzendem Fahrzeug,Einbiegen / Kreuzen-Unfall,Dunkelheit,0,1,0,1,0,0,"352441,408","5645085,582",6.899794007,50.93849431,trocken,"5,20121E+18","Krad, PKW"
219484,5,3,15,0,2020,Dezember,13,Dienstag,Unfall mit Leichtverletzten,Zusammenstoß mit einbiegendem / kreuzendem Fahrzeug,Einbiegen / Kreuzen-Unfall,Tageslicht,1,1,0,0,0,0,"358172,207","5644798,77",6.981417069,50.93735475,nass/feucht,"5,20121E+18","Rad, PKW"
219488,5,3,15,0,2020,Dezember,13,Montag,Unfall mit Leichtverletzten,Zusammenstoß mit anfahrendem/ anhaltendem/ruhendem Fahrzeug,Unfall durch ruhenden Verkehr,Tageslicht,0,1,0,0,0,0,"361009,443","5645723,398",7.021419607,50.94635542,nass/feucht,"5,20121E+18",PKW
219492,5,3,15,0,2020,Dezember,15,Dienstag,Unfall mit Leichtverletzten,Unfall anderer Art,Fahrunfall,Tageslicht,0,0,0,1,0,0,"355588,121","5643717,25",6.945092302,50.926994,nass/feucht,"5,20121E+18",Krad
219493,5,3,15,0,2020,Dezember,18,Montag,Unfall mit Leichtverletzten,Zusammenstoß mit einbiegendem / kreuzendem Fahrzeug,Einbiegen / Kreuzen-Unfall,Dunkelheit,1,1,0,0,0,0,"353119,2598","5647148,515",6.908602931,50.95720609,nass/feucht,"5,20121E+18","Rad, PKW"
219496,5,3,15,0,2020,Dezember,13,Dienstag,Unfall mit Schwerverletzten,Zusammenstoß mit einbiegendem / kreuzendem Fahrzeug,Einbiegen / Kreuzen-Unfall,Tageslicht,1,1,0,0,0,0,"354194,7413","5646582,279",6.924132454,50.95239064,nass/feucht,"5,20121E+18","Rad, PKW"
219503,5,3,15,0,2020,Dezember,16,Freitag,Unfall mit Leichtverletzten,Zusammenstoß mit einbiegendem / kreuzendem Fahrzeug,Abbiegeunfall,Dunkelheit,1,1,0,0,0,0,"357001,414","5643479,561",6.965282341,50.92520997,trocken,"5,20121E+18","Rad, PKW"
219511,5,3,15,0,2020,Dezember,7,Mittwoch,Unfall mit Leichtverletzten,Zusammenstoß mit einbiegendem / kreuzendem Fahrzeug,Abbiegeunfall,Dunkelheit,0,1,0,0,0,0,"354576,8628","5654906,957",6.926236609,51.02729798,nass/feucht,"5,20121E+18",PKW
219518,5,3,15,0,2020,Dezember,16,Donnerstag,Unfall mit Leichtverletzten,Zusammenstoß mit einbiegendem / kreuzendem Fahrzeug,Einbiegen / Kreuzen-Unfall,Dämmerung,1,1,0,0,0,0,"360802,6097","5646119,569",7.018325702,50.94986598,trocken,"5,20121E+18","Rad, PKW"
219537,5,3,15,0,2020,Dezember,7,Dienstag,Unfall mit Leichtverletzten,Zusammenstoß mit einbiegendem / kreuzendem Fahrzeug,Einbiegen / Kreuzen-Unfall,Dunkelheit,1,1,0,0,0,0,"352645,3975","5654741,53",6.898780455,51.02531952,trocken,"5,20121E+18","Rad, PKW"
219541,5,3,15,0,2020,Dezember,13,Sonntag,Unfall mit Leichtverletzten,Zusammenstoß mit einbiegendem / kreuzendem Fahrzeug,Einbiegen / Kreuzen-Unfall,Tageslicht,1,1,0,0,0,0,"363624,5558","5640511,473",7.060572801,50.90013805,trocken,"5,20121E+18","Rad, PKW"
219544,5,3,15,0,2020,Dezember,14,Sonntag,Unfall mit Leichtverletzten,Abkommen von Fahrbahn nach links,Unfall im Längsverkehr,Tageslicht,0,1,0,0,0,0,"352774,9577","5647182,689",6.903690183,50.95742534,trocken,"5,20121E+18",PKW
219548,5,3,15,0,2020,Dezember,15,Dienstag,Unfall mit Leichtverletzten,Unfall anderer Art,Einbiegen / Kreuzen-Unfall,Dunkelheit,0,1,0,1,0,0,"353316,7248","5648158,288",6.911005521,50.96633079,nass/feucht,"5,20121E+18","Krad, PKW"
219549,5,3,15,0,2020,Dezember,9,Sonntag,Unfall mit Leichtverletzten,Zusammenstoß mit einbiegendem / kreuzendem Fahrzeug,Einbiegen / Kreuzen-Unfall,Tageslicht,0,1,0,0,0,0,"359608,8115","5636161,688",7.005170948,50.86008317,nass/feucht,"5,20121E+18",PKW
219563,5,3,15,0,2020,Dezember,10,Mittwoch,Unfall mit Leichtverletzten,Zusammenstoß mit einbiegendem / kreuzendem Fahrzeug,Einbiegen / Kreuzen-Unfall,Tageslicht,1,1,0,0,0,0,"356715,3099","5642307,979",6.961674388,50.91461006,trocken,"5,20121E+18","Rad, PKW"
219569,5,3,15,0,2020,Dezember,15,Donnerstag,Unfall mit Schwerverletzten,Zusammenstoß zwischen Fahrzeug und Fußgänger,Überschreiten-Unfall,Tageslicht,0,1,1,0,0,0,"351871,8143","5644662,435",6.891864831,50.93454566,trocken,"5,20121E+18","Fuss, PKW"
219586,5,3,15,0,2020,Dezember,18,Dienstag,Unfall mit Leichtverletzten,Zusammenstoß mit anfahrendem/ anhaltendem/ruhendem Fahrzeug,Unfall durch ruhenden Verkehr,Dunkelheit,1,1,0,0,0,0,"353425,3845","5650362,906",6.911663092,50.98617039,nass/feucht,"5,20121E+18","Rad, PKW"
219599,5,3,15,0,2020,Dezember,7,Dienstag,Unfall mit Leichtverletzten,Unfall anderer Art,Fahrunfall,Dunkelheit,0,0,0,0,0,1,"354103,6539","5642723,201",6.924381513,50.91768726,nass/feucht,"5,20121E+18",Sonstige
219603,5,3,15,0,2020,Dezember,16,Mittwoch,Unfall mit Leichtverletzten,Zusammenstoß mit einbiegendem / kreuzendem Fahrzeug,Einbiegen / Kreuzen-Unfall,Dämmerung,1,1,0,0,0,0,"359003,696","5650293,467",6.99111431,50.98693967,trocken,"5,20121E+18","Rad, PKW"
219607,5,3,15,0,2020,Dezember,15,Freitag,Unfall mit Leichtverletzten,Zusammenstoß zwischen Fahrzeug und Fußgänger,Überschreiten-Unfall,Tageslicht,0,1,1,0,0,0,"352781,1492","5643042,031",6.905451378,50.92021658,trocken,"5,20121E+18","Fuss, PKW"
219639,5,3,15,0,2020,Dezember,18,Dienstag,Unfall mit Leichtverletzten,Zusammenstoß mit einbiegendem / kreuzendem Fahrzeug,Einbiegen / Kreuzen-Unfall,Dunkelheit,0,1,0,0,0,0,"364424,6323","5641415,86",7.071608092,50.90845469,nass/feucht,"5,20121E+18",PKW
219647,5,3,15,0,2020,Dezember,10,Dienstag,Unfall mit Leichtverletzten,Zusammenstoß mit einbiegendem / kreuzendem Fahrzeug,Einbiegen / Kreuzen-Unfall,Tageslicht,1,1,0,0,0,0,"355854,56","5644464,888",6.948585345,50.93377954,nass/feucht,"5,20121E+18","Rad, PKW"
219650,5,3,15,0,2020,Dezember,15,Dienstag,Unfall mit Leichtverletzten,Zusammenstoß mit anfahrendem/ anhaltendem/ruhendem Fahrzeug,Fahrunfall,Tageslicht,1,1,0,0,0,0,"353623,7092","5647667,383",6.91557186,50.96199731,nass/feucht,"5,20121E+18","Rad, PKW"
219658,5,3,15,0,2020,Dezember,11,Freitag,Unfall mit Leichtverletzten,Zusammenstoß mit vorausfahrendem / wartendem Fahrzeug,Unfall im Längsverkehr,Tageslicht,0,1,0,0,0,0,"356188,9119","5645167,677",6.953063072,50.94017888,trocken,"5,20121E+18",PKW
219664,5,3,15,0,2020,Dezember,16,Mittwoch,Unfall mit Leichtverletzten,Unfall anderer Art,Fahrunfall,Dunkelheit,1,0,0,0,0,0,"354983,7613","5642840,804",6.936847049,50.91896597,nass/feucht,"5,20122E+18",Rad
219667,5,3,15,0,2020,Dezember,18,Samstag,Unfall mit Leichtverletzten,Zusammenstoß mit einbiegendem / kreuzendem Fahrzeug,Einbiegen / Kreuzen-Unfall,Dunkelheit,1,1,0,0,0,0,"355724,2208","5647327,692",6.94559754,50.9594744,nass/feucht,"5,20121E+18","Rad, PKW"
219669,5,3,15,0,2020,Dezember,14,Samstag,Unfall mit Leichtverletzten,Zusammenstoß mit einbiegendem / kreuzendem Fahrzeug,Einbiegen / Kreuzen-Unfall,Tageslicht,1,1,0,0,0,0,"357225,6987","5648059,266",6.966676154,50.96642297,nass/feucht,"5,20121E+18","Rad, PKW"
219672,5,3,15,0,2020,Dezember,15,Samstag,Unfall mit Leichtverletzten,Unfall anderer Art,Fahrunfall,Tageslicht,0,0,0,1,0,0,"356680,7623","5648185,472",6.958870961,50.96742185,nass/feucht,"5,20121E+18",Krad
219680,5,3,15,0,2020,Dezember,15,Samstag,Unfall mit Leichtverletzten,Unfall anderer Art,Fahrunfall,Tageslicht,1,0,0,0,0,0,"353700,3445","5643120,649",6.918488391,50.92115689,nass/feucht,"5,20121E+18",Rad
219683,5,3,15,0,2020,Dezember,16,Samstag,Unfall mit Leichtverletzten,Zusammenstoß zwischen Fahrzeug und Fußgänger,Überschreiten-Unfall,Dämmerung,0,1,1,0,0,0,"356403,1443","5645423,268",6.956009525,50.94252922,nass/feucht,"5,20121E+18","Fuss, PKW"
219690,5,3,15,0,2020,Dezember,19,Mittwoch,Unfall mit Leichtverletzten,Zusammenstoß zwischen Fahrzeug und Fußgänger,Sonstiger Unfall,Dunkelheit,0,1,1,0,0,0,"356370,9724","5644489,452",6.95592001,50.93412913,nass/feucht,"5,20122E+18","Fuss, PKW"
219704,5,3,15,0,2020,Dezember,18,Mittwoch,Unfall mit Leichtverletzten,Zusammenstoß mit einbiegendem / kreuzendem Fahrzeug,Einbiegen / Kreuzen-Unfall,Dunkelheit,1,1,0,0,0,0,"354911,8185","5645315,69",6.934839169,50.9411891,trocken,"5,20122E+18","Rad, PKW"
219714,5,3,15,0,2020,Dezember,18,Mittwoch,Unfall mit Leichtverletzten,Unfall anderer Art,Fahrunfall,Dunkelheit,0,0,0,0,0,1,"355022,2657","5643951,406",6.93695292,50.92895639,nass/feucht,"5,20122E+18",Sonstige
219746,5,3,15,0,2020,Dezember,10,Dienstag,Unfall mit Leichtverletzten,Zusammenstoß zwischen Fahrzeug und Fußgänger,Sonstiger Unfall,Tageslicht,0,1,1,0,0,0,"364589,3741","5641052,623",7.074084681,50.90522875,trocken,"5,20121E+18","Fuss, PKW"
219747,5,3,15,0,2020,Dezember,18,Dienstag,Unfall mit Leichtverletzten,Zusammenstoß mit einbiegendem / kreuzendem Fahrzeug,Abbiegeunfall,Dunkelheit,0,1,0,1,0,0,"354121,7668","5648889,438",6.922169208,50.97310578,trocken,"5,20121E+18","Krad, PKW"
219748,5,3,15,0,2020,Dezember,15,Dienstag,Unfall mit Leichtverletzten,Zusammenstoß mit einbiegendem / kreuzendem Fahrzeug,Abbiegeunfall,Tageslicht,1,1,0,0,0,0,"349156,112","5645593,919",6.852858535,50.94221235,trocken,"5,20121E+18","Rad, PKW"
219749,5,3,15,0,2020,Dezember,1,Dienstag,Unfall mit Leichtverletzten,Unfall anderer Art,Fahrunfall,Dunkelheit,0,1,0,0,0,0,"354426,065","5636623,642",6.931395509,50.86295318,trocken,"5,20121E+18",PKW
219751,5,3,15,0,2020,Dezember,12,Dienstag,Unfall mit Leichtverletzten,Unfall anderer Art,Fahrunfall,Tageslicht,1,0,0,0,0,0,"353411,6091","5643023,604",6.914422253,50.9202115,trocken,"5,20121E+18",Rad
219753,5,3,15,0,2020,Dezember,15,Dienstag,Unfall mit Leichtverletzten,Zusammenstoß mit seitlich in gleicher Richtung fahrendem Fahrzeug,Unfall im Längsverkehr,Tageslicht,0,1,0,0,0,0,"356190,3924","5644403,875",6.953385576,50.93331507,trocken,"5,20121E+18",PKW
219818,5,3,15,0,2020,Dezember,18,Montag,Unfall mit Leichtverletzten,Unfall anderer Art,Sonstiger Unfall,Dunkelheit,0,0,0,1,0,0,"353738,0111","5646983,48",6.917473253,50.95588036,trocken,"5,20121E+18",Krad
219846,5,3,15,0,2020,Dezember,16,Sonntag,Unfall mit Leichtverletzten,Zusammenstoß mit einbiegendem / kreuzendem Fahrzeug,Einbiegen / Kreuzen-Unfall,Dunkelheit,1,1,0,0,0,0,"359113,8063","5645215,591",6.994648515,50.94133156,nass/feucht,"5,20121E+18","Rad, PKW"
219848,5,3,15,0,2020,Dezember,2,Sonntag,Unfall mit Leichtverletzten,Unfall anderer Art,Fahrunfall,Dunkelheit,0,1,0,0,0,0,"359962,4232","5650019,544",7.004870733,50.98471192,nass/feucht,"5,20121E+18",PKW
219849,5,3,15,0,2020,Dezember,13,Sonntag,Unfall mit Leichtverletzten,Unfall anderer Art,Abbiegeunfall,Tageslicht,0,1,1,0,0,0,"350006,6459","5659216,206",6.859327386,51.06484723,nass/feucht,"5,20121E+18","Fuss, PKW"
219857,5,3,15,0,2020,Dezember,8,Mittwoch,Unfall mit Leichtverletzten,Zusammenstoß mit vorausfahrendem / wartendem Fahrzeug,Unfall im Längsverkehr,Tageslicht,0,0,0,0,0,1,"358945,3816","5644595,975",6.99249264,50.93572185,trocken,"5,20122E+18",Sonstige
219912,5,3,15,0,2020,Dezember,9,Freitag,Unfall mit Schwerverletzten,Zusammenstoß mit seitlich in gleicher Richtung fahrendem Fahrzeug,Fahrunfall,Tageslicht,1,1,0,0,0,0,"359559,3962","5644300,391",7.001339586,50.93321526,trocken,"5,20121E+18","Rad, PKW"
219916,5,3,15,0,2020,Dezember,8,Mittwoch,Unfall mit Leichtverletzten,Zusammenstoß zwischen Fahrzeug und Fußgänger,Überschreiten-Unfall,Dunkelheit,0,1,1,0,0,0,"355608,319","5644577,359",6.945038798,50.9347287,trocken,"5,20122E+18","Fuss, PKW"
219918,5,3,15,0,2020,Dezember,8,Mittwoch,Unfall mit Leichtverletzten,Zusammenstoß mit vorausfahrendem / wartendem Fahrzeug,Unfall im Längsverkehr,Tageslicht,0,1,0,0,0,1,"355997,3116","5653262,351",6.94713155,51.01287601,trocken,"5,20122E+18","PKW, Sonstige"
219921,5,3,15,0,2020,Dezember,9,Freitag,Unfall mit Schwerverletzten,Aufprall auf Fahrbahnhindernis,Sonstiger Unfall,Tageslicht,1,0,0,0,0,0,"355889,6022","5647966,63",6.947697795,50.96525779,trocken,"5,20121E+18",Rad
219936,5,3,15,0,2020,Dezember,2,Samstag,Unfall mit Schwerverletzten,Abkommen von Fahrbahn nach links,Unfall durch ruhenden Verkehr,Dunkelheit,0,1,0,0,0,1,"358210,1327","5644178,705",6.982197746,50.93179154,trocken,"5,20122E+18","PKW, Sonstige"
219948,5,3,15,0,2020,Dezember,13,Samstag,Unfall mit Schwerverletzten,Unfall anderer Art,Fahrunfall,Tageslicht,1,0,0,0,0,0,"354353,4409","5646972,277",6.926234279,50.95593555,trocken,"5,20122E+18",Rad
219952,5,3,15,0,2020,Dezember,15,Montag,Unfall mit Leichtverletzten,Unfall anderer Art,Einbiegen / Kreuzen-Unfall,Tageslicht,1,1,0,0,0,0,"354655,698","5644236,191",6.931626705,50.93142343,trocken,"5,20122E+18","Rad, PKW"
219961,5,3,15,0,2020,Dezember,17,Dienstag,Unfall mit Leichtverletzten,Zusammenstoß mit vorausfahrendem / wartendem Fahrzeug,Einbiegen / Kreuzen-Unfall,Dunkelheit,1,1,0,0,0,0,"361072,0816","5648841,58",7.021120241,50.97439423,nass/feucht,"5,20122E+18","Rad, PKW"
219971,5,3,15,0,2020,Dezember,16,Mittwoch,Unfall mit Leichtverletzten,Unfall anderer Art,Fahrunfall,Tageslicht,0,0,0,0,0,1,"356169,9439","5645345,073",6.952723236,50.94176837,nass/feucht,"5,20122E+18",Sonstige
219985,5,3,15,0,2020,Dezember,9,Sonntag,Unfall mit Leichtverletzten,Zusammenstoß zwischen Fahrzeug und Fußgänger,Überschreiten-Unfall,Tageslicht,0,1,1,0,0,0,"359038,2259","5642423,395",6.994653096,50.91621936,nass/feucht,"5,20122E+18","Fuss, PKW"
219991,5,3,15,0,2020,Dezember,10,Samstag,Unfall mit Schwerverletzten,Unfall anderer Art,Sonstiger Unfall,Tageslicht,1,0,0,0,0,0,"363643,7774","5639142,789",7.061356925,50.88784153,trocken,"5,20122E+18",Rad
220001,5,3,15,0,2020,Dezember,23,Samstag,Unfall mit Leichtverletzten,Zusammenstoß mit entgegenkommendem Fahrzeug,Abbiegeunfall,Dunkelheit,0,1,0,0,0,0,"356761,0527","5641898,371",6.962485468,50.9109403,trocken,"5,20122E+18",PKW