OBJECTID,ULAND,UREGBEZ,UKREIS,UGEMEINDE,UJAHR,UMONAT,USTUNDE,UWOCHENTAG,UKATEGORIE,UART,UTYP1,ULICHTVERH,IstRad,IstPKW,IstFuss,IstKrad,IstGkfz,IstSonstige,LINREFX,LINREFY,XGCSWGS84,YGCSWGS84,USTRZUSTAND,UIDENTSTLAE,Participants
220005,5,3,15,0,2020,Dezember,15,Montag,Unfall mit Leichtverletzten,Zusammenstoß mit einbiegendem / kreuzendem Fahrzeug,Einbiegen / Kreuzen-Unfall,Tageslicht,0,1,0,1,0,0,"364442,489","5640295,192",7.072278053,50.89838682,trocken,"5,20122E+18","Krad, PKW"
220009,5,3,15,0,2020,Dezember,13,Mittwoch,Unfall mit Leichtverletzten,Zusammenstoß mit vorausfahrendem / wartendem Fahrzeug,Fahrunfall,Tageslicht,0,1,0,1,0,0,"362124,4272","5646658,675",7.036927629,50.95502878,trocken,"5,20122E+18","Krad, PKW"
220011,5,3,15,0,2020,Dezember,12,Dienstag,Unfall mit Leichtverletzten,Zusammenstoß mit einbiegendem / kreuzendem Fahrzeug,Abbiegeunfall,Tageslicht,0,1,0,0,0,0,"356133,9031","5640766,969",6.954016504,50.90061652,nass/feucht,"5,20122E+18",PKW
220016,5,3,15,0,2020,Dezember,5,Freitag,Unfall mit Leichtverletzten,Zusammenstoß mit seitlich in gleicher Richtung fahrendem Fahrzeug,Unfall im Längsverkehr,Dunkelheit,0,1,0,0,1,0,"363587,7185","5643193,455",7.059046601,50.9242336,trocken,"5,20122E+18","PKW, Gkfz"
220026,5,3,15,0,2020,Dezember,16,Freitag,Unfall mit Leichtverletzten,Zusammenstoß mit einbiegendem / kreuzendem Fahrzeug,Einbiegen / Kreuzen-Unfall,Tageslicht,1,0,0,1,0,0,"351091,3225","5645579,071",6.880390484,50.94258197,trocken,"5,20122E+18","Rad, Krad"
220044,5,3,15,0,2020,Dezember,19,Samstag,Unfall mit Leichtverletzten,Zusammenstoß mit einbiegendem / kreuzendem Fahrzeug,Abbiegeunfall,Dunkelheit,0,1,0,0,0,0,"361062,1055","5647103,448",7.021642111,50.95877091,trocken,"5,20122E+18",PKW
220056,5,3,15,0,2020,Dezember,12,Samstag,Unfall mit Leichtverletzten,Unfall anderer Art,Einbiegen / Kreuzen-Unfall,Tageslicht,1,1,0,0,0,0,"354052,9959","5643463,993",6.923364882,50.92433173,trocken,"5,20122E+18","Rad, PKW"
220059,5,3,15,0,2020,Dezember,1,Freitag,Unfall mit Leichtverletzten,Zusammenstoß mit anfahrendem/ anhaltendem/ruhendem Fahrzeug,Fahrunfall,Dunkelheit,0,1,0,0,0,1,"351270,7926","5647023,307",6.882353351,50.95560682,nass/feucht,"5,20122E+18","PKW, Sonstige"
220060,5,3,15,0,2020,Dezember,15,Montag,Unfall mit Schwerverletzten,Zusammenstoß mit einbiegendem / kreuzendem Fahrzeug,Einbiegen / Kreuzen-Unfall,Dämmerung,1,1,0,0,0,0,"354713,2426","5642250,516",6.933236124,50.91359314,trocken,"5,20122E+18","Rad, PKW"
220064,5,3,15,0,2020,Dezember,0,Mittwoch,Unfall mit Leichtverletzten,Zusammenstoß mit einbiegendem / kreuzendem Fahrzeug,Einbiegen / Kreuzen-Unfall,Dunkelheit,0,1,0,0,0,0,"359595,7953","5637274,019",7.004559262,50.87007681,nass/feucht,"5,20122E+18",PKW
220072,5,3,15,0,2020,Dezember,13,Freitag,Unfall mit Leichtverletzten,Zusammenstoß mit einbiegendem / kreuzendem Fahrzeug,Einbiegen / Kreuzen-Unfall,Tageslicht,0,1,0,0,0,0,"356188,5941","5644963,196",6.953139266,50.93834116,nass/feucht,"5,20122E+18",PKW
220096,5,3,15,0,2020,Dezember,17,Samstag,Unfall mit Schwerverletzten,Zusammenstoß mit vorausfahrendem / wartendem Fahrzeug,Unfall im Längsverkehr,Dämmerung,0,1,0,0,0,1,"353128,8207","5647674,775",6.908526576,50.9619378,trocken,"5,20122E+18","PKW, Sonstige"
220105,5,3,15,0,2020,Dezember,10,Donnerstag,Unfall mit Schwerverletzten,Unfall anderer Art,Abbiegeunfall,Tageslicht,0,1,1,0,0,0,"363348,4437","5639259,858",7.057116815,50.88882391,nass/feucht,"5,20122E+18","Fuss, PKW"
220110,5,3,15,0,2020,Dezember,12,Donnerstag,Unfall mit Leichtverletzten,Zusammenstoß mit anfahrendem/ anhaltendem/ruhendem Fahrzeug,Unfall durch ruhenden Verkehr,Tageslicht,1,1,0,0,0,0,"358890,5267","5651251,655",6.989130739,50.99552314,trocken,"5,20122E+18","Rad, PKW"
220113,5,3,15,0,2020,Dezember,15,Donnerstag,Unfall mit Schwerverletzten,Zusammenstoß mit einbiegendem / kreuzendem Fahrzeug,Abbiegeunfall,Tageslicht,1,1,0,0,0,0,"353718,5963","5643881,635",6.918442607,50.92800025,trocken,"5,20122E+18","Rad, PKW"
220121,5,3,15,0,2020,Dezember,19,Dienstag,Unfall mit Leichtverletzten,Zusammenstoß mit anfahrendem/ anhaltendem/ruhendem Fahrzeug,Unfall durch ruhenden Verkehr,Dunkelheit,0,1,0,1,0,0,"354593,472","5649051,036",6.928818662,50.97467729,nass/feucht,"5,20122E+18","Krad, PKW"
220130,5,3,15,0,2020,Dezember,12,Mittwoch,Unfall mit Leichtverletzten,Unfall anderer Art,Fahrunfall,Tageslicht,1,0,0,0,0,0,"355409,5318","5644284,242",6.942327925,50.93204472,nass/feucht,"5,20122E+18",Rad
220150,5,3,15,0,2020,Dezember,15,Samstag,Unfall mit Leichtverletzten,Zusammenstoß mit einbiegendem / kreuzendem Fahrzeug,Überschreiten-Unfall,Tageslicht,1,0,1,0,0,0,"364170,503","5638485,438",7.069085405,50.88205764,trocken,"5,20122E+18","Rad, Fuss"
220158,5,3,15,0,2020,Dezember,1,Sonntag,Unfall mit Leichtverletzten,Zusammenstoß mit anfahrendem/ anhaltendem/ruhendem Fahrzeug,Abbiegeunfall,Dunkelheit,0,1,0,0,1,0,"353499,99","5649791,033",6.912955822,50.98105021,nass/feucht,"5,20122E+18","PKW, Gkfz"
220160,5,3,15,0,2020,Dezember,15,Samstag,Unfall mit Leichtverletzten,Zusammenstoß mit einbiegendem / kreuzendem Fahrzeug,Abbiegeunfall,Tageslicht,1,1,0,0,0,0,"356877,8127","5641130,744",6.964446215,50.90407062,trocken,"5,20122E+18","Rad, PKW"
220164,5,3,15,0,2020,Dezember,12,Montag,Unfall mit Leichtverletzten,Zusammenstoß mit einbiegendem / kreuzendem Fahrzeug,Einbiegen / Kreuzen-Unfall,Tageslicht,1,1,0,0,0,0,"350633,842","5647311,36",6.873172733,50.95803064,trocken,"5,20122E+18","Rad, PKW"
220168,5,3,15,0,2020,Dezember,10,Mittwoch,Unfall mit Leichtverletzten,Unfall anderer Art,Unfall durch ruhenden Verkehr,Tageslicht,1,1,0,0,0,0,"353905,6451","5645848,446",6.920313837,50.94572274,nass/feucht,"5,20122E+18","Rad, PKW"
220215,5,3,15,0,2020,Dezember,22,Sonntag,Unfall mit Leichtverletzten,Zusammenstoß mit anfahrendem/ anhaltendem/ruhendem Fahrzeug,Unfall durch ruhenden Verkehr,Dunkelheit,1,1,0,0,0,0,"353962,7789","5646720,182",6.920776948,50.9535712,trocken,"5,20123E+18","Rad, PKW"
220272,5,3,15,0,2020,Dezember,12,Freitag,Unfall mit Leichtverletzten,Aufprall auf Fahrbahnhindernis,Fahrunfall,Tageslicht,0,1,0,0,0,0,"358614,7477","5646599,458",6.987012385,50.95364626,nass/feucht,"5,20123E+18",PKW
220275,5,3,15,0,2020,Dezember,21,Freitag,Unfall mit Schwerverletzten,Abkommen von Fahrbahn nach links,Fahrunfall,Dunkelheit,0,1,0,1,0,0,"357121,9275","5649448,461",6.964653457,50.97888175,nass/feucht,"5,20123E+18","Krad, PKW"
220276,5,3,15,0,2020,Dezember,20,Freitag,Unfall mit Schwerverletzten,Unfall anderer Art,Fahrunfall,Dunkelheit,1,0,0,0,0,0,"355407,4853","5641909,71",6.94324024,50.91070471,nass/feucht,"5,20123E+18",Rad
220313,5,3,15,0,2020,Dezember,16,Donnerstag,Unfall mit Leichtverletzten,Zusammenstoß mit einbiegendem / kreuzendem Fahrzeug,Einbiegen / Kreuzen-Unfall,Dämmerung,1,1,0,0,0,0,"352364,0042","5648233,693",6.897416457,50.96676505,trocken,"5,20123E+18","Rad, PKW"
220316,5,3,15,0,2020,Dezember,17,Donnerstag,Unfall mit Schwerverletzten,Unfall anderer Art,Sonstiger Unfall,Dunkelheit,1,0,0,0,0,0,"353606,6313","5648574,4",6.914963832,50.97014396,nass/feucht,"5,20123E+18",Rad
220355,5,3,15,0,2020,Dezember,14,Mittwoch,Unfall mit Leichtverletzten,Zusammenstoß mit einbiegendem / kreuzendem Fahrzeug,Unfall durch ruhenden Verkehr,Tageslicht,1,1,0,0,0,0,"360948,2983","5643885,227",7.021251266,50.92982061,trocken,"5,20123E+18","Rad, PKW"
220357,5,3,15,0,2020,Dezember,17,Mittwoch,Unfall mit Leichtverletzten,Zusammenstoß mit einbiegendem / kreuzendem Fahrzeug,Abbiegeunfall,Dunkelheit,0,1,0,0,0,0,"356766,0626","5648939,676",6.959787926,50.97422097,nass/feucht,"5,20123E+18",PKW
220396,5,3,15,0,2020,Dezember,1,Dienstag,Unfall mit Schwerverletzten,Zusammenstoß mit einbiegendem / kreuzendem Fahrzeug,Fahrunfall,Dunkelheit,0,1,0,0,0,0,"354984,0325","5646025,383",6.935583775,50.94758509,nass/feucht,"5,20123E+18",PKW
220399,5,3,15,0,2020,Dezember,9,Donnerstag,Unfall mit Leichtverletzten,Unfall anderer Art,Unfall durch ruhenden Verkehr,Tageslicht,1,1,0,0,0,0,"355271,3802","5643059,613",6.940849364,50.92100457,nass/feucht,"5,20122E+18","Rad, PKW"
220436,5,3,15,0,2020,Dezember,18,Montag,Unfall mit Leichtverletzten,Zusammenstoß zwischen Fahrzeug und Fußgänger,Unfall im Längsverkehr,Dunkelheit,0,1,1,0,0,0,"349458,1404","5645183,951",6.857323855,50.9386072,trocken,"5,20123E+18","Fuss, PKW"
28934,5,3,15,0,2021,September,14,Samstag,Unfall mit Leichtverletzten,Zusammenstoß mit anfahrendem/ anhaltendem/ruhendem Fahrzeug,Unfall im Längsverkehr,Tageslicht,1,0,0,0,0,0,"351177,517","5645022,259",6.88184396,50.93760047,trocken,"5,21E+18",Rad
28936,5,3,15,0,2021,März,14,Dienstag,Unfall mit Leichtverletzten,Zusammenstoß mit einbiegendem / kreuzendem Fahrzeug,Abbiegeunfall,Tageslicht,1,0,0,0,1,0,"351566,82","5647979,149",6.886175321,50.96427275,trocken,"5,21E+18","Rad, Gkfz"
28937,5,3,15,0,2021,April,11,Mittwoch,Unfall mit Leichtverletzten,Unfall anderer Art,Sonstiger Unfall,Tageslicht,1,1,0,0,0,0,"349335,0802","5645106,067",6.855605844,50.93787517,trocken,"5,21E+18","Rad, PKW"
28938,5,3,15,0,2021,Oktober,7,Donnerstag,Unfall mit Leichtverletzten,Zusammenstoß mit vorausfahrendem / wartendem Fahrzeug,Unfall im Längsverkehr,Dunkelheit,0,1,0,0,0,0,"348566,777","5655920,576",6.840171924,51.03485461,trocken,"5,21E+18",PKW
28943,5,3,15,0,2021,März,21,Dienstag,Unfall mit Schwerverletzten,Zusammenstoß mit seitlich in gleicher Richtung fahrendem Fahrzeug,Unfall im Längsverkehr,Dunkelheit,0,1,0,0,0,0,"354197,8891","5644993,66",6.924813202,50.93811503,trocken,"5,21E+18",PKW
28944,5,3,15,0,2021,Dezember,8,Mittwoch,Unfall mit Leichtverletzten,Zusammenstoß mit seitlich in gleicher Richtung fahrendem Fahrzeug,Sonstiger Unfall,Dämmerung,0,1,0,1,0,0,"355141,0309","5643672,628",6.938752561,50.9264809,trocken,"5,21E+18","Krad, PKW"
28951,5,3,15,0,2021,Juni,8,Mittwoch,Unfall mit Schwerverletzten,Unfall anderer Art,Sonstiger Unfall,Tageslicht,1,0,0,0,0,0,"353449,9795","5646588,511",6.913534076,50.95225776,trocken,"5,21E+18",Rad
28954,5,3,15,0,2021,Juni,14,Donnerstag,Unfall mit Leichtverletzten,Zusammenstoß mit einbiegendem / kreuzendem Fahrzeug,Einbiegen / Kreuzen-Unfall,Tageslicht,1,1,0,0,0,0,"352076,6604","5651050,137",6.892181037,50.99200116,trocken,"5,21E+18","Rad, PKW"
28963,5,3,15,0,2021,März,8,Freitag,Unfall mit Leichtverletzten,Zusammenstoß mit einbiegendem / kreuzendem Fahrzeug,Abbiegeunfall,Tageslicht,0,0,0,0,1,1,"353034,9665","5644916,27",6.908304403,50.93712435,trocken,"5,21E+18","Gkfz, Sonstige"
28972,5,3,15,0,2021,November,7,Samstag,Unfall mit Leichtverletzten,Unfall anderer Art,Abbiegeunfall,Dämmerung,0,1,0,1,0,0,"356869,406","5644444,406",6.963026439,50.93384822,nass/feucht,"5,21E+18","Krad, PKW"
28976,5,3,15,0,2021,Juni,14,Samstag,Unfall mit Leichtverletzten,Zusammenstoß mit einbiegendem / kreuzendem Fahrzeug,Einbiegen / Kreuzen-Unfall,Tageslicht,1,1,0,0,0,0,"357595,0881","5647002,644",6.972346823,50.95701862,trocken,"5,21E+18","Rad, PKW"
28979,5,3,15,0,2021,Dezember,16,Donnerstag,Unfall mit Leichtverletzten,Zusammenstoß mit vorausfahrendem / wartendem Fahrzeug,Unfall im Längsverkehr,Dämmerung,0,1,0,0,0,0,"354157,1101","5644821,05",6.924302295,50.93655353,trocken,"5,21E+18",PKW
28981,5,3,15,0,2021,März,1,Donnerstag,Unfall mit Schwerverletzten,Abkommen von Fahrbahn nach rechts,Fahrunfall,Dunkelheit,0,0,0,0,0,1,"355082,9501","5644787,959",6.937483243,50.93648955,trocken,"5,21E+18",Sonstige
28988,5,3,15,0,2021,Juni,22,Samstag,Unfall mit Schwerverletzten,Zusammenstoß mit einbiegendem / kreuzendem Fahrzeug,Abbiegeunfall,Dunkelheit,0,1,0,0,0,0,"353215,5277","5641507,423",6.912244439,50.90653625,trocken,"5,21E+18",PKW
28989,5,3,15,0,2021,März,17,Samstag,Unfall mit Leichtverletzten,Zusammenstoß mit einbiegendem / kreuzendem Fahrzeug,Einbiegen / Kreuzen-Unfall,Dämmerung,0,1,0,0,0,0,"352815,862","5651762,202",6.902418064,50.99858962,trocken,"5,21E+18",PKW
28990,5,3,15,0,2021,April,20,Donnerstag,Unfall mit Leichtverletzten,Zusammenstoß zwischen Fahrzeug und Fußgänger,Sonstiger Unfall,Tageslicht,0,1,1,0,0,0,"353576,634","5646450,859",6.915391368,50.95105293,trocken,"5,21E+18","Fuss, PKW"
28991,5,3,15,0,2021,Mai,17,Mittwoch,Unfall mit Leichtverletzten,Zusammenstoß mit vorausfahrendem / wartendem Fahrzeug,Unfall im Längsverkehr,Tageslicht,0,1,0,0,0,0,"351650,3158","5643961,338",6.889000131,50.92818832,nass/feucht,"5,21E+18",PKW
28992,5,3,15,0,2021,Juni,9,Dienstag,Unfall mit Leichtverletzten,Zusammenstoß mit einbiegendem / kreuzendem Fahrzeug,Abbiegeunfall,Tageslicht,0,1,0,0,0,1,"355405,536","5644712,304",6.942101264,50.93589062,trocken,"5,21E+18","PKW, Sonstige"
28995,5,3,15,0,2021,April,13,Freitag,Unfall mit Leichtverletzten,Zusammenstoß mit vorausfahrendem / wartendem Fahrzeug,Unfall im Längsverkehr,Tageslicht,0,1,0,0,0,0,"357044,673","5639886,574",6.967304837,50.89293062,trocken,"5,21E+18",PKW
28997,5,3,15,0,2021,Oktober,13,Samstag,Unfall mit Leichtverletzten,Zusammenstoß mit vorausfahrendem / wartendem Fahrzeug,Unfall im Längsverkehr,Tageslicht,0,1,0,0,0,1,"349756,7704","5654328,469",6.857791421,51.02086002,trocken,"5,21E+18","PKW, Sonstige"
28998,5,3,15,0,2021,Juli,8,Donnerstag,Unfall mit Leichtverletzten,Abkommen von Fahrbahn nach rechts,Fahrunfall,Tageslicht,1,1,1,0,0,1,"356509,8648","5646493,776",6.957105768,50.9521763,trocken,"5,21E+18","Rad, Fuss, PKW, Sonstige"
29000,5,3,15,0,2021,März,6,Freitag,Unfall mit Leichtverletzten,Zusammenstoß mit vorausfahrendem / wartendem Fahrzeug,Unfall im Längsverkehr,Dämmerung,0,1,0,0,0,1,"349738,4439","5643068,221",6.862182543,50.91966763,trocken,"5,21E+18","PKW, Sonstige"
29001,5,3,15,0,2021,März,21,Donnerstag,Unfall mit Schwerverletzten,Zusammenstoß mit vorausfahrendem / wartendem Fahrzeug,Sonstiger Unfall,Dunkelheit,0,1,0,1,0,0,"352014,5242","5642506,099",6.894769527,50.9152043,nass/feucht,"5,21E+18","Krad, PKW"
29005,5,3,15,0,2021,Juni,18,Donnerstag,Unfall mit Leichtverletzten,Unfall anderer Art,Einbiegen / Kreuzen-Unfall,Tageslicht,0,1,0,1,0,0,"353706,9895","5646309,468",6.917302719,50.9498154,trocken,"5,21E+18","Krad, PKW"
29008,5,3,15,0,2021,September,8,Mittwoch,Unfall mit Leichtverletzten,Zusammenstoß mit vorausfahrendem / wartendem Fahrzeug,Unfall im Längsverkehr,Tageslicht,0,1,0,0,0,0,"358173,922","5645342,24",6.981229894,50.94223934,trocken,"5,21E+18",PKW
29014,5,3,15,0,2021,Januar,18,Montag,Unfall mit Leichtverletzten,Zusammenstoß mit seitlich in gleicher Richtung fahrendem Fahrzeug,Unfall im Längsverkehr,Dunkelheit,1,1,0,0,0,0,"352971,806","5644899,652",6.907412811,50.93695891,nass/feucht,"5,21E+18","Rad, PKW"
29023,5,3,15,0,2021,März,14,Donnerstag,Unfall mit Leichtverletzten,Zusammenstoß zwischen Fahrzeug und Fußgänger,Überschreiten-Unfall,Tageslicht,1,0,1,0,0,0,"353183,7456","5644881,718",6.910434333,50.93685175,trocken,"5,21E+18","Rad, Fuss"
29024,5,3,15,0,2021,Juli,12,Mittwoch,Unfall mit Leichtverletzten,Unfall anderer Art,Fahrunfall,Tageslicht,0,0,0,1,0,0,"352650,0891","5651313,777",6.900239216,50.99451743,nass/feucht,"5,21E+18",Krad
29025,5,3,15,0,2021,Oktober,17,Dienstag,Unfall mit Schwerverletzten,Unfall anderer Art,Fahrunfall,Tageslicht,1,0,0,0,0,0,"356077,6971","5646100,181",6.951112702,50.94853138,nass/feucht,"5,21E+18",Rad
29029,5,3,15,0,2021,Juni,21,Mittwoch,Unfall mit Leichtverletzten,Abkommen von Fahrbahn nach rechts,Fahrunfall,Dunkelheit,0,1,0,0,0,0,"351622,8246","5658259,708",6.882768434,51.05667189,nass/feucht,"5,21E+18",PKW
29030,5,3,15,0,2021,Oktober,13,Samstag,Unfall mit Leichtverletzten,Zusammenstoß mit vorausfahrendem / wartendem Fahrzeug,Unfall im Längsverkehr,Tageslicht,0,1,0,0,0,0,"357106,1032","5644717,875",6.966285511,50.93636456,nass/feucht,"5,21E+18",PKW
29033,5,3,15,0,2021,April,10,Samstag,Unfall mit Schwerverletzten,Zusammenstoß mit einbiegendem / kreuzendem Fahrzeug,Einbiegen / Kreuzen-Unfall,Tageslicht,0,1,0,0,0,0,"356543,7407","5652822,909",6.955089737,51.00906342,trocken,"5,21E+18",PKW
29034,5,3,15,0,2021,Juni,3,Donnerstag,Unfall mit Leichtverletzten,Zusammenstoß mit seitlich in gleicher Richtung fahrendem Fahrzeug,Unfall im Längsverkehr,Dunkelheit,0,1,0,0,0,1,"348794,4084","5655475,24",6.843601883,51.03091273,trocken,"5,21E+18","PKW, Sonstige"
29036,5,3,15,0,2021,Oktober,15,Samstag,Unfall mit Schwerverletzten,Zusammenstoß mit vorausfahrendem / wartendem Fahrzeug,Unfall im Längsverkehr,Tageslicht,0,1,0,0,0,0,"349066,4805","5648600,669",6.850336893,50.96920826,trocken,"5,21E+18",PKW
29038,5,3,15,0,2021,November,15,Mittwoch,Unfall mit Leichtverletzten,Zusammenstoß zwischen Fahrzeug und Fußgänger,Überschreiten-Unfall,Tageslicht,0,1,1,0,0,0,"355847,6866","5650261,859",6.946191258,50.98587397,nass/feucht,"5,21E+18","Fuss, PKW"
29040,5,3,15,0,2021,Dezember,3,Sonntag,Unfall mit Schwerverletzten,Abkommen von Fahrbahn nach links,Fahrunfall,Dunkelheit,0,1,1,0,0,0,"355206,7652","5644663,553",6.939293642,50.93540263,trocken,"5,21E+18","Fuss, PKW"
29042,5,3,15,0,2021,Mai,19,Mittwoch,Unfall mit Leichtverletzten,Aufprall auf Fahrbahnhindernis,Fahrunfall,Tageslicht,1,0,0,0,0,0,"354695,6864","5646044,985",6.931473977,50.94768865,nass/feucht,"5,21E+18",Rad
29047,5,3,15,0,2021,Juni,20,Mittwoch,Unfall mit Leichtverletzten,Abkommen von Fahrbahn nach rechts,Fahrunfall,Dämmerung,0,1,0,0,0,0,"357114,9622","5639172,122",6.96858302,50.88652722,nass/feucht,"5,21E+18",PKW
29049,5,3,15,0,2021,Februar,9,Mittwoch,Unfall mit Leichtverletzten,Zusammenstoß mit vorausfahrendem / wartendem Fahrzeug,Unfall im Längsverkehr,Tageslicht,0,1,0,0,0,0,"353525,5619","5648829,277",6.913707348,50.97241383,trocken,"5,21E+18",PKW
29062,5,3,15,0,2021,November,21,Samstag,Unfall mit Leichtverletzten,Zusammenstoß mit einbiegendem / kreuzendem Fahrzeug,Einbiegen / Kreuzen-Unfall,Dunkelheit,0,1,0,0,0,0,"356178,9738","5644621,03",6.953137486,50.93526376,trocken,"5,21E+18",PKW
29063,5,3,15,0,2021,März,15,Montag,Unfall mit Leichtverletzten,Zusammenstoß mit entgegenkommendem Fahrzeug,Unfall im Längsverkehr,Tageslicht,1,0,0,0,0,0,"354553,719","5644820,736",6.929943181,50.93665087,trocken,"5,21E+18",Rad
29069,5,3,15,0,2021,Oktober,6,Donnerstag,Unfall mit Leichtverletzten,Zusammenstoß mit vorausfahrendem / wartendem Fahrzeug,Unfall im Längsverkehr,Dunkelheit,0,1,0,0,0,0,"348586,8554","5655874,331",6.8404774,51.03444434,trocken,"5,21E+18",PKW
29071,5,3,15,0,2021,Juni,7,Donnerstag,Unfall mit Leichtverletzten,Zusammenstoß mit anfahrendem/ anhaltendem/ruhendem Fahrzeug,Unfall im Längsverkehr,Tageslicht,0,1,0,0,1,0,"348969,3697","5649678,2",6.848507278,50.97886572,nass/feucht,"5,21E+18","PKW, Gkfz"
29072,5,3,15,0,2021,Januar,13,Sonntag,Unfall mit Leichtverletzten,Zusammenstoß mit vorausfahrendem / wartendem Fahrzeug,Unfall im Längsverkehr,Tageslicht,0,1,0,0,0,0,"346607,7552","5645269,063",6.816749427,50.93862086,nass/feucht,"5,21E+18",PKW
29081,5,3,15,0,2021,Juni,10,Freitag,Unfall mit Schwerverletzten,Unfall anderer Art,Fahrunfall,Tageslicht,1,0,0,0,0,0,"353255,7007","5643470,417",6.912025859,50.92418722,trocken,"5,21E+18",Rad
29083,5,3,15,0,2021,November,16,Sonntag,Unfall mit Leichtverletzten,Zusammenstoß mit einbiegendem / kreuzendem Fahrzeug,Einbiegen / Kreuzen-Unfall,Dämmerung,0,1,0,0,0,0,"353656,8643","5648665,424",6.915642152,50.97097473,nass/feucht,"5,21E+18",PKW
29084,5,3,15,0,2021,Dezember,17,Mittwoch,Unfall mit Leichtverletzten,Zusammenstoß mit seitlich in gleicher Richtung fahrendem Fahrzeug,Unfall im Längsverkehr,Dunkelheit,0,1,0,0,0,0,"352011,0918","5651618,973",6.891015615,50.99709609,trocken,"5,21E+18",PKW
29101,5,3,15,0,2021,September,16,Freitag,Unfall mit Leichtverletzten,Zusammenstoß mit anfahrendem/ anhaltendem/ruhendem Fahrzeug,Sonstiger Unfall,Tageslicht,1,1,0,0,0,0,"353877,9325","5646685,985",6.919583514,50.95324238,trocken,"5,21E+18","Rad, PKW"
29105,5,3,15,0,2021,Oktober,10,Samstag,Unfall mit Leichtverletzten,Zusammenstoß mit vorausfahrendem / wartendem Fahrzeug,Unfall im Längsverkehr,Tageslicht,0,1,0,0,0,0,"358060,0993","5644010,089",6.980129709,50.93023928,nass/feucht,"5,21E+18",PKW
29106,5,3,15,0,2021,Dezember,17,Donnerstag,Unfall mit Leichtverletzten,Zusammenstoß mit anfahrendem/ anhaltendem/ruhendem Fahrzeug,Unfall im Längsverkehr,Dunkelheit,0,1,0,0,0,0,"349114,0008","5645138,398",6.852448224,50.9381079,nass/feucht,"5,21E+18",PKW
29111,5,3,15,0,2021,Dezember,0,Donnerstag,Unfall mit Leichtverletzten,Zusammenstoß mit einbiegendem / kreuzendem Fahrzeug,Einbiegen / Kreuzen-Unfall,Dunkelheit,0,1,0,0,0,1,"354173,966","5644843,07",6.924533214,50.93675567,nass/feucht,"5,21E+18","PKW, Sonstige"
29113,5,3,15,0,2021,Dezember,15,Freitag,Unfall mit Leichtverletzten,Zusammenstoß mit seitlich in gleicher Richtung fahrendem Fahrzeug,Unfall im Längsverkehr,Dämmerung,1,1,0,0,0,0,"355024,44","5645377,426",6.936416523,50.94177223,nass/feucht,"5,21E+18","Rad, PKW"
29119,5,3,15,0,2021,Juni,14,Samstag,Unfall mit Leichtverletzten,Zusammenstoß mit einbiegendem / kreuzendem Fahrzeug,Einbiegen / Kreuzen-Unfall,Tageslicht,1,0,0,0,0,0,"353160,9717","5643947,767",6.910486705,50.92845289,trocken,"5,21E+18",Rad
29121,5,3,15,0,2021,Februar,18,Freitag,Unfall mit Leichtverletzten,Zusammenstoß mit seitlich in gleicher Richtung fahrendem Fahrzeug,Unfall durch ruhenden Verkehr,Dunkelheit,1,1,0,0,0,0,"353467,2588","5646569,652",6.913787501,50.95209267,trocken,"5,21E+18","Rad, PKW"
29123,5,3,15,0,2021,September,12,Freitag,Unfall mit Leichtverletzten,Unfall anderer Art,Sonstiger Unfall,Tageslicht,0,0,0,0,0,1,"356283,9023","5644580,154",6.954645932,50.93492257,trocken,"5,21E+18",Sonstige
29132,5,3,15,0,2021,Oktober,19,Dienstag,Unfall mit Schwerverletzten,Zusammenstoß mit einbiegendem / kreuzendem Fahrzeug,Einbiegen / Kreuzen-Unfall,Dunkelheit,1,1,0,0,0,0,"355678,71","5639969,483",6.947862576,50.89333601,nass/feucht,"5,21E+18","Rad, PKW"
29133,5,3,15,0,2021,Juni,18,Sonntag,Unfall mit Leichtverletzten,Abkommen von Fahrbahn nach links,Fahrunfall,Tageslicht,0,1,0,0,0,0,"354114,2582","5634853,427",6.927673257,50.84696596,trocken,"5,21E+18",PKW
29134,5,3,15,0,2021,Februar,7,Dienstag,Unfall mit Leichtverletzten,Zusammenstoß zwischen Fahrzeug und Fußgänger,Überschreiten-Unfall,Dämmerung,0,1,1,0,0,1,"355257,3862","5645166,715",6.939813706,50.93993715,nass/feucht,"5,21E+18","Fuss, PKW, Sonstige"
29137,5,3,15,0,2021,April,14,Mittwoch,Unfall mit Leichtverletzten,Zusammenstoß mit einbiegendem / kreuzendem Fahrzeug,Einbiegen / Kreuzen-Unfall,Tageslicht,1,1,0,0,0,0,"354502,6171","5637517,714",6.932126976,50.87100733,trocken,"5,21E+18","Rad, PKW"
29142,5,3,15,0,2021,September,8,Donnerstag,Unfall mit Leichtverletzten,Zusammenstoß mit einbiegendem / kreuzendem Fahrzeug,Abbiegeunfall,Tageslicht,0,1,0,0,0,0,"346416,1105","5645281,901",6.814018436,50.93868521,nass/feucht,"5,21E+18",PKW
29145,5,3,15,0,2021,September,12,Sonntag,Unfall mit Leichtverletzten,Zusammenstoß mit anfahrendem/ anhaltendem/ruhendem Fahrzeug,Unfall durch ruhenden Verkehr,Tageslicht,0,1,0,1,0,0,"352728,5746","5644932,695",6.903940126,50.93719379,trocken,"5,21E+18","Krad, PKW"