OBJECTID,ULAND,UREGBEZ,UKREIS,UGEMEINDE,UJAHR,UMONAT,USTUNDE,UWOCHENTAG,UKATEGORIE,UART,UTYP1,ULICHTVERH,IstRad,IstPKW,IstFuss,IstKrad,IstGkfz,IstSonstige,LINREFX,LINREFY,XGCSWGS84,YGCSWGS84,USTRZUSTAND,UIDENTSTLAE,Participants
29149,5,3,15,0,2021,März,16,Sonntag,Unfall mit Leichtverletzten,Zusammenstoß mit einbiegendem / kreuzendem Fahrzeug,Abbiegeunfall,Tageslicht,1,1,0,0,0,0,"354939,1195","5644795,183",6.935434735,50.9365183,trocken,"5,21E+18","Rad, PKW"
29156,5,3,15,0,2021,April,0,Montag,Unfall mit Leichtverletzten,Unfall anderer Art,Sonstiger Unfall,Dunkelheit,1,0,0,0,0,0,"355977,8034","5646876,488",6.949384481,50.95548295,trocken,"5,21E+18",Rad
29157,5,3,15,0,2021,September,7,Donnerstag,Unfall mit Leichtverletzten,Zusammenstoß mit vorausfahrendem / wartendem Fahrzeug,Fahrunfall,Tageslicht,0,1,0,0,1,0,"351492,2297","5641740,757",6.887656265,50.90819238,nass/feucht,"5,21E+18","PKW, Gkfz"
29158,5,3,15,0,2021,Februar,11,Donnerstag,Unfall mit Leichtverletzten,Zusammenstoß zwischen Fahrzeug und Fußgänger,Überschreiten-Unfall,Tageslicht,1,0,1,0,0,0,"356315,3906","5647820,327",6.953815164,50.96404934,trocken,"5,21E+18","Rad, Fuss"
29160,5,3,15,0,2021,Mai,14,Dienstag,Unfall mit Schwerverletzten,Abkommen von Fahrbahn nach rechts,Fahrunfall,Tageslicht,1,0,0,0,0,0,"356977,1775","5641090,891",6.965874091,50.90373709,trocken,"5,21E+18",Rad
29161,5,3,15,0,2021,Dezember,12,Mittwoch,Unfall mit Leichtverletzten,Unfall anderer Art,Fahrunfall,Tageslicht,0,0,0,1,0,0,"351476,1317","5644625,552",6.886252667,50.93411245,nass/feucht,"5,21E+18",Krad
29163,5,3,15,0,2021,September,15,Donnerstag,Unfall mit Schwerverletzten,Unfall anderer Art,Fahrunfall,Tageslicht,1,0,0,0,0,0,"356493,795","5651671,918",6.954833304,50.99870728,trocken,"5,21E+18",Rad
29164,5,3,15,0,2021,November,14,Montag,Unfall mit Leichtverletzten,Unfall anderer Art,Fahrunfall,Tageslicht,0,0,0,1,0,0,"348439,868","5643422,007",6.843574213,50.92250723,trocken,"5,21E+18",Krad
29172,5,3,15,0,2021,März,10,Mittwoch,Unfall mit Leichtverletzten,Zusammenstoß mit einbiegendem / kreuzendem Fahrzeug,Einbiegen / Kreuzen-Unfall,Tageslicht,1,0,0,0,0,1,"352668,9198","5647138,666",6.902199232,50.95700263,trocken,"5,21E+18","Rad, Sonstige"
29177,5,3,15,0,2021,November,13,Freitag,Unfall mit Schwerverletzten,Zusammenstoß mit vorausfahrendem / wartendem Fahrzeug,Unfall im Längsverkehr,Tageslicht,0,1,0,0,0,0,"351287,7492","5645205,723",6.883336843,50.93927759,nass/feucht,"5,21E+18",PKW
29179,5,3,15,0,2021,März,15,Donnerstag,Unfall mit Schwerverletzten,Zusammenstoß mit einbiegendem / kreuzendem Fahrzeug,Einbiegen / Kreuzen-Unfall,Tageslicht,1,1,0,0,0,0,"350290,5119","5647412,894",6.868245897,50.95885396,trocken,"5,21E+18","Rad, PKW"
29181,5,3,15,0,2021,Februar,16,Dienstag,Unfall mit Leichtverletzten,Unfall anderer Art,Unfall im Längsverkehr,Tageslicht,1,1,0,0,0,0,"356383,4074","5643172,065",6.956615835,50.92229302,trocken,"5,21E+18","Rad, PKW"
29182,5,3,15,0,2021,Februar,23,Samstag,Unfall mit Leichtverletzten,Zusammenstoß mit anfahrendem/ anhaltendem/ruhendem Fahrzeug,Unfall im Längsverkehr,Dunkelheit,0,1,0,0,0,0,"357658,8085","5643847,491",6.974486456,50.92867913,nass/feucht,"5,21E+18",PKW
29184,5,3,15,0,2021,September,18,Freitag,Unfall mit Leichtverletzten,Zusammenstoß mit einbiegendem / kreuzendem Fahrzeug,Abbiegeunfall,Tageslicht,1,1,0,0,0,0,"355882,2517","5646809,577",6.948051422,50.95485776,trocken,"5,21E+18","Rad, PKW"
29186,5,3,15,0,2021,September,3,Sonntag,Unfall mit Leichtverletzten,Zusammenstoß mit anfahrendem/ anhaltendem/ruhendem Fahrzeug,Unfall im Längsverkehr,Dunkelheit,0,1,0,0,0,0,"355270,0277","5645232,669",6.939967313,50.94053304,trocken,"5,21E+18",PKW
29187,5,3,15,0,2021,Dezember,23,Mittwoch,Unfall mit Leichtverletzten,Unfall anderer Art,Sonstiger Unfall,Dunkelheit,1,1,0,0,0,0,"353734,418","5646279,76",6.917704863,50.94955538,trocken,"5,21E+18","Rad, PKW"
29189,5,3,15,0,2021,September,1,Montag,Unfall mit Leichtverletzten,Abkommen von Fahrbahn nach rechts,Fahrunfall,Dunkelheit,0,0,0,0,0,1,"356823,3412","5644713,805",6.962265463,50.93625786,trocken,"5,21E+18",Sonstige
29193,5,3,15,0,2021,September,7,Freitag,Unfall mit Leichtverletzten,Zusammenstoß mit einbiegendem / kreuzendem Fahrzeug,Einbiegen / Kreuzen-Unfall,Tageslicht,0,1,0,0,0,1,"357429,1688","5644692,956",6.970890153,50.93622058,trocken,"5,21E+18","PKW, Sonstige"
29198,5,3,15,0,2021,Oktober,17,Mittwoch,Unfall mit Leichtverletzten,Zusammenstoß mit vorausfahrendem / wartendem Fahrzeug,Unfall im Längsverkehr,Tageslicht,0,1,0,0,0,0,"353806,29","5635905,177",6.922881669,50.8563401,nass/feucht,"5,21E+18",PKW
29200,5,3,15,0,2021,Oktober,16,Donnerstag,Unfall mit Schwerverletzten,Unfall anderer Art,Fahrunfall,Tageslicht,0,0,0,0,0,1,"354747,9034","5636876,679",6.935865206,50.86530813,trocken,"5,21E+18",Sonstige
29204,5,3,15,0,2021,März,16,Mittwoch,Unfall mit Leichtverletzten,Zusammenstoß mit anfahrendem/ anhaltendem/ruhendem Fahrzeug,Unfall durch ruhenden Verkehr,Tageslicht,1,1,0,0,0,0,"356891,2481","5646341,264",6.962591861,50.95090051,trocken,"5,21E+18","Rad, PKW"
29206,5,3,15,0,2021,Februar,9,Freitag,Unfall mit Leichtverletzten,Zusammenstoß mit vorausfahrendem / wartendem Fahrzeug,Unfall im Längsverkehr,Tageslicht,0,1,0,0,0,0,"352677,8096","5650750,913",6.900862239,50.98946638,trocken,"5,21E+18",PKW
29208,5,3,15,0,2021,Mai,16,Dienstag,Unfall mit Leichtverletzten,Zusammenstoß mit vorausfahrendem / wartendem Fahrzeug,Unfall im Längsverkehr,Tageslicht,0,1,0,0,0,0,"353552,4","5649438,919",6.913843788,50.97789924,nass/feucht,"5,21E+18",PKW
29210,5,3,15,0,2021,Januar,19,Sonntag,Unfall mit Leichtverletzten,Zusammenstoß mit einbiegendem / kreuzendem Fahrzeug,Einbiegen / Kreuzen-Unfall,Dunkelheit,1,1,0,0,0,0,"356179,4596","5644620,874",6.953144457,50.93526248,trocken,"5,21E+18","Rad, PKW"
29215,5,3,15,0,2021,November,12,Donnerstag,Unfall mit Leichtverletzten,Unfall anderer Art,Fahrunfall,Tageslicht,1,0,0,0,0,0,"356494,0044","5651675,893",6.954834716,50.99874306,nass/feucht,"5,21E+18",Rad
29225,5,3,15,0,2021,Februar,14,Freitag,Unfall mit Leichtverletzten,Unfall anderer Art,Sonstiger Unfall,Tageslicht,1,0,0,0,0,0,"357673,3287","5634880,921",6.978185608,50.84809962,trocken,"5,21E+18",Rad
29230,5,3,15,0,2021,September,12,Donnerstag,Unfall mit Leichtverletzten,Zusammenstoß mit seitlich in gleicher Richtung fahrendem Fahrzeug,Sonstiger Unfall,Tageslicht,0,1,0,1,0,0,"353245,8504","5640974,908",6.91288949,50.90175842,trocken,"5,21E+18","Krad, PKW"
29232,5,3,15,0,2021,Oktober,12,Mittwoch,Unfall mit Leichtverletzten,Zusammenstoß zwischen Fahrzeug und Fußgänger,Überschreiten-Unfall,Tageslicht,1,0,1,0,0,0,"353613,1143","5646411,362",6.915926247,50.95070725,nass/feucht,"5,21E+18","Rad, Fuss"
29234,5,3,15,0,2021,Dezember,18,Mittwoch,Unfall mit Leichtverletzten,Zusammenstoß mit vorausfahrendem / wartendem Fahrzeug,Unfall im Längsverkehr,Dunkelheit,0,1,0,0,0,0,"353843,981","5642329,969",6.92084737,50.91408769,nass/feucht,"5,21E+18",PKW
29236,5,3,15,0,2021,November,3,Samstag,Unfall mit Leichtverletzten,Zusammenstoß mit anfahrendem/ anhaltendem/ruhendem Fahrzeug,Fahrunfall,Dunkelheit,0,0,0,1,0,1,"354618,0894","5634353,713",6.935023606,50.84260192,nass/feucht,"5,21E+18","Krad, Sonstige"
29245,5,3,15,0,2021,März,19,Donnerstag,Unfall mit Leichtverletzten,Zusammenstoß zwischen Fahrzeug und Fußgänger,Abbiegeunfall,Dunkelheit,0,1,1,0,0,0,"353843,981","5642329,969",6.92084737,50.91408769,trocken,"5,21E+18","Fuss, PKW"
29248,5,3,15,0,2021,Oktober,14,Samstag,Unfall mit Leichtverletzten,Zusammenstoß mit vorausfahrendem / wartendem Fahrzeug,Unfall im Längsverkehr,Tageslicht,0,1,0,0,0,0,"358181,93","5644798,103",6.981555621,50.93735114,nass/feucht,"5,21E+18",PKW
29249,5,3,15,0,2021,Dezember,18,Donnerstag,Unfall mit Leichtverletzten,Zusammenstoß mit vorausfahrendem / wartendem Fahrzeug,Unfall im Längsverkehr,Dunkelheit,0,1,0,0,0,0,"349549,342","5654543,962",6.854746661,51.02274223,nass/feucht,"5,21E+18",PKW
29254,5,3,15,0,2021,Juni,20,Donnerstag,Unfall mit Schwerverletzten,Zusammenstoß mit seitlich in gleicher Richtung fahrendem Fahrzeug,Abbiegeunfall,Tageslicht,1,1,0,0,0,0,"354272,0384","5644839,395",6.92592952,50.93674744,trocken,"5,21E+18","Rad, PKW"
29256,5,3,15,0,2021,Oktober,2,Sonntag,Unfall mit Schwerverletzten,Unfall anderer Art,Fahrunfall,Dunkelheit,0,0,0,0,0,1,"355141,472","5643673,263",6.938758581,50.92648672,trocken,"5,21E+18",Sonstige
29260,5,3,15,0,2021,Juli,13,Dienstag,Unfall mit Leichtverletzten,Zusammenstoß mit einbiegendem / kreuzendem Fahrzeug,Abbiegeunfall,Tageslicht,0,1,0,0,0,1,"347035,892","5645250,168",6.822846373,50.93856479,trocken,"5,21E+18","PKW, Sonstige"
29262,5,3,15,0,2021,April,15,Samstag,Unfall mit Schwerverletzten,Zusammenstoß mit einbiegendem / kreuzendem Fahrzeug,Einbiegen / Kreuzen-Unfall,Tageslicht,0,1,0,0,0,0,"353505,0703","5651903,894",6.912176094,51.00003881,trocken,"5,21E+18",PKW
29268,5,3,15,0,2021,Juni,2,Montag,Unfall mit Leichtverletzten,Unfall anderer Art,Fahrunfall,Dunkelheit,0,0,0,0,0,1,"354808,8412","5645561,852",6.933276311,50.94337537,nass/feucht,"5,21E+18",Sonstige
29269,5,3,15,0,2021,Dezember,15,Donnerstag,Unfall mit Leichtverletzten,Zusammenstoß mit seitlich in gleicher Richtung fahrendem Fahrzeug,Unfall im Längsverkehr,Tageslicht,0,1,0,0,0,0,"356963,6222","5634889,631",6.968107261,50.84800285,trocken,"5,21E+18",PKW
29273,5,3,15,0,2021,September,8,Freitag,Unfall mit Leichtverletzten,Zusammenstoß mit vorausfahrendem / wartendem Fahrzeug,Unfall im Längsverkehr,Tageslicht,0,1,0,0,0,0,"357931,1346","5646596,98",6.977286808,50.95345588,trocken,"5,21E+18",PKW
29276,5,3,15,0,2021,Dezember,12,Sonntag,Unfall mit Leichtverletzten,Zusammenstoß mit einbiegendem / kreuzendem Fahrzeug,Sonstiger Unfall,Tageslicht,1,1,0,0,0,0,"353016,8272","5643922,21",6.9084473,50.9281865,nass/feucht,"5,21E+18","Rad, PKW"
29278,5,3,15,0,2021,Oktober,18,Montag,Unfall mit Leichtverletzten,Zusammenstoß mit vorausfahrendem / wartendem Fahrzeug,Unfall im Längsverkehr,Dämmerung,0,1,0,0,0,0,"355929,873","5650054,575",6.947443586,50.98403173,trocken,"5,21E+18",PKW
29280,5,3,15,0,2021,November,18,Donnerstag,Unfall mit Leichtverletzten,Zusammenstoß mit vorausfahrendem / wartendem Fahrzeug,Unfall im Längsverkehr,Dunkelheit,0,1,0,0,0,0,"355383,386","5646703,261",6.940995705,50.95377735,nass/feucht,"5,21E+18",PKW
29281,5,3,15,0,2021,März,9,Freitag,Unfall mit Leichtverletzten,Zusammenstoß mit vorausfahrendem / wartendem Fahrzeug,Unfall im Längsverkehr,Tageslicht,0,1,0,0,0,0,"353834,033","5646620,54",6.918985212,50.95264312,nass/feucht,"5,21E+18",PKW
29285,5,3,15,0,2021,Juni,9,Samstag,Unfall mit Schwerverletzten,Zusammenstoß mit anfahrendem/ anhaltendem/ruhendem Fahrzeug,Unfall durch ruhenden Verkehr,Tageslicht,0,1,0,0,1,0,"349245,4553","5649629,289",6.852457556,50.97849854,trocken,"5,21E+18","PKW, Gkfz"
29286,5,3,15,0,2021,Oktober,15,Dienstag,Unfall mit Schwerverletzten,Abkommen von Fahrbahn nach links,Fahrunfall,Tageslicht,0,1,0,0,0,0,"348178,3573","5643953,693",6.839634841,50.92721632,trocken,"5,21E+18",PKW
29300,5,3,15,0,2021,September,14,Montag,Unfall mit Leichtverletzten,Zusammenstoß mit vorausfahrendem / wartendem Fahrzeug,Unfall im Längsverkehr,Tageslicht,0,1,0,0,0,0,"353073,6955","5640726,746",6.91054273,50.89948449,trocken,"5,21E+18",PKW
29302,5,3,15,0,2021,Februar,15,Montag,Unfall mit Leichtverletzten,Unfall anderer Art,Abbiegeunfall,Tageslicht,0,1,0,1,0,0,"356138,0083","5648875,317",6.950873543,50.97348605,trocken,"5,21E+18","Krad, PKW"
29305,5,3,15,0,2021,Januar,7,Freitag,Unfall mit Schwerverletzten,Zusammenstoß zwischen Fahrzeug und Fußgänger,Überschreiten-Unfall,Dämmerung,0,1,1,0,0,0,"356074,1016","5637770,14",6.954346975,50.87366931,nass/feucht,"5,21E+18","Fuss, PKW"
29313,5,3,15,0,2021,September,9,Dienstag,Unfall mit Schwerverletzten,Zusammenstoß mit vorausfahrendem / wartendem Fahrzeug,Unfall im Längsverkehr,Tageslicht,0,1,0,0,1,0,"347463,4463","5644145,785",6.829389341,50.92875391,trocken,"5,21E+18","PKW, Gkfz"
29314,5,3,15,0,2021,Februar,13,Dienstag,Unfall mit Leichtverletzten,Zusammenstoß mit vorausfahrendem / wartendem Fahrzeug,Unfall im Längsverkehr,Tageslicht,0,1,0,0,0,0,"355768,198","5648656,764",6.945696379,50.97142947,nass/feucht,"5,21E+18",PKW
29316,5,3,15,0,2021,November,3,Sonntag,Unfall mit Leichtverletzten,Zusammenstoß zwischen Fahrzeug und Fußgänger,Unfall im Längsverkehr,Dunkelheit,0,0,1,0,0,1,"355250,7495","5645132,068",6.939733075,50.93962411,nass/feucht,"5,21E+18","Fuss, Sonstige"
29318,5,3,15,0,2021,April,7,Donnerstag,Unfall mit Leichtverletzten,Unfall anderer Art,Sonstiger Unfall,Tageslicht,0,0,0,0,0,1,"354650,3864","5644808,286",6.931323002,50.93656335,trocken,"5,21E+18",Sonstige
29322,5,3,15,0,2021,Dezember,18,Mittwoch,Unfall mit Schwerverletzten,Zusammenstoß mit einbiegendem / kreuzendem Fahrzeug,Einbiegen / Kreuzen-Unfall,Dunkelheit,1,1,0,0,0,0,"357351,8621","5646873,32",6.968936624,50.95579624,trocken,"5,21E+18","Rad, PKW"
29330,5,3,15,0,2021,Juni,10,Montag,Unfall mit Leichtverletzten,Unfall anderer Art,Sonstiger Unfall,Tageslicht,0,0,1,0,0,1,"354855,718","5641522,94",6.935550864,50.90709041,trocken,"5,21E+18","Fuss, Sonstige"
29334,5,3,15,0,2021,Juni,14,Sonntag,Unfall mit Leichtverletzten,Zusammenstoß mit vorausfahrendem / wartendem Fahrzeug,Unfall im Längsverkehr,Tageslicht,0,1,0,0,0,0,"356858,2054","5644904,489",6.962686417,50.93798017,trocken,"5,21E+18",PKW
29335,5,3,15,0,2021,Mai,14,Freitag,Unfall mit Leichtverletzten,Unfall anderer Art,Sonstiger Unfall,Tageslicht,1,0,0,0,0,0,"353141,1484","5646874,687",6.909024857,50.95475089,nass/feucht,"5,21E+18",Rad
29336,5,3,15,0,2021,November,15,Freitag,Unfall mit Leichtverletzten,Unfall anderer Art,Sonstiger Unfall,Tageslicht,1,0,0,0,0,1,"352567,5978","5647198,073",6.90073351,50.95751057,trocken,"5,21E+18","Rad, Sonstige"
29346,5,3,15,0,2021,September,7,Mittwoch,Unfall mit Leichtverletzten,Zusammenstoß mit seitlich in gleicher Richtung fahrendem Fahrzeug,Unfall im Längsverkehr,Tageslicht,0,1,0,0,1,0,"357647,8152","5646895,722",6.973138901,50.95607075,trocken,"5,21E+18","PKW, Gkfz"
29349,5,3,15,0,2021,Februar,10,Mittwoch,Unfall mit Leichtverletzten,Unfall anderer Art,Fahrunfall,Tageslicht,1,0,0,0,0,0,"355602,7099","5644697,871",6.944911272,50.93581032,trocken,"5,21E+18",Rad
29350,5,3,15,0,2021,Oktober,17,Samstag,Unfall mit Leichtverletzten,Zusammenstoß mit anfahrendem/ anhaltendem/ruhendem Fahrzeug,Abbiegeunfall,Tageslicht,0,1,0,0,0,0,"354191,852","5644842,442",6.924787849,50.93675455,trocken,"5,21E+18",PKW
29353,5,3,15,0,2021,Juni,15,Samstag,Unfall mit Leichtverletzten,Unfall anderer Art,Einbiegen / Kreuzen-Unfall,Tageslicht,1,1,0,0,0,0,"357884,406","5643935,416",6.977660288,50.92952493,trocken,"5,21E+18","Rad, PKW"
29358,5,3,15,0,2021,Oktober,9,Donnerstag,Unfall mit Schwerverletzten,Unfall anderer Art,Abbiegeunfall,Tageslicht,0,1,0,0,0,1,"353353,9768","5644888,131",6.912852852,50.93695269,trocken,"5,21E+18","PKW, Sonstige"
29360,5,3,15,0,2021,September,19,Mittwoch,Unfall mit Leichtverletzten,Unfall anderer Art,Abbiegeunfall,Dunkelheit,1,1,0,0,0,0,"353658,3453","5646362,39",6.916589416,50.95027864,trocken,"5,21E+18","Rad, PKW"
29361,5,3,15,0,2021,November,8,Donnerstag,Unfall mit Schwerverletzten,Zusammenstoß mit seitlich in gleicher Richtung fahrendem Fahrzeug,Sonstiger Unfall,Tageslicht,0,1,0,0,0,0,"351727,956","5643625,934",6.890240542,50.92519417,trocken,"5,21E+18",PKW
29370,5,3,15,0,2021,September,16,Samstag,Unfall mit Leichtverletzten,Zusammenstoß mit seitlich in gleicher Richtung fahrendem Fahrzeug,Unfall im Längsverkehr,Tageslicht,0,1,0,1,0,0,"352986,3302","5644133,717",6.907928344,50.93007946,trocken,"5,21E+18","Krad, PKW"
29371,5,3,15,0,2021,November,14,Dienstag,Unfall mit Leichtverletzten,Zusammenstoß mit vorausfahrendem / wartendem Fahrzeug,Unfall im Längsverkehr,Tageslicht,0,1,0,0,0,1,"352480,836","5651096,786",6.897917199,50.9925241,trocken,"5,21E+18","PKW, Sonstige"
29372,5,3,15,0,2021,März,8,Donnerstag,Unfall mit Leichtverletzten,Unfall anderer Art,Fahrunfall,Tageslicht,1,0,0,0,0,0,"355897,7756","5646820,234",6.948268081,50.95495741,trocken,"5,21E+18",Rad
29375,5,3,15,0,2021,Dezember,17,Samstag,Unfall mit Schwerverletzten,Unfall anderer Art,Sonstiger Unfall,Dämmerung,0,0,0,0,0,1,"355306,1534","5644175,449",6.940900947,50.93104109,trocken,"5,21E+18",Sonstige
29378,5,3,15,0,2021,April,11,Montag,Unfall mit Leichtverletzten,Zusammenstoß mit seitlich in gleicher Richtung fahrendem Fahrzeug,Unfall im Längsverkehr,Tageslicht,0,1,0,0,0,0,"356902,3216","5638977,403",6.965638159,50.88472465,trocken,"5,21E+18",PKW
29379,5,3,15,0,2021,März,13,Mittwoch,Unfall mit Leichtverletzten,Zusammenstoß mit seitlich in gleicher Richtung fahrendem Fahrzeug,Abbiegeunfall,Tageslicht,0,1,0,0,1,0,"358230,6993","5645441,005",6.981999093,50.9431409,trocken,"5,21E+18","PKW, Gkfz"
29385,5,3,15,0,2021,Mai,15,Donnerstag,Unfall mit Leichtverletzten,Zusammenstoß mit seitlich in gleicher Richtung fahrendem Fahrzeug,Abbiegeunfall,Tageslicht,1,1,0,0,0,0,"354135,5092","5645982,092",6.923530176,50.94698198,trocken,"5,21E+18","Rad, PKW"
29387,5,3,15,0,2021,Oktober,18,Dienstag,Unfall mit Leichtverletzten,Zusammenstoß zwischen Fahrzeug und Fußgänger,Überschreiten-Unfall,Dämmerung,0,0,1,0,0,1,"355082,071","5644788,018",6.937470718,50.93648985,trocken,"5,21E+18","Fuss, Sonstige"
29392,5,3,15,0,2021,Dezember,18,Sonntag,Unfall mit Leichtverletzten,Zusammenstoß mit entgegenkommendem Fahrzeug,Abbiegeunfall,Dunkelheit,0,1,0,0,0,0,"353214,773","5641508,215",6.912233394,50.90654318,nass/feucht,"5,21E+18",PKW
29395,5,3,15,0,2021,Dezember,16,Dienstag,Unfall mit Schwerverletzten,Zusammenstoß mit einbiegendem / kreuzendem Fahrzeug,Abbiegeunfall,Dämmerung,0,1,0,0,0,1,"353534,0466","5646154,555",6.914904675,50.94837933,trocken,"5,21E+18","PKW, Sonstige"
29397,5,3,15,0,2021,Januar,8,Dienstag,Unfall mit Leichtverletzten,Zusammenstoß mit entgegenkommendem Fahrzeug,Sonstiger Unfall,Dämmerung,0,1,0,1,0,0,"355384,3461","5645631,697",6.941434939,50.9441477,nass/feucht,"5,21E+18","Krad, PKW"
29399,5,3,15,0,2021,Mai,23,Freitag,Unfall mit Schwerverletzten,Unfall anderer Art,Sonstiger Unfall,Dunkelheit,0,1,0,0,0,0,"354198,0318","5639684,62",6.926936819,50.89040412,nass/feucht,"5,21E+18",PKW
29403,5,3,15,0,2021,September,17,Freitag,Unfall mit Schwerverletzten,Unfall anderer Art,Fahrunfall,Tageslicht,1,0,0,0,0,0,"357816,7317","5641403,505",6.977684819,50.90675393,nass/feucht,"5,21E+18",Rad
29409,5,3,15,0,2021,Oktober,3,Sonntag,Unfall mit Schwerverletzten,Unfall anderer Art,Sonstiger Unfall,Dunkelheit,0,0,0,0,0,1,"353379,4808","5645702,383",6.912887873,50.94427655,nass/feucht,"5,21E+18",Sonstige
29415,5,3,15,0,2021,September,16,Donnerstag,Unfall mit Leichtverletzten,Zusammenstoß mit anfahrendem/ anhaltendem/ruhendem Fahrzeug,Unfall im Längsverkehr,Tageslicht,0,1,0,0,0,0,"350593,6583","5652487,584",6.870473226,51.00453542,trocken,"5,21E+18",PKW
29419,5,3,15,0,2021,Dezember,10,Donnerstag,Unfall mit Schwerverletzten,Zusammenstoß zwischen Fahrzeug und Fußgänger,Unfall im Längsverkehr,Tageslicht,1,0,1,0,0,0,"353001,2477","5643852,772",6.908253761,50.92755852,nass/feucht,"5,21E+18","Rad, Fuss"
29420,5,3,15,0,2021,September,8,Samstag,Unfall mit Leichtverletzten,Zusammenstoß mit einbiegendem / kreuzendem Fahrzeug,Abbiegeunfall,Tageslicht,1,1,0,0,0,0,"352524,765","5651484,368",6.898385339,50.99601834,trocken,"5,21E+18","Rad, PKW"
29422,5,3,15,0,2021,Mai,11,Mittwoch,Unfall mit Leichtverletzten,Unfall anderer Art,Abbiegeunfall,Tageslicht,1,1,0,0,0,0,"356243,2369","5648439,179",6.95254377,50.96959284,trocken,"5,21E+18","Rad, PKW"
29423,5,3,15,0,2021,Juli,14,Mittwoch,Unfall mit Leichtverletzten,Zusammenstoß mit einbiegendem / kreuzendem Fahrzeug,Abbiegeunfall,Tageslicht,1,0,0,0,0,1,"354470,0443","5645744,995",6.928383898,50.9449358,trocken,"5,21E+18","Rad, Sonstige"
29424,5,3,15,0,2021,Dezember,20,Samstag,Unfall mit Leichtverletzten,Zusammenstoß mit einbiegendem / kreuzendem Fahrzeug,Abbiegeunfall,Dunkelheit,1,1,0,0,0,0,"355383,386","5646703,261",6.940995705,50.95377735,nass/feucht,"5,21E+18","Rad, PKW"
29431,5,3,15,0,2021,Februar,12,Freitag,Unfall mit Leichtverletzten,Zusammenstoß mit anfahrendem/ anhaltendem/ruhendem Fahrzeug,Unfall im Längsverkehr,Tageslicht,0,1,0,0,0,0,"357209,2848","5634736,937",6.971654197,50.84669126,trocken,"5,21E+18",PKW
29436,5,3,15,0,2021,Oktober,0,Donnerstag,Unfall mit Leichtverletzten,Unfall anderer Art,Sonstiger Unfall,Dunkelheit,0,0,0,0,0,1,"355188,3969","5644781,078",6.938985701,50.9364542,trocken,"5,21E+18",Sonstige
29442,5,3,15,0,2021,November,6,Donnerstag,Unfall mit Leichtverletzten,Zusammenstoß mit einbiegendem / kreuzendem Fahrzeug,Abbiegeunfall,Dunkelheit,1,1,0,0,0,0,"352723,4688","5647107,545",6.902987975,50.9567369,nass/feucht,"5,21E+18","Rad, PKW"
29449,5,3,15,0,2021,Mai,8,Mittwoch,Unfall mit Leichtverletzten,Aufprall auf Fahrbahnhindernis,Sonstiger Unfall,Tageslicht,0,1,0,0,0,0,"357088,7051","5639059,169",6.968254143,50.88550561,trocken,"5,21E+18",PKW
29450,5,3,15,0,2021,April,6,Mittwoch,Unfall mit Leichtverletzten,Unfall anderer Art,Abbiegeunfall,Dämmerung,0,0,0,1,0,1,"350398,391","5648524,626",6.869323747,50.96887237,nass/feucht,"5,21E+18","Krad, Sonstige"
29456,5,3,15,0,2021,November,15,Donnerstag,Unfall mit Schwerverletzten,Unfall anderer Art,Sonstiger Unfall,Tageslicht,1,0,0,0,0,0,"353200,5192","5653345,874",6.907255527,51.01291953,nass/feucht,"5,21E+18",Rad
29460,5,3,15,0,2021,Juni,11,Sonntag,Unfall mit Leichtverletzten,Zusammenstoß mit einbiegendem / kreuzendem Fahrzeug,Abbiegeunfall,Tageslicht,1,1,0,0,0,0,"355375,3993","5648312,943",6.940242302,50.96824115,trocken,"5,21E+18","Rad, PKW"
29465,5,3,15,0,2021,Juni,20,Montag,Unfall mit Schwerverletzten,Unfall anderer Art,Fahrunfall,Tageslicht,0,0,0,0,0,1,"349116,15","5648640,226",6.851027366,50.96957674,trocken,"5,21E+18",Sonstige
29467,5,3,15,0,2021,September,16,Montag,Unfall mit Leichtverletzten,Unfall anderer Art,Fahrunfall,Tageslicht,1,0,0,0,0,0,"357266,402","5638102,253",6.971152388,50.8769497,trocken,"5,21E+18",Rad
29468,5,3,15,0,2021,Juni,22,Donnerstag,Unfall mit Leichtverletzten,Zusammenstoß mit seitlich in gleicher Richtung fahrendem Fahrzeug,Unfall im Längsverkehr,Dämmerung,0,1,0,0,0,0,"348509,0621","5643957,636",6.844335444,50.92733869,trocken,"5,21E+18",PKW
29471,5,3,15,0,2021,April,15,Freitag,Unfall mit Schwerverletzten,Zusammenstoß mit entgegenkommendem Fahrzeug,Sonstiger Unfall,Tageslicht,0,1,0,1,0,0,"353265,7612","5655255,317",6.9074123,51.03009532,trocken,"5,21E+18","Krad, PKW"
29474,5,3,15,0,2021,November,17,Mittwoch,Unfall mit Leichtverletzten,Abkommen von Fahrbahn nach links,Überschreiten-Unfall,Dunkelheit,1,0,1,0,0,0,"355080,3575","5645326,927",6.93723199,50.94133247,trocken,"5,21E+18","Rad, Fuss"
29480,5,3,15,0,2021,November,12,Mittwoch,Unfall mit Leichtverletzten,Zusammenstoß zwischen Fahrzeug und Fußgänger,Überschreiten-Unfall,Tageslicht,1,0,1,0,0,0,"353259,6993","5646793,431",6.910744339,50.95405088,nass/feucht,"5,21E+18","Rad, Fuss"
29481,5,3,15,0,2021,Oktober,15,Samstag,Unfall mit Schwerverletzten,Zusammenstoß mit einbiegendem / kreuzendem Fahrzeug,Einbiegen / Kreuzen-Unfall,Tageslicht,1,1,0,0,0,0,"352605,8101","5643739,161",6.902676762,50.92643664,nass/feucht,"5,21E+18","Rad, PKW"