OBJECTID,ULAND,UREGBEZ,UKREIS,UGEMEINDE,UJAHR,UMONAT,USTUNDE,UWOCHENTAG,UKATEGORIE,UART,UTYP1,ULICHTVERH,IstRad,IstPKW,IstFuss,IstKrad,IstGkfz,IstSonstige,LINREFX,LINREFY,XGCSWGS84,YGCSWGS84,USTRZUSTAND,UIDENTSTLAE,Participants
29482,5,3,15,0,2021,September,10,Dienstag,Unfall mit Leichtverletzten,Zusammenstoß mit einbiegendem / kreuzendem Fahrzeug,Einbiegen / Kreuzen-Unfall,Tageslicht,1,0,0,0,1,0,"355788,12","5637878,709",6.950242212,50.87457373,trocken,"5,21E+18","Rad, Gkfz"
29489,5,3,15,0,2021,Februar,8,Mittwoch,Unfall mit Leichtverletzten,Zusammenstoß mit einbiegendem / kreuzendem Fahrzeug,Abbiegeunfall,Tageslicht,0,1,0,0,0,1,"350086,8876","5645082,245",6.866308069,50.93785703,nass/feucht,"5,21E+18","PKW, Sonstige"
29490,5,3,15,0,2021,Dezember,17,Montag,Unfall mit Leichtverletzten,Zusammenstoß mit seitlich in gleicher Richtung fahrendem Fahrzeug,Unfall im Längsverkehr,Dunkelheit,0,1,0,0,0,1,"349526,4932","5650283,915",6.856187006,50.98445466,nass/feucht,"5,21E+18","PKW, Sonstige"
29491,5,3,15,0,2021,Juli,10,Mittwoch,Unfall mit Leichtverletzten,Zusammenstoß mit seitlich in gleicher Richtung fahrendem Fahrzeug,Unfall im Längsverkehr,Tageslicht,0,1,0,0,0,0,"356451,7139","5643925,768",6.957290312,50.92908347,trocken,"5,21E+18",PKW
29497,5,3,15,0,2021,Juli,18,Dienstag,Unfall mit Leichtverletzten,Zusammenstoß mit einbiegendem / kreuzendem Fahrzeug,Abbiegeunfall,Tageslicht,1,0,0,0,1,0,"355189,6485","5644665,544",6.939049414,50.93541623,trocken,"5,21E+18","Rad, Gkfz"
29503,5,3,15,0,2021,Oktober,15,Mittwoch,Unfall mit Leichtverletzten,Zusammenstoß mit vorausfahrendem / wartendem Fahrzeug,Unfall im Längsverkehr,Tageslicht,0,1,0,0,0,1,"357175,2479","5638784,543",6.969591004,50.88305895,nass/feucht,"5,21E+18","PKW, Sonstige"
29508,5,3,15,0,2021,September,13,Freitag,Unfall mit Leichtverletzten,Unfall anderer Art,Unfall im Längsverkehr,Tageslicht,1,0,1,0,0,0,"353971,8431","5642027,301",6.922786131,50.91140006,trocken,"5,21E+18","Rad, Fuss"
29514,5,3,15,0,2021,Mai,17,Freitag,Unfall mit Schwerverletzten,Zusammenstoß mit entgegenkommendem Fahrzeug,Unfall im Längsverkehr,Tageslicht,1,0,0,0,0,0,"356713,9763","5644637,959",6.960739826,50.93554907,trocken,"5,21E+18",Rad
29519,5,3,15,0,2021,Juni,17,Montag,Unfall mit Leichtverletzten,Zusammenstoß mit seitlich in gleicher Richtung fahrendem Fahrzeug,Fahrunfall,Tageslicht,1,1,0,0,0,0,"356294,7692","5648044,439",6.953433172,50.96605825,trocken,"5,21E+18","Rad, PKW"
29520,5,3,15,0,2021,Juli,18,Freitag,Unfall mit Leichtverletzten,Zusammenstoß mit seitlich in gleicher Richtung fahrendem Fahrzeug,Abbiegeunfall,Tageslicht,1,1,0,0,0,0,"351204,0287","5645042,035",6.882212943,50.93778502,nass/feucht,"5,21E+18","Rad, PKW"
29521,5,3,15,0,2021,September,18,Samstag,Unfall mit Leichtverletzten,Zusammenstoß mit vorausfahrendem / wartendem Fahrzeug,Unfall im Längsverkehr,Tageslicht,0,1,0,0,0,1,"357146,602","5647263,922",6.965862728,50.95925569,trocken,"5,21E+18","PKW, Sonstige"
29525,5,3,15,0,2021,März,15,Samstag,Unfall mit Leichtverletzten,Zusammenstoß mit anfahrendem/ anhaltendem/ruhendem Fahrzeug,Unfall durch ruhenden Verkehr,Tageslicht,1,0,0,0,0,1,"356361,3709","5647028,773",6.954781965,50.95694725,trocken,"5,21E+18","Rad, Sonstige"
29527,5,3,15,0,2021,Mai,17,Sonntag,Unfall mit Leichtverletzten,Abkommen von Fahrbahn nach links,Fahrunfall,Tageslicht,0,0,1,0,0,1,"357532,8108","5644043,038",6.972618285,50.9304054,trocken,"5,21E+18","Fuss, Sonstige"
29528,5,3,15,0,2021,September,8,Mittwoch,Unfall mit Schwerverletzten,Zusammenstoß mit anfahrendem/ anhaltendem/ruhendem Fahrzeug,Fahrunfall,Tageslicht,0,1,0,1,0,0,"349139,5647","5653629,026",6.849288673,51.01441312,trocken,"5,21E+18","Krad, PKW"
29531,5,3,15,0,2021,Januar,16,Samstag,Unfall mit Leichtverletzten,Zusammenstoß mit entgegenkommendem Fahrzeug,Unfall im Längsverkehr,Tageslicht,1,0,0,0,0,0,"354194,473","5644486,926",6.92496737,50.9335603,trocken,"5,21E+18",Rad
29532,5,3,15,0,2021,Oktober,18,Freitag,Unfall mit Leichtverletzten,Unfall anderer Art,Fahrunfall,Dunkelheit,0,1,0,1,0,0,"355128,7556","5644784,92",6.938135923,50.93647374,nass/feucht,"5,21E+18","Krad, PKW"
29534,5,3,15,0,2021,März,17,Samstag,Unfall mit Leichtverletzten,Unfall anderer Art,Sonstiger Unfall,Tageslicht,0,1,0,0,0,1,"357916,1318","5644657,32",6.977830025,50.9360205,trocken,"5,21E+18","PKW, Sonstige"
29540,5,3,15,0,2021,September,0,Montag,Unfall mit Leichtverletzten,Unfall anderer Art,Unfall im Längsverkehr,Dunkelheit,1,0,0,0,0,1,"353336,6747","5644050,658",6.912943783,50.92942222,trocken,"5,21E+18","Rad, Sonstige"
29543,5,3,15,0,2021,Juli,16,Freitag,Unfall mit Leichtverletzten,Zusammenstoß mit einbiegendem / kreuzendem Fahrzeug,Abbiegeunfall,Tageslicht,0,1,0,0,0,0,"351771,3638","5644995,909",6.890300626,50.93751661,nass/feucht,"5,21E+18",PKW
29546,5,3,15,0,2021,Februar,22,Dienstag,Unfall mit Leichtverletzten,Unfall anderer Art,Unfall im Längsverkehr,Dunkelheit,0,1,0,0,0,1,"354759,1679","5644685,068",6.932919261,50.93548343,trocken,"5,21E+18","PKW, Sonstige"
29547,5,3,15,0,2021,November,0,Montag,Unfall mit Leichtverletzten,Zusammenstoß mit vorausfahrendem / wartendem Fahrzeug,Fahrunfall,Dunkelheit,0,1,0,0,0,0,"350455,44","5642529,491",6.872596781,50.91501263,trocken,"5,21E+18",PKW
29548,5,3,15,0,2021,März,15,Mittwoch,Unfall mit Leichtverletzten,Zusammenstoß mit einbiegendem / kreuzendem Fahrzeug,Einbiegen / Kreuzen-Unfall,Tageslicht,1,1,0,0,0,0,"349696,826","5649295,298",6.859020736,50.9756152,trocken,"5,21E+18","Rad, PKW"
29555,5,3,15,0,2021,Dezember,17,Mittwoch,Unfall mit Leichtverletzten,Zusammenstoß mit vorausfahrendem / wartendem Fahrzeug,Unfall im Längsverkehr,Dunkelheit,0,1,0,0,0,0,"356134,8775","5646941,7",6.951593627,50.95610824,trocken,"5,21E+18",PKW
29556,5,3,15,0,2021,September,17,Donnerstag,Unfall mit Schwerverletzten,Unfall anderer Art,Einbiegen / Kreuzen-Unfall,Tageslicht,1,0,0,0,0,1,"354490,5106","5644827,567",6.929041472,50.93669631,trocken,"5,21E+18","Rad, Sonstige"
29564,5,3,15,0,2021,Juni,18,Mittwoch,Unfall mit Leichtverletzten,Zusammenstoß mit entgegenkommendem Fahrzeug,Unfall im Längsverkehr,Tageslicht,1,0,0,0,0,1,"357600,7397","5646796,063",6.972508059,50.95516349,trocken,"5,21E+18","Rad, Sonstige"
29574,5,3,15,0,2021,März,9,Mittwoch,Unfall mit Leichtverletzten,Zusammenstoß zwischen Fahrzeug und Fußgänger,Überschreiten-Unfall,Tageslicht,0,1,1,0,0,0,"353354,4486","5646692,283",6.912133146,50.95316602,nass/feucht,"5,21E+18","Fuss, PKW"
29575,5,3,15,0,2021,April,9,Donnerstag,Unfall mit Leichtverletzten,Zusammenstoß mit vorausfahrendem / wartendem Fahrzeug,Unfall im Längsverkehr,Tageslicht,0,1,0,0,0,1,"352750,883","5649419,319",6.902442224,50.97751871,trocken,"5,21E+18","PKW, Sonstige"
29577,5,3,15,0,2021,September,18,Donnerstag,Unfall mit Leichtverletzten,Unfall anderer Art,Fahrunfall,Tageslicht,0,0,0,1,0,0,"353585,9837","5648759,008",6.91459564,50.97179771,nass/feucht,"5,21E+18",Krad
29585,5,3,15,0,2021,Februar,11,Sonntag,Unfall mit Leichtverletzten,Zusammenstoß mit einbiegendem / kreuzendem Fahrzeug,Einbiegen / Kreuzen-Unfall,Tageslicht,0,1,0,0,0,1,"356507,295","5646459,705",6.957082635,50.95186947,trocken,"5,21E+18","PKW, Sonstige"
29586,5,3,15,0,2021,April,18,Montag,Unfall mit Schwerverletzten,Zusammenstoß mit einbiegendem / kreuzendem Fahrzeug,Einbiegen / Kreuzen-Unfall,Tageslicht,0,1,0,0,0,0,"357764,8266","5645087,485",6.975510127,50.93984909,trocken,"5,21E+18",PKW
29588,5,3,15,0,2021,November,6,Montag,Unfall mit Leichtverletzten,Abkommen von Fahrbahn nach rechts,Fahrunfall,Dunkelheit,0,1,0,0,0,0,"352335,9057","5651780,549",6.895575476,50.99863153,nass/feucht,"5,21E+18",PKW
29590,5,3,15,0,2021,September,17,Freitag,Unfall mit Leichtverletzten,Zusammenstoß mit vorausfahrendem / wartendem Fahrzeug,Unfall im Längsverkehr,Tageslicht,0,1,0,0,0,0,"354451,682","5647441,641",6.927444382,50.9601784,trocken,"5,21E+18",PKW
29592,5,3,15,0,2021,Oktober,13,Mittwoch,Unfall mit Leichtverletzten,Zusammenstoß mit vorausfahrendem / wartendem Fahrzeug,Unfall im Längsverkehr,Tageslicht,0,1,0,0,0,0,"353847,1757","5651871,506",6.917061316,50.99983476,trocken,"5,21E+18",PKW
29594,5,3,15,0,2021,September,8,Freitag,Unfall mit Leichtverletzten,Zusammenstoß mit vorausfahrendem / wartendem Fahrzeug,Unfall im Längsverkehr,Tageslicht,0,1,0,0,0,0,"356871,5171","5644572,688",6.963006081,50.9350016,trocken,"5,21E+18",PKW
29601,5,3,15,0,2021,Oktober,14,Dienstag,Unfall mit Leichtverletzten,Unfall anderer Art,Fahrunfall,Tageslicht,1,0,0,0,0,0,"352975,98","5646967,266",6.906637475,50.95554075,trocken,"5,21E+18",Rad
29608,5,3,15,0,2021,März,10,Dienstag,Unfall mit Leichtverletzten,Zusammenstoß mit seitlich in gleicher Richtung fahrendem Fahrzeug,Unfall im Längsverkehr,Tageslicht,0,1,0,0,1,0,"356834,0659","5645341,298",6.962171423,50.94189973,trocken,"5,21E+18","PKW, Gkfz"
29611,5,3,15,0,2021,April,14,Freitag,Unfall mit Leichtverletzten,Zusammenstoß mit seitlich in gleicher Richtung fahrendem Fahrzeug,Einbiegen / Kreuzen-Unfall,Tageslicht,1,1,0,0,0,0,"353249,0913","5645274,276",6.911205593,50.94039614,trocken,"5,21E+18","Rad, PKW"
29614,5,3,15,0,2021,Oktober,5,Sonntag,Unfall mit Schwerverletzten,Unfall anderer Art,Fahrunfall,Dunkelheit,0,0,0,0,0,1,"353434,5805","5644109,121",6.914312514,50.9299725,trocken,"5,21E+18",Sonstige
29617,5,3,15,0,2021,November,7,Montag,Unfall mit Schwerverletzten,Unfall anderer Art,Fahrunfall,Tageslicht,0,1,0,0,0,0,"351240,84","5642251,529",6.883874948,50.91271771,nass/feucht,"5,21E+18",PKW
29619,5,3,15,0,2021,September,13,Montag,Unfall mit Schwerverletzten,Unfall anderer Art,Sonstiger Unfall,Tageslicht,1,0,0,0,0,0,"350167,76","5648724,563",6.865959092,50.97060912,trocken,"5,21E+18",Rad
29620,5,3,15,0,2021,Dezember,11,Freitag,Unfall mit Getöteten,Zusammenstoß mit vorausfahrendem / wartendem Fahrzeug,Unfall im Längsverkehr,Tageslicht,0,1,0,0,1,1,"349687,3978","5654400,472",6.856773183,51.02148891,trocken,"5,21E+18","PKW, Gkfz, Sonstige"
29623,5,3,15,0,2021,Oktober,16,Samstag,Unfall mit Leichtverletzten,Zusammenstoß mit anfahrendem/ anhaltendem/ruhendem Fahrzeug,Unfall im Längsverkehr,Tageslicht,0,1,0,0,0,0,"357707,4721","5646835,193",6.974011411,50.95554151,trocken,"5,21E+18",PKW
29631,5,3,15,0,2021,März,13,Dienstag,Unfall mit Leichtverletzten,Abkommen von Fahrbahn nach rechts,Fahrunfall,Tageslicht,0,1,0,0,1,0,"354621,6636","5639413,005",6.933064043,50.88806995,trocken,"5,21E+18","PKW, Gkfz"
29636,5,3,15,0,2021,Mai,7,Freitag,Unfall mit Leichtverletzten,Zusammenstoß mit einbiegendem / kreuzendem Fahrzeug,Einbiegen / Kreuzen-Unfall,Tageslicht,1,0,0,0,0,1,"356334,282","5641119,111",6.956725677,50.90383108,trocken,"5,21E+18","Rad, Sonstige"
29642,5,3,15,0,2021,November,14,Samstag,Unfall mit Leichtverletzten,Zusammenstoß mit vorausfahrendem / wartendem Fahrzeug,Unfall im Längsverkehr,Tageslicht,0,1,0,0,0,0,"355319,8016","5646700,081",6.940092301,50.95373281,trocken,"5,21E+18",PKW
29643,5,3,15,0,2021,Juni,17,Donnerstag,Unfall mit Leichtverletzten,Zusammenstoß mit anfahrendem/ anhaltendem/ruhendem Fahrzeug,Unfall durch ruhenden Verkehr,Tageslicht,1,1,0,0,0,0,"353717,8779","5646297,675",6.91746236,50.94971218,trocken,"5,21E+18","Rad, PKW"
29646,5,3,15,0,2021,Oktober,6,Dienstag,Unfall mit Schwerverletzten,Zusammenstoß mit einbiegendem / kreuzendem Fahrzeug,Abbiegeunfall,Dunkelheit,1,1,0,0,0,0,"358004,015","5640423,364",6.980728038,50.89799144,nass/feucht,"5,21E+18","Rad, PKW"
29647,5,3,15,0,2021,Oktober,16,Mittwoch,Unfall mit Leichtverletzten,Zusammenstoß mit einbiegendem / kreuzendem Fahrzeug,Einbiegen / Kreuzen-Unfall,Tageslicht,1,1,0,0,0,0,"349010,734","5642442,885",6.852095768,50.91385822,nass/feucht,"5,21E+18","Rad, PKW"
29649,5,3,15,0,2021,November,12,Dienstag,Unfall mit Leichtverletzten,Unfall anderer Art,Fahrunfall,Tageslicht,0,0,0,0,0,1,"357472,738","5644755,733",6.971485272,50.93679552,trocken,"5,21E+18",Sonstige
29654,5,3,15,0,2021,September,16,Samstag,Unfall mit Leichtverletzten,Unfall anderer Art,Fahrunfall,Tageslicht,1,0,0,0,0,0,"352081,8007","5643625,228",6.89527204,50.92527866,trocken,"5,21E+18",Rad
29657,5,3,15,0,2021,November,3,Montag,Unfall mit Leichtverletzten,Unfall anderer Art,Sonstiger Unfall,Dunkelheit,0,0,1,0,0,1,"354899,9881","5644365,33",6.935049336,50.93264547,nass/feucht,"5,21E+18","Fuss, Sonstige"
29664,5,3,15,0,2021,November,8,Samstag,Unfall mit Leichtverletzten,Zusammenstoß mit seitlich in gleicher Richtung fahrendem Fahrzeug,Unfall im Längsverkehr,Tageslicht,0,1,0,0,1,1,"352302,8856","5641150,018",6.899417581,50.90309163,nass/feucht,"5,21E+18","PKW, Gkfz, Sonstige"
29667,5,3,15,0,2021,Oktober,23,Sonntag,Unfall mit Leichtverletzten,Unfall anderer Art,Sonstiger Unfall,Dunkelheit,0,0,0,0,0,1,"351632,0692","5647927,359",6.887124974,50.96382415,trocken,"5,21E+18",Sonstige
29670,5,3,15,0,2021,Dezember,13,Dienstag,Unfall mit Leichtverletzten,Zusammenstoß mit anfahrendem/ anhaltendem/ruhendem Fahrzeug,Unfall durch ruhenden Verkehr,Tageslicht,0,1,0,0,0,0,"357032,4186","5643410,525",6.965750274,50.92459723,trocken,"5,21E+18",PKW
29673,5,3,15,0,2021,April,17,Mittwoch,Unfall mit Leichtverletzten,Unfall anderer Art,Fahrunfall,Tageslicht,1,0,0,0,0,0,"356488,1156","5651564,123",6.954795025,50.99773714,trocken,"5,21E+18",Rad
29675,5,3,15,0,2021,Juli,6,Freitag,Unfall mit Schwerverletzten,Unfall anderer Art,Fahrunfall,Tageslicht,0,0,0,1,0,0,"357697,9203","5643827,739",6.975050354,50.92851127,nass/feucht,"5,21E+18",Krad
29676,5,3,15,0,2021,Januar,20,Samstag,Unfall mit Leichtverletzten,Zusammenstoß mit einbiegendem / kreuzendem Fahrzeug,Abbiegeunfall,Dunkelheit,0,1,0,0,0,0,"349087,2718","5649613,639",6.850212379,50.97831647,trocken,"5,21E+18",PKW
29683,5,3,15,0,2021,April,21,Sonntag,Unfall mit Schwerverletzten,Unfall anderer Art,Fahrunfall,Dunkelheit,0,0,0,1,0,0,"357957,6024","5644044,324",6.97865876,50.93052172,trocken,"5,21E+18",Krad
29696,5,3,15,0,2021,September,2,Sonntag,Unfall mit Schwerverletzten,Zusammenstoß mit seitlich in gleicher Richtung fahrendem Fahrzeug,Unfall im Längsverkehr,Dunkelheit,1,0,0,0,0,0,"349599,5231","5642306,487",6.860521581,50.91278623,trocken,"5,21E+18",Rad
29697,5,3,15,0,2021,Dezember,17,Mittwoch,Unfall mit Schwerverletzten,Unfall anderer Art,Sonstiger Unfall,Dunkelheit,0,0,1,0,0,1,"356609,023","5643036,558",6.959877007,50.92113135,nass/feucht,"5,21E+18","Fuss, Sonstige"
29700,5,3,15,0,2021,Mai,17,Dienstag,Unfall mit Leichtverletzten,Zusammenstoß mit einbiegendem / kreuzendem Fahrzeug,Einbiegen / Kreuzen-Unfall,Tageslicht,1,0,0,0,0,1,"355949,889","5644630,869",6.949875488,50.93529501,trocken,"5,21E+18","Rad, Sonstige"
29703,5,3,15,0,2021,September,18,Freitag,Unfall mit Schwerverletzten,Zusammenstoß mit einbiegendem / kreuzendem Fahrzeug,Einbiegen / Kreuzen-Unfall,Tageslicht,1,0,0,0,0,1,"351204,6353","5645020,315",6.88223044,50.93758999,trocken,"5,21E+18","Rad, Sonstige"
29705,5,3,15,0,2021,November,8,Dienstag,Unfall mit Leichtverletzten,Unfall anderer Art,Einbiegen / Kreuzen-Unfall,Tageslicht,1,1,0,0,0,0,"351726,6125","5654596,967",6.885747574,51.02378419,nass/feucht,"5,21E+18","Rad, PKW"
29708,5,3,15,0,2021,Januar,12,Donnerstag,Unfall mit Leichtverletzten,Zusammenstoß mit einbiegendem / kreuzendem Fahrzeug,Einbiegen / Kreuzen-Unfall,Tageslicht,0,1,0,0,0,0,"357514,1581","5641224,175",6.973454099,50.90506769,nass/feucht,"5,21E+18",PKW
29729,5,3,15,0,2021,Januar,16,Dienstag,Unfall mit Leichtverletzten,Zusammenstoß mit vorausfahrendem / wartendem Fahrzeug,Unfall im Längsverkehr,Tageslicht,0,1,0,0,0,0,"350089,6694","5659752,749",6.860289008,51.06969036,trocken,"5,21E+18",PKW
29730,5,3,15,0,2021,Oktober,22,Montag,Unfall mit Leichtverletzten,Zusammenstoß mit einbiegendem / kreuzendem Fahrzeug,Abbiegeunfall,Dunkelheit,0,1,0,1,0,0,"356571,9315","5647114,474",6.957744249,50.95776987,trocken,"5,21E+18","Krad, PKW"
29735,5,3,15,0,2021,November,17,Samstag,Unfall mit Leichtverletzten,Unfall anderer Art,Unfall im Längsverkehr,Tageslicht,0,1,0,0,0,0,"355898,548","5644718,422",6.949110681,50.936069,nass/feucht,"5,21E+18",PKW
29738,5,3,15,0,2021,Juni,14,Montag,Unfall mit Leichtverletzten,Zusammenstoß mit anfahrendem/ anhaltendem/ruhendem Fahrzeug,Abbiegeunfall,Tageslicht,0,1,0,0,0,0,"355150,5118","5639075,89",6.940711439,50.8851732,trocken,"5,21E+18",PKW
29741,5,3,15,0,2021,Mai,8,Mittwoch,Unfall mit Leichtverletzten,Zusammenstoß mit seitlich in gleicher Richtung fahrendem Fahrzeug,Unfall im Längsverkehr,Tageslicht,0,1,0,0,0,1,"351168,7948","5652693,701",6.878580253,51.00653672,trocken,"5,21E+18","PKW, Sonstige"
29745,5,3,15,0,2021,Juni,8,Samstag,Unfall mit Schwerverletzten,Unfall anderer Art,Unfall im Längsverkehr,Tageslicht,0,1,0,0,0,0,"348160,559","5643941,126",6.839387004,50.92709871,trocken,"5,21E+18",PKW
29749,5,3,15,0,2021,Februar,18,Donnerstag,Unfall mit Leichtverletzten,Zusammenstoß mit einbiegendem / kreuzendem Fahrzeug,Abbiegeunfall,Dunkelheit,0,1,0,0,0,0,"354041,7526","5642127,584",6.923739767,50.91231895,nass/feucht,"5,21E+18",PKW
29751,5,3,15,0,2021,November,18,Freitag,Unfall mit Leichtverletzten,Unfall anderer Art,Unfall im Längsverkehr,Dunkelheit,1,0,1,0,0,0,"354993,6414","5644667,993",6.936260786,50.93538899,trocken,"5,21E+18","Rad, Fuss"
29758,5,3,15,0,2021,September,15,Donnerstag,Unfall mit Leichtverletzten,Unfall anderer Art,Abbiegeunfall,Tageslicht,0,1,0,0,0,1,"353355,1928","5645789,739",6.912507213,50.9450554,nass/feucht,"5,21E+18","PKW, Sonstige"
29764,5,3,15,0,2021,Januar,12,Mittwoch,Unfall mit Leichtverletzten,Zusammenstoß zwischen Fahrzeug und Fußgänger,Überschreiten-Unfall,Tageslicht,0,1,1,0,0,0,"351220,2523","5643566,188",6.883046078,50.92452656,nass/feucht,"5,21E+18","Fuss, PKW"
29768,5,3,15,0,2021,März,19,Freitag,Unfall mit Leichtverletzten,Zusammenstoß mit einbiegendem / kreuzendem Fahrzeug,Abbiegeunfall,Dunkelheit,1,1,0,0,0,0,"356334,0696","5641119,13",6.956722652,50.9038312,trocken,"5,21E+18","Rad, PKW"
29772,5,3,15,0,2021,Juni,8,Donnerstag,Unfall mit Leichtverletzten,Zusammenstoß mit seitlich in gleicher Richtung fahrendem Fahrzeug,Abbiegeunfall,Tageslicht,1,0,0,0,0,1,"355726,9355","5643635,44",6.947098578,50.92629352,trocken,"5,21E+18","Rad, Sonstige"
29773,5,3,15,0,2021,November,19,Donnerstag,Unfall mit Leichtverletzten,Unfall anderer Art,Fahrunfall,Dunkelheit,1,0,0,0,0,0,"354416,8192","5645785,562",6.927610554,50.94528693,trocken,"5,21E+18",Rad
29774,5,3,15,0,2021,Dezember,13,Freitag,Unfall mit Leichtverletzten,Zusammenstoß mit entgegenkommendem Fahrzeug,Unfall im Längsverkehr,Tageslicht,1,0,0,0,0,1,"355285,9024","5645330,481",6.940154256,50.94141603,nass/feucht,"5,21E+18","Rad, Sonstige"
29775,5,3,15,0,2021,Oktober,10,Mittwoch,Unfall mit Leichtverletzten,Zusammenstoß mit anfahrendem/ anhaltendem/ruhendem Fahrzeug,Unfall im Längsverkehr,Tageslicht,0,1,0,0,0,0,"353657,3941","5644233,699",6.91743099,50.93114861,trocken,"5,21E+18",PKW
29779,5,3,15,0,2021,Oktober,14,Dienstag,Unfall mit Leichtverletzten,Zusammenstoß mit einbiegendem / kreuzendem Fahrzeug,Einbiegen / Kreuzen-Unfall,Tageslicht,1,1,0,0,0,0,"349407,7792","5658084,819",6.851257779,51.05452372,trocken,"5,21E+18","Rad, PKW"
29781,5,3,15,0,2021,März,22,Donnerstag,Unfall mit Schwerverletzten,Abkommen von Fahrbahn nach links,Fahrunfall,Dunkelheit,1,0,0,0,0,0,"357421,811","5647046,817",6.969863942,50.95737275,trocken,"5,21E+18",Rad
29785,5,3,15,0,2021,Februar,14,Sonntag,Unfall mit Leichtverletzten,Zusammenstoß mit einbiegendem / kreuzendem Fahrzeug,Einbiegen / Kreuzen-Unfall,Tageslicht,0,1,0,0,0,0,"352333,766","5651876,999",6.895505779,50.99949772,trocken,"5,21E+18",PKW
29786,5,3,15,0,2021,Februar,14,Montag,Unfall mit Leichtverletzten,Unfall anderer Art,Einbiegen / Kreuzen-Unfall,Tageslicht,1,1,0,0,0,0,"353708,8341","5635705,99",6.921577588,50.85452541,trocken,"5,21E+18","Rad, PKW"
29792,5,3,15,0,2021,September,16,Freitag,Unfall mit Leichtverletzten,Unfall anderer Art,Sonstiger Unfall,Tageslicht,1,0,0,0,0,1,"356839,8591","5643847,58",6.962840632,50.92847726,nass/feucht,"5,21E+18","Rad, Sonstige"
29794,5,3,15,0,2021,November,15,Donnerstag,Unfall mit Leichtverletzten,Unfall anderer Art,Fahrunfall,Tageslicht,0,0,0,1,0,0,"352668,845","5650249,761",6.900937811,50.98496049,nass/feucht,"5,21E+18",Krad
29799,5,3,15,0,2021,Dezember,11,Freitag,Unfall mit Leichtverletzten,Zusammenstoß mit einbiegendem / kreuzendem Fahrzeug,Einbiegen / Kreuzen-Unfall,Tageslicht,1,0,0,0,0,1,"351169,2076","5645044,491",6.881716699,50.93779811,trocken,"5,21E+18","Rad, Sonstige"
29803,5,3,15,0,2021,Dezember,20,Dienstag,Unfall mit Leichtverletzten,Unfall anderer Art,Abbiegeunfall,Dunkelheit,1,1,0,0,0,0,"356419,015","5647051,09",6.955593376,50.95716217,trocken,"5,21E+18","Rad, PKW"
29804,5,3,15,0,2021,April,14,Freitag,Unfall mit Leichtverletzten,Zusammenstoß mit seitlich in gleicher Richtung fahrendem Fahrzeug,Unfall im Längsverkehr,Tageslicht,0,1,0,0,1,0,"348351,3356","5643142,398",6.842431775,50.91997133,trocken,"5,21E+18","PKW, Gkfz"
29806,5,3,15,0,2021,Juni,18,Mittwoch,Unfall mit Leichtverletzten,Zusammenstoß mit seitlich in gleicher Richtung fahrendem Fahrzeug,Unfall im Längsverkehr,Tageslicht,0,1,0,0,1,0,"349063,1302","5648713,358",6.850242446,50.97022004,trocken,"5,21E+18","PKW, Gkfz"
29808,5,3,15,0,2021,Oktober,10,Mittwoch,Unfall mit Leichtverletzten,Zusammenstoß mit anfahrendem/ anhaltendem/ruhendem Fahrzeug,Unfall durch ruhenden Verkehr,Tageslicht,1,1,0,0,0,1,"355690,137","5644734,161",6.946140325,50.93615834,trocken,"5,21E+18","Rad, PKW, Sonstige"
29817,5,3,15,0,2021,Juni,9,Dienstag,Unfall mit Leichtverletzten,Zusammenstoß mit einbiegendem / kreuzendem Fahrzeug,Abbiegeunfall,Tageslicht,0,1,0,1,0,0,"357208,4734","5641146,254",6.969139806,50.90429189,trocken,"5,21E+18","Krad, PKW"
29822,5,3,15,0,2021,Dezember,1,Montag,Unfall mit Leichtverletzten,Unfall anderer Art,Fahrunfall,Dunkelheit,1,0,0,0,0,0,"353538,6685","5642764,837",6.916332609,50.91791831,nass/feucht,"5,21E+18",Rad
29826,5,3,15,0,2021,Oktober,15,Donnerstag,Unfall mit Schwerverletzten,Zusammenstoß mit einbiegendem / kreuzendem Fahrzeug,Abbiegeunfall,Tageslicht,0,1,0,0,0,1,"354871,6373","5644677,721",6.934521748,50.93544572,trocken,"5,21E+18","PKW, Sonstige"
29837,5,3,15,0,2021,Februar,15,Freitag,Unfall mit Leichtverletzten,Zusammenstoß mit vorausfahrendem / wartendem Fahrzeug,Unfall im Längsverkehr,Tageslicht,0,1,0,0,0,0,"356886,8973","5641105,289",6.964585313,50.90384411,trocken,"5,21E+18",PKW
29841,5,3,15,0,2021,November,14,Freitag,Unfall mit Leichtverletzten,Unfall anderer Art,Sonstiger Unfall,Tageslicht,1,0,0,0,0,0,"357469,0178","5642102,927",6.972469322,50.91295389,nass/feucht,"5,21E+18",Rad
29846,5,3,15,0,2021,Juni,15,Sonntag,Unfall mit Leichtverletzten,Zusammenstoß mit einbiegendem / kreuzendem Fahrzeug,Einbiegen / Kreuzen-Unfall,Tageslicht,0,1,0,0,0,1,"355189,6055","5644668,112",6.939047781,50.9354393,trocken,"5,21E+18","PKW, Sonstige"