OBJECTID,ULAND,UREGBEZ,UKREIS,UGEMEINDE,UJAHR,UMONAT,USTUNDE,UWOCHENTAG,UKATEGORIE,UART,UTYP1,ULICHTVERH,IstRad,IstPKW,IstFuss,IstKrad,IstGkfz,IstSonstige,LINREFX,LINREFY,XGCSWGS84,YGCSWGS84,USTRZUSTAND,UIDENTSTLAE,Participants
29850,5,3,15,0,2021,Juni,14,Samstag,Unfall mit Leichtverletzten,Zusammenstoß mit seitlich in gleicher Richtung fahrendem Fahrzeug,Abbiegeunfall,Tageslicht,0,1,0,0,0,1,"347034,739","5645238,745",6.822834771,50.93846184,trocken,"5,21E+18","PKW, Sonstige"
29853,5,3,15,0,2021,Juni,16,Freitag,Unfall mit Leichtverletzten,Zusammenstoß mit seitlich in gleicher Richtung fahrendem Fahrzeug,Unfall durch ruhenden Verkehr,Tageslicht,1,1,0,0,0,0,"353360,2077","5646686,1",6.912217574,50.95311192,trocken,"5,21E+18","Rad, PKW"
29854,5,3,15,0,2021,März,15,Sonntag,Unfall mit Schwerverletzten,Zusammenstoß mit einbiegendem / kreuzendem Fahrzeug,Abbiegeunfall,Tageslicht,0,1,0,0,0,1,"352660,386","5644922,729",6.902974348,50.93708681,trocken,"5,21E+18","PKW, Sonstige"
29856,5,3,15,0,2021,März,21,Sonntag,Unfall mit Schwerverletzten,Unfall anderer Art,Fahrunfall,Dunkelheit,1,1,0,0,0,0,"353584,618","5646222,493",6.915596786,50.94900272,nass/feucht,"5,21E+18","Rad, PKW"
29858,5,3,15,0,2021,September,22,Sonntag,Unfall mit Leichtverletzten,Zusammenstoß mit einbiegendem / kreuzendem Fahrzeug,Einbiegen / Kreuzen-Unfall,Dunkelheit,0,1,0,0,0,1,"355438,0889","5644714,706",6.942563292,50.93592037,trocken,"5,21E+18","PKW, Sonstige"
29859,5,3,15,0,2021,September,18,Freitag,Unfall mit Leichtverletzten,Zusammenstoß mit vorausfahrendem / wartendem Fahrzeug,Unfall im Längsverkehr,Tageslicht,0,1,0,0,0,0,"354792,144","5646143,464",6.932806905,50.94859795,trocken,"5,21E+18",PKW
29863,5,3,15,0,2021,Juni,7,Mittwoch,Unfall mit Leichtverletzten,Zusammenstoß mit vorausfahrendem / wartendem Fahrzeug,Unfall im Längsverkehr,Tageslicht,0,1,0,0,0,0,"356619,8007","5646263,477",6.958760576,50.950134,trocken,"5,21E+18",PKW
29875,5,3,15,0,2021,Februar,19,Mittwoch,Unfall mit Leichtverletzten,Zusammenstoß mit einbiegendem / kreuzendem Fahrzeug,Abbiegeunfall,Dunkelheit,1,1,0,0,0,0,"353906,9583","5646142,618",6.920214506,50.94836669,trocken,"5,21E+18","Rad, PKW"
29881,5,3,15,0,2021,September,8,Freitag,Unfall mit Schwerverletzten,Unfall anderer Art,Einbiegen / Kreuzen-Unfall,Tageslicht,1,1,0,0,0,0,"356687,7162","5644622,951",6.960372244,50.93540767,trocken,"5,21E+18","Rad, PKW"
29883,5,3,15,0,2021,Oktober,10,Samstag,Unfall mit Leichtverletzten,Zusammenstoß mit vorausfahrendem / wartendem Fahrzeug,Unfall im Längsverkehr,Tageslicht,0,1,0,0,0,0,"352300,8587","5641151,562",6.89938815,50.90310499,trocken,"5,21E+18",PKW
29885,5,3,15,0,2021,September,16,Sonntag,Unfall mit Leichtverletzten,Zusammenstoß zwischen Fahrzeug und Fußgänger,Überschreiten-Unfall,Tageslicht,0,1,1,0,0,0,"356178,026","5644621,334",6.953123886,50.93526625,trocken,"5,21E+18","Fuss, PKW"
29888,5,3,15,0,2021,November,9,Dienstag,Unfall mit Schwerverletzten,Zusammenstoß mit seitlich in gleicher Richtung fahrendem Fahrzeug,Unfall im Längsverkehr,Tageslicht,0,1,0,0,1,0,"351433,4437","5652347,775",6.882491352,51.00349652,trocken,"5,21E+18","PKW, Gkfz"
29896,5,3,15,0,2021,Juni,21,Freitag,Unfall mit Leichtverletzten,Zusammenstoß mit seitlich in gleicher Richtung fahrendem Fahrzeug,Abbiegeunfall,Dämmerung,1,0,0,0,0,0,"354205,8577","5644955,272",6.9249419,50.93777206,trocken,"5,21E+18",Rad
29898,5,3,15,0,2021,Mai,13,Sonntag,Unfall mit Leichtverletzten,Unfall anderer Art,Einbiegen / Kreuzen-Unfall,Tageslicht,0,1,0,1,0,0,"355091,5658","5644187,338",6.937844596,50.93109407,nass/feucht,"5,21E+18","Krad, PKW"
29906,5,3,15,0,2021,März,19,Donnerstag,Unfall mit Leichtverletzten,Zusammenstoß mit einbiegendem / kreuzendem Fahrzeug,Einbiegen / Kreuzen-Unfall,Tageslicht,0,1,0,0,0,1,"353675,084","5646344,026",6.916834931,50.95011786,trocken,"5,21E+18","PKW, Sonstige"
29910,5,3,15,0,2021,Oktober,13,Mittwoch,Unfall mit Leichtverletzten,Zusammenstoß zwischen Fahrzeug und Fußgänger,Sonstiger Unfall,Tageslicht,0,1,1,0,0,0,"354783,844","5646153,408",6.932684862,50.94868523,trocken,"5,21E+18","Fuss, PKW"
29911,5,3,15,0,2021,Juni,13,Donnerstag,Unfall mit Leichtverletzten,Zusammenstoß mit einbiegendem / kreuzendem Fahrzeug,Einbiegen / Kreuzen-Unfall,Tageslicht,0,1,0,0,0,0,"350281,5579","5643414,195",6.869761846,50.92291786,trocken,"5,21E+18",PKW
29915,5,3,15,0,2021,Juli,19,Donnerstag,Unfall mit Schwerverletzten,Zusammenstoß mit seitlich in gleicher Richtung fahrendem Fahrzeug,Unfall im Längsverkehr,Tageslicht,0,1,0,0,1,0,"349830,7373","5643024,314",6.86351273,50.91929709,nass/feucht,"5,21E+18","PKW, Gkfz"
29918,5,3,15,0,2021,September,12,Donnerstag,Unfall mit Leichtverletzten,Zusammenstoß zwischen Fahrzeug und Fußgänger,Sonstiger Unfall,Tageslicht,0,1,1,0,0,0,"352236,7431","5644944,108",6.896940475,50.93717054,nass/feucht,"5,21E+18","Fuss, PKW"
29930,5,3,15,0,2021,November,20,Samstag,Unfall mit Schwerverletzten,Aufprall auf Fahrbahnhindernis,Überschreiten-Unfall,Dunkelheit,0,0,1,0,0,1,"357350,244","5642394,239",6.970666976,50.91554257,trocken,"5,21E+18","Fuss, Sonstige"
29933,5,3,15,0,2021,April,15,Mittwoch,Unfall mit Leichtverletzten,Zusammenstoß mit einbiegendem / kreuzendem Fahrzeug,Einbiegen / Kreuzen-Unfall,Tageslicht,1,1,0,0,0,0,"354155,385","5644843,826",6.924268644,50.93675777,trocken,"5,21E+18","Rad, PKW"
29943,5,3,15,0,2021,April,14,Freitag,Unfall mit Leichtverletzten,Unfall anderer Art,Unfall durch ruhenden Verkehr,Tageslicht,1,1,0,0,0,0,"353602,0233","5646423,371",6.915763629,50.95081235,trocken,"5,21E+18","Rad, PKW"
29945,5,3,15,0,2021,Mai,17,Sonntag,Unfall mit Leichtverletzten,Unfall anderer Art,Unfall durch ruhenden Verkehr,Tageslicht,1,1,0,0,0,0,"356339,7653","5647606,744",6.954246376,50.96213599,trocken,"5,21E+18","Rad, PKW"
29949,5,3,15,0,2021,September,14,Donnerstag,Unfall mit Leichtverletzten,Unfall anderer Art,Einbiegen / Kreuzen-Unfall,Tageslicht,1,1,0,0,0,0,"350127,9795","5643369,782",6.867596557,50.92247887,trocken,"5,21E+18","Rad, PKW"
29961,5,3,15,0,2021,Dezember,23,Donnerstag,Unfall mit Leichtverletzten,Abkommen von Fahrbahn nach rechts,Fahrunfall,Dunkelheit,0,1,0,0,0,0,"349126,92","5646628,108",6.852014877,50.9514982,trocken,"5,21E+18",PKW
29963,5,3,15,0,2021,Oktober,15,Montag,Unfall mit Leichtverletzten,Zusammenstoß mit vorausfahrendem / wartendem Fahrzeug,Unfall im Längsverkehr,Tageslicht,0,1,0,0,0,0,"357114,8205","5638583,054",6.968811303,50.88123322,trocken,"5,21E+18",PKW
29974,5,3,15,0,2021,Oktober,17,Samstag,Unfall mit Leichtverletzten,Zusammenstoß mit vorausfahrendem / wartendem Fahrzeug,Unfall im Längsverkehr,Tageslicht,0,1,0,0,0,1,"356515,6661","5634979,298",6.961713017,50.84869775,nass/feucht,"5,21E+18","PKW, Sonstige"
29975,5,3,15,0,2021,Juni,19,Donnerstag,Unfall mit Leichtverletzten,Zusammenstoß zwischen Fahrzeug und Fußgänger,Sonstiger Unfall,Tageslicht,1,0,1,0,0,0,"353169,3613","5643626,956",6.910735204,50.92557201,trocken,"5,21E+18","Rad, Fuss"
29981,5,3,15,0,2021,März,12,Mittwoch,Unfall mit Leichtverletzten,Abkommen von Fahrbahn nach rechts,Fahrunfall,Tageslicht,0,1,0,0,0,0,"351175,47","5645500,936",6.881619311,50.94190154,nass/feucht,"5,21E+18",PKW
29982,5,3,15,0,2021,September,16,Montag,Unfall mit Leichtverletzten,Zusammenstoß mit entgegenkommendem Fahrzeug,Unfall im Längsverkehr,Tageslicht,1,0,0,0,0,1,"357085,5795","5643273,681",6.96655981,50.9233806,trocken,"5,21E+18","Rad, Sonstige"
29987,5,3,15,0,2021,Februar,16,Montag,Unfall mit Leichtverletzten,Zusammenstoß mit einbiegendem / kreuzendem Fahrzeug,Einbiegen / Kreuzen-Unfall,Tageslicht,1,0,0,0,0,0,"357615,5884","5645096,847",6.973383722,50.93989639,trocken,"5,21E+18",Rad
29988,5,3,15,0,2021,Oktober,11,Samstag,Unfall mit Leichtverletzten,Zusammenstoß mit vorausfahrendem / wartendem Fahrzeug,Unfall im Längsverkehr,Tageslicht,0,1,0,0,0,0,"348900,0347","5645345,718",6.849319169,50.9399149,trocken,"5,21E+18",PKW
29991,5,3,15,0,2021,Juli,1,Montag,Unfall mit Schwerverletzten,Aufprall auf Fahrbahnhindernis,Sonstiger Unfall,Dunkelheit,1,0,0,0,0,0,"354286,5436","5641914,476",6.927304584,50.91046566,nass/feucht,"5,21E+18",Rad
29995,5,3,15,0,2021,Juni,9,Freitag,Unfall mit Leichtverletzten,Zusammenstoß mit anfahrendem/ anhaltendem/ruhendem Fahrzeug,Unfall durch ruhenden Verkehr,Tageslicht,1,1,0,0,0,0,"357944,9501","5644898,531",6.978145863,50.93819536,trocken,"5,21E+18","Rad, PKW"
29997,5,3,15,0,2021,Dezember,12,Freitag,Unfall mit Leichtverletzten,Abkommen von Fahrbahn nach links,Fahrunfall,Tageslicht,0,1,0,0,0,0,"348201,662","5658208,864",6.834009247,51.05532085,nass/feucht,"5,21E+18",PKW
30001,5,3,15,0,2021,September,7,Mittwoch,Unfall mit Leichtverletzten,Zusammenstoß mit einbiegendem / kreuzendem Fahrzeug,Einbiegen / Kreuzen-Unfall,Tageslicht,1,0,0,0,0,0,"353360,107","5645828,303",6.91256159,50.94540321,trocken,"5,21E+18",Rad
30003,5,3,15,0,2021,Februar,17,Montag,Unfall mit Leichtverletzten,Zusammenstoß mit vorausfahrendem / wartendem Fahrzeug,Unfall im Längsverkehr,Tageslicht,0,1,0,0,0,0,"353533,6314","5641396,087",6.916810387,50.90561651,trocken,"5,21E+18",PKW
30004,5,3,15,0,2021,Oktober,15,Montag,Unfall mit Leichtverletzten,Zusammenstoß zwischen Fahrzeug und Fußgänger,Überschreiten-Unfall,Tageslicht,0,1,1,0,0,0,"352084,365","5647576,131",6.893704139,50.96078415,trocken,"5,21E+18","Fuss, PKW"
30007,5,3,15,0,2021,September,12,Donnerstag,Unfall mit Leichtverletzten,Zusammenstoß zwischen Fahrzeug und Fußgänger,Überschreiten-Unfall,Tageslicht,1,0,1,0,0,0,"354904,5523","5644796,901",6.934942418,50.93652505,trocken,"5,21E+18","Rad, Fuss"
30012,5,3,15,0,2021,März,8,Freitag,Unfall mit Leichtverletzten,Zusammenstoß mit anfahrendem/ anhaltendem/ruhendem Fahrzeug,Unfall im Längsverkehr,Tageslicht,0,1,0,0,0,0,"352285,5469","5644941,002",6.897635841,50.93715513,trocken,"5,21E+18",PKW
30016,5,3,15,0,2021,März,20,Dienstag,Unfall mit Leichtverletzten,Zusammenstoß mit anfahrendem/ anhaltendem/ruhendem Fahrzeug,Unfall durch ruhenden Verkehr,Dämmerung,1,1,0,0,0,0,"355312,2993","5644074,469",6.941028429,50.93013515,trocken,"5,21E+18","Rad, PKW"
30017,5,3,15,0,2021,Januar,17,Samstag,Unfall mit Leichtverletzten,Zusammenstoß mit einbiegendem / kreuzendem Fahrzeug,Abbiegeunfall,Dunkelheit,0,1,0,0,0,1,"353835,7387","5646589,512",6.919021937,50.95236471,trocken,"5,21E+18","PKW, Sonstige"
30026,5,3,15,0,2021,Oktober,11,Montag,Unfall mit Leichtverletzten,Zusammenstoß mit einbiegendem / kreuzendem Fahrzeug,Abbiegeunfall,Tageslicht,1,1,0,0,0,0,"354191,852","5644842,442",6.924787849,50.93675455,trocken,"5,21E+18","Rad, PKW"
30028,5,3,15,0,2021,März,17,Freitag,Unfall mit Leichtverletzten,Zusammenstoß mit vorausfahrendem / wartendem Fahrzeug,Unfall im Längsverkehr,Tageslicht,1,0,0,0,0,1,"355191,45","5644814,375",6.939015891,50.93675419,trocken,"5,21E+18","Rad, Sonstige"
30036,5,3,15,0,2021,Mai,16,Dienstag,Unfall mit Leichtverletzten,Zusammenstoß mit entgegenkommendem Fahrzeug,Fahrunfall,Tageslicht,1,0,0,0,0,0,"353582,6687","5646444,325",6.915479851,50.95099574,trocken,"5,21E+18",Rad
30037,5,3,15,0,2021,Dezember,19,Samstag,Unfall mit Leichtverletzten,Zusammenstoß mit anfahrendem/ anhaltendem/ruhendem Fahrzeug,Unfall im Längsverkehr,Dunkelheit,0,1,0,0,0,0,"351765,531","5644996,35",6.89021749,50.93751908,nass/feucht,"5,21E+18",PKW
30038,5,3,15,0,2021,November,10,Mittwoch,Unfall mit Leichtverletzten,Unfall anderer Art,Sonstiger Unfall,Tageslicht,1,0,0,0,0,1,"355395,5841","5645648,737",6.941588034,50.94430365,trocken,"5,21E+18","Rad, Sonstige"
30039,5,3,15,0,2021,Oktober,20,Samstag,Unfall mit Leichtverletzten,Unfall anderer Art,Abbiegeunfall,Dunkelheit,0,1,1,0,0,0,"354717,2218","5643049,144",6.932974627,50.92077122,nass/feucht,"5,21E+18","Fuss, PKW"
30041,5,3,15,0,2021,Januar,10,Samstag,Unfall mit Leichtverletzten,Abkommen von Fahrbahn nach links,Fahrunfall,Tageslicht,0,1,0,0,0,0,"350398,069","5648523,358",6.869319686,50.9688609,nass/feucht,"5,21E+18",PKW
30042,5,3,15,0,2021,November,14,Samstag,Unfall mit Leichtverletzten,Zusammenstoß mit seitlich in gleicher Richtung fahrendem Fahrzeug,Abbiegeunfall,Tageslicht,1,1,0,0,0,0,"349466,4216","5644286,489",6.85781234,50.93054449,trocken,"5,21E+18","Rad, PKW"
30043,5,3,15,0,2021,Dezember,10,Donnerstag,Unfall mit Leichtverletzten,Zusammenstoß mit anfahrendem/ anhaltendem/ruhendem Fahrzeug,Unfall durch ruhenden Verkehr,Tageslicht,0,1,0,0,0,0,"356380,1452","5638050,145",6.958583919,50.87626184,nass/feucht,"5,21E+18",PKW
30044,5,3,15,0,2021,Februar,6,Dienstag,Unfall mit Leichtverletzten,Unfall anderer Art,Sonstiger Unfall,Dämmerung,0,1,0,1,0,0,"357945,558","5647115,214",6.977289773,50.95811678,trocken,"5,21E+18","Krad, PKW"
30048,5,3,15,0,2021,Juni,17,Samstag,Unfall mit Schwerverletzten,Zusammenstoß mit vorausfahrendem / wartendem Fahrzeug,Unfall im Längsverkehr,Tageslicht,0,1,0,1,0,0,"352273,2762","5647418,376",6.896456306,50.95941495,trocken,"5,21E+18","Krad, PKW"
30050,5,3,15,0,2021,Juni,13,Mittwoch,Unfall mit Schwerverletzten,Zusammenstoß mit einbiegendem / kreuzendem Fahrzeug,Abbiegeunfall,Tageslicht,0,1,0,1,0,0,"354260,3852","5640287,622",6.927582185,50.89583891,trocken,"5,21E+18","Krad, PKW"
30051,5,3,15,0,2021,März,9,Freitag,Unfall mit Leichtverletzten,Zusammenstoß mit einbiegendem / kreuzendem Fahrzeug,Abbiegeunfall,Tageslicht,1,1,0,0,0,0,"355289,504","5645352,731",6.940196647,50.94161689,nass/feucht,"5,21E+18","Rad, PKW"
30054,5,3,15,0,2021,Februar,23,Samstag,Unfall mit Schwerverletzten,Zusammenstoß mit vorausfahrendem / wartendem Fahrzeug,Unfall im Längsverkehr,Dunkelheit,0,1,0,0,0,0,"356954,1229","5647266,835",6.963122659,50.95923413,trocken,"5,21E+18",PKW
30058,5,3,15,0,2021,November,19,Samstag,Unfall mit Leichtverletzten,Zusammenstoß mit vorausfahrendem / wartendem Fahrzeug,Unfall im Längsverkehr,Dunkelheit,0,1,0,0,0,0,"357164,7003","5637403,254",6.969980766,50.87064264,nass/feucht,"5,21E+18",PKW
30072,5,3,15,0,2021,Dezember,11,Mittwoch,Unfall mit Leichtverletzten,Unfall anderer Art,Fahrunfall,Tageslicht,0,1,0,0,0,0,"352973,3246","5656102,133",6.902901244,51.03763044,trocken,"5,21E+18",PKW
30074,5,3,15,0,2021,Mai,16,Sonntag,Unfall mit Leichtverletzten,Zusammenstoß mit seitlich in gleicher Richtung fahrendem Fahrzeug,Unfall im Längsverkehr,Tageslicht,0,1,0,0,0,1,"353473,5892","5646562,692",6.913880366,50.95203174,trocken,"5,21E+18","PKW, Sonstige"
30076,5,3,15,0,2021,Juni,5,Montag,Unfall mit Leichtverletzten,Unfall anderer Art,Fahrunfall,Dämmerung,0,0,0,0,0,1,"356358,9573","5647309,358",6.954636879,50.95946821,nass/feucht,"5,21E+18",Sonstige
30085,5,3,15,0,2021,September,1,Freitag,Unfall mit Leichtverletzten,Unfall anderer Art,Fahrunfall,Dunkelheit,0,0,0,0,0,1,"355620,4016","5644696,946",6.945163257,50.93580644,trocken,"5,21E+18",Sonstige
30089,5,3,15,0,2021,Dezember,9,Sonntag,Unfall mit Leichtverletzten,Abkommen von Fahrbahn nach rechts,Fahrunfall,Tageslicht,0,1,0,0,0,0,"354336,033","5634884,474",6.930809054,50.84730086,nass/feucht,"5,21E+18",PKW
30097,5,3,15,0,2021,März,15,Freitag,Unfall mit Leichtverletzten,Unfall anderer Art,Einbiegen / Kreuzen-Unfall,Tageslicht,0,1,0,0,0,0,"352131,1353","5647535,802",6.894386048,50.96043374,trocken,"5,21E+18",PKW
30099,5,3,15,0,2021,Mai,15,Dienstag,Unfall mit Leichtverletzten,Zusammenstoß mit einbiegendem / kreuzendem Fahrzeug,Einbiegen / Kreuzen-Unfall,Tageslicht,1,0,0,0,0,1,"353000,1975","5644476,9",6.907987135,50.93316705,trocken,"5,21E+18","Rad, Sonstige"
30101,5,3,15,0,2021,Mai,12,Mittwoch,Unfall mit Leichtverletzten,Unfall anderer Art,Fahrunfall,Tageslicht,1,0,0,0,0,0,"355950,4393","5649870,496",6.947809356,50.9823826,nass/feucht,"5,21E+18",Rad
30104,5,3,15,0,2021,Februar,7,Dienstag,Unfall mit Leichtverletzten,Zusammenstoß mit vorausfahrendem / wartendem Fahrzeug,Unfall im Längsverkehr,Tageslicht,0,1,0,0,0,0,"353664,0206","5640089,884",6.919187064,50.89391109,trocken,"5,21E+18",PKW
30106,5,3,15,0,2021,Februar,16,Mittwoch,Unfall mit Leichtverletzten,Zusammenstoß mit vorausfahrendem / wartendem Fahrzeug,Unfall im Längsverkehr,Tageslicht,0,1,0,0,0,0,"356788,046","5638919,369",6.964037386,50.88417479,trocken,"5,21E+18",PKW
30110,5,3,15,0,2021,Juni,19,Montag,Unfall mit Leichtverletzten,Zusammenstoß mit anfahrendem/ anhaltendem/ruhendem Fahrzeug,Unfall durch ruhenden Verkehr,Tageslicht,1,1,0,0,0,0,"357427,005","5644312,494",6.971008223,50.93280085,trocken,"5,21E+18","Rad, PKW"
30111,5,3,15,0,2021,April,18,Dienstag,Unfall mit Leichtverletzten,Zusammenstoß mit einbiegendem / kreuzendem Fahrzeug,Abbiegeunfall,Tageslicht,0,1,0,0,0,0,"348661,4596","5645140,97",6.846011022,50.93801242,nass/feucht,"5,21E+18",PKW
30115,5,3,15,0,2021,September,13,Samstag,Unfall mit Leichtverletzten,Zusammenstoß mit vorausfahrendem / wartendem Fahrzeug,Unfall im Längsverkehr,Tageslicht,0,1,0,0,0,1,"354173,966","5644843,07",6.924533214,50.93675567,trocken,"5,21E+18","PKW, Sonstige"
30122,5,3,15,0,2021,November,12,Sonntag,Unfall mit Leichtverletzten,Abkommen von Fahrbahn nach rechts,Fahrunfall,Tageslicht,0,1,0,0,0,0,"347794,6403","5660121,805",6.827401116,51.07240267,trocken,"5,21E+18",PKW
30124,5,3,15,0,2021,November,6,Mittwoch,Unfall mit Leichtverletzten,Zusammenstoß mit einbiegendem / kreuzendem Fahrzeug,Abbiegeunfall,Dunkelheit,1,1,0,0,0,0,"353209,276","5645205,334",6.910667059,50.93976645,trocken,"5,21E+18","Rad, PKW"
30128,5,3,15,0,2021,Februar,10,Sonntag,Unfall mit Leichtverletzten,Unfall anderer Art,Unfall durch ruhenden Verkehr,Tageslicht,1,1,0,0,0,0,"353504,4387","5646528,999",6.914332822,50.9517368,trocken,"5,21E+18","Rad, PKW"
30131,5,3,15,0,2021,Juni,20,Montag,Unfall mit Leichtverletzten,Zusammenstoß mit anfahrendem/ anhaltendem/ruhendem Fahrzeug,Unfall im Längsverkehr,Tageslicht,0,1,0,0,0,0,"354732,9015","5644533,87",6.932605965,50.93411804,trocken,"5,21E+18",PKW
30135,5,3,15,0,2021,Juni,13,Samstag,Unfall mit Schwerverletzten,Zusammenstoß mit einbiegendem / kreuzendem Fahrzeug,Einbiegen / Kreuzen-Unfall,Tageslicht,1,1,0,0,0,0,"349360,0766","5643149,399",6.856769887,50.92029847,trocken,"5,21E+18","Rad, PKW"
30136,5,3,15,0,2021,Juni,14,Donnerstag,Unfall mit Leichtverletzten,Unfall anderer Art,Fahrunfall,Tageslicht,1,0,0,0,0,0,"356493,8891","5644618,507",6.95761731,50.93531954,trocken,"5,21E+18",Rad
30137,5,3,15,0,2021,Juli,15,Montag,Unfall mit Leichtverletzten,Zusammenstoß mit anfahrendem/ anhaltendem/ruhendem Fahrzeug,Unfall im Längsverkehr,Tageslicht,0,1,0,1,0,0,"357670,09","5643852,774",6.97464482,50.92872939,trocken,"5,21E+18","Krad, PKW"
30138,5,3,15,0,2021,September,16,Samstag,Unfall mit Schwerverletzten,Zusammenstoß mit einbiegendem / kreuzendem Fahrzeug,Einbiegen / Kreuzen-Unfall,Tageslicht,1,1,0,0,0,0,"347543,9857","5647370,911",6.829184699,50.9577566,trocken,"5,21E+18","Rad, PKW"
30139,5,3,15,0,2021,September,13,Montag,Unfall mit Leichtverletzten,Zusammenstoß mit vorausfahrendem / wartendem Fahrzeug,Unfall im Längsverkehr,Tageslicht,0,1,0,0,0,0,"355694,341","5645893,211",6.945740981,50.94657554,trocken,"5,21E+18",PKW
30140,5,3,15,0,2021,November,13,Freitag,Unfall mit Schwerverletzten,Zusammenstoß zwischen Fahrzeug und Fußgänger,Abbiegeunfall,Tageslicht,0,1,1,0,0,0,"354324,4706","5642494,373",6.927612177,50.91568662,trocken,"5,21E+18","Fuss, PKW"
30142,5,3,15,0,2021,April,14,Dienstag,Unfall mit Leichtverletzten,Zusammenstoß zwischen Fahrzeug und Fußgänger,Überschreiten-Unfall,Tageslicht,1,0,1,0,0,0,"353751,6647","5646457,172",6.91787896,50.95115409,trocken,"5,21E+18","Rad, Fuss"
30151,5,3,15,0,2021,März,10,Mittwoch,Unfall mit Leichtverletzten,Zusammenstoß mit einbiegendem / kreuzendem Fahrzeug,Abbiegeunfall,Tageslicht,1,1,0,0,0,0,"352708,2436","5644933,856",6.9036505,50.93719903,trocken,"5,21E+18","Rad, PKW"
30153,5,3,15,0,2021,November,12,Samstag,Unfall mit Leichtverletzten,Zusammenstoß mit vorausfahrendem / wartendem Fahrzeug,Unfall durch ruhenden Verkehr,Tageslicht,0,1,0,0,0,0,"353889,4824","5642280,489",6.921514012,50.91365455,trocken,"5,21E+18",PKW
30157,5,3,15,0,2021,Juni,16,Freitag,Unfall mit Leichtverletzten,Abkommen von Fahrbahn nach rechts,Unfall im Längsverkehr,Tageslicht,1,0,0,0,0,0,"350746,4044","5650051,9",6.873649651,50.98268725,trocken,"5,21E+18",Rad
30159,5,3,15,0,2021,Dezember,7,Dienstag,Unfall mit Leichtverletzten,Zusammenstoß mit seitlich in gleicher Richtung fahrendem Fahrzeug,Abbiegeunfall,Tageslicht,1,1,0,0,0,0,"356837,6665","5643981,005",6.962757055,50.9296758,nass/feucht,"5,21E+18","Rad, PKW"
30162,5,3,15,0,2021,März,15,Dienstag,Unfall mit Leichtverletzten,Zusammenstoß mit anfahrendem/ anhaltendem/ruhendem Fahrzeug,Unfall im Längsverkehr,Tageslicht,0,1,0,0,0,0,"355962,754","5646863,01",6.949175685,50.95535807,trocken,"5,21E+18",PKW
30164,5,3,15,0,2021,Oktober,14,Freitag,Unfall mit Leichtverletzten,Zusammenstoß mit vorausfahrendem / wartendem Fahrzeug,Sonstiger Unfall,Tageslicht,1,1,0,0,0,0,"356179,7655","5644620,776",6.953148846,50.93526167,trocken,"5,21E+18","Rad, PKW"
30165,5,3,15,0,2021,September,15,Samstag,Unfall mit Leichtverletzten,Zusammenstoß mit vorausfahrendem / wartendem Fahrzeug,Unfall im Längsverkehr,Tageslicht,0,1,0,0,0,0,"351178,4052","5645496,246",6.881662976,50.94186015,trocken,"5,21E+18",PKW
30170,5,3,15,0,2021,Februar,19,Dienstag,Unfall mit Leichtverletzten,Zusammenstoß mit anfahrendem/ anhaltendem/ruhendem Fahrzeug,Unfall durch ruhenden Verkehr,Dunkelheit,1,1,0,0,0,0,"356419,0677","5646262,915",6.955904996,50.95007898,nass/feucht,"5,21E+18","Rad, PKW"
30172,5,3,15,0,2021,Februar,9,Samstag,Unfall mit Leichtverletzten,Zusammenstoß mit einbiegendem / kreuzendem Fahrzeug,Einbiegen / Kreuzen-Unfall,Tageslicht,1,1,0,0,0,0,"357381,7431","5637149,882",6.973162171,50.86841916,trocken,"5,21E+18","Rad, PKW"
30175,5,3,15,0,2021,April,19,Freitag,Unfall mit Schwerverletzten,Zusammenstoß mit entgegenkommendem Fahrzeug,Unfall im Längsverkehr,Tageslicht,1,0,0,0,0,0,"355539,9317","5645790,117",6.943585299,50.94561039,trocken,"5,21E+18",Rad
30177,5,3,15,0,2021,April,18,Dienstag,Unfall mit Leichtverletzten,Unfall anderer Art,Abbiegeunfall,Tageslicht,1,1,0,0,0,0,"355187,024","5643735,861",6.939381444,50.92706071,trocken,"5,21E+18","Rad, PKW"
30179,5,3,15,0,2021,Oktober,20,Samstag,Unfall mit Schwerverletzten,Zusammenstoß mit vorausfahrendem / wartendem Fahrzeug,Sonstiger Unfall,Dunkelheit,0,1,0,1,0,0,"354557,2423","5643491,239",6.93052377,50.92470392,nass/feucht,"5,21E+18","Krad, PKW"
30180,5,3,15,0,2021,Oktober,13,Samstag,Unfall mit Leichtverletzten,Unfall anderer Art,Fahrunfall,Tageslicht,0,0,0,0,0,1,"357913,883","5643457,781",6.978265622,50.92523969,trocken,"5,21E+18",Sonstige
30196,5,3,15,0,2021,Oktober,7,Samstag,Unfall mit Leichtverletzten,Zusammenstoß mit seitlich in gleicher Richtung fahrendem Fahrzeug,Unfall im Längsverkehr,Dunkelheit,0,1,0,0,0,0,"353237,9916","5652564,036",6.908105552,51.00590311,trocken,"5,21E+18",PKW
30199,5,3,15,0,2021,Januar,18,Samstag,Unfall mit Leichtverletzten,Zusammenstoß mit vorausfahrendem / wartendem Fahrzeug,Fahrunfall,Dunkelheit,0,1,0,1,0,0,"356102,754","5643383,611",6.952541932,50.92412423,trocken,"5,21E+18","Krad, PKW"
30200,5,3,15,0,2021,März,17,Freitag,Unfall mit Leichtverletzten,Zusammenstoß mit einbiegendem / kreuzendem Fahrzeug,Einbiegen / Kreuzen-Unfall,Dämmerung,1,0,0,0,0,1,"354512,9359","5644825,799",6.929361122,50.93668608,nass/feucht,"5,21E+18","Rad, Sonstige"