OBJECTID,ULAND,UREGBEZ,UKREIS,UGEMEINDE,UJAHR,UMONAT,USTUNDE,UWOCHENTAG,UKATEGORIE,UART,UTYP1,ULICHTVERH,IstRad,IstPKW,IstFuss,IstKrad,IstGkfz,IstSonstige,LINREFX,LINREFY,XGCSWGS84,YGCSWGS84,USTRZUSTAND,UIDENTSTLAE,Participants
30202,5,3,15,0,2021,November,15,Freitag,Unfall mit Schwerverletzten,Zusammenstoß mit seitlich in gleicher Richtung fahrendem Fahrzeug,Unfall durch ruhenden Verkehr,Dämmerung,1,1,0,0,0,0,"353883,9226","5646159,325",6.919880096,50.94851099,nass/feucht,"5,21E+18","Rad, PKW"
30204,5,3,15,0,2021,März,13,Dienstag,Unfall mit Leichtverletzten,Zusammenstoß mit vorausfahrendem / wartendem Fahrzeug,Abbiegeunfall,Tageslicht,0,1,0,1,0,0,"356929,595","5639870,984",6.96567574,50.89276202,trocken,"5,21E+18","Krad, PKW"
30211,5,3,15,0,2021,November,12,Samstag,Unfall mit Leichtverletzten,Zusammenstoß mit einbiegendem / kreuzendem Fahrzeug,Abbiegeunfall,Tageslicht,1,1,0,0,0,0,"354191,129","5644819,757",6.924786644,50.93655051,trocken,"5,21E+18","Rad, PKW"
30224,5,3,15,0,2021,Januar,20,Sonntag,Unfall mit Leichtverletzten,Zusammenstoß zwischen Fahrzeug und Fußgänger,Abbiegeunfall,Dunkelheit,0,1,1,0,0,0,"354732,8818","5644533,09",6.932605995,50.93411103,nass/feucht,"5,21E+18","Fuss, PKW"
30226,5,3,15,0,2021,Oktober,16,Mittwoch,Unfall mit Schwerverletzten,Abkommen von Fahrbahn nach links,Fahrunfall,Tageslicht,0,1,0,0,0,0,"356957,751","5634614,363",6.968131421,50.84552754,trocken,"5,21E+18",PKW
30229,5,3,15,0,2021,März,19,Dienstag,Unfall mit Leichtverletzten,Unfall anderer Art,Unfall durch ruhenden Verkehr,Tageslicht,1,1,0,0,0,0,"356477,8208","5643073,153",6.957997169,50.92142761,trocken,"5,21E+18","Rad, PKW"
30230,5,3,15,0,2021,März,15,Freitag,Unfall mit Leichtverletzten,Zusammenstoß mit vorausfahrendem / wartendem Fahrzeug,Unfall im Längsverkehr,Tageslicht,0,1,0,0,0,0,"357930,8031","5646597,333",6.977281955,50.95345897,trocken,"5,21E+18",PKW
30234,5,3,15,0,2021,September,15,Mittwoch,Unfall mit Leichtverletzten,Unfall anderer Art,Unfall im Längsverkehr,Tageslicht,0,0,0,1,0,0,"352250,4012","5647436,404",6.896123494,50.95957109,trocken,"5,21E+18",Krad
30238,5,3,15,0,2021,Juni,13,Montag,Unfall mit Leichtverletzten,Zusammenstoß mit entgegenkommendem Fahrzeug,Abbiegeunfall,Tageslicht,0,1,0,1,0,0,"353957,228","5654042,961",6.917754722,51.01937658,trocken,"5,21E+18","Krad, PKW"
30245,5,3,15,0,2021,Oktober,23,Donnerstag,Unfall mit Schwerverletzten,Abkommen von Fahrbahn nach links,Fahrunfall,Dunkelheit,0,0,0,1,0,0,"348618,4333","5643744,59",6.845979037,50.92545292,nass/feucht,"5,21E+18",Krad
30251,5,3,15,0,2021,Oktober,19,Freitag,Unfall mit Leichtverletzten,Zusammenstoß mit anfahrendem/ anhaltendem/ruhendem Fahrzeug,Unfall im Längsverkehr,Dämmerung,0,1,0,0,0,0,"354754,142","5638222,739",6.93541925,50.87740655,trocken,"5,21E+18",PKW
30256,5,3,15,0,2021,Oktober,15,Donnerstag,Unfall mit Leichtverletzten,Zusammenstoß mit vorausfahrendem / wartendem Fahrzeug,Unfall im Längsverkehr,Tageslicht,0,1,0,0,0,0,"353194,2092","5645184,152",6.910461294,50.93957226,trocken,"5,21E+18",PKW
30257,5,3,15,0,2021,September,11,Mittwoch,Unfall mit Schwerverletzten,Zusammenstoß mit vorausfahrendem / wartendem Fahrzeug,Unfall im Längsverkehr,Tageslicht,0,0,0,0,1,0,"352378,6323","5641092,313",6.900517428,50.90259242,trocken,"5,21E+18",Gkfz
30259,5,3,15,0,2021,September,14,Mittwoch,Unfall mit Leichtverletzten,Zusammenstoß mit entgegenkommendem Fahrzeug,Abbiegeunfall,Tageslicht,0,1,0,0,0,0,"353553,0329","5648797,403",6.914111187,50.97213437,trocken,"5,21E+18",PKW
30268,5,3,15,0,2021,Juni,12,Samstag,Unfall mit Schwerverletzten,Zusammenstoß mit vorausfahrendem / wartendem Fahrzeug,Unfall im Längsverkehr,Tageslicht,0,1,0,1,0,0,"357479,0164","5635526,053",6.975176055,50.85384965,trocken,"5,21E+18","Krad, PKW"
30272,5,3,15,0,2021,September,20,Samstag,Unfall mit Leichtverletzten,Zusammenstoß mit einbiegendem / kreuzendem Fahrzeug,Abbiegeunfall,Dunkelheit,1,1,0,0,0,0,"354075,1185","5636350,824",6.926520835,50.86041295,trocken,"5,21E+18","Rad, PKW"
30273,5,3,15,0,2021,Juni,14,Freitag,Unfall mit Leichtverletzten,Zusammenstoß mit anfahrendem/ anhaltendem/ruhendem Fahrzeug,Unfall durch ruhenden Verkehr,Tageslicht,1,1,0,0,0,0,"355185,7807","5644095,362",6.939220957,50.93029116,trocken,"5,21E+18","Rad, PKW"
30276,5,3,15,0,2021,Juni,18,Montag,Unfall mit Leichtverletzten,Unfall anderer Art,Fahrunfall,Tageslicht,0,0,0,0,0,1,"358089,4987","5647208,661",6.979301539,50.95899205,trocken,"5,21E+18",Sonstige
30278,5,3,15,0,2021,Mai,16,Dienstag,Unfall mit Leichtverletzten,Zusammenstoß mit anfahrendem/ anhaltendem/ruhendem Fahrzeug,Unfall im Längsverkehr,Tageslicht,0,1,0,0,0,0,"348414,3483","5656476,472",6.837766971,51.03980972,nass/feucht,"5,21E+18",PKW
30279,5,3,15,0,2021,Dezember,17,Sonntag,Unfall mit Leichtverletzten,Zusammenstoß mit anfahrendem/ anhaltendem/ruhendem Fahrzeug,Unfall im Längsverkehr,Dunkelheit,0,1,0,0,0,0,"357147,2973","5637883,234",6.969546108,50.87495194,nass/feucht,"5,21E+18",PKW
30289,5,3,15,0,2021,Oktober,20,Freitag,Unfall mit Schwerverletzten,Unfall anderer Art,Fahrunfall,Dunkelheit,0,1,0,0,0,0,"350754,0473","5650068,725",6.873751545,50.98284044,trocken,"5,21E+18",PKW
30296,5,3,15,0,2021,Januar,7,Donnerstag,Unfall mit Leichtverletzten,Zusammenstoß mit entgegenkommendem Fahrzeug,Abbiegeunfall,Dämmerung,1,1,0,0,0,0,"351227,938","5648230,9",6.881249903,50.96644768,nass/feucht,"5,21E+18","Rad, PKW"
30297,5,3,15,0,2021,Februar,15,Freitag,Unfall mit Leichtverletzten,Zusammenstoß mit vorausfahrendem / wartendem Fahrzeug,Unfall im Längsverkehr,Tageslicht,0,1,0,0,0,1,"356827,83","5633854,935",6.966583962,50.83867037,trocken,"5,21E+18","PKW, Sonstige"
30302,5,3,15,0,2021,Juni,20,Montag,Unfall mit Schwerverletzten,Abkommen von Fahrbahn nach rechts,Fahrunfall,Tageslicht,0,0,0,1,0,0,"357422,748","5636713,786",6.973914483,50.86451005,trocken,"5,21E+18",Krad
30306,5,3,15,0,2021,November,18,Samstag,Unfall mit Schwerverletzten,Zusammenstoß mit entgegenkommendem Fahrzeug,Fahrunfall,Dunkelheit,1,0,0,0,0,0,"354191,129","5644819,757",6.924786644,50.93655051,nass/feucht,"5,21E+18",Rad
30313,5,3,15,0,2021,März,5,Sonntag,Unfall mit Leichtverletzten,Zusammenstoß zwischen Fahrzeug und Fußgänger,Überschreiten-Unfall,Dunkelheit,0,1,1,0,0,0,"353346,491","5644888,749",6.912746137,50.93695634,trocken,"5,21E+18","Fuss, PKW"
30319,5,3,15,0,2021,März,9,Samstag,Unfall mit Leichtverletzten,Unfall anderer Art,Fahrunfall,Tageslicht,1,0,0,0,0,0,"354749,0702","5643138,559",6.933391827,50.92158279,trocken,"5,21E+18",Rad
30323,5,3,15,0,2021,September,17,Mittwoch,Unfall mit Leichtverletzten,Zusammenstoß mit vorausfahrendem / wartendem Fahrzeug,Unfall im Längsverkehr,Tageslicht,0,1,0,0,0,1,"357777,3796","5639454,918",6.97788435,50.88923219,trocken,"5,21E+18","PKW, Sonstige"
30330,5,3,15,0,2021,Juli,22,Mittwoch,Unfall mit Leichtverletzten,Unfall anderer Art,Fahrunfall,Dunkelheit,1,0,0,0,0,0,"355286,17","5644185,634",6.940612721,50.93112761,nass/feucht,"5,21E+18",Rad
30331,5,3,15,0,2021,September,14,Freitag,Unfall mit Leichtverletzten,Zusammenstoß mit anfahrendem/ anhaltendem/ruhendem Fahrzeug,Unfall durch ruhenden Verkehr,Tageslicht,1,1,0,0,0,0,"353790,1682","5646227,417",6.918519003,50.94909914,trocken,"5,21E+18","Rad, PKW"
30333,5,3,15,0,2021,März,10,Mittwoch,Unfall mit Leichtverletzten,Zusammenstoß mit anfahrendem/ anhaltendem/ruhendem Fahrzeug,Sonstiger Unfall,Tageslicht,0,1,0,0,0,0,"353886,4948","5641869,282",6.921636196,50.90995838,trocken,"5,21E+18",PKW
30335,5,3,15,0,2021,Oktober,6,Dienstag,Unfall mit Leichtverletzten,Zusammenstoß mit einbiegendem / kreuzendem Fahrzeug,Einbiegen / Kreuzen-Unfall,Dunkelheit,0,1,0,0,0,1,"354924,29","5643339,187",6.935803285,50.92342988,nass/feucht,"5,21E+18","PKW, Sonstige"
30341,5,3,15,0,2021,Oktober,12,Samstag,Unfall mit Leichtverletzten,Unfall anderer Art,Sonstiger Unfall,Tageslicht,0,1,1,0,0,0,"352566,431","5647198,775",6.900716624,50.95751658,trocken,"5,21E+18","Fuss, PKW"
30342,5,3,15,0,2021,September,16,Freitag,Unfall mit Leichtverletzten,Zusammenstoß mit einbiegendem / kreuzendem Fahrzeug,Einbiegen / Kreuzen-Unfall,Tageslicht,1,1,0,0,0,0,"356005,9272","5646891,197",6.94977882,50.95562217,trocken,"5,21E+18","Rad, PKW"
30346,5,3,15,0,2021,Juni,13,Mittwoch,Unfall mit Leichtverletzten,Zusammenstoß mit einbiegendem / kreuzendem Fahrzeug,Abbiegeunfall,Tageslicht,1,1,0,0,0,0,"357026,839","5641116,149",6.966570029,50.90397638,nass/feucht,"5,21E+18","Rad, PKW"
30347,5,3,15,0,2021,September,15,Sonntag,Unfall mit Leichtverletzten,Zusammenstoß mit anfahrendem/ anhaltendem/ruhendem Fahrzeug,Einbiegen / Kreuzen-Unfall,Tageslicht,1,1,0,0,0,0,"351478,1382","5644619,231",6.886283779,50.93405616,trocken,"5,21E+18","Rad, PKW"
30350,5,3,15,0,2021,September,9,Freitag,Unfall mit Leichtverletzten,Zusammenstoß mit seitlich in gleicher Richtung fahrendem Fahrzeug,Abbiegeunfall,Tageslicht,1,1,0,0,0,0,"356429,9083","5647045,303",6.955750659,50.95711288,trocken,"5,21E+18","Rad, PKW"
30353,5,3,15,0,2021,Juni,20,Donnerstag,Unfall mit Leichtverletzten,Unfall anderer Art,Fahrunfall,Dämmerung,0,1,0,0,0,0,"348848,7557","5644880,543",6.848782809,50.93572128,nass/feucht,"5,21E+18",PKW
30355,5,3,15,0,2021,März,22,Dienstag,Unfall mit Leichtverletzten,Zusammenstoß mit einbiegendem / kreuzendem Fahrzeug,Einbiegen / Kreuzen-Unfall,Dunkelheit,1,1,0,0,0,0,"355531,7389","5643780,259",6.944265598,50.92754614,trocken,"5,21E+18","Rad, PKW"
30356,5,3,15,0,2021,Januar,19,Sonntag,Unfall mit Leichtverletzten,Zusammenstoß mit vorausfahrendem / wartendem Fahrzeug,Unfall im Längsverkehr,Dunkelheit,0,1,0,0,0,0,"354191,852","5644842,442",6.924787849,50.93675455,trocken,"5,21E+18",PKW
30357,5,3,15,0,2021,November,16,Sonntag,Unfall mit Leichtverletzten,Zusammenstoß mit seitlich in gleicher Richtung fahrendem Fahrzeug,Unfall im Längsverkehr,Tageslicht,0,1,0,1,0,0,"355118,0427","5644660,453",6.938033044,50.93535249,trocken,"5,21E+18","Krad, PKW"
30366,5,3,15,0,2021,Januar,7,Donnerstag,Unfall mit Leichtverletzten,Zusammenstoß mit einbiegendem / kreuzendem Fahrzeug,Abbiegeunfall,Dämmerung,1,0,0,0,0,1,"353538,0541","5642766,862",6.91632306,50.91793635,trocken,"5,21E+18","Rad, Sonstige"
30367,5,3,15,0,2021,Mai,17,Donnerstag,Unfall mit Leichtverletzten,Zusammenstoß mit vorausfahrendem / wartendem Fahrzeug,Abbiegeunfall,Tageslicht,0,1,0,0,0,0,"351735,7258","5643568,131",6.890374522,50.92467672,nass/feucht,"5,21E+18",PKW
30374,5,3,15,0,2021,April,15,Mittwoch,Unfall mit Schwerverletzten,Zusammenstoß mit seitlich in gleicher Richtung fahrendem Fahrzeug,Unfall im Längsverkehr,Tageslicht,0,1,0,0,0,0,"357931,7838","5646596,288",6.977296315,50.95344982,nass/feucht,"5,21E+18",PKW
30380,5,3,15,0,2021,Juni,18,Freitag,Unfall mit Leichtverletzten,Zusammenstoß mit einbiegendem / kreuzendem Fahrzeug,Einbiegen / Kreuzen-Unfall,Tageslicht,0,1,0,0,0,1,"354542,8979","5647449,951",6.928739035,50.96027611,trocken,"5,21E+18","PKW, Sonstige"
30381,5,3,15,0,2021,November,8,Samstag,Unfall mit Leichtverletzten,Zusammenstoß mit vorausfahrendem / wartendem Fahrzeug,Unfall im Längsverkehr,Tageslicht,0,1,0,1,0,0,"355279,6004","5644006,58",6.940590383,50.92951684,nass/feucht,"5,21E+18","Krad, PKW"
30383,5,3,15,0,2021,Juni,13,Dienstag,Unfall mit Leichtverletzten,Zusammenstoß mit vorausfahrendem / wartendem Fahrzeug,Unfall im Längsverkehr,Tageslicht,0,1,0,0,0,0,"351136,2193","5650601,426",6.878973976,50.98772641,trocken,"5,21E+18",PKW
30388,5,3,15,0,2021,Dezember,3,Montag,Unfall mit Schwerverletzten,Unfall anderer Art,Fahrunfall,Dunkelheit,0,0,0,0,0,1,"357475,5054","5644775,395",6.971516942,50.93697291,nass/feucht,"5,21E+18",Sonstige
30391,5,3,15,0,2021,November,19,Sonntag,Unfall mit Schwerverletzten,Zusammenstoß mit einbiegendem / kreuzendem Fahrzeug,Abbiegeunfall,Dunkelheit,0,1,0,0,0,0,"354088,3774","5644846,458",6.923314574,50.93676447,nass/feucht,"5,21E+18",PKW
30393,5,3,15,0,2021,Dezember,18,Montag,Unfall mit Leichtverletzten,Zusammenstoß mit anfahrendem/ anhaltendem/ruhendem Fahrzeug,Unfall im Längsverkehr,Dunkelheit,0,1,0,0,0,0,"355137,605","5646571,528",6.937551198,50.95253178,nass/feucht,"5,21E+18",PKW
30398,5,3,15,0,2021,Juni,19,Freitag,Unfall mit Leichtverletzten,Zusammenstoß mit vorausfahrendem / wartendem Fahrzeug,Unfall im Längsverkehr,Tageslicht,1,0,0,0,0,1,"353331,6774","5646716,728",6.911799323,50.9533799,trocken,"5,21E+18","Rad, Sonstige"
30399,5,3,15,0,2021,Juli,18,Freitag,Unfall mit Schwerverletzten,Zusammenstoß mit seitlich in gleicher Richtung fahrendem Fahrzeug,Unfall im Längsverkehr,Tageslicht,0,1,0,0,0,1,"352749,417","5650656,385",6.901920127,50.98863522,nass/feucht,"5,21E+18","PKW, Sonstige"
30416,5,3,15,0,2021,Februar,16,Montag,Unfall mit Leichtverletzten,Unfall anderer Art,Sonstiger Unfall,Tageslicht,0,1,0,1,0,0,"355271,31","5644014,759",6.940469243,50.92958826,trocken,"5,21E+18","Krad, PKW"
30419,5,3,15,0,2021,September,13,Mittwoch,Unfall mit Leichtverletzten,Zusammenstoß zwischen Fahrzeug und Fußgänger,Überschreiten-Unfall,Tageslicht,1,0,1,0,0,0,"356856,0627","5644266,678",6.962906475,50.93224769,trocken,"5,21E+18","Rad, Fuss"
30420,5,3,15,0,2021,Dezember,18,Sonntag,Unfall mit Schwerverletzten,Unfall anderer Art,Unfall im Längsverkehr,Dunkelheit,0,1,0,0,0,0,"358061,3936","5644009,79",6.980148232,50.93023692,nass/feucht,"5,21E+18",PKW
30423,5,3,15,0,2021,Oktober,15,Dienstag,Unfall mit Leichtverletzten,Zusammenstoß mit vorausfahrendem / wartendem Fahrzeug,Unfall im Längsverkehr,Tageslicht,0,1,0,0,0,0,"357359,1643","5642400,508",6.97079134,50.91560111,trocken,"5,21E+18",PKW
30427,5,3,15,0,2021,Dezember,17,Donnerstag,Unfall mit Leichtverletzten,Unfall anderer Art,Fahrunfall,Dämmerung,1,0,0,0,0,0,"352850,9405","5641190,723",6.907190169,50.90359737,trocken,"5,21E+18",Rad
30431,5,3,15,0,2021,Mai,19,Samstag,Unfall mit Leichtverletzten,Zusammenstoß mit vorausfahrendem / wartendem Fahrzeug,Unfall im Längsverkehr,Tageslicht,0,1,0,0,1,0,"354855,718","5641522,94",6.935550864,50.90709041,nass/feucht,"5,21E+18","PKW, Gkfz"
30437,5,3,15,0,2021,September,8,Dienstag,Unfall mit Leichtverletzten,Zusammenstoß zwischen Fahrzeug und Fußgänger,Überschreiten-Unfall,Tageslicht,0,1,1,0,0,0,"352603,7816","5647176,294",6.901257177,50.95732412,trocken,"5,21E+18","Fuss, PKW"
30448,5,3,15,0,2021,September,14,Donnerstag,Unfall mit Leichtverletzten,Zusammenstoß mit seitlich in gleicher Richtung fahrendem Fahrzeug,Unfall im Längsverkehr,Tageslicht,0,1,0,0,0,0,"357713,2722","5646829,101",6.974096322,50.95548819,nass/feucht,"5,21E+18",PKW
30453,5,3,15,0,2021,September,4,Sonntag,Unfall mit Leichtverletzten,Unfall anderer Art,Fahrunfall,Dunkelheit,1,0,0,0,0,0,"355219,722","5644982,933",6.939351018,50.93827608,trocken,"5,21E+18",Rad
30455,5,3,15,0,2021,Juni,16,Dienstag,Unfall mit Leichtverletzten,Zusammenstoß mit einbiegendem / kreuzendem Fahrzeug,Abbiegeunfall,Tageslicht,1,1,0,0,0,0,"354576,6829","5644817,059",6.930271253,50.93662362,trocken,"5,21E+18","Rad, PKW"
30460,5,3,15,0,2021,Juni,13,Freitag,Unfall mit Schwerverletzten,Zusammenstoß mit einbiegendem / kreuzendem Fahrzeug,Einbiegen / Kreuzen-Unfall,Tageslicht,1,1,0,0,0,0,"357165,8734","5638776,656",6.969460905,50.88298575,trocken,"5,21E+18","Rad, PKW"
30463,5,3,15,0,2021,Oktober,8,Donnerstag,Unfall mit Leichtverletzten,Zusammenstoß mit einbiegendem / kreuzendem Fahrzeug,Abbiegeunfall,Tageslicht,0,1,0,0,0,1,"352739,8863","5644932,049",6.904101267,50.93719087,trocken,"5,21E+18","PKW, Sonstige"
30465,5,3,15,0,2021,Mai,14,Donnerstag,Unfall mit Leichtverletzten,Zusammenstoß mit vorausfahrendem / wartendem Fahrzeug,Unfall im Längsverkehr,Tageslicht,0,1,0,0,0,0,"353924,3928","5646745,687",6.920220572,50.95379067,nass/feucht,"5,21E+18",PKW
30479,5,3,15,0,2021,März,15,Freitag,Unfall mit Leichtverletzten,Zusammenstoß mit vorausfahrendem / wartendem Fahrzeug,Unfall im Längsverkehr,Tageslicht,0,1,0,0,0,1,"351503,8039","5644528,407",6.886685784,50.93324658,trocken,"5,21E+18","PKW, Sonstige"
30482,5,3,15,0,2021,Oktober,17,Sonntag,Unfall mit Leichtverletzten,Zusammenstoß mit einbiegendem / kreuzendem Fahrzeug,Abbiegeunfall,Tageslicht,1,1,0,0,0,0,"357710,8246","5646910,62",6.974029628,50.9562202,trocken,"5,21E+18","Rad, PKW"
30487,5,3,15,0,2021,März,10,Donnerstag,Unfall mit Schwerverletzten,Zusammenstoß zwischen Fahrzeug und Fußgänger,Überschreiten-Unfall,Tageslicht,0,0,1,0,1,0,"355103,135","5644660,468",6.937821018,50.93534888,trocken,"5,21E+18","Fuss, Gkfz"
30490,5,3,15,0,2021,Oktober,13,Mittwoch,Unfall mit Leichtverletzten,Zusammenstoß zwischen Fahrzeug und Fußgänger,Überschreiten-Unfall,Tageslicht,0,1,1,0,0,0,"347861,5867","5645204,209",6.834608762,50.93837023,trocken,"5,21E+18","Fuss, PKW"
30495,5,3,15,0,2021,November,10,Sonntag,Unfall mit Leichtverletzten,Unfall anderer Art,Unfall durch ruhenden Verkehr,Tageslicht,1,1,0,0,0,1,"353534,1317","5642862,433",6.916228922,50.91879422,trocken,"5,21E+18","Rad, PKW, Sonstige"
30499,5,3,15,0,2021,Juni,17,Samstag,Unfall mit Leichtverletzten,Unfall anderer Art,Abbiegeunfall,Tageslicht,1,1,0,0,0,0,"354917,206","5647910,709",6.933881623,50.96451117,trocken,"5,21E+18","Rad, PKW"
30508,5,3,15,0,2021,November,14,Dienstag,Unfall mit Leichtverletzten,Zusammenstoß mit einbiegendem / kreuzendem Fahrzeug,Einbiegen / Kreuzen-Unfall,Tageslicht,0,1,0,1,0,0,"355721,141","5640043,406",6.948436301,50.89401095,trocken,"5,21E+18","Krad, PKW"
30509,5,3,15,0,2021,Juni,15,Mittwoch,Unfall mit Leichtverletzten,Zusammenstoß mit seitlich in gleicher Richtung fahrendem Fahrzeug,Abbiegeunfall,Tageslicht,0,1,0,1,0,0,"356101,9253","5643384,28",6.952529884,50.92413004,trocken,"5,21E+18","Krad, PKW"
30510,5,3,15,0,2021,Oktober,9,Donnerstag,Unfall mit Leichtverletzten,Zusammenstoß mit seitlich in gleicher Richtung fahrendem Fahrzeug,Unfall im Längsverkehr,Tageslicht,0,1,0,0,0,1,"354526,7576","5647207,497",6.92860628,50.95809318,nass/feucht,"5,21E+18","PKW, Sonstige"
30511,5,3,15,0,2021,Mai,16,Donnerstag,Unfall mit Leichtverletzten,Zusammenstoß mit einbiegendem / kreuzendem Fahrzeug,Abbiegeunfall,Tageslicht,1,1,0,0,0,0,"355478,2558","5651030,909",6.940625493,50.99269257,trocken,"5,21E+18","Rad, PKW"
30524,5,3,15,0,2021,Juni,21,Samstag,Unfall mit Leichtverletzten,Zusammenstoß mit vorausfahrendem / wartendem Fahrzeug,Abbiegeunfall,Tageslicht,1,1,0,0,0,0,"355030,6946","5644243,723",6.936956528,50.93158548,trocken,"5,21E+18","Rad, PKW"
30530,5,3,15,0,2021,September,12,Freitag,Unfall mit Leichtverletzten,Zusammenstoß mit einbiegendem / kreuzendem Fahrzeug,Einbiegen / Kreuzen-Unfall,Tageslicht,1,0,0,1,0,0,"353276,9855","5643428,876",6.912345213,50.92381932,trocken,"5,21E+18","Rad, Krad"
30537,5,3,15,0,2021,Mai,8,Freitag,Unfall mit Leichtverletzten,Unfall anderer Art,Einbiegen / Kreuzen-Unfall,Tageslicht,1,0,0,0,0,1,"357116,8617","5643216,047",6.967027187,50.92287039,nass/feucht,"5,21E+18","Rad, Sonstige"
30542,5,3,15,0,2021,Juni,15,Mittwoch,Unfall mit Leichtverletzten,Zusammenstoß mit seitlich in gleicher Richtung fahrendem Fahrzeug,Abbiegeunfall,Tageslicht,0,1,0,1,0,0,"350251,5793","5659640,922",6.862644574,51.06872773,nass/feucht,"5,21E+18","Krad, PKW"
30543,5,3,15,0,2021,Juli,18,Samstag,Unfall mit Leichtverletzten,Zusammenstoß mit einbiegendem / kreuzendem Fahrzeug,Abbiegeunfall,Tageslicht,1,1,0,0,0,0,"355746,846","5644060,411",6.94721354,50.93011765,trocken,"5,21E+18","Rad, PKW"
30544,5,3,15,0,2021,Mai,6,Mittwoch,Unfall mit Leichtverletzten,Zusammenstoß mit einbiegendem / kreuzendem Fahrzeug,Einbiegen / Kreuzen-Unfall,Tageslicht,0,1,0,0,0,0,"354260,4832","5640287,574",6.927583596,50.8958385,nass/feucht,"5,21E+18",PKW
30557,5,3,15,0,2021,Oktober,12,Samstag,Unfall mit Leichtverletzten,Zusammenstoß mit seitlich in gleicher Richtung fahrendem Fahrzeug,Unfall im Längsverkehr,Tageslicht,0,1,0,0,1,0,"354148,5326","5647958,05",6.92292367,50.96474253,trocken,"5,21E+18","PKW, Gkfz"
30562,5,3,15,0,2021,Juni,8,Mittwoch,Unfall mit Leichtverletzten,Unfall anderer Art,Fahrunfall,Tageslicht,1,0,0,0,0,0,"349857,2878","5650243,21",6.860913174,50.98417524,nass/feucht,"5,21E+18",Rad
30563,5,3,15,0,2021,Juni,19,Freitag,Unfall mit Leichtverletzten,Zusammenstoß mit einbiegendem / kreuzendem Fahrzeug,Abbiegeunfall,Tageslicht,0,1,0,0,0,0,"356872,153","5645471,943",6.962661856,50.94308328,trocken,"5,21E+18",PKW
30567,5,3,15,0,2021,Dezember,7,Donnerstag,Unfall mit Leichtverletzten,Zusammenstoß mit einbiegendem / kreuzendem Fahrzeug,Einbiegen / Kreuzen-Unfall,Tageslicht,1,1,0,0,0,0,"349201,7818","5645133,851",6.85369855,50.93808999,trocken,"5,21E+18","Rad, PKW"
30580,5,3,15,0,2021,Juni,9,Donnerstag,Unfall mit Leichtverletzten,Zusammenstoß mit entgegenkommendem Fahrzeug,Unfall im Längsverkehr,Tageslicht,1,1,0,0,0,0,"353238,4457","5643502,644",6.911767548,50.92447244,trocken,"5,21E+18","Rad, PKW"
30582,5,3,15,0,2021,Oktober,8,Freitag,Unfall mit Leichtverletzten,Unfall anderer Art,Einbiegen / Kreuzen-Unfall,Tageslicht,1,0,0,0,0,1,"353484,2278","5644138,59",6.91500667,50.93024994,trocken,"5,21E+18","Rad, Sonstige"
30595,5,3,15,0,2021,Januar,7,Mittwoch,Unfall mit Schwerverletzten,Zusammenstoß mit einbiegendem / kreuzendem Fahrzeug,Abbiegeunfall,Dunkelheit,1,1,0,0,0,0,"354467,255","5645760,332",6.928338091,50.94507293,nass/feucht,"5,21E+18","Rad, PKW"
30596,5,3,15,0,2021,September,20,Dienstag,Unfall mit Schwerverletzten,Unfall anderer Art,Sonstiger Unfall,Dunkelheit,0,0,0,1,0,0,"355270,386","5645234,533",6.939971669,50.94054988,trocken,"5,21E+18",Krad
30599,5,3,15,0,2021,Juli,9,Freitag,Unfall mit Leichtverletzten,Unfall anderer Art,Fahrunfall,Tageslicht,1,0,0,0,0,0,"356838,8728","5644143,91",6.962710229,50.93114012,trocken,"5,21E+18",Rad
30602,5,3,15,0,2021,Dezember,14,Samstag,Unfall mit Leichtverletzten,Unfall anderer Art,Abbiegeunfall,Tageslicht,0,1,0,0,0,1,"348027,771","5645194,765",6.836976205,50.93832918,nass/feucht,"5,21E+18","PKW, Sonstige"
30603,5,3,15,0,2021,Juli,21,Sonntag,Unfall mit Schwerverletzten,Unfall anderer Art,Fahrunfall,Tageslicht,0,0,0,0,0,1,"357426,2099","5644264,738",6.971015596,50.93237147,trocken,"5,21E+18",Sonstige
30606,5,3,15,0,2021,Juni,20,Samstag,Unfall mit Leichtverletzten,Unfall anderer Art,Fahrunfall,Tageslicht,1,0,0,0,0,0,"352972,8004","5644411,404",6.907623935,50.93257148,trocken,"5,21E+18",Rad
30613,5,3,15,0,2021,Dezember,10,Donnerstag,Unfall mit Leichtverletzten,Zusammenstoß mit einbiegendem / kreuzendem Fahrzeug,Einbiegen / Kreuzen-Unfall,Tageslicht,1,1,0,0,0,0,"356861,3793","5645473,215",6.962508102,50.94309204,trocken,"5,21E+18","Rad, PKW"
30614,5,3,15,0,2021,Juni,18,Donnerstag,Unfall mit Leichtverletzten,Unfall anderer Art,Fahrunfall,Tageslicht,1,0,0,0,0,0,"347488,9583","5646615,386",6.828718301,50.95095282,trocken,"5,21E+18",Rad
30617,5,3,15,0,2021,Dezember,15,Dienstag,Unfall mit Leichtverletzten,Unfall anderer Art,Sonstiger Unfall,Tageslicht,0,1,1,0,0,0,"356130,915","5648904,585",6.950760997,50.9737473,trocken,"5,21E+18","Fuss, PKW"
30620,5,3,15,0,2021,Juli,1,Sonntag,Unfall mit Leichtverletzten,Abkommen von Fahrbahn nach rechts,Fahrunfall,Dunkelheit,1,0,0,0,0,0,"356313,522","5646232,574",6.954415387,50.94978001,trocken,"5,21E+18",Rad