OBJECTID,ULAND,UREGBEZ,UKREIS,UGEMEINDE,UJAHR,UMONAT,USTUNDE,UWOCHENTAG,UKATEGORIE,UART,UTYP1,ULICHTVERH,IstRad,IstPKW,IstFuss,IstKrad,IstGkfz,IstSonstige,LINREFX,LINREFY,XGCSWGS84,YGCSWGS84,USTRZUSTAND,UIDENTSTLAE,Participants
30621,5,3,15,0,2021,März,18,Montag,Unfall mit Schwerverletzten,Abkommen von Fahrbahn nach rechts,Sonstiger Unfall,Tageslicht,0,1,0,0,0,0,"351279,1783","5645099,695",6.883258219,50.93832257,trocken,"5,21E+18",PKW
30625,5,3,15,0,2021,Dezember,18,Donnerstag,Unfall mit Leichtverletzten,Abkommen von Fahrbahn nach rechts,Fahrunfall,Dunkelheit,0,1,0,0,0,0,"349359,9416","5643149,36",6.856767985,50.92029809,nass/feucht,"5,21E+18",PKW
30626,5,3,15,0,2021,September,8,Dienstag,Unfall mit Leichtverletzten,Zusammenstoß mit einbiegendem / kreuzendem Fahrzeug,Einbiegen / Kreuzen-Unfall,Tageslicht,1,0,0,0,0,1,"356575,0248","5653976,696",6.955079219,51.01944001,trocken,"5,21E+18","Rad, Sonstige"
30629,5,3,15,0,2021,November,18,Mittwoch,Unfall mit Leichtverletzten,Zusammenstoß mit vorausfahrendem / wartendem Fahrzeug,Unfall im Längsverkehr,Dunkelheit,0,1,0,0,0,0,"349026,8252","5647044,002",6.850418421,50.95520932,nass/feucht,"5,21E+18",PKW
30632,5,3,15,0,2021,Mai,17,Samstag,Unfall mit Leichtverletzten,Zusammenstoß mit einbiegendem / kreuzendem Fahrzeug,Einbiegen / Kreuzen-Unfall,Tageslicht,1,0,0,0,0,0,"354335,7839","5644835,197",6.92683782,50.93672582,trocken,"5,21E+18",Rad
30636,5,3,15,0,2021,Oktober,21,Mittwoch,Unfall mit Leichtverletzten,Zusammenstoß mit entgegenkommendem Fahrzeug,Fahrunfall,Dunkelheit,0,1,0,0,0,0,"357739,834","5635003,216",6.979082211,50.84921505,nass/feucht,"5,21E+18",PKW
30640,5,3,15,0,2021,März,14,Donnerstag,Unfall mit Leichtverletzten,Zusammenstoß mit vorausfahrendem / wartendem Fahrzeug,Unfall im Längsverkehr,Tageslicht,0,1,0,0,0,0,"357114,5833","5639170,26",6.968578365,50.88651039,trocken,"5,21E+18",PKW
30644,5,3,15,0,2021,Oktober,8,Freitag,Unfall mit Leichtverletzten,Zusammenstoß mit einbiegendem / kreuzendem Fahrzeug,Abbiegeunfall,Tageslicht,1,1,0,0,0,0,"351968,0002","5644961,818",6.893111124,50.93726077,trocken,"5,21E+18","Rad, PKW"
30648,5,3,15,0,2021,Juni,11,Mittwoch,Unfall mit Schwerverletzten,Zusammenstoß mit vorausfahrendem / wartendem Fahrzeug,Unfall im Längsverkehr,Tageslicht,0,1,0,0,0,1,"350391,2559","5642602,085",6.87165461,50.91564836,trocken,"5,21E+18","PKW, Sonstige"
30649,5,3,15,0,2021,Mai,16,Freitag,Unfall mit Leichtverletzten,Zusammenstoß mit einbiegendem / kreuzendem Fahrzeug,Einbiegen / Kreuzen-Unfall,Tageslicht,0,1,0,0,0,1,"349840,1714","5649470,091",6.860988891,50.97722333,nass/feucht,"5,21E+18","PKW, Sonstige"
30654,5,3,15,0,2021,Juli,14,Mittwoch,Unfall mit Schwerverletzten,Zusammenstoß mit einbiegendem / kreuzendem Fahrzeug,Abbiegeunfall,Tageslicht,0,1,0,0,0,0,"356181,2449","5644620,301",6.953170073,50.93525777,trocken,"5,21E+18",PKW
30658,5,3,15,0,2021,Januar,16,Donnerstag,Unfall mit Leichtverletzten,Zusammenstoß mit anfahrendem/ anhaltendem/ruhendem Fahrzeug,Unfall im Längsverkehr,Dämmerung,0,1,0,0,0,0,"356740,4781","5634909,161",6.964931898,50.84812315,trocken,"5,21E+18",PKW
30666,5,3,15,0,2021,Mai,15,Freitag,Unfall mit Leichtverletzten,Zusammenstoß mit einbiegendem / kreuzendem Fahrzeug,Einbiegen / Kreuzen-Unfall,Tageslicht,1,1,0,0,0,0,"354247,8751","5645174,505",6.925451804,50.93975287,trocken,"5,21E+18","Rad, PKW"
30668,5,3,15,0,2021,Dezember,1,Montag,Unfall mit Leichtverletzten,Zusammenstoß mit entgegenkommendem Fahrzeug,Unfall im Längsverkehr,Dunkelheit,1,0,0,0,0,1,"355188,007","5644776,491",6.938981978,50.93641287,trocken,"5,21E+18","Rad, Sonstige"
30679,5,3,15,0,2021,Februar,10,Freitag,Unfall mit Leichtverletzten,Zusammenstoß mit seitlich in gleicher Richtung fahrendem Fahrzeug,Einbiegen / Kreuzen-Unfall,Tageslicht,1,1,0,0,0,0,"355472,298","5645755,454",6.94263694,50.94528193,trocken,"5,21E+18","Rad, PKW"
30681,5,3,15,0,2021,September,15,Mittwoch,Unfall mit Leichtverletzten,Unfall anderer Art,Fahrunfall,Dunkelheit,0,0,0,1,0,0,"354823,589","5646205,525",6.933229504,50.9491636,trocken,"5,21E+18",Krad
30683,5,3,15,0,2021,Dezember,16,Donnerstag,Unfall mit Leichtverletzten,Zusammenstoß mit vorausfahrendem / wartendem Fahrzeug,Unfall im Längsverkehr,Dunkelheit,0,1,0,0,0,0,"349883,588","5654173,719",6.859662326,51.01950252,trocken,"5,21E+18",PKW
30684,5,3,15,0,2021,Juni,17,Donnerstag,Unfall mit Leichtverletzten,Zusammenstoß mit seitlich in gleicher Richtung fahrendem Fahrzeug,Sonstiger Unfall,Tageslicht,0,1,0,0,0,1,"356514,658","5644622,624",6.957911072,50.9353617,trocken,"5,21E+18","PKW, Sonstige"
30685,5,3,15,0,2021,April,15,Donnerstag,Unfall mit Leichtverletzten,Zusammenstoß mit entgegenkommendem Fahrzeug,Unfall im Längsverkehr,Tageslicht,1,1,0,0,0,0,"357761,5537","5643721,744",6.975996605,50.92757438,trocken,"5,21E+18","Rad, PKW"
30688,5,3,15,0,2021,Januar,16,Donnerstag,Unfall mit Schwerverletzten,Unfall anderer Art,Fahrunfall,Dämmerung,1,0,0,0,0,0,"353040,7873","5643937,928",6.90878167,50.92833386,trocken,"5,21E+18",Rad
30693,5,3,15,0,2021,Dezember,14,Samstag,Unfall mit Leichtverletzten,Aufprall auf Fahrbahnhindernis,Fahrunfall,Tageslicht,1,0,0,0,0,0,"355478,1691","5651031,057",6.9406242,50.99269387,trocken,"5,21E+18",Rad
30696,5,3,15,0,2021,Juli,18,Donnerstag,Unfall mit Leichtverletzten,Zusammenstoß mit anfahrendem/ anhaltendem/ruhendem Fahrzeug,Sonstiger Unfall,Tageslicht,0,1,0,1,0,0,"351030,907","5651851,845",6.876961727,50.99893585,trocken,"5,21E+18","Krad, PKW"
30697,5,3,15,0,2021,Dezember,11,Freitag,Unfall mit Leichtverletzten,Zusammenstoß mit anfahrendem/ anhaltendem/ruhendem Fahrzeug,Unfall im Längsverkehr,Tageslicht,0,1,0,0,0,1,"356850,304","5644295,591",6.962813222,50.93250609,trocken,"5,21E+18","PKW, Sonstige"
30701,5,3,15,0,2021,Mai,15,Donnerstag,Unfall mit Leichtverletzten,Zusammenstoß mit vorausfahrendem / wartendem Fahrzeug,Unfall im Längsverkehr,Tageslicht,0,1,0,0,0,0,"357155,0927","5637143,09",6.96994591,50.86830216,nass/feucht,"5,21E+18",PKW
30708,5,3,15,0,2021,Juli,16,Montag,Unfall mit Schwerverletzten,Zusammenstoß mit anfahrendem/ anhaltendem/ruhendem Fahrzeug,Sonstiger Unfall,Tageslicht,0,1,0,1,0,0,"350870,6957","5645059,402",6.877465042,50.93785498,nass/feucht,"5,21E+18","Krad, PKW"
30713,5,3,15,0,2021,Juni,18,Montag,Unfall mit Leichtverletzten,Unfall anderer Art,Fahrunfall,Tageslicht,1,0,0,0,0,0,"353244,1881","5646809,289",6.910517257,50.95418944,trocken,"5,21E+18",Rad
30722,5,3,15,0,2021,November,14,Montag,Unfall mit Schwerverletzten,Zusammenstoß mit einbiegendem / kreuzendem Fahrzeug,Einbiegen / Kreuzen-Unfall,Tageslicht,1,1,0,0,0,0,"349358,992","5643149,086",6.856754598,50.92029537,nass/feucht,"5,21E+18","Rad, PKW"
30723,5,3,15,0,2021,Oktober,14,Dienstag,Unfall mit Leichtverletzten,Zusammenstoß mit vorausfahrendem / wartendem Fahrzeug,Unfall im Längsverkehr,Tageslicht,0,1,0,0,0,0,"356552,9545","5647093,37",6.95748254,50.95757549,trocken,"5,21E+18",PKW
30726,5,3,15,0,2021,Oktober,7,Freitag,Unfall mit Leichtverletzten,Zusammenstoß mit einbiegendem / kreuzendem Fahrzeug,Einbiegen / Kreuzen-Unfall,Tageslicht,1,1,0,0,0,0,"355684,1255","5639978,932",6.947935795,50.89342228,nass/feucht,"5,21E+18","Rad, PKW"
30728,5,3,15,0,2021,Juli,20,Donnerstag,Unfall mit Schwerverletzten,Unfall anderer Art,Sonstiger Unfall,Tageslicht,0,1,0,0,0,0,"355262,9944","5645195,994",6.939881843,50.94020168,nass/feucht,"5,21E+18",PKW
30729,5,3,15,0,2021,Oktober,11,Samstag,Unfall mit Leichtverletzten,Zusammenstoß zwischen Fahrzeug und Fußgänger,Überschreiten-Unfall,Tageslicht,0,1,1,0,0,0,"353598,6142","5642616,784",6.917244255,50.91660302,trocken,"5,21E+18","Fuss, PKW"
30731,5,3,15,0,2021,Juni,17,Freitag,Unfall mit Leichtverletzten,Zusammenstoß mit einbiegendem / kreuzendem Fahrzeug,Abbiegeunfall,Tageslicht,1,1,0,0,0,0,"354785,769","5647745,31",6.932077154,50.96299167,trocken,"5,21E+18","Rad, PKW"
30732,5,3,15,0,2021,Oktober,12,Freitag,Unfall mit Leichtverletzten,Abkommen von Fahrbahn nach links,Sonstiger Unfall,Tageslicht,0,1,0,0,0,0,"358033,973","5644016,709",6.979755588,50.93029235,trocken,"5,21E+18",PKW
30735,5,3,15,0,2021,Dezember,14,Samstag,Unfall mit Leichtverletzten,Zusammenstoß mit anfahrendem/ anhaltendem/ruhendem Fahrzeug,Unfall im Längsverkehr,Tageslicht,0,1,0,0,0,0,"357351,185","5646874,241",6.968926628,50.95580435,trocken,"5,21E+18",PKW
30740,5,3,15,0,2021,Juli,14,Mittwoch,Unfall mit Leichtverletzten,Zusammenstoß mit einbiegendem / kreuzendem Fahrzeug,Abbiegeunfall,Tageslicht,1,1,0,0,0,0,"354039,0729","5646881,569",6.921797719,50.95504086,nass/feucht,"5,21E+18","Rad, PKW"
30746,5,3,15,0,2021,Mai,17,Mittwoch,Unfall mit Schwerverletzten,Zusammenstoß mit seitlich in gleicher Richtung fahrendem Fahrzeug,Einbiegen / Kreuzen-Unfall,Tageslicht,1,1,0,0,0,0,"356813,2968","5644712,896",6.962122961,50.93624719,nass/feucht,"5,21E+18","Rad, PKW"
30749,5,3,15,0,2021,März,7,Donnerstag,Unfall mit Leichtverletzten,Zusammenstoß mit vorausfahrendem / wartendem Fahrzeug,Unfall im Längsverkehr,Tageslicht,0,1,0,1,0,0,"355827,3394","5641175,338",6.949498448,50.90421002,nass/feucht,"5,21E+18","Krad, PKW"
30751,5,3,15,0,2021,Februar,8,Dienstag,Unfall mit Leichtverletzten,Zusammenstoß mit seitlich in gleicher Richtung fahrendem Fahrzeug,Unfall im Längsverkehr,Tageslicht,0,1,0,0,0,0,"356198,2232","5646183,907",6.952794283,50.9493139,nass/feucht,"5,21E+18",PKW
30755,5,3,15,0,2021,Mai,15,Dienstag,Unfall mit Leichtverletzten,Zusammenstoß mit vorausfahrendem / wartendem Fahrzeug,Unfall im Längsverkehr,Tageslicht,0,1,0,0,0,0,"349234,8705","5643113,248",6.855004795,50.9199409,trocken,"5,21E+18",PKW
30759,5,3,15,0,2021,Mai,17,Mittwoch,Unfall mit Leichtverletzten,Zusammenstoß mit vorausfahrendem / wartendem Fahrzeug,Sonstiger Unfall,Tageslicht,0,1,0,0,0,1,"349056,0702","5649568,001",6.849787189,50.97789818,nass/feucht,"5,21E+18","PKW, Sonstige"
30761,5,3,15,0,2021,April,11,Freitag,Unfall mit Leichtverletzten,Unfall anderer Art,Abbiegeunfall,Tageslicht,0,1,0,1,0,0,"355830,4935","5650303,997",6.94592975,50.98624834,trocken,"5,21E+18","Krad, PKW"
30762,5,3,15,0,2021,September,9,Freitag,Unfall mit Leichtverletzten,Zusammenstoß mit einbiegendem / kreuzendem Fahrzeug,Abbiegeunfall,Tageslicht,1,1,0,0,0,0,"354299,372","5644203,598",6.926572457,50.93104062,trocken,"5,21E+18","Rad, PKW"
30766,5,3,15,0,2021,Februar,12,Samstag,Unfall mit Leichtverletzten,Unfall anderer Art,Abbiegeunfall,Tageslicht,0,1,0,0,0,1,"357878,1201","5644434,306",6.977376369,50.93400691,nass/feucht,"5,21E+18","PKW, Sonstige"
30772,5,3,15,0,2021,Juli,12,Donnerstag,Unfall mit Leichtverletzten,Zusammenstoß mit anfahrendem/ anhaltendem/ruhendem Fahrzeug,Einbiegen / Kreuzen-Unfall,Tageslicht,1,0,0,0,0,0,"353380,78","5645565,318",6.912961527,50.94304512,trocken,"5,21E+18",Rad
30774,5,3,15,0,2021,September,20,Sonntag,Unfall mit Leichtverletzten,Zusammenstoß mit vorausfahrendem / wartendem Fahrzeug,Unfall im Längsverkehr,Dunkelheit,0,1,0,1,0,0,"353496,531","5641343,958",6.916304004,50.90513862,trocken,"5,21E+18","Krad, PKW"
30782,5,3,15,0,2021,April,15,Mittwoch,Unfall mit Leichtverletzten,Unfall anderer Art,Unfall im Längsverkehr,Tageslicht,1,1,0,0,0,0,"353064,4491","5644912,991",6.908725041,50.9371024,trocken,"5,21E+18","Rad, PKW"
30784,5,3,15,0,2021,Mai,19,Dienstag,Unfall mit Leichtverletzten,Zusammenstoß mit vorausfahrendem / wartendem Fahrzeug,Unfall im Längsverkehr,Tageslicht,0,1,0,0,0,0,"355723,0128","5640050,528",6.948460085,50.89407542,trocken,"5,21E+18",PKW
30788,5,3,15,0,2021,Mai,19,Donnerstag,Unfall mit Leichtverletzten,Zusammenstoß zwischen Fahrzeug und Fußgänger,Überschreiten-Unfall,Tageslicht,1,0,1,0,0,0,"353889,8083","5646155,056",6.91996554,50.94847412,trocken,"5,21E+18","Rad, Fuss"
30789,5,3,15,0,2021,März,15,Samstag,Unfall mit Leichtverletzten,Zusammenstoß mit vorausfahrendem / wartendem Fahrzeug,Unfall im Längsverkehr,Tageslicht,0,1,0,0,0,1,"351252,373","5652586,604",6.879814583,51.00559593,trocken,"5,21E+18","PKW, Sonstige"
30790,5,3,15,0,2021,Juli,18,Donnerstag,Unfall mit Schwerverletzten,Zusammenstoß mit seitlich in gleicher Richtung fahrendem Fahrzeug,Unfall im Längsverkehr,Tageslicht,1,0,0,0,0,0,"356937,6392","5643609,924",6.964324355,50.92636572,trocken,"5,21E+18",Rad
30791,5,3,15,0,2021,Mai,14,Mittwoch,Unfall mit Leichtverletzten,Zusammenstoß zwischen Fahrzeug und Fußgänger,Sonstiger Unfall,Tageslicht,0,0,1,0,0,1,"358208,3926","5645453,498",6.981676918,50.94324769,nass/feucht,"5,21E+18","Fuss, Sonstige"
30797,5,3,15,0,2021,Dezember,15,Mittwoch,Unfall mit Leichtverletzten,Zusammenstoß mit einbiegendem / kreuzendem Fahrzeug,Einbiegen / Kreuzen-Unfall,Tageslicht,1,1,0,0,0,0,"353197,129","5645188,257",6.910501169,50.93960989,trocken,"5,21E+18","Rad, PKW"
30800,5,3,15,0,2021,November,7,Freitag,Unfall mit Leichtverletzten,Zusammenstoß mit vorausfahrendem / wartendem Fahrzeug,Unfall im Längsverkehr,Dämmerung,0,1,0,0,1,1,"353337,377","5640360,655",6.914436942,50.89626158,nass/feucht,"5,21E+18","PKW, Gkfz, Sonstige"
30802,5,3,15,0,2021,April,11,Freitag,Unfall mit Leichtverletzten,Zusammenstoß mit einbiegendem / kreuzendem Fahrzeug,Abbiegeunfall,Tageslicht,1,1,0,0,0,0,"356179,4314","5644620,883",6.953144053,50.93526255,trocken,"5,21E+18","Rad, PKW"
30805,5,3,15,0,2021,Juli,6,Freitag,Unfall mit Leichtverletzten,Zusammenstoß mit vorausfahrendem / wartendem Fahrzeug,Unfall im Längsverkehr,Tageslicht,0,1,0,0,0,0,"351589,147","5647962,229",6.886499949,50.96412646,nass/feucht,"5,21E+18",PKW
30806,5,3,15,0,2021,Oktober,8,Sonntag,Unfall mit Schwerverletzten,Zusammenstoß mit vorausfahrendem / wartendem Fahrzeug,Unfall im Längsverkehr,Tageslicht,0,1,0,1,0,0,"358378,2034","5646101,355",6.983840545,50.94911173,trocken,"5,21E+18","Krad, PKW"
30810,5,3,15,0,2021,April,14,Sonntag,Unfall mit Leichtverletzten,Zusammenstoß mit anfahrendem/ anhaltendem/ruhendem Fahrzeug,Unfall durch ruhenden Verkehr,Tageslicht,1,1,0,0,0,0,"357598,4345","5643911,448",6.973602925,50.929239,trocken,"5,21E+18","Rad, PKW"
30813,5,3,15,0,2021,Januar,12,Mittwoch,Unfall mit Leichtverletzten,Zusammenstoß mit einbiegendem / kreuzendem Fahrzeug,Abbiegeunfall,Tageslicht,1,1,0,0,0,0,"355694,341","5645893,211",6.945740981,50.94657554,nass/feucht,"5,21E+18","Rad, PKW"
30814,5,3,15,0,2021,September,20,Mittwoch,Unfall mit Schwerverletzten,Zusammenstoß zwischen Fahrzeug und Fußgänger,Fahrunfall,Dämmerung,0,0,1,1,0,0,"354235,9523","5642404,559",6.926389677,50.91485714,trocken,"5,21E+18","Fuss, Krad"
30815,5,3,15,0,2021,November,17,Freitag,Unfall mit Schwerverletzten,Unfall anderer Art,Fahrunfall,Dunkelheit,1,0,0,0,0,0,"355185,5676","5643733,858",6.93936153,50.92704235,trocken,"5,21E+18",Rad
30817,5,3,15,0,2021,April,17,Donnerstag,Unfall mit Leichtverletzten,Zusammenstoß mit vorausfahrendem / wartendem Fahrzeug,Unfall im Längsverkehr,Tageslicht,0,1,0,0,0,0,"354483,0877","5641760,957",6.93015958,50.90913561,trocken,"5,21E+18",PKW
30819,5,3,15,0,2021,Oktober,17,Sonntag,Unfall mit Leichtverletzten,Abkommen von Fahrbahn nach rechts,Fahrunfall,Tageslicht,1,0,0,0,0,0,"350398,9639","5659539,007",6.864788784,51.06785034,trocken,"5,21E+18",Rad
30822,5,3,15,0,2021,September,10,Sonntag,Unfall mit Leichtverletzten,Zusammenstoß mit einbiegendem / kreuzendem Fahrzeug,Einbiegen / Kreuzen-Unfall,Tageslicht,1,1,0,0,0,0,"357351,185","5646874,241",6.968926628,50.95580435,trocken,"5,21E+18","Rad, PKW"
30825,5,3,15,0,2021,Dezember,15,Dienstag,Unfall mit Leichtverletzten,Zusammenstoß mit seitlich in gleicher Richtung fahrendem Fahrzeug,Abbiegeunfall,Tageslicht,0,1,0,0,0,1,"353358,3372","5644887,772",6.912915013,50.93695057,trocken,"5,21E+18","PKW, Sonstige"
30829,5,3,15,0,2021,November,18,Mittwoch,Unfall mit Leichtverletzten,Zusammenstoß zwischen Fahrzeug und Fußgänger,Unfall im Längsverkehr,Dunkelheit,1,0,1,0,0,0,"353858,309","5642350,099",6.921042988,50.91427222,trocken,"5,21E+18","Rad, Fuss"
30831,5,3,15,0,2021,November,21,Mittwoch,Unfall mit Schwerverletzten,Zusammenstoß mit einbiegendem / kreuzendem Fahrzeug,Sonstiger Unfall,Dunkelheit,0,1,0,0,0,1,"354822,9242","5643234,607",6.934403646,50.92246454,trocken,"5,21E+18","PKW, Sonstige"
30834,5,3,15,0,2021,Dezember,22,Dienstag,Unfall mit Leichtverletzten,Unfall anderer Art,Fahrunfall,Dunkelheit,1,0,0,0,0,0,"356659,1569","5644613,085",6.959969943,50.93531191,nass/feucht,"5,21E+18",Rad
30836,5,3,15,0,2021,Januar,6,Montag,Unfall mit Leichtverletzten,Abkommen von Fahrbahn nach links,Fahrunfall,Dunkelheit,0,1,0,0,0,0,"352481,0938","5651008,676",6.897956654,50.99173237,nass/feucht,"5,21E+18",PKW
30840,5,3,15,0,2021,Dezember,7,Dienstag,Unfall mit Leichtverletzten,Zusammenstoß zwischen Fahrzeug und Fußgänger,Abbiegeunfall,Dunkelheit,0,1,1,0,0,0,"353845,6449","5642328,16",6.920871749,50.91407185,nass/feucht,"5,21E+18","Fuss, PKW"
30841,5,3,15,0,2021,September,12,Dienstag,Unfall mit Schwerverletzten,Unfall anderer Art,Fahrunfall,Tageslicht,1,0,0,0,0,0,"350944,0189","5645052,974",6.878510505,50.93781618,nass/feucht,"5,21E+18",Rad
30843,5,3,15,0,2021,Oktober,14,Sonntag,Unfall mit Leichtverletzten,Zusammenstoß mit vorausfahrendem / wartendem Fahrzeug,Unfall im Längsverkehr,Tageslicht,0,1,0,0,0,0,"358266,4047","5646238,247",6.982196722,50.9503145,trocken,"5,21E+18",PKW
30847,5,3,15,0,2021,September,8,Donnerstag,Unfall mit Leichtverletzten,Zusammenstoß mit seitlich in gleicher Richtung fahrendem Fahrzeug,Unfall im Längsverkehr,Tageslicht,0,1,0,1,0,0,"348959,0101","5649685,735",6.848356682,50.97893071,nass/feucht,"5,21E+18","Krad, PKW"
30849,5,3,15,0,2021,Juni,7,Dienstag,Unfall mit Leichtverletzten,Unfall anderer Art,Sonstiger Unfall,Tageslicht,0,0,0,0,0,1,"354171,2194","5644654,856",6.924569472,50.93506355,trocken,"5,21E+18",Sonstige
30851,5,3,15,0,2021,September,18,Dienstag,Unfall mit Leichtverletzten,Zusammenstoß mit seitlich in gleicher Richtung fahrendem Fahrzeug,Sonstiger Unfall,Dämmerung,1,0,0,0,0,1,"355164,86","5643705,849",6.939078201,50.92678543,nass/feucht,"5,21E+18","Rad, Sonstige"
30860,5,3,15,0,2021,Januar,7,Samstag,Unfall mit Leichtverletzten,Zusammenstoß mit einbiegendem / kreuzendem Fahrzeug,Einbiegen / Kreuzen-Unfall,Dunkelheit,1,1,0,0,0,0,"353655,747","5648666,701",6.915625736,50.97098592,nass/feucht,"5,21E+18","Rad, PKW"
30861,5,3,15,0,2021,Juni,8,Mittwoch,Unfall mit Leichtverletzten,Zusammenstoß mit einbiegendem / kreuzendem Fahrzeug,Einbiegen / Kreuzen-Unfall,Tageslicht,1,1,0,0,0,0,"351789,512","5643089,184",6.891333929,50.92038647,trocken,"5,21E+18","Rad, PKW"
30862,5,3,15,0,2021,Mai,20,Mittwoch,Unfall mit Schwerverletzten,Zusammenstoß mit einbiegendem / kreuzendem Fahrzeug,Abbiegeunfall,Tageslicht,1,1,0,0,0,0,"355338,64","5643970,168",6.941444402,50.92920442,trocken,"5,21E+18","Rad, PKW"
30863,5,3,15,0,2021,März,15,Freitag,Unfall mit Leichtverletzten,Zusammenstoß mit seitlich in gleicher Richtung fahrendem Fahrzeug,Sonstiger Unfall,Tageslicht,0,1,0,0,0,0,"354828,5753","5646211,848",6.93329792,50.94922168,nass/feucht,"5,21E+18",PKW
30867,5,3,15,0,2021,November,11,Freitag,Unfall mit Leichtverletzten,Zusammenstoß mit einbiegendem / kreuzendem Fahrzeug,Abbiegeunfall,Tageslicht,1,1,0,0,0,0,"356618,088","5646263,594",6.958736164,50.95013463,nass/feucht,"5,21E+18","Rad, PKW"
30869,5,3,15,0,2021,April,10,Sonntag,Unfall mit Leichtverletzten,Zusammenstoß mit entgegenkommendem Fahrzeug,Unfall im Längsverkehr,Tageslicht,0,1,0,0,0,0,"350041,181","5653311,212",6.862264143,51.01179298,trocken,"5,21E+18",PKW
30872,5,3,15,0,2021,Januar,15,Donnerstag,Unfall mit Leichtverletzten,Abkommen von Fahrbahn nach links,Fahrunfall,Tageslicht,0,0,0,1,0,0,"352378,535","5651305,906",6.896375512,50.99437711,trocken,"5,21E+18",Krad
30873,5,3,15,0,2021,April,15,Donnerstag,Unfall mit Leichtverletzten,Zusammenstoß mit seitlich in gleicher Richtung fahrendem Fahrzeug,Unfall im Längsverkehr,Tageslicht,1,0,0,0,0,0,"355747,4296","5645926,653",6.946482957,50.94688936,nass/feucht,"5,21E+18",Rad
30874,5,3,15,0,2021,Mai,15,Mittwoch,Unfall mit Leichtverletzten,Zusammenstoß mit anfahrendem/ anhaltendem/ruhendem Fahrzeug,Unfall im Längsverkehr,Tageslicht,0,1,0,0,0,0,"354561,4831","5647465,063",6.928997456,50.96041661,nass/feucht,"5,21E+18",PKW
30875,5,3,15,0,2021,Juni,15,Sonntag,Unfall mit Schwerverletzten,Unfall anderer Art,Fahrunfall,Tageslicht,1,0,0,0,0,0,"355134,0354","5639047,771",6.940488506,50.88491636,trocken,"5,21E+18",Rad
30876,5,3,15,0,2021,März,9,Donnerstag,Unfall mit Leichtverletzten,Zusammenstoß zwischen Fahrzeug und Fußgänger,Sonstiger Unfall,Tageslicht,1,0,1,0,0,0,"353819,8831","5646567,429",6.918805223,50.95216224,trocken,"5,21E+18","Rad, Fuss"
30878,5,3,15,0,2021,Mai,20,Montag,Unfall mit Leichtverletzten,Zusammenstoß zwischen Fahrzeug und Fußgänger,Sonstiger Unfall,Tageslicht,0,0,1,0,0,1,"356888,8097","5644499,222",6.963280872,50.93434566,trocken,"5,21E+18","Fuss, Sonstige"
30880,5,3,15,0,2021,März,18,Freitag,Unfall mit Schwerverletzten,Unfall anderer Art,Abbiegeunfall,Tageslicht,1,1,0,0,0,0,"349113,7376","5645119,749",6.852452203,50.93794025,trocken,"5,21E+18","Rad, PKW"
30882,5,3,15,0,2021,Oktober,7,Freitag,Unfall mit Leichtverletzten,Zusammenstoß mit vorausfahrendem / wartendem Fahrzeug,Unfall im Längsverkehr,Dämmerung,0,1,0,0,0,0,"357359,014","5642370,895",6.970800781,50.91533494,trocken,"5,21E+18",PKW
30889,5,3,15,0,2021,Juli,13,Samstag,Unfall mit Leichtverletzten,Unfall anderer Art,Abbiegeunfall,Tageslicht,1,1,0,0,0,0,"354908,6512","5641490,127",6.936316277,50.90680883,trocken,"5,21E+18","Rad, PKW"
30894,5,3,15,0,2021,Januar,0,Sonntag,Unfall mit Leichtverletzten,Abkommen von Fahrbahn nach links,Fahrunfall,Dunkelheit,0,1,0,0,1,0,"347911,8816","5659844,553",6.829189958,51.06994238,nass/feucht,"5,21E+18","PKW, Gkfz"
30895,5,3,15,0,2021,Juni,7,Donnerstag,Unfall mit Leichtverletzten,Zusammenstoß zwischen Fahrzeug und Fußgänger,Überschreiten-Unfall,Tageslicht,1,0,1,0,0,0,"353208,0761","5645203,647",6.910650672,50.93975099,trocken,"5,21E+18","Rad, Fuss"
30900,5,3,15,0,2021,Juni,17,Dienstag,Unfall mit Leichtverletzten,Zusammenstoß mit entgegenkommendem Fahrzeug,Einbiegen / Kreuzen-Unfall,Tageslicht,1,0,0,0,0,0,"356253,661","5644601,345",6.954207475,50.93510547,trocken,"5,21E+18",Rad
30901,5,3,15,0,2021,Juli,18,Dienstag,Unfall mit Schwerverletzten,Unfall anderer Art,Sonstiger Unfall,Tageslicht,1,0,0,0,0,0,"354740,4118","5644776,24",6.932616164,50.93629805,trocken,"5,21E+18",Rad
30906,5,3,15,0,2021,November,13,Montag,Unfall mit Schwerverletzten,Zusammenstoß mit seitlich in gleicher Richtung fahrendem Fahrzeug,Unfall im Längsverkehr,Tageslicht,0,1,0,1,0,0,"356468,7859","5643933,225",6.957530146,50.92915474,trocken,"5,21E+18","Krad, PKW"
30909,5,3,15,0,2021,September,15,Samstag,Unfall mit Leichtverletzten,Zusammenstoß mit vorausfahrendem / wartendem Fahrzeug,Unfall im Längsverkehr,Tageslicht,0,1,0,0,0,0,"355396,4494","5635201,671",6.945736891,50.85041752,trocken,"5,21E+18",PKW
30910,5,3,15,0,2021,April,14,Freitag,Unfall mit Leichtverletzten,Zusammenstoß mit einbiegendem / kreuzendem Fahrzeug,Abbiegeunfall,Tageslicht,1,1,0,0,0,0,"354308,471","5642506,9",6.927379722,50.91579516,trocken,"5,21E+18","Rad, PKW"