OBJECTID,ULAND,UREGBEZ,UKREIS,UGEMEINDE,UJAHR,UMONAT,USTUNDE,UWOCHENTAG,UKATEGORIE,UART,UTYP1,ULICHTVERH,IstRad,IstPKW,IstFuss,IstKrad,IstGkfz,IstSonstige,LINREFX,LINREFY,XGCSWGS84,YGCSWGS84,USTRZUSTAND,UIDENTSTLAE,Participants
30911,5,3,15,0,2021,Oktober,20,Mittwoch,Unfall mit Schwerverletzten,Unfall anderer Art,Fahrunfall,Dunkelheit,1,0,0,0,0,0,"355256,7131","5645163,202",6.939805529,50.9399054,nass/feucht,"5,21E+18",Rad
30914,5,3,15,0,2021,November,14,Samstag,Unfall mit Leichtverletzten,Zusammenstoß mit einbiegendem / kreuzendem Fahrzeug,Abbiegeunfall,Tageslicht,0,1,0,0,0,1,"354723,2273","5645620,452",6.932035116,50.94388042,trocken,"5,21E+18","PKW, Sonstige"
30916,5,3,15,0,2021,Juli,18,Samstag,Unfall mit Leichtverletzten,Zusammenstoß mit einbiegendem / kreuzendem Fahrzeug,Einbiegen / Kreuzen-Unfall,Tageslicht,0,1,0,0,0,0,"349216,7608",5649542,6.852085307,50.97770663,trocken,"5,21E+18",PKW
30924,5,3,15,0,2021,Februar,9,Samstag,Unfall mit Schwerverletzten,Zusammenstoß zwischen Fahrzeug und Fußgänger,Überschreiten-Unfall,Tageslicht,0,0,1,0,0,1,"353999,2126","5646828,982",6.921251676,50.95455818,trocken,"5,21E+18","Fuss, Sonstige"
30926,5,3,15,0,2021,Mai,21,Mittwoch,Unfall mit Leichtverletzten,Zusammenstoß mit einbiegendem / kreuzendem Fahrzeug,Abbiegeunfall,Tageslicht,1,1,0,0,0,0,"354948,2736","5645448,306",6.935304898,50.94239006,nass/feucht,"5,21E+18","Rad, PKW"
30928,5,3,15,0,2021,April,16,Samstag,Unfall mit Leichtverletzten,Zusammenstoß mit vorausfahrendem / wartendem Fahrzeug,Sonstiger Unfall,Tageslicht,0,1,0,0,0,0,"350825,5197","5651071,708",6.874357243,50.99187209,trocken,"5,21E+18",PKW
30931,5,3,15,0,2021,Februar,16,Sonntag,Unfall mit Leichtverletzten,Zusammenstoß mit einbiegendem / kreuzendem Fahrzeug,Einbiegen / Kreuzen-Unfall,Tageslicht,1,1,0,0,0,0,"353202,293","5646839,928",6.909908832,50.95445411,trocken,"5,21E+18","Rad, PKW"
30933,5,3,15,0,2021,September,17,Dienstag,Unfall mit Leichtverletzten,Zusammenstoß mit anfahrendem/ anhaltendem/ruhendem Fahrzeug,Unfall im Längsverkehr,Tageslicht,0,1,0,0,0,0,"355935,494","5644655,285",6.949661106,50.93551083,trocken,"5,21E+18",PKW
30935,5,3,15,0,2021,Mai,11,Samstag,Unfall mit Schwerverletzten,Zusammenstoß mit entgegenkommendem Fahrzeug,Einbiegen / Kreuzen-Unfall,Tageslicht,1,1,0,0,0,0,"356039,821","5639996,125",6.95298329,50.89366556,trocken,"5,21E+18","Rad, PKW"
30936,5,3,15,0,2021,September,15,Samstag,Unfall mit Leichtverletzten,Abkommen von Fahrbahn nach rechts,Abbiegeunfall,Tageslicht,0,1,0,0,0,0,"351227,938","5648230,9",6.881249903,50.96644768,trocken,"5,21E+18",PKW
30938,5,3,15,0,2021,Juni,23,Sonntag,Unfall mit Leichtverletzten,Zusammenstoß mit seitlich in gleicher Richtung fahrendem Fahrzeug,Unfall im Längsverkehr,Dunkelheit,0,1,0,0,0,0,"351701,3825","5651483,048",6.886660676,50.99579489,nass/feucht,"5,21E+18",PKW
30943,5,3,15,0,2021,September,17,Dienstag,Unfall mit Leichtverletzten,Unfall anderer Art,Fahrunfall,Tageslicht,0,0,0,1,0,0,"357578,4065","5645067,285",6.972866407,50.93962153,trocken,"5,21E+18",Krad
30948,5,3,15,0,2021,September,13,Freitag,Unfall mit Leichtverletzten,Zusammenstoß zwischen Fahrzeug und Fußgänger,Überschreiten-Unfall,Tageslicht,0,0,1,0,0,1,"355188,3859","5644752,351",6.93899696,50.93619603,trocken,"5,21E+18","Fuss, Sonstige"
30950,5,3,15,0,2021,Februar,17,Montag,Unfall mit Leichtverletzten,Zusammenstoß mit einbiegendem / kreuzendem Fahrzeug,Einbiegen / Kreuzen-Unfall,Tageslicht,1,1,0,0,0,0,"357891,003","5643519,588",6.977916191,50.92578951,trocken,"5,21E+18","Rad, PKW"
30958,5,3,15,0,2021,Dezember,12,Mittwoch,Unfall mit Leichtverletzten,Unfall anderer Art,Fahrunfall,Tageslicht,1,0,0,0,0,0,"353660,43","5646360,133",6.916619982,50.95025888,trocken,"5,21E+18",Rad
30959,5,3,15,0,2021,November,14,Donnerstag,Unfall mit Leichtverletzten,Unfall anderer Art,Unfall im Längsverkehr,Tageslicht,0,1,0,1,0,0,"351738,756","5643568,261",6.890417554,50.92467867,trocken,"5,21E+18","Krad, PKW"
30960,5,3,15,0,2021,April,17,Samstag,Unfall mit Leichtverletzten,Zusammenstoß mit vorausfahrendem / wartendem Fahrzeug,Unfall im Längsverkehr,Tageslicht,0,1,0,0,0,1,"355638,8783","5646722,156",6.944623323,50.95401121,trocken,"5,21E+18","PKW, Sonstige"
30968,5,3,15,0,2021,Juni,0,Donnerstag,Unfall mit Schwerverletzten,Unfall anderer Art,Fahrunfall,Dunkelheit,1,0,0,0,0,0,"353032,4944","5644894,237",6.90827813,50.93692572,nass/feucht,"5,21E+18",Rad
30969,5,3,15,0,2021,April,17,Sonntag,Unfall mit Leichtverletzten,Abkommen von Fahrbahn nach rechts,Fahrunfall,Tageslicht,0,1,0,0,0,0,"352484,6524","5651064,759",6.897984549,50.99223727,trocken,"5,21E+18",PKW
30972,5,3,15,0,2021,Oktober,10,Sonntag,Unfall mit Leichtverletzten,Zusammenstoß mit seitlich in gleicher Richtung fahrendem Fahrzeug,Unfall im Längsverkehr,Tageslicht,0,1,0,1,0,0,"354420,1711","5641826,714",6.929239044,50.90971068,nass/feucht,"5,21E+18","Krad, PKW"
30973,5,3,15,0,2021,Dezember,14,Freitag,Unfall mit Leichtverletzten,Zusammenstoß mit vorausfahrendem / wartendem Fahrzeug,Unfall im Längsverkehr,Tageslicht,0,1,0,0,0,0,"355138,1967","5639119,609",6.940519149,50.885563,trocken,"5,21E+18",PKW
30983,5,3,15,0,2021,September,9,Freitag,Unfall mit Leichtverletzten,Unfall anderer Art,Einbiegen / Kreuzen-Unfall,Tageslicht,0,0,0,1,1,0,"354398,9533","5653375,954",6.92431605,51.01349449,trocken,"5,21E+18","Krad, Gkfz"
30992,5,3,15,0,2021,Dezember,17,Samstag,Unfall mit Leichtverletzten,Zusammenstoß mit einbiegendem / kreuzendem Fahrzeug,Abbiegeunfall,Dunkelheit,1,1,0,0,0,0,"352606,9359","5644940,543",6.902206953,50.93723324,trocken,"5,21E+18","Rad, PKW"
30995,5,3,15,0,2021,Juli,20,Sonntag,Unfall mit Schwerverletzten,Abkommen von Fahrbahn nach rechts,Fahrunfall,Dämmerung,1,1,0,0,0,0,"351832,2509","5650930,31",6.888749751,50.99086147,nass/feucht,"5,21E+18","Rad, PKW"
30997,5,3,15,0,2021,Januar,12,Freitag,Unfall mit Leichtverletzten,Zusammenstoß mit vorausfahrendem / wartendem Fahrzeug,Unfall im Längsverkehr,Tageslicht,0,1,0,0,0,0,"354831,2332","5646215,219",6.933334389,50.94925264,trocken,"5,21E+18",PKW
31002,5,3,15,0,2021,Juli,17,Samstag,Unfall mit Leichtverletzten,Unfall anderer Art,Unfall im Längsverkehr,Tageslicht,0,0,1,0,0,1,"356556,3168","5646356,057",6.957820924,50.95095021,trocken,"5,21E+18","Fuss, Sonstige"
31003,5,3,15,0,2021,Juli,19,Donnerstag,Unfall mit Leichtverletzten,Zusammenstoß mit einbiegendem / kreuzendem Fahrzeug,Einbiegen / Kreuzen-Unfall,Tageslicht,0,1,0,0,0,0,"357944,6079","5647114,39",6.977276575,50.95810914,nass/feucht,"5,21E+18",PKW
31006,5,3,15,0,2021,November,13,Samstag,Unfall mit Schwerverletzten,Abkommen von Fahrbahn nach links,Sonstiger Unfall,Tageslicht,0,1,0,0,0,0,"355616,5868","5637928,325",6.947786202,50.87497679,nass/feucht,"5,21E+18",PKW
31007,5,3,15,0,2021,September,17,Freitag,Unfall mit Leichtverletzten,Zusammenstoß mit seitlich in gleicher Richtung fahrendem Fahrzeug,Unfall im Längsverkehr,Tageslicht,1,0,0,0,0,1,"354324,8846","5642494,955",6.92761783,50.91569196,nass/feucht,"5,21E+18","Rad, Sonstige"
31009,5,3,15,0,2021,Juni,9,Donnerstag,Unfall mit Leichtverletzten,Zusammenstoß mit anfahrendem/ anhaltendem/ruhendem Fahrzeug,Unfall durch ruhenden Verkehr,Tageslicht,1,1,0,0,0,0,"353758,0276","5646256,093",6.918050246,50.94934869,trocken,"5,21E+18","Rad, PKW"
31020,5,3,15,0,2021,Januar,20,Montag,Unfall mit Leichtverletzten,Zusammenstoß mit vorausfahrendem / wartendem Fahrzeug,Unfall im Längsverkehr,Dunkelheit,0,1,0,0,0,0,"352347,6869","5651202,965",6.895978088,50.99344413,nass/feucht,"5,21E+18",PKW
31021,5,3,15,0,2021,September,11,Donnerstag,Unfall mit Leichtverletzten,Zusammenstoß mit vorausfahrendem / wartendem Fahrzeug,Unfall im Längsverkehr,Tageslicht,0,1,0,0,0,0,"354110,258",5646000,6.923163789,50.94713652,trocken,"5,21E+18",PKW
31028,5,3,15,0,2021,Mai,23,Mittwoch,Unfall mit Leichtverletzten,Unfall anderer Art,Fahrunfall,Dunkelheit,1,0,0,0,0,0,"353218,479","5643532,876",6.911471479,50.92473905,trocken,"5,21E+18",Rad
31030,5,3,15,0,2021,Januar,11,Sonntag,Unfall mit Leichtverletzten,Zusammenstoß mit entgegenkommendem Fahrzeug,Unfall im Längsverkehr,Tageslicht,0,1,0,0,0,0,"355827,6909","5636292,981",6.951429205,50.86033274,nass/feucht,"5,21E+18",PKW
31034,5,3,15,0,2021,September,17,Donnerstag,Unfall mit Leichtverletzten,Zusammenstoß mit vorausfahrendem / wartendem Fahrzeug,Unfall im Längsverkehr,Tageslicht,0,1,0,0,0,0,"354266,778","5645242,794",6.925693351,50.94037134,trocken,"5,21E+18",PKW
31036,5,3,15,0,2021,März,14,Donnerstag,Unfall mit Leichtverletzten,Zusammenstoß mit entgegenkommendem Fahrzeug,Unfall im Längsverkehr,Tageslicht,1,0,0,0,0,1,"355188,4657","5644746,102",6.939000579,50.93613989,trocken,"5,21E+18","Rad, Sonstige"
31042,5,3,15,0,2021,Dezember,19,Freitag,Unfall mit Leichtverletzten,Zusammenstoß zwischen Fahrzeug und Fußgänger,Überschreiten-Unfall,Dunkelheit,0,1,1,0,0,0,"352729,683","5647103,976",6.903077837,50.95670641,nass/feucht,"5,21E+18","Fuss, PKW"
31051,5,3,15,0,2021,Juni,9,Sonntag,Unfall mit Leichtverletzten,Zusammenstoß zwischen Fahrzeug und Fußgänger,Überschreiten-Unfall,Tageslicht,0,1,1,0,0,0,"356573,599","5647115,222",6.957767682,50.95777701,trocken,"5,21E+18","Fuss, PKW"
31052,5,3,15,0,2021,Mai,17,Samstag,Unfall mit Leichtverletzten,Zusammenstoß mit vorausfahrendem / wartendem Fahrzeug,Unfall im Längsverkehr,Tageslicht,0,1,0,0,0,0,"357682,7306","5640077,737",6.976296896,50.89480619,trocken,"5,21E+18",PKW
31058,5,3,15,0,2021,Dezember,8,Samstag,Unfall mit Leichtverletzten,Zusammenstoß mit einbiegendem / kreuzendem Fahrzeug,Einbiegen / Kreuzen-Unfall,Tageslicht,1,1,0,0,0,0,"354365,1381","5643975,47",6.927598843,50.92900711,nass/feucht,"5,21E+18","Rad, PKW"
31059,5,3,15,0,2021,Januar,10,Freitag,Unfall mit Leichtverletzten,Zusammenstoß mit einbiegendem / kreuzendem Fahrzeug,Einbiegen / Kreuzen-Unfall,Tageslicht,1,1,0,0,0,0,"355375,5936","5648312,982",6.940245053,50.96824155,trocken,"5,21E+18","Rad, PKW"
31060,5,3,15,0,2021,November,13,Mittwoch,Unfall mit Leichtverletzten,Zusammenstoß mit seitlich in gleicher Richtung fahrendem Fahrzeug,Unfall im Längsverkehr,Tageslicht,1,1,0,0,0,0,"353764,5239","5646249,92",6.918145143,50.94929486,nass/feucht,"5,21E+18","Rad, PKW"
31071,5,3,15,0,2021,Juni,17,Dienstag,Unfall mit Leichtverletzten,Zusammenstoß mit einbiegendem / kreuzendem Fahrzeug,Abbiegeunfall,Tageslicht,1,1,0,0,0,0,"354084,053","5644846,628",6.923253003,50.9367649,trocken,"5,21E+18","Rad, PKW"
31073,5,3,15,0,2021,Januar,9,Samstag,Unfall mit Leichtverletzten,Unfall anderer Art,Abbiegeunfall,Tageslicht,1,1,0,0,0,0,"354906,7658","5641491,296",6.936289015,50.90681886,trocken,"5,21E+18","Rad, PKW"
31079,5,3,15,0,2021,Oktober,0,Montag,Unfall mit Leichtverletzten,Zusammenstoß zwischen Fahrzeug und Fußgänger,Überschreiten-Unfall,Dunkelheit,1,0,1,0,0,0,"353210,3296","5645207,158",6.910681309,50.93978312,trocken,"5,21E+18","Rad, Fuss"
31080,5,3,15,0,2021,Mai,14,Donnerstag,Unfall mit Leichtverletzten,Unfall anderer Art,Fahrunfall,Tageslicht,0,0,0,1,0,0,"352523,7204","5643730,277",6.90151311,50.92633583,nass/feucht,"5,21E+18",Krad
31081,5,3,15,0,2021,Juni,14,Mittwoch,Unfall mit Leichtverletzten,Zusammenstoß mit einbiegendem / kreuzendem Fahrzeug,Abbiegeunfall,Tageslicht,1,1,0,0,0,0,"356123,9531","5648933,313",6.950650534,50.97400374,trocken,"5,21E+18","Rad, PKW"
31083,5,3,15,0,2021,März,8,Samstag,Unfall mit Leichtverletzten,Zusammenstoß mit vorausfahrendem / wartendem Fahrzeug,Unfall im Längsverkehr,Tageslicht,0,1,0,0,0,0,"351892,7903","5651541,358",6.889362583,50.99636818,trocken,"5,21E+18",PKW
31085,5,3,15,0,2021,Oktober,9,Donnerstag,Unfall mit Leichtverletzten,Zusammenstoß mit vorausfahrendem / wartendem Fahrzeug,Unfall im Längsverkehr,Tageslicht,0,1,0,0,0,1,"354769,4944","5646646,471",6.932284046,50.95311263,trocken,"5,21E+18","PKW, Sonstige"
31086,5,3,15,0,2021,Januar,18,Samstag,Unfall mit Leichtverletzten,Unfall anderer Art,Sonstiger Unfall,Dunkelheit,0,0,0,0,0,1,"351449,1187","5648071,073",6.884462834,50.96506848,nass/feucht,"5,21E+18",Sonstige
31087,5,3,15,0,2021,März,7,Samstag,Unfall mit Leichtverletzten,Unfall anderer Art,Einbiegen / Kreuzen-Unfall,Tageslicht,0,1,0,0,0,0,"357088,9769","5639857,508",6.967945746,50.89268037,trocken,"5,21E+18",PKW
31091,5,3,15,0,2021,September,16,Freitag,Unfall mit Leichtverletzten,Zusammenstoß mit seitlich in gleicher Richtung fahrendem Fahrzeug,Unfall im Längsverkehr,Tageslicht,1,1,0,0,0,0,"357451,5259","5636179,45",6.974531303,50.85971502,trocken,"5,21E+18","Rad, PKW"
31095,5,3,15,0,2021,Juni,17,Freitag,Unfall mit Leichtverletzten,Zusammenstoß mit einbiegendem / kreuzendem Fahrzeug,Einbiegen / Kreuzen-Unfall,Tageslicht,1,1,0,0,0,0,"354391,7502","5645801,867",6.927247426,50.94542713,trocken,"5,21E+18","Rad, PKW"
31096,5,3,15,0,2021,Juli,1,Donnerstag,Unfall mit Leichtverletzten,Unfall anderer Art,Unfall im Längsverkehr,Dunkelheit,1,0,0,1,0,0,"355247,5997","5645239,675",6.939645518,50.94059036,trocken,"5,21E+18","Rad, Krad"
31099,5,3,15,0,2021,Oktober,8,Freitag,Unfall mit Leichtverletzten,Unfall anderer Art,Sonstiger Unfall,Tageslicht,0,0,0,0,1,1,"357999,467","5645064,716",6.978856509,50.93970229,nass/feucht,"5,21E+18","Gkfz, Sonstige"
31102,5,3,15,0,2021,Juni,10,Donnerstag,Unfall mit Leichtverletzten,Zusammenstoß mit anfahrendem/ anhaltendem/ruhendem Fahrzeug,Unfall im Längsverkehr,Tageslicht,0,1,0,0,1,0,"357067,7586","5634787,167",6.96962556,50.84710773,trocken,"5,21E+18","PKW, Gkfz"
31114,5,3,15,0,2021,September,14,Montag,Unfall mit Leichtverletzten,Zusammenstoß mit seitlich in gleicher Richtung fahrendem Fahrzeug,Sonstiger Unfall,Tageslicht,0,1,0,0,0,0,"353007,5008","5640591,978",6.909656283,50.89825653,trocken,"5,21E+18",PKW
31118,5,3,15,0,2021,Juni,14,Samstag,Unfall mit Leichtverletzten,Unfall anderer Art,Unfall im Längsverkehr,Tageslicht,1,1,0,0,0,0,"356295,776","5648031,948",6.953452435,50.96594625,trocken,"5,21E+18","Rad, PKW"
31120,5,3,15,0,2021,Juni,0,Samstag,Unfall mit Leichtverletzten,Unfall anderer Art,Sonstiger Unfall,Dunkelheit,0,0,0,0,0,1,"357078,5458","5644730,708",6.965888534,50.93647306,trocken,"5,21E+18",Sonstige
31123,5,3,15,0,2021,März,14,Donnerstag,Unfall mit Schwerverletzten,Unfall anderer Art,Fahrunfall,Tageslicht,1,0,0,0,0,0,"356488,0778","5651563,405",6.954794769,50.99773067,trocken,"5,21E+18",Rad
31125,5,3,15,0,2021,Oktober,7,Mittwoch,Unfall mit Schwerverletzten,Unfall anderer Art,Fahrunfall,Dämmerung,0,0,0,1,0,0,"357574,8568","5645071,437",6.972814293,50.93965797,nass/feucht,"5,21E+18",Krad
31126,5,3,15,0,2021,Dezember,16,Samstag,Unfall mit Schwerverletzten,Zusammenstoß mit vorausfahrendem / wartendem Fahrzeug,Unfall im Längsverkehr,Dämmerung,0,1,0,0,0,0,"348891,8298","5644906,596",6.849384584,50.93596669,trocken,"5,21E+18",PKW
31128,5,3,15,0,2021,Dezember,12,Donnerstag,Unfall mit Leichtverletzten,Zusammenstoß mit entgegenkommendem Fahrzeug,Unfall im Längsverkehr,Tageslicht,1,1,0,0,0,0,"355590,649","5644697,994",6.944739689,50.9358084,trocken,"5,21E+18","Rad, PKW"
31132,5,3,15,0,2021,Juni,21,Dienstag,Unfall mit Schwerverletzten,Unfall anderer Art,Sonstiger Unfall,Tageslicht,1,0,0,0,0,0,"357924,6017","5644837,532",6.977880224,50.93764215,trocken,"5,21E+18",Rad
31137,5,3,15,0,2021,September,23,Donnerstag,Unfall mit Leichtverletzten,Zusammenstoß mit entgegenkommendem Fahrzeug,Unfall im Längsverkehr,Dunkelheit,1,0,0,0,0,0,"353292,8494","5643398,006",6.912583193,50.92354594,trocken,"5,21E+18",Rad
31141,5,3,15,0,2021,Oktober,14,Samstag,Unfall mit Schwerverletzten,Unfall anderer Art,Fahrunfall,Tageslicht,0,0,0,1,0,0,"355747,1422","5650504,88",6.944663255,50.98803275,nass/feucht,"5,21E+18",Krad
31143,5,3,15,0,2021,März,19,Sonntag,Unfall mit Schwerverletzten,Zusammenstoß zwischen Fahrzeug und Fußgänger,Überschreiten-Unfall,Dunkelheit,0,1,1,0,0,0,"354897,0935","5645493,333",6.93455896,50.94278183,trocken,"5,21E+18","Fuss, PKW"
31144,5,3,15,0,2021,Dezember,20,Donnerstag,Unfall mit Leichtverletzten,Zusammenstoß mit einbiegendem / kreuzendem Fahrzeug,Einbiegen / Kreuzen-Unfall,Dunkelheit,0,1,0,0,0,1,"350587,3108","5649351,417",6.871672711,50.97635123,trocken,"5,21E+18","PKW, Sonstige"
31149,5,3,15,0,2021,Juni,20,Samstag,Unfall mit Leichtverletzten,Unfall anderer Art,Unfall durch ruhenden Verkehr,Tageslicht,1,1,0,0,0,0,"353000,5646","5644281,867",6.908071016,50.93141445,trocken,"5,21E+18","Rad, PKW"
31150,5,3,15,0,2021,Dezember,9,Freitag,Unfall mit Leichtverletzten,Zusammenstoß mit vorausfahrendem / wartendem Fahrzeug,Unfall im Längsverkehr,Tageslicht,0,1,0,0,0,0,"352495,371","5651534,475",6.897946404,50.9964611,trocken,"5,21E+18",PKW
31151,5,3,15,0,2021,September,23,Mittwoch,Unfall mit Leichtverletzten,Unfall anderer Art,Fahrunfall,Dunkelheit,1,0,0,0,0,0,"355857,5971","5644749,014",6.948516156,50.9363337,trocken,"5,21E+18",Rad
31154,5,3,15,0,2021,Mai,8,Dienstag,Unfall mit Leichtverletzten,Zusammenstoß mit entgegenkommendem Fahrzeug,Einbiegen / Kreuzen-Unfall,Tageslicht,1,0,0,0,0,1,"355303,7128","5645501,775",6.940339551,50.94295988,trocken,"5,21E+18","Rad, Sonstige"
31155,5,3,15,0,2021,März,3,Freitag,Unfall mit Leichtverletzten,Abkommen von Fahrbahn nach rechts,Fahrunfall,Dunkelheit,0,1,0,0,0,0,"354005,8788","5653346,419",6.918728229,51.01312943,nass/feucht,"5,21E+18",PKW
31158,5,3,15,0,2021,November,14,Mittwoch,Unfall mit Schwerverletzten,Zusammenstoß mit vorausfahrendem / wartendem Fahrzeug,Unfall im Längsverkehr,Tageslicht,0,1,0,0,1,1,"358241,0191","5646266,115",6.981824707,50.9505587,trocken,"5,21E+18","PKW, Gkfz, Sonstige"
31166,5,3,15,0,2021,Januar,5,Mittwoch,Unfall mit Schwerverletzten,Zusammenstoß mit einbiegendem / kreuzendem Fahrzeug,Einbiegen / Kreuzen-Unfall,Dunkelheit,1,1,0,0,0,0,"355235,7945","5651548,56",6.936966575,50.99728359,nass/feucht,"5,21E+18","Rad, PKW"
31172,5,3,15,0,2021,Juni,15,Mittwoch,Unfall mit Leichtverletzten,Unfall anderer Art,Einbiegen / Kreuzen-Unfall,Tageslicht,1,1,0,0,0,0,"352524,4596","5643730,364",6.901523586,50.9263368,trocken,"5,21E+18","Rad, PKW"
31173,5,3,15,0,2021,Juli,12,Samstag,Unfall mit Leichtverletzten,Zusammenstoß mit seitlich in gleicher Richtung fahrendem Fahrzeug,Unfall im Längsverkehr,Tageslicht,1,1,0,0,0,0,"353570,7403","5646457,24",6.915304954,50.95110877,trocken,"5,21E+18","Rad, PKW"
31179,5,3,15,0,2021,Januar,8,Dienstag,Unfall mit Leichtverletzten,Zusammenstoß mit anfahrendem/ anhaltendem/ruhendem Fahrzeug,Unfall im Längsverkehr,Dämmerung,0,1,0,0,0,1,"350384,983","5648527,965",6.869131554,50.9688989,winterglatt,"5,21E+18","PKW, Sonstige"
31181,5,3,15,0,2021,Februar,14,Freitag,Unfall mit Leichtverletzten,Zusammenstoß mit einbiegendem / kreuzendem Fahrzeug,Einbiegen / Kreuzen-Unfall,Tageslicht,1,1,0,0,0,0,"356459,511","5644599,373",6.957135909,50.93513902,trocken,"5,21E+18","Rad, PKW"
31184,5,3,15,0,2021,Oktober,8,Freitag,Unfall mit Leichtverletzten,Unfall anderer Art,Sonstiger Unfall,Tageslicht,0,1,0,0,0,1,"352078,887","5642446,799",6.89570853,50.9146879,nass/feucht,"5,21E+18","PKW, Sonstige"
31187,5,3,15,0,2021,Mai,16,Dienstag,Unfall mit Leichtverletzten,Unfall anderer Art,Fahrunfall,Tageslicht,1,0,0,0,0,0,"355229,5826","5644428,627",6.939711481,50.93329713,nass/feucht,"5,21E+18",Rad
31188,5,3,15,0,2021,Dezember,18,Freitag,Unfall mit Leichtverletzten,Zusammenstoß mit seitlich in gleicher Richtung fahrendem Fahrzeug,Unfall durch ruhenden Verkehr,Dunkelheit,1,1,0,0,0,0,"353710,4406","5646305,73",6.917353317,50.94978268,trocken,"5,21E+18","Rad, PKW"
31190,5,3,15,0,2021,Juni,17,Sonntag,Unfall mit Leichtverletzten,Zusammenstoß mit einbiegendem / kreuzendem Fahrzeug,Abbiegeunfall,Tageslicht,0,1,0,0,0,0,"356869,1375","5644434,595",6.963026473,50.93375998,trocken,"5,21E+18",PKW
31191,5,3,15,0,2021,Juni,1,Montag,Unfall mit Schwerverletzten,Abkommen von Fahrbahn nach rechts,Fahrunfall,Dunkelheit,0,1,0,0,0,0,"358060,5695","5644000,275",6.980140217,50.93015119,trocken,"5,21E+18",PKW
31194,5,3,15,0,2021,September,14,Montag,Unfall mit Leichtverletzten,Zusammenstoß mit vorausfahrendem / wartendem Fahrzeug,Unfall im Längsverkehr,Tageslicht,0,1,0,0,1,0,"357132,6534","5636881,769",6.969729278,50.86594811,trocken,"5,21E+18","PKW, Gkfz"
31199,5,3,15,0,2021,Januar,18,Donnerstag,Unfall mit Leichtverletzten,Zusammenstoß mit vorausfahrendem / wartendem Fahrzeug,Unfall im Längsverkehr,Dunkelheit,0,1,0,0,0,0,"352076,5061","5642448,915",6.895673827,50.91470631,nass/feucht,"5,21E+18",PKW
31200,5,3,15,0,2021,Februar,11,Samstag,Unfall mit Schwerverletzten,Zusammenstoß zwischen Fahrzeug und Fußgänger,Überschreiten-Unfall,Tageslicht,0,1,1,0,0,0,"353963,7472","5642199,411",6.92260217,50.91294472,trocken,"5,21E+18","Fuss, PKW"
31205,5,3,15,0,2021,Dezember,18,Freitag,Unfall mit Leichtverletzten,Zusammenstoß mit einbiegendem / kreuzendem Fahrzeug,Einbiegen / Kreuzen-Unfall,Dunkelheit,0,1,0,0,0,0,"356838,8547","5644141,538",6.962710903,50.93111879,trocken,"5,21E+18",PKW
31215,5,3,15,0,2021,Dezember,14,Freitag,Unfall mit Leichtverletzten,Abkommen von Fahrbahn nach links,Unfall im Längsverkehr,Tageslicht,0,0,0,1,0,0,"356351,7286","5647364,954",6.954512071,50.95996605,trocken,"5,21E+18",Krad
31217,5,3,15,0,2021,November,17,Mittwoch,Unfall mit Leichtverletzten,Zusammenstoß mit anfahrendem/ anhaltendem/ruhendem Fahrzeug,Unfall im Längsverkehr,Dunkelheit,0,1,0,0,0,0,"356838,6087","5634873,346",6.966338951,50.84782557,trocken,"5,21E+18",PKW
31220,5,3,15,0,2021,Juni,14,Mittwoch,Unfall mit Leichtverletzten,Zusammenstoß mit einbiegendem / kreuzendem Fahrzeug,Einbiegen / Kreuzen-Unfall,Tageslicht,0,1,0,0,0,1,"356415,4685","5647036,938",6.955548496,50.95703411,nass/feucht,"5,21E+18","PKW, Sonstige"
31221,5,3,15,0,2021,Oktober,9,Mittwoch,Unfall mit Leichtverletzten,Zusammenstoß mit seitlich in gleicher Richtung fahrendem Fahrzeug,Unfall im Längsverkehr,Tageslicht,0,1,0,0,1,0,"348410,5781","5643466,599",6.84313925,50.92290025,nass/feucht,"5,21E+18","PKW, Gkfz"
31223,5,3,15,0,2021,März,13,Sonntag,Unfall mit Leichtverletzten,Zusammenstoß mit anfahrendem/ anhaltendem/ruhendem Fahrzeug,Unfall im Längsverkehr,Tageslicht,0,1,0,0,0,0,"348949,4279","5646120,002",6.849700592,50.94688576,nass/feucht,"5,21E+18",PKW
31225,5,3,15,0,2021,Dezember,11,Mittwoch,Unfall mit Leichtverletzten,Zusammenstoß zwischen Fahrzeug und Fußgänger,Sonstiger Unfall,Tageslicht,0,0,1,0,0,1,"355854,2767","5650245,371",6.946291627,50.98572744,trocken,"5,21E+18","Fuss, Sonstige"
31227,5,3,15,0,2021,Juni,23,Sonntag,Unfall mit Leichtverletzten,Zusammenstoß mit anfahrendem/ anhaltendem/ruhendem Fahrzeug,Sonstiger Unfall,Dunkelheit,0,1,0,0,0,0,"355199,3161","5644583,378",6.939219557,50.93468025,nass/feucht,"5,21E+18",PKW
31234,5,3,15,0,2021,Juni,13,Samstag,Unfall mit Leichtverletzten,Zusammenstoß mit anfahrendem/ anhaltendem/ruhendem Fahrzeug,Unfall im Längsverkehr,Tageslicht,0,1,0,0,0,0,"357183,449","5638787,053",6.969706532,50.88308353,trocken,"5,21E+18",PKW
31241,5,3,15,0,2021,Februar,10,Donnerstag,Unfall mit Leichtverletzten,Zusammenstoß mit einbiegendem / kreuzendem Fahrzeug,Einbiegen / Kreuzen-Unfall,Tageslicht,1,1,0,0,0,0,"354841,2891","5644800,224",6.934041332,50.93653898,trocken,"5,21E+18","Rad, PKW"