OBJECTID,ULAND,UREGBEZ,UKREIS,UGEMEINDE,UJAHR,UMONAT,USTUNDE,UWOCHENTAG,UKATEGORIE,UART,UTYP1,ULICHTVERH,IstRad,IstPKW,IstFuss,IstKrad,IstGkfz,IstSonstige,LINREFX,LINREFY,XGCSWGS84,YGCSWGS84,USTRZUSTAND,UIDENTSTLAE,Participants
31246,5,3,15,0,2021,September,7,Mittwoch,Unfall mit Leichtverletzten,Zusammenstoß zwischen Fahrzeug und Fußgänger,Sonstiger Unfall,Tageslicht,0,0,1,0,0,1,"353156,3495","5644904,026",6.910035705,50.93704524,trocken,"5,21E+18","Fuss, Sonstige"
31250,5,3,15,0,2021,Juni,15,Donnerstag,Unfall mit Leichtverletzten,Aufprall auf Fahrbahnhindernis,Sonstiger Unfall,Tageslicht,0,0,0,1,0,0,"354551,4195","5644821,068",6.929910345,50.93665327,trocken,"5,21E+18",Krad
31251,5,3,15,0,2021,Mai,15,Donnerstag,Unfall mit Leichtverletzten,Zusammenstoß mit anfahrendem/ anhaltendem/ruhendem Fahrzeug,Sonstiger Unfall,Tageslicht,0,1,0,0,0,0,"353794,4379","5641775,251",6.920365343,50.90909004,nass/feucht,"5,21E+18",PKW
31253,5,3,15,0,2021,September,13,Mittwoch,Unfall mit Leichtverletzten,Abkommen von Fahrbahn nach links,Fahrunfall,Tageslicht,0,1,0,0,0,0,"356934,1719","5643593,64",6.964281441,50.92621852,trocken,"5,21E+18",PKW
31257,5,3,15,0,2021,Juni,16,Dienstag,Unfall mit Leichtverletzten,Zusammenstoß mit seitlich in gleicher Richtung fahrendem Fahrzeug,Unfall im Längsverkehr,Tageslicht,0,1,0,0,0,0,"357658,106","5646948,703",6.973264608,50.95654943,trocken,"5,21E+18",PKW
31260,5,3,15,0,2021,Mai,16,Sonntag,Unfall mit Leichtverletzten,Unfall anderer Art,Überschreiten-Unfall,Tageslicht,0,0,1,1,0,0,"354263,0923","5645891,788",6.925381264,50.94620271,trocken,"5,21E+18","Fuss, Krad"
31262,5,3,15,0,2021,November,17,Freitag,Unfall mit Leichtverletzten,Zusammenstoß mit vorausfahrendem / wartendem Fahrzeug,Sonstiger Unfall,Dunkelheit,0,1,0,0,0,0,"354960,7957","5639220,805",6.937958644,50.88642792,trocken,"5,21E+18",PKW
31265,5,3,15,0,2021,Juni,13,Mittwoch,Unfall mit Leichtverletzten,Zusammenstoß mit vorausfahrendem / wartendem Fahrzeug,Unfall im Längsverkehr,Tageslicht,0,1,0,0,0,0,"357089,4372","5644082,72",6.966297534,50.93065233,nass/feucht,"5,21E+18",PKW
31268,5,3,15,0,2021,September,14,Mittwoch,Unfall mit Leichtverletzten,Zusammenstoß mit einbiegendem / kreuzendem Fahrzeug,Einbiegen / Kreuzen-Unfall,Tageslicht,1,0,0,0,0,0,"356365,8093","5647282,698",6.954744905,50.95923033,trocken,"5,21E+18",Rad
31270,5,3,15,0,2021,September,18,Freitag,Unfall mit Leichtverletzten,Zusammenstoß mit einbiegendem / kreuzendem Fahrzeug,Einbiegen / Kreuzen-Unfall,Tageslicht,0,1,0,0,0,0,"357738,092","5645088,421",6.975129491,50.9398509,trocken,"5,21E+18",PKW
31273,5,3,15,0,2021,November,18,Freitag,Unfall mit Leichtverletzten,Zusammenstoß mit vorausfahrendem / wartendem Fahrzeug,Unfall im Längsverkehr,Dunkelheit,0,1,0,0,0,0,"355573,955","5639801,07",6.946440647,50.89179632,trocken,"5,21E+18",PKW
31275,5,3,15,0,2021,Juni,17,Samstag,Unfall mit Leichtverletzten,Zusammenstoß mit anfahrendem/ anhaltendem/ruhendem Fahrzeug,Einbiegen / Kreuzen-Unfall,Tageslicht,0,1,0,0,0,1,"355187,1935","5644093,976",6.939241598,50.93027906,trocken,"5,21E+18","PKW, Sonstige"
31277,5,3,15,0,2021,Juni,16,Mittwoch,Unfall mit Leichtverletzten,Unfall anderer Art,Abbiegeunfall,Tageslicht,1,1,0,0,0,0,"354573,982","5644817,487",6.930232669,50.93662678,trocken,"5,21E+18","Rad, PKW"
31286,5,3,15,0,2021,Mai,12,Dienstag,Unfall mit Leichtverletzten,Unfall anderer Art,Fahrunfall,Tageslicht,1,0,0,0,0,0,"353894,4587","5646151,684",6.920033049,50.94844499,trocken,"5,21E+18",Rad
31294,5,3,15,0,2021,Juni,4,Mittwoch,Unfall mit Schwerverletzten,Zusammenstoß mit vorausfahrendem / wartendem Fahrzeug,Unfall im Längsverkehr,Dämmerung,0,1,0,0,0,0,"352524,765","5651484,368",6.898385339,50.99601834,trocken,"5,21E+18",PKW
31317,5,3,15,0,2021,Februar,7,Samstag,Unfall mit Leichtverletzten,Abkommen von Fahrbahn nach rechts,Fahrunfall,Dämmerung,0,1,0,0,0,0,"352095,1301","5651960,845",6.892073117,51.00018991,trocken,"5,21E+18",PKW
31320,5,3,15,0,2021,Juni,9,Freitag,Unfall mit Leichtverletzten,Zusammenstoß mit einbiegendem / kreuzendem Fahrzeug,Einbiegen / Kreuzen-Unfall,Tageslicht,1,1,0,0,0,0,"354917,206","5647910,709",6.933881623,50.96451117,trocken,"5,21E+18","Rad, PKW"
31323,5,3,15,0,2021,Oktober,12,Dienstag,Unfall mit Leichtverletzten,Zusammenstoß mit einbiegendem / kreuzendem Fahrzeug,Abbiegeunfall,Tageslicht,0,1,0,0,0,1,"356524,9433","5644628,466",6.958055053,50.93541676,trocken,"5,21E+18","PKW, Sonstige"
31326,5,3,15,0,2021,Juni,18,Sonntag,Unfall mit Leichtverletzten,Unfall anderer Art,Unfall durch ruhenden Verkehr,Tageslicht,1,1,0,0,0,1,"353019,1959","5644692,896",6.908170204,50.93511296,trocken,"5,21E+18","Rad, PKW, Sonstige"
31330,5,3,15,0,2021,Januar,17,Donnerstag,Unfall mit Schwerverletzten,Zusammenstoß zwischen Fahrzeug und Fußgänger,Überschreiten-Unfall,Dunkelheit,0,0,1,0,0,1,"354472,1564","5644828,596",6.928780018,50.93670092,nass/feucht,"5,21E+18","Fuss, Sonstige"
31331,5,3,15,0,2021,November,11,Samstag,Unfall mit Leichtverletzten,Zusammenstoß mit vorausfahrendem / wartendem Fahrzeug,Abbiegeunfall,Tageslicht,0,1,0,0,0,0,"355479,8433","5651028,209",6.940649173,50.9926687,trocken,"5,21E+18",PKW
31334,5,3,15,0,2021,Januar,21,Samstag,Unfall mit Leichtverletzten,Zusammenstoß mit entgegenkommendem Fahrzeug,Unfall im Längsverkehr,Dunkelheit,0,1,0,0,0,0,"351355,262","5656502,073",6.879674905,51.04080813,winterglatt,"5,21E+18",PKW
31335,5,3,15,0,2021,Januar,16,Dienstag,Unfall mit Schwerverletzten,Abkommen von Fahrbahn nach rechts,Fahrunfall,Tageslicht,0,1,0,0,0,0,"356870,9351","5644600,302",6.962986957,50.93524963,trocken,"5,21E+18",PKW
31336,5,3,15,0,2021,September,14,Samstag,Unfall mit Leichtverletzten,Unfall anderer Art,Fahrunfall,Tageslicht,1,0,0,0,0,0,"358307,0446","5644792,268",6.98333742,50.93732946,trocken,"5,21E+18",Rad
31340,5,3,15,0,2021,Juli,19,Sonntag,Unfall mit Schwerverletzten,Zusammenstoß mit einbiegendem / kreuzendem Fahrzeug,Abbiegeunfall,Tageslicht,0,1,0,0,0,0,"348632,1894","5645142,448",6.845594123,50.93801802,nass/feucht,"5,21E+18",PKW
31342,5,3,15,0,2021,April,12,Donnerstag,Unfall mit Leichtverletzten,Zusammenstoß zwischen Fahrzeug und Fußgänger,Unfall durch ruhenden Verkehr,Tageslicht,0,1,1,0,0,0,"354142,7676","5644470,16",6.92423875,50.93339656,nass/feucht,"5,21E+18","Fuss, PKW"
31350,5,3,15,0,2021,Mai,16,Dienstag,Unfall mit Leichtverletzten,Zusammenstoß mit vorausfahrendem / wartendem Fahrzeug,Unfall im Längsverkehr,Tageslicht,0,1,0,0,0,0,"353398,2932","5649700,699",6.91154451,50.98021253,nass/feucht,"5,21E+18",PKW
31355,5,3,15,0,2021,Dezember,18,Dienstag,Unfall mit Leichtverletzten,Unfall anderer Art,Fahrunfall,Dunkelheit,0,0,0,1,0,0,"354669,5005","5643132,825",6.932262795,50.92151123,trocken,"5,21E+18",Krad
31360,5,3,15,0,2021,November,8,Mittwoch,Unfall mit Leichtverletzten,Zusammenstoß mit vorausfahrendem / wartendem Fahrzeug,Unfall im Längsverkehr,Tageslicht,0,1,0,0,0,0,"356496,8018","5646343,844",6.956979011,50.95082563,nass/feucht,"5,21E+18",PKW
31363,5,3,15,0,2021,Mai,13,Montag,Unfall mit Leichtverletzten,Zusammenstoß mit einbiegendem / kreuzendem Fahrzeug,Einbiegen / Kreuzen-Unfall,Tageslicht,1,0,0,0,0,1,"352077,6481","5642447,9",6.895690473,50.91469748,trocken,"5,21E+18","Rad, Sonstige"
31366,5,3,15,0,2021,September,1,Sonntag,Unfall mit Leichtverletzten,Unfall anderer Art,Fahrunfall,Dunkelheit,0,0,0,0,0,1,"355246,656","5644412,837",6.939960562,50.93315952,trocken,"5,21E+18",Sonstige
31367,5,3,15,0,2021,Juni,19,Freitag,Unfall mit Leichtverletzten,Zusammenstoß mit entgegenkommendem Fahrzeug,Abbiegeunfall,Tageslicht,0,1,0,0,0,0,"353957,0396","5654043,345",6.917751883,51.01937998,trocken,"5,21E+18",PKW
31376,5,3,15,0,2021,Februar,1,Montag,Unfall mit Leichtverletzten,Abkommen von Fahrbahn nach links,Fahrunfall,Dunkelheit,0,1,0,0,0,0,"352933,8584","5646990,074",6.906028951,50.95573497,nass/feucht,"5,21E+18",PKW
31380,5,3,15,0,2021,September,13,Dienstag,Unfall mit Leichtverletzten,Unfall anderer Art,Abbiegeunfall,Tageslicht,1,1,0,0,0,0,"354964,849","5645432,878",6.935546815,50.94225558,trocken,"5,21E+18","Rad, PKW"
31386,5,3,15,0,2021,September,18,Donnerstag,Unfall mit Leichtverletzten,Unfall anderer Art,Fahrunfall,Tageslicht,1,0,0,0,0,0,"353228,9113","5644878,473",6.911078006,50.93683408,trocken,"5,21E+18",Rad
31389,5,3,15,0,2021,Juni,8,Dienstag,Unfall mit Schwerverletzten,Zusammenstoß mit einbiegendem / kreuzendem Fahrzeug,Abbiegeunfall,Tageslicht,1,1,0,0,0,0,"353438,4392","5644862,74",6.914064327,50.93674598,nass/feucht,"5,21E+18","Rad, PKW"
31391,5,3,15,0,2021,Mai,9,Mittwoch,Unfall mit Leichtverletzten,Zusammenstoß mit anfahrendem/ anhaltendem/ruhendem Fahrzeug,Unfall durch ruhenden Verkehr,Tageslicht,1,1,0,0,0,0,"356335,7965","5647639,095",6.954177125,50.96242572,nass/feucht,"5,21E+18","Rad, PKW"
31392,5,3,15,0,2021,November,14,Mittwoch,Unfall mit Leichtverletzten,Zusammenstoß mit einbiegendem / kreuzendem Fahrzeug,Einbiegen / Kreuzen-Unfall,Tageslicht,0,1,0,0,0,1,"351170,31","5645044,386",6.881732421,50.93779745,trocken,"5,21E+18","PKW, Sonstige"
31400,5,3,15,0,2021,April,13,Samstag,Unfall mit Schwerverletzten,Zusammenstoß mit vorausfahrendem / wartendem Fahrzeug,Unfall im Längsverkehr,Tageslicht,0,1,0,0,0,0,"349046,0326","5648893,265",6.849924438,50.97183224,trocken,"5,21E+18",PKW
31402,5,3,15,0,2021,Juni,17,Samstag,Unfall mit Leichtverletzten,Unfall anderer Art,Fahrunfall,Tageslicht,1,0,0,0,0,0,"355841,075","5650278,401",6.946090562,50.98602097,trocken,"5,21E+18",Rad
31404,5,3,15,0,2021,Juni,17,Donnerstag,Unfall mit Leichtverletzten,Zusammenstoß mit vorausfahrendem / wartendem Fahrzeug,Unfall im Längsverkehr,Tageslicht,0,1,0,0,0,0,"355187,926","5644093,258",6.9392523,50.93027279,trocken,"5,21E+18",PKW
31406,5,3,15,0,2021,Juni,22,Sonntag,Unfall mit Schwerverletzten,Unfall anderer Art,Fahrunfall,Dämmerung,1,0,0,0,0,0,"354621,7506","5644689,417",6.930963152,50.93548789,trocken,"5,21E+18",Rad
31407,5,3,15,0,2021,November,13,Montag,Unfall mit Leichtverletzten,Zusammenstoß mit vorausfahrendem / wartendem Fahrzeug,Unfall im Längsverkehr,Tageslicht,0,1,0,0,0,0,"357930,0871","5639598,341",6.979998326,50.89055872,trocken,"5,21E+18",PKW
31411,5,3,15,0,2021,September,10,Sonntag,Unfall mit Leichtverletzten,Aufprall auf Fahrbahnhindernis,Fahrunfall,Tageslicht,0,0,0,0,0,1,"357316,0589","5644724,614",6.969269023,50.93647711,trocken,"5,21E+18",Sonstige
31415,5,3,15,0,2021,März,15,Donnerstag,Unfall mit Leichtverletzten,Zusammenstoß mit vorausfahrendem / wartendem Fahrzeug,Unfall im Längsverkehr,Tageslicht,0,1,0,0,0,0,"353608,347","5644209,661",6.916743158,50.93092014,trocken,"5,21E+18",PKW
31417,5,3,15,0,2021,September,16,Mittwoch,Unfall mit Leichtverletzten,Unfall anderer Art,Fahrunfall,Tageslicht,1,1,0,0,0,0,"353922,8065","5646131,403",6.920444462,50.94826993,trocken,"5,21E+18","Rad, PKW"
31424,5,3,15,0,2021,Januar,6,Mittwoch,Unfall mit Leichtverletzten,Zusammenstoß mit seitlich in gleicher Richtung fahrendem Fahrzeug,Unfall im Längsverkehr,Dunkelheit,0,1,0,0,1,0,"352273,5617","5641147,91",6.899001683,50.90306518,nass/feucht,"5,21E+18","PKW, Gkfz"
31426,5,3,15,0,2021,Februar,9,Samstag,Unfall mit Leichtverletzten,Zusammenstoß mit anfahrendem/ anhaltendem/ruhendem Fahrzeug,Unfall durch ruhenden Verkehr,Tageslicht,1,1,0,0,0,0,"356292,0055","5648078,726",6.953380295,50.96636569,trocken,"5,21E+18","Rad, PKW"
31432,5,3,15,0,2021,November,6,Mittwoch,Unfall mit Leichtverletzten,Abkommen von Fahrbahn nach links,Fahrunfall,Dämmerung,1,0,0,0,0,0,"349324,3204","5645106,736",6.85545254,50.93787836,nass/feucht,"5,21E+18",Rad
31437,5,3,15,0,2021,Oktober,0,Montag,Unfall mit Leichtverletzten,Unfall anderer Art,Fahrunfall,Dunkelheit,1,0,0,0,0,0,"354186,6149","5644606,17",6.924807905,50.93462992,trocken,"5,21E+18",Rad
31445,5,3,15,0,2021,Mai,1,Samstag,Unfall mit Leichtverletzten,Unfall anderer Art,Fahrunfall,Dunkelheit,0,0,0,0,0,1,"353251,1322","5643479,354",6.911957306,50.92426637,trocken,"5,21E+18",Sonstige
31448,5,3,15,0,2021,Dezember,16,Samstag,Unfall mit Leichtverletzten,Zusammenstoß mit einbiegendem / kreuzendem Fahrzeug,Einbiegen / Kreuzen-Unfall,Dunkelheit,1,1,0,0,0,0,"353656,5489","5648665,785",6.915637517,50.97097789,nass/feucht,"5,21E+18","Rad, PKW"
31451,5,3,15,0,2021,März,14,Donnerstag,Unfall mit Leichtverletzten,Zusammenstoß mit seitlich in gleicher Richtung fahrendem Fahrzeug,Unfall im Längsverkehr,Tageslicht,0,1,0,1,0,0,"354792,9141","5646144,408",6.932817484,50.94860663,trocken,"5,21E+18","Krad, PKW"
31455,5,3,15,0,2021,September,16,Samstag,Unfall mit Leichtverletzten,Unfall anderer Art,Unfall durch ruhenden Verkehr,Tageslicht,0,1,1,0,0,0,"356400,9294","5638070,987",6.95887096,50.87645431,trocken,"5,21E+18","Fuss, PKW"
31463,5,3,15,0,2021,Juli,20,Sonntag,Unfall mit Leichtverletzten,Unfall anderer Art,Abbiegeunfall,Dämmerung,1,1,0,0,0,0,"355368,9795","5645608,398",6.941225603,50.94393445,trocken,"5,21E+18","Rad, PKW"
31464,5,3,15,0,2021,September,11,Donnerstag,Unfall mit Schwerverletzten,Zusammenstoß zwischen Fahrzeug und Fußgänger,Sonstiger Unfall,Tageslicht,0,1,1,0,0,0,"353849,1379","5646184,577",6.919375112,50.9487291,nass/feucht,"5,21E+18","Fuss, PKW"
31466,5,3,15,0,2021,November,13,Mittwoch,Unfall mit Leichtverletzten,Zusammenstoß zwischen Fahrzeug und Fußgänger,Überschreiten-Unfall,Tageslicht,0,1,1,0,0,0,"356692,4946","5638346,581",6.962904467,50.87900345,nass/feucht,"5,21E+18","Fuss, PKW"
31468,5,3,15,0,2021,Mai,10,Samstag,Unfall mit Leichtverletzten,Zusammenstoß mit seitlich in gleicher Richtung fahrendem Fahrzeug,Abbiegeunfall,Tageslicht,1,1,0,0,0,0,"349111,9383","5645138,434",6.852418876,50.93810768,trocken,"5,21E+18","Rad, PKW"
31473,5,3,15,0,2021,November,13,Mittwoch,Unfall mit Leichtverletzten,Zusammenstoß mit entgegenkommendem Fahrzeug,Unfall im Längsverkehr,Tageslicht,1,0,0,0,0,1,"352861,6545","5644904,649",6.905844175,50.93697573,trocken,"5,21E+18","Rad, Sonstige"
31474,5,3,15,0,2021,Juni,17,Freitag,Unfall mit Leichtverletzten,Zusammenstoß mit anfahrendem/ anhaltendem/ruhendem Fahrzeug,Unfall durch ruhenden Verkehr,Tageslicht,1,0,0,0,0,1,"354174,8663","5647129,718",6.923630379,50.95730526,trocken,"5,21E+18","Rad, Sonstige"
31476,5,3,15,0,2021,Oktober,6,Montag,Unfall mit Schwerverletzten,Unfall anderer Art,Fahrunfall,Dunkelheit,1,0,0,0,0,0,"355082,0497","5644788,019",6.937470414,50.93648986,trocken,"5,21E+18",Rad
31482,5,3,15,0,2021,Oktober,17,Samstag,Unfall mit Schwerverletzten,Zusammenstoß mit einbiegendem / kreuzendem Fahrzeug,Abbiegeunfall,Tageslicht,1,0,0,0,0,1,"353246,7507","5646806,669",6.910554774,50.95416655,trocken,"5,21E+18","Rad, Sonstige"
31483,5,3,15,0,2021,Juni,19,Montag,Unfall mit Leichtverletzten,Unfall anderer Art,Sonstiger Unfall,Tageslicht,0,0,0,1,0,0,"352974,8184","5656049,66",6.90294383,51.03715927,trocken,"5,21E+18",Krad
31484,5,3,15,0,2021,Juni,13,Sonntag,Unfall mit Leichtverletzten,Zusammenstoß mit einbiegendem / kreuzendem Fahrzeug,Einbiegen / Kreuzen-Unfall,Tageslicht,1,0,0,0,0,0,"356154,6206","5648806,915",6.951137061,50.97287549,trocken,"5,21E+18",Rad
31485,5,3,15,0,2021,September,11,Montag,Unfall mit Leichtverletzten,Zusammenstoß mit vorausfahrendem / wartendem Fahrzeug,Unfall im Längsverkehr,Tageslicht,0,1,0,0,0,0,"353367,8741","5641328,805",6.914481518,50.90496978,trocken,"5,21E+18",PKW
31491,5,3,15,0,2021,September,11,Freitag,Unfall mit Leichtverletzten,Zusammenstoß mit vorausfahrendem / wartendem Fahrzeug,Unfall im Längsverkehr,Tageslicht,0,1,0,0,0,0,"357050,5832","5639885,765",6.967389135,50.89292481,trocken,"5,21E+18",PKW
31495,5,3,15,0,2021,Juli,6,Sonntag,Unfall mit Leichtverletzten,Unfall anderer Art,Fahrunfall,Tageslicht,0,0,0,0,0,1,"357572,455","5641873,891",6.974029149,50.91092108,trocken,"5,21E+18",Sonstige
31503,5,3,15,0,2021,Dezember,10,Freitag,Unfall mit Leichtverletzten,Unfall anderer Art,Unfall durch ruhenden Verkehr,Tageslicht,1,0,0,0,0,1,"353576,0447","5642724,794",6.916880048,50.91756793,trocken,"5,21E+18","Rad, Sonstige"
31505,5,3,15,0,2021,November,2,Dienstag,Unfall mit Leichtverletzten,Unfall anderer Art,Fahrunfall,Dunkelheit,0,0,0,0,0,1,"355435,282","5645708,929",6.942128845,50.94485454,nass/feucht,"5,21E+18",Sonstige
31507,5,3,15,0,2021,März,16,Donnerstag,Unfall mit Leichtverletzten,Zusammenstoß mit einbiegendem / kreuzendem Fahrzeug,Einbiegen / Kreuzen-Unfall,Tageslicht,0,1,0,0,0,1,"354896,9805","5647927,807",6.933586974,50.96465974,trocken,"5,21E+18","PKW, Sonstige"
31514,5,3,15,0,2021,Oktober,10,Sonntag,Unfall mit Leichtverletzten,Zusammenstoß mit vorausfahrendem / wartendem Fahrzeug,Unfall im Längsverkehr,Tageslicht,0,1,0,0,0,1,"353298,087","5652626,72",6.908936183,51.00648175,trocken,"5,21E+18","PKW, Sonstige"
31516,5,3,15,0,2021,Januar,9,Freitag,Unfall mit Leichtverletzten,Zusammenstoß mit einbiegendem / kreuzendem Fahrzeug,Einbiegen / Kreuzen-Unfall,Tageslicht,1,1,1,0,0,0,"355841,7798","5644664,76",6.948324524,50.93557256,trocken,"5,21E+18","Rad, Fuss, PKW"
31517,5,3,15,0,2021,Dezember,19,Freitag,Unfall mit Leichtverletzten,Zusammenstoß mit vorausfahrendem / wartendem Fahrzeug,Unfall im Längsverkehr,Dunkelheit,0,1,0,0,0,0,"356429,3421","5655108,563",6.95255532,51.02957542,nass/feucht,"5,21E+18",PKW
31518,5,3,15,0,2021,November,12,Samstag,Unfall mit Leichtverletzten,Unfall anderer Art,Abbiegeunfall,Tageslicht,1,0,0,0,0,1,"354480,1692","5645758,215",6.928522643,50.94505717,trocken,"5,21E+18","Rad, Sonstige"
31520,5,3,15,0,2021,Dezember,2,Samstag,Unfall mit Leichtverletzten,Zusammenstoß zwischen Fahrzeug und Fußgänger,Überschreiten-Unfall,Dunkelheit,0,0,1,0,0,1,"353829,53","5646580,864",6.918937076,50.95228542,trocken,"5,21E+18","Fuss, Sonstige"
31530,5,3,15,0,2021,September,16,Samstag,Unfall mit Leichtverletzten,Zusammenstoß mit seitlich in gleicher Richtung fahrendem Fahrzeug,Abbiegeunfall,Tageslicht,1,1,0,0,0,0,"354177,274","5644899,288",6.924557765,50.93726172,trocken,"5,21E+18","Rad, PKW"
31532,5,3,15,0,2021,November,1,Montag,Unfall mit Schwerverletzten,Unfall anderer Art,Fahrunfall,Dunkelheit,1,1,0,0,0,0,"354869,5578","5638546,111",6.936930307,50.88034164,trocken,"5,21E+18","Rad, PKW"
31534,5,3,15,0,2021,Oktober,20,Samstag,Unfall mit Leichtverletzten,Unfall anderer Art,Fahrunfall,Dunkelheit,1,0,0,0,0,0,"350736,2057","5643546,374",6.876171848,50.92422348,nass/feucht,"5,21E+18",Rad
31538,5,3,15,0,2021,September,22,Donnerstag,Unfall mit Schwerverletzten,Zusammenstoß mit einbiegendem / kreuzendem Fahrzeug,Einbiegen / Kreuzen-Unfall,Dunkelheit,0,1,0,1,0,0,"353214,773","5641508,215",6.912233394,50.90654318,trocken,"5,21E+18","Krad, PKW"
31539,5,3,15,0,2021,Dezember,18,Freitag,Unfall mit Leichtverletzten,Zusammenstoß mit vorausfahrendem / wartendem Fahrzeug,Unfall im Längsverkehr,Dunkelheit,0,1,0,0,0,0,"352711,5051","5650680,29",6.901370641,50.98884034,trocken,"5,21E+18",PKW
31540,5,3,15,0,2021,September,18,Sonntag,Unfall mit Leichtverletzten,Zusammenstoß mit vorausfahrendem / wartendem Fahrzeug,Abbiegeunfall,Tageslicht,0,1,0,0,0,0,"353515,7033","5646170,67",6.914637242,50.94851949,trocken,"5,21E+18",PKW
31542,5,3,15,0,2021,April,23,Samstag,Unfall mit Leichtverletzten,Zusammenstoß mit seitlich in gleicher Richtung fahrendem Fahrzeug,Unfall durch ruhenden Verkehr,Dunkelheit,1,1,0,0,0,0,"356346,7825","5647545,65",6.954370354,50.96158869,trocken,"5,21E+18","Rad, PKW"
31543,5,3,15,0,2021,September,7,Mittwoch,Unfall mit Leichtverletzten,Zusammenstoß mit einbiegendem / kreuzendem Fahrzeug,Einbiegen / Kreuzen-Unfall,Dämmerung,1,1,0,0,0,0,"354760,7784","5646125,067",6.932368029,50.94842473,trocken,"5,21E+18","Rad, PKW"
31549,5,3,15,0,2021,Juni,11,Dienstag,Unfall mit Leichtverletzten,Unfall anderer Art,Unfall im Längsverkehr,Tageslicht,0,1,0,0,0,0,"357759,672","5646953,675",6.974707846,50.95661919,trocken,"5,21E+18",PKW
31553,5,3,15,0,2021,April,18,Sonntag,Unfall mit Leichtverletzten,Zusammenstoß mit einbiegendem / kreuzendem Fahrzeug,Abbiegeunfall,Tageslicht,0,1,0,1,0,0,"354208,7807","5636701,253",6.928279132,50.86359591,trocken,"5,21E+18","Krad, PKW"
31554,5,3,15,0,2021,September,5,Sonntag,Unfall mit Leichtverletzten,Unfall anderer Art,Fahrunfall,Dunkelheit,0,0,0,0,0,1,"355289,504","5645352,731",6.940196647,50.94161689,trocken,"5,21E+18",Sonstige
31557,5,3,15,0,2021,Mai,13,Montag,Unfall mit Leichtverletzten,Aufprall auf Fahrbahnhindernis,Sonstiger Unfall,Tageslicht,1,0,0,0,0,0,"356825,4047","5644713,992",6.962294738,50.93626005,trocken,"5,21E+18",Rad
31559,5,3,15,0,2021,Dezember,17,Mittwoch,Unfall mit Leichtverletzten,Zusammenstoß mit vorausfahrendem / wartendem Fahrzeug,Unfall im Längsverkehr,Dunkelheit,0,1,0,0,0,1,"349081,6615","5647896,615",6.850845028,50.96288546,trocken,"5,21E+18","PKW, Sonstige"
31561,5,3,15,0,2021,Mai,18,Montag,Unfall mit Leichtverletzten,Zusammenstoß mit entgegenkommendem Fahrzeug,Abbiegeunfall,Tageslicht,0,1,0,0,0,0,"357346,7632","5646880,832",6.968861128,50.95586249,trocken,"5,21E+18",PKW
31564,5,3,15,0,2021,Oktober,7,Freitag,Unfall mit Leichtverletzten,Zusammenstoß mit anfahrendem/ anhaltendem/ruhendem Fahrzeug,Unfall im Längsverkehr,Dunkelheit,0,1,0,0,0,0,"352701,0489","5640201,174",6.905459031,50.89466642,trocken,"5,21E+18",PKW
31565,5,3,15,0,2021,November,19,Donnerstag,Unfall mit Leichtverletzten,Zusammenstoß mit vorausfahrendem / wartendem Fahrzeug,Unfall im Längsverkehr,Dunkelheit,0,1,0,0,0,0,"352063,6128","5644975,242",6.894465513,50.93740594,nass/feucht,"5,21E+18",PKW
31566,5,3,15,0,2021,September,11,Montag,Unfall mit Leichtverletzten,Unfall anderer Art,Unfall im Längsverkehr,Tageslicht,0,1,1,0,0,0,"353923,325","5642243,688",6.922009833,50.91333239,trocken,"5,21E+18","Fuss, PKW"
31568,5,3,15,0,2021,September,7,Dienstag,Unfall mit Leichtverletzten,Zusammenstoß mit vorausfahrendem / wartendem Fahrzeug,Abbiegeunfall,Tageslicht,0,1,0,1,0,1,"354754,142","5638222,739",6.93541925,50.87740655,trocken,"5,21E+18","Krad, PKW, Sonstige"
31572,5,3,15,0,2021,Mai,16,Montag,Unfall mit Leichtverletzten,Aufprall auf Fahrbahnhindernis,Fahrunfall,Tageslicht,0,0,0,0,0,1,"356792,1173","5644030,963",6.962089687,50.93011346,trocken,"5,21E+18",Sonstige
31578,5,3,15,0,2021,Mai,14,Dienstag,Unfall mit Leichtverletzten,Aufprall auf Fahrbahnhindernis,Unfall durch ruhenden Verkehr,Tageslicht,1,1,0,0,0,0,"356325,0105","5647732,407",6.953986787,50.96326161,nass/feucht,"5,21E+18","Rad, PKW"
31579,5,3,15,0,2021,November,10,Freitag,Unfall mit Leichtverletzten,Zusammenstoß mit seitlich in gleicher Richtung fahrendem Fahrzeug,Unfall im Längsverkehr,Tageslicht,0,0,0,1,0,1,"351203,3045","5645042,097",6.882202617,50.93778539,nass/feucht,"5,21E+18","Krad, Sonstige"
31581,5,3,15,0,2021,November,19,Montag,Unfall mit Leichtverletzten,Zusammenstoß mit seitlich in gleicher Richtung fahrendem Fahrzeug,Unfall im Längsverkehr,Dunkelheit,1,1,0,0,0,0,"351476,3242","5644624,885",6.886255676,50.93410651,trocken,"5,21E+18","Rad, PKW"
31586,5,3,15,0,2021,Dezember,16,Samstag,Unfall mit Leichtverletzten,Zusammenstoß zwischen Fahrzeug und Fußgänger,Überschreiten-Unfall,Tageslicht,0,0,1,0,0,1,"357676,882","5646866,688",6.97356384,50.955817,trocken,"5,21E+18","Fuss, Sonstige"