OBJECTID,ULAND,UREGBEZ,UKREIS,UGEMEINDE,UJAHR,UMONAT,USTUNDE,UWOCHENTAG,UKATEGORIE,UART,UTYP1,ULICHTVERH,IstRad,IstPKW,IstFuss,IstKrad,IstGkfz,IstSonstige,LINREFX,LINREFY,XGCSWGS84,YGCSWGS84,USTRZUSTAND,UIDENTSTLAE,Participants
31587,5,3,15,0,2021,Mai,17,Freitag,Unfall mit Leichtverletzten,Zusammenstoß mit vorausfahrendem / wartendem Fahrzeug,Unfall im Längsverkehr,Tageslicht,0,1,0,0,0,0,"349057,0312","5649613,071",6.849782154,50.97830344,nass/feucht,"5,21E+18",PKW
31590,5,3,15,0,2021,Juni,7,Donnerstag,Unfall mit Leichtverletzten,Zusammenstoß mit vorausfahrendem / wartendem Fahrzeug,Unfall im Längsverkehr,Tageslicht,0,1,0,0,0,0,"354306,2448","5645385,44",6.926197662,50.94166322,trocken,"5,21E+18",PKW
31594,5,3,15,0,2021,Juni,14,Freitag,Unfall mit Leichtverletzten,Zusammenstoß mit einbiegendem / kreuzendem Fahrzeug,Einbiegen / Kreuzen-Unfall,Tageslicht,1,1,0,0,0,0,"357891,003","5643519,588",6.977916191,50.92578951,trocken,"5,21E+18","Rad, PKW"
31596,5,3,15,0,2021,September,8,Donnerstag,Unfall mit Leichtverletzten,Zusammenstoß mit vorausfahrendem / wartendem Fahrzeug,Unfall im Längsverkehr,Tageslicht,0,1,0,0,0,1,"347889,3922","5644033,097",6.835492982,50.92785374,nass/feucht,"5,21E+18","PKW, Sonstige"
31599,5,3,15,0,2021,Dezember,9,Freitag,Unfall mit Leichtverletzten,Zusammenstoß mit einbiegendem / kreuzendem Fahrzeug,Abbiegeunfall,Tageslicht,0,1,0,0,0,1,"353354,4684","5644888,091",6.912859859,50.93695245,nass/feucht,"5,21E+18","PKW, Sonstige"
31606,5,3,15,0,2021,April,12,Freitag,Unfall mit Leichtverletzten,Zusammenstoß mit vorausfahrendem / wartendem Fahrzeug,Unfall im Längsverkehr,Tageslicht,0,1,0,0,0,0,"350587,4356","5649351,972",6.871674259,50.97635625,trocken,"5,21E+18",PKW
31610,5,3,15,0,2021,April,18,Freitag,Unfall mit Leichtverletzten,Zusammenstoß mit seitlich in gleicher Richtung fahrendem Fahrzeug,Abbiegeunfall,Tageslicht,1,1,0,0,0,0,"352521,731","5651488,494",6.898340458,50.99605465,trocken,"5,21E+18","Rad, PKW"
31614,5,3,15,0,2021,Juni,11,Freitag,Unfall mit Leichtverletzten,Zusammenstoß mit einbiegendem / kreuzendem Fahrzeug,Einbiegen / Kreuzen-Unfall,Tageslicht,1,1,0,0,0,0,"355337,691","5643971,992",6.941430183,50.92922057,trocken,"5,21E+18","Rad, PKW"
31624,5,3,15,0,2021,Mai,19,Donnerstag,Unfall mit Leichtverletzten,Zusammenstoß mit vorausfahrendem / wartendem Fahrzeug,Unfall im Längsverkehr,Tageslicht,0,1,0,0,0,0,"354261,0348","5645178,88",6.925637229,50.93979551,trocken,"5,21E+18",PKW
31626,5,3,15,0,2021,März,13,Freitag,Unfall mit Leichtverletzten,Unfall anderer Art,Fahrunfall,Tageslicht,1,0,0,0,0,0,"355124,4098","5644155,552",6.9383243,50.93081667,trocken,"5,21E+18",Rad
31638,5,3,15,0,2021,Juni,21,Samstag,Unfall mit Leichtverletzten,Unfall anderer Art,Sonstiger Unfall,Dämmerung,0,1,0,0,0,0,"354720,68","5643054,092",6.933021824,50.92081656,nass/feucht,"5,21E+18",PKW
31639,5,3,15,0,2021,Oktober,19,Samstag,Unfall mit Leichtverletzten,Abkommen von Fahrbahn nach links,Fahrunfall,Dunkelheit,0,1,0,0,0,0,"357009,2668","5636470,264",6.968137838,50.86221939,nass/feucht,"5,21E+18",PKW
31648,5,3,15,0,2021,November,16,Sonntag,Unfall mit Leichtverletzten,Zusammenstoß mit vorausfahrendem / wartendem Fahrzeug,Unfall im Längsverkehr,Tageslicht,0,1,0,0,0,0,"355451,642","5635206,842",6.946518388,50.85047779,trocken,"5,21E+18",PKW
31649,5,3,15,0,2021,Juni,17,Sonntag,Unfall mit Schwerverletzten,Zusammenstoß mit entgegenkommendem Fahrzeug,Abbiegeunfall,Tageslicht,0,1,0,1,0,0,"354261,712","5640286,975",6.927601297,50.89583343,trocken,"5,21E+18","Krad, PKW"
31650,5,3,15,0,2021,Dezember,0,Montag,Unfall mit Schwerverletzten,Abkommen von Fahrbahn nach links,Fahrunfall,Dunkelheit,0,0,0,1,0,0,"355209,9505","5643767,394",6.939694928,50.92734985,nass/feucht,"5,21E+18",Krad
31651,5,3,15,0,2021,April,16,Freitag,Unfall mit Leichtverletzten,Zusammenstoß mit seitlich in gleicher Richtung fahrendem Fahrzeug,Unfall im Längsverkehr,Tageslicht,1,0,0,0,0,0,"353547,1185","5641415,561",6.916994267,50.90579493,trocken,"5,21E+18",Rad
31655,5,3,15,0,2021,Juni,16,Freitag,Unfall mit Leichtverletzten,Zusammenstoß zwischen Fahrzeug und Fußgänger,Unfall im Längsverkehr,Tageslicht,0,1,0,0,0,1,"349413,3989","5657330,447",6.851651697,51.04774634,trocken,"5,21E+18","PKW, Sonstige"
31661,5,3,15,0,2021,September,11,Dienstag,Unfall mit Leichtverletzten,Unfall anderer Art,Unfall im Längsverkehr,Tageslicht,0,1,0,1,0,0,"354123,6372","5644845,073",6.923816611,50.93676095,trocken,"5,21E+18","Krad, PKW"
31663,5,3,15,0,2021,Juni,9,Freitag,Unfall mit Leichtverletzten,Zusammenstoß mit seitlich in gleicher Richtung fahrendem Fahrzeug,Abbiegeunfall,Tageslicht,0,0,0,0,0,1,"355025,4075","5645376,552",6.936430633,50.94176463,trocken,"5,21E+18",Sonstige
31669,5,3,15,0,2021,November,16,Sonntag,Unfall mit Leichtverletzten,Abkommen von Fahrbahn nach links,Fahrunfall,Tageslicht,0,1,0,0,0,0,"353445,8044","5652842,484",6.910953093,51.00845837,trocken,"5,21E+18",PKW
31670,5,3,15,0,2021,Oktober,19,Sonntag,Unfall mit Leichtverletzten,Zusammenstoß mit entgegenkommendem Fahrzeug,Abbiegeunfall,Dunkelheit,0,1,0,0,0,0,"352808,5773","5651771,342",6.902310616,50.99866989,trocken,"5,21E+18",PKW
31671,5,3,15,0,2021,Juli,14,Freitag,Unfall mit Leichtverletzten,Abkommen von Fahrbahn nach links,Einbiegen / Kreuzen-Unfall,Tageslicht,0,1,0,1,0,0,"356138,2012","5648874,521",6.950876604,50.97347895,nass/feucht,"5,21E+18","Krad, PKW"
31679,5,3,15,0,2021,Dezember,18,Mittwoch,Unfall mit Leichtverletzten,Zusammenstoß mit seitlich in gleicher Richtung fahrendem Fahrzeug,Unfall im Längsverkehr,Dämmerung,0,1,0,0,0,0,"350075,9606","5645095,67",6.866147138,50.93797483,nass/feucht,"5,21E+18",PKW
31683,5,3,15,0,2021,Mai,23,Dienstag,Unfall mit Schwerverletzten,Abkommen von Fahrbahn nach links,Fahrunfall,Dunkelheit,0,1,0,0,0,0,"347514,8427","5644148,821",6.830118886,50.92879477,trocken,"5,21E+18",PKW
31684,5,3,15,0,2021,April,18,Sonntag,Unfall mit Schwerverletzten,Zusammenstoß zwischen Fahrzeug und Fußgänger,Überschreiten-Unfall,Dämmerung,0,1,1,0,0,0,"355804,7416","5650366,286",6.945538379,50.98680167,nass/feucht,"5,21E+18","Fuss, PKW"
31686,5,3,15,0,2021,Mai,14,Samstag,Unfall mit Leichtverletzten,Zusammenstoß mit anfahrendem/ anhaltendem/ruhendem Fahrzeug,Unfall durch ruhenden Verkehr,Tageslicht,0,1,0,0,0,0,"354343,3051","5645516,535",6.92667239,50.9428507,trocken,"5,21E+18",PKW
31689,5,3,15,0,2021,September,22,Mittwoch,Unfall mit Leichtverletzten,Zusammenstoß mit vorausfahrendem / wartendem Fahrzeug,Unfall im Längsverkehr,Dunkelheit,0,1,0,0,0,0,"354682,2246","5646028,404",6.931289088,50.94753624,trocken,"5,21E+18",PKW
31691,5,3,15,0,2021,September,23,Freitag,Unfall mit Schwerverletzten,Aufprall auf Fahrbahnhindernis,Fahrunfall,Dunkelheit,0,0,0,1,0,0,"350430,4865","5659223,284",6.865368919,51.06502142,trocken,"5,21E+18",Krad
31693,5,3,15,0,2021,Dezember,7,Donnerstag,Unfall mit Leichtverletzten,Zusammenstoß mit vorausfahrendem / wartendem Fahrzeug,Unfall im Längsverkehr,Tageslicht,0,1,0,0,0,0,"357121,2421","5638971,264",6.968750772,50.88472366,nass/feucht,"5,21E+18",PKW
31704,5,3,15,0,2021,Juli,11,Sonntag,Unfall mit Schwerverletzten,Zusammenstoß mit einbiegendem / kreuzendem Fahrzeug,Einbiegen / Kreuzen-Unfall,Tageslicht,0,1,0,0,0,1,"356834,7932","5645352,998",6.96217717,50.94200506,trocken,"5,21E+18","PKW, Sonstige"
31705,5,3,15,0,2021,Januar,14,Freitag,Unfall mit Leichtverletzten,Zusammenstoß zwischen Fahrzeug und Fußgänger,Überschreiten-Unfall,Tageslicht,0,1,1,0,0,0,"353154,3855","5646867,32",6.909216165,50.95468807,trocken,"5,21E+18","Fuss, PKW"
31710,5,3,15,0,2021,Februar,15,Sonntag,Unfall mit Leichtverletzten,Zusammenstoß zwischen Fahrzeug und Fußgänger,Überschreiten-Unfall,Tageslicht,1,0,1,0,0,0,"356321,7872","5647761,409",6.953929463,50.96352145,trocken,"5,21E+18","Rad, Fuss"
31716,5,3,15,0,2021,Januar,21,Mittwoch,Unfall mit Leichtverletzten,Abkommen von Fahrbahn nach rechts,Sonstiger Unfall,Dunkelheit,0,1,0,0,0,0,"356538,62","5652598,443",6.955105528,51.00704492,trocken,"5,21E+18",PKW
31726,5,3,15,0,2021,Oktober,13,Samstag,Unfall mit Schwerverletzten,Unfall anderer Art,Fahrunfall,Tageslicht,1,0,0,0,0,0,"349896,4528","5645083,934",6.863598956,50.93782267,trocken,"5,21E+18",Rad
31731,5,3,15,0,2021,Oktober,11,Samstag,Unfall mit Leichtverletzten,Zusammenstoß mit entgegenkommendem Fahrzeug,Abbiegeunfall,Tageslicht,1,1,0,0,0,0,"353379,6819","5645783,569",6.912858051,50.94500619,trocken,"5,21E+18","Rad, PKW"
31742,5,3,15,0,2021,Dezember,17,Dienstag,Unfall mit Schwerverletzten,Zusammenstoß mit seitlich in gleicher Richtung fahrendem Fahrzeug,Abbiegeunfall,Dunkelheit,1,0,0,1,0,0,"357766,7255","5635034,259",6.979451915,50.84950066,trocken,"5,21E+18","Rad, Krad"
31745,5,3,15,0,2021,Mai,13,Dienstag,Unfall mit Schwerverletzten,Zusammenstoß mit vorausfahrendem / wartendem Fahrzeug,Unfall im Längsverkehr,Tageslicht,0,1,0,0,0,0,"357101,4588","5636755,326",6.969335658,50.86480405,trocken,"5,21E+18",PKW
31752,5,3,15,0,2021,Oktober,18,Dienstag,Unfall mit Leichtverletzten,Zusammenstoß mit einbiegendem / kreuzendem Fahrzeug,Einbiegen / Kreuzen-Unfall,Dämmerung,1,1,0,0,0,0,"354923,5194","5643338,107",6.935792757,50.92341998,nass/feucht,"5,21E+18","Rad, PKW"
31758,5,3,15,0,2021,September,18,Sonntag,Unfall mit Schwerverletzten,Unfall anderer Art,Fahrunfall,Tageslicht,0,0,0,1,0,0,"352486,998","5647252,325",6.899564698,50.95797749,trocken,"5,21E+18",Krad
31759,5,3,15,0,2021,November,3,Sonntag,Unfall mit Leichtverletzten,Unfall anderer Art,Fahrunfall,Dunkelheit,1,0,0,0,0,0,"355950,6973","5646855,594",6.949007072,50.95528841,trocken,"5,21E+18",Rad
31763,5,3,15,0,2021,Oktober,11,Freitag,Unfall mit Leichtverletzten,Zusammenstoß mit einbiegendem / kreuzendem Fahrzeug,Einbiegen / Kreuzen-Unfall,Tageslicht,1,1,0,0,0,0,"357025,6481","5641115,987",6.966553166,50.90397463,nass/feucht,"5,21E+18","Rad, PKW"
31766,5,3,15,0,2021,September,12,Sonntag,Unfall mit Leichtverletzten,Zusammenstoß mit einbiegendem / kreuzendem Fahrzeug,Einbiegen / Kreuzen-Unfall,Tageslicht,0,1,0,0,0,0,"349389,28","5649444,21",6.85458152,50.97687301,trocken,"5,21E+18",PKW
31767,5,3,15,0,2021,Oktober,14,Montag,Unfall mit Schwerverletzten,Unfall anderer Art,Fahrunfall,Tageslicht,1,0,0,0,0,0,"356493,3169","5651662,843",6.954830082,50.99862561,trocken,"5,21E+18",Rad
31770,5,3,15,0,2021,November,15,Samstag,Unfall mit Schwerverletzten,Zusammenstoß mit vorausfahrendem / wartendem Fahrzeug,Unfall im Längsverkehr,Tageslicht,0,1,0,0,0,0,"348910,894","5645550,645",6.849388629,50.94175927,trocken,"5,21E+18",PKW
31774,5,3,15,0,2021,November,13,Dienstag,Unfall mit Leichtverletzten,Unfall anderer Art,Unfall im Längsverkehr,Tageslicht,0,1,0,0,0,1,"355195,542","5644663,156",6.939134181,50.93539625,trocken,"5,21E+18","PKW, Sonstige"
31777,5,3,15,0,2021,September,10,Dienstag,Unfall mit Leichtverletzten,Zusammenstoß mit einbiegendem / kreuzendem Fahrzeug,Einbiegen / Kreuzen-Unfall,Tageslicht,1,1,0,0,0,0,"357895,97","5644512,306",6.977599818,50.93471229,trocken,"5,21E+18","Rad, PKW"
31782,5,3,15,0,2021,November,11,Mittwoch,Unfall mit Leichtverletzten,Zusammenstoß mit vorausfahrendem / wartendem Fahrzeug,Unfall im Längsverkehr,Tageslicht,0,1,0,0,0,0,"353216,4483","5640453,255",6.912681321,50.89706302,trocken,"5,21E+18",PKW
31790,5,3,15,0,2021,Juli,9,Dienstag,Unfall mit Leichtverletzten,Unfall anderer Art,Fahrunfall,Tageslicht,0,0,0,1,0,0,"356529,437","5638189,906",6.960649678,50.87755495,trocken,"5,21E+18",Krad
31791,5,3,15,0,2021,Juni,1,Donnerstag,Unfall mit Leichtverletzten,Abkommen von Fahrbahn nach rechts,Fahrunfall,Dunkelheit,0,0,0,1,0,0,"357904,1538","5643496,793",6.978112074,50.92558789,trocken,"5,21E+18",Krad
31795,5,3,15,0,2021,Dezember,0,Sonntag,Unfall mit Schwerverletzten,Unfall anderer Art,Fahrunfall,Dunkelheit,0,0,0,0,0,1,"356100,205","5643385,669",6.952504875,50.9241421,trocken,"5,21E+18",Sonstige
31797,5,3,15,0,2021,November,15,Mittwoch,Unfall mit Leichtverletzten,Zusammenstoß mit vorausfahrendem / wartendem Fahrzeug,Unfall im Längsverkehr,Tageslicht,0,1,0,0,0,0,"355378,0871","5646702,588",6.94092058,50.95376997,trocken,"5,21E+18",PKW
31801,5,3,15,0,2021,Oktober,15,Samstag,Unfall mit Leichtverletzten,Zusammenstoß mit einbiegendem / kreuzendem Fahrzeug,Abbiegeunfall,Tageslicht,0,0,0,0,0,1,"358299,6761","5645566,352",6.982931522,50.94428435,trocken,"5,21E+18",Sonstige
31804,5,3,15,0,2021,Februar,21,Samstag,Unfall mit Leichtverletzten,Zusammenstoß mit seitlich in gleicher Richtung fahrendem Fahrzeug,Unfall im Längsverkehr,Dunkelheit,0,1,0,0,0,0,"357498,3901","5644974,077",6.971764726,50.93876411,trocken,"5,21E+18",PKW
31807,5,3,15,0,2021,Februar,10,Freitag,Unfall mit Leichtverletzten,Zusammenstoß mit einbiegendem / kreuzendem Fahrzeug,Einbiegen / Kreuzen-Unfall,Tageslicht,1,1,0,0,0,0,"354245,255","5645165,095",6.925418301,50.93966763,trocken,"5,21E+18","Rad, PKW"
31817,5,3,15,0,2021,Oktober,3,Sonntag,Unfall mit Leichtverletzten,Abkommen von Fahrbahn nach links,Fahrunfall,Dunkelheit,0,0,0,0,0,1,"353579,4549","5646256,481",6.915509667,50.94930684,trocken,"5,21E+18",Sonstige
31820,5,3,15,0,2021,Oktober,16,Mittwoch,Unfall mit Leichtverletzten,Zusammenstoß mit einbiegendem / kreuzendem Fahrzeug,Einbiegen / Kreuzen-Unfall,Tageslicht,0,1,0,0,0,1,"354702,3401","5643067,396",6.932755773,50.9209315,nass/feucht,"5,21E+18","PKW, Sonstige"
31826,5,3,15,0,2021,Februar,14,Donnerstag,Unfall mit Leichtverletzten,Unfall anderer Art,Fahrunfall,Tageslicht,1,0,0,0,0,0,"357931,7292","5646596,347",6.977295516,50.95345033,trocken,"5,21E+18",Rad
31830,5,3,15,0,2021,September,11,Donnerstag,Unfall mit Leichtverletzten,Abkommen von Fahrbahn nach links,Fahrunfall,Tageslicht,0,1,0,1,0,0,"352407,0859","5651362,235",6.896759181,50.99489064,nass/feucht,"5,21E+18","Krad, PKW"
31832,5,3,15,0,2021,April,19,Donnerstag,Unfall mit Leichtverletzten,Zusammenstoß mit einbiegendem / kreuzendem Fahrzeug,Abbiegeunfall,Tageslicht,1,1,0,0,0,0,"354143,1441","5636519,345",6.927419585,50.86194458,trocken,"5,21E+18","Rad, PKW"
31837,5,3,15,0,2021,November,7,Freitag,Unfall mit Leichtverletzten,Zusammenstoß mit vorausfahrendem / wartendem Fahrzeug,Unfall im Längsverkehr,Tageslicht,0,1,0,0,0,0,"358169,7873","5646342,502",6.98078152,50.95122767,trocken,"5,21E+18",PKW
31841,5,3,15,0,2021,September,13,Montag,Unfall mit Schwerverletzten,Zusammenstoß zwischen Fahrzeug und Fußgänger,Überschreiten-Unfall,Tageslicht,0,1,1,0,0,0,"348552,6803","5645173,16",6.844450566,50.93827313,trocken,"5,21E+18","Fuss, PKW"
31846,5,3,15,0,2021,Oktober,14,Mittwoch,Unfall mit Leichtverletzten,Zusammenstoß mit vorausfahrendem / wartendem Fahrzeug,Unfall im Längsverkehr,Tageslicht,0,1,0,1,0,0,"354983,9209","5644286,953",6.936274157,50.93196223,trocken,"5,21E+18","Krad, PKW"
31851,5,3,15,0,2021,Februar,18,Donnerstag,Unfall mit Leichtverletzten,Zusammenstoß zwischen Fahrzeug und Fußgänger,Überschreiten-Unfall,Dunkelheit,0,0,1,0,0,1,"353235,0492","5646818,632",6.910383466,50.95427107,nass/feucht,"5,21E+18","Fuss, Sonstige"
31856,5,3,15,0,2021,April,6,Samstag,Unfall mit Leichtverletzten,Zusammenstoß mit seitlich in gleicher Richtung fahrendem Fahrzeug,Unfall durch ruhenden Verkehr,Tageslicht,0,1,0,1,0,0,"356328,709","5647699,453",6.954052432,50.96296639,trocken,"5,21E+18","Krad, PKW"
31857,5,3,15,0,2021,Oktober,17,Mittwoch,Unfall mit Leichtverletzten,Unfall anderer Art,Fahrunfall,Tageslicht,1,0,0,0,0,0,"354704,1535","5644687,159",6.932136002,50.93548837,trocken,"5,21E+18",Rad
31862,5,3,15,0,2021,Juni,15,Donnerstag,Unfall mit Leichtverletzten,Zusammenstoß mit einbiegendem / kreuzendem Fahrzeug,Sonstiger Unfall,Tageslicht,0,1,0,0,0,1,"356383,046","5643172,483",6.956610533,50.92229669,trocken,"5,21E+18","PKW, Sonstige"
31864,5,3,15,0,2021,Februar,15,Montag,Unfall mit Leichtverletzten,Zusammenstoß mit einbiegendem / kreuzendem Fahrzeug,Einbiegen / Kreuzen-Unfall,Tageslicht,1,1,0,0,0,0,"347627,7791","5648100,082",6.830071585,50.96433117,trocken,"5,21E+18","Rad, PKW"
31875,5,3,15,0,2021,November,18,Freitag,Unfall mit Leichtverletzten,Zusammenstoß mit vorausfahrendem / wartendem Fahrzeug,Abbiegeunfall,Dunkelheit,0,1,0,0,0,0,"357175,4881","5638784,745",6.969594337,50.88306082,nass/feucht,"5,21E+18",PKW
31878,5,3,15,0,2021,Juli,21,Dienstag,Unfall mit Schwerverletzten,Zusammenstoß mit einbiegendem / kreuzendem Fahrzeug,Abbiegeunfall,Dunkelheit,0,1,0,0,0,0,"352918,0706","5649369,988",6.904842058,50.97711813,trocken,"5,21E+18",PKW
31882,5,3,15,0,2021,Oktober,22,Sonntag,Unfall mit Schwerverletzten,Zusammenstoß mit einbiegendem / kreuzendem Fahrzeug,Einbiegen / Kreuzen-Unfall,Dunkelheit,0,1,0,0,0,1,"354877,3811","5644798,26",6.934555434,50.93653042,trocken,"5,21E+18","PKW, Sonstige"
31888,5,3,15,0,2021,Mai,15,Samstag,Unfall mit Leichtverletzten,Zusammenstoß mit seitlich in gleicher Richtung fahrendem Fahrzeug,Unfall im Längsverkehr,Tageslicht,0,1,0,1,0,0,"352362,3118","5647348,402",6.897751597,50.95880895,trocken,"5,21E+18","Krad, PKW"
31889,5,3,15,0,2021,April,14,Samstag,Unfall mit Leichtverletzten,Zusammenstoß mit einbiegendem / kreuzendem Fahrzeug,Abbiegeunfall,Tageslicht,0,1,0,0,0,0,"355705,4385","5637911,677",6.949054812,50.87484937,trocken,"5,21E+18",PKW
31892,5,3,15,0,2021,September,14,Montag,Unfall mit Schwerverletzten,Aufprall auf Fahrbahnhindernis,Fahrunfall,Dunkelheit,0,0,0,0,0,1,"357028,9525","5643435,959",6.965691016,50.92482495,trocken,"5,21E+18",Sonstige
31896,5,3,15,0,2021,Oktober,17,Mittwoch,Unfall mit Leichtverletzten,Zusammenstoß mit vorausfahrendem / wartendem Fahrzeug,Fahrunfall,Tageslicht,0,1,0,0,0,0,"356426,315","5647053,975",6.95569611,50.95718992,trocken,"5,21E+18",PKW
31900,5,3,15,0,2021,Januar,15,Donnerstag,Unfall mit Leichtverletzten,Zusammenstoß mit anfahrendem/ anhaltendem/ruhendem Fahrzeug,Unfall durch ruhenden Verkehr,Tageslicht,0,1,0,0,0,0,"346604,6873","5645269,224",6.816705728,50.93862149,nass/feucht,"5,21E+18",PKW
31901,5,3,15,0,2021,Dezember,16,Dienstag,Unfall mit Leichtverletzten,Unfall anderer Art,Fahrunfall,Dämmerung,0,0,0,1,0,0,"355871,4535","5654680,494",6.944775001,51.02558888,nass/feucht,"5,21E+18",Krad
31903,5,3,15,0,2021,Oktober,2,Freitag,Unfall mit Schwerverletzten,Unfall anderer Art,Fahrunfall,Dunkelheit,0,0,0,0,0,1,"355077,9437","5644200,001",6.937645842,50.93120444,nass/feucht,"5,21E+18",Sonstige
31910,5,3,15,0,2021,April,15,Freitag,Unfall mit Leichtverletzten,Zusammenstoß mit vorausfahrendem / wartendem Fahrzeug,Unfall im Längsverkehr,Tageslicht,1,1,0,0,0,0,"353437,7993","5646601,754",6.913355455,50.95237367,trocken,"5,21E+18","Rad, PKW"
31912,5,3,15,0,2021,Dezember,13,Dienstag,Unfall mit Leichtverletzten,Zusammenstoß mit anfahrendem/ anhaltendem/ruhendem Fahrzeug,Unfall durch ruhenden Verkehr,Tageslicht,0,1,0,0,0,0,"353594,5858","5644850,583",6.916289995,50.93667639,nass/feucht,"5,21E+18",PKW
31916,5,3,15,0,2021,März,17,Mittwoch,Unfall mit Leichtverletzten,Zusammenstoß mit vorausfahrendem / wartendem Fahrzeug,Unfall im Längsverkehr,Tageslicht,0,1,0,0,0,0,"354781,632","5646150,696",6.932654475,50.9486603,trocken,"5,21E+18",PKW
31917,5,3,15,0,2021,September,13,Samstag,Unfall mit Schwerverletzten,Abkommen von Fahrbahn nach links,Fahrunfall,Tageslicht,0,0,0,0,0,1,"350764,4884","5653218,011",6.872605951,51.01114358,trocken,"5,21E+18",Sonstige
31924,5,3,15,0,2021,Oktober,19,Sonntag,Unfall mit Leichtverletzten,Zusammenstoß mit vorausfahrendem / wartendem Fahrzeug,Abbiegeunfall,Dunkelheit,0,1,0,0,0,0,"355710,005","5640037,755",6.948280294,50.89395738,trocken,"5,21E+18",PKW
31925,5,3,15,0,2021,April,8,Dienstag,Unfall mit Leichtverletzten,Zusammenstoß mit einbiegendem / kreuzendem Fahrzeug,Abbiegeunfall,Tageslicht,1,0,0,0,0,1,"356114,0838","5644639,519",6.952207301,50.93541373,trocken,"5,21E+18","Rad, Sonstige"
31927,5,3,15,0,2021,Juni,7,Samstag,Unfall mit Leichtverletzten,Abkommen von Fahrbahn nach links,Fahrunfall,Tageslicht,0,0,0,0,0,1,"355242,6098","5641306,523",6.941135814,50.90524265,trocken,"5,21E+18",Sonstige
31933,5,3,15,0,2021,März,18,Samstag,Unfall mit Leichtverletzten,Zusammenstoß mit vorausfahrendem / wartendem Fahrzeug,Abbiegeunfall,Dämmerung,0,1,0,0,0,0,"349317,6834","5649469,393",6.853551969,50.97708058,nass/feucht,"5,21E+18",PKW
31935,5,3,15,0,2021,Mai,20,Sonntag,Unfall mit Leichtverletzten,Zusammenstoß mit seitlich in gleicher Richtung fahrendem Fahrzeug,Unfall im Längsverkehr,Dämmerung,1,0,0,0,0,1,"357212,0916","5635109,769",6.971548677,50.85004263,nass/feucht,"5,21E+18","Rad, Sonstige"
31938,5,3,15,0,2021,November,17,Sonntag,Unfall mit Leichtverletzten,Zusammenstoß mit einbiegendem / kreuzendem Fahrzeug,Einbiegen / Kreuzen-Unfall,Dunkelheit,1,1,0,0,0,0,"354168,2954","5644820,454",6.924461615,50.936551,trocken,"5,21E+18","Rad, PKW"
31942,5,3,15,0,2021,Oktober,15,Samstag,Unfall mit Schwerverletzten,Unfall anderer Art,Überschreiten-Unfall,Tageslicht,1,0,1,0,0,0,"351083,0671","5651822,458",6.877716596,50.99868527,trocken,"5,21E+18","Rad, Fuss"
31946,5,3,15,0,2021,Februar,17,Samstag,Unfall mit Schwerverletzten,Zusammenstoß mit einbiegendem / kreuzendem Fahrzeug,Abbiegeunfall,Dämmerung,0,1,0,0,0,0,"353213,6934","5641509,16",6.91221767,50.90655139,trocken,"5,21E+18",PKW
31951,5,3,15,0,2021,Dezember,1,Donnerstag,Unfall mit Leichtverletzten,Abkommen von Fahrbahn nach rechts,Fahrunfall,Dunkelheit,0,1,0,0,0,0,"354506,1477","5637527,463",6.932173241,50.87109583,trocken,"5,21E+18",PKW
31956,5,3,15,0,2021,Juli,14,Donnerstag,Unfall mit Schwerverletzten,Zusammenstoß zwischen Fahrzeug und Fußgänger,Sonstiger Unfall,Tageslicht,0,1,1,0,0,0,"356392,989","5644604,782",6.956187682,50.93517107,trocken,"5,21E+18","Fuss, PKW"
31959,5,3,15,0,2021,Juni,15,Donnerstag,Unfall mit Schwerverletzten,Zusammenstoß mit einbiegendem / kreuzendem Fahrzeug,Abbiegeunfall,Tageslicht,1,1,0,0,0,0,"352084,7476","5643626,058",6.895313605,50.92528688,trocken,"5,21E+18","Rad, PKW"
31960,5,3,15,0,2021,Oktober,7,Freitag,Unfall mit Leichtverletzten,Zusammenstoß mit seitlich in gleicher Richtung fahrendem Fahrzeug,Unfall im Längsverkehr,Dämmerung,0,1,0,1,0,0,"355844,3526","5646783,742",6.947522416,50.9546161,trocken,"5,21E+18","Krad, PKW"
31961,5,3,15,0,2021,Januar,17,Samstag,Unfall mit Leichtverletzten,Zusammenstoß mit einbiegendem / kreuzendem Fahrzeug,Abbiegeunfall,Dunkelheit,1,1,0,0,0,0,"354467,255","5645760,332",6.928338091,50.94507293,trocken,"5,21E+18","Rad, PKW"
31963,5,3,15,0,2021,Mai,13,Donnerstag,Unfall mit Leichtverletzten,Zusammenstoß mit seitlich in gleicher Richtung fahrendem Fahrzeug,Unfall im Längsverkehr,Tageslicht,0,1,0,0,0,0,"353654,4653","5642550,506",6.91806484,50.91602156,nass/feucht,"5,21E+18",PKW
31970,5,3,15,0,2021,September,18,Dienstag,Unfall mit Leichtverletzten,Abkommen von Fahrbahn nach links,Fahrunfall,Tageslicht,0,1,0,0,0,0,"357948,0126","5644059,606",6.978516428,50.93065669,trocken,"5,21E+18",PKW
31972,5,3,15,0,2021,November,18,Montag,Unfall mit Leichtverletzten,Zusammenstoß mit einbiegendem / kreuzendem Fahrzeug,Abbiegeunfall,Dunkelheit,1,1,0,0,0,0,"353001,4068","5644261,175",6.908091337,50.93122872,trocken,"5,21E+18","Rad, PKW"