OBJECTID,ULAND,UREGBEZ,UKREIS,UGEMEINDE,UJAHR,UMONAT,USTUNDE,UWOCHENTAG,UKATEGORIE,UART,UTYP1,ULICHTVERH,IstRad,IstPKW,IstFuss,IstKrad,IstGkfz,IstSonstige,LINREFX,LINREFY,XGCSWGS84,YGCSWGS84,USTRZUSTAND,UIDENTSTLAE,Participants
31974,5,3,15,0,2021,Dezember,14,Donnerstag,Unfall mit Leichtverletzten,Zusammenstoß mit anfahrendem/ anhaltendem/ruhendem Fahrzeug,Unfall durch ruhenden Verkehr,Tageslicht,1,1,0,0,0,0,"355847,2178","5643512,554",6.948857519,50.92521924,trocken,"5,21E+18","Rad, PKW"
31976,5,3,15,0,2021,März,11,Samstag,Unfall mit Leichtverletzten,Zusammenstoß mit vorausfahrendem / wartendem Fahrzeug,Unfall im Längsverkehr,Tageslicht,0,1,0,0,0,0,"354545,5964","5647132,202",6.928904432,50.95742128,trocken,"5,21E+18",PKW
31979,5,3,15,0,2021,Juni,18,Samstag,Unfall mit Leichtverletzten,Zusammenstoß mit vorausfahrendem / wartendem Fahrzeug,Unfall im Längsverkehr,Tageslicht,0,1,0,0,0,0,"351196,0764","5651238,657",6.879565176,50.99346827,trocken,"5,21E+18",PKW
31984,5,3,15,0,2021,Juli,21,Dienstag,Unfall mit Schwerverletzten,Abkommen von Fahrbahn nach rechts,Fahrunfall,Tageslicht,0,0,0,1,0,0,"357489,05","5644927,35",6.971650153,50.93834187,trocken,"5,21E+18",Krad
31987,5,3,15,0,2021,Oktober,19,Sonntag,Unfall mit Leichtverletzten,Zusammenstoß zwischen Fahrzeug und Fußgänger,Fahrunfall,Dunkelheit,0,0,1,0,0,1,"354182,3745","5647140,908",6.923732727,50.95740773,nass/feucht,"5,21E+18","Fuss, Sonstige"
31989,5,3,15,0,2021,Dezember,13,Mittwoch,Unfall mit Schwerverletzten,Zusammenstoß zwischen Fahrzeug und Fußgänger,Überschreiten-Unfall,Tageslicht,0,1,1,0,0,0,"355025,8056","5644248,224",6.936885211,50.93162471,nass/feucht,"5,21E+18","Fuss, PKW"
31994,5,3,15,0,2021,September,14,Sonntag,Unfall mit Leichtverletzten,Zusammenstoß mit einbiegendem / kreuzendem Fahrzeug,Sonstiger Unfall,Tageslicht,1,1,0,0,0,0,"353329,8712","5646718,667",6.911772843,50.95339686,trocken,"5,21E+18","Rad, PKW"
31995,5,3,15,0,2021,Juni,14,Sonntag,Unfall mit Leichtverletzten,Zusammenstoß mit einbiegendem / kreuzendem Fahrzeug,Einbiegen / Kreuzen-Unfall,Tageslicht,0,1,0,0,0,0,"352682,6434","5649947,456",6.901256804,50.98224736,trocken,"5,21E+18",PKW
31997,5,3,15,0,2021,November,15,Mittwoch,Unfall mit Leichtverletzten,Unfall anderer Art,Sonstiger Unfall,Tageslicht,0,1,0,0,0,0,"353433,743","5641240,742",6.915453052,50.90419511,nass/feucht,"5,21E+18",PKW
31998,5,3,15,0,2021,März,16,Mittwoch,Unfall mit Leichtverletzten,Zusammenstoß mit vorausfahrendem / wartendem Fahrzeug,Unfall im Längsverkehr,Tageslicht,0,1,0,0,0,0,"351616,9202","5644091,298",6.888472363,50.92934762,trocken,"5,21E+18",PKW
32001,5,3,15,0,2021,Dezember,21,Sonntag,Unfall mit Leichtverletzten,Zusammenstoß mit vorausfahrendem / wartendem Fahrzeug,Unfall im Längsverkehr,Dunkelheit,0,1,0,0,0,0,"351374,7006","5644776,758",6.884748514,50.93544513,nass/feucht,"5,21E+18",PKW
32002,5,3,15,0,2021,März,20,Donnerstag,Unfall mit Leichtverletzten,Zusammenstoß mit vorausfahrendem / wartendem Fahrzeug,Sonstiger Unfall,Dunkelheit,0,1,0,0,0,1,"357050,5236","5638816,542",6.967806588,50.88331568,trocken,"5,21E+18","PKW, Sonstige"
32003,5,3,15,0,2021,Februar,1,Montag,Unfall mit Schwerverletzten,Abkommen von Fahrbahn nach links,Fahrunfall,Dunkelheit,0,1,0,0,0,0,"350393,5662","5648525,828",6.869254587,50.96888192,trocken,"5,21E+18",PKW
32005,5,3,15,0,2021,März,13,Sonntag,Unfall mit Leichtverletzten,Zusammenstoß mit seitlich in gleicher Richtung fahrendem Fahrzeug,Sonstiger Unfall,Tageslicht,0,0,0,0,0,1,"356392,989","5644604,782",6.956187682,50.93517107,trocken,"5,21E+18",Sonstige
32010,5,3,15,0,2021,September,17,Donnerstag,Unfall mit Leichtverletzten,Zusammenstoß mit einbiegendem / kreuzendem Fahrzeug,Abbiegeunfall,Tageslicht,1,1,0,0,0,0,"354486,1792","5647384,847",6.927957976,50.95967672,trocken,"5,21E+18","Rad, PKW"
32011,5,3,15,0,2021,Oktober,20,Samstag,Unfall mit Leichtverletzten,Zusammenstoß mit vorausfahrendem / wartendem Fahrzeug,Unfall im Längsverkehr,Dämmerung,0,0,0,0,0,1,"355270,0927","5645233,008",6.939968103,50.94053609,trocken,"5,21E+18",Sonstige
32026,5,3,15,0,2021,April,16,Mittwoch,Unfall mit Leichtverletzten,Unfall anderer Art,Einbiegen / Kreuzen-Unfall,Tageslicht,1,0,0,0,0,0,"354965,591","5645432,188",6.935557644,50.94224956,trocken,"5,21E+18",Rad
32030,5,3,15,0,2021,Dezember,19,Freitag,Unfall mit Schwerverletzten,Zusammenstoß mit einbiegendem / kreuzendem Fahrzeug,Abbiegeunfall,Dunkelheit,0,0,0,0,1,1,"347287,458","5645241,71",6.826427726,50.93855546,nass/feucht,"5,21E+18","Gkfz, Sonstige"
32033,5,3,15,0,2021,Juni,22,Freitag,Unfall mit Leichtverletzten,Zusammenstoß mit seitlich in gleicher Richtung fahrendem Fahrzeug,Sonstiger Unfall,Dämmerung,0,0,0,1,0,1,"356042,006","5644117,409",6.951388414,50.93070362,trocken,"5,21E+18","Krad, Sonstige"
32041,5,3,15,0,2021,November,13,Dienstag,Unfall mit Leichtverletzten,Unfall anderer Art,Fahrunfall,Tageslicht,1,0,0,0,0,0,"356494,1769","5651679,167",6.954835879,50.99877252,trocken,"5,21E+18",Rad
32055,5,3,15,0,2021,September,14,Samstag,Unfall mit Leichtverletzten,Unfall anderer Art,Fahrunfall,Tageslicht,1,0,0,0,0,0,"357252,465","5642726,145",6.969147029,50.91850122,trocken,"5,21E+18",Rad
32062,5,3,15,0,2021,Oktober,17,Donnerstag,Unfall mit Leichtverletzten,Zusammenstoß mit einbiegendem / kreuzendem Fahrzeug,Abbiegeunfall,Tageslicht,0,1,0,0,0,0,"354856,5458","5644406,469",6.934415145,50.93300425,nass/feucht,"5,21E+18",PKW
32064,5,3,15,0,2021,Mai,15,Freitag,Unfall mit Schwerverletzten,Zusammenstoß mit vorausfahrendem / wartendem Fahrzeug,Unfall im Längsverkehr,Tageslicht,0,1,0,0,1,0,"350806,5517","5653144,998",6.873235155,51.01049838,trocken,"5,21E+18","PKW, Gkfz"
32070,5,3,15,0,2021,April,10,Mittwoch,Unfall mit Leichtverletzten,Zusammenstoß zwischen Fahrzeug und Fußgänger,Unfall im Längsverkehr,Tageslicht,1,0,1,0,0,0,"356299,7669","5647981,779",6.953529049,50.96549638,trocken,"5,21E+18","Rad, Fuss"
32072,5,3,15,0,2021,November,6,Dienstag,Unfall mit Leichtverletzten,Zusammenstoß mit seitlich in gleicher Richtung fahrendem Fahrzeug,Unfall im Längsverkehr,Dämmerung,0,1,0,0,1,0,"351356,664","5652438,782",6.881360551,51.00429451,trocken,"5,21E+18","PKW, Gkfz"
32077,5,3,15,0,2021,März,15,Mittwoch,Unfall mit Leichtverletzten,Zusammenstoß mit seitlich in gleicher Richtung fahrendem Fahrzeug,Unfall im Längsverkehr,Tageslicht,0,1,0,0,0,0,"357633,0233","5646910,275",6.972922738,50.95619788,nass/feucht,"5,21E+18",PKW
32080,5,3,15,0,2021,Juni,14,Mittwoch,Unfall mit Leichtverletzten,Zusammenstoß mit vorausfahrendem / wartendem Fahrzeug,Unfall im Längsverkehr,Tageslicht,0,1,0,0,0,0,"354233,4829","5644325,441",6.925586736,50.93211894,trocken,"5,21E+18",PKW
32088,5,3,15,0,2021,September,12,Dienstag,Unfall mit Leichtverletzten,Zusammenstoß mit einbiegendem / kreuzendem Fahrzeug,Abbiegeunfall,Tageslicht,0,1,0,0,0,0,"353379,6704","5645783,459",6.912857932,50.94500519,trocken,"5,21E+18",PKW
32090,5,3,15,0,2021,Mai,16,Donnerstag,Unfall mit Leichtverletzten,Zusammenstoß mit vorausfahrendem / wartendem Fahrzeug,Unfall im Längsverkehr,Tageslicht,0,1,0,0,0,1,"353874,7349","5653196,762",6.916920257,51.01175123,trocken,"5,21E+18","PKW, Sonstige"
32091,5,3,15,0,2021,Mai,14,Dienstag,Unfall mit Leichtverletzten,Zusammenstoß mit seitlich in gleicher Richtung fahrendem Fahrzeug,Abbiegeunfall,Tageslicht,0,1,0,0,1,0,"352069,098","5651066,327",6.892066761,50.9921447,nass/feucht,"5,21E+18","PKW, Gkfz"
32092,5,3,15,0,2021,Mai,17,Mittwoch,Unfall mit Leichtverletzten,Abkommen von Fahrbahn nach links,Fahrunfall,Tageslicht,0,1,0,0,0,0,"355619,886","5648502,695",6.943646581,50.97000774,nass/feucht,"5,21E+18",PKW
32094,5,3,15,0,2021,Februar,13,Montag,Unfall mit Leichtverletzten,Zusammenstoß mit seitlich in gleicher Richtung fahrendem Fahrzeug,Abbiegeunfall,Tageslicht,0,1,0,0,0,1,"354702,4342","5643067,534",6.932757056,50.92093277,trocken,"5,21E+18","PKW, Sonstige"
32095,5,3,15,0,2021,November,15,Dienstag,Unfall mit Leichtverletzten,Zusammenstoß mit entgegenkommendem Fahrzeug,Abbiegeunfall,Tageslicht,0,1,0,1,0,0,"350502,773","5652072,549",6.869349691,51.00078219,trocken,"5,21E+18","Krad, PKW"
32097,5,3,15,0,2021,April,16,Mittwoch,Unfall mit Leichtverletzten,Zusammenstoß mit einbiegendem / kreuzendem Fahrzeug,Einbiegen / Kreuzen-Unfall,Tageslicht,0,1,0,0,0,0,"356575,5243","5647103,086",6.957799861,50.95766842,nass/feucht,"5,21E+18",PKW
32102,5,3,15,0,2021,Dezember,16,Dienstag,Unfall mit Leichtverletzten,Zusammenstoß zwischen Fahrzeug und Fußgänger,Überschreiten-Unfall,Dunkelheit,0,0,1,1,0,0,"355868,8664","5644657,412",6.948712666,50.9355133,trocken,"5,21E+18","Fuss, Krad"
32103,5,3,15,0,2021,September,11,Dienstag,Unfall mit Leichtverletzten,Zusammenstoß mit einbiegendem / kreuzendem Fahrzeug,Abbiegeunfall,Tageslicht,1,1,0,0,0,0,"356237,041","5648466,168",6.952444917,50.96983384,trocken,"5,21E+18","Rad, PKW"
32104,5,3,15,0,2021,Mai,8,Samstag,Unfall mit Schwerverletzten,Zusammenstoß mit seitlich in gleicher Richtung fahrendem Fahrzeug,Abbiegeunfall,Tageslicht,0,1,0,0,0,1,"354411,0799","5642616,142",6.928794828,50.91680279,trocken,"5,21E+18","PKW, Sonstige"
32105,5,3,15,0,2021,April,18,Samstag,Unfall mit Leichtverletzten,Zusammenstoß mit vorausfahrendem / wartendem Fahrzeug,Unfall im Längsverkehr,Tageslicht,0,1,0,1,0,0,"355362,6934","5646700,725",6.940702301,50.95374937,trocken,"5,21E+18","Krad, PKW"
32106,5,3,15,0,2021,Juni,1,Sonntag,Unfall mit Schwerverletzten,Unfall anderer Art,Fahrunfall,Dunkelheit,0,0,0,0,0,1,"353881,0252","5646655,83",6.91963962,50.95297217,nass/feucht,"5,21E+18",Sonstige
32109,5,3,15,0,2021,November,9,Donnerstag,Unfall mit Leichtverletzten,Zusammenstoß zwischen Fahrzeug und Fußgänger,Abbiegeunfall,Tageslicht,0,1,1,0,0,0,"356779,0168","5638449,069",6.964093386,50.87994596,nass/feucht,"5,21E+18","Fuss, PKW"
32110,5,3,15,0,2021,September,13,Donnerstag,Unfall mit Leichtverletzten,Zusammenstoß mit einbiegendem / kreuzendem Fahrzeug,Einbiegen / Kreuzen-Unfall,Tageslicht,1,1,0,0,0,0,"358301,506","5644791,37",6.983258992,50.93732003,trocken,"5,21E+18","Rad, PKW"
32118,5,3,15,0,2021,April,9,Freitag,Unfall mit Leichtverletzten,Unfall anderer Art,Einbiegen / Kreuzen-Unfall,Tageslicht,1,1,0,0,0,0,"355035,2259","5643522,591",6.937307721,50.92510597,trocken,"5,21E+18","Rad, PKW"
32121,5,3,15,0,2021,März,15,Donnerstag,Unfall mit Leichtverletzten,Zusammenstoß mit einbiegendem / kreuzendem Fahrzeug,Abbiegeunfall,Tageslicht,0,1,0,0,0,0,"347772,44","5645209,229",6.833338806,50.93839181,trocken,"5,21E+18",PKW
32128,5,3,15,0,2021,Mai,17,Sonntag,Unfall mit Leichtverletzten,Zusammenstoß mit entgegenkommendem Fahrzeug,Unfall im Längsverkehr,Tageslicht,1,0,0,0,0,0,"355556,3509","5648401,246",6.942782587,50.96908011,trocken,"5,21E+18",Rad
32130,5,3,15,0,2021,September,15,Samstag,Unfall mit Leichtverletzten,Zusammenstoß mit anfahrendem/ anhaltendem/ruhendem Fahrzeug,Fahrunfall,Tageslicht,0,1,0,0,0,0,"351268,6857","5645256,973",6.883044783,50.93973323,trocken,"5,21E+18",PKW
32134,5,3,15,0,2021,September,7,Freitag,Unfall mit Leichtverletzten,Zusammenstoß mit einbiegendem / kreuzendem Fahrzeug,Einbiegen / Kreuzen-Unfall,Tageslicht,1,1,0,0,0,0,"356333,5855","5641119,173",6.956715754,50.90383147,trocken,"5,21E+18","Rad, PKW"
32135,5,3,15,0,2021,September,15,Mittwoch,Unfall mit Leichtverletzten,Zusammenstoß mit einbiegendem / kreuzendem Fahrzeug,Sonstiger Unfall,Tageslicht,0,1,0,0,0,0,"357571,9023","5639982,135",6.974759286,50.89391969,trocken,"5,21E+18",PKW
32139,5,3,15,0,2021,Oktober,14,Samstag,Unfall mit Leichtverletzten,Zusammenstoß mit vorausfahrendem / wartendem Fahrzeug,Unfall im Längsverkehr,Tageslicht,0,1,0,0,0,0,"354465,7163","5647447,324",6.927641813,50.96023301,trocken,"5,21E+18",PKW
32141,5,3,15,0,2021,März,10,Dienstag,Unfall mit Leichtverletzten,Zusammenstoß mit vorausfahrendem / wartendem Fahrzeug,Unfall im Längsverkehr,Tageslicht,0,1,0,0,1,0,"353751,9705","5648556,026",6.917039779,50.97001576,trocken,"5,21E+18","PKW, Gkfz"
32143,5,3,15,0,2021,Juni,15,Dienstag,Unfall mit Leichtverletzten,Unfall anderer Art,Fahrunfall,Tageslicht,0,0,0,0,0,1,"356886,5934","5646241,916",6.962564688,50.95000653,trocken,"5,21E+18",Sonstige
32151,5,3,15,0,2021,Dezember,17,Freitag,Unfall mit Leichtverletzten,Zusammenstoß mit einbiegendem / kreuzendem Fahrzeug,Einbiegen / Kreuzen-Unfall,Dunkelheit,1,1,0,0,0,0,"352196,504","5647479,406",6.895339115,50.95994371,trocken,"5,21E+18","Rad, PKW"
32158,5,3,15,0,2021,Mai,17,Dienstag,Unfall mit Leichtverletzten,Zusammenstoß mit einbiegendem / kreuzendem Fahrzeug,Einbiegen / Kreuzen-Unfall,Tageslicht,1,1,0,0,0,0,"356834,067","5643849,77",6.962757407,50.92849551,trocken,"5,21E+18","Rad, PKW"
32159,5,3,15,0,2021,Juni,18,Dienstag,Unfall mit Leichtverletzten,Unfall anderer Art,Einbiegen / Kreuzen-Unfall,Tageslicht,1,1,0,0,0,0,"353237,3974","5645254,027",6.911047422,50.9402112,trocken,"5,21E+18","Rad, PKW"
32164,5,3,15,0,2021,April,13,Mittwoch,Unfall mit Leichtverletzten,Zusammenstoß mit einbiegendem / kreuzendem Fahrzeug,Einbiegen / Kreuzen-Unfall,Tageslicht,1,1,0,0,0,0,"356050,2741","5637754,681",6.954014626,50.87352444,trocken,"5,21E+18","Rad, PKW"
32165,5,3,15,0,2021,Oktober,5,Samstag,Unfall mit Leichtverletzten,Abkommen von Fahrbahn nach links,Sonstiger Unfall,Dunkelheit,0,1,0,0,0,0,"351378,0578","5650721,416",6.882368111,50.98886718,trocken,"5,21E+18",PKW
32168,5,3,15,0,2021,Januar,9,Freitag,Unfall mit Leichtverletzten,Zusammenstoß mit vorausfahrendem / wartendem Fahrzeug,Unfall im Längsverkehr,Tageslicht,0,1,0,0,0,0,"358274,4256","5643037,513",6.983555697,50.9215514,trocken,"5,21E+18",PKW
32171,5,3,15,0,2021,November,7,Samstag,Unfall mit Leichtverletzten,Zusammenstoß mit vorausfahrendem / wartendem Fahrzeug,Unfall im Längsverkehr,Tageslicht,0,1,0,0,0,1,"348615,0343","5649899,731",6.843371187,50.98076338,trocken,"5,21E+18","PKW, Sonstige"
32172,5,3,15,0,2021,November,9,Donnerstag,Unfall mit Leichtverletzten,Zusammenstoß mit vorausfahrendem / wartendem Fahrzeug,Unfall im Längsverkehr,Tageslicht,0,1,0,0,0,0,"357490,992","5639265,196",6.973889216,50.88745656,trocken,"5,21E+18",PKW
32173,5,3,15,0,2021,April,10,Samstag,Unfall mit Leichtverletzten,Zusammenstoß mit vorausfahrendem / wartendem Fahrzeug,Unfall im Längsverkehr,Tageslicht,0,1,0,0,1,0,"349075,415","5649361,404",6.850148316,50.97604673,trocken,"5,21E+18","PKW, Gkfz"
32175,5,3,15,0,2021,Juli,0,Freitag,Unfall mit Leichtverletzten,Unfall anderer Art,Fahrunfall,Tageslicht,0,0,0,0,0,1,"355636,1069","5643661,478",6.945796731,50.9265048,trocken,"5,21E+18",Sonstige
32176,5,3,15,0,2021,November,12,Donnerstag,Unfall mit Leichtverletzten,Zusammenstoß mit vorausfahrendem / wartendem Fahrzeug,Abbiegeunfall,Tageslicht,0,1,0,0,0,0,"354348,609","5645495,487",6.926756251,50.94266289,nass/feucht,"5,21E+18",PKW
32181,5,3,15,0,2021,September,5,Mittwoch,Unfall mit Leichtverletzten,Zusammenstoß mit vorausfahrendem / wartendem Fahrzeug,Unfall im Längsverkehr,Dunkelheit,0,1,0,0,0,0,"350147,7802","5648755,247",6.86566209,50.97087967,trocken,"5,21E+18",PKW
32186,5,3,15,0,2021,Mai,20,Sonntag,Unfall mit Leichtverletzten,Unfall anderer Art,Fahrunfall,Dämmerung,1,0,0,0,0,0,"353412,1121","5646629,386",6.912978873,50.95261546,trocken,"5,21E+18",Rad
32188,5,3,15,0,2021,Mai,6,Freitag,Unfall mit Leichtverletzten,Unfall anderer Art,Fahrunfall,Tageslicht,0,0,0,0,0,1,"353679,7167","5646378,607",6.916886941,50.9504298,trocken,"5,21E+18",Sonstige
32190,5,3,15,0,2021,Dezember,13,Sonntag,Unfall mit Leichtverletzten,Zusammenstoß mit seitlich in gleicher Richtung fahrendem Fahrzeug,Abbiegeunfall,Tageslicht,1,0,0,0,0,1,"353978,0666","5646092,505",6.921246189,50.94793436,trocken,"5,21E+18","Rad, Sonstige"
32203,5,3,15,0,2021,Juli,12,Dienstag,Unfall mit Leichtverletzten,Zusammenstoß zwischen Fahrzeug und Fußgänger,Überschreiten-Unfall,Tageslicht,0,1,1,0,0,0,"352969,9342","5643834,835",6.907815731,50.92738934,trocken,"5,21E+18","Fuss, PKW"
32207,5,3,15,0,2021,Juni,5,Montag,Unfall mit Leichtverletzten,Unfall anderer Art,Fahrunfall,Dämmerung,0,0,0,0,0,1,"354903,7557","5644361,762",6.935104337,50.93261436,trocken,"5,21E+18",Sonstige
32226,5,3,15,0,2021,Mai,14,Samstag,Unfall mit Leichtverletzten,Zusammenstoß mit vorausfahrendem / wartendem Fahrzeug,Unfall im Längsverkehr,Tageslicht,0,1,0,0,0,0,"349044,0023","5647398,972",6.850515585,50.95840366,trocken,"5,21E+18",PKW
32235,5,3,15,0,2021,Oktober,10,Montag,Unfall mit Leichtverletzten,Zusammenstoß mit vorausfahrendem / wartendem Fahrzeug,Unfall im Längsverkehr,Tageslicht,1,1,0,0,0,0,"348108,7973","5652640,73",6.835018614,51.00526092,trocken,"5,21E+18","Rad, PKW"
32240,5,3,15,0,2021,Dezember,9,Donnerstag,Unfall mit Leichtverletzten,Unfall anderer Art,Fahrunfall,Tageslicht,1,0,0,0,0,0,"352778,1018","5647076,605",6.90377783,50.95647281,trocken,"5,21E+18",Rad
32242,5,3,15,0,2021,Mai,18,Donnerstag,Unfall mit Leichtverletzten,Unfall anderer Art,Abbiegeunfall,Tageslicht,1,1,0,0,0,0,"353864,2997","5644333,556",6.920333306,50.93209845,nass/feucht,"5,21E+18","Rad, PKW"
32248,5,3,15,0,2021,März,10,Freitag,Unfall mit Leichtverletzten,Unfall anderer Art,Unfall durch ruhenden Verkehr,Tageslicht,1,1,0,0,0,1,"353155,5861","5645089,948",6.909949918,50.93871585,trocken,"5,21E+18","Rad, PKW, Sonstige"
32249,5,3,15,0,2021,Mai,5,Sonntag,Unfall mit Leichtverletzten,Abkommen von Fahrbahn nach links,Fahrunfall,Tageslicht,0,1,0,0,0,0,"352688,9504","5656709,476",6.898601035,51.04301542,trocken,"5,21E+18",PKW
32251,5,3,15,0,2021,Januar,17,Samstag,Unfall mit Leichtverletzten,Zusammenstoß mit seitlich in gleicher Richtung fahrendem Fahrzeug,Abbiegeunfall,Dämmerung,1,1,0,0,0,0,"356304,445","5647931,788",6.953615372,50.96504829,trocken,"5,21E+18","Rad, PKW"
32252,5,3,15,0,2021,November,7,Mittwoch,Unfall mit Leichtverletzten,Zusammenstoß mit seitlich in gleicher Richtung fahrendem Fahrzeug,Unfall im Längsverkehr,Tageslicht,1,0,0,0,0,0,"354508,2154","5643625,886",6.929772937,50.9259016,trocken,"5,21E+18",Rad
32253,5,3,15,0,2021,Mai,20,Samstag,Unfall mit Leichtverletzten,Zusammenstoß mit einbiegendem / kreuzendem Fahrzeug,Abbiegeunfall,Dunkelheit,0,1,0,0,0,0,"353843,1934","5642330,884",6.920835808,50.9140957,trocken,"5,21E+18",PKW
32259,5,3,15,0,2021,September,13,Sonntag,Unfall mit Schwerverletzten,Unfall anderer Art,Fahrunfall,Tageslicht,1,0,0,0,0,0,"348604,4903","5657255,656",6.840151402,51.04686164,trocken,"5,21E+18",Rad
32260,5,3,15,0,2021,November,17,Dienstag,Unfall mit Leichtverletzten,Unfall anderer Art,Sonstiger Unfall,Dunkelheit,1,0,1,0,0,0,"357390,8829","5641199,035",6.971711776,50.90481132,trocken,"5,21E+18","Rad, Fuss"
32265,5,3,15,0,2021,März,10,Mittwoch,Unfall mit Leichtverletzten,Unfall anderer Art,Sonstiger Unfall,Tageslicht,0,0,0,0,0,1,"355289,948","5648290,896",6.93903491,50.96802156,trocken,"5,21E+18",Sonstige
32271,5,3,15,0,2021,Oktober,15,Sonntag,Unfall mit Leichtverletzten,Unfall anderer Art,Fahrunfall,Tageslicht,0,0,0,0,0,1,"353370,0479","5644070,568",6.913410346,50.92960963,trocken,"5,21E+18",Sonstige
32272,5,3,15,0,2021,Oktober,14,Dienstag,Unfall mit Leichtverletzten,Zusammenstoß mit seitlich in gleicher Richtung fahrendem Fahrzeug,Abbiegeunfall,Tageslicht,1,1,0,0,0,0,"352733,9659","5647101,41",6.903139814,50.95668445,trocken,"5,21E+18","Rad, PKW"
32274,5,3,15,0,2021,Dezember,7,Dienstag,Unfall mit Leichtverletzten,Zusammenstoß mit einbiegendem / kreuzendem Fahrzeug,Einbiegen / Kreuzen-Unfall,Dunkelheit,1,1,0,0,0,0,"353571,4339","5642661,596",6.916839865,50.91699883,nass/feucht,"5,21E+18","Rad, PKW"
32276,5,3,15,0,2021,Oktober,9,Mittwoch,Unfall mit Leichtverletzten,Abkommen von Fahrbahn nach links,Fahrunfall,Tageslicht,0,1,0,0,0,0,"355537,1434","5648351,117",6.942529127,50.9686248,trocken,"5,21E+18",PKW
32285,5,3,15,0,2021,Oktober,17,Dienstag,Unfall mit Leichtverletzten,Zusammenstoß mit vorausfahrendem / wartendem Fahrzeug,Abbiegeunfall,Dunkelheit,0,1,0,0,0,0,"353044,497","5643882,872",6.908856614,50.92784004,nass/feucht,"5,21E+18",PKW
32286,5,3,15,0,2021,März,6,Donnerstag,Unfall mit Schwerverletzten,Unfall anderer Art,Fahrunfall,Dunkelheit,0,0,0,1,0,0,"352235,4171","5643678,816",6.897434557,50.9257996,trocken,"5,21E+18",Krad
32290,5,3,15,0,2021,September,11,Dienstag,Unfall mit Leichtverletzten,Unfall anderer Art,Fahrunfall,Tageslicht,0,1,0,0,0,0,"355355,268","5644710,425",6.941387079,50.93586113,trocken,"5,21E+18",PKW
32291,5,3,15,0,2021,September,15,Freitag,Unfall mit Leichtverletzten,Zusammenstoß mit einbiegendem / kreuzendem Fahrzeug,Abbiegeunfall,Tageslicht,0,1,0,0,0,1,"353681,3302","5642555,158",6.918444888,50.91607018,trocken,"5,21E+18","PKW, Sonstige"
32295,5,3,15,0,2021,September,13,Dienstag,Unfall mit Leichtverletzten,Unfall anderer Art,Unfall im Längsverkehr,Tageslicht,0,1,0,1,0,0,"358000,8219","5641095,394",6.980421304,50.90403023,trocken,"5,21E+18","Krad, PKW"
32299,5,3,15,0,2021,September,9,Donnerstag,Unfall mit Schwerverletzten,Unfall anderer Art,Einbiegen / Kreuzen-Unfall,Tageslicht,0,0,0,0,0,1,"348542,145","5645153,371",6.844308957,50.93809254,nass/feucht,"5,21E+18",Sonstige
32301,5,3,15,0,2021,Dezember,1,Sonntag,Unfall mit Leichtverletzten,Abkommen von Fahrbahn nach rechts,Überschreiten-Unfall,Dunkelheit,0,1,1,1,0,0,"354185,1586","5647145,058",6.923770679,50.95744572,nass/feucht,"5,21E+18","Fuss, Krad, PKW"
32303,5,3,15,0,2021,April,17,Freitag,Unfall mit Leichtverletzten,Zusammenstoß mit seitlich in gleicher Richtung fahrendem Fahrzeug,Unfall im Längsverkehr,Tageslicht,0,1,0,1,0,0,"355082,5127","5644787,988",6.937477012,50.9364897,trocken,"5,21E+18","Krad, PKW"
32305,5,3,15,0,2021,Oktober,15,Dienstag,Unfall mit Schwerverletzten,Unfall anderer Art,Unfall durch ruhenden Verkehr,Tageslicht,0,1,0,1,0,0,"350868,4274","5648429,411",6.876052274,50.96813861,trocken,"5,21E+18","Krad, PKW"
32309,5,3,15,0,2021,September,21,Montag,Unfall mit Leichtverletzten,Zusammenstoß mit seitlich in gleicher Richtung fahrendem Fahrzeug,Unfall im Längsverkehr,Dunkelheit,0,1,0,0,0,0,"353437,3699","5649606,453",6.912138792,50.97937553,trocken,"5,21E+18",PKW
32312,5,3,15,0,2021,Juni,12,Freitag,Unfall mit Leichtverletzten,Zusammenstoß mit vorausfahrendem / wartendem Fahrzeug,Unfall im Längsverkehr,Tageslicht,0,1,0,0,0,0,"351651,7604","5641619,866",6.889972886,50.90714701,trocken,"5,21E+18",PKW
32315,5,3,15,0,2021,Juli,19,Montag,Unfall mit Leichtverletzten,Unfall anderer Art,Einbiegen / Kreuzen-Unfall,Tageslicht,1,1,0,0,0,0,"354698,1779","5645634,155",6.931673328,50.94399726,trocken,"5,21E+18","Rad, PKW"
32316,5,3,15,0,2021,Juni,16,Samstag,Unfall mit Leichtverletzten,Unfall anderer Art,Sonstiger Unfall,Tageslicht,0,0,0,1,0,0,"351287,9544","5645200,743",6.883341794,50.93923289,trocken,"5,21E+18",Krad
32326,5,3,15,0,2021,Mai,16,Samstag,Unfall mit Leichtverletzten,Unfall anderer Art,Sonstiger Unfall,Tageslicht,0,0,0,0,0,1,"354142,583","5636517,79",6.927412236,50.86193046,trocken,"5,21E+18",Sonstige
32328,5,3,15,0,2021,Mai,19,Sonntag,Unfall mit Leichtverletzten,Unfall anderer Art,Sonstiger Unfall,Tageslicht,1,0,0,0,0,0,"353694,3707","5646400,534",6.917086606,50.95063057,nass/feucht,"5,21E+18",Rad