OBJECTID,ULAND,UREGBEZ,UKREIS,UGEMEINDE,UJAHR,UMONAT,USTUNDE,UWOCHENTAG,UKATEGORIE,UART,UTYP1,ULICHTVERH,IstRad,IstPKW,IstFuss,IstKrad,IstGkfz,IstSonstige,LINREFX,LINREFY,XGCSWGS84,YGCSWGS84,USTRZUSTAND,UIDENTSTLAE,Participants
32330,5,3,15,0,2021,Mai,9,Sonntag,Unfall mit Leichtverletzten,Zusammenstoß mit entgegenkommendem Fahrzeug,Abbiegeunfall,Tageslicht,0,1,0,0,0,0,"357738,8437","5635001,837",6.979068688,50.84920242,trocken,"5,21E+18",PKW
32333,5,3,15,0,2021,Februar,16,Donnerstag,Unfall mit Leichtverletzten,Zusammenstoß mit vorausfahrendem / wartendem Fahrzeug,Unfall im Längsverkehr,Tageslicht,0,1,0,0,0,1,"357117,4026","5639179,39",6.968614852,50.88659314,trocken,"5,21E+18","PKW, Sonstige"
32345,5,3,15,0,2021,Oktober,15,Samstag,Unfall mit Leichtverletzten,Zusammenstoß mit vorausfahrendem / wartendem Fahrzeug,Unfall im Längsverkehr,Tageslicht,0,1,0,0,0,0,"353320,578","5652623,599",6.909257799,51.00645945,trocken,"5,21E+18",PKW
32346,5,3,15,0,2021,April,11,Mittwoch,Unfall mit Leichtverletzten,Zusammenstoß mit einbiegendem / kreuzendem Fahrzeug,Einbiegen / Kreuzen-Unfall,Tageslicht,0,1,0,1,0,0,"352456,8881","5644930,073",6.900077149,50.93710078,trocken,"5,21E+18","Krad, PKW"
32348,5,3,15,0,2021,Oktober,22,Samstag,Unfall mit Leichtverletzten,Zusammenstoß mit seitlich in gleicher Richtung fahrendem Fahrzeug,Unfall im Längsverkehr,Dunkelheit,0,1,0,0,0,0,"351799,6627","5651875,769",6.887899927,50.99934935,trocken,"5,21E+18",PKW
32349,5,3,15,0,2021,Mai,12,Montag,Unfall mit Leichtverletzten,Unfall anderer Art,Sonstiger Unfall,Tageslicht,1,0,0,0,0,0,"356287,4118","5648125,632",6.953296387,50.96678608,trocken,"5,21E+18",Rad
32351,5,3,15,0,2021,Juli,14,Freitag,Unfall mit Leichtverletzten,Zusammenstoß zwischen Fahrzeug und Fußgänger,Überschreiten-Unfall,Tageslicht,0,1,1,0,0,0,"357135,9866","5646224,324",6.966119685,50.9499103,trocken,"5,21E+18","Fuss, PKW"
32353,5,3,15,0,2021,Juni,15,Samstag,Unfall mit Leichtverletzten,Zusammenstoß mit einbiegendem / kreuzendem Fahrzeug,Einbiegen / Kreuzen-Unfall,Tageslicht,1,1,0,0,0,0,"349311,782","5645127,327",6.855265701,50.93806013,trocken,"5,21E+18","Rad, PKW"
32354,5,3,15,0,2021,Juni,7,Donnerstag,Unfall mit Leichtverletzten,Unfall anderer Art,Fahrunfall,Tageslicht,0,0,0,1,0,0,"356365,6051","5647283,471",6.954741693,50.95923723,trocken,"5,21E+18",Krad
32357,5,3,15,0,2021,Oktober,9,Mittwoch,Unfall mit Leichtverletzten,Zusammenstoß mit vorausfahrendem / wartendem Fahrzeug,Unfall im Längsverkehr,Tageslicht,0,1,0,0,1,0,"348883,5839","5645055,68",6.849205488,50.93730424,trocken,"5,21E+18","PKW, Gkfz"
32360,5,3,15,0,2021,Oktober,17,Montag,Unfall mit Leichtverletzten,Unfall anderer Art,Sonstiger Unfall,Tageslicht,1,1,0,0,0,0,"354382,0301","5645808,68",6.927106431,50.9454859,trocken,"5,21E+18","Rad, PKW"
32363,5,3,15,0,2021,Oktober,18,Mittwoch,Unfall mit Leichtverletzten,Zusammenstoß mit vorausfahrendem / wartendem Fahrzeug,Unfall im Längsverkehr,Dunkelheit,0,1,0,0,0,0,"354480,482","5641764,171",6.93012126,50.90916383,trocken,"5,21E+18",PKW
32364,5,3,15,0,2021,September,16,Freitag,Unfall mit Leichtverletzten,Zusammenstoß zwischen Fahrzeug und Fußgänger,Sonstiger Unfall,Tageslicht,0,0,1,0,0,1,"357921,6732","5644714,204",6.97788666,50.93653308,trocken,"5,21E+18","Fuss, Sonstige"
32370,5,3,15,0,2021,Februar,11,Sonntag,Unfall mit Schwerverletzten,Zusammenstoß mit einbiegendem / kreuzendem Fahrzeug,Einbiegen / Kreuzen-Unfall,Tageslicht,0,1,0,0,0,0,"353379,548","5645782,283",6.912856665,50.94499459,nass/feucht,"5,21E+18",PKW
32372,5,3,15,0,2021,Juli,22,Dienstag,Unfall mit Schwerverletzten,Unfall anderer Art,Fahrunfall,Dämmerung,1,0,0,0,0,0,"353656,9199","5646319,624",6.916586327,50.94989396,trocken,"5,21E+18",Rad
32385,5,3,15,0,2021,Februar,14,Samstag,Unfall mit Leichtverletzten,Zusammenstoß mit seitlich in gleicher Richtung fahrendem Fahrzeug,Abbiegeunfall,Tageslicht,0,1,0,1,0,0,"353819,3104","5646566,631",6.918797395,50.95215493,trocken,"5,21E+18","Krad, PKW"
32388,5,3,15,0,2021,September,17,Samstag,Unfall mit Leichtverletzten,Unfall anderer Art,Abbiegeunfall,Tageslicht,0,1,0,0,1,0,"358302,4671","5645567,668",6.982970713,50.94429687,trocken,"5,21E+18","PKW, Gkfz"
32389,5,3,15,0,2021,März,16,Freitag,Unfall mit Leichtverletzten,Unfall anderer Art,Abbiegeunfall,Tageslicht,1,1,0,0,0,0,"349111,162","5645119,899",6.85241551,50.93794092,trocken,"5,21E+18","Rad, PKW"
32394,5,3,15,0,2021,Dezember,17,Mittwoch,Unfall mit Leichtverletzten,Zusammenstoß mit vorausfahrendem / wartendem Fahrzeug,Unfall im Längsverkehr,Dunkelheit,0,1,0,0,0,0,"354170,8898","5644617,3",6.924579812,50.93472597,trocken,"5,21E+18",PKW
32396,5,3,15,0,2021,September,7,Dienstag,Unfall mit Leichtverletzten,Zusammenstoß mit seitlich in gleicher Richtung fahrendem Fahrzeug,Unfall im Längsverkehr,Tageslicht,0,1,0,0,0,1,"355188,168","5644777,985",6.938983674,50.93642634,trocken,"5,21E+18","PKW, Sonstige"
32403,5,3,15,0,2021,November,16,Freitag,Unfall mit Leichtverletzten,Zusammenstoß mit vorausfahrendem / wartendem Fahrzeug,Unfall im Längsverkehr,Dämmerung,0,1,0,0,0,0,"353681,056","5651909,252",6.914680279,51.00013175,trocken,"5,21E+18",PKW
32404,5,3,15,0,2021,März,11,Freitag,Unfall mit Leichtverletzten,Zusammenstoß mit vorausfahrendem / wartendem Fahrzeug,Unfall im Längsverkehr,Tageslicht,0,1,0,0,0,0,"351741,5541","5643568,405",6.89045728,50.92468068,trocken,"5,21E+18",PKW
32406,5,3,15,0,2021,Juni,13,Mittwoch,Unfall mit Leichtverletzten,Zusammenstoß mit einbiegendem / kreuzendem Fahrzeug,Einbiegen / Kreuzen-Unfall,Tageslicht,1,0,0,0,0,0,"354741,601","5644805,463",6.932621428,50.93656097,trocken,"5,21E+18",Rad
32417,5,3,15,0,2021,Juni,8,Dienstag,Unfall mit Leichtverletzten,Zusammenstoß mit vorausfahrendem / wartendem Fahrzeug,Unfall im Längsverkehr,Tageslicht,0,1,0,0,0,0,"354406,5701","5645619,521",6.927531132,50.94379218,nass/feucht,"5,21E+18",PKW
32418,5,3,15,0,2021,Februar,16,Mittwoch,Unfall mit Leichtverletzten,Unfall anderer Art,Unfall im Längsverkehr,Tageslicht,0,1,0,1,0,0,"355375,3492","5648312,933",6.940241593,50.96824105,nass/feucht,"5,21E+18","Krad, PKW"
32419,5,3,15,0,2021,Dezember,12,Mittwoch,Unfall mit Leichtverletzten,Unfall anderer Art,Sonstiger Unfall,Tageslicht,0,0,1,0,0,1,"353712,4342","5644260,576",6.918202914,50.93140411,trocken,"5,21E+18","Fuss, Sonstige"
32425,5,3,15,0,2021,März,17,Samstag,Unfall mit Leichtverletzten,Zusammenstoß mit vorausfahrendem / wartendem Fahrzeug,Unfall im Längsverkehr,Tageslicht,0,1,0,0,1,0,"357069,6781","5634795,037",6.969649736,50.84717894,trocken,"5,21E+18","PKW, Gkfz"
32426,5,3,15,0,2021,Juni,18,Montag,Unfall mit Leichtverletzten,Zusammenstoß mit anfahrendem/ anhaltendem/ruhendem Fahrzeug,Sonstiger Unfall,Tageslicht,0,1,0,0,0,0,"348571,3486","5643741,782",6.845310738,50.92541533,trocken,"5,21E+18",PKW
32429,5,3,15,0,2021,Mai,11,Donnerstag,Unfall mit Leichtverletzten,Zusammenstoß mit einbiegendem / kreuzendem Fahrzeug,Einbiegen / Kreuzen-Unfall,Tageslicht,1,1,0,0,0,0,"352951,3454","5643823,479",6.907555988,50.92728255,nass/feucht,"5,21E+18","Rad, PKW"
32432,5,3,15,0,2021,Dezember,18,Samstag,Unfall mit Schwerverletzten,Unfall anderer Art,Fahrunfall,Dunkelheit,0,0,0,1,0,0,"355596,09","5636325,323",6.948127836,50.8605656,nass/feucht,"5,21E+18",Krad
32433,5,3,15,0,2021,November,20,Samstag,Unfall mit Leichtverletzten,Zusammenstoß mit einbiegendem / kreuzendem Fahrzeug,Einbiegen / Kreuzen-Unfall,Dunkelheit,0,1,0,0,0,1,"356099,7838","5643386,009",6.952498752,50.92414505,nass/feucht,"5,21E+18","PKW, Sonstige"
32439,5,3,15,0,2021,Februar,11,Dienstag,Unfall mit Leichtverletzten,Zusammenstoß mit seitlich in gleicher Richtung fahrendem Fahrzeug,Unfall im Längsverkehr,Tageslicht,0,1,0,0,1,0,"349264,0527","5643425,716",6.855290527,50.92275647,nass/feucht,"5,21E+18","PKW, Gkfz"
32444,5,3,15,0,2021,April,9,Samstag,Unfall mit Leichtverletzten,Zusammenstoß mit vorausfahrendem / wartendem Fahrzeug,Unfall im Längsverkehr,Tageslicht,0,1,0,1,0,1,"354191,5935","5644968,751",6.924733629,50.93788958,trocken,"5,21E+18","Krad, PKW, Sonstige"
32446,5,3,15,0,2021,Dezember,22,Montag,Unfall mit Leichtverletzten,Unfall anderer Art,Fahrunfall,Dunkelheit,0,0,0,1,0,0,"355197,8695","5644855,935",6.939090677,50.93712929,nass/feucht,"5,21E+18",Krad
32454,5,3,15,0,2021,Dezember,16,Dienstag,Unfall mit Leichtverletzten,Unfall anderer Art,Abbiegeunfall,Dämmerung,1,1,0,0,0,0,"352728,673","5647104,595",6.903063215,50.95671172,trocken,"5,21E+18","Rad, PKW"
32456,5,3,15,0,2021,September,6,Samstag,Unfall mit Leichtverletzten,Unfall anderer Art,Fahrunfall,Tageslicht,0,0,0,1,0,0,"353655,747","5648666,701",6.915625736,50.97098592,nass/feucht,"5,21E+18",Krad
32460,5,3,15,0,2021,Dezember,17,Freitag,Unfall mit Schwerverletzten,Zusammenstoß mit vorausfahrendem / wartendem Fahrzeug,Unfall im Längsverkehr,Dunkelheit,0,1,0,0,0,1,"357091,8885","5639043,457",6.968305514,50.8853652,trocken,"5,21E+18","PKW, Sonstige"
32462,5,3,15,0,2021,Dezember,16,Sonntag,Unfall mit Leichtverletzten,Zusammenstoß zwischen Fahrzeug und Fußgänger,Sonstiger Unfall,Dämmerung,0,1,1,0,0,0,"349767,6091","5653566,242",6.858261553,51.01401333,nass/feucht,"5,21E+18","Fuss, PKW"
32463,5,3,15,0,2021,Juni,20,Dienstag,Unfall mit Leichtverletzten,Zusammenstoß mit einbiegendem / kreuzendem Fahrzeug,Einbiegen / Kreuzen-Unfall,Tageslicht,0,1,0,0,0,1,"356619,6289","5646263,489",6.958758127,50.95013406,trocken,"5,21E+18","PKW, Sonstige"
32464,5,3,15,0,2021,September,12,Montag,Unfall mit Leichtverletzten,Zusammenstoß mit vorausfahrendem / wartendem Fahrzeug,Unfall im Längsverkehr,Tageslicht,0,1,0,0,0,0,"357856,9362","5646655,695",6.976208183,50.95396525,trocken,"5,21E+18",PKW
32467,5,3,15,0,2021,Dezember,17,Dienstag,Unfall mit Leichtverletzten,Zusammenstoß mit einbiegendem / kreuzendem Fahrzeug,Abbiegeunfall,Dämmerung,1,1,0,0,0,0,"352180,4373","5643657,645",6.896661387,50.92559526,trocken,"5,21E+18","Rad, PKW"
32469,5,3,15,0,2021,Juni,13,Mittwoch,Unfall mit Schwerverletzten,Unfall anderer Art,Unfall im Längsverkehr,Tageslicht,1,0,0,0,0,0,"354580,468","5647450,002",6.929273626,50.96028605,trocken,"5,21E+18",Rad
32470,5,3,15,0,2021,Mai,11,Sonntag,Unfall mit Schwerverletzten,Unfall anderer Art,Fahrunfall,Tageslicht,1,0,0,0,0,0,"355308,9709","5644747,924",6.940713735,50.93618651,trocken,"5,21E+18",Rad
32471,5,3,15,0,2021,November,9,Freitag,Unfall mit Leichtverletzten,Unfall anderer Art,Sonstiger Unfall,Tageslicht,1,1,0,0,0,0,"353834,5187","5646195,181",6.919162881,50.94882069,trocken,"5,21E+18","Rad, PKW"
32474,5,3,15,0,2021,März,12,Donnerstag,Unfall mit Schwerverletzten,Zusammenstoß mit seitlich in gleicher Richtung fahrendem Fahrzeug,Unfall im Längsverkehr,Tageslicht,0,1,0,1,0,0,"358010,9077","5641080,518",6.980570441,50.90389902,trocken,"5,21E+18","Krad, PKW"
32475,5,3,15,0,2021,April,15,Mittwoch,Unfall mit Leichtverletzten,Unfall anderer Art,Unfall durch ruhenden Verkehr,Tageslicht,1,0,0,0,0,1,"349320,3997","5652173,607",6.852469054,51.00138189,trocken,"5,21E+18","Rad, Sonstige"
32484,5,3,15,0,2021,Februar,9,Freitag,Unfall mit Leichtverletzten,Unfall anderer Art,Abbiegeunfall,Tageslicht,1,1,0,0,0,0,"355038,269","5643524,007",6.937350427,50.92511946,trocken,"5,21E+18","Rad, PKW"
32495,5,3,15,0,2021,September,14,Donnerstag,Unfall mit Leichtverletzten,Zusammenstoß mit einbiegendem / kreuzendem Fahrzeug,Einbiegen / Kreuzen-Unfall,Tageslicht,1,1,0,0,0,0,"351948,179","5654646,008",6.888884601,51.02428199,nass/feucht,"5,21E+18","Rad, PKW"
32497,5,3,15,0,2021,Juni,13,Donnerstag,Unfall mit Leichtverletzten,Unfall anderer Art,Unfall im Längsverkehr,Tageslicht,1,0,0,0,0,1,"354732,9661","5644536,429",6.932605864,50.93414105,trocken,"5,21E+18","Rad, Sonstige"
32502,5,3,15,0,2021,Dezember,18,Mittwoch,Unfall mit Leichtverletzten,Zusammenstoß mit einbiegendem / kreuzendem Fahrzeug,Abbiegeunfall,Dunkelheit,1,1,0,0,0,0,"356467,481","5646911,281",6.956338133,50.9559178,nass/feucht,"5,21E+18","Rad, PKW"
32505,5,3,15,0,2021,Mai,18,Samstag,Unfall mit Leichtverletzten,Unfall anderer Art,Einbiegen / Kreuzen-Unfall,Tageslicht,1,0,0,0,0,0,"355819,6","5650330,347",6.945764194,50.98648241,nass/feucht,"5,21E+18",Rad
32507,5,3,15,0,2021,September,13,Samstag,Unfall mit Leichtverletzten,Zusammenstoß mit anfahrendem/ anhaltendem/ruhendem Fahrzeug,Abbiegeunfall,Tageslicht,0,1,0,1,0,0,"354260,7059","5640287,465",6.927586804,50.89583758,trocken,"5,21E+18","Krad, PKW"
32509,5,3,15,0,2021,Juni,16,Donnerstag,Unfall mit Schwerverletzten,Zusammenstoß mit seitlich in gleicher Richtung fahrendem Fahrzeug,Abbiegeunfall,Tageslicht,1,1,0,0,0,0,"353710,8556","5646425,2",6.917311221,50.95085642,trocken,"5,21E+18","Rad, PKW"
32513,5,3,15,0,2021,Juni,14,Dienstag,Unfall mit Leichtverletzten,Zusammenstoß mit einbiegendem / kreuzendem Fahrzeug,Einbiegen / Kreuzen-Unfall,Tageslicht,1,1,0,0,0,0,"348943,0941","5643031,295",6.850890635,50.91912814,trocken,"5,21E+18","Rad, PKW"
32520,5,3,15,0,2021,April,16,Freitag,Unfall mit Schwerverletzten,Zusammenstoß mit einbiegendem / kreuzendem Fahrzeug,Abbiegeunfall,Tageslicht,0,1,0,0,0,1,"353910,6505","5641939,556",6.921951421,50.91059604,trocken,"5,21E+18","PKW, Sonstige"
32522,5,3,15,0,2021,November,13,Samstag,Unfall mit Leichtverletzten,Zusammenstoß mit einbiegendem / kreuzendem Fahrzeug,Abbiegeunfall,Tageslicht,0,1,0,0,0,1,"354754,142","5638222,739",6.93541925,50.87740655,trocken,"5,21E+18","PKW, Sonstige"
32526,5,3,15,0,2021,Juli,0,Dienstag,Unfall mit Leichtverletzten,Abkommen von Fahrbahn nach links,Fahrunfall,Dunkelheit,0,0,0,1,0,0,"356859,06","5645349,546",6.962523709,50.94198007,trocken,"5,21E+18",Krad
32527,5,3,15,0,2021,Juni,21,Donnerstag,Unfall mit Leichtverletzten,Zusammenstoß mit einbiegendem / kreuzendem Fahrzeug,Abbiegeunfall,Tageslicht,0,1,0,0,0,1,"353202,917","5646839,563",6.909917856,50.95445099,trocken,"5,21E+18","PKW, Sonstige"
32533,5,3,15,0,2021,Dezember,22,Montag,Unfall mit Schwerverletzten,Zusammenstoß mit einbiegendem / kreuzendem Fahrzeug,Einbiegen / Kreuzen-Unfall,Dunkelheit,0,1,0,0,0,1,"356837,1092","5634873,796",6.966317489,50.84782924,nass/feucht,"5,21E+18","PKW, Sonstige"
32536,5,3,15,0,2021,Mai,18,Montag,Unfall mit Leichtverletzten,Zusammenstoß mit einbiegendem / kreuzendem Fahrzeug,Abbiegeunfall,Tageslicht,1,1,0,0,0,0,"356429,4721","5647046,356",6.955744038,50.95712223,trocken,"5,21E+18","Rad, PKW"
32539,5,3,15,0,2021,September,15,Samstag,Unfall mit Leichtverletzten,Zusammenstoß mit vorausfahrendem / wartendem Fahrzeug,Fahrunfall,Tageslicht,0,1,0,0,0,0,"348934,7062","5646149,399",6.849478984,50.94714606,trocken,"5,21E+18",PKW
32542,5,3,15,0,2021,Juni,13,Samstag,Unfall mit Leichtverletzten,Zusammenstoß mit einbiegendem / kreuzendem Fahrzeug,Einbiegen / Kreuzen-Unfall,Tageslicht,1,1,0,0,0,0,"354210,6849","5642331,728",6.926059582,50.91419624,trocken,"5,21E+18","Rad, PKW"
32543,5,3,15,0,2021,Oktober,19,Samstag,Unfall mit Leichtverletzten,Abkommen von Fahrbahn nach links,Fahrunfall,Dämmerung,0,0,0,0,1,0,"355506,4941","5654514,858",6.939640411,51.02400876,trocken,"5,21E+18",Gkfz
32545,5,3,15,0,2021,Oktober,17,Mittwoch,Unfall mit Leichtverletzten,Zusammenstoß mit einbiegendem / kreuzendem Fahrzeug,Einbiegen / Kreuzen-Unfall,Tageslicht,1,1,0,0,0,0,"354573,982","5644817,487",6.930232669,50.93662678,trocken,"5,21E+18","Rad, PKW"
32553,5,3,15,0,2021,November,17,Montag,Unfall mit Schwerverletzten,Zusammenstoß mit anfahrendem/ anhaltendem/ruhendem Fahrzeug,Unfall durch ruhenden Verkehr,Dämmerung,0,1,0,1,0,0,"353535,7575","5642774,432",6.916287371,50.91800379,trocken,"5,21E+18","Krad, PKW"
32554,5,3,15,0,2021,Oktober,13,Sonntag,Unfall mit Leichtverletzten,Zusammenstoß mit vorausfahrendem / wartendem Fahrzeug,Unfall im Längsverkehr,Tageslicht,0,1,0,0,0,0,"352151,9155","5651692,664",6.892991033,50.99779451,trocken,"5,21E+18",PKW
32555,5,3,15,0,2021,Dezember,1,Sonntag,Unfall mit Leichtverletzten,Aufprall auf Fahrbahnhindernis,Sonstiger Unfall,Dunkelheit,0,0,0,0,0,1,"355603,7599","5644697,861",6.94492621,50.93581049,trocken,"5,21E+18",Sonstige
32557,5,3,15,0,2021,Juni,17,Donnerstag,Unfall mit Leichtverletzten,Zusammenstoß zwischen Fahrzeug und Fußgänger,Unfall im Längsverkehr,Tageslicht,1,0,1,0,0,0,"354855,9284","5644407,053",6.934406132,50.93300934,trocken,"5,21E+18","Rad, Fuss"
32559,5,3,15,0,2021,November,19,Mittwoch,Unfall mit Leichtverletzten,Zusammenstoß zwischen Fahrzeug und Fußgänger,Sonstiger Unfall,Dunkelheit,0,1,1,0,0,0,"349476,5915","5642718,95",6.858603992,50.91646071,trocken,"5,21E+18","Fuss, PKW"
32566,5,3,15,0,2021,Juli,12,Samstag,Unfall mit Leichtverletzten,Abkommen von Fahrbahn nach links,Fahrunfall,Tageslicht,0,1,0,0,0,0,"356124,7815","5644637,699",6.952360166,50.93540005,trocken,"5,21E+18",PKW
32569,5,3,15,0,2021,Oktober,7,Samstag,Unfall mit Schwerverletzten,Zusammenstoß zwischen Fahrzeug und Fußgänger,Überschreiten-Unfall,Dunkelheit,0,0,1,0,0,1,"353705,9341","5641612,627",6.919172532,50.90760617,nass/feucht,"5,21E+18","Fuss, Sonstige"
32570,5,3,15,0,2021,Dezember,18,Samstag,Unfall mit Leichtverletzten,Zusammenstoß mit vorausfahrendem / wartendem Fahrzeug,Unfall im Längsverkehr,Dunkelheit,0,1,0,0,0,1,"351250,9911","5652588,388",6.87979417,51.00561161,nass/feucht,"5,21E+18","PKW, Sonstige"
32571,5,3,15,0,2021,Dezember,14,Freitag,Unfall mit Leichtverletzten,Zusammenstoß mit vorausfahrendem / wartendem Fahrzeug,Unfall im Längsverkehr,Tageslicht,0,1,0,0,0,0,"356696,7393","5634912,707",6.964309601,50.84814418,trocken,"5,21E+18",PKW
32576,5,3,15,0,2021,Mai,13,Dienstag,Unfall mit Leichtverletzten,Zusammenstoß mit seitlich in gleicher Richtung fahrendem Fahrzeug,Abbiegeunfall,Tageslicht,1,1,0,0,0,0,"348813,4737","5645152,694",6.848168129,50.93815765,trocken,"5,21E+18","Rad, PKW"
32580,5,3,15,0,2021,März,7,Mittwoch,Unfall mit Leichtverletzten,Zusammenstoß mit seitlich in gleicher Richtung fahrendem Fahrzeug,Unfall im Längsverkehr,Tageslicht,1,0,0,0,0,1,"355087,6135","5648128,681",6.936219878,50.96651291,nass/feucht,"5,21E+18","Rad, Sonstige"
32585,5,3,15,0,2021,Juni,17,Mittwoch,Unfall mit Leichtverletzten,Zusammenstoß mit vorausfahrendem / wartendem Fahrzeug,Abbiegeunfall,Tageslicht,0,1,0,1,0,0,"353502,089","5651904,025",6.912133583,51.00003923,trocken,"5,21E+18","Krad, PKW"
32586,5,3,15,0,2021,Dezember,17,Donnerstag,Unfall mit Leichtverletzten,Zusammenstoß mit vorausfahrendem / wartendem Fahrzeug,Unfall im Längsverkehr,Dunkelheit,0,1,0,0,0,0,"352708,0851","5650684,694",6.901320161,50.98887904,trocken,"5,21E+18",PKW
32589,5,3,15,0,2021,Februar,16,Mittwoch,Unfall mit Schwerverletzten,Zusammenstoß mit vorausfahrendem / wartendem Fahrzeug,Unfall im Längsverkehr,Tageslicht,0,1,0,0,1,0,"351674,984","5643866,232",6.889389595,50.92734,trocken,"5,21E+18","PKW, Gkfz"
32590,5,3,15,0,2021,April,19,Freitag,Unfall mit Leichtverletzten,Zusammenstoß mit einbiegendem / kreuzendem Fahrzeug,Einbiegen / Kreuzen-Unfall,Tageslicht,1,0,0,0,0,1,"355551,0552","5650907,214",6.941711328,50.99159923,trocken,"5,21E+18","Rad, Sonstige"
32591,5,3,15,0,2021,November,0,Samstag,Unfall mit Leichtverletzten,Zusammenstoß mit vorausfahrendem / wartendem Fahrzeug,Sonstiger Unfall,Dunkelheit,0,0,0,0,0,1,"354736,751","5644686,284",6.932599958,50.93548872,trocken,"5,21E+18",Sonstige
32596,5,3,15,0,2021,März,16,Samstag,Unfall mit Leichtverletzten,Zusammenstoß mit anfahrendem/ anhaltendem/ruhendem Fahrzeug,Abbiegeunfall,Tageslicht,1,1,0,0,0,1,"356573,599","5647115,222",6.957767682,50.95777701,trocken,"5,21E+18","Rad, PKW, Sonstige"
32597,5,3,15,0,2021,Oktober,16,Mittwoch,Unfall mit Leichtverletzten,Zusammenstoß mit seitlich in gleicher Richtung fahrendem Fahrzeug,Unfall im Längsverkehr,Tageslicht,0,1,0,0,0,1,"357868,3372","5646663,948",6.976367177,50.95404223,nass/feucht,"5,21E+18","PKW, Sonstige"
32600,5,3,15,0,2021,Juni,17,Dienstag,Unfall mit Leichtverletzten,Zusammenstoß mit vorausfahrendem / wartendem Fahrzeug,Unfall im Längsverkehr,Tageslicht,0,1,0,0,0,0,"352762,5537","5641883,115",6.905654701,50.90979711,trocken,"5,21E+18",PKW
32602,5,3,15,0,2021,November,15,Mittwoch,Unfall mit Leichtverletzten,Unfall anderer Art,Einbiegen / Kreuzen-Unfall,Tageslicht,1,1,0,0,0,0,"355874,921","5646804,545",6.947949112,50.9548107,nass/feucht,"5,21E+18","Rad, PKW"
32605,5,3,15,0,2021,Juni,1,Montag,Unfall mit Leichtverletzten,Unfall anderer Art,Fahrunfall,Dunkelheit,0,0,0,0,0,1,"355270,386","5645234,533",6.939971669,50.94054988,trocken,"5,21E+18",Sonstige
32606,5,3,15,0,2021,November,14,Montag,Unfall mit Leichtverletzten,Unfall anderer Art,Fahrunfall,Tageslicht,1,0,0,0,0,0,"353548,5334","5641083,802",6.917147468,50.90281387,nass/feucht,"5,21E+18",Rad
32608,5,3,15,0,2021,September,15,Mittwoch,Unfall mit Leichtverletzten,Zusammenstoß mit einbiegendem / kreuzendem Fahrzeug,Unfall durch ruhenden Verkehr,Tageslicht,1,1,0,0,0,0,"356959,3652","5646236,726",6.963602044,50.94997795,trocken,"5,21E+18","Rad, PKW"
32610,5,3,15,0,2021,Juni,16,Mittwoch,Unfall mit Leichtverletzten,Zusammenstoß mit vorausfahrendem / wartendem Fahrzeug,Unfall im Längsverkehr,Tageslicht,1,1,0,0,0,0,"349424,7036","5657452,25",6.851762201,51.04884383,trocken,"5,21E+18","Rad, PKW"
32612,5,3,15,0,2021,Dezember,17,Donnerstag,Unfall mit Leichtverletzten,Unfall anderer Art,Sonstiger Unfall,Dunkelheit,0,1,0,0,0,0,"357497,612","5646693,171",6.971080984,50.95421331,trocken,"5,21E+18",PKW
32616,5,3,15,0,2021,April,13,Samstag,Unfall mit Leichtverletzten,Zusammenstoß mit vorausfahrendem / wartendem Fahrzeug,Unfall im Längsverkehr,Tageslicht,0,1,0,0,0,0,"353016,7464","5650286,547",6.90587602,50.98537999,trocken,"5,21E+18",PKW
32630,5,3,15,0,2021,Mai,17,Sonntag,Unfall mit Leichtverletzten,Zusammenstoß mit seitlich in gleicher Richtung fahrendem Fahrzeug,Unfall im Längsverkehr,Tageslicht,1,1,0,0,0,0,"356350,6803","5647410,49",6.954479178,50.960375,nass/feucht,"5,21E+18","Rad, PKW"
32631,5,3,15,0,2021,Oktober,12,Dienstag,Unfall mit Leichtverletzten,Zusammenstoß zwischen Fahrzeug und Fußgänger,Unfall im Längsverkehr,Tageslicht,0,0,1,0,0,1,"351387,0217","5648119,182",6.883559492,50.9654848,trocken,"5,21E+18","Fuss, Sonstige"
32632,5,3,15,0,2021,Dezember,17,Donnerstag,Unfall mit Leichtverletzten,Zusammenstoß mit vorausfahrendem / wartendem Fahrzeug,Unfall im Längsverkehr,Dunkelheit,0,1,0,0,0,0,"357077,4348","5639682,02",6.967850395,50.89110039,trocken,"5,21E+18",PKW
32635,5,3,15,0,2021,September,11,Mittwoch,Unfall mit Leichtverletzten,Zusammenstoß mit vorausfahrendem / wartendem Fahrzeug,Unfall im Längsverkehr,Tageslicht,1,1,0,0,0,0,"356516,422","5646580,71",6.957164797,50.9529592,trocken,"5,21E+18","Rad, PKW"
32637,5,3,15,0,2021,Juli,15,Mittwoch,Unfall mit Leichtverletzten,Unfall anderer Art,Fahrunfall,Tageslicht,0,0,0,0,0,1,"349341,6141","5661352,399",6.848953153,51.08386901,nass/feucht,"5,21E+18",Sonstige
32639,5,3,15,0,2021,September,13,Sonntag,Unfall mit Leichtverletzten,Zusammenstoß mit seitlich in gleicher Richtung fahrendem Fahrzeug,Abbiegeunfall,Tageslicht,1,1,0,0,0,0,"355590,85","5643723,54",6.945128616,50.92705121,trocken,"5,21E+18","Rad, PKW"