OBJECTID,ULAND,UREGBEZ,UKREIS,UGEMEINDE,UJAHR,UMONAT,USTUNDE,UWOCHENTAG,UKATEGORIE,UART,UTYP1,ULICHTVERH,IstRad,IstPKW,IstFuss,IstKrad,IstGkfz,IstSonstige,LINREFX,LINREFY,XGCSWGS84,YGCSWGS84,USTRZUSTAND,UIDENTSTLAE,Participants
32644,5,3,15,0,2021,September,11,Samstag,Unfall mit Leichtverletzten,Zusammenstoß mit vorausfahrendem / wartendem Fahrzeug,Unfall im Längsverkehr,Tageslicht,0,1,0,0,0,0,"357994,6657","5645057,344",6.978791089,50.93963486,trocken,"5,21E+18",PKW
32646,5,3,15,0,2021,November,17,Montag,Unfall mit Leichtverletzten,Zusammenstoß mit einbiegendem / kreuzendem Fahrzeug,Einbiegen / Kreuzen-Unfall,Dämmerung,0,1,0,0,0,0,"348409,0975","5656481,477",6.837690035,51.03985331,trocken,"5,21E+18",PKW
32647,5,3,15,0,2021,Juni,12,Dienstag,Unfall mit Leichtverletzten,Zusammenstoß mit vorausfahrendem / wartendem Fahrzeug,Unfall im Längsverkehr,Tageslicht,0,1,0,0,0,1,"357198,7049","5639845,826",6.969509489,50.89260252,trocken,"5,21E+18","PKW, Sonstige"
32651,5,3,15,0,2021,Mai,7,Mittwoch,Unfall mit Leichtverletzten,Zusammenstoß mit vorausfahrendem / wartendem Fahrzeug,Unfall im Längsverkehr,Tageslicht,0,1,0,0,0,0,"352974,0628","5652264,735",6.904467526,51.00314607,trocken,"5,21E+18",PKW
32655,5,3,15,0,2021,September,19,Montag,Unfall mit Leichtverletzten,Zusammenstoß mit seitlich in gleicher Richtung fahrendem Fahrzeug,Unfall im Längsverkehr,Tageslicht,0,1,0,0,0,0,"354829,4065","5644800,87",6.933872074,50.9365418,trocken,"5,21E+18",PKW
32660,5,3,15,0,2021,Oktober,15,Sonntag,Unfall mit Leichtverletzten,Zusammenstoß zwischen Fahrzeug und Fußgänger,Überschreiten-Unfall,Tageslicht,1,0,1,0,0,0,"353143,0605","5646873,623",6.909052491,50.95474182,trocken,"5,21E+18","Rad, Fuss"
32662,5,3,15,0,2021,Mai,16,Samstag,Unfall mit Leichtverletzten,Zusammenstoß zwischen Fahrzeug und Fußgänger,Unfall im Längsverkehr,Tageslicht,0,0,1,0,0,1,"355935,0903","5646039,136",6.949108084,50.94794716,trocken,"5,21E+18","Fuss, Sonstige"
32663,5,3,15,0,2021,Juli,14,Mittwoch,Unfall mit Leichtverletzten,Zusammenstoß mit seitlich in gleicher Richtung fahrendem Fahrzeug,Abbiegeunfall,Tageslicht,0,1,0,0,0,0,"356179,335","5644620,914",6.953142668,50.93526281,nass/feucht,"5,21E+18",PKW
32666,5,3,15,0,2021,Oktober,20,Mittwoch,Unfall mit Leichtverletzten,Unfall anderer Art,Fahrunfall,Dunkelheit,1,0,0,0,0,0,"354963,4964","5643394,142",6.936338886,50.92393361,nass/feucht,"5,21E+18",Rad
32669,5,3,15,0,2021,März,19,Sonntag,Unfall mit Leichtverletzten,Zusammenstoß mit vorausfahrendem / wartendem Fahrzeug,Abbiegeunfall,Dämmerung,0,1,0,0,0,0,"347544,343","5647369,145",6.829190523,50.95774083,trocken,"5,21E+18",PKW
32672,5,3,15,0,2021,Januar,9,Mittwoch,Unfall mit Schwerverletzten,Zusammenstoß mit vorausfahrendem / wartendem Fahrzeug,Unfall im Längsverkehr,Tageslicht,0,1,0,0,0,0,"353098,5768","5640762,613",6.910881889,50.89981314,nass/feucht,"5,21E+18",PKW
32674,5,3,15,0,2021,Mai,15,Montag,Unfall mit Leichtverletzten,Unfall anderer Art,Einbiegen / Kreuzen-Unfall,Tageslicht,1,1,0,0,0,0,"355967,874","5644649,983",6.950123722,50.93547127,trocken,"5,21E+18","Rad, PKW"
32678,5,3,15,0,2021,November,17,Montag,Unfall mit Leichtverletzten,Zusammenstoß mit vorausfahrendem / wartendem Fahrzeug,Unfall im Längsverkehr,Dunkelheit,0,1,0,0,0,0,"356005,2952","5635128,165",6.954409263,50.84990881,trocken,"5,21E+18",PKW
32679,5,3,15,0,2021,Juni,0,Montag,Unfall mit Leichtverletzten,Unfall anderer Art,Sonstiger Unfall,Dunkelheit,0,0,0,0,0,1,"354707,1045","5644687,078",6.932178003,50.93548838,trocken,"5,21E+18",Sonstige
32687,5,3,15,0,2021,Februar,14,Freitag,Unfall mit Leichtverletzten,Zusammenstoß mit vorausfahrendem / wartendem Fahrzeug,Unfall im Längsverkehr,Tageslicht,0,1,0,0,1,0,"355347,9435","5635206,325",6.945046442,50.85044722,trocken,"5,21E+18","PKW, Gkfz"
32689,5,3,15,0,2021,Juni,8,Dienstag,Unfall mit Leichtverletzten,Zusammenstoß mit vorausfahrendem / wartendem Fahrzeug,Unfall im Längsverkehr,Tageslicht,0,1,0,0,0,0,"355483,9845","5654336,561",6.939390727,51.02240081,trocken,"5,21E+18",PKW
32692,5,3,15,0,2021,Oktober,11,Samstag,Unfall mit Schwerverletzten,Abkommen von Fahrbahn nach rechts,Fahrunfall,Tageslicht,0,1,0,0,0,0,"358001,1447","5645056,651",6.978883515,50.93963023,trocken,"5,21E+18",PKW
32695,5,3,15,0,2021,November,7,Mittwoch,Unfall mit Leichtverletzten,Abkommen von Fahrbahn nach rechts,Unfall im Längsverkehr,Dunkelheit,0,1,0,0,1,0,"357117,4937","5638131,312",6.969025836,50.87717406,nass/feucht,"5,21E+18","PKW, Gkfz"
32699,5,3,15,0,2021,Juni,16,Samstag,Unfall mit Schwerverletzten,Zusammenstoß zwischen Fahrzeug und Fußgänger,Überschreiten-Unfall,Tageslicht,0,1,1,0,0,0,"352770,8714","5647080,549",6.903673358,50.95650641,trocken,"5,21E+18","Fuss, PKW"
32701,5,3,15,0,2021,September,9,Mittwoch,Unfall mit Leichtverletzten,Unfall anderer Art,Einbiegen / Kreuzen-Unfall,Tageslicht,0,1,0,1,0,0,"354212,3611","5653668,045",6.921540485,51.01607212,trocken,"5,21E+18","Krad, PKW"
32703,5,3,15,0,2021,Oktober,23,Dienstag,Unfall mit Leichtverletzten,Unfall anderer Art,Fahrunfall,Dunkelheit,0,1,0,0,0,1,"354957,5975","5644670,872",6.935747017,50.9354058,trocken,"5,21E+18","PKW, Sonstige"
32706,5,3,15,0,2021,Dezember,19,Mittwoch,Unfall mit Leichtverletzten,Abkommen von Fahrbahn nach links,Fahrunfall,Dunkelheit,0,1,0,0,0,0,"349965,3632","5654111,968",6.860852941,51.01896896,nass/feucht,"5,21E+18",PKW
32708,5,3,15,0,2021,Januar,15,Dienstag,Unfall mit Schwerverletzten,Unfall anderer Art,Sonstiger Unfall,Tageslicht,1,0,0,0,0,0,"352979,0486","5641314,499",6.908961026,50.90474234,trocken,"5,21E+18",Rad
32712,5,3,15,0,2021,September,12,Sonntag,Unfall mit Leichtverletzten,Zusammenstoß mit entgegenkommendem Fahrzeug,Sonstiger Unfall,Tageslicht,0,1,0,1,0,0,"356316,9581","5647804,97",6.953843537,50.96391172,trocken,"5,21E+18","Krad, PKW"
32713,5,3,15,0,2021,Dezember,17,Freitag,Unfall mit Leichtverletzten,Unfall anderer Art,Abbiegeunfall,Dunkelheit,0,1,0,0,0,1,"351227,0518","5648231,376",6.881237096,50.96645173,nass/feucht,"5,21E+18","PKW, Sonstige"
32714,5,3,15,0,2021,Dezember,19,Donnerstag,Unfall mit Leichtverletzten,Zusammenstoß mit vorausfahrendem / wartendem Fahrzeug,Unfall im Längsverkehr,Dunkelheit,0,1,0,0,0,0,"356836,9998","5634873,829",6.966315924,50.84782951,nass/feucht,"5,21E+18",PKW
32715,5,3,15,0,2021,Januar,8,Dienstag,Unfall mit Leichtverletzten,Zusammenstoß mit einbiegendem / kreuzendem Fahrzeug,Einbiegen / Kreuzen-Unfall,Dämmerung,1,0,0,0,0,1,"351566,82","5647979,149",6.886175321,50.96427275,nass/feucht,"5,21E+18","Rad, Sonstige"
32716,5,3,15,0,2021,Januar,23,Sonntag,Unfall mit Leichtverletzten,Abkommen von Fahrbahn nach rechts,Fahrunfall,Dunkelheit,0,1,0,0,0,0,"358339,047","5645558,372",6.98349469,50.94422231,nass/feucht,"5,21E+18",PKW
32718,5,3,15,0,2021,Januar,2,Samstag,Unfall mit Leichtverletzten,Zusammenstoß mit einbiegendem / kreuzendem Fahrzeug,Einbiegen / Kreuzen-Unfall,Dunkelheit,1,1,0,0,0,0,"356435,2398","5647026,642",6.955833882,50.95694651,nass/feucht,"5,21E+18","Rad, PKW"
32721,5,3,15,0,2021,Mai,14,Samstag,Unfall mit Leichtverletzten,Zusammenstoß mit vorausfahrendem / wartendem Fahrzeug,Unfall im Längsverkehr,Tageslicht,0,1,0,0,0,0,"348924,354","5645844,658",6.849458134,50.94440488,trocken,"5,21E+18",PKW
32725,5,3,15,0,2021,Mai,12,Montag,Unfall mit Leichtverletzten,Zusammenstoß mit vorausfahrendem / wartendem Fahrzeug,Unfall im Längsverkehr,Tageslicht,0,1,0,0,0,0,"355231,1223","5646652,065",6.938849684,50.95327903,trocken,"5,21E+18",PKW
32727,5,3,15,0,2021,Juni,8,Donnerstag,Unfall mit Leichtverletzten,Unfall anderer Art,Sonstiger Unfall,Tageslicht,1,0,0,0,0,0,"357924,8144","5644841,031",6.977881885,50.93767365,trocken,"5,21E+18",Rad
32732,5,3,15,0,2021,September,15,Donnerstag,Unfall mit Leichtverletzten,Unfall anderer Art,Fahrunfall,Tageslicht,0,0,0,1,0,0,"353394,5718","5645880,042",6.913031026,50.94587694,nass/feucht,"5,21E+18",Krad
32741,5,3,15,0,2021,Oktober,12,Mittwoch,Unfall mit Leichtverletzten,Zusammenstoß mit anfahrendem/ anhaltendem/ruhendem Fahrzeug,Unfall im Längsverkehr,Tageslicht,0,1,0,1,0,0,"356579,564","5646355,965",6.958151701,50.95095517,trocken,"5,21E+18","Krad, PKW"
32745,5,3,15,0,2021,November,16,Dienstag,Unfall mit Leichtverletzten,Zusammenstoß mit vorausfahrendem / wartendem Fahrzeug,Unfall im Längsverkehr,Tageslicht,0,1,0,0,0,1,"352237,6468","5642314,227",6.898019074,50.9135372,trocken,"5,21E+18","PKW, Sonstige"
32748,5,3,15,0,2021,September,16,Sonntag,Unfall mit Schwerverletzten,Zusammenstoß mit einbiegendem / kreuzendem Fahrzeug,Einbiegen / Kreuzen-Unfall,Tageslicht,1,1,0,0,0,0,"356228,6828","5648500,715",6.9523123,50.97014222,trocken,"5,21E+18","Rad, PKW"
32749,5,3,15,0,2021,Oktober,2,Sonntag,Unfall mit Schwerverletzten,Unfall anderer Art,Fahrunfall,Dunkelheit,0,0,0,0,0,1,"354528,6012","5645724,994",6.92922486,50.94477084,nass/feucht,"5,21E+18",Sonstige
32752,5,3,15,0,2021,April,5,Freitag,Unfall mit Leichtverletzten,Zusammenstoß zwischen Fahrzeug und Fußgänger,Überschreiten-Unfall,Dunkelheit,0,1,1,0,0,0,"351118,9575","5650589,667",6.878733027,50.98761627,trocken,"5,21E+18","Fuss, PKW"
32754,5,3,15,0,2021,Oktober,16,Montag,Unfall mit Leichtverletzten,Zusammenstoß mit vorausfahrendem / wartendem Fahrzeug,Unfall im Längsverkehr,Tageslicht,0,1,0,0,0,0,"358093,522","5639398,587",6.982398147,50.88880368,trocken,"5,21E+18",PKW
32758,5,3,15,0,2021,Oktober,8,Freitag,Unfall mit Leichtverletzten,Aufprall auf Fahrbahnhindernis,Sonstiger Unfall,Tageslicht,0,1,0,0,0,0,"348928,6338","5648592,244",6.848378598,50.96909642,nass/feucht,"5,21E+18",PKW
32767,5,3,15,0,2021,November,19,Sonntag,Unfall mit Leichtverletzten,Zusammenstoß mit entgegenkommendem Fahrzeug,Abbiegeunfall,Dunkelheit,0,1,0,0,0,0,"353488,4159","5651904,561",6.911938638,51.00004057,trocken,"5,21E+18",PKW
32772,5,3,15,0,2021,Oktober,16,Mittwoch,Unfall mit Leichtverletzten,Abkommen von Fahrbahn nach rechts,Sonstiger Unfall,Tageslicht,0,1,0,0,0,0,"355646,2095","5650738,555",6.943133293,50.99010741,trocken,"5,21E+18",PKW
32775,5,3,15,0,2021,Mai,16,Samstag,Unfall mit Leichtverletzten,Zusammenstoß mit seitlich in gleicher Richtung fahrendem Fahrzeug,Unfall im Längsverkehr,Tageslicht,1,0,0,0,0,0,"357223,2141","5646344,964",6.967313354,50.95101609,trocken,"5,21E+18",Rad
32776,5,3,15,0,2021,September,18,Samstag,Unfall mit Leichtverletzten,Unfall anderer Art,Fahrunfall,Tageslicht,1,0,0,0,0,0,"350473,3952","5652806,062",6.86862915,51.0073661,trocken,"5,21E+18",Rad
32777,5,3,15,0,2021,Mai,1,Montag,Unfall mit Leichtverletzten,Unfall anderer Art,Fahrunfall,Dunkelheit,1,0,0,0,0,0,"349511,2748","5645095,367",6.858116144,50.93782502,trocken,"5,21E+18",Rad
32779,5,3,15,0,2021,September,14,Montag,Unfall mit Leichtverletzten,Zusammenstoß mit vorausfahrendem / wartendem Fahrzeug,Unfall im Längsverkehr,Tageslicht,0,1,0,0,0,0,"357861,9702","5646670,741",6.976273933,50.95410171,trocken,"5,21E+18",PKW
32781,5,3,15,0,2021,Juli,15,Samstag,Unfall mit Schwerverletzten,Unfall anderer Art,Unfall im Längsverkehr,Tageslicht,1,0,1,0,0,1,"352239,1964","5644943,952",6.89697543,50.93716977,trocken,"5,21E+18","Rad, Fuss, Sonstige"
32784,5,3,15,0,2021,Oktober,7,Dienstag,Unfall mit Leichtverletzten,Unfall anderer Art,Fahrunfall,Dämmerung,1,0,0,0,0,0,"355270,386","5645234,533",6.939971669,50.94054988,trocken,"5,21E+18",Rad
32785,5,3,15,0,2021,September,15,Dienstag,Unfall mit Leichtverletzten,Unfall anderer Art,Sonstiger Unfall,Tageslicht,1,0,0,0,0,0,"353692,8337","5646324,801",6.917095172,50.94994959,trocken,"5,21E+18",Rad
32787,5,3,15,0,2021,Dezember,19,Mittwoch,Unfall mit Leichtverletzten,Unfall anderer Art,Fahrunfall,Dunkelheit,1,0,0,0,0,0,"356871,6225","5644567,689",6.963009543,50.93495671,trocken,"5,21E+18",Rad
32788,5,3,15,0,2021,Oktober,17,Samstag,Unfall mit Leichtverletzten,Zusammenstoß mit einbiegendem / kreuzendem Fahrzeug,Sonstiger Unfall,Tageslicht,0,1,0,0,0,1,"358128,6251","5645260,534",6.980617381,50.9414939,trocken,"5,21E+18","PKW, Sonstige"
32796,5,3,15,0,2021,Juni,8,Samstag,Unfall mit Schwerverletzten,Zusammenstoß mit einbiegendem / kreuzendem Fahrzeug,Abbiegeunfall,Tageslicht,0,0,0,1,0,1,"352078,887","5642446,799",6.89570853,50.9146879,trocken,"5,21E+18","Krad, Sonstige"
32799,5,3,15,0,2021,September,17,Freitag,Unfall mit Leichtverletzten,Zusammenstoß mit entgegenkommendem Fahrzeug,Einbiegen / Kreuzen-Unfall,Tageslicht,0,1,0,0,0,0,"354754,142","5638222,739",6.93541925,50.87740655,nass/feucht,"5,21E+18",PKW
32805,5,3,15,0,2021,Dezember,18,Freitag,Unfall mit Leichtverletzten,Unfall anderer Art,Abbiegeunfall,Dunkelheit,1,0,0,0,0,1,"353243,364","5644877,435",6.911283975,50.93682843,nass/feucht,"5,21E+18","Rad, Sonstige"
32808,5,3,15,0,2021,Dezember,12,Samstag,Unfall mit Leichtverletzten,Zusammenstoß mit anfahrendem/ anhaltendem/ruhendem Fahrzeug,Unfall durch ruhenden Verkehr,Tageslicht,1,1,0,0,0,0,"353515,0081","5646517,586",6.914487784,50.95163691,trocken,"5,21E+18","Rad, PKW"
32810,5,3,15,0,2021,Oktober,14,Mittwoch,Unfall mit Leichtverletzten,Zusammenstoß zwischen Fahrzeug und Fußgänger,Überschreiten-Unfall,Tageslicht,1,0,1,0,0,0,"356183,7813","5641132,839",6.954581243,50.90391698,trocken,"5,21E+18","Rad, Fuss"
32812,5,3,15,0,2021,Januar,5,Mittwoch,Unfall mit Leichtverletzten,Zusammenstoß mit vorausfahrendem / wartendem Fahrzeug,Unfall im Längsverkehr,Dunkelheit,0,1,0,0,0,1,"356825,7664","5633844,229",6.966558856,50.83857364,nass/feucht,"5,21E+18","PKW, Sonstige"
32814,5,3,15,0,2021,Juni,16,Mittwoch,Unfall mit Schwerverletzten,Unfall anderer Art,Einbiegen / Kreuzen-Unfall,Tageslicht,1,1,0,0,0,0,"349378,882","5643070,93",6.857069646,50.91959823,trocken,"5,21E+18","Rad, PKW"
32815,5,3,15,0,2021,Juli,5,Donnerstag,Unfall mit Leichtverletzten,Unfall anderer Art,Abbiegeunfall,Tageslicht,1,1,0,0,0,0,"356520,3343","5652110,462",6.955037957,51.00265499,nass/feucht,"5,21E+18","Rad, PKW"
32816,5,3,15,0,2021,Januar,6,Freitag,Unfall mit Leichtverletzten,Abkommen von Fahrbahn nach links,Fahrunfall,Dunkelheit,0,1,0,0,1,0,"348674,8175","5643717,689",6.846791892,50.92522598,trocken,"5,21E+18","PKW, Gkfz"
32822,5,3,15,0,2021,Juni,12,Samstag,Unfall mit Leichtverletzten,Zusammenstoß mit vorausfahrendem / wartendem Fahrzeug,Unfall im Längsverkehr,Tageslicht,0,1,0,0,0,1,"355266,8265","5646690,264",6.939342484,50.95363129,trocken,"5,21E+18","PKW, Sonstige"
32827,5,3,15,0,2021,Juni,19,Samstag,Unfall mit Leichtverletzten,Abkommen von Fahrbahn nach rechts,Abbiegeunfall,Dämmerung,0,1,0,0,0,0,"348318,278","5656782,799",6.836269385,51.04253703,trocken,"5,21E+18",PKW
32829,5,3,15,0,2021,September,1,Montag,Unfall mit Leichtverletzten,Zusammenstoß mit vorausfahrendem / wartendem Fahrzeug,Abbiegeunfall,Dunkelheit,0,1,0,0,0,0,"357352,6445","5646872,256",6.968948174,50.95578687,trocken,"5,21E+18",PKW
32833,5,3,15,0,2021,Januar,0,Samstag,Unfall mit Leichtverletzten,Abkommen von Fahrbahn nach links,Fahrunfall,Dunkelheit,0,1,0,0,0,0,"352152,7414","5651678,191",6.893008687,50.99766466,nass/feucht,"5,21E+18",PKW
32834,5,3,15,0,2021,Dezember,10,Dienstag,Unfall mit Leichtverletzten,Zusammenstoß mit einbiegendem / kreuzendem Fahrzeug,Sonstiger Unfall,Tageslicht,0,1,0,0,0,1,"354107,014","5651814,185",6.920784897,50.99938558,trocken,"5,21E+18","PKW, Sonstige"
32843,5,3,15,0,2021,September,20,Dienstag,Unfall mit Schwerverletzten,Zusammenstoß mit vorausfahrendem / wartendem Fahrzeug,Unfall im Längsverkehr,Dunkelheit,1,1,0,0,1,0,"356037,73","5649260,156",6.94929381,50.97691945,nass/feucht,"5,21E+18","Rad, PKW, Gkfz"
32848,5,3,15,0,2021,November,12,Sonntag,Unfall mit Schwerverletzten,Zusammenstoß mit seitlich in gleicher Richtung fahrendem Fahrzeug,Unfall im Längsverkehr,Tageslicht,0,1,0,0,0,0,"356819,6464","5638978,891",6.964463009,50.88471754,trocken,"5,21E+18",PKW
32851,5,3,15,0,2021,November,17,Donnerstag,Unfall mit Leichtverletzten,Zusammenstoß mit vorausfahrendem / wartendem Fahrzeug,Unfall im Längsverkehr,Dunkelheit,0,1,0,0,1,0,"348271,7751","5643918,361",6.840977836,50.9269234,trocken,"5,21E+18","PKW, Gkfz"
32855,5,3,15,0,2021,Dezember,15,Dienstag,Unfall mit Leichtverletzten,Zusammenstoß mit vorausfahrendem / wartendem Fahrzeug,Unfall im Längsverkehr,Tageslicht,0,1,0,0,0,0,"354164,3924","5642266,247",6.925427677,50.91359609,nass/feucht,"5,21E+18",PKW
32857,5,3,15,0,2021,September,18,Mittwoch,Unfall mit Schwerverletzten,Unfall anderer Art,Abbiegeunfall,Tageslicht,0,1,0,0,0,1,"355097,7482","5644660,822",6.937744266,50.93535071,trocken,"5,21E+18","PKW, Sonstige"
32859,5,3,15,0,2021,September,6,Freitag,Unfall mit Schwerverletzten,Zusammenstoß mit entgegenkommendem Fahrzeug,Unfall im Längsverkehr,Dämmerung,0,1,0,0,0,0,"349844,4566","5643287,773",6.863599308,50.9216682,trocken,"5,21E+18",PKW
32865,5,3,15,0,2021,Februar,12,Dienstag,Unfall mit Schwerverletzten,Zusammenstoß mit vorausfahrendem / wartendem Fahrzeug,Unfall im Längsverkehr,Tageslicht,0,1,0,0,0,0,"352069,8914","5651045,938",6.892086362,50.99196168,nass/feucht,"5,21E+18",PKW
32866,5,3,15,0,2021,September,18,Freitag,Unfall mit Leichtverletzten,Zusammenstoß mit entgegenkommendem Fahrzeug,Unfall im Längsverkehr,Tageslicht,1,0,0,0,0,1,"355497,1814","5644699,407",6.943409796,50.93579769,trocken,"5,21E+18","Rad, Sonstige"
32870,5,3,15,0,2021,Oktober,16,Samstag,Unfall mit Leichtverletzten,Zusammenstoß mit einbiegendem / kreuzendem Fahrzeug,Abbiegeunfall,Tageslicht,1,0,0,0,0,1,"349994,2709","5659819,06",6.858900871,51.07026131,trocken,"5,21E+18","Rad, Sonstige"
32875,5,3,15,0,2021,April,17,Freitag,Unfall mit Leichtverletzten,Zusammenstoß mit vorausfahrendem / wartendem Fahrzeug,Unfall im Längsverkehr,Tageslicht,0,1,0,0,0,0,"352941,3188","5641736,538",6.908254754,50.90852544,trocken,"5,21E+18",PKW
32876,5,3,15,0,2021,Dezember,16,Donnerstag,Unfall mit Leichtverletzten,Zusammenstoß mit vorausfahrendem / wartendem Fahrzeug,Unfall im Längsverkehr,Tageslicht,0,1,0,0,0,0,"352417,818","5651142,932",6.897001118,50.99292263,trocken,"5,21E+18",PKW
32879,5,3,15,0,2021,April,12,Freitag,Unfall mit Schwerverletzten,Zusammenstoß mit einbiegendem / kreuzendem Fahrzeug,Einbiegen / Kreuzen-Unfall,Tageslicht,1,1,0,0,0,0,"354481,2879","5645750,323",6.92854171,50.94498652,trocken,"5,21E+18","Rad, PKW"
32880,5,3,15,0,2021,Oktober,20,Montag,Unfall mit Leichtverletzten,Abkommen von Fahrbahn nach links,Fahrunfall,Dunkelheit,0,1,0,0,0,0,"355059,235","5636339,803",6.940499046,50.86056142,nass/feucht,"5,21E+18",PKW
32883,5,3,15,0,2021,September,13,Dienstag,Unfall mit Schwerverletzten,Zusammenstoß mit anfahrendem/ anhaltendem/ruhendem Fahrzeug,Sonstiger Unfall,Tageslicht,1,1,0,0,0,0,"350996,2368","5648359,707",6.877899767,50.96754531,trocken,"5,21E+18","Rad, PKW"
32901,5,3,15,0,2021,September,13,Freitag,Unfall mit Leichtverletzten,Zusammenstoß zwischen Fahrzeug und Fußgänger,Überschreiten-Unfall,Tageslicht,1,0,1,0,0,0,"361414,2416","5645026,963",7.027443378,50.94019384,trocken,"5,21E+18","Rad, Fuss"
32911,5,3,15,0,2021,Juni,11,Freitag,Unfall mit Leichtverletzten,Unfall anderer Art,Fahrunfall,Tageslicht,0,0,0,0,0,1,"360877,6305","5645046,671",7.019802881,50.94024174,trocken,"5,21E+18",Sonstige
32927,5,3,15,0,2021,März,18,Dienstag,Unfall mit Leichtverletzten,Zusammenstoß mit einbiegendem / kreuzendem Fahrzeug,Einbiegen / Kreuzen-Unfall,Tageslicht,0,1,0,0,0,0,"359586,294","5650556,795",6.999307848,50.98944861,trocken,"5,21E+18",PKW
32933,5,3,15,0,2021,März,15,Freitag,Unfall mit Leichtverletzten,Zusammenstoß mit einbiegendem / kreuzendem Fahrzeug,Einbiegen / Kreuzen-Unfall,Tageslicht,0,1,0,1,0,0,"364889,964","5635412,54",7.080441898,50.8546082,nass/feucht,"5,21E+18","Krad, PKW"
32934,5,3,15,0,2021,November,14,Mittwoch,Unfall mit Leichtverletzten,Zusammenstoß zwischen Fahrzeug und Fußgänger,Überschreiten-Unfall,Tageslicht,0,1,1,0,0,0,"363215,35","5638375,929",7.05555652,50.8808481,nass/feucht,"5,21E+18","Fuss, PKW"
32936,5,3,15,0,2021,Januar,13,Freitag,Unfall mit Leichtverletzten,Abkommen von Fahrbahn nach rechts,Sonstiger Unfall,Tageslicht,0,1,0,0,0,0,"358402,0039","5644160,489",6.984933521,50.93167496,nass/feucht,"5,21E+18",PKW
32937,5,3,15,0,2021,September,13,Donnerstag,Unfall mit Leichtverletzten,Zusammenstoß mit einbiegendem / kreuzendem Fahrzeug,Einbiegen / Kreuzen-Unfall,Tageslicht,1,1,0,0,0,0,"362692,7673","5652030,235",7.042985542,51.00344022,trocken,"5,21E+18","Rad, PKW"
32939,5,3,15,0,2021,März,8,Samstag,Unfall mit Leichtverletzten,Zusammenstoß mit einbiegendem / kreuzendem Fahrzeug,Einbiegen / Kreuzen-Unfall,Tageslicht,1,1,0,0,0,0,"361069,6366","5645048,564",7.022533334,50.94030505,trocken,"5,21E+18","Rad, PKW"
32941,5,3,15,0,2021,Dezember,19,Mittwoch,Unfall mit Leichtverletzten,Zusammenstoß mit vorausfahrendem / wartendem Fahrzeug,Unfall im Längsverkehr,Dunkelheit,0,1,0,0,0,0,"361380,8898","5646184,114",7.026528541,50.95058542,trocken,"5,21E+18",PKW
32948,5,3,15,0,2021,November,12,Mittwoch,Unfall mit Leichtverletzten,Zusammenstoß mit einbiegendem / kreuzendem Fahrzeug,Abbiegeunfall,Tageslicht,1,1,0,0,0,0,"360754,611","5644300,428",7.018338177,50.93350539,trocken,"5,21E+18","Rad, PKW"
32951,5,3,15,0,2021,März,16,Sonntag,Unfall mit Leichtverletzten,Zusammenstoß mit anfahrendem/ anhaltendem/ruhendem Fahrzeug,Unfall im Längsverkehr,Tageslicht,0,1,0,0,0,0,"359994,6166","5647898,685",7.006145781,50.96565941,nass/feucht,"5,21E+18",PKW
32954,5,3,15,0,2021,Januar,10,Montag,Unfall mit Leichtverletzten,Abkommen von Fahrbahn nach rechts,Fahrunfall,Tageslicht,0,1,0,0,0,0,"365903,1724","5644188,595",7.091606458,50.93372038,nass/feucht,"5,21E+18",PKW
32957,5,3,15,0,2021,November,5,Samstag,Unfall mit Leichtverletzten,Abkommen von Fahrbahn nach rechts,Fahrunfall,Dunkelheit,0,1,0,0,0,0,"366071,7219","5638719,268",7.096010864,50.88460306,nass/feucht,"5,21E+18",PKW
32974,5,3,15,0,2021,November,17,Montag,Unfall mit Leichtverletzten,Zusammenstoß mit anfahrendem/ anhaltendem/ruhendem Fahrzeug,Unfall im Längsverkehr,Dunkelheit,0,1,0,0,0,1,"362475,3451","5645145,713",7.042492275,50.94151515,trocken,"5,21E+18","PKW, Sonstige"
32976,5,3,15,0,2021,Januar,19,Freitag,Unfall mit Schwerverletzten,Abkommen von Fahrbahn nach links,Sonstiger Unfall,Dunkelheit,0,1,0,0,0,0,"361030,6288","5649522,895",7.020269718,50.98050732,nass/feucht,"5,21E+18",PKW
32980,5,3,15,0,2021,September,7,Samstag,Unfall mit Schwerverletzten,Zusammenstoß mit einbiegendem / kreuzendem Fahrzeug,Einbiegen / Kreuzen-Unfall,Tageslicht,1,1,0,0,0,0,"359521,8614","5641823,993",7.001759678,50.91095037,trocken,"5,21E+18","Rad, PKW"
32983,5,3,15,0,2021,Mai,14,Freitag,Unfall mit Leichtverletzten,Abkommen von Fahrbahn nach rechts,Fahrunfall,Tageslicht,0,0,0,1,0,0,"363658,9059","5646341,678",7.058880779,50.95254487,trocken,"5,21E+18",Krad
32988,5,3,15,0,2021,Januar,8,Dienstag,Unfall mit Schwerverletzten,Zusammenstoß zwischen Fahrzeug und Fußgänger,Überschreiten-Unfall,Dämmerung,0,0,1,0,0,1,"362644,9703","5651796,45",7.042393183,51.00132773,nass/feucht,"5,21E+18","Fuss, Sonstige"
33000,5,3,15,0,2021,Oktober,14,Sonntag,Unfall mit Leichtverletzten,Zusammenstoß mit vorausfahrendem / wartendem Fahrzeug,Unfall im Längsverkehr,Tageslicht,0,1,0,0,0,0,"358542,9029","5640376,659",6.988404396,50.89770396,trocken,"5,21E+18",PKW