OBJECTID,ULAND,UREGBEZ,UKREIS,UGEMEINDE,UJAHR,UMONAT,USTUNDE,UWOCHENTAG,UKATEGORIE,UART,UTYP1,ULICHTVERH,IstRad,IstPKW,IstFuss,IstKrad,IstGkfz,IstSonstige,LINREFX,LINREFY,XGCSWGS84,YGCSWGS84,USTRZUSTAND,UIDENTSTLAE,Participants
33596,5,3,15,0,2021,Januar,8,Freitag,Unfall mit Leichtverletzten,Zusammenstoß mit einbiegendem / kreuzendem Fahrzeug,Abbiegeunfall,Tageslicht,0,1,0,0,0,0,"358711,639","5644700,754",6.989127547,50.93660629,nass/feucht,"5,21E+18",PKW
33600,5,3,15,0,2021,Mai,8,Freitag,Unfall mit Leichtverletzten,Zusammenstoß mit vorausfahrendem / wartendem Fahrzeug,Unfall im Längsverkehr,Tageslicht,0,0,0,0,1,1,"361944,8755","5647055,378",7.034222306,50.95855107,trocken,"5,21E+18","Gkfz, Sonstige"
33602,5,3,15,0,2021,Dezember,19,Samstag,Unfall mit Schwerverletzten,Zusammenstoß mit vorausfahrendem / wartendem Fahrzeug,Unfall im Längsverkehr,Dunkelheit,0,1,0,0,0,1,"362042,6672","5641762,248",7.037617698,50.91100346,trocken,"5,21E+18","PKW, Sonstige"
33607,5,3,15,0,2021,April,7,Donnerstag,Unfall mit Schwerverletzten,Zusammenstoß mit seitlich in gleicher Richtung fahrendem Fahrzeug,Unfall im Längsverkehr,Tageslicht,0,1,0,0,1,0,"363244,5376","5643850,581",7.053920139,50.93005822,trocken,"5,21E+18","PKW, Gkfz"
33609,5,3,15,0,2021,September,17,Mittwoch,Unfall mit Leichtverletzten,Zusammenstoß mit einbiegendem / kreuzendem Fahrzeug,Abbiegeunfall,Tageslicht,1,1,0,0,0,0,"362593,6011","5648215,278",7.043015712,50.9691305,trocken,"5,21E+18","Rad, PKW"
33611,5,3,15,0,2021,Oktober,13,Dienstag,Unfall mit Leichtverletzten,Zusammenstoß mit seitlich in gleicher Richtung fahrendem Fahrzeug,Unfall im Längsverkehr,Tageslicht,0,1,0,0,1,0,"360934,1404","5646031,989",7.020230483,50.94911063,trocken,"5,21E+18","PKW, Gkfz"
33617,5,3,15,0,2021,Mai,14,Donnerstag,Unfall mit Leichtverletzten,Zusammenstoß mit vorausfahrendem / wartendem Fahrzeug,Unfall im Längsverkehr,Tageslicht,0,1,0,0,0,0,"365347,896","5640176,846",7.085189495,50.89753501,trocken,"5,21E+18",PKW
33618,5,3,15,0,2021,November,15,Samstag,Unfall mit Leichtverletzten,Zusammenstoß mit vorausfahrendem / wartendem Fahrzeug,Unfall im Längsverkehr,Tageslicht,0,1,0,0,0,0,"363583,6848","5643312,763",7.058944607,50.92530492,trocken,"5,21E+18",PKW
33621,5,3,15,0,2021,Juli,23,Dienstag,Unfall mit Leichtverletzten,Zusammenstoß mit einbiegendem / kreuzendem Fahrzeug,Abbiegeunfall,Dunkelheit,0,1,0,0,0,0,"359431,9148","5651572,67",6.996716427,50.9985406,trocken,"5,21E+18",PKW
33628,5,3,15,0,2021,Oktober,14,Donnerstag,Unfall mit Leichtverletzten,Zusammenstoß mit vorausfahrendem / wartendem Fahrzeug,Unfall im Längsverkehr,Tageslicht,0,1,0,0,0,0,"365033,7574","5642586,426",7.079833918,50.91911799,trocken,"5,21E+18",PKW
33647,5,3,15,0,2021,Oktober,11,Sonntag,Unfall mit Leichtverletzten,Zusammenstoß mit seitlich in gleicher Richtung fahrendem Fahrzeug,Unfall im Längsverkehr,Tageslicht,0,1,0,0,1,0,"364280,8107","5642807,481",7.069045965,50.92092811,trocken,"5,21E+18","PKW, Gkfz"
33666,5,3,15,0,2021,September,17,Donnerstag,Unfall mit Leichtverletzten,Unfall anderer Art,Sonstiger Unfall,Tageslicht,1,0,0,0,0,0,"361041,6043","5645050,161",7.022133982,50.94031264,nass/feucht,"5,21E+18",Rad
33668,5,3,15,0,2021,März,16,Donnerstag,Unfall mit Leichtverletzten,Zusammenstoß mit einbiegendem / kreuzendem Fahrzeug,Einbiegen / Kreuzen-Unfall,Tageslicht,1,0,0,0,0,0,"361246,7684","5645038,158",7.025056903,50.94025417,trocken,"5,21E+18",Rad
33674,5,3,15,0,2021,Februar,20,Samstag,Unfall mit Schwerverletzten,Abkommen von Fahrbahn nach rechts,Sonstiger Unfall,Dunkelheit,0,1,0,0,0,0,"363536,5232","5641443,436",7.058973251,50.90849326,nass/feucht,"5,21E+18",PKW
33677,5,3,15,0,2021,September,11,Mittwoch,Unfall mit Leichtverletzten,Unfall anderer Art,Einbiegen / Kreuzen-Unfall,Tageslicht,0,1,0,1,0,0,"359108,4889","5637718,442",6.997466912,50.87395235,trocken,"5,21E+18","Krad, PKW"
33679,5,3,15,0,2021,Oktober,7,Donnerstag,Unfall mit Leichtverletzten,Zusammenstoß mit vorausfahrendem / wartendem Fahrzeug,Unfall im Längsverkehr,Dämmerung,0,1,0,0,0,1,"367711,946","5641260,657",7.118395032,50.90782248,trocken,"5,21E+18","PKW, Sonstige"
33682,5,3,15,0,2021,November,11,Sonntag,Unfall mit Leichtverletzten,Zusammenstoß mit einbiegendem / kreuzendem Fahrzeug,Einbiegen / Kreuzen-Unfall,Tageslicht,1,1,0,0,0,0,"366589,635","5636185,244",7.104293892,50.86194767,trocken,"5,21E+18","Rad, PKW"
33683,5,3,15,0,2021,Juni,22,Samstag,Unfall mit Leichtverletzten,Zusammenstoß mit entgegenkommendem Fahrzeug,Unfall im Längsverkehr,Dunkelheit,0,1,0,1,0,0,"365589,7453","5635783,22",7.090241924,50.85810282,nass/feucht,"5,21E+18","Krad, PKW"
33684,5,3,15,0,2021,November,8,Dienstag,Unfall mit Leichtverletzten,Unfall anderer Art,Überschreiten-Unfall,Tageslicht,1,1,1,0,0,0,"365089,9142","5645851,268",7.07942378,50.94847405,trocken,"5,21E+18","Rad, Fuss, PKW"
33693,5,3,15,0,2021,Februar,14,Samstag,Unfall mit Leichtverletzten,Zusammenstoß mit seitlich in gleicher Richtung fahrendem Fahrzeug,Unfall im Längsverkehr,Tageslicht,0,1,0,0,1,0,"362716,4797","5644695,993",7.046091881,50.93753081,trocken,"5,21E+18","PKW, Gkfz"
33694,5,3,15,0,2021,Januar,5,Freitag,Unfall mit Leichtverletzten,Zusammenstoß zwischen Fahrzeug und Fußgänger,Überschreiten-Unfall,Dunkelheit,0,1,1,0,0,0,"358861,7898","5642363,709",6.992167822,50.91563984,nass/feucht,"5,21E+18","Fuss, PKW"
33695,5,3,15,0,2021,April,18,Dienstag,Unfall mit Leichtverletzten,Zusammenstoß mit vorausfahrendem / wartendem Fahrzeug,Unfall im Längsverkehr,Tageslicht,0,1,0,0,1,0,"361861,7634","5647550,538",7.032851637,50.96298129,trocken,"5,21E+18","PKW, Gkfz"
33696,5,3,15,0,2021,Oktober,16,Montag,Unfall mit Schwerverletzten,Abkommen von Fahrbahn nach rechts,Fahrunfall,Tageslicht,0,1,0,0,0,0,"362920,632","5643818,855",7.049325628,50.9296962,trocken,"5,21E+18",PKW
33703,5,3,15,0,2021,Februar,11,Sonntag,Unfall mit Leichtverletzten,Unfall anderer Art,Fahrunfall,Tageslicht,1,0,0,0,0,0,"363129,7379","5636476,847",7.05505099,50.86375981,trocken,"5,21E+18",Rad
33707,5,3,15,0,2021,März,15,Donnerstag,Unfall mit Leichtverletzten,Unfall anderer Art,Sonstiger Unfall,Tageslicht,0,0,0,0,0,1,"361083,341","5649375,105",7.02107665,50.97919182,trocken,"5,21E+18",Sonstige
33708,5,3,15,0,2021,Mai,14,Sonntag,Unfall mit Schwerverletzten,Abkommen von Fahrbahn nach rechts,Fahrunfall,Tageslicht,0,0,0,1,0,0,"367860,6173","5639333,882",7.121205692,50.89053904,trocken,"5,21E+18",Krad
33711,5,3,15,0,2021,Juli,16,Freitag,Unfall mit Schwerverletzten,Zusammenstoß mit vorausfahrendem / wartendem Fahrzeug,Unfall im Längsverkehr,Tageslicht,0,1,0,1,0,0,"366090,4451","5634730,717",7.097736848,50.84875934,trocken,"5,21E+18","Krad, PKW"
33716,5,3,15,0,2021,November,9,Montag,Unfall mit Leichtverletzten,Abkommen von Fahrbahn nach links,Fahrunfall,Tageslicht,0,0,0,0,0,1,"359241,6281","5647760,037",6.995482916,50.96422989,nass/feucht,"5,21E+18",Sonstige
33718,5,3,15,0,2021,Januar,12,Samstag,Unfall mit Leichtverletzten,Zusammenstoß mit einbiegendem / kreuzendem Fahrzeug,Abbiegeunfall,Tageslicht,0,1,0,0,0,1,"362307,0163","5643877,825",7.040576892,50.93008004,nass/feucht,"5,21E+18","PKW, Sonstige"
33724,5,3,15,0,2021,Dezember,14,Sonntag,Unfall mit Leichtverletzten,Zusammenstoß mit vorausfahrendem / wartendem Fahrzeug,Unfall im Längsverkehr,Tageslicht,0,1,0,0,0,0,"363346,431","5641325,581",7.05631521,50.90738908,trocken,"5,21E+18",PKW
33732,5,3,15,0,2021,Juli,17,Samstag,Unfall mit Leichtverletzten,Zusammenstoß mit vorausfahrendem / wartendem Fahrzeug,Unfall im Längsverkehr,Tageslicht,0,1,0,0,0,0,"360224,1716","5647101,933",7.0097189,50.95855464,nass/feucht,"5,21E+18",PKW
33736,5,3,15,0,2021,März,12,Samstag,Unfall mit Leichtverletzten,Unfall anderer Art,Überschreiten-Unfall,Tageslicht,1,0,1,0,0,0,"363847,6186","5638590,561",7.064459006,50.88292644,trocken,"5,21E+18","Rad, Fuss"
33740,5,3,15,0,2021,September,9,Dienstag,Unfall mit Leichtverletzten,Zusammenstoß mit vorausfahrendem / wartendem Fahrzeug,Unfall im Längsverkehr,Tageslicht,0,1,0,0,0,0,"362301,0391","5645099,1",7.040030398,50.94105461,trocken,"5,21E+18",PKW
33744,5,3,15,0,2021,Februar,10,Donnerstag,Unfall mit Leichtverletzten,Zusammenstoß mit anfahrendem/ anhaltendem/ruhendem Fahrzeug,Unfall im Längsverkehr,Tageslicht,0,1,0,0,0,0,"360021,8932","5647658,347",7.006626456,50.9635061,nass/feucht,"5,21E+18",PKW
33746,5,3,15,0,2021,Oktober,6,Samstag,Unfall mit Leichtverletzten,Zusammenstoß mit einbiegendem / kreuzendem Fahrzeug,Abbiegeunfall,Dunkelheit,0,1,0,0,0,0,"366947,1052","5642150,372",7.107198193,50.91564322,trocken,"5,21E+18",PKW
33757,5,3,15,0,2021,September,5,Freitag,Unfall mit Leichtverletzten,Zusammenstoß zwischen Fahrzeug und Fußgänger,Sonstiger Unfall,Dunkelheit,1,0,1,0,0,0,"359586,376","5650553,89",6.999310139,50.98942252,trocken,"5,21E+18","Rad, Fuss"
33758,5,3,15,0,2021,Dezember,19,Donnerstag,Unfall mit Leichtverletzten,Zusammenstoß zwischen Fahrzeug und Fußgänger,Abbiegeunfall,Dunkelheit,0,1,1,0,0,0,"366284,908","5635851,63",7.100088282,50.85887884,nass/feucht,"5,21E+18","Fuss, PKW"
33769,5,3,15,0,2021,März,11,Samstag,Unfall mit Leichtverletzten,Zusammenstoß zwischen Fahrzeug und Fußgänger,Überschreiten-Unfall,Tageslicht,0,1,1,0,0,0,"360995,5123","5644263,739",7.021778355,50.93323378,trocken,"5,21E+18","Fuss, PKW"
33779,5,3,15,0,2021,Juni,15,Donnerstag,Unfall mit Schwerverletzten,Zusammenstoß mit vorausfahrendem / wartendem Fahrzeug,Unfall im Längsverkehr,Tageslicht,0,1,0,1,0,0,"360658,5127","5651972,526",7.014032341,51.00243249,trocken,"5,21E+18","Krad, PKW"
33782,5,3,15,0,2021,September,12,Samstag,Unfall mit Leichtverletzten,Zusammenstoß mit vorausfahrendem / wartendem Fahrzeug,Unfall im Längsverkehr,Tageslicht,0,1,0,0,0,0,"359794,3991","5649468,144",7.002691149,50.97971557,trocken,"5,21E+18",PKW
33787,5,3,15,0,2021,Oktober,6,Mittwoch,Unfall mit Schwerverletzten,Abkommen von Fahrbahn nach links,Fahrunfall,Dämmerung,0,1,0,0,0,0,"365996,1367","5636833,483",7.095628069,50.86763663,trocken,"5,21E+18",PKW
33788,5,3,15,0,2021,September,23,Samstag,Unfall mit Leichtverletzten,Abkommen von Fahrbahn nach rechts,Fahrunfall,Dunkelheit,0,0,0,1,0,0,"364314,9199","5638468,413",7.071143472,50.88193856,trocken,"5,21E+18",Krad
33794,5,3,15,0,2021,Juli,11,Mittwoch,Unfall mit Leichtverletzten,Unfall anderer Art,Fahrunfall,Tageslicht,0,0,0,1,0,0,"358777,6623","5642450,876",6.990938069,50.91640263,nass/feucht,"5,21E+18",Krad
33797,5,3,15,0,2021,November,21,Sonntag,Unfall mit Schwerverletzten,Zusammenstoß zwischen Fahrzeug und Fußgänger,Abbiegeunfall,Dunkelheit,0,1,1,0,0,0,"362104,1452","5644275,367",7.037541365,50.93360441,nass/feucht,"5,21E+18","Fuss, PKW"
33798,5,3,15,0,2021,Januar,13,Mittwoch,Unfall mit Leichtverletzten,Zusammenstoß zwischen Fahrzeug und Fußgänger,Fahrunfall,Tageslicht,0,0,1,0,1,0,"365316,8964","5640237,201",7.084726672,50.89807023,nass/feucht,"5,21E+18","Fuss, Gkfz"
33811,5,3,15,0,2021,März,12,Samstag,Unfall mit Leichtverletzten,Zusammenstoß mit vorausfahrendem / wartendem Fahrzeug,Unfall im Längsverkehr,Tageslicht,0,1,0,0,0,0,"366060,114","5635630,934",7.096976903,50.85684325,trocken,"5,21E+18",PKW
33817,5,3,15,0,2021,April,19,Sonntag,Unfall mit Leichtverletzten,Zusammenstoß mit vorausfahrendem / wartendem Fahrzeug,Unfall im Längsverkehr,Tageslicht,0,1,0,0,0,1,"359287,7656","5647746,635",6.996144706,50.96412071,trocken,"5,21E+18","PKW, Sonstige"
33821,5,3,15,0,2021,Juni,16,Donnerstag,Unfall mit Getöteten,Zusammenstoß zwischen Fahrzeug und Fußgänger,Überschreiten-Unfall,Tageslicht,0,1,1,0,0,0,"366720,138","5641838,712",7.104085112,50.91278974,trocken,"5,21E+18","Fuss, PKW"
33830,5,3,15,0,2021,Dezember,16,Montag,Unfall mit Leichtverletzten,Zusammenstoß mit vorausfahrendem / wartendem Fahrzeug,Unfall im Längsverkehr,Tageslicht,0,1,0,0,1,0,"358424,0218","5640221,609",6.986775065,50.89628137,trocken,"5,21E+18","PKW, Gkfz"
33838,5,3,15,0,2021,Juni,13,Mittwoch,Unfall mit Leichtverletzten,Zusammenstoß zwischen Fahrzeug und Fußgänger,Überschreiten-Unfall,Tageslicht,1,0,1,0,0,0,"360334,5106","5648357,772",7.010806901,50.9698678,trocken,"5,21E+18","Rad, Fuss"
33847,5,3,15,0,2021,Januar,20,Sonntag,Unfall mit Leichtverletzten,Unfall anderer Art,Abbiegeunfall,Dunkelheit,0,1,1,0,0,0,"360796,3949","5645044,542",7.018648167,50.940203,winterglatt,"5,21E+18","Fuss, PKW"
33861,5,3,15,0,2021,April,17,Samstag,Unfall mit Leichtverletzten,Unfall anderer Art,Überschreiten-Unfall,Tageslicht,0,0,1,0,1,0,"362354,2128","5643784,138",7.041283472,50.92924931,trocken,"5,21E+18","Fuss, Gkfz"
33866,5,3,15,0,2021,Oktober,12,Samstag,Unfall mit Leichtverletzten,Zusammenstoß mit einbiegendem / kreuzendem Fahrzeug,Einbiegen / Kreuzen-Unfall,Tageslicht,0,1,0,0,0,0,"365077,8956","5638523,672",7.081962785,50.88261388,trocken,"5,21E+18",PKW
33889,5,3,15,0,2021,November,17,Donnerstag,Unfall mit Leichtverletzten,Zusammenstoß mit anfahrendem/ anhaltendem/ruhendem Fahrzeug,Unfall durch ruhenden Verkehr,Dunkelheit,0,1,0,0,0,0,"365699,0563","5634833,892",7.092142392,50.84959591,nass/feucht,"5,21E+18",PKW
33891,5,3,15,0,2021,November,15,Dienstag,Unfall mit Leichtverletzten,Zusammenstoß mit vorausfahrendem / wartendem Fahrzeug,Abbiegeunfall,Tageslicht,0,1,0,0,0,0,"359282,2918","5637292,671",7.000099436,50.8701682,trocken,"5,21E+18",PKW
33898,5,3,15,0,2021,Mai,10,Montag,Unfall mit Leichtverletzten,Zusammenstoß mit einbiegendem / kreuzendem Fahrzeug,Einbiegen / Kreuzen-Unfall,Tageslicht,0,1,0,0,0,0,"363013,802","5648407,111",7.04892437,50.97095466,trocken,"5,21E+18",PKW
33903,5,3,15,0,2021,März,6,Samstag,Unfall mit Leichtverletzten,Zusammenstoß mit einbiegendem / kreuzendem Fahrzeug,Einbiegen / Kreuzen-Unfall,Dunkelheit,0,1,0,0,0,0,"361599,8171","5649987,068",7.02819635,50.98481603,nass/feucht,"5,21E+18",PKW
33905,5,3,15,0,2021,November,18,Dienstag,Unfall mit Leichtverletzten,Zusammenstoß zwischen Fahrzeug und Fußgänger,Sonstiger Unfall,Dämmerung,0,1,1,0,0,0,"360653,2967","5648975,133",7.015107735,50.97549331,trocken,"5,21E+18","Fuss, PKW"
33916,5,3,15,0,2021,Juni,19,Samstag,Unfall mit Leichtverletzten,Zusammenstoß mit einbiegendem / kreuzendem Fahrzeug,Abbiegeunfall,Tageslicht,0,1,0,1,0,0,"362302,7333","5643886,091",7.040512859,50.9301533,trocken,"5,21E+18","Krad, PKW"
33919,5,3,15,0,2021,März,16,Samstag,Unfall mit Leichtverletzten,Zusammenstoß mit einbiegendem / kreuzendem Fahrzeug,Abbiegeunfall,Tageslicht,1,1,0,0,0,0,"364918,594","5643063,365",7.078019818,50.92337756,trocken,"5,21E+18","Rad, PKW"
33922,5,3,15,0,2021,März,15,Mittwoch,Unfall mit Schwerverletzten,Zusammenstoß mit entgegenkommendem Fahrzeug,Abbiegeunfall,Tageslicht,1,1,0,0,0,0,"363682,9427","5651689,842",7.057217435,51.00061647,trocken,"5,21E+18","Rad, PKW"
33928,5,3,15,0,2021,Februar,13,Sonntag,Unfall mit Schwerverletzten,Zusammenstoß mit vorausfahrendem / wartendem Fahrzeug,Unfall im Längsverkehr,Tageslicht,0,1,0,0,0,0,"361748,2359","5647974,993",7.031074672,50.96676873,trocken,"5,21E+18",PKW
33939,5,3,15,0,2021,September,15,Sonntag,Unfall mit Leichtverletzten,Zusammenstoß mit vorausfahrendem / wartendem Fahrzeug,Unfall im Längsverkehr,Tageslicht,0,1,0,0,0,0,"360654,0507","5653370,18",7.013432097,51.01499223,trocken,"5,21E+18",PKW
33941,5,3,15,0,2021,Februar,15,Donnerstag,Unfall mit Leichtverletzten,Zusammenstoß mit seitlich in gleicher Richtung fahrendem Fahrzeug,Unfall im Längsverkehr,Tageslicht,0,1,0,0,0,0,"359938,2814","5647695,921",7.00542208,50.96382346,trocken,"5,21E+18",PKW
33943,5,3,15,0,2021,Oktober,12,Samstag,Unfall mit Leichtverletzten,Zusammenstoß mit einbiegendem / kreuzendem Fahrzeug,Abbiegeunfall,Tageslicht,0,1,0,0,0,0,"366946,9405","5642149,959",7.107196002,50.91563947,trocken,"5,21E+18",PKW
33947,5,3,15,0,2021,Dezember,19,Freitag,Unfall mit Leichtverletzten,Zusammenstoß mit seitlich in gleicher Richtung fahrendem Fahrzeug,Einbiegen / Kreuzen-Unfall,Dunkelheit,0,1,0,0,0,1,"364383,005","5641072,174",7.071144052,50.90535602,trocken,"5,21E+18","PKW, Sonstige"
33962,5,3,15,0,2021,September,13,Sonntag,Unfall mit Leichtverletzten,Zusammenstoß mit anfahrendem/ anhaltendem/ruhendem Fahrzeug,Unfall im Längsverkehr,Tageslicht,0,1,0,0,0,0,"363214,7701","5638372,466",7.055549577,50.88081684,trocken,"5,21E+18",PKW
33969,5,3,15,0,2021,November,11,Dienstag,Unfall mit Leichtverletzten,Zusammenstoß mit anfahrendem/ anhaltendem/ruhendem Fahrzeug,Sonstiger Unfall,Tageslicht,0,1,0,1,0,0,"361434,8722","5649773,092",7.025929441,50.98285331,nass/feucht,"5,21E+18","Krad, PKW"
33984,5,3,15,0,2021,April,11,Sonntag,Unfall mit Leichtverletzten,Zusammenstoß mit vorausfahrendem / wartendem Fahrzeug,Unfall im Längsverkehr,Tageslicht,0,1,0,0,0,0,"365988,5145","5637026,613",7.095449058,50.86937066,trocken,"5,21E+18",PKW
33985,5,3,15,0,2021,November,19,Samstag,Unfall mit Schwerverletzten,Zusammenstoß zwischen Fahrzeug und Fußgänger,Überschreiten-Unfall,Dunkelheit,0,1,1,0,0,0,"364361,4167","5641542,498",7.070662407,50.90957801,trocken,"5,21E+18","Fuss, PKW"
33994,5,3,15,0,2021,Januar,17,Donnerstag,Unfall mit Leichtverletzten,Unfall anderer Art,Sonstiger Unfall,Dunkelheit,1,0,0,0,0,0,"362001,4664","5640248,703",7.037604152,50.89739083,trocken,"5,21E+18",Rad
34013,5,3,15,0,2021,Dezember,21,Freitag,Unfall mit Leichtverletzten,Zusammenstoß mit seitlich in gleicher Richtung fahrendem Fahrzeug,Unfall im Längsverkehr,Dunkelheit,0,1,0,0,0,0,"359438,9097","5651527,011",6.996833723,50.99813197,nass/feucht,"5,21E+18",PKW
34057,5,3,15,0,2021,Oktober,12,Samstag,Unfall mit Leichtverletzten,Zusammenstoß zwischen Fahrzeug und Fußgänger,Abbiegeunfall,Tageslicht,0,1,1,0,0,0,"362584,454","5651852,653",7.04150996,51.00181839,trocken,"5,21E+18","Fuss, PKW"
34065,5,3,15,0,2021,Dezember,13,Dienstag,Unfall mit Leichtverletzten,Zusammenstoß mit einbiegendem / kreuzendem Fahrzeug,Abbiegeunfall,Tageslicht,1,1,0,0,0,0,"358350,451","5642957,858",6.984667593,50.92085421,trocken,"5,21E+18","Rad, PKW"
34070,5,3,15,0,2021,Juni,18,Samstag,Unfall mit Leichtverletzten,Zusammenstoß mit einbiegendem / kreuzendem Fahrzeug,Abbiegeunfall,Tageslicht,0,1,0,0,0,1,"361437,55","5645317,186",7.027664535,50.94280775,trocken,"5,21E+18","PKW, Sonstige"
34079,5,3,15,0,2021,März,15,Mittwoch,Unfall mit Schwerverletzten,Zusammenstoß mit einbiegendem / kreuzendem Fahrzeug,Abbiegeunfall,Tageslicht,0,1,0,0,0,1,"359936,054","5647697,001",7.005389965,50.96383263,nass/feucht,"5,21E+18","PKW, Sonstige"
34086,5,3,15,0,2021,September,2,Montag,Unfall mit Leichtverletzten,Unfall anderer Art,Fahrunfall,Dunkelheit,0,0,0,0,0,1,"364379,249","5638415,693",7.072076961,50.88147983,trocken,"5,21E+18",Sonstige
34094,5,3,15,0,2021,Oktober,15,Freitag,Unfall mit Leichtverletzten,Abkommen von Fahrbahn nach rechts,Fahrunfall,Tageslicht,0,1,0,0,0,0,"362215,941","5645888,485",7.038521267,50.94812874,trocken,"5,21E+18",PKW
34101,5,3,15,0,2021,Dezember,15,Dienstag,Unfall mit Leichtverletzten,Unfall anderer Art,Fahrunfall,Tageslicht,0,0,0,1,0,0,"363307,908","5641898,963",7.055552848,50.9125332,trocken,"5,21E+18",Krad
34106,5,3,15,0,2021,November,7,Dienstag,Unfall mit Leichtverletzten,Zusammenstoß mit vorausfahrendem / wartendem Fahrzeug,Unfall im Längsverkehr,Dämmerung,0,0,0,0,1,1,"368071,3019","5641095,05",7.123563273,50.90641628,trocken,"5,21E+18","Gkfz, Sonstige"
34111,5,3,15,0,2021,September,21,Montag,Unfall mit Leichtverletzten,Abkommen von Fahrbahn nach links,Unfall im Längsverkehr,Dunkelheit,0,1,0,0,0,0,"366444,2498","5645759,244",7.098726407,50.94796236,trocken,"5,21E+18",PKW
34160,5,3,15,0,2021,Oktober,15,Freitag,Unfall mit Leichtverletzten,Zusammenstoß mit vorausfahrendem / wartendem Fahrzeug,Unfall im Längsverkehr,Tageslicht,0,1,0,0,0,0,"361115,5674","5649462,606",7.021502002,50.97998598,nass/feucht,"5,21E+18",PKW
34165,5,3,15,0,2021,November,5,Sonntag,Unfall mit Leichtverletzten,Zusammenstoß mit seitlich in gleicher Richtung fahrendem Fahrzeug,Sonstiger Unfall,Dunkelheit,0,1,0,0,0,0,"359424,3316","5644795,237",6.999227792,50.93762959,nass/feucht,"5,21E+18",PKW
34167,5,3,15,0,2021,Juli,22,Freitag,Unfall mit Leichtverletzten,Zusammenstoß mit anfahrendem/ anhaltendem/ruhendem Fahrzeug,Unfall im Längsverkehr,Dunkelheit,0,1,0,0,0,0,"363545,2399","5641426,162",7.059103617,50.90834008,nass/feucht,"5,21E+18",PKW
34175,5,3,15,0,2021,Juli,1,Mittwoch,Unfall mit Schwerverletzten,Zusammenstoß mit entgegenkommendem Fahrzeug,Unfall im Längsverkehr,Dunkelheit,0,1,0,0,0,1,"359722,5606","5647257,927",7.002520917,50.95983469,trocken,"5,21E+18","PKW, Sonstige"
34177,5,3,15,0,2021,Juni,7,Dienstag,Unfall mit Leichtverletzten,Zusammenstoß mit vorausfahrendem / wartendem Fahrzeug,Unfall im Längsverkehr,Tageslicht,0,1,0,0,0,0,"365809,7697","5639400,967",7.09203868,50.89066917,nass/feucht,"5,21E+18",PKW
34196,5,3,15,0,2021,September,7,Freitag,Unfall mit Leichtverletzten,Zusammenstoß mit einbiegendem / kreuzendem Fahrzeug,Einbiegen / Kreuzen-Unfall,Tageslicht,1,1,0,0,0,0,"363172,181","5639361,168",7.054574352,50.8896927,trocken,"5,21E+18","Rad, PKW"
34201,5,3,15,0,2021,September,1,Montag,Unfall mit Leichtverletzten,Unfall anderer Art,Fahrunfall,Dunkelheit,0,0,0,0,0,1,"360046,5273","5644910,381",7.008033358,50.93881575,trocken,"5,21E+18",Sonstige
34211,5,3,15,0,2021,Juni,19,Mittwoch,Unfall mit Leichtverletzten,Zusammenstoß mit seitlich in gleicher Richtung fahrendem Fahrzeug,Unfall im Längsverkehr,Tageslicht,0,1,0,0,1,0,"362479,094","5645137,602",7.042548666,50.94144314,trocken,"5,21E+18","PKW, Gkfz"
34219,5,3,15,0,2021,November,6,Donnerstag,Unfall mit Leichtverletzten,Zusammenstoß mit einbiegendem / kreuzendem Fahrzeug,Einbiegen / Kreuzen-Unfall,Dunkelheit,0,1,0,0,0,0,"363475,46","5640205,144",7.058568301,50.8973497,trocken,"5,21E+18",PKW
34220,5,3,15,0,2021,April,6,Samstag,Unfall mit Leichtverletzten,Zusammenstoß zwischen Fahrzeug und Fußgänger,Überschreiten-Unfall,Tageslicht,1,0,1,0,0,0,"358355,4372","5639729,21",6.985991369,50.89183931,trocken,"5,21E+18","Rad, Fuss"
34224,5,3,15,0,2021,Juli,17,Montag,Unfall mit Leichtverletzten,Zusammenstoß mit vorausfahrendem / wartendem Fahrzeug,Unfall im Längsverkehr,Tageslicht,0,1,0,0,0,0,"361748,1467","5647965,955",7.031076838,50.96668749,trocken,"5,21E+18",PKW
34229,5,3,15,0,2021,September,16,Samstag,Unfall mit Leichtverletzten,Zusammenstoß mit vorausfahrendem / wartendem Fahrzeug,Unfall im Längsverkehr,Tageslicht,0,1,0,0,0,1,"367611,3068","5641293,467",7.11695251,50.9080943,nass/feucht,"5,21E+18","PKW, Sonstige"
34231,5,3,15,0,2021,Juni,23,Montag,Unfall mit Schwerverletzten,Aufprall auf Fahrbahnhindernis,Sonstiger Unfall,Dunkelheit,0,0,0,1,0,0,"368807,3647","5638469,287",7.134969571,50.88298395,trocken,"5,21E+18",Krad
34237,5,3,15,0,2021,Juni,17,Mittwoch,Unfall mit Leichtverletzten,Unfall anderer Art,Unfall im Längsverkehr,Tageslicht,1,0,0,0,0,1,"360801,504","5645044,674",7.018720791,50.94020541,trocken,"5,21E+18","Rad, Sonstige"
34240,5,3,15,0,2021,September,13,Dienstag,Unfall mit Leichtverletzten,Zusammenstoß zwischen Fahrzeug und Fußgänger,Überschreiten-Unfall,Tageslicht,0,1,1,0,0,0,"360028,45","5648029,847",7.006576831,50.9668464,trocken,"5,21E+18","Fuss, PKW"