OBJECTID,ULAND,UREGBEZ,UKREIS,UGEMEINDE,UJAHR,UMONAT,USTUNDE,UWOCHENTAG,UKATEGORIE,UART,UTYP1,ULICHTVERH,IstRad,IstPKW,IstFuss,IstKrad,IstGkfz,IstSonstige,LINREFX,LINREFY,XGCSWGS84,YGCSWGS84,USTRZUSTAND,UIDENTSTLAE,Participants
34245,5,3,15,0,2021,April,16,Mittwoch,Unfall mit Leichtverletzten,Zusammenstoß mit einbiegendem / kreuzendem Fahrzeug,Einbiegen / Kreuzen-Unfall,Tageslicht,1,1,0,0,0,0,"367448,6866","5644998,507",7.113293916,50.94135692,trocken,"5,21E+18","Rad, PKW"
34249,5,3,15,0,2021,September,13,Mittwoch,Unfall mit Leichtverletzten,Zusammenstoß mit einbiegendem / kreuzendem Fahrzeug,Einbiegen / Kreuzen-Unfall,Tageslicht,1,1,0,0,0,0,"359115,2299","5646136,855",6.994312391,50.94961137,trocken,"5,21E+18","Rad, PKW"
34252,5,3,15,0,2021,Oktober,17,Samstag,Unfall mit Leichtverletzten,Zusammenstoß mit einbiegendem / kreuzendem Fahrzeug,Abbiegeunfall,Tageslicht,0,1,0,0,0,0,"366384,6954","5641379,846",7.099484236,50.90858803,trocken,"5,21E+18",PKW
34264,5,3,15,0,2021,Dezember,16,Donnerstag,Unfall mit Leichtverletzten,Abkommen von Fahrbahn nach rechts,Fahrunfall,Dunkelheit,0,1,0,0,0,0,"361355,3519","5642420,211",7.027597093,50.91675208,nass/feucht,"5,21E+18",PKW
34273,5,3,15,0,2021,Juni,21,Freitag,Unfall mit Leichtverletzten,Unfall anderer Art,Fahrunfall,Tageslicht,1,0,0,0,0,0,"359941,1152","5647729,951",7.005449308,50.96412998,trocken,"5,21E+18",Rad
34275,5,3,15,0,2021,November,6,Samstag,Unfall mit Leichtverletzten,Zusammenstoß mit einbiegendem / kreuzendem Fahrzeug,Abbiegeunfall,Dunkelheit,1,1,0,0,0,0,"365990,6078","5643739,405",7.093015208,50.92970355,nass/feucht,"5,21E+18","Rad, PKW"
34285,5,3,15,0,2021,Januar,13,Samstag,Unfall mit Leichtverletzten,Zusammenstoß mit vorausfahrendem / wartendem Fahrzeug,Unfall im Längsverkehr,Tageslicht,0,1,0,1,0,0,"362681,205","5637172,694",7.048420016,50.86990737,trocken,"5,21E+18","Krad, PKW"
34286,5,3,15,0,2021,Oktober,18,Freitag,Unfall mit Leichtverletzten,Zusammenstoß mit vorausfahrendem / wartendem Fahrzeug,Unfall im Längsverkehr,Dämmerung,0,1,0,0,0,1,"358953,181","5643601,251",6.992988491,50.92678409,trocken,"5,21E+18","PKW, Sonstige"
34290,5,3,15,0,2021,November,14,Dienstag,Unfall mit Leichtverletzten,Zusammenstoß mit anfahrendem/ anhaltendem/ruhendem Fahrzeug,Unfall durch ruhenden Verkehr,Tageslicht,1,1,0,0,0,0,"359348,9744","5644778,645",6.99816236,50.9374621,nass/feucht,"5,21E+18","Rad, PKW"
34303,5,3,15,0,2021,Dezember,19,Donnerstag,Unfall mit Leichtverletzten,Zusammenstoß mit einbiegendem / kreuzendem Fahrzeug,Unfall durch ruhenden Verkehr,Dunkelheit,1,1,0,0,0,0,"360096,1341","5644926,25",7.008732865,50.9389704,nass/feucht,"5,21E+18","Rad, PKW"
34305,5,3,15,0,2021,Juni,22,Sonntag,Unfall mit Leichtverletzten,Zusammenstoß zwischen Fahrzeug und Fußgänger,Überschreiten-Unfall,Dämmerung,0,1,1,0,0,0,"359404,6991","5644785,901",6.998952154,50.9375409,nass/feucht,"5,21E+18","Fuss, PKW"
34341,5,3,15,0,2021,Oktober,16,Sonntag,Unfall mit Leichtverletzten,Zusammenstoß mit einbiegendem / kreuzendem Fahrzeug,Sonstiger Unfall,Tageslicht,1,1,0,0,0,0,"360045,569","5644910,035",7.00801986,50.93881241,trocken,"5,21E+18","Rad, PKW"
34342,5,3,15,0,2021,Dezember,10,Dienstag,Unfall mit Leichtverletzten,Zusammenstoß mit einbiegendem / kreuzendem Fahrzeug,Abbiegeunfall,Tageslicht,1,1,0,0,0,0,"359721,7601","5647256,119",7.002510223,50.95981824,trocken,"5,21E+18","Rad, PKW"
34344,5,3,15,0,2021,Juni,15,Sonntag,Unfall mit Leichtverletzten,Unfall anderer Art,Abbiegeunfall,Tageslicht,0,1,0,1,0,0,"366204,2102","5642677,403",7.096442721,50.92020824,trocken,"5,21E+18","Krad, PKW"
34345,5,3,15,0,2021,Dezember,11,Mittwoch,Unfall mit Leichtverletzten,Zusammenstoß mit einbiegendem / kreuzendem Fahrzeug,Einbiegen / Kreuzen-Unfall,Tageslicht,1,1,0,0,0,0,"365148,0883","5637062,779",7.083498831,50.86950026,trocken,"5,21E+18","Rad, PKW"
34365,5,3,15,0,2021,September,14,Sonntag,Unfall mit Leichtverletzten,Zusammenstoß mit einbiegendem / kreuzendem Fahrzeug,Einbiegen / Kreuzen-Unfall,Tageslicht,1,1,0,0,0,0,"361423,4535","5645348,169",7.027452221,50.94308281,trocken,"5,21E+18","Rad, PKW"
34366,5,3,15,0,2021,Dezember,14,Samstag,Unfall mit Leichtverletzten,Zusammenstoß zwischen Fahrzeug und Fußgänger,Überschreiten-Unfall,Tageslicht,0,0,1,0,0,1,"359933,0845","5634945,872",7.01024077,50.84923491,nass/feucht,"5,21E+18","Fuss, Sonstige"
34370,5,3,15,0,2021,Juni,17,Dienstag,Unfall mit Leichtverletzten,Zusammenstoß mit entgegenkommendem Fahrzeug,Sonstiger Unfall,Tageslicht,1,0,0,0,0,1,"363854,6354","5638590,275",7.064558802,50.88292553,trocken,"5,21E+18","Rad, Sonstige"
34390,5,3,15,0,2021,Juni,4,Samstag,Unfall mit Leichtverletzten,Zusammenstoß mit vorausfahrendem / wartendem Fahrzeug,Fahrunfall,Dämmerung,0,1,0,0,0,1,"359585,2839","5650164,605",6.999445036,50.98592373,trocken,"5,21E+18","PKW, Sonstige"
34395,5,3,15,0,2021,Februar,7,Samstag,Unfall mit Leichtverletzten,Unfall anderer Art,Unfall im Längsverkehr,Dämmerung,1,0,0,0,0,0,"364372,7154","5649131,423",7.06799718,50.97778596,trocken,"5,21E+18",Rad
34397,5,3,15,0,2021,November,16,Donnerstag,Unfall mit Leichtverletzten,Zusammenstoß mit vorausfahrendem / wartendem Fahrzeug,Unfall im Längsverkehr,Dämmerung,0,1,0,0,0,0,"363238,1949","5638803,183",7.0557212,50.88469345,nass/feucht,"5,21E+18",PKW
34403,5,3,15,0,2021,Dezember,14,Freitag,Unfall mit Leichtverletzten,Zusammenstoß mit vorausfahrendem / wartendem Fahrzeug,Unfall im Längsverkehr,Tageslicht,0,1,0,0,0,0,"362070,47","5646571,022",7.036193082,50.95422811,trocken,"5,21E+18",PKW
34404,5,3,15,0,2021,März,15,Dienstag,Unfall mit Leichtverletzten,Zusammenstoß mit vorausfahrendem / wartendem Fahrzeug,Unfall im Längsverkehr,Tageslicht,0,1,0,0,0,0,"362345,2939","5645434,557",7.040533144,50.94408005,trocken,"5,21E+18",PKW
34411,5,3,15,0,2021,Februar,12,Freitag,Unfall mit Leichtverletzten,Zusammenstoß mit anfahrendem/ anhaltendem/ruhendem Fahrzeug,Sonstiger Unfall,Tageslicht,1,1,0,0,0,0,"363388,9396","5638533,006",7.057963938,50.8823009,trocken,"5,21E+18","Rad, PKW"
34417,5,3,15,0,2021,Dezember,16,Sonntag,Unfall mit Leichtverletzten,Zusammenstoß mit seitlich in gleicher Richtung fahrendem Fahrzeug,Unfall im Längsverkehr,Dämmerung,0,1,0,0,1,0,"362982,6935","5644274,062",7.050037109,50.93380207,trocken,"5,21E+18","PKW, Gkfz"
34433,5,3,15,0,2021,April,16,Samstag,Unfall mit Leichtverletzten,Zusammenstoß mit einbiegendem / kreuzendem Fahrzeug,Einbiegen / Kreuzen-Unfall,Tageslicht,1,1,0,0,0,0,"366826,6198","5636933,719",7.107386939,50.86872945,trocken,"5,21E+18","Rad, PKW"
34442,5,3,15,0,2021,November,12,Donnerstag,Unfall mit Leichtverletzten,Unfall anderer Art,Einbiegen / Kreuzen-Unfall,Tageslicht,1,1,0,0,0,0,"362028,3076","5648048,753",7.03503285,50.96749877,trocken,"5,21E+18","Rad, PKW"
34443,5,3,15,0,2021,Februar,15,Freitag,Unfall mit Schwerverletzten,Zusammenstoß mit entgegenkommendem Fahrzeug,Unfall im Längsverkehr,Tageslicht,1,0,0,0,0,0,"363137,515","5642229,957",7.053006338,50.91546761,trocken,"5,21E+18",Rad
34444,5,3,15,0,2021,Februar,18,Samstag,Unfall mit Schwerverletzten,Zusammenstoß mit einbiegendem / kreuzendem Fahrzeug,Einbiegen / Kreuzen-Unfall,Dämmerung,0,1,0,0,0,0,"359586,376","5650553,89",6.999310139,50.98942252,trocken,"5,21E+18",PKW
34450,5,3,15,0,2021,Oktober,15,Sonntag,Unfall mit Leichtverletzten,Unfall anderer Art,Einbiegen / Kreuzen-Unfall,Tageslicht,0,1,0,0,0,0,"363517,1195","5646022,179",7.056983145,50.94963985,trocken,"5,21E+18",PKW
34452,5,3,15,0,2021,September,12,Mittwoch,Unfall mit Leichtverletzten,Zusammenstoß mit einbiegendem / kreuzendem Fahrzeug,Abbiegeunfall,Tageslicht,1,0,0,0,0,1,"358376,927","5644757,2",6.984345002,50.93703147,trocken,"5,21E+18","Rad, Sonstige"
34455,5,3,15,0,2021,Juni,13,Donnerstag,Unfall mit Leichtverletzten,Unfall anderer Art,Unfall durch ruhenden Verkehr,Tageslicht,1,1,0,0,0,0,"361054,0163","5640857,947",7.023907725,50.9026391,trocken,"5,21E+18","Rad, PKW"
34464,5,3,15,0,2021,Oktober,12,Montag,Unfall mit Leichtverletzten,Zusammenstoß mit entgegenkommendem Fahrzeug,Fahrunfall,Tageslicht,0,1,0,0,0,0,"360544,128","5648755,575",7.013637917,50.97349369,trocken,"5,21E+18",PKW
34466,5,3,15,0,2021,Oktober,7,Samstag,Unfall mit Leichtverletzten,Zusammenstoß zwischen Fahrzeug und Fußgänger,Abbiegeunfall,Tageslicht,0,1,1,0,0,0,"360010,9809","5648018,927",7.006332406,50.96674402,trocken,"5,21E+18","Fuss, PKW"
34472,5,3,15,0,2021,Oktober,18,Dienstag,Unfall mit Leichtverletzten,Unfall anderer Art,Einbiegen / Kreuzen-Unfall,Dunkelheit,0,1,0,1,0,0,"365990,0345","5635843,988",7.095903794,50.85874189,nass/feucht,"5,21E+18","Krad, PKW"
34473,5,3,15,0,2021,Dezember,11,Samstag,Unfall mit Leichtverletzten,Zusammenstoß mit seitlich in gleicher Richtung fahrendem Fahrzeug,Einbiegen / Kreuzen-Unfall,Tageslicht,1,0,0,0,0,1,"364560,508","5645615,876",7.071979272,50.94623432,nass/feucht,"5,21E+18","Rad, Sonstige"
34476,5,3,15,0,2021,Oktober,13,Freitag,Unfall mit Leichtverletzten,Unfall anderer Art,Fahrunfall,Tageslicht,1,0,0,0,0,0,"358654,2787","5642615,452",6.989120171,50.91785149,trocken,"5,21E+18",Rad
34481,5,3,15,0,2021,November,14,Samstag,Unfall mit Schwerverletzten,Unfall anderer Art,Sonstiger Unfall,Tageslicht,1,0,0,0,0,0,"363023,4926","5639336,873",7.052470705,50.88943911,nass/feucht,"5,21E+18",Rad
34482,5,3,15,0,2021,Mai,14,Montag,Unfall mit Schwerverletzten,Zusammenstoß zwischen Fahrzeug und Fußgänger,Überschreiten-Unfall,Tageslicht,0,0,1,0,0,1,"359822,025","5647469,4",7.003854854,50.96175942,trocken,"5,21E+18","Fuss, Sonstige"
34483,5,3,15,0,2021,Februar,10,Samstag,Unfall mit Leichtverletzten,Zusammenstoß mit einbiegendem / kreuzendem Fahrzeug,Einbiegen / Kreuzen-Unfall,Tageslicht,0,1,0,0,0,1,"362290,664","5651451,333",7.037477616,50.99814139,trocken,"5,21E+18","PKW, Sonstige"
34490,5,3,15,0,2021,März,7,Mittwoch,Unfall mit Leichtverletzten,Zusammenstoß mit vorausfahrendem / wartendem Fahrzeug,Unfall im Längsverkehr,Tageslicht,0,1,0,0,0,0,"362522,5234","5645047,173",7.043200574,50.94064078,nass/feucht,"5,21E+18",PKW
34495,5,3,15,0,2021,September,8,Freitag,Unfall mit Leichtverletzten,Zusammenstoß mit entgegenkommendem Fahrzeug,Unfall im Längsverkehr,Tageslicht,1,0,0,0,0,0,"360147,8721","5648154,814",7.00822845,50.9679985,trocken,"5,21E+18",Rad
34500,5,3,15,0,2021,Juni,11,Dienstag,Unfall mit Leichtverletzten,Unfall anderer Art,Abbiegeunfall,Tageslicht,1,1,0,0,0,0,"363761,2677","5648804,667",7.059414922,50.97470494,trocken,"5,21E+18","Rad, PKW"
34504,5,3,15,0,2021,Oktober,20,Freitag,Unfall mit Schwerverletzten,Unfall anderer Art,Unfall im Längsverkehr,Dunkelheit,1,0,0,1,0,0,"360324,3763","5644649,454",7.012085477,50.93653812,trocken,"5,21E+18","Rad, Krad"
34506,5,3,15,0,2021,Januar,23,Samstag,Unfall mit Leichtverletzten,Zusammenstoß mit anfahrendem/ anhaltendem/ruhendem Fahrzeug,Unfall im Längsverkehr,Dunkelheit,0,1,0,1,0,0,"359902,4497","5649168,963",7.004344696,50.97705311,nass/feucht,"5,21E+18","Krad, PKW"
34519,5,3,15,0,2021,September,10,Freitag,Unfall mit Schwerverletzten,Unfall anderer Art,Unfall durch ruhenden Verkehr,Tageslicht,0,0,1,0,0,1,"358821,028","5642413,889",6.991568907,50.91608084,trocken,"5,21E+18","Fuss, Sonstige"
34524,5,3,15,0,2021,Juli,20,Montag,Unfall mit Leichtverletzten,Zusammenstoß mit vorausfahrendem / wartendem Fahrzeug,Abbiegeunfall,Tageslicht,1,1,0,0,0,0,"360265,5498","5644965,895",7.011127417,50.93936778,trocken,"5,21E+18","Rad, PKW"
34531,5,3,15,0,2021,Juni,16,Donnerstag,Unfall mit Leichtverletzten,Zusammenstoß mit einbiegendem / kreuzendem Fahrzeug,Abbiegeunfall,Tageslicht,1,1,0,0,0,0,"361598,9392","5649984,642",7.028184774,50.98479402,trocken,"5,21E+18","Rad, PKW"
34533,5,3,15,0,2021,Juni,23,Sonntag,Unfall mit Leichtverletzten,Abkommen von Fahrbahn nach links,Fahrunfall,Dunkelheit,0,1,0,0,0,0,"360729,925","5650846,697",7.015481289,50.99233184,trocken,"5,21E+18",PKW
34543,5,3,15,0,2021,September,14,Montag,Unfall mit Leichtverletzten,Zusammenstoß mit vorausfahrendem / wartendem Fahrzeug,Unfall im Längsverkehr,Tageslicht,0,1,0,0,0,0,"362111,292","5646377,308",7.036847306,50.95249691,trocken,"5,21E+18",PKW
34545,5,3,15,0,2021,November,18,Dienstag,Unfall mit Leichtverletzten,Zusammenstoß mit einbiegendem / kreuzendem Fahrzeug,Abbiegeunfall,Dunkelheit,0,1,0,0,1,0,"366463,43","5640385,399",7.10096725,50.89966846,nass/feucht,"5,21E+18","PKW, Gkfz"
34547,5,3,15,0,2021,Juli,15,Samstag,Unfall mit Leichtverletzten,Zusammenstoß mit anfahrendem/ anhaltendem/ruhendem Fahrzeug,Unfall durch ruhenden Verkehr,Tageslicht,0,1,0,0,0,1,"364818,6871","5638361,736",7.078340008,50.88109787,trocken,"5,21E+18","PKW, Sonstige"
34550,5,3,15,0,2021,Februar,16,Samstag,Unfall mit Leichtverletzten,Zusammenstoß zwischen Fahrzeug und Fußgänger,Überschreiten-Unfall,Tageslicht,0,1,1,0,0,0,"363553,1929","5648836,556",7.05644096,50.97494227,trocken,"5,21E+18","Fuss, PKW"
34556,5,3,15,0,2021,Juni,13,Donnerstag,Unfall mit Leichtverletzten,Zusammenstoß mit vorausfahrendem / wartendem Fahrzeug,Unfall im Längsverkehr,Tageslicht,0,1,0,0,1,0,"361662,8722","5645039,44",7.030975282,50.94036568,trocken,"5,21E+18","PKW, Gkfz"
34559,5,3,15,0,2021,November,16,Samstag,Unfall mit Leichtverletzten,Zusammenstoß mit vorausfahrendem / wartendem Fahrzeug,Unfall im Längsverkehr,Dämmerung,0,1,0,0,0,0,"360193,8333","5644950,307",7.0101133,50.9392103,trocken,"5,21E+18",PKW
34566,5,3,15,0,2021,Juli,8,Mittwoch,Unfall mit Leichtverletzten,Zusammenstoß mit vorausfahrendem / wartendem Fahrzeug,Unfall im Längsverkehr,Tageslicht,0,1,0,0,0,0,"362287,445","5645593,811",7.039649985,50.9454975,nass/feucht,"5,21E+18",PKW
34570,5,3,15,0,2021,Oktober,22,Dienstag,Unfall mit Leichtverletzten,Zusammenstoß mit einbiegendem / kreuzendem Fahrzeug,Einbiegen / Kreuzen-Unfall,Dunkelheit,0,1,0,0,0,1,"359936,054","5647697,001",7.005389965,50.96383263,trocken,"5,21E+18","PKW, Sonstige"
34573,5,3,15,0,2021,Januar,16,Donnerstag,Unfall mit Leichtverletzten,Zusammenstoß mit einbiegendem / kreuzendem Fahrzeug,Abbiegeunfall,Tageslicht,1,1,0,0,0,0,"359504,2327","5644798,062",7.000363171,50.93767445,trocken,"5,21E+18","Rad, PKW"
34576,5,3,15,0,2021,November,18,Donnerstag,Unfall mit Leichtverletzten,Zusammenstoß mit vorausfahrendem / wartendem Fahrzeug,Unfall im Längsverkehr,Dunkelheit,0,1,0,0,0,0,"364540,453","5640393,768",7.07363376,50.89929577,trocken,"5,21E+18",PKW
34580,5,3,15,0,2021,September,12,Donnerstag,Unfall mit Leichtverletzten,Zusammenstoß mit einbiegendem / kreuzendem Fahrzeug,Einbiegen / Kreuzen-Unfall,Tageslicht,1,1,0,0,0,0,"358955,3623","5644592,099",6.992636093,50.93568946,trocken,"5,21E+18","Rad, PKW"
34581,5,3,15,0,2021,Juni,7,Samstag,Unfall mit Leichtverletzten,Zusammenstoß mit einbiegendem / kreuzendem Fahrzeug,Abbiegeunfall,Tageslicht,0,1,0,1,0,0,"362006,0966","5648042,216",7.034719204,50.96743471,trocken,"5,21E+18","Krad, PKW"
34585,5,3,15,0,2021,September,15,Donnerstag,Unfall mit Leichtverletzten,Zusammenstoß mit einbiegendem / kreuzendem Fahrzeug,Abbiegeunfall,Tageslicht,0,1,0,0,0,1,"366283,1262","5635851,593",7.100062993,50.85887809,trocken,"5,21E+18","PKW, Sonstige"
34586,5,3,15,0,2021,Juni,14,Samstag,Unfall mit Leichtverletzten,Zusammenstoß mit vorausfahrendem / wartendem Fahrzeug,Unfall im Längsverkehr,Tageslicht,0,1,0,0,0,0,"365547,1281","5646125,272",7.085827593,50.9510435,trocken,"5,21E+18",PKW
34591,5,3,15,0,2021,Juni,22,Freitag,Unfall mit Leichtverletzten,Zusammenstoß mit einbiegendem / kreuzendem Fahrzeug,Abbiegeunfall,Dunkelheit,0,1,0,0,0,1,"363308,9248","5641896,955",7.055568055,50.91251539,nass/feucht,"5,21E+18","PKW, Sonstige"
34594,5,3,15,0,2021,September,17,Donnerstag,Unfall mit Leichtverletzten,Unfall anderer Art,Fahrunfall,Tageslicht,0,0,0,0,0,1,"362663,6667","5648235,995",7.044005163,50.9693334,trocken,"5,21E+18",Sonstige
34595,5,3,15,0,2021,September,7,Donnerstag,Unfall mit Schwerverletzten,Unfall anderer Art,Sonstiger Unfall,Tageslicht,0,0,0,1,0,0,"361595,823","5644071,78",7.030389073,50.93165296,nass/feucht,"5,21E+18",Krad
34605,5,3,15,0,2021,Juli,12,Sonntag,Unfall mit Leichtverletzten,Abkommen von Fahrbahn nach links,Unfall im Längsverkehr,Tageslicht,0,1,0,0,0,0,"360560,3443","5642216,917",7.016371988,50.91473349,trocken,"5,21E+18",PKW
34623,5,3,15,0,2021,September,14,Freitag,Unfall mit Leichtverletzten,Zusammenstoß mit seitlich in gleicher Richtung fahrendem Fahrzeug,Unfall im Längsverkehr,Tageslicht,0,1,0,0,1,1,"362217,1534","5645780,209",7.038579483,50.94715592,trocken,"5,21E+18","PKW, Gkfz, Sonstige"
34626,5,3,15,0,2021,Dezember,2,Sonntag,Unfall mit Leichtverletzten,Abkommen von Fahrbahn nach rechts,Fahrunfall,Dunkelheit,0,1,0,0,0,0,"364278,2668","5648043,653",7.067058588,50.96798745,trocken,"5,21E+18",PKW
34630,5,3,15,0,2021,Mai,13,Donnerstag,Unfall mit Schwerverletzten,Zusammenstoß mit seitlich in gleicher Richtung fahrendem Fahrzeug,Unfall im Längsverkehr,Tageslicht,0,1,0,0,1,0,"361631,1655","5648623,964",7.029161556,50.97257306,trocken,"5,21E+18","PKW, Gkfz"
34631,5,3,15,0,2021,November,5,Montag,Unfall mit Leichtverletzten,Zusammenstoß mit vorausfahrendem / wartendem Fahrzeug,Unfall im Längsverkehr,Dunkelheit,0,1,0,0,0,1,"361027,3675","5647755,22",7.02089885,50.96462013,nass/feucht,"5,21E+18","PKW, Sonstige"
34635,5,3,15,0,2021,Juni,1,Freitag,Unfall mit Schwerverletzten,Abkommen von Fahrbahn nach links,Sonstiger Unfall,Dunkelheit,0,1,0,0,0,0,"359593,6657","5644807,236",7.001631683,50.93777868,trocken,"5,21E+18",PKW
34643,5,3,15,0,2021,September,10,Freitag,Unfall mit Leichtverletzten,Zusammenstoß mit einbiegendem / kreuzendem Fahrzeug,Einbiegen / Kreuzen-Unfall,Tageslicht,1,1,0,0,0,0,"362263,6919","5651372,113",7.037123522,50.99742297,trocken,"5,21E+18","Rad, PKW"
34646,5,3,15,0,2021,Februar,12,Freitag,Unfall mit Leichtverletzten,Zusammenstoß mit vorausfahrendem / wartendem Fahrzeug,Unfall im Längsverkehr,Tageslicht,0,1,0,0,0,0,"362483,3406","5645128,398",7.042612548,50.94136143,trocken,"5,21E+18",PKW
34658,5,3,15,0,2021,September,16,Freitag,Unfall mit Leichtverletzten,Unfall anderer Art,Sonstiger Unfall,Tageslicht,0,0,0,0,0,1,"360489,3535","5646571,591",7.013695699,50.95385264,trocken,"5,21E+18",Sonstige
34660,5,3,15,0,2021,September,12,Mittwoch,Unfall mit Leichtverletzten,Unfall anderer Art,Fahrunfall,Tageslicht,1,0,0,0,0,0,"359991,9701","5647881,631",7.006114679,50.96550551,trocken,"5,21E+18",Rad
34669,5,3,15,0,2021,November,12,Sonntag,Unfall mit Leichtverletzten,Unfall anderer Art,Sonstiger Unfall,Tageslicht,0,1,1,0,0,0,"358738,9012","5644704,606",6.989513805,50.93664758,trocken,"5,21E+18","Fuss, PKW"
34673,5,3,15,0,2021,Oktober,19,Donnerstag,Unfall mit Leichtverletzten,Zusammenstoß mit einbiegendem / kreuzendem Fahrzeug,Abbiegeunfall,Dämmerung,1,1,0,0,0,0,"361957,34","5648027,867",7.034030705,50.96729407,trocken,"5,21E+18","Rad, PKW"
34682,5,3,15,0,2021,Februar,14,Sonntag,Unfall mit Leichtverletzten,Zusammenstoß mit vorausfahrendem / wartendem Fahrzeug,Unfall im Längsverkehr,Tageslicht,0,1,0,0,0,0,"362477,0129","5645142,105",7.042517363,50.94148311,trocken,"5,21E+18",PKW
34683,5,3,15,0,2021,November,13,Dienstag,Unfall mit Leichtverletzten,Zusammenstoß mit vorausfahrendem / wartendem Fahrzeug,Unfall im Längsverkehr,Tageslicht,0,1,0,0,0,1,"361432,84","5642480,449",7.028675883,50.91731207,trocken,"5,21E+18","PKW, Sonstige"
34686,5,3,15,0,2021,Oktober,16,Montag,Unfall mit Schwerverletzten,Zusammenstoß mit seitlich in gleicher Richtung fahrendem Fahrzeug,Unfall im Längsverkehr,Tageslicht,0,1,0,0,0,0,"360047,156","5645861,375",7.007676907,50.94736263,trocken,"5,21E+18",PKW
34691,5,3,15,0,2021,Januar,13,Freitag,Unfall mit Leichtverletzten,Zusammenstoß mit einbiegendem / kreuzendem Fahrzeug,Abbiegeunfall,Tageslicht,1,1,0,0,0,0,"363775,7331","5645489,282",7.060861946,50.94491165,nass/feucht,"5,21E+18","Rad, PKW"
34698,5,3,15,0,2021,September,18,Freitag,Unfall mit Schwerverletzten,Zusammenstoß mit einbiegendem / kreuzendem Fahrzeug,Abbiegeunfall,Dämmerung,1,1,0,0,0,0,"359872,138","5649177,312",7.003909975,50.97712077,nass/feucht,"5,21E+18","Rad, PKW"
34718,5,3,15,0,2021,September,18,Montag,Unfall mit Leichtverletzten,Unfall anderer Art,Fahrunfall,Dämmerung,0,0,0,0,0,1,"364533,4479","5638374,122",7.074283066,50.88114238,trocken,"5,21E+18",Sonstige
34724,5,3,15,0,2021,März,12,Sonntag,Unfall mit Leichtverletzten,Zusammenstoß mit vorausfahrendem / wartendem Fahrzeug,Unfall im Längsverkehr,Tageslicht,0,1,0,0,0,0,"361505,9626","5647597,646",7.027770153,50.96331924,trocken,"5,21E+18",PKW
34731,5,3,15,0,2021,November,16,Samstag,Unfall mit Leichtverletzten,Unfall anderer Art,Einbiegen / Kreuzen-Unfall,Dämmerung,1,1,0,0,0,0,"365158,0801","5636341,51",7.083906594,50.86302006,trocken,"5,21E+18","Rad, PKW"
34735,5,3,15,0,2021,November,17,Mittwoch,Unfall mit Leichtverletzten,Zusammenstoß mit einbiegendem / kreuzendem Fahrzeug,Abbiegeunfall,Dunkelheit,0,1,0,0,0,1,"359081,3562","5644744,976",6.994368956,50.93709418,nass/feucht,"5,21E+18","PKW, Sonstige"
34736,5,3,15,0,2021,Juli,16,Freitag,Unfall mit Leichtverletzten,Zusammenstoß mit einbiegendem / kreuzendem Fahrzeug,Abbiegeunfall,Tageslicht,0,1,0,0,0,0,"362053,0601","5645040,671",7.036525071,50.94047022,nass/feucht,"5,21E+18",PKW
34737,5,3,15,0,2021,Juni,16,Montag,Unfall mit Leichtverletzten,Zusammenstoß mit einbiegendem / kreuzendem Fahrzeug,Einbiegen / Kreuzen-Unfall,Tageslicht,0,1,0,0,0,0,"362360,6523","5643770,549",7.041380182,50.92912871,trocken,"5,21E+18",PKW
34745,5,3,15,0,2021,Januar,16,Samstag,Unfall mit Leichtverletzten,Abkommen von Fahrbahn nach rechts,Fahrunfall,Dunkelheit,0,1,0,0,0,0,"358615,312","5645667,971",6.987382105,50.9452751,nass/feucht,"5,21E+18",PKW
34749,5,3,15,0,2021,November,7,Mittwoch,Unfall mit Leichtverletzten,Zusammenstoß mit einbiegendem / kreuzendem Fahrzeug,Einbiegen / Kreuzen-Unfall,Tageslicht,1,1,0,0,0,0,"361632,8755","5644068,418",7.030917306,50.93163163,trocken,"5,21E+18","Rad, PKW"
34760,5,3,15,0,2021,Mai,15,Dienstag,Unfall mit Leichtverletzten,Zusammenstoß mit einbiegendem / kreuzendem Fahrzeug,Abbiegeunfall,Tageslicht,1,1,0,0,0,0,"360754,611","5644300,428",7.018338177,50.93350539,trocken,"5,21E+18","Rad, PKW"
34765,5,3,15,0,2021,März,16,Mittwoch,Unfall mit Leichtverletzten,Zusammenstoß mit vorausfahrendem / wartendem Fahrzeug,Fahrunfall,Tageslicht,0,1,0,1,0,0,"365770,2998","5635826,625",7.092789882,50.85853487,trocken,"5,21E+18","Krad, PKW"
34767,5,3,15,0,2021,Mai,22,Dienstag,Unfall mit Schwerverletzten,Zusammenstoß mit vorausfahrendem / wartendem Fahrzeug,Fahrunfall,Dunkelheit,0,1,0,0,0,0,"359401,4495","5641485,727",7.000178304,50.907881,trocken,"5,21E+18",PKW
34769,5,3,15,0,2021,Oktober,18,Dienstag,Unfall mit Leichtverletzten,Unfall anderer Art,Einbiegen / Kreuzen-Unfall,Dämmerung,1,0,0,0,0,0,"365150,706","5637706,188",7.08329877,50.87528362,trocken,"5,21E+18",Rad
34788,5,3,15,0,2021,April,9,Mittwoch,Unfall mit Leichtverletzten,Unfall anderer Art,Sonstiger Unfall,Tageslicht,0,1,0,0,0,1,"362322,7012","5636655,224",7.043522868,50.86517135,trocken,"5,21E+18","PKW, Sonstige"
34790,5,3,15,0,2021,Januar,7,Freitag,Unfall mit Leichtverletzten,Zusammenstoß zwischen Fahrzeug und Fußgänger,Abbiegeunfall,Dunkelheit,0,1,1,0,0,0,"360998,4585","5644263,667",7.021820284,50.93323383,nass/feucht,"5,21E+18","Fuss, PKW"