OBJECTID,ULAND,UREGBEZ,UKREIS,UGEMEINDE,UJAHR,UMONAT,USTUNDE,UWOCHENTAG,UKATEGORIE,UART,UTYP1,ULICHTVERH,IstRad,IstPKW,IstFuss,IstKrad,IstGkfz,IstSonstige,LINREFX,LINREFY,XGCSWGS84,YGCSWGS84,USTRZUSTAND,UIDENTSTLAE,Participants
34792,5,3,15,0,2021,Januar,15,Dienstag,Unfall mit Leichtverletzten,Zusammenstoß mit seitlich in gleicher Richtung fahrendem Fahrzeug,Unfall im Längsverkehr,Tageslicht,0,1,0,0,1,0,"361178,2504","5642332,858",7.02511243,50.91592445,trocken,"5,21E+18","PKW, Gkfz"
34803,5,3,15,0,2021,April,16,Freitag,Unfall mit Leichtverletzten,Unfall anderer Art,Abbiegeunfall,Tageslicht,1,0,0,1,0,0,"359663,2851","5644819,404",7.002617228,50.93790499,trocken,"5,21E+18","Rad, Krad"
34816,5,3,15,0,2021,September,14,Dienstag,Unfall mit Leichtverletzten,Zusammenstoß mit einbiegendem / kreuzendem Fahrzeug,Einbiegen / Kreuzen-Unfall,Tageslicht,0,1,0,0,0,0,"361872,678","5648002,997",7.032835174,50.96705026,trocken,"5,21E+18",PKW
34817,5,3,15,0,2021,Januar,8,Freitag,Unfall mit Leichtverletzten,Zusammenstoß zwischen Fahrzeug und Fußgänger,Sonstiger Unfall,Tageslicht,0,1,1,0,0,0,"362889,0406","5636596,145",7.051588048,50.86477497,nass/feucht,"5,21E+18","Fuss, PKW"
34819,5,3,15,0,2021,Dezember,17,Donnerstag,Unfall mit Leichtverletzten,Zusammenstoß mit entgegenkommendem Fahrzeug,Abbiegeunfall,Dunkelheit,1,1,0,0,0,0,"364872,984","5645483,643",7.076473838,50.9451192,nass/feucht,"5,21E+18","Rad, PKW"
34822,5,3,15,0,2021,Oktober,18,Freitag,Unfall mit Leichtverletzten,Unfall anderer Art,Unfall im Längsverkehr,Dämmerung,0,1,0,1,0,0,"363181,4934","5638303,475",7.05510265,50.88018891,trocken,"5,21E+18","Krad, PKW"
34830,5,3,15,0,2021,September,17,Samstag,Unfall mit Leichtverletzten,Zusammenstoß mit vorausfahrendem / wartendem Fahrzeug,Unfall im Längsverkehr,Tageslicht,0,1,0,0,0,0,"366048,4161","5636131,739",7.096627505,50.86134165,trocken,"5,21E+18",PKW
34831,5,3,15,0,2021,September,8,Donnerstag,Unfall mit Leichtverletzten,Zusammenstoß mit vorausfahrendem / wartendem Fahrzeug,Unfall im Längsverkehr,Tageslicht,0,1,0,0,0,0,"365350,1781","5640154,609",7.085230127,50.89733568,trocken,"5,21E+18",PKW
34836,5,3,15,0,2021,Juni,7,Samstag,Unfall mit Schwerverletzten,Unfall anderer Art,Fahrunfall,Tageslicht,1,0,0,0,0,0,"359280,7783","5647739,731",6.996047937,50.96405697,trocken,"5,21E+18",Rad
34837,5,3,15,0,2021,April,7,Sonntag,Unfall mit Leichtverletzten,Abkommen von Fahrbahn nach rechts,Fahrunfall,Dämmerung,0,1,0,0,0,0,"362129,9131","5646363,038",7.037117657,50.95237312,trocken,"5,21E+18",PKW
34847,5,3,15,0,2021,September,12,Samstag,Unfall mit Leichtverletzten,Zusammenstoß mit vorausfahrendem / wartendem Fahrzeug,Unfall im Längsverkehr,Tageslicht,0,1,0,0,1,0,"363477,3303","5640211,874",7.058592365,50.89741063,nass/feucht,"5,21E+18","PKW, Gkfz"
34851,5,3,15,0,2021,Mai,10,Dienstag,Unfall mit Leichtverletzten,Zusammenstoß mit anfahrendem/ anhaltendem/ruhendem Fahrzeug,Einbiegen / Kreuzen-Unfall,Tageslicht,0,1,0,0,0,1,"358690,4417","5639631,437",6.9907894,50.89104267,nass/feucht,"5,21E+18","PKW, Sonstige"
34852,5,3,15,0,2021,September,13,Dienstag,Unfall mit Leichtverletzten,Zusammenstoß mit vorausfahrendem / wartendem Fahrzeug,Unfall im Längsverkehr,Tageslicht,0,1,0,0,1,0,"361755,8834","5647938,946",7.031197215,50.96644661,trocken,"5,21E+18","PKW, Gkfz"
34864,5,3,15,0,2021,November,16,Samstag,Unfall mit Leichtverletzten,Zusammenstoß mit anfahrendem/ anhaltendem/ruhendem Fahrzeug,Unfall im Längsverkehr,Dunkelheit,0,1,0,0,0,0,"361519,7607","5646970,533",7.028205174,50.95768654,nass/feucht,"5,21E+18",PKW
34865,5,3,15,0,2021,Juni,2,Montag,Unfall mit Leichtverletzten,Zusammenstoß zwischen Fahrzeug und Fußgänger,Sonstiger Unfall,Dunkelheit,0,1,1,0,0,0,"360841,335","5646048,066",7.018903987,50.94923272,trocken,"5,21E+18","Fuss, PKW"
34878,5,3,15,0,2021,Februar,16,Sonntag,Unfall mit Leichtverletzten,Unfall anderer Art,Fahrunfall,Tageslicht,1,0,0,0,0,0,"362111,1732","5651588,223",7.034869281,50.99932867,trocken,"5,21E+18",Rad
34880,5,3,15,0,2021,Juli,10,Mittwoch,Unfall mit Leichtverletzten,Zusammenstoß mit einbiegendem / kreuzendem Fahrzeug,Einbiegen / Kreuzen-Unfall,Tageslicht,1,1,0,0,0,0,"366281,091","5635851,551",7.100034108,50.85887725,nass/feucht,"5,21E+18","Rad, PKW"
34889,5,3,15,0,2021,November,17,Donnerstag,Unfall mit Leichtverletzten,Unfall anderer Art,Unfall im Längsverkehr,Dunkelheit,1,0,1,0,0,0,"361712,4699","5650431,119",7.029631305,50.98883387,trocken,"5,21E+18","Rad, Fuss"
34915,5,3,15,0,2021,September,18,Dienstag,Unfall mit Schwerverletzten,Unfall anderer Art,Einbiegen / Kreuzen-Unfall,Tageslicht,0,1,0,1,0,0,"364540,9081","5638373,703",7.074389208,50.88114037,trocken,"5,21E+18","Krad, PKW"
34937,5,3,15,0,2021,April,15,Sonntag,Unfall mit Leichtverletzten,Unfall anderer Art,Einbiegen / Kreuzen-Unfall,Tageslicht,1,1,0,0,0,0,"366461,7343","5640390,759",7.10094119,50.89971624,trocken,"5,21E+18","Rad, PKW"
34948,5,3,15,0,2021,April,17,Freitag,Unfall mit Leichtverletzten,Zusammenstoß mit einbiegendem / kreuzendem Fahrzeug,Einbiegen / Kreuzen-Unfall,Tageslicht,1,0,0,1,0,0,"368165,2524","5639205,032",7.125581094,50.88945057,trocken,"5,21E+18","Rad, Krad"
34956,5,3,15,0,2021,März,10,Donnerstag,Unfall mit Leichtverletzten,Zusammenstoß mit vorausfahrendem / wartendem Fahrzeug,Unfall im Längsverkehr,Tageslicht,0,1,0,0,0,0,"362260,2244","5645692,103",7.039225565,50.94637438,trocken,"5,21E+18",PKW
34959,5,3,15,0,2021,Juli,16,Donnerstag,Unfall mit Leichtverletzten,Zusammenstoß mit seitlich in gleicher Richtung fahrendem Fahrzeug,Unfall im Längsverkehr,Tageslicht,1,1,0,0,0,0,"367897,7414","5641772,867",7.120850763,50.91246868,trocken,"5,21E+18","Rad, PKW"
34962,5,3,15,0,2021,Juni,17,Freitag,Unfall mit Leichtverletzten,Zusammenstoß mit anfahrendem/ anhaltendem/ruhendem Fahrzeug,Unfall durch ruhenden Verkehr,Tageslicht,1,1,0,0,0,0,"365820,1059","5638405,549",7.092551059,50.88172507,trocken,"5,21E+18","Rad, PKW"
34964,5,3,15,0,2021,Juni,0,Mittwoch,Unfall mit Schwerverletzten,Abkommen von Fahrbahn nach rechts,Fahrunfall,Dunkelheit,0,1,0,0,0,0,"359445,5455","5643370,454",7.000078942,50.92483007,trocken,"5,21E+18",PKW
34973,5,3,15,0,2021,November,11,Dienstag,Unfall mit Leichtverletzten,Zusammenstoß mit seitlich in gleicher Richtung fahrendem Fahrzeug,Unfall im Längsverkehr,Tageslicht,0,1,0,0,1,0,"361763,1952","5642535,959",7.033351678,50.91789019,nass/feucht,"5,21E+18","PKW, Gkfz"
34975,5,3,15,0,2021,Dezember,10,Sonntag,Unfall mit Leichtverletzten,Zusammenstoß mit vorausfahrendem / wartendem Fahrzeug,Unfall im Längsverkehr,Tageslicht,0,1,0,0,1,0,"362234,358","5645967,315",7.038753461,50.9488416,nass/feucht,"5,21E+18","PKW, Gkfz"
34977,5,3,15,0,2021,September,15,Dienstag,Unfall mit Leichtverletzten,Zusammenstoß mit vorausfahrendem / wartendem Fahrzeug,Unfall im Längsverkehr,Tageslicht,0,1,0,0,0,1,"366469,326","5642230,296",7.100376069,50.9162512,trocken,"5,21E+18","PKW, Sonstige"
34997,5,3,15,0,2021,Juni,0,Montag,Unfall mit Leichtverletzten,Unfall anderer Art,Sonstiger Unfall,Dunkelheit,0,0,0,0,0,1,"360645,1068","5644314,455",7.016775409,50.93360501,trocken,"5,21E+18",Sonstige
35005,5,3,15,0,2021,Dezember,17,Montag,Unfall mit Leichtverletzten,Zusammenstoß mit einbiegendem / kreuzendem Fahrzeug,Abbiegeunfall,Dunkelheit,0,1,0,0,0,0,"367002,559","5642331,806",7.107920468,50.91728668,trocken,"5,21E+18",PKW
35016,5,3,15,0,2021,November,17,Mittwoch,Unfall mit Leichtverletzten,Zusammenstoß mit einbiegendem / kreuzendem Fahrzeug,Einbiegen / Kreuzen-Unfall,Dunkelheit,0,1,0,0,0,0,"360773,148","5649063,972",7.016779815,50.97632071,nass/feucht,"5,21E+18",PKW
35023,5,3,15,0,2021,März,22,Donnerstag,Unfall mit Leichtverletzten,Unfall anderer Art,Unfall durch ruhenden Verkehr,Dunkelheit,0,0,1,0,0,1,"360931,1364","5644271,672",7.020859756,50.93328955,trocken,"5,21E+18","Fuss, Sonstige"
35025,5,3,15,0,2021,Oktober,19,Montag,Unfall mit Schwerverletzten,Unfall anderer Art,Fahrunfall,Dunkelheit,1,0,0,0,0,0,"360069,7128","5647642,438",7.007313115,50.96337474,trocken,"5,21E+18",Rad
35026,5,3,15,0,2021,September,21,Sonntag,Unfall mit Leichtverletzten,Unfall anderer Art,Überschreiten-Unfall,Dunkelheit,0,0,1,0,0,1,"359654,4843","5644817,564",7.002492758,50.9378863,trocken,"5,21E+18","Fuss, Sonstige"
35039,5,3,15,0,2021,Dezember,9,Montag,Unfall mit Schwerverletzten,Unfall anderer Art,Fahrunfall,Tageslicht,0,0,0,0,0,1,"364844,7173","5639829,291",7.078166989,50.89429377,nass/feucht,"5,21E+18",Sonstige
35060,5,3,15,0,2021,Juni,16,Mittwoch,Unfall mit Leichtverletzten,Zusammenstoß mit vorausfahrendem / wartendem Fahrzeug,Abbiegeunfall,Tageslicht,0,1,0,1,0,0,"362244,4225","5643840,253",7.039700914,50.92972742,trocken,"5,21E+18","Krad, PKW"
35062,5,3,15,0,2021,September,17,Dienstag,Unfall mit Leichtverletzten,Zusammenstoß mit vorausfahrendem / wartendem Fahrzeug,Fahrunfall,Tageslicht,0,1,0,0,0,1,"360476,154","5645013,887",7.014104689,50.93985009,trocken,"5,21E+18","PKW, Sonstige"
35068,5,3,15,0,2021,Oktober,13,Samstag,Unfall mit Leichtverletzten,Zusammenstoß mit anfahrendem/ anhaltendem/ruhendem Fahrzeug,Unfall im Längsverkehr,Tageslicht,0,1,0,0,0,0,"359608,3938","5646908,407",7.001031129,50.95666571,trocken,"5,21E+18",PKW
35070,5,3,15,0,2021,Dezember,17,Donnerstag,Unfall mit Leichtverletzten,Abkommen von Fahrbahn nach links,Sonstiger Unfall,Dunkelheit,0,1,0,0,0,0,"365102,114","5638403,872",7.082351078,50.88154281,nass/feucht,"5,21E+18",PKW
35076,5,3,15,0,2021,Mai,21,Dienstag,Unfall mit Leichtverletzten,Zusammenstoß mit einbiegendem / kreuzendem Fahrzeug,Einbiegen / Kreuzen-Unfall,Dämmerung,0,1,0,0,0,0,"362368,3927","5643754,168",7.041496443,50.92898334,trocken,"5,21E+18",PKW
35077,5,3,15,0,2021,Februar,8,Freitag,Unfall mit Leichtverletzten,Unfall anderer Art,Unfall im Längsverkehr,Dämmerung,0,1,0,0,1,0,"359586,376","5650553,89",6.999310139,50.98942252,trocken,"5,21E+18","PKW, Gkfz"
35086,5,3,15,0,2021,Dezember,18,Montag,Unfall mit Leichtverletzten,Zusammenstoß mit vorausfahrendem / wartendem Fahrzeug,Unfall im Längsverkehr,Dunkelheit,0,1,0,0,0,0,"362703,1085","5644691,135",7.045903523,50.93748397,trocken,"5,21E+18",PKW
35087,5,3,15,0,2021,März,22,Freitag,Unfall mit Schwerverletzten,Zusammenstoß mit seitlich in gleicher Richtung fahrendem Fahrzeug,Unfall im Längsverkehr,Dunkelheit,0,1,0,0,1,0,"361693,5078","5648329,928",7.030160785,50.96994548,trocken,"5,21E+18","PKW, Gkfz"
35088,5,3,15,0,2021,Juni,12,Donnerstag,Unfall mit Schwerverletzten,Zusammenstoß mit einbiegendem / kreuzendem Fahrzeug,Einbiegen / Kreuzen-Unfall,Tageslicht,1,1,0,0,0,0,"360963,104","5640902,583",7.022598593,50.90301837,trocken,"5,21E+18","Rad, PKW"
35110,5,3,15,0,2021,November,6,Samstag,Unfall mit Leichtverletzten,Aufprall auf Fahrbahnhindernis,Sonstiger Unfall,Dunkelheit,1,0,0,0,0,1,"358662,0449","5642601,174",6.989236117,50.91772507,trocken,"5,21E+18","Rad, Sonstige"
35114,5,3,15,0,2021,Januar,10,Donnerstag,Unfall mit Leichtverletzten,Unfall anderer Art,Unfall im Längsverkehr,Tageslicht,0,1,0,0,1,0,"361944,8755","5647055,378",7.034222306,50.95855107,trocken,"5,21E+18","PKW, Gkfz"
35116,5,3,15,0,2021,Oktober,11,Samstag,Unfall mit Leichtverletzten,Zusammenstoß mit vorausfahrendem / wartendem Fahrzeug,Unfall im Längsverkehr,Tageslicht,0,1,0,1,0,0,"362205,2992","5645074,732",7.038677733,50.94081274,trocken,"5,21E+18","Krad, PKW"
35123,5,3,15,0,2021,Mai,9,Freitag,Unfall mit Leichtverletzten,Zusammenstoß mit vorausfahrendem / wartendem Fahrzeug,Unfall im Längsverkehr,Tageslicht,0,1,0,0,0,0,"362567,3149","5644958,977",7.043870993,50.93985882,trocken,"5,21E+18",PKW
35124,5,3,15,0,2021,September,13,Donnerstag,Unfall mit Leichtverletzten,Zusammenstoß mit anfahrendem/ anhaltendem/ruhendem Fahrzeug,Unfall im Längsverkehr,Tageslicht,0,1,0,0,0,0,"361484,303","5645277,003",7.028344889,50.94245785,nass/feucht,"5,21E+18",PKW
35125,5,3,15,0,2021,Januar,11,Samstag,Unfall mit Leichtverletzten,Zusammenstoß mit anfahrendem/ anhaltendem/ruhendem Fahrzeug,Fahrunfall,Tageslicht,0,1,0,0,0,0,"361030,192","5644263,331",7.022271735,50.93323846,trocken,"5,21E+18",PKW
35133,5,3,15,0,2021,März,6,Dienstag,Unfall mit Leichtverletzten,Zusammenstoß mit vorausfahrendem / wartendem Fahrzeug,Fahrunfall,Dämmerung,0,1,0,0,0,0,"363532,7624","5641450,722",7.058917066,50.90855786,trocken,"5,21E+18",PKW
35141,5,3,15,0,2021,September,4,Mittwoch,Unfall mit Leichtverletzten,Abkommen von Fahrbahn nach links,Fahrunfall,Dunkelheit,0,1,0,0,0,0,"365664,5379","5639775,662",7.089837161,50.89400305,trocken,"5,21E+18",PKW
35146,5,3,15,0,2021,Oktober,14,Samstag,Unfall mit Leichtverletzten,Unfall anderer Art,Abbiegeunfall,Tageslicht,1,1,0,0,0,0,"364232,0944","5638482,746",7.069961441,50.88204792,trocken,"5,21E+18","Rad, PKW"
35152,5,3,15,0,2021,September,13,Samstag,Unfall mit Leichtverletzten,Zusammenstoß mit einbiegendem / kreuzendem Fahrzeug,Einbiegen / Kreuzen-Unfall,Tageslicht,1,1,0,0,0,0,"360494,3405","5646655,141",7.013734637,50.95460473,trocken,"5,21E+18","Rad, PKW"
35154,5,3,15,0,2021,April,19,Dienstag,Unfall mit Leichtverletzten,Zusammenstoß mit einbiegendem / kreuzendem Fahrzeug,Abbiegeunfall,Tageslicht,1,1,0,0,0,0,"360012,868","5648032,983",7.006353855,50.9668708,trocken,"5,21E+18","Rad, PKW"
35166,5,3,15,0,2021,Januar,20,Sonntag,Unfall mit Leichtverletzten,Zusammenstoß mit seitlich in gleicher Richtung fahrendem Fahrzeug,Unfall im Längsverkehr,Dunkelheit,0,1,0,0,0,0,"359000,0284","5645992,62",6.992729266,50.94828696,winterglatt,"5,21E+18",PKW
35168,5,3,15,0,2021,Juni,0,Montag,Unfall mit Leichtverletzten,Zusammenstoß mit vorausfahrendem / wartendem Fahrzeug,Unfall im Längsverkehr,Dunkelheit,0,1,0,1,0,0,"363110,736","5639252,7",7.053741901,50.88870329,nass/feucht,"5,21E+18","Krad, PKW"
35169,5,3,15,0,2021,April,15,Sonntag,Unfall mit Leichtverletzten,Zusammenstoß mit einbiegendem / kreuzendem Fahrzeug,Einbiegen / Kreuzen-Unfall,Tageslicht,1,1,0,0,0,0,"362103,0431","5644277,53",7.037524871,50.93362359,trocken,"5,21E+18","Rad, PKW"
35187,5,3,15,0,2021,März,14,Dienstag,Unfall mit Leichtverletzten,Zusammenstoß mit einbiegendem / kreuzendem Fahrzeug,Sonstiger Unfall,Tageslicht,0,1,0,0,0,0,"363527,1445","5641461,607",7.058833137,50.90865435,trocken,"5,21E+18",PKW
35194,5,3,15,0,2021,Juni,20,Freitag,Unfall mit Leichtverletzten,Zusammenstoß zwischen Fahrzeug und Fußgänger,Überschreiten-Unfall,Tageslicht,0,1,1,0,0,0,"359926,5623","5650633,658",7.004123391,50.99022229,trocken,"5,21E+18","Fuss, PKW"
35218,5,3,15,0,2021,Dezember,15,Donnerstag,Unfall mit Leichtverletzten,Zusammenstoß mit entgegenkommendem Fahrzeug,Abbiegeunfall,Tageslicht,0,1,0,0,0,1,"361463,4496","5645403,743",7.028000042,50.94359188,trocken,"5,21E+18","PKW, Sonstige"
35223,5,3,15,0,2021,Dezember,18,Samstag,Unfall mit Leichtverletzten,Zusammenstoß mit anfahrendem/ anhaltendem/ruhendem Fahrzeug,Unfall durch ruhenden Verkehr,Dunkelheit,1,1,0,0,0,0,"359590,334","5644806,894",7.001584427,50.9377748,nass/feucht,"5,21E+18","Rad, PKW"
35232,5,3,15,0,2021,November,9,Donnerstag,Unfall mit Leichtverletzten,Zusammenstoß mit seitlich in gleicher Richtung fahrendem Fahrzeug,Unfall im Längsverkehr,Tageslicht,0,0,0,0,1,1,"366599,3364","5642196,499",7.102236886,50.91597751,trocken,"5,21E+18","Gkfz, Sonstige"
35239,5,3,15,0,2021,März,13,Dienstag,Unfall mit Leichtverletzten,Zusammenstoß zwischen Fahrzeug und Fußgänger,Unfall im Längsverkehr,Tageslicht,1,0,1,0,0,0,"358471,6333","5644699,852",6.985714295,50.93653934,trocken,"5,21E+18","Rad, Fuss"
35241,5,3,15,0,2021,April,18,Mittwoch,Unfall mit Leichtverletzten,Zusammenstoß mit vorausfahrendem / wartendem Fahrzeug,Unfall im Längsverkehr,Tageslicht,0,1,0,0,0,0,"362977,638","5650841,542",7.047491796,50.99282503,nass/feucht,"5,21E+18",PKW
35242,5,3,15,0,2021,Dezember,17,Mittwoch,Unfall mit Leichtverletzten,Zusammenstoß mit einbiegendem / kreuzendem Fahrzeug,Einbiegen / Kreuzen-Unfall,Dunkelheit,1,0,0,0,0,0,"358620,596","5640331,049",6.989526163,50.89731308,trocken,"5,21E+18",Rad
35251,5,3,15,0,2021,März,23,Sonntag,Unfall mit Leichtverletzten,Zusammenstoß mit vorausfahrendem / wartendem Fahrzeug,Unfall im Längsverkehr,Dunkelheit,0,1,0,0,0,0,"363971,303","5642280,319",7.0648417,50.91611737,trocken,"5,21E+18",PKW
35256,5,3,15,0,2021,März,12,Sonntag,Unfall mit Leichtverletzten,Zusammenstoß mit vorausfahrendem / wartendem Fahrzeug,Unfall im Längsverkehr,Tageslicht,0,1,0,0,0,0,"360968,0603","5649244,404",7.019485468,50.97798938,trocken,"5,21E+18",PKW
35259,5,3,15,0,2021,September,14,Samstag,Unfall mit Leichtverletzten,Zusammenstoß zwischen Fahrzeug und Fußgänger,Überschreiten-Unfall,Tageslicht,0,0,1,0,0,1,"360011,7674","5647351,851",7.006600274,50.96074913,trocken,"5,21E+18","Fuss, Sonstige"
35264,5,3,15,0,2021,Juni,8,Mittwoch,Unfall mit Leichtverletzten,Zusammenstoß mit anfahrendem/ anhaltendem/ruhendem Fahrzeug,Abbiegeunfall,Tageslicht,1,1,0,0,0,0,"365117,1352","5638334,287",7.082590162,50.88092091,trocken,"5,21E+18","Rad, PKW"
35269,5,3,15,0,2021,April,18,Sonntag,Unfall mit Leichtverletzten,Unfall anderer Art,Einbiegen / Kreuzen-Unfall,Tageslicht,0,1,0,0,0,0,"362011,7345","5648043,875",7.034798818,50.96745097,nass/feucht,"5,21E+18",PKW
35270,5,3,15,0,2021,Juni,16,Samstag,Unfall mit Leichtverletzten,Zusammenstoß mit einbiegendem / kreuzendem Fahrzeug,Einbiegen / Kreuzen-Unfall,Tageslicht,1,1,0,0,0,0,"363026,725","5638035,488",7.053004356,50.8777437,trocken,"5,21E+18","Rad, PKW"
35280,5,3,15,0,2021,September,15,Dienstag,Unfall mit Leichtverletzten,Zusammenstoß zwischen Fahrzeug und Fußgänger,Überschreiten-Unfall,Tageslicht,0,1,1,0,0,0,"362705,9267","5645193,243",7.045754386,50.94199726,trocken,"5,21E+18","Fuss, PKW"
35287,5,3,15,0,2021,Mai,15,Freitag,Unfall mit Leichtverletzten,Abkommen von Fahrbahn nach links,Fahrunfall,Tageslicht,0,0,0,1,0,0,"363749,5744","5641368,739",7.062029675,50.90787225,trocken,"5,21E+18",Krad
35290,5,3,15,0,2021,September,16,Mittwoch,Unfall mit Leichtverletzten,Zusammenstoß mit einbiegendem / kreuzendem Fahrzeug,Abbiegeunfall,Tageslicht,0,1,0,0,0,1,"360757,337","5644299,982",7.018377118,50.93350205,trocken,"5,21E+18","PKW, Sonstige"
35291,5,3,15,0,2021,November,16,Donnerstag,Unfall mit Schwerverletzten,Zusammenstoß mit anfahrendem/ anhaltendem/ruhendem Fahrzeug,Unfall durch ruhenden Verkehr,Dunkelheit,0,1,0,1,0,0,"360477,7356","5646803,263",7.013441594,50.95593191,trocken,"5,21E+18","Krad, PKW"
35298,5,3,15,0,2021,November,14,Freitag,Unfall mit Schwerverletzten,Zusammenstoß mit vorausfahrendem / wartendem Fahrzeug,Unfall im Längsverkehr,Tageslicht,0,1,0,0,0,1,"365966,951","5634045,072",7.09623448,50.84256831,trocken,"5,21E+18","PKW, Sonstige"
35307,5,3,15,0,2021,Dezember,11,Donnerstag,Unfall mit Leichtverletzten,Zusammenstoß zwischen Fahrzeug und Fußgänger,Sonstiger Unfall,Tageslicht,0,0,1,0,0,1,"363260,3561","5648538,488",7.052384435,50.97219397,trocken,"5,21E+18","Fuss, Sonstige"
35308,5,3,15,0,2021,Dezember,0,Freitag,Unfall mit Leichtverletzten,Zusammenstoß mit vorausfahrendem / wartendem Fahrzeug,Unfall im Längsverkehr,Dunkelheit,0,1,0,0,0,0,"362146,6559","5642631,003",7.038767704,50.91883611,trocken,"5,21E+18",PKW
35317,5,3,15,0,2021,Juli,21,Freitag,Unfall mit Leichtverletzten,Zusammenstoß mit entgegenkommendem Fahrzeug,Abbiegeunfall,Dämmerung,0,1,0,1,0,0,"360996,863","5644263,654",7.021797598,50.93323334,nass/feucht,"5,21E+18","Krad, PKW"
35325,5,3,15,0,2021,Dezember,19,Freitag,Unfall mit Leichtverletzten,Zusammenstoß mit seitlich in gleicher Richtung fahrendem Fahrzeug,Abbiegeunfall,Dunkelheit,1,1,0,0,0,0,"363760,8487","5648804,443",7.059409042,50.97470282,trocken,"5,21E+18","Rad, PKW"
35332,5,3,15,0,2021,April,20,Montag,Unfall mit Leichtverletzten,Zusammenstoß mit vorausfahrendem / wartendem Fahrzeug,Sonstiger Unfall,Dunkelheit,0,1,0,0,0,0,"359917,2116","5650633,068",7.00399047,50.9902147,nass/feucht,"5,21E+18",PKW
35333,5,3,15,0,2021,November,6,Dienstag,Unfall mit Leichtverletzten,Zusammenstoß mit einbiegendem / kreuzendem Fahrzeug,Abbiegeunfall,Dunkelheit,1,1,0,0,0,0,"359731,3649","5647237,441",7.0026541,50.95965272,trocken,"5,21E+18","Rad, PKW"
35338,5,3,15,0,2021,März,6,Sonntag,Unfall mit Leichtverletzten,Unfall anderer Art,Sonstiger Unfall,Dunkelheit,1,0,0,0,0,0,"359509,0713","5646712,61",6.999693418,50.95488186,trocken,"5,21E+18",Rad
35345,5,3,15,0,2021,April,15,Mittwoch,Unfall mit Leichtverletzten,Zusammenstoß mit seitlich in gleicher Richtung fahrendem Fahrzeug,Unfall im Längsverkehr,Tageslicht,0,1,0,0,1,0,"362715,6749","5644697,291",7.046079945,50.93754229,trocken,"5,21E+18","PKW, Gkfz"
35350,5,3,15,0,2021,März,8,Samstag,Unfall mit Leichtverletzten,Zusammenstoß mit vorausfahrendem / wartendem Fahrzeug,Abbiegeunfall,Tageslicht,0,1,0,1,0,0,"360623,8064","5646336,442",7.015698792,50.95177185,trocken,"5,21E+18","Krad, PKW"
35365,5,3,15,0,2021,September,12,Dienstag,Unfall mit Schwerverletzten,Zusammenstoß mit einbiegendem / kreuzendem Fahrzeug,Einbiegen / Kreuzen-Unfall,Tageslicht,1,1,0,0,0,0,"365144,4586","5636354,179",7.083708479,50.86313075,trocken,"5,21E+18","Rad, PKW"
35371,5,3,15,0,2021,September,9,Mittwoch,Unfall mit Leichtverletzten,Zusammenstoß mit vorausfahrendem / wartendem Fahrzeug,Unfall im Längsverkehr,Tageslicht,0,1,0,0,0,0,"362334,7425","5643823,854",7.040991582,50.92960159,trocken,"5,21E+18",PKW
35379,5,3,15,0,2021,Dezember,19,Dienstag,Unfall mit Leichtverletzten,Zusammenstoß mit seitlich in gleicher Richtung fahrendem Fahrzeug,Unfall im Längsverkehr,Dunkelheit,0,1,0,0,0,0,"358472,6731","5645933,964",6.985249605,50.94763059,nass/feucht,"5,21E+18",PKW
35381,5,3,15,0,2021,Januar,17,Freitag,Unfall mit Leichtverletzten,Zusammenstoß mit vorausfahrendem / wartendem Fahrzeug,Unfall im Längsverkehr,Dunkelheit,0,1,0,0,0,0,"362611,1564","5644879,386",7.04452463,50.93915395,nass/feucht,"5,21E+18",PKW
35385,5,3,15,0,2021,März,14,Donnerstag,Unfall mit Schwerverletzten,Zusammenstoß mit einbiegendem / kreuzendem Fahrzeug,Einbiegen / Kreuzen-Unfall,Tageslicht,0,1,0,0,0,0,"361452,9871","5647190,311",7.02717133,50.95964569,trocken,"5,21E+18",PKW
35397,5,3,15,0,2021,Mai,14,Sonntag,Unfall mit Leichtverletzten,Zusammenstoß mit seitlich in gleicher Richtung fahrendem Fahrzeug,Sonstiger Unfall,Tageslicht,0,1,0,0,0,0,"361809,0559","5647984,085",7.031936844,50.96686504,trocken,"5,21E+18",PKW
35408,5,3,15,0,2021,November,15,Sonntag,Unfall mit Leichtverletzten,Zusammenstoß mit entgegenkommendem Fahrzeug,Unfall im Längsverkehr,Tageslicht,0,1,0,0,0,0,"361490,7248","5646503,912",7.027969564,50.95348593,trocken,"5,21E+18",PKW
35419,5,3,15,0,2021,Dezember,12,Dienstag,Unfall mit Leichtverletzten,Unfall anderer Art,Fahrunfall,Tageslicht,0,0,0,1,0,0,"362171,1913","5648091,395",7.037050338,50.96791621,nass/feucht,"5,21E+18",Krad
35420,5,3,15,0,2021,November,11,Donnerstag,Unfall mit Leichtverletzten,Zusammenstoß mit einbiegendem / kreuzendem Fahrzeug,Einbiegen / Kreuzen-Unfall,Tageslicht,1,1,0,0,0,0,"362326,161","5643840,88",7.040863111,50.92975257,nass/feucht,"5,21E+18","Rad, PKW"