OBJECTID,ULAND,UREGBEZ,UKREIS,UGEMEINDE,UJAHR,UMONAT,USTUNDE,UWOCHENTAG,UKATEGORIE,UART,UTYP1,ULICHTVERH,IstRad,IstPKW,IstFuss,IstKrad,IstGkfz,IstSonstige,LINREFX,LINREFY,XGCSWGS84,YGCSWGS84,USTRZUSTAND,UIDENTSTLAE,Participants
35425,5,3,15,0,2021,November,19,Mittwoch,Unfall mit Schwerverletzten,Zusammenstoß zwischen Fahrzeug und Fußgänger,Überschreiten-Unfall,Dunkelheit,0,1,1,0,0,0,"365098,412","5638452,612",7.082280496,50.88198001,nass/feucht,"5,21E+18","Fuss, PKW"
35431,5,3,15,0,2021,Dezember,17,Samstag,Unfall mit Schwerverletzten,Zusammenstoß zwischen Fahrzeug und Fußgänger,Abbiegeunfall,Dunkelheit,0,1,1,0,0,0,"361554,8424","5640508,131",7.031158623,50.89961549,nass/feucht,"5,21E+18","Fuss, PKW"
35436,5,3,15,0,2021,November,22,Samstag,Unfall mit Leichtverletzten,Zusammenstoß mit einbiegendem / kreuzendem Fahrzeug,Abbiegeunfall,Dunkelheit,0,1,0,0,0,0,"364540,453","5640393,768",7.07363376,50.89929577,nass/feucht,"5,21E+18",PKW
35442,5,3,15,0,2021,April,17,Donnerstag,Unfall mit Leichtverletzten,Zusammenstoß mit vorausfahrendem / wartendem Fahrzeug,Unfall im Längsverkehr,Tageslicht,0,1,0,0,0,1,"362254,6711","5643978,843",7.039794292,50.93097542,trocken,"5,21E+18","PKW, Sonstige"
35446,5,3,15,0,2021,September,19,Donnerstag,Unfall mit Leichtverletzten,Unfall anderer Art,Fahrunfall,Dämmerung,0,0,0,1,0,0,"360045,0703","5648167,661",7.006760353,50.96808899,trocken,"5,21E+18",Krad
35447,5,3,15,0,2021,April,17,Sonntag,Unfall mit Schwerverletzten,Unfall anderer Art,Sonstiger Unfall,Tageslicht,0,0,0,1,0,0,"367016,9262","5644568,171",7.107308993,50.93738978,trocken,"5,21E+18",Krad
35457,5,3,15,0,2021,Oktober,15,Sonntag,Unfall mit Leichtverletzten,Zusammenstoß mit vorausfahrendem / wartendem Fahrzeug,Unfall im Längsverkehr,Tageslicht,0,1,0,0,0,0,"363138,9763","5641358,271",7.05335405,50.90763373,trocken,"5,21E+18",PKW
35458,5,3,15,0,2021,November,11,Mittwoch,Unfall mit Schwerverletzten,Zusammenstoß mit entgegenkommendem Fahrzeug,Abbiegeunfall,Tageslicht,0,1,0,0,0,0,"359586,3339","5650555,382",6.999308962,50.98943592,nass/feucht,"5,21E+18",PKW
35468,5,3,15,0,2021,Februar,19,Freitag,Unfall mit Leichtverletzten,Zusammenstoß zwischen Fahrzeug und Fußgänger,Sonstiger Unfall,Dunkelheit,0,1,1,0,0,0,"362385,3193","5636986,701",7.044287466,50.86816539,trocken,"5,21E+18","Fuss, PKW"
35469,5,3,15,0,2021,Mai,18,Mittwoch,Unfall mit Leichtverletzten,Unfall anderer Art,Sonstiger Unfall,Tageslicht,0,1,0,0,0,0,"361330,9134","5635943,609",7.029707499,50.85853876,trocken,"5,21E+18",PKW
35482,5,3,15,0,2021,April,8,Donnerstag,Unfall mit Leichtverletzten,Zusammenstoß mit einbiegendem / kreuzendem Fahrzeug,Einbiegen / Kreuzen-Unfall,Tageslicht,1,1,0,0,0,0,"359994,5959","5647898,55",7.006145539,50.9656582,trocken,"5,21E+18","Rad, PKW"
35497,5,3,15,0,2021,Juni,16,Donnerstag,Unfall mit Leichtverletzten,Zusammenstoß mit seitlich in gleicher Richtung fahrendem Fahrzeug,Unfall im Längsverkehr,Tageslicht,0,1,0,1,0,0,"362222,285","5648105,703",7.037772134,50.96805704,trocken,"5,21E+18","Krad, PKW"
35499,5,3,15,0,2021,Dezember,9,Dienstag,Unfall mit Schwerverletzten,Zusammenstoß mit vorausfahrendem / wartendem Fahrzeug,Unfall im Längsverkehr,Tageslicht,1,0,0,0,0,0,"364872,984","5645483,643",7.076473838,50.9451192,trocken,"5,21E+18",Rad
35512,5,3,15,0,2021,Januar,9,Sonntag,Unfall mit Leichtverletzten,Zusammenstoß mit einbiegendem / kreuzendem Fahrzeug,Einbiegen / Kreuzen-Unfall,Tageslicht,0,1,0,0,0,0,"365228,5121","5635614,287",7.085174627,50.85650043,trocken,"5,21E+18",PKW
35519,5,3,15,0,2021,Juni,15,Mittwoch,Unfall mit Leichtverletzten,Zusammenstoß mit anfahrendem/ anhaltendem/ruhendem Fahrzeug,Einbiegen / Kreuzen-Unfall,Tageslicht,1,1,0,0,0,0,"362329,6609","5640142,582",7.042308302,50.89651541,trocken,"5,21E+18","Rad, PKW"
35523,5,3,15,0,2021,September,7,Mittwoch,Unfall mit Leichtverletzten,Zusammenstoß zwischen Fahrzeug und Fußgänger,Einbiegen / Kreuzen-Unfall,Tageslicht,0,1,1,0,0,0,"365608,9479","5640140,227",7.088913031,50.8972667,trocken,"5,21E+18","Fuss, PKW"
35540,5,3,15,0,2021,September,16,Sonntag,Unfall mit Leichtverletzten,Zusammenstoß zwischen Fahrzeug und Fußgänger,Überschreiten-Unfall,Tageslicht,0,1,1,0,0,0,"360239,6598","5644774,899",7.010832421,50.937645,trocken,"5,21E+18","Fuss, PKW"
35553,5,3,15,0,2021,Oktober,10,Samstag,Unfall mit Leichtverletzten,Zusammenstoß mit einbiegendem / kreuzendem Fahrzeug,Einbiegen / Kreuzen-Unfall,Tageslicht,0,1,0,1,0,0,"366946,9302","5642149,933",7.107195865,50.91563924,trocken,"5,21E+18","Krad, PKW"
35560,5,3,15,0,2021,Oktober,14,Dienstag,Unfall mit Schwerverletzten,Abkommen von Fahrbahn nach rechts,Fahrunfall,Tageslicht,0,1,0,0,0,0,"359319,8467","5652304,708",6.994836675,51.00509203,trocken,"5,21E+18",PKW
35567,5,3,15,0,2021,Oktober,22,Mittwoch,Unfall mit Leichtverletzten,Zusammenstoß mit anfahrendem/ anhaltendem/ruhendem Fahrzeug,Unfall im Längsverkehr,Dunkelheit,0,1,0,0,0,1,"365022,3158","5638856,207",7.081050329,50.8855896,trocken,"5,21E+18","PKW, Sonstige"
35568,5,3,15,0,2021,November,7,Mittwoch,Unfall mit Schwerverletzten,Zusammenstoß mit vorausfahrendem / wartendem Fahrzeug,Unfall im Längsverkehr,Dämmerung,0,1,0,0,0,1,"363397,2537","5641340,907",7.057031904,50.90753885,nass/feucht,"5,21E+18","PKW, Sonstige"
35573,5,3,15,0,2021,November,8,Montag,Unfall mit Leichtverletzten,Unfall anderer Art,Fahrunfall,Tageslicht,0,1,0,0,0,0,"361609,442","5644084,334",7.030577994,50.93176905,trocken,"5,21E+18",PKW
35574,5,3,15,0,2021,Oktober,19,Samstag,Unfall mit Leichtverletzten,Zusammenstoß mit entgegenkommendem Fahrzeug,Unfall im Längsverkehr,Dämmerung,1,0,0,0,0,0,"361068,407","5644251,824",7.022819627,50.93314425,trocken,"5,21E+18",Rad
35587,5,3,15,0,2021,Dezember,18,Sonntag,Unfall mit Leichtverletzten,Zusammenstoß mit vorausfahrendem / wartendem Fahrzeug,Unfall im Längsverkehr,Dunkelheit,0,1,0,0,0,0,"359840,2741","5641894,62",7.006258898,50.91166252,nass/feucht,"5,21E+18",PKW
35603,5,3,15,0,2021,Mai,11,Samstag,Unfall mit Leichtverletzten,Zusammenstoß mit einbiegendem / kreuzendem Fahrzeug,Abbiegeunfall,Tageslicht,0,1,0,0,0,1,"366262,1043","5633714,791",7.100544851,50.83966812,trocken,"5,21E+18","PKW, Sonstige"
35605,5,3,15,0,2021,Juni,12,Sonntag,Unfall mit Schwerverletzten,Zusammenstoß mit entgegenkommendem Fahrzeug,Abbiegeunfall,Tageslicht,0,1,0,1,0,0,"364814,0238","5639667,007",7.077790867,50.89282804,trocken,"5,21E+18","Krad, PKW"
35612,5,3,15,0,2021,März,11,Freitag,Unfall mit Leichtverletzten,Zusammenstoß mit einbiegendem / kreuzendem Fahrzeug,Abbiegeunfall,Tageslicht,1,1,0,0,0,0,"361580,787","5644073,052",7.030174749,50.93166078,trocken,"5,21E+18","Rad, PKW"
35626,5,3,15,0,2021,November,14,Samstag,Unfall mit Leichtverletzten,Zusammenstoß mit einbiegendem / kreuzendem Fahrzeug,Einbiegen / Kreuzen-Unfall,Tageslicht,1,1,0,0,0,0,"359839,546","5644858,482",7.005109252,50.93829905,trocken,"5,21E+18","Rad, PKW"
35632,5,3,15,0,2021,März,10,Donnerstag,Unfall mit Leichtverletzten,Zusammenstoß mit vorausfahrendem / wartendem Fahrzeug,Unfall im Längsverkehr,Tageslicht,0,1,0,0,0,1,"365973,842","5637400,265",7.095103734,50.87272554,trocken,"5,21E+18","PKW, Sonstige"
35633,5,3,15,0,2021,März,22,Dienstag,Unfall mit Leichtverletzten,Zusammenstoß mit vorausfahrendem / wartendem Fahrzeug,Unfall im Längsverkehr,Dunkelheit,0,1,0,0,0,0,"359821,879","5647480,673",7.003848433,50.9618607,trocken,"5,21E+18",PKW
35640,5,3,15,0,2021,Februar,16,Donnerstag,Unfall mit Schwerverletzten,Zusammenstoß zwischen Fahrzeug und Fußgänger,Überschreiten-Unfall,Tageslicht,0,1,1,0,0,0,"358862,8203","5642362,486",6.992182946,50.9156291,trocken,"5,21E+18","Fuss, PKW"
35643,5,3,15,0,2021,März,14,Mittwoch,Unfall mit Leichtverletzten,Unfall anderer Art,Sonstiger Unfall,Tageslicht,0,1,0,0,0,0,"360722,2276","5646192,684",7.017154112,50.95050366,trocken,"5,21E+18",PKW
35645,5,3,15,0,2021,April,12,Freitag,Unfall mit Leichtverletzten,Unfall anderer Art,Abbiegeunfall,Tageslicht,0,1,0,0,0,1,"360752,316","5644300,726",7.018305423,50.93350752,trocken,"5,21E+18","PKW, Sonstige"
35646,5,3,15,0,2021,September,11,Samstag,Unfall mit Leichtverletzten,Unfall anderer Art,Sonstiger Unfall,Tageslicht,0,0,0,0,0,1,"360487,7968","5646546,743",7.013683071,50.95362895,trocken,"5,21E+18",Sonstige
35648,5,3,15,0,2021,April,17,Donnerstag,Unfall mit Leichtverletzten,Zusammenstoß mit vorausfahrendem / wartendem Fahrzeug,Abbiegeunfall,Tageslicht,0,1,0,1,0,0,"359874,3318","5644866,308",7.005601025,50.93837784,trocken,"5,21E+18","Krad, PKW"
35649,5,3,15,0,2021,Januar,15,Donnerstag,Unfall mit Leichtverletzten,Zusammenstoß mit entgegenkommendem Fahrzeug,Abbiegeunfall,Tageslicht,0,1,0,0,0,0,"366947,0486","5642150,23",7.107197439,50.91564193,nass/feucht,"5,21E+18",PKW
35674,5,3,15,0,2021,November,5,Mittwoch,Unfall mit Leichtverletzten,Zusammenstoß zwischen Fahrzeug und Fußgänger,Abbiegeunfall,Dunkelheit,0,1,1,0,0,0,"360996,863","5644263,654",7.021797598,50.93323334,nass/feucht,"5,21E+18","Fuss, PKW"
35676,5,3,15,0,2021,September,14,Montag,Unfall mit Leichtverletzten,Zusammenstoß mit vorausfahrendem / wartendem Fahrzeug,Unfall im Längsverkehr,Tageslicht,0,1,0,1,0,0,"361205,3107","5640766,616",7.026092791,50.90185467,trocken,"5,21E+18","Krad, PKW"
35683,5,3,15,0,2021,Oktober,15,Donnerstag,Unfall mit Leichtverletzten,Unfall anderer Art,Fahrunfall,Tageslicht,1,0,0,0,0,0,"360773,148","5649063,972",7.016779815,50.97632071,trocken,"5,21E+18",Rad
35691,5,3,15,0,2021,März,15,Dienstag,Unfall mit Leichtverletzten,Unfall anderer Art,Einbiegen / Kreuzen-Unfall,Tageslicht,1,1,0,0,0,0,"366166,4272","5643166,27",7.095726075,50.92459324,trocken,"5,21E+18","Rad, PKW"
35699,5,3,15,0,2021,November,11,Mittwoch,Unfall mit Leichtverletzten,Zusammenstoß mit seitlich in gleicher Richtung fahrendem Fahrzeug,Abbiegeunfall,Tageslicht,0,1,0,0,0,0,"361954,5197","5648027,036",7.03399088,50.96728593,nass/feucht,"5,21E+18",PKW
35704,5,3,15,0,2021,April,19,Dienstag,Unfall mit Leichtverletzten,Zusammenstoß mit einbiegendem / kreuzendem Fahrzeug,Einbiegen / Kreuzen-Unfall,Tageslicht,0,1,0,0,0,1,"359600,015","5650180,787",6.999648527,50.98607276,trocken,"5,21E+18","PKW, Sonstige"
35706,5,3,15,0,2021,Dezember,18,Donnerstag,Unfall mit Leichtverletzten,Zusammenstoß mit vorausfahrendem / wartendem Fahrzeug,Unfall im Längsverkehr,Dunkelheit,0,1,0,0,0,1,"363244,6387","5643827,333",7.053930299,50.92984931,nass/feucht,"5,21E+18","PKW, Sonstige"
35714,5,3,15,0,2021,Oktober,15,Mittwoch,Unfall mit Leichtverletzten,Unfall anderer Art,Unfall durch ruhenden Verkehr,Tageslicht,1,1,0,0,0,1,"359592,2162","5644807,087",7.001611123,50.93777699,nass/feucht,"5,21E+18","Rad, PKW, Sonstige"
35715,5,3,15,0,2021,April,9,Donnerstag,Unfall mit Leichtverletzten,Zusammenstoß mit einbiegendem / kreuzendem Fahrzeug,Abbiegeunfall,Tageslicht,0,1,0,0,0,0,"366043,0124","5634132,482",7.097282234,50.84337155,trocken,"5,21E+18",PKW
35716,5,3,15,0,2021,März,3,Mittwoch,Unfall mit Leichtverletzten,Abkommen von Fahrbahn nach rechts,Sonstiger Unfall,Dunkelheit,0,1,0,0,0,0,"365322,9664","5638850,842",7.08532404,50.88561154,trocken,"5,21E+18",PKW
35721,5,3,15,0,2021,Juni,19,Samstag,Unfall mit Leichtverletzten,Unfall anderer Art,Sonstiger Unfall,Tageslicht,0,0,0,0,0,1,"359328,617","5647725,422",6.996734284,50.96394006,trocken,"5,21E+18",Sonstige
35722,5,3,15,0,2021,Februar,7,Freitag,Unfall mit Leichtverletzten,Zusammenstoß mit anfahrendem/ anhaltendem/ruhendem Fahrzeug,Unfall im Längsverkehr,Dämmerung,0,1,0,0,1,0,"362072,8794","5646559,613",7.036231688,50.95412614,trocken,"5,21E+18","PKW, Gkfz"
35747,5,3,15,0,2021,Dezember,8,Mittwoch,Unfall mit Leichtverletzten,Zusammenstoß mit einbiegendem / kreuzendem Fahrzeug,Einbiegen / Kreuzen-Unfall,Dämmerung,1,1,0,0,0,0,"364069,154","5648653,517",7.063854282,50.97341924,winterglatt,"5,21E+18","Rad, PKW"
35756,5,3,15,0,2021,Juni,8,Mittwoch,Unfall mit Leichtverletzten,Zusammenstoß mit einbiegendem / kreuzendem Fahrzeug,Unfall durch ruhenden Verkehr,Tageslicht,0,1,0,0,0,0,"366748,8418","5635868,979",7.106669989,50.85914186,trocken,"5,21E+18",PKW
35765,5,3,15,0,2021,Juli,15,Sonntag,Unfall mit Leichtverletzten,Zusammenstoß mit entgegenkommendem Fahrzeug,Unfall im Längsverkehr,Tageslicht,0,1,0,0,0,0,"362296,964","5643897,224",7.040426604,50.93025199,trocken,"5,21E+18",PKW
35771,5,3,15,0,2021,März,14,Dienstag,Unfall mit Leichtverletzten,Zusammenstoß mit vorausfahrendem / wartendem Fahrzeug,Unfall im Längsverkehr,Tageslicht,0,1,0,0,1,0,"363496,5779","5646209,439",7.056620682,50.95131796,trocken,"5,21E+18","PKW, Gkfz"
35775,5,3,15,0,2021,Oktober,16,Montag,Unfall mit Schwerverletzten,Zusammenstoß mit einbiegendem / kreuzendem Fahrzeug,Einbiegen / Kreuzen-Unfall,Tageslicht,1,0,0,0,0,0,"361679,4784","5644724,297",7.031331142,50.93753738,trocken,"5,21E+18",Rad
35776,5,3,15,0,2021,November,6,Mittwoch,Unfall mit Leichtverletzten,Zusammenstoß mit anfahrendem/ anhaltendem/ruhendem Fahrzeug,Unfall durch ruhenden Verkehr,Dunkelheit,0,0,0,1,1,0,"361125,8397","5643204,929",7.024035259,50.92374938,trocken,"5,21E+18","Krad, Gkfz"
35777,5,3,15,0,2021,Juni,7,Mittwoch,Unfall mit Schwerverletzten,Zusammenstoß mit vorausfahrendem / wartendem Fahrzeug,Unfall im Längsverkehr,Tageslicht,0,1,0,0,1,0,"368174,0332","5641048,181",7.125040522,50.9060185,trocken,"5,21E+18","PKW, Gkfz"
35787,5,3,15,0,2021,Dezember,12,Mittwoch,Unfall mit Leichtverletzten,Zusammenstoß mit seitlich in gleicher Richtung fahrendem Fahrzeug,Einbiegen / Kreuzen-Unfall,Tageslicht,1,1,0,0,0,0,"360438,5062","5644441,202",7.013788529,50.93469416,trocken,"5,21E+18","Rad, PKW"
35789,5,3,15,0,2021,Februar,13,Dienstag,Unfall mit Leichtverletzten,Zusammenstoß mit einbiegendem / kreuzendem Fahrzeug,Einbiegen / Kreuzen-Unfall,Tageslicht,1,1,0,0,0,0,"359954,4494","5647762,371",7.005626595,50.96442458,trocken,"5,21E+18","Rad, PKW"
35793,5,3,15,0,2021,Februar,10,Mittwoch,Unfall mit Leichtverletzten,Zusammenstoß mit einbiegendem / kreuzendem Fahrzeug,Abbiegeunfall,Tageslicht,1,1,0,0,0,0,"359502,978","5644797,933",7.000345375,50.93767299,nass/feucht,"5,21E+18","Rad, PKW"
35795,5,3,15,0,2021,September,20,Samstag,Unfall mit Leichtverletzten,Zusammenstoß zwischen Fahrzeug und Fußgänger,Überschreiten-Unfall,Dunkelheit,0,1,1,0,0,0,"365136,9947","5637776,535",7.083078053,50.87591267,trocken,"5,21E+18","Fuss, PKW"
35801,5,3,15,0,2021,Februar,16,Freitag,Unfall mit Leichtverletzten,Zusammenstoß mit einbiegendem / kreuzendem Fahrzeug,Einbiegen / Kreuzen-Unfall,Tageslicht,1,1,0,0,0,0,"358963,371","5644686,769",6.992713358,50.93654223,trocken,"5,21E+18","Rad, PKW"
35803,5,3,15,0,2021,Juni,8,Dienstag,Unfall mit Schwerverletzten,Zusammenstoß mit seitlich in gleicher Richtung fahrendem Fahrzeug,Einbiegen / Kreuzen-Unfall,Tageslicht,0,1,0,0,1,1,"363224,1465","5643883,027",7.05361797,50.93034499,trocken,"5,21E+18","PKW, Gkfz, Sonstige"
35808,5,3,15,0,2021,Mai,9,Dienstag,Unfall mit Leichtverletzten,Zusammenstoß mit seitlich in gleicher Richtung fahrendem Fahrzeug,Unfall im Längsverkehr,Tageslicht,0,1,0,0,1,0,"364807,5602","5642589,433",7.07661663,50.91909206,trocken,"5,21E+18","PKW, Gkfz"
35813,5,3,15,0,2021,Juni,11,Samstag,Unfall mit Leichtverletzten,Zusammenstoß mit vorausfahrendem / wartendem Fahrzeug,Unfall im Längsverkehr,Tageslicht,0,1,0,0,0,1,"362509,2496","5645038,971",7.043014853,50.9405639,trocken,"5,21E+18","PKW, Sonstige"
35829,5,3,15,0,2021,November,17,Sonntag,Unfall mit Schwerverletzten,Zusammenstoß zwischen Fahrzeug und Fußgänger,Abbiegeunfall,Dunkelheit,0,1,1,0,0,0,"366606,6966","5635870,542",7.104650897,50.85912313,trocken,"5,21E+18","Fuss, PKW"
35830,5,3,15,0,2021,Oktober,11,Dienstag,Unfall mit Schwerverletzten,Zusammenstoß mit vorausfahrendem / wartendem Fahrzeug,Unfall im Längsverkehr,Tageslicht,0,1,0,0,0,1,"365826,323","5642507,884",7.091131939,50.91859692,trocken,"5,21E+18","PKW, Sonstige"
35833,5,3,15,0,2021,Juli,15,Freitag,Unfall mit Leichtverletzten,Unfall anderer Art,Einbiegen / Kreuzen-Unfall,Tageslicht,1,1,0,0,0,0,"366818,11","5636646,627",7.107370592,50.86614716,nass/feucht,"5,21E+18","Rad, PKW"
35839,5,3,15,0,2021,Mai,14,Sonntag,Unfall mit Leichtverletzten,Zusammenstoß mit vorausfahrendem / wartendem Fahrzeug,Unfall im Längsverkehr,Tageslicht,0,1,0,0,0,0,"358480,7537","5636973,345",6.988838876,50.86710269,trocken,"5,21E+18",PKW
35844,5,3,15,0,2021,Dezember,12,Dienstag,Unfall mit Schwerverletzten,Zusammenstoß mit seitlich in gleicher Richtung fahrendem Fahrzeug,Unfall im Längsverkehr,Tageslicht,0,1,0,0,1,0,"363035,8548","5644189,085",7.050825142,50.93305098,trocken,"5,21E+18","PKW, Gkfz"
35845,5,3,15,0,2021,Januar,8,Dienstag,Unfall mit Leichtverletzten,Abkommen von Fahrbahn nach links,Unfall im Längsverkehr,Tageslicht,0,1,0,0,0,0,"360784,8924","5649837,971",7.016650559,50.98327959,trocken,"5,21E+18",PKW
35864,5,3,15,0,2021,Februar,6,Mittwoch,Unfall mit Leichtverletzten,Zusammenstoß mit seitlich in gleicher Richtung fahrendem Fahrzeug,Unfall im Längsverkehr,Dunkelheit,0,1,0,0,1,0,"359115,4376","5641124,21",6.996252367,50.90456227,nass/feucht,"5,21E+18","PKW, Gkfz"
35868,5,3,15,0,2021,September,18,Donnerstag,Unfall mit Leichtverletzten,Zusammenstoß mit einbiegendem / kreuzendem Fahrzeug,Abbiegeunfall,Tageslicht,0,1,0,0,0,1,"365511,7194","5635761,895",7.089141792,50.85789302,trocken,"5,21E+18","PKW, Sonstige"
35871,5,3,15,0,2021,Februar,21,Donnerstag,Unfall mit Schwerverletzten,Zusammenstoß mit vorausfahrendem / wartendem Fahrzeug,Fahrunfall,Dunkelheit,0,1,0,1,0,0,"359604,405","5650306,766",6.999662356,50.987206,trocken,"5,21E+18","Krad, PKW"
35881,5,3,15,0,2021,März,15,Sonntag,Unfall mit Schwerverletzten,Zusammenstoß mit vorausfahrendem / wartendem Fahrzeug,Unfall im Längsverkehr,Tageslicht,0,1,0,0,0,0,"361257,513","5646136,006",7.024791517,50.95012338,trocken,"5,21E+18",PKW
35882,5,3,15,0,2021,Dezember,7,Dienstag,Unfall mit Leichtverletzten,Zusammenstoß mit einbiegendem / kreuzendem Fahrzeug,Einbiegen / Kreuzen-Unfall,Dunkelheit,1,1,0,0,0,0,"360609,0807","5646330,028",7.015491731,50.95171065,nass/feucht,"5,21E+18","Rad, PKW"
35908,5,3,15,0,2021,April,20,Mittwoch,Unfall mit Leichtverletzten,Zusammenstoß mit einbiegendem / kreuzendem Fahrzeug,Sonstiger Unfall,Dunkelheit,1,1,0,0,0,0,"361558,2878","5647909,374",7.028396194,50.96613338,nass/feucht,"5,21E+18","Rad, PKW"
35914,5,3,15,0,2021,Juni,8,Mittwoch,Unfall mit Leichtverletzten,Zusammenstoß mit vorausfahrendem / wartendem Fahrzeug,Unfall im Längsverkehr,Tageslicht,0,0,0,0,1,0,"366197,037","5642359,873",7.096457207,50.91735272,trocken,"5,21E+18",Gkfz
35920,5,3,15,0,2021,Mai,11,Freitag,Unfall mit Leichtverletzten,Unfall anderer Art,Einbiegen / Kreuzen-Unfall,Tageslicht,1,1,0,0,0,0,"359182,59","5644764,225",6.995801389,50.9372919,trocken,"5,21E+18","Rad, PKW"
35934,5,3,15,0,2021,Oktober,14,Donnerstag,Unfall mit Leichtverletzten,Zusammenstoß mit vorausfahrendem / wartendem Fahrzeug,Unfall im Längsverkehr,Tageslicht,0,1,0,0,0,0,"358617,9835","5636993,635",6.990779956,50.86731862,trocken,"5,21E+18",PKW
35952,5,3,15,0,2021,Juni,11,Freitag,Unfall mit Leichtverletzten,Zusammenstoß mit vorausfahrendem / wartendem Fahrzeug,Unfall im Längsverkehr,Tageslicht,0,1,0,0,0,0,"366925,44","5642126,578",7.106898844,50.91542437,nass/feucht,"5,21E+18",PKW
35970,5,3,15,0,2021,Februar,12,Freitag,Unfall mit Leichtverletzten,Zusammenstoß mit vorausfahrendem / wartendem Fahrzeug,Unfall im Längsverkehr,Tageslicht,0,1,0,0,0,0,"362714,2823","5644699,536",7.046059291,50.93756214,trocken,"5,21E+18",PKW
35971,5,3,15,0,2021,September,12,Donnerstag,Unfall mit Leichtverletzten,Zusammenstoß mit anfahrendem/ anhaltendem/ruhendem Fahrzeug,Unfall im Längsverkehr,Tageslicht,0,0,0,0,0,1,"361651,5466","5648525,482",7.029489134,50.97169289,nass/feucht,"5,21E+18",Sonstige
35980,5,3,15,0,2021,Dezember,8,Samstag,Unfall mit Leichtverletzten,Abkommen von Fahrbahn nach links,Fahrunfall,Tageslicht,0,1,0,0,0,0,"360843,8429","5649117,424",7.017765726,50.97681818,trocken,"5,21E+18",PKW
35983,5,3,15,0,2021,Oktober,15,Dienstag,Unfall mit Leichtverletzten,Zusammenstoß zwischen Fahrzeug und Fußgänger,Überschreiten-Unfall,Tageslicht,0,1,1,0,0,0,"359983,4253","5647385,165",7.00618413,50.96104164,trocken,"5,21E+18","Fuss, PKW"
35996,5,3,15,0,2021,März,11,Dienstag,Unfall mit Leichtverletzten,Zusammenstoß mit einbiegendem / kreuzendem Fahrzeug,Einbiegen / Kreuzen-Unfall,Tageslicht,1,1,0,0,0,0,"359226,9656","5652986,714",6.993249119,51.01119848,trocken,"5,21E+18","Rad, PKW"
36047,5,3,15,0,2021,März,16,Sonntag,Unfall mit Leichtverletzten,Zusammenstoß mit vorausfahrendem / wartendem Fahrzeug,Unfall im Längsverkehr,Tageslicht,0,1,0,0,0,0,"361510,26","5647894,877",7.027718163,50.96599155,trocken,"5,21E+18",PKW
36048,5,3,15,0,2021,Dezember,21,Samstag,Unfall mit Schwerverletzten,Unfall anderer Art,Fahrunfall,Dunkelheit,0,1,0,0,0,0,"360867,3572","5640986,847",7.021205624,50.9037526,trocken,"5,21E+18",PKW
36053,5,3,15,0,2021,Oktober,20,Mittwoch,Unfall mit Leichtverletzten,Zusammenstoß mit vorausfahrendem / wartendem Fahrzeug,Unfall im Längsverkehr,Dunkelheit,0,1,0,0,0,1,"366063,0622","5635859,096",7.096935275,50.8588946,nass/feucht,"5,21E+18","PKW, Sonstige"
36060,5,3,15,0,2021,April,19,Mittwoch,Unfall mit Leichtverletzten,Zusammenstoß mit anfahrendem/ anhaltendem/ruhendem Fahrzeug,Unfall im Längsverkehr,Tageslicht,0,1,0,0,0,0,"362329,3466","5643834,732",7.040910736,50.92969808,trocken,"5,21E+18",PKW
36066,5,3,15,0,2021,Januar,21,Dienstag,Unfall mit Leichtverletzten,Abkommen von Fahrbahn nach rechts,Fahrunfall,Dunkelheit,0,1,0,0,0,0,"363432,8188","5641296,579",7.057554039,50.90714887,nass/feucht,"5,21E+18",PKW
36072,5,3,15,0,2021,Februar,17,Donnerstag,Unfall mit Leichtverletzten,Zusammenstoß mit einbiegendem / kreuzendem Fahrzeug,Einbiegen / Kreuzen-Unfall,Tageslicht,0,1,0,0,0,0,"362921,9873","5643818,668",7.049344973,50.92969485,trocken,"5,21E+18",PKW
36077,5,3,15,0,2021,Dezember,18,Montag,Unfall mit Leichtverletzten,Zusammenstoß mit vorausfahrendem / wartendem Fahrzeug,Abbiegeunfall,Dunkelheit,0,1,0,0,0,0,"364802,2469","5649360,355",7.074026981,50.97994448,trocken,"5,21E+18",PKW
36080,5,3,15,0,2021,Oktober,11,Samstag,Unfall mit Leichtverletzten,Unfall anderer Art,Fahrunfall,Tageslicht,1,0,0,0,0,0,"364315,378","5643314,325",7.069348885,50.92549151,trocken,"5,21E+18",Rad
36105,5,3,15,0,2021,Mai,21,Dienstag,Unfall mit Leichtverletzten,Zusammenstoß mit anfahrendem/ anhaltendem/ruhendem Fahrzeug,Unfall im Längsverkehr,Dunkelheit,0,1,0,0,0,0,"365187,1974","5645580,621",7.080908065,50.94606436,trocken,"5,21E+18",PKW
36108,5,3,15,0,2021,Juni,13,Samstag,Unfall mit Leichtverletzten,Unfall anderer Art,Sonstiger Unfall,Tageslicht,1,0,0,0,0,0,"358379,894","5642924,04",6.985099351,50.92055751,trocken,"5,21E+18",Rad
36121,5,3,15,0,2021,Oktober,14,Donnerstag,Unfall mit Leichtverletzten,Unfall anderer Art,Sonstiger Unfall,Tageslicht,0,0,0,0,1,0,"360494,8933","5646666,466",7.013738162,50.95470664,trocken,"5,21E+18",Gkfz
36123,5,3,15,0,2021,April,15,Mittwoch,Unfall mit Leichtverletzten,Zusammenstoß mit seitlich in gleicher Richtung fahrendem Fahrzeug,Abbiegeunfall,Tageslicht,0,1,0,1,1,0,"360035,068","5649150,479",7.006239703,50.97691924,trocken,"5,21E+18","Krad, PKW, Gkfz"