OBJECTID,ULAND,UREGBEZ,UKREIS,UGEMEINDE,UJAHR,UMONAT,USTUNDE,UWOCHENTAG,UKATEGORIE,UART,UTYP1,ULICHTVERH,IstRad,IstPKW,IstFuss,IstKrad,IstGkfz,IstSonstige,LINREFX,LINREFY,XGCSWGS84,YGCSWGS84,USTRZUSTAND,UIDENTSTLAE,Participants
36132,5,3,15,0,2021,Februar,15,Montag,Unfall mit Leichtverletzten,Zusammenstoß mit anfahrendem/ anhaltendem/ruhendem Fahrzeug,Unfall durch ruhenden Verkehr,Tageslicht,1,1,0,0,0,0,"358566,7677","5639659,002",6.989021426,50.89126013,trocken,"5,21E+18","Rad, PKW"
36136,5,3,15,0,2021,Januar,16,Mittwoch,Unfall mit Leichtverletzten,Zusammenstoß mit einbiegendem / kreuzendem Fahrzeug,Abbiegeunfall,Tageslicht,0,1,0,1,0,0,"362070,64","5651601,917",7.034286781,50.99944203,nass/feucht,"5,21E+18","Krad, PKW"
36147,5,3,15,0,2021,März,14,Samstag,Unfall mit Leichtverletzten,Zusammenstoß mit vorausfahrendem / wartendem Fahrzeug,Unfall im Längsverkehr,Tageslicht,0,1,0,0,0,0,"359052,5847","5641021,243",6.995398774,50.90362155,trocken,"5,21E+18",PKW
36156,5,3,15,0,2021,Juni,5,Dienstag,Unfall mit Leichtverletzten,Zusammenstoß mit einbiegendem / kreuzendem Fahrzeug,Abbiegeunfall,Tageslicht,0,1,0,0,0,0,"363531,96","5646014,545",7.057197151,50.94957475,trocken,"5,21E+18",PKW
36160,5,3,15,0,2021,Juni,10,Sonntag,Unfall mit Schwerverletzten,Zusammenstoß mit vorausfahrendem / wartendem Fahrzeug,Unfall im Längsverkehr,Tageslicht,0,1,0,0,0,0,"361651,4846","5648525,768",7.029488143,50.97169544,trocken,"5,21E+18",PKW
36172,5,3,15,0,2021,Dezember,11,Donnerstag,Unfall mit Leichtverletzten,Zusammenstoß mit einbiegendem / kreuzendem Fahrzeug,Einbiegen / Kreuzen-Unfall,Tageslicht,1,1,0,0,0,0,"359954,9552","5647763,593",7.005633324,50.96443569,trocken,"5,21E+18","Rad, PKW"
36175,5,3,15,0,2021,September,18,Samstag,Unfall mit Leichtverletzten,Unfall anderer Art,Fahrunfall,Tageslicht,0,0,0,1,0,0,"369317,9022","5637903,005",7.142425717,50.87800994,trocken,"5,21E+18",Krad
36178,5,3,15,0,2021,Oktober,14,Samstag,Unfall mit Schwerverletzten,Zusammenstoß mit vorausfahrendem / wartendem Fahrzeug,Unfall im Längsverkehr,Tageslicht,0,1,0,0,0,0,"365961,1039","5634020,898",7.096160323,50.84234969,trocken,"5,21E+18",PKW
36182,5,3,15,0,2021,Dezember,11,Mittwoch,Unfall mit Leichtverletzten,Zusammenstoß mit anfahrendem/ anhaltendem/ruhendem Fahrzeug,Unfall im Längsverkehr,Tageslicht,0,1,0,0,0,1,"358575,3655","5638835,048",6.989462494,50.88385725,trocken,"5,21E+18","PKW, Sonstige"
36184,5,3,15,0,2021,Oktober,15,Mittwoch,Unfall mit Schwerverletzten,Zusammenstoß zwischen Fahrzeug und Fußgänger,Überschreiten-Unfall,Tageslicht,0,1,1,0,0,0,"362838,9781","5643829,243",7.048160484,50.92977016,trocken,"5,21E+18","Fuss, PKW"
36187,5,3,15,0,2021,Januar,13,Mittwoch,Unfall mit Leichtverletzten,Zusammenstoß mit einbiegendem / kreuzendem Fahrzeug,Einbiegen / Kreuzen-Unfall,Tageslicht,0,1,0,0,1,0,"362959,94","5642586,22",7.050347897,50.91862735,nass/feucht,"5,21E+18","PKW, Gkfz"
36188,5,3,15,0,2021,Februar,17,Mittwoch,Unfall mit Leichtverletzten,Unfall anderer Art,Fahrunfall,Dämmerung,1,0,0,0,0,0,"362188,9864","5644107,745",7.038811404,50.93211822,trocken,"5,21E+18",Rad
36198,5,3,15,0,2021,Mai,17,Dienstag,Unfall mit Schwerverletzten,Unfall anderer Art,Sonstiger Unfall,Tageslicht,0,0,0,0,0,1,"368031,3327","5641703,382",7.122775135,50.91187472,trocken,"5,21E+18",Sonstige
36209,5,3,15,0,2021,Juli,14,Freitag,Unfall mit Leichtverletzten,Zusammenstoß mit vorausfahrendem / wartendem Fahrzeug,Unfall im Längsverkehr,Tageslicht,0,1,0,0,0,0,"360591,0939","5651682,253",7.013183537,50.99980744,trocken,"5,21E+18",PKW
36214,5,3,15,0,2021,März,20,Samstag,Unfall mit Leichtverletzten,Abkommen von Fahrbahn nach links,Fahrunfall,Dunkelheit,1,0,0,0,0,0,"365042,5567","5642998,414",7.079806576,50.92282282,trocken,"5,21E+18",Rad
36223,5,3,15,0,2021,Juni,10,Samstag,Unfall mit Leichtverletzten,Zusammenstoß mit einbiegendem / kreuzendem Fahrzeug,Abbiegeunfall,Tageslicht,1,1,0,0,0,0,"362977,638","5650841,542",7.047491796,50.99282503,trocken,"5,21E+18","Rad, PKW"
36227,5,3,15,0,2021,Oktober,18,Samstag,Unfall mit Leichtverletzten,Unfall anderer Art,Unfall durch ruhenden Verkehr,Dunkelheit,1,1,0,0,0,1,"359731,8865","5644833,779",7.003587449,50.93805086,trocken,"5,21E+18","Rad, PKW, Sonstige"
36231,5,3,15,0,2021,Januar,18,Freitag,Unfall mit Schwerverletzten,Zusammenstoß mit vorausfahrendem / wartendem Fahrzeug,Unfall im Längsverkehr,Dunkelheit,0,1,0,0,0,0,"364763,292","5645954,221",7.074738563,50.9493228,trocken,"5,21E+18",PKW
36241,5,3,15,0,2021,Oktober,16,Sonntag,Unfall mit Leichtverletzten,Zusammenstoß mit vorausfahrendem / wartendem Fahrzeug,Unfall im Längsverkehr,Tageslicht,0,1,0,0,0,0,"359355,831","5638656,131",7.000619447,50.88243981,trocken,"5,21E+18",PKW
36249,5,3,15,0,2021,April,19,Freitag,Unfall mit Leichtverletzten,Zusammenstoß mit seitlich in gleicher Richtung fahrendem Fahrzeug,Unfall im Längsverkehr,Tageslicht,0,1,0,0,1,0,"362328,3914","5645424,375",7.040296542,50.9439845,trocken,"5,21E+18","PKW, Gkfz"
36252,5,3,15,0,2021,November,13,Sonntag,Unfall mit Schwerverletzten,Zusammenstoß mit einbiegendem / kreuzendem Fahrzeug,Abbiegeunfall,Tageslicht,0,1,0,0,0,0,"364848,5891","5639532,755",7.078331724,50.89162953,trocken,"5,21E+18",PKW
36263,5,3,15,0,2021,September,17,Samstag,Unfall mit Leichtverletzten,Zusammenstoß mit vorausfahrendem / wartendem Fahrzeug,Abbiegeunfall,Tageslicht,0,1,0,0,0,0,"361443,336","5647376,585",7.026963064,50.96131745,trocken,"5,21E+18",PKW
36271,5,3,15,0,2021,September,12,Mittwoch,Unfall mit Leichtverletzten,Zusammenstoß mit anfahrendem/ anhaltendem/ruhendem Fahrzeug,Unfall im Längsverkehr,Tageslicht,0,1,0,0,0,0,"362285,9362","5645599,283",7.039626452,50.94554631,trocken,"5,21E+18",PKW
36278,5,3,15,0,2021,Dezember,21,Freitag,Unfall mit Leichtverletzten,Unfall anderer Art,Fahrunfall,Dunkelheit,1,0,0,0,0,0,"359273,2302","5637344,444",6.999950815,50.87063129,nass/feucht,"5,21E+18",Rad
36280,5,3,15,0,2021,Oktober,10,Mittwoch,Unfall mit Leichtverletzten,Zusammenstoß mit einbiegendem / kreuzendem Fahrzeug,Einbiegen / Kreuzen-Unfall,Tageslicht,1,1,0,0,0,0,"365095,9046","5638464,278",7.082240566,50.88208427,nass/feucht,"5,21E+18","Rad, PKW"
36284,5,3,15,0,2021,Dezember,19,Dienstag,Unfall mit Leichtverletzten,Zusammenstoß zwischen Fahrzeug und Fußgänger,Abbiegeunfall,Dunkelheit,0,1,1,0,0,0,"358957,462","5642277,358",6.993561346,50.91488718,nass/feucht,"5,21E+18","Fuss, PKW"
36286,5,3,15,0,2021,Juli,8,Freitag,Unfall mit Leichtverletzten,Zusammenstoß mit einbiegendem / kreuzendem Fahrzeug,Einbiegen / Kreuzen-Unfall,Tageslicht,1,1,0,0,0,0,"363026,725","5638035,488",7.053004356,50.8777437,trocken,"5,21E+18","Rad, PKW"
36287,5,3,15,0,2021,Mai,14,Mittwoch,Unfall mit Leichtverletzten,Unfall anderer Art,Einbiegen / Kreuzen-Unfall,Tageslicht,0,1,0,1,0,0,"359586,3225","5650555,785",6.999308644,50.98943954,nass/feucht,"5,21E+18","Krad, PKW"
36294,5,3,15,0,2021,September,16,Samstag,Unfall mit Leichtverletzten,Zusammenstoß mit vorausfahrendem / wartendem Fahrzeug,Unfall im Längsverkehr,Tageslicht,0,1,0,0,0,0,"363310,0181","5641894,795",7.055584407,50.91249624,nass/feucht,"5,21E+18",PKW
36298,5,3,15,0,2021,März,7,Donnerstag,Unfall mit Leichtverletzten,Zusammenstoß mit seitlich in gleicher Richtung fahrendem Fahrzeug,Einbiegen / Kreuzen-Unfall,Tageslicht,0,1,0,0,1,0,"361704,8609","5648186,214",7.030377025,50.96865662,trocken,"5,21E+18","PKW, Gkfz"
36311,5,3,15,0,2021,Juni,16,Freitag,Unfall mit Leichtverletzten,Zusammenstoß mit vorausfahrendem / wartendem Fahrzeug,Unfall im Längsverkehr,Tageslicht,0,1,0,0,0,0,"359873,8314","5647571,334",7.004552845,50.96268811,trocken,"5,21E+18",PKW
36312,5,3,15,0,2021,Mai,12,Donnerstag,Unfall mit Leichtverletzten,Zusammenstoß mit seitlich in gleicher Richtung fahrendem Fahrzeug,Abbiegeunfall,Tageslicht,1,1,0,0,0,0,"366772,1396","5638234,195",7.106139324,50.88040529,trocken,"5,21E+18","Rad, PKW"
36322,5,3,15,0,2021,Februar,11,Freitag,Unfall mit Leichtverletzten,Zusammenstoß mit einbiegendem / kreuzendem Fahrzeug,Abbiegeunfall,Tageslicht,1,1,0,0,0,0,"363027,2007","5651177,957",7.048070726,50.99586029,nass/feucht,"5,21E+18","Rad, PKW"
36323,5,3,15,0,2021,Januar,13,Donnerstag,Unfall mit Leichtverletzten,Zusammenstoß mit einbiegendem / kreuzendem Fahrzeug,Einbiegen / Kreuzen-Unfall,Tageslicht,0,1,0,0,0,1,"358945,3156","5644595,653",6.992491826,50.93571894,trocken,"5,21E+18","PKW, Sonstige"
36325,5,3,15,0,2021,Juni,8,Dienstag,Unfall mit Leichtverletzten,Zusammenstoß mit vorausfahrendem / wartendem Fahrzeug,Unfall im Längsverkehr,Tageslicht,0,1,0,0,0,0,"362936,8794","5641372,399",7.050475992,50.90771276,trocken,"5,21E+18",PKW
36331,5,3,15,0,2021,April,20,Freitag,Unfall mit Leichtverletzten,Zusammenstoß mit vorausfahrendem / wartendem Fahrzeug,Unfall im Längsverkehr,Dunkelheit,0,1,0,0,0,0,"363272,3361","5643725,037",7.054362567,50.92893649,trocken,"5,21E+18",PKW
36340,5,3,15,0,2021,Juli,15,Freitag,Unfall mit Schwerverletzten,Zusammenstoß zwischen Fahrzeug und Fußgänger,Überschreiten-Unfall,Tageslicht,0,1,1,0,0,0,"366170,3571","5638358,527",7.097544372,50.88138368,nass/feucht,"5,21E+18","Fuss, PKW"
36346,5,3,15,0,2021,Februar,4,Dienstag,Unfall mit Schwerverletzten,Abkommen von Fahrbahn nach links,Fahrunfall,Dunkelheit,0,1,0,0,0,0,"359006,3224","5637091,028",6.996257602,50.86828875,trocken,"5,21E+18",PKW
36348,5,3,15,0,2021,Oktober,19,Samstag,Unfall mit Leichtverletzten,Zusammenstoß mit vorausfahrendem / wartendem Fahrzeug,Unfall im Längsverkehr,Dunkelheit,0,1,0,0,0,0,"362434,6919","5645233,703",7.041880756,50.94229625,trocken,"5,21E+18",PKW
36352,5,3,15,0,2021,Januar,13,Freitag,Unfall mit Leichtverletzten,Zusammenstoß mit seitlich in gleicher Richtung fahrendem Fahrzeug,Unfall im Längsverkehr,Tageslicht,0,1,0,0,1,0,"365028,4904","5642566,293",7.079766479,50.91893581,nass/feucht,"5,21E+18","PKW, Gkfz"
36361,5,3,15,0,2021,September,11,Mittwoch,Unfall mit Leichtverletzten,Unfall anderer Art,Fahrunfall,Tageslicht,0,0,0,1,0,0,"362947,5336","5651371,119",7.046863234,50.99757732,trocken,"5,21E+18",Krad
36369,5,3,15,0,2021,April,11,Freitag,Unfall mit Leichtverletzten,Zusammenstoß zwischen Fahrzeug und Fußgänger,Überschreiten-Unfall,Tageslicht,0,0,1,0,1,0,"364809,3031","5645491,376",7.07556502,50.94517377,trocken,"5,21E+18","Fuss, Gkfz"
36377,5,3,15,0,2021,März,8,Samstag,Unfall mit Leichtverletzten,Unfall anderer Art,Abbiegeunfall,Tageslicht,1,1,0,0,0,0,"360491,7301","5644350,685",7.014580166,50.93389353,trocken,"5,21E+18","Rad, PKW"
36379,5,3,15,0,2021,Juni,0,Montag,Unfall mit Leichtverletzten,Aufprall auf Fahrbahnhindernis,Fahrunfall,Dunkelheit,1,0,0,0,0,0,"359667,215","5633982,752",7.006835311,50.84051463,trocken,"5,21E+18",Rad
36387,5,3,15,0,2021,Juni,7,Samstag,Unfall mit Leichtverletzten,Zusammenstoß mit einbiegendem / kreuzendem Fahrzeug,Einbiegen / Kreuzen-Unfall,Tageslicht,0,1,0,0,0,1,"359032,563","5642231,977",6.99464655,50.91449768,trocken,"5,21E+18","PKW, Sonstige"
36388,5,3,15,0,2021,Oktober,13,Freitag,Unfall mit Leichtverletzten,Zusammenstoß mit vorausfahrendem / wartendem Fahrzeug,Unfall im Längsverkehr,Tageslicht,0,1,0,0,1,0,"361979,753","5646894,571",7.034779601,50.95711421,trocken,"5,21E+18","PKW, Gkfz"
36391,5,3,15,0,2021,Dezember,18,Donnerstag,Unfall mit Leichtverletzten,Zusammenstoß mit einbiegendem / kreuzendem Fahrzeug,Einbiegen / Kreuzen-Unfall,Dunkelheit,1,1,0,0,0,0,"361644,8052","5650157,004",7.02877219,50.98635409,trocken,"5,21E+18","Rad, PKW"
36433,5,3,15,0,2021,September,8,Freitag,Unfall mit Schwerverletzten,Unfall anderer Art,Fahrunfall,Tageslicht,1,0,0,0,0,0,"360841,4504","5644286,225",7.01957866,50.93339871,trocken,"5,21E+18",Rad
36436,5,3,15,0,2021,September,16,Dienstag,Unfall mit Leichtverletzten,Zusammenstoß mit vorausfahrendem / wartendem Fahrzeug,Unfall im Längsverkehr,Tageslicht,0,1,0,1,0,0,"360043,725","5648154,358",7.006746324,50.96796911,nass/feucht,"5,21E+18","Krad, PKW"
36443,5,3,15,0,2021,September,7,Samstag,Unfall mit Leichtverletzten,Abkommen von Fahrbahn nach rechts,Fahrunfall,Dämmerung,0,1,0,0,0,0,"359123,6081","5646151,312",6.994425994,50.94974335,trocken,"5,21E+18",PKW
36445,5,3,15,0,2021,Dezember,17,Samstag,Unfall mit Leichtverletzten,Zusammenstoß zwischen Fahrzeug und Fußgänger,Überschreiten-Unfall,Dämmerung,0,1,1,0,0,0,"362306,0739","5643879,644",7.040562803,50.93009616,nass/feucht,"5,21E+18","Fuss, PKW"
36451,5,3,15,0,2021,Februar,9,Donnerstag,Unfall mit Leichtverletzten,Zusammenstoß mit entgegenkommendem Fahrzeug,Unfall im Längsverkehr,Tageslicht,1,0,0,0,0,0,"363355,7825","5641801,849",7.056269811,50.91167173,trocken,"5,21E+18",Rad
36453,5,3,15,0,2021,Juni,9,Donnerstag,Unfall mit Leichtverletzten,Zusammenstoß zwischen Fahrzeug und Fußgänger,Überschreiten-Unfall,Tageslicht,1,0,1,0,0,0,"358480,9981","5640473,605",6.987487087,50.89856005,trocken,"5,21E+18","Rad, Fuss"
36456,5,3,15,0,2021,November,8,Mittwoch,Unfall mit Leichtverletzten,Unfall anderer Art,Unfall im Längsverkehr,Tageslicht,0,1,0,1,0,0,"358619,9268","5639919,239",6.989676059,50.89361192,trocken,"5,21E+18","Krad, PKW"
36463,5,3,15,0,2021,Februar,6,Mittwoch,Unfall mit Leichtverletzten,Zusammenstoß mit vorausfahrendem / wartendem Fahrzeug,Abbiegeunfall,Dunkelheit,0,1,0,0,0,0,"363803,582","5641069,42",7.062909075,50.90519487,winterglatt,"5,21E+18",PKW
36470,5,3,15,0,2021,Januar,13,Donnerstag,Unfall mit Leichtverletzten,Zusammenstoß mit vorausfahrendem / wartendem Fahrzeug,Sonstiger Unfall,Tageslicht,0,1,0,0,0,0,"359998,8512","5650639,28",7.005150586,50.9902904,nass/feucht,"5,21E+18",PKW
36471,5,3,15,0,2021,Dezember,18,Samstag,Unfall mit Leichtverletzten,Zusammenstoß mit entgegenkommendem Fahrzeug,Abbiegeunfall,Dunkelheit,0,1,0,0,0,0,"366946,665","5642149,267",7.107192337,50.91563319,nass/feucht,"5,21E+18",PKW
36474,5,3,15,0,2021,September,22,Donnerstag,Unfall mit Leichtverletzten,Zusammenstoß mit einbiegendem / kreuzendem Fahrzeug,Abbiegeunfall,Dunkelheit,1,1,0,0,0,0,"359503,915","5644801,297",7.000357405,50.93770345,trocken,"5,21E+18","Rad, PKW"
36482,5,3,15,0,2021,November,15,Montag,Unfall mit Leichtverletzten,Zusammenstoß mit vorausfahrendem / wartendem Fahrzeug,Unfall im Längsverkehr,Tageslicht,0,1,0,0,0,0,"361998,0362","5648039,844",7.034605382,50.96741146,trocken,"5,21E+18",PKW
36483,5,3,15,0,2021,September,10,Donnerstag,Unfall mit Leichtverletzten,Zusammenstoß zwischen Fahrzeug und Fußgänger,Überschreiten-Unfall,Tageslicht,0,1,1,0,0,0,"363271,8929","5645369,164",7.053739342,50.94371283,trocken,"5,21E+18","Fuss, PKW"
36485,5,3,15,0,2021,Mai,22,Montag,Unfall mit Leichtverletzten,Zusammenstoß mit einbiegendem / kreuzendem Fahrzeug,Abbiegeunfall,Dunkelheit,0,1,0,0,0,0,"359376,2449","5644789,85",6.998545914,50.93756946,trocken,"5,21E+18",PKW
36492,5,3,15,0,2021,September,14,Freitag,Unfall mit Leichtverletzten,Zusammenstoß mit einbiegendem / kreuzendem Fahrzeug,Einbiegen / Kreuzen-Unfall,Tageslicht,0,1,0,1,0,0,"363225,1503","5638544,19",7.055632787,50.88236266,trocken,"5,21E+18","Krad, PKW"
36506,5,3,15,0,2021,September,12,Freitag,Unfall mit Leichtverletzten,Unfall anderer Art,Abbiegeunfall,Tageslicht,0,0,0,1,0,1,"360669,4214","5645039,256",7.016844071,50.94012482,trocken,"5,21E+18","Krad, Sonstige"
36515,5,3,15,0,2021,Juni,22,Freitag,Unfall mit Leichtverletzten,Zusammenstoß mit einbiegendem / kreuzendem Fahrzeug,Abbiegeunfall,Dämmerung,1,1,0,0,0,0,"359821,879","5647480,673",7.003848433,50.9618607,trocken,"5,21E+18","Rad, PKW"
36521,5,3,15,0,2021,März,7,Dienstag,Unfall mit Leichtverletzten,Zusammenstoß mit anfahrendem/ anhaltendem/ruhendem Fahrzeug,Unfall durch ruhenden Verkehr,Tageslicht,1,1,0,0,0,0,"362621,9821","5637049,035",7.047625303,50.86878192,trocken,"5,21E+18","Rad, PKW"
36524,5,3,15,0,2021,Juli,18,Mittwoch,Unfall mit Leichtverletzten,Unfall anderer Art,Fahrunfall,Tageslicht,1,0,0,0,0,0,"363155,3194","5645328,045",7.052096446,50.94331562,trocken,"5,21E+18",Rad
36541,5,3,15,0,2021,November,10,Dienstag,Unfall mit Leichtverletzten,Zusammenstoß mit entgegenkommendem Fahrzeug,Unfall im Längsverkehr,Tageslicht,0,1,0,1,0,0,"363554,2357","5646461,43",7.057346597,50.95359636,trocken,"5,21E+18","Krad, PKW"
36546,5,3,15,0,2021,Juli,13,Samstag,Unfall mit Leichtverletzten,Zusammenstoß mit vorausfahrendem / wartendem Fahrzeug,Unfall im Längsverkehr,Tageslicht,0,1,0,0,0,1,"362070,6399","5646570,217",7.036195805,50.95422091,trocken,"5,21E+18","PKW, Sonstige"
36556,5,3,15,0,2021,Januar,19,Montag,Unfall mit Leichtverletzten,Unfall anderer Art,Fahrunfall,Dunkelheit,1,0,0,0,0,0,"363396,029","5639861,068",7.057568147,50.89423853,nass/feucht,"5,21E+18",Rad
36560,5,3,15,0,2021,Januar,0,Sonntag,Unfall mit Leichtverletzten,Zusammenstoß mit vorausfahrendem / wartendem Fahrzeug,Unfall im Längsverkehr,Dunkelheit,0,1,0,0,0,0,"358679,4461","5640550,897",6.990277407,50.89930328,trocken,"5,21E+18",PKW
36562,5,3,15,0,2021,November,6,Dienstag,Unfall mit Leichtverletzten,Zusammenstoß mit seitlich in gleicher Richtung fahrendem Fahrzeug,Unfall im Längsverkehr,Dunkelheit,0,1,0,0,1,0,"362983,4323","5644272,881",7.050048061,50.93379163,trocken,"5,21E+18","PKW, Gkfz"
36567,5,3,15,0,2021,März,16,Samstag,Unfall mit Leichtverletzten,Zusammenstoß mit seitlich in gleicher Richtung fahrendem Fahrzeug,Unfall im Längsverkehr,Tageslicht,0,1,0,0,1,0,"364690,2265","5642622,856",7.074935931,50.91936495,trocken,"5,21E+18","PKW, Gkfz"
36570,5,3,15,0,2021,November,12,Mittwoch,Unfall mit Leichtverletzten,Zusammenstoß mit einbiegendem / kreuzendem Fahrzeug,Einbiegen / Kreuzen-Unfall,Tageslicht,1,1,0,0,0,0,"364170,503","5638485,438",7.069085405,50.88205764,nass/feucht,"5,21E+18","Rad, PKW"
36578,5,3,15,0,2021,April,12,Mittwoch,Unfall mit Leichtverletzten,Zusammenstoß mit anfahrendem/ anhaltendem/ruhendem Fahrzeug,Unfall im Längsverkehr,Tageslicht,0,1,0,0,0,0,"359712,3555","5644829,676",7.003311228,50.93800924,trocken,"5,21E+18",PKW
36597,5,3,15,0,2021,Juni,9,Freitag,Unfall mit Leichtverletzten,Zusammenstoß mit vorausfahrendem / wartendem Fahrzeug,Unfall im Längsverkehr,Tageslicht,0,0,0,0,1,1,"362590,6291","5642722,112",7.045045827,50.91976084,trocken,"5,21E+18","Gkfz, Sonstige"
36598,5,3,15,0,2021,November,12,Sonntag,Unfall mit Leichtverletzten,Zusammenstoß mit einbiegendem / kreuzendem Fahrzeug,Abbiegeunfall,Tageslicht,0,1,0,0,0,1,"361588,157","5645127,731",7.029878947,50.94114124,nass/feucht,"5,21E+18","PKW, Sonstige"
36608,5,3,15,0,2021,Oktober,15,Donnerstag,Unfall mit Leichtverletzten,Zusammenstoß mit seitlich in gleicher Richtung fahrendem Fahrzeug,Unfall im Längsverkehr,Tageslicht,0,1,0,0,1,0,"360666,1783","5653264,129",7.013645615,51.01404208,trocken,"5,21E+18","PKW, Gkfz"
36631,5,3,15,0,2021,März,14,Freitag,Unfall mit Leichtverletzten,Abkommen von Fahrbahn nach links,Unfall im Längsverkehr,Tageslicht,0,1,0,0,0,0,"363250,4016","5639096,803",7.055784754,50.88733525,trocken,"5,21E+18",PKW
36640,5,3,15,0,2021,Dezember,8,Freitag,Unfall mit Leichtverletzten,Unfall anderer Art,Unfall durch ruhenden Verkehr,Dämmerung,1,1,0,0,0,0,"359250,624","5638866,736",6.999043708,50.88430693,nass/feucht,"5,21E+18","Rad, PKW"
36642,5,3,15,0,2021,Juni,10,Donnerstag,Unfall mit Leichtverletzten,Unfall anderer Art,Fahrunfall,Tageslicht,1,0,0,0,0,0,"366410,684","5636386,221",7.101679189,50.86371269,trocken,"5,21E+18",Rad
36643,5,3,15,0,2021,September,2,Sonntag,Unfall mit Leichtverletzten,Zusammenstoß mit vorausfahrendem / wartendem Fahrzeug,Unfall im Längsverkehr,Dunkelheit,0,1,0,0,0,0,"365646,9205","5646132,98",7.087244621,50.95113605,trocken,"5,21E+18",PKW
36665,5,3,15,0,2021,März,10,Samstag,Unfall mit Schwerverletzten,Unfall anderer Art,Sonstiger Unfall,Tageslicht,0,0,0,0,0,1,"359974,4469","5647785,117",7.005902438,50.96463387,trocken,"5,21E+18",Sonstige
36674,5,3,15,0,2021,September,17,Sonntag,Unfall mit Schwerverletzten,Zusammenstoß mit vorausfahrendem / wartendem Fahrzeug,Unfall im Längsverkehr,Tageslicht,1,0,0,0,0,0,"368694,6975","5638598,088",7.133322531,50.88411601,trocken,"5,21E+18",Rad
36679,5,3,15,0,2021,Oktober,21,Montag,Unfall mit Leichtverletzten,Unfall anderer Art,Sonstiger Unfall,Dunkelheit,0,0,0,0,0,1,"361819,6659","5644837,128",7.033282334,50.93858504,nass/feucht,"5,21E+18",Sonstige
36689,5,3,15,0,2021,April,16,Donnerstag,Unfall mit Leichtverletzten,Zusammenstoß mit vorausfahrendem / wartendem Fahrzeug,Unfall im Längsverkehr,Tageslicht,0,1,0,0,0,1,"362482,0692","5645131,154",7.042593422,50.9413859,trocken,"5,21E+18","PKW, Sonstige"
36692,5,3,15,0,2021,Mai,7,Donnerstag,Unfall mit Leichtverletzten,Zusammenstoß mit vorausfahrendem / wartendem Fahrzeug,Unfall im Längsverkehr,Tageslicht,0,0,0,0,1,1,"368068,0463","5641096,535",7.123516458,50.90642889,trocken,"5,21E+18","Gkfz, Sonstige"
36693,5,3,15,0,2021,September,5,Freitag,Unfall mit Schwerverletzten,Zusammenstoß mit seitlich in gleicher Richtung fahrendem Fahrzeug,Unfall im Längsverkehr,Dunkelheit,0,1,0,0,1,0,"361429,611","5649078,344",7.026119391,50.97660822,trocken,"5,21E+18","PKW, Gkfz"
36696,5,3,15,0,2021,Juni,10,Mittwoch,Unfall mit Schwerverletzten,Zusammenstoß mit anfahrendem/ anhaltendem/ruhendem Fahrzeug,Fahrunfall,Tageslicht,1,1,0,0,0,0,"359235,4876","5638897,729",6.998816726,50.88458179,trocken,"5,21E+18","Rad, PKW"
36705,5,3,15,0,2021,September,7,Donnerstag,Unfall mit Leichtverletzten,Zusammenstoß mit vorausfahrendem / wartendem Fahrzeug,Unfall im Längsverkehr,Tageslicht,0,1,0,0,0,0,"359846,2756","5645855,027",7.004821534,50.94725677,trocken,"5,21E+18",PKW
36726,5,3,15,0,2021,Juli,0,Mittwoch,Unfall mit Leichtverletzten,Abkommen von Fahrbahn nach links,Unfall im Längsverkehr,Dunkelheit,0,1,0,0,0,0,"364061,7324","5640835,428",7.066665587,50.9031527,nass/feucht,"5,21E+18",PKW
36727,5,3,15,0,2021,Dezember,13,Donnerstag,Unfall mit Schwerverletzten,Zusammenstoß zwischen Fahrzeug und Fußgänger,Überschreiten-Unfall,Tageslicht,0,1,1,0,0,0,"363084,8134","5636496,149",7.054405777,50.86392265,trocken,"5,21E+18","Fuss, PKW"
36729,5,3,15,0,2021,September,17,Donnerstag,Unfall mit Leichtverletzten,Unfall anderer Art,Fahrunfall,Tageslicht,0,0,0,0,0,1,"361395,3899","5640651,494",7.028838047,50.90086569,trocken,"5,21E+18",Sonstige
36750,5,3,15,0,2021,März,18,Freitag,Unfall mit Leichtverletzten,Zusammenstoß mit entgegenkommendem Fahrzeug,Abbiegeunfall,Dunkelheit,0,1,0,0,0,0,"363475,8354","5640206,495",7.058573131,50.89736193,trocken,"5,21E+18",PKW
36754,5,3,15,0,2021,Januar,8,Donnerstag,Unfall mit Leichtverletzten,Unfall anderer Art,Fahrunfall,Tageslicht,1,0,0,0,0,0,"358622,7178","5640327,44",6.989557712,50.89728116,nass/feucht,"5,21E+18",Rad
36755,5,3,15,0,2021,Februar,14,Montag,Unfall mit Leichtverletzten,Zusammenstoß mit anfahrendem/ anhaltendem/ruhendem Fahrzeug,Unfall im Längsverkehr,Tageslicht,0,1,0,0,0,0,"361715,9959","5648131,991",7.030556127,50.96817197,trocken,"5,21E+18",PKW
36767,5,3,15,0,2021,November,22,Freitag,Unfall mit Leichtverletzten,Unfall anderer Art,Sonstiger Unfall,Dunkelheit,0,0,0,0,0,1,"361491,709","5647030,306",7.027783256,50.95821699,trocken,"5,21E+18",Sonstige