OBJECTID,ULAND,UREGBEZ,UKREIS,UGEMEINDE,UJAHR,UMONAT,USTUNDE,UWOCHENTAG,UKATEGORIE,UART,UTYP1,ULICHTVERH,IstRad,IstPKW,IstFuss,IstKrad,IstGkfz,IstSonstige,LINREFX,LINREFY,XGCSWGS84,YGCSWGS84,USTRZUSTAND,UIDENTSTLAE,Participants
36774,5,3,15,0,2021,September,17,Sonntag,Unfall mit Leichtverletzten,Zusammenstoß mit entgegenkommendem Fahrzeug,Unfall im Längsverkehr,Tageslicht,1,0,0,0,0,1,"359637,9778","5647555,276",7.001202584,50.96248639,trocken,"5,21E+18","Rad, Sonstige"
36776,5,3,15,0,2021,Juni,10,Mittwoch,Unfall mit Leichtverletzten,Zusammenstoß mit vorausfahrendem / wartendem Fahrzeug,Unfall im Längsverkehr,Tageslicht,0,1,0,1,0,0,"365167,28","5636351,392",7.084033603,50.86311102,trocken,"5,21E+18","Krad, PKW"
36780,5,3,15,0,2021,Juni,6,Donnerstag,Unfall mit Schwerverletzten,Abkommen von Fahrbahn nach rechts,Sonstiger Unfall,Tageslicht,0,1,0,0,0,0,"359057,0023","5641026,737",6.99545944,50.903672,trocken,"5,21E+18",PKW
36781,5,3,15,0,2021,April,18,Freitag,Unfall mit Leichtverletzten,Unfall anderer Art,Fahrunfall,Tageslicht,0,0,0,1,0,0,"362091,09","5648067,466",7.035919328,50.96768199,trocken,"5,21E+18",Krad
36782,5,3,15,0,2021,November,19,Mittwoch,Unfall mit Leichtverletzten,Zusammenstoß zwischen Fahrzeug und Fußgänger,Abbiegeunfall,Dämmerung,0,1,1,0,0,0,"362285,677","5643919,006",7.040257857,50.93044505,nass/feucht,"5,21E+18","Fuss, PKW"
36783,5,3,15,0,2021,Dezember,7,Freitag,Unfall mit Leichtverletzten,Zusammenstoß mit einbiegendem / kreuzendem Fahrzeug,Abbiegeunfall,Tageslicht,0,1,0,0,0,0,"359586,376","5650553,89",6.999310139,50.98942252,nass/feucht,"5,21E+18",PKW
36791,5,3,15,0,2021,Juli,13,Samstag,Unfall mit Schwerverletzten,Unfall anderer Art,Fahrunfall,Tageslicht,1,0,0,0,0,0,"358278,4764","5640711,126",6.984516785,50.90064501,trocken,"5,21E+18",Rad
36792,5,3,15,0,2021,September,10,Samstag,Unfall mit Schwerverletzten,Unfall anderer Art,Fahrunfall,Tageslicht,0,0,0,1,0,0,"362703,6458","5644690,267",7.045911492,50.9374763,trocken,"5,21E+18",Krad
36793,5,3,15,0,2021,Januar,17,Samstag,Unfall mit Leichtverletzten,Zusammenstoß mit vorausfahrendem / wartendem Fahrzeug,Unfall im Längsverkehr,Dunkelheit,0,1,0,0,0,0,"361626,487","5648551,673",7.029122467,50.97192225,trocken,"5,21E+18",PKW
36794,5,3,15,0,2021,Oktober,12,Mittwoch,Unfall mit Leichtverletzten,Unfall anderer Art,Fahrunfall,Tageslicht,1,0,0,0,0,0,"361090,9398","5645047,351",7.022836824,50.94029927,nass/feucht,"5,21E+18",Rad
36805,5,3,15,0,2021,Dezember,9,Dienstag,Unfall mit Leichtverletzten,Zusammenstoß mit vorausfahrendem / wartendem Fahrzeug,Unfall im Längsverkehr,Tageslicht,0,1,0,0,0,0,"360013,0296","5648034,241",7.006355671,50.96688215,trocken,"5,21E+18",PKW
36811,5,3,15,0,2021,Dezember,17,Freitag,Unfall mit Leichtverletzten,Zusammenstoß mit vorausfahrendem / wartendem Fahrzeug,Unfall im Längsverkehr,Dunkelheit,0,1,0,0,0,0,"366001,1877","5636729,71",7.09573782,50.86670511,trocken,"5,21E+18",PKW
36815,5,3,15,0,2021,Dezember,12,Samstag,Unfall mit Leichtverletzten,Zusammenstoß mit seitlich in gleicher Richtung fahrendem Fahrzeug,Abbiegeunfall,Tageslicht,0,1,0,0,0,1,"358573,9564","5638836,941",6.989441742,50.88387392,trocken,"5,21E+18","PKW, Sonstige"
36827,5,3,15,0,2021,Januar,5,Dienstag,Unfall mit Schwerverletzten,Zusammenstoß zwischen Fahrzeug und Fußgänger,Abbiegeunfall,Dunkelheit,0,1,1,0,0,0,"359600,015","5650180,787",6.999648527,50.98607276,nass/feucht,"5,21E+18","Fuss, PKW"
36829,5,3,15,0,2021,Juni,12,Samstag,Unfall mit Leichtverletzten,Zusammenstoß mit seitlich in gleicher Richtung fahrendem Fahrzeug,Abbiegeunfall,Tageslicht,0,1,0,1,0,0,"363237,4506","5639130,571",7.055588101,50.88763567,trocken,"5,21E+18","Krad, PKW"
36844,5,3,15,0,2021,Dezember,11,Mittwoch,Unfall mit Leichtverletzten,Zusammenstoß mit vorausfahrendem / wartendem Fahrzeug,Unfall im Längsverkehr,Tageslicht,0,1,0,0,0,0,"360514,4704","5650687,223",7.012474397,50.99084645,trocken,"5,21E+18",PKW
36861,5,3,15,0,2021,Juli,17,Samstag,Unfall mit Leichtverletzten,Zusammenstoß mit anfahrendem/ anhaltendem/ruhendem Fahrzeug,Fahrunfall,Tageslicht,0,1,0,1,0,0,"361820,2235","5647987,4",7.03209453,50.96689751,trocken,"5,21E+18","Krad, PKW"
36862,5,3,15,0,2021,Februar,8,Freitag,Unfall mit Leichtverletzten,Zusammenstoß zwischen Fahrzeug und Fußgänger,Überschreiten-Unfall,Tageslicht,0,1,1,0,0,0,"363024,7084","5639335,716",7.052488414,50.889429,trocken,"5,21E+18","Fuss, PKW"
36867,5,3,15,0,2021,September,15,Montag,Unfall mit Leichtverletzten,Unfall anderer Art,Sonstiger Unfall,Tageslicht,0,0,1,0,0,1,"364085,7128","5643411,309",7.066046824,50.92630909,trocken,"5,21E+18","Fuss, Sonstige"
36868,5,3,15,0,2021,Januar,10,Dienstag,Unfall mit Leichtverletzten,Zusammenstoß mit vorausfahrendem / wartendem Fahrzeug,Unfall im Längsverkehr,Tageslicht,0,1,0,0,0,0,"363235,468","5643841,954",7.053794391,50.92997854,trocken,"5,21E+18",PKW
36871,5,3,15,0,2021,April,12,Donnerstag,Unfall mit Leichtverletzten,Zusammenstoß mit entgegenkommendem Fahrzeug,Abbiegeunfall,Tageslicht,0,1,0,0,0,0,"361463,4579","5645403,96",7.028000078,50.94359383,trocken,"5,21E+18",PKW
36872,5,3,15,0,2021,Juli,10,Dienstag,Unfall mit Schwerverletzten,Zusammenstoß zwischen Fahrzeug und Fußgänger,Überschreiten-Unfall,Tageslicht,0,1,1,0,0,0,"360968,6476","5645049,053",7.021096636,50.9402851,trocken,"5,21E+18","Fuss, PKW"
36883,5,3,15,0,2021,Juli,12,Donnerstag,Unfall mit Leichtverletzten,Zusammenstoß mit vorausfahrendem / wartendem Fahrzeug,Unfall im Längsverkehr,Tageslicht,0,1,0,0,0,1,"362131,6853","5646280,837",7.037174,50.95163477,trocken,"5,21E+18","PKW, Sonstige"
36885,5,3,15,0,2021,März,11,Sonntag,Unfall mit Leichtverletzten,Zusammenstoß mit einbiegendem / kreuzendem Fahrzeug,Abbiegeunfall,Tageslicht,0,1,0,0,0,0,"366463,43","5640385,399",7.10096725,50.89966846,trocken,"5,21E+18",PKW
36895,5,3,15,0,2021,November,18,Donnerstag,Unfall mit Leichtverletzten,Zusammenstoß mit vorausfahrendem / wartendem Fahrzeug,Unfall im Längsverkehr,Dunkelheit,0,1,0,0,0,0,"360597,6415","5643031,348",7.016590974,50.92206197,nass/feucht,"5,21E+18",PKW
36898,5,3,15,0,2021,Juni,7,Donnerstag,Unfall mit Leichtverletzten,Zusammenstoß mit einbiegendem / kreuzendem Fahrzeug,Sonstiger Unfall,Tageslicht,0,1,0,1,0,1,"359821,879","5647480,673",7.003848433,50.9618607,trocken,"5,21E+18","Krad, PKW, Sonstige"
36909,5,3,15,0,2021,Dezember,7,Samstag,Unfall mit Leichtverletzten,Unfall anderer Art,Fahrunfall,Dämmerung,0,0,0,1,0,0,"358717,0889","5645754,505",6.98879638,50.94607774,nass/feucht,"5,21E+18",Krad
36916,5,3,15,0,2021,September,10,Freitag,Unfall mit Leichtverletzten,Zusammenstoß mit entgegenkommendem Fahrzeug,Unfall durch ruhenden Verkehr,Tageslicht,1,1,0,0,1,0,"364568,5088","5638372,153",7.0747819,50.88113291,trocken,"5,21E+18","Rad, PKW, Gkfz"
36922,5,3,15,0,2021,April,14,Mittwoch,Unfall mit Leichtverletzten,Zusammenstoß zwischen Fahrzeug und Fußgänger,Überschreiten-Unfall,Tageslicht,0,0,1,0,0,1,"361496,2962","5647011,446",7.02785571,50.95804859,trocken,"5,21E+18","Fuss, Sonstige"
36926,5,3,15,0,2021,Juni,11,Mittwoch,Unfall mit Leichtverletzten,Zusammenstoß mit anfahrendem/ anhaltendem/ruhendem Fahrzeug,Unfall durch ruhenden Verkehr,Tageslicht,1,1,0,0,0,0,"359651,5234","5644816,944",7.002450882,50.93788002,trocken,"5,21E+18","Rad, PKW"
36928,5,3,15,0,2021,Mai,8,Dienstag,Unfall mit Schwerverletzten,Abkommen von Fahrbahn nach links,Fahrunfall,Tageslicht,0,1,0,0,0,0,"359530,1979","5641814,999",7.001881646,50.91087157,trocken,"5,21E+18",PKW
36930,5,3,15,0,2021,Januar,2,Sonntag,Unfall mit Leichtverletzten,Zusammenstoß mit seitlich in gleicher Richtung fahrendem Fahrzeug,Sonstiger Unfall,Dunkelheit,0,1,0,0,0,1,"365155,5097","5636439,977",7.083833802,50.86390445,nass/feucht,"5,21E+18","PKW, Sonstige"
36934,5,3,15,0,2021,November,7,Mittwoch,Unfall mit Schwerverletzten,Aufprall auf Fahrbahnhindernis,Fahrunfall,Dunkelheit,1,0,0,0,0,0,"359293,1085","5647733,334",6.996225888,50.96400248,trocken,"5,21E+18",Rad
36935,5,3,15,0,2021,Dezember,13,Montag,Unfall mit Leichtverletzten,Zusammenstoß mit vorausfahrendem / wartendem Fahrzeug,Sonstiger Unfall,Tageslicht,0,1,0,0,0,0,"361959,5511","5641815,599",7.036415968,50.91146307,nass/feucht,"5,21E+18",PKW
36937,5,3,15,0,2021,Oktober,15,Donnerstag,Unfall mit Leichtverletzten,Zusammenstoß mit vorausfahrendem / wartendem Fahrzeug,Unfall im Längsverkehr,Tageslicht,0,1,0,0,0,0,"366502,378","5638243,602",7.102303418,50.88042757,trocken,"5,21E+18",PKW
36948,5,3,15,0,2021,Dezember,11,Samstag,Unfall mit Leichtverletzten,Zusammenstoß mit vorausfahrendem / wartendem Fahrzeug,Abbiegeunfall,Tageslicht,0,1,0,0,0,1,"361678,425","5644722,315",7.031316911,50.93751932,nass/feucht,"5,21E+18","PKW, Sonstige"
36954,5,3,15,0,2021,Oktober,12,Mittwoch,Unfall mit Schwerverletzten,Zusammenstoß zwischen Fahrzeug und Fußgänger,Überschreiten-Unfall,Tageslicht,0,0,1,1,0,0,"364757,6558","5649336,971",7.073400839,50.97972384,trocken,"5,21E+18","Fuss, Krad"
36960,5,3,15,0,2021,März,11,Donnerstag,Unfall mit Leichtverletzten,Zusammenstoß mit einbiegendem / kreuzendem Fahrzeug,Abbiegeunfall,Tageslicht,0,1,0,0,0,0,"362237,3019","5644012,363",7.039534603,50.93127253,trocken,"5,21E+18",PKW
36967,5,3,15,0,2021,Dezember,14,Donnerstag,Unfall mit Leichtverletzten,Unfall anderer Art,Sonstiger Unfall,Tageslicht,1,1,0,0,0,0,"359609,351","5646971,579",7.001020381,50.95723368,trocken,"5,21E+18","Rad, PKW"
36973,5,3,15,0,2021,November,7,Dienstag,Unfall mit Schwerverletzten,Zusammenstoß zwischen Fahrzeug und Fußgänger,Abbiegeunfall,Dämmerung,0,1,1,0,0,0,"359081,3981","5644744,981",6.994369551,50.93709423,trocken,"5,21E+18","Fuss, PKW"
36975,5,3,15,0,2021,Dezember,10,Freitag,Unfall mit Leichtverletzten,Zusammenstoß mit einbiegendem / kreuzendem Fahrzeug,Einbiegen / Kreuzen-Unfall,Tageslicht,1,1,0,0,0,0,"363027,3182","5638036,909",7.05301225,50.87775662,trocken,"5,21E+18","Rad, PKW"
36976,5,3,15,0,2021,Februar,18,Donnerstag,Unfall mit Schwerverletzten,Zusammenstoß mit einbiegendem / kreuzendem Fahrzeug,Abbiegeunfall,Dunkelheit,0,1,0,0,0,0,"359586,376","5650553,89",6.999310139,50.98942252,trocken,"5,21E+18",PKW
36977,5,3,15,0,2021,Januar,15,Samstag,Unfall mit Schwerverletzten,Zusammenstoß mit entgegenkommendem Fahrzeug,Unfall im Längsverkehr,Dämmerung,0,1,0,0,0,0,"366408,6493","5641470,819",7.099791451,50.90941122,nass/feucht,"5,21E+18",PKW
36990,5,3,15,0,2021,Dezember,22,Samstag,Unfall mit Leichtverletzten,Unfall anderer Art,Einbiegen / Kreuzen-Unfall,Dunkelheit,1,1,0,0,0,0,"361450,6874","5646003,302",7.027590398,50.94897721,nass/feucht,"5,21E+18","Rad, PKW"
36996,5,3,15,0,2021,Juli,15,Mittwoch,Unfall mit Leichtverletzten,Unfall anderer Art,Überschreiten-Unfall,Tageslicht,1,0,1,0,0,0,"360804,5741","5646117,187",7.018354562,50.94984505,trocken,"5,21E+18","Rad, Fuss"
36999,5,3,15,0,2021,Juni,14,Mittwoch,Unfall mit Leichtverletzten,Zusammenstoß mit einbiegendem / kreuzendem Fahrzeug,Einbiegen / Kreuzen-Unfall,Tageslicht,1,1,0,0,0,0,"359954,0987","5647761,523",7.005621931,50.96441688,trocken,"5,21E+18","Rad, PKW"
37016,5,3,15,0,2021,September,19,Dienstag,Unfall mit Leichtverletzten,Unfall anderer Art,Abbiegeunfall,Tageslicht,1,1,0,0,0,0,"365301,543","5635711,396",7.086175893,50.85739023,trocken,"5,21E+18","Rad, PKW"
37029,5,3,15,0,2021,Oktober,18,Donnerstag,Unfall mit Leichtverletzten,Zusammenstoß mit anfahrendem/ anhaltendem/ruhendem Fahrzeug,Unfall durch ruhenden Verkehr,Dunkelheit,1,1,0,0,0,0,"359592,0713","5644807,072",7.001609068,50.93777682,nass/feucht,"5,21E+18","Rad, PKW"
37031,5,3,15,0,2021,Januar,13,Donnerstag,Unfall mit Leichtverletzten,Zusammenstoß mit einbiegendem / kreuzendem Fahrzeug,Einbiegen / Kreuzen-Unfall,Tageslicht,0,1,0,0,0,0,"365228,3354","5635613,975",7.085172233,50.85649758,nass/feucht,"5,21E+18",PKW
37038,5,3,15,0,2021,März,11,Samstag,Unfall mit Schwerverletzten,Zusammenstoß mit entgegenkommendem Fahrzeug,Abbiegeunfall,Tageslicht,0,1,0,0,0,0,"367860,1253","5645360,043",7.119015706,50.94470076,trocken,"5,21E+18",PKW
37039,5,3,15,0,2021,März,21,Donnerstag,Unfall mit Leichtverletzten,Zusammenstoß zwischen Fahrzeug und Fußgänger,Überschreiten-Unfall,Dunkelheit,0,1,1,0,0,0,"359821,879","5647480,673",7.003848433,50.9618607,trocken,"5,21E+18","Fuss, PKW"
37043,5,3,15,0,2021,April,15,Sonntag,Unfall mit Leichtverletzten,Zusammenstoß mit einbiegendem / kreuzendem Fahrzeug,Einbiegen / Kreuzen-Unfall,Tageslicht,0,1,0,1,0,0,"369207,3536","5638009,089",7.140817261,50.87893841,trocken,"5,21E+18","Krad, PKW"
37045,5,3,15,0,2021,November,10,Samstag,Unfall mit Leichtverletzten,Zusammenstoß zwischen Fahrzeug und Fußgänger,Abbiegeunfall,Tageslicht,0,1,1,0,0,0,"365861,878","5635837,457",7.094086336,50.85865348,nass/feucht,"5,21E+18","Fuss, PKW"
37052,5,3,15,0,2021,Februar,13,Samstag,Unfall mit Leichtverletzten,Zusammenstoß mit vorausfahrendem / wartendem Fahrzeug,Unfall im Längsverkehr,Tageslicht,0,1,0,0,0,0,"358702,2244","5637012,646",6.991968998,50.86751007,trocken,"5,21E+18",PKW
37055,5,3,15,0,2021,März,12,Sonntag,Unfall mit Leichtverletzten,Zusammenstoß mit einbiegendem / kreuzendem Fahrzeug,Abbiegeunfall,Tageslicht,1,1,0,0,0,0,"361281,42","5647829,114",7.024486318,50.96534546,trocken,"5,21E+18","Rad, PKW"
37061,5,3,15,0,2021,Juli,15,Freitag,Unfall mit Leichtverletzten,Zusammenstoß mit vorausfahrendem / wartendem Fahrzeug,Unfall im Längsverkehr,Tageslicht,0,1,0,0,0,0,"363144,2824","5639219,771",7.054230896,50.88841529,nass/feucht,"5,21E+18",PKW
37064,5,3,15,0,2021,Juni,18,Montag,Unfall mit Schwerverletzten,Unfall anderer Art,Sonstiger Unfall,Tageslicht,0,1,0,0,0,0,"361498,085","5647005,797",7.027883314,50.95799826,trocken,"5,21E+18",PKW
37069,5,3,15,0,2021,November,11,Dienstag,Unfall mit Leichtverletzten,Abkommen von Fahrbahn nach rechts,Fahrunfall,Tageslicht,1,0,0,0,0,0,"359355,831","5638656,131",7.000619447,50.88243981,nass/feucht,"5,21E+18",Rad
37071,5,3,15,0,2021,Dezember,8,Donnerstag,Unfall mit Leichtverletzten,Zusammenstoß mit entgegenkommendem Fahrzeug,Unfall im Längsverkehr,Tageslicht,0,1,0,0,0,0,"365470,5618","5649562,041",7.083467164,50.98191366,nass/feucht,"5,21E+18",PKW
37090,5,3,15,0,2021,Dezember,17,Sonntag,Unfall mit Leichtverletzten,Zusammenstoß mit vorausfahrendem / wartendem Fahrzeug,Unfall im Längsverkehr,Dunkelheit,0,1,0,0,0,0,"361181,9631","5646105,816",7.023728145,50.94983387,nass/feucht,"5,21E+18",PKW
37092,5,3,15,0,2021,Oktober,12,Mittwoch,Unfall mit Leichtverletzten,Zusammenstoß zwischen Fahrzeug und Fußgänger,Fahrunfall,Tageslicht,0,0,1,0,0,1,"360185,6469","5644948,313",7.009997622,50.9391904,trocken,"5,21E+18","Fuss, Sonstige"
37102,5,3,15,0,2021,April,16,Freitag,Unfall mit Leichtverletzten,Zusammenstoß mit anfahrendem/ anhaltendem/ruhendem Fahrzeug,Unfall durch ruhenden Verkehr,Tageslicht,1,1,0,0,0,0,"359976,0828","5647817,2",7.005913372,50.96492259,trocken,"5,21E+18","Rad, PKW"
37112,5,3,15,0,2021,Juli,17,Freitag,Unfall mit Leichtverletzten,Zusammenstoß mit einbiegendem / kreuzendem Fahrzeug,Sonstiger Unfall,Tageslicht,0,1,0,0,0,0,"362083,5351","5648065,208",7.035812657,50.96765989,trocken,"5,21E+18",PKW
37114,5,3,15,0,2021,Mai,16,Dienstag,Unfall mit Leichtverletzten,Zusammenstoß mit vorausfahrendem / wartendem Fahrzeug,Unfall im Längsverkehr,Tageslicht,0,1,0,0,0,0,"362238,7812","5643842,032",7.039620015,50.92974206,trocken,"5,21E+18",PKW
37127,5,3,15,0,2021,Januar,14,Freitag,Unfall mit Leichtverletzten,Zusammenstoß mit vorausfahrendem / wartendem Fahrzeug,Unfall im Längsverkehr,Tageslicht,0,0,0,0,1,0,"361168,5168","5649378,409",7.022287977,50.97924206,trocken,"5,21E+18",Gkfz
47844,5,3,15,0,2021,August,20,Samstag,Unfall mit Leichtverletzten,Zusammenstoß mit einbiegendem / kreuzendem Fahrzeug,Einbiegen / Kreuzen-Unfall,Tageslicht,0,1,0,0,0,0,"356196,8885","5644615,385",6.953394501,50.9352175,nass/feucht,"5,21E+18",PKW
47847,5,3,15,0,2021,Mai,9,Freitag,Unfall mit Leichtverletzten,Zusammenstoß zwischen Fahrzeug und Fußgänger,Abbiegeunfall,Tageslicht,0,0,1,0,0,1,"355125,369","5641337,745",6.939457075,50.90549383,trocken,"5,21E+18","Fuss, Sonstige"
47856,5,3,15,0,2021,Juli,10,Dienstag,Unfall mit Leichtverletzten,Zusammenstoß mit einbiegendem / kreuzendem Fahrzeug,Einbiegen / Kreuzen-Unfall,Tageslicht,1,0,0,0,0,1,"355303,0593","5646688,929",6.939858526,50.95362839,trocken,"5,21E+18","Rad, Sonstige"
47863,5,3,15,0,2021,Juli,18,Sonntag,Unfall mit Leichtverletzten,Zusammenstoß mit einbiegendem / kreuzendem Fahrzeug,Einbiegen / Kreuzen-Unfall,Tageslicht,0,1,0,0,0,1,"355309,3437","5643909,581",6.941051846,50.92865259,trocken,"5,21E+18","PKW, Sonstige"
47875,5,3,15,0,2021,August,16,Dienstag,Unfall mit Leichtverletzten,Zusammenstoß mit vorausfahrendem / wartendem Fahrzeug,Abbiegeunfall,Tageslicht,0,1,0,0,0,0,"361582,753","5640481,241",7.031565484,50.89938051,trocken,"5,21E+18",PKW
47878,5,3,15,0,2021,Juli,12,Donnerstag,Unfall mit Leichtverletzten,Zusammenstoß mit einbiegendem / kreuzendem Fahrzeug,Einbiegen / Kreuzen-Unfall,Tageslicht,1,1,0,0,0,0,"357881,543","5643513,888",6.977783895,50.92573595,trocken,"5,21E+18","Rad, PKW"
47884,5,3,15,0,2021,August,13,Mittwoch,Unfall mit Leichtverletzten,Zusammenstoß zwischen Fahrzeug und Fußgänger,Überschreiten-Unfall,Tageslicht,0,1,1,0,0,0,"360108,8007","5647236,163",7.008025584,50.959733,trocken,"5,21E+18","Fuss, PKW"
47890,5,3,15,0,2021,August,14,Sonntag,Unfall mit Leichtverletzten,Unfall anderer Art,Fahrunfall,Tageslicht,1,0,0,0,0,0,"356862,0599","5645034,624",6.962690115,50.93915064,trocken,"5,21E+18",Rad
47902,5,3,15,0,2021,Juli,17,Montag,Unfall mit Leichtverletzten,Abkommen von Fahrbahn nach links,Fahrunfall,Tageslicht,0,0,0,1,0,0,"360487,7351","5646530,273",7.013688506,50.95348093,trocken,"5,21E+18",Krad
47907,5,3,15,0,2021,August,18,Mittwoch,Unfall mit Leichtverletzten,Unfall anderer Art,Unfall im Längsverkehr,Tageslicht,0,1,0,0,0,0,"352735,2188","5650675,063",6.901710401,50.98879944,trocken,"5,21E+18",PKW
47919,5,3,15,0,2021,Oktober,14,Montag,Unfall mit Schwerverletzten,Zusammenstoß mit einbiegendem / kreuzendem Fahrzeug,Einbiegen / Kreuzen-Unfall,Tageslicht,1,1,0,0,0,0,"364809,1267","5645491,438",7.075562487,50.94517429,trocken,"5,21E+18","Rad, PKW"
47930,5,3,15,0,2021,Juni,14,Sonntag,Unfall mit Leichtverletzten,Unfall anderer Art,Sonstiger Unfall,Tageslicht,0,1,0,0,0,0,"356325,613","5647727,039",6.95399748,50.96321352,trocken,"5,21E+18",PKW
47937,5,3,15,0,2021,April,16,Dienstag,Unfall mit Leichtverletzten,Zusammenstoß mit vorausfahrendem / wartendem Fahrzeug,Unfall im Längsverkehr,Tageslicht,0,1,0,0,0,1,"358149,444","5639341,298",6.98321495,50.88830256,trocken,"5,21E+18","PKW, Sonstige"
47941,5,3,15,0,2021,Juli,10,Freitag,Unfall mit Leichtverletzten,Zusammenstoß mit vorausfahrendem / wartendem Fahrzeug,Unfall im Längsverkehr,Tageslicht,0,1,0,0,1,0,"350150,7406","5642784,498",6.868160623,50.9172252,trocken,"5,21E+18","PKW, Gkfz"
47948,5,3,15,0,2021,Juli,7,Freitag,Unfall mit Leichtverletzten,Zusammenstoß mit vorausfahrendem / wartendem Fahrzeug,Fahrunfall,Tageslicht,0,1,0,0,0,0,"362070,4729","5646571,009",7.036193128,50.95422798,trocken,"5,21E+18",PKW
47955,5,3,15,0,2021,August,15,Montag,Unfall mit Leichtverletzten,Zusammenstoß mit einbiegendem / kreuzendem Fahrzeug,Einbiegen / Kreuzen-Unfall,Tageslicht,1,1,0,0,0,0,"362550,747","5637209,104",7.046553411,50.87020359,trocken,"5,21E+18","Rad, PKW"
47960,5,3,15,0,2021,August,9,Donnerstag,Unfall mit Schwerverletzten,Zusammenstoß mit einbiegendem / kreuzendem Fahrzeug,Einbiegen / Kreuzen-Unfall,Tageslicht,1,0,0,0,1,0,"361514,948","5651472,758",7.026421563,50.99814778,trocken,"5,21E+18","Rad, Gkfz"
47961,5,3,15,0,2021,August,14,Sonntag,Unfall mit Leichtverletzten,Unfall anderer Art,Fahrunfall,Tageslicht,0,1,1,0,0,0,"351198,743","5645042,487",6.882137583,50.93778772,trocken,"5,21E+18","Fuss, PKW"
47965,5,3,15,0,2021,August,15,Mittwoch,Unfall mit Leichtverletzten,Abkommen von Fahrbahn nach links,Fahrunfall,Tageslicht,0,1,0,0,0,0,"361133,7424","5643185,073",7.024155192,50.92357282,trocken,"5,21E+18",PKW
47970,5,3,15,0,2021,August,17,Dienstag,Unfall mit Schwerverletzten,Unfall anderer Art,Sonstiger Unfall,Tageslicht,0,0,1,0,0,1,"354008,8762","5646841,693",6.921384071,50.95467486,trocken,"5,21E+18","Fuss, Sonstige"
47976,5,3,15,0,2021,August,11,Sonntag,Unfall mit Leichtverletzten,Zusammenstoß mit seitlich in gleicher Richtung fahrendem Fahrzeug,Abbiegeunfall,Tageslicht,0,1,0,0,0,1,"357906,829","5644580,006",6.977727861,50.93532339,trocken,"5,21E+18","PKW, Sonstige"
47979,5,3,15,0,2021,August,13,Freitag,Unfall mit Leichtverletzten,Abkommen von Fahrbahn nach links,Fahrunfall,Tageslicht,0,1,0,0,0,0,"360733,827","5642863,816",7.018591348,50.92058922,nass/feucht,"5,21E+18",PKW
47986,5,3,15,0,2021,Juli,15,Sonntag,Unfall mit Leichtverletzten,Unfall anderer Art,Fahrunfall,Tageslicht,0,1,0,0,0,1,"353435,992","5646603,719",6.913328952,50.95239087,trocken,"5,21E+18","PKW, Sonstige"
47990,5,3,15,0,2021,August,21,Sonntag,Unfall mit Leichtverletzten,Unfall anderer Art,Fahrunfall,Dunkelheit,0,0,0,1,0,0,"360653,6788","5648975,415",7.015113066,50.97549594,nass/feucht,"5,21E+18",Krad
48020,5,3,15,0,2021,Juli,17,Samstag,Unfall mit Leichtverletzten,Zusammenstoß mit seitlich in gleicher Richtung fahrendem Fahrzeug,Unfall im Längsverkehr,Tageslicht,0,1,0,0,1,0,"362604,2307","5644862,963",7.04443231,50.9390047,trocken,"5,21E+18","PKW, Gkfz"
48025,5,3,15,0,2021,August,12,Samstag,Unfall mit Leichtverletzten,Unfall anderer Art,Fahrunfall,Tageslicht,0,0,0,1,0,0,"358800,1069","5642431,829",6.991264532,50.91623695,nass/feucht,"5,21E+18",Krad
48032,5,3,15,0,2021,Juli,17,Samstag,Unfall mit Leichtverletzten,Zusammenstoß mit seitlich in gleicher Richtung fahrendem Fahrzeug,Unfall im Längsverkehr,Tageslicht,1,1,0,0,0,0,"360315,5702","5646993,277",7.011061197,50.95760031,trocken,"5,21E+18","Rad, PKW"
48049,5,3,15,0,2021,April,16,Dienstag,Unfall mit Leichtverletzten,Zusammenstoß mit einbiegendem / kreuzendem Fahrzeug,Einbiegen / Kreuzen-Unfall,Tageslicht,1,1,0,0,0,0,"360951,4862","5645934,582",7.020514461,50.9482394,trocken,"5,21E+18","Rad, PKW"
48052,5,3,15,0,2021,August,9,Donnerstag,Unfall mit Leichtverletzten,Zusammenstoß mit vorausfahrendem / wartendem Fahrzeug,Unfall im Längsverkehr,Tageslicht,0,1,0,0,1,0,"357106,1316","5636583,962",6.969468939,50.86326515,nass/feucht,"5,21E+18","PKW, Gkfz"
48055,5,3,15,0,2021,August,17,Mittwoch,Unfall mit Leichtverletzten,Unfall anderer Art,Unfall im Längsverkehr,Tageslicht,0,1,0,0,0,0,"356826,3148","5643903,706",6.962625985,50.92897831,nass/feucht,"5,21E+18",PKW
48065,5,3,15,0,2021,August,14,Freitag,Unfall mit Leichtverletzten,Zusammenstoß mit vorausfahrendem / wartendem Fahrzeug,Unfall im Längsverkehr,Tageslicht,0,1,0,0,1,0,"351025,9472","5642118,304",6.880874684,50.91146506,trocken,"5,21E+18","PKW, Gkfz"
48073,5,3,15,0,2021,Juli,18,Donnerstag,Unfall mit Schwerverletzten,Zusammenstoß mit einbiegendem / kreuzendem Fahrzeug,Abbiegeunfall,Tageslicht,1,1,0,0,0,0,"353980,58","5646090,738",6.921282652,50.94791912,nass/feucht,"5,21E+18","Rad, PKW"
48077,5,3,15,0,2021,August,9,Samstag,Unfall mit Leichtverletzten,Unfall anderer Art,Abbiegeunfall,Tageslicht,1,1,0,0,0,0,"348926,107","5648591,739",6.848342846,50.96909122,trocken,"5,21E+18","Rad, PKW"