OBJECTID,ULAND,UREGBEZ,UKREIS,UGEMEINDE,UJAHR,UMONAT,USTUNDE,UWOCHENTAG,UKATEGORIE,UART,UTYP1,ULICHTVERH,IstRad,IstPKW,IstFuss,IstKrad,IstGkfz,IstSonstige,LINREFX,LINREFY,XGCSWGS84,YGCSWGS84,USTRZUSTAND,UIDENTSTLAE,Participants
48765,5,3,15,0,2021,Juli,17,Samstag,Unfall mit Leichtverletzten,Zusammenstoß mit vorausfahrendem / wartendem Fahrzeug,Unfall im Längsverkehr,Tageslicht,0,1,0,0,1,1,"361771,369","5647972,974",7.031404683,50.96675614,trocken,"5,21E+18","PKW, Gkfz, Sonstige"
48778,5,3,15,0,2021,August,10,Sonntag,Unfall mit Leichtverletzten,Zusammenstoß mit vorausfahrendem / wartendem Fahrzeug,Unfall im Längsverkehr,Tageslicht,0,1,0,0,0,0,"362704,1849","5644689,397",7.045919488,50.9374686,trocken,"5,21E+18",PKW
48779,5,3,15,0,2021,August,15,Sonntag,Unfall mit Leichtverletzten,Zusammenstoß mit einbiegendem / kreuzendem Fahrzeug,Abbiegeunfall,Tageslicht,0,1,0,0,0,0,"358570,674","5638841,351",6.989393402,50.88391275,trocken,"5,21E+18",PKW
48790,5,3,15,0,2021,Juli,15,Donnerstag,Unfall mit Leichtverletzten,Unfall anderer Art,Abbiegeunfall,Tageslicht,0,1,0,0,0,1,"353963,453","5646777,577",6.920763515,50.95408716,trocken,"5,21E+18","PKW, Sonstige"
48795,5,3,15,0,2021,August,13,Sonntag,Unfall mit Schwerverletzten,Zusammenstoß mit einbiegendem / kreuzendem Fahrzeug,Einbiegen / Kreuzen-Unfall,Tageslicht,1,1,0,0,0,0,"359781,3768","5649463,883",7.002507403,50.97967411,trocken,"5,21E+18","Rad, PKW"
48796,5,3,15,0,2021,Juli,18,Mittwoch,Unfall mit Leichtverletzten,Unfall anderer Art,Fahrunfall,Tageslicht,0,0,0,1,0,0,"355894,0266","5644645,605",6.949075171,50.93541348,nass/feucht,"5,21E+18",Krad
48799,5,3,15,0,2021,Juli,21,Dienstag,Unfall mit Schwerverletzten,Zusammenstoß zwischen Fahrzeug und Fußgänger,Überschreiten-Unfall,Dämmerung,0,1,1,0,0,0,"354032,532","5642158,493",6.92359633,50.9125944,trocken,"5,21E+18","Fuss, PKW"
48808,5,3,15,0,2021,August,12,Montag,Unfall mit Leichtverletzten,Unfall anderer Art,Unfall im Längsverkehr,Tageslicht,1,0,1,0,0,0,"355079,255","5646318,453",6.936821763,50.95024279,trocken,"5,21E+18","Rad, Fuss"
48813,5,3,15,0,2021,Juli,14,Samstag,Unfall mit Leichtverletzten,Zusammenstoß mit einbiegendem / kreuzendem Fahrzeug,Einbiegen / Kreuzen-Unfall,Tageslicht,0,1,0,0,0,0,"362039,777","5648052,128",7.035194812,50.96753186,nass/feucht,"5,21E+18",PKW
48829,5,3,15,0,2021,August,19,Freitag,Unfall mit Leichtverletzten,Zusammenstoß mit vorausfahrendem / wartendem Fahrzeug,Unfall im Längsverkehr,Tageslicht,0,1,0,0,0,0,"366019,1221","5634339,475",7.096867386,50.84522643,trocken,"5,21E+18",PKW
48847,5,3,15,0,2021,August,6,Dienstag,Unfall mit Leichtverletzten,Zusammenstoß mit seitlich in gleicher Richtung fahrendem Fahrzeug,Unfall im Längsverkehr,Tageslicht,0,1,0,0,1,0,"362437,8546","5645226,845",7.041928336,50.94223536,trocken,"5,21E+18","PKW, Gkfz"
48848,5,3,15,0,2021,Juli,13,Sonntag,Unfall mit Leichtverletzten,Zusammenstoß zwischen Fahrzeug und Fußgänger,Unfall im Längsverkehr,Tageslicht,1,0,1,0,0,0,"364540,453","5640393,768",7.07363376,50.89929577,trocken,"5,21E+18","Rad, Fuss"
48853,5,3,15,0,2021,Juli,19,Freitag,Unfall mit Leichtverletzten,Zusammenstoß zwischen Fahrzeug und Fußgänger,Überschreiten-Unfall,Tageslicht,1,0,1,0,0,0,"353192,31","5643580,771",6.911080106,50.9251628,trocken,"5,21E+18","Rad, Fuss"
48865,5,3,15,0,2021,August,3,Donnerstag,Unfall mit Leichtverletzten,Zusammenstoß mit seitlich in gleicher Richtung fahrendem Fahrzeug,Unfall im Längsverkehr,Dunkelheit,1,1,0,0,0,0,"355627,6255","5650774,643",6.942854333,50.99042707,nass/feucht,"5,21E+18","Rad, PKW"
48866,5,3,15,0,2021,August,18,Samstag,Unfall mit Leichtverletzten,Zusammenstoß mit vorausfahrendem / wartendem Fahrzeug,Unfall im Längsverkehr,Tageslicht,0,1,0,0,0,1,"350868,7645","5645059,571",6.877437506,50.937856,nass/feucht,"5,21E+18","PKW, Sonstige"
48868,5,3,15,0,2021,Juli,18,Montag,Unfall mit Leichtverletzten,Abkommen von Fahrbahn nach rechts,Fahrunfall,Tageslicht,0,1,0,0,0,0,"352010,8362","5657694,294",6.888532218,51.05169103,trocken,"5,21E+18",PKW
48871,5,3,15,0,2021,August,19,Dienstag,Unfall mit Leichtverletzten,Unfall anderer Art,Unfall im Längsverkehr,Tageslicht,1,0,0,0,0,0,"353785,313","5642398,098",6.919986069,50.91468508,trocken,"5,21E+18",Rad
48882,5,3,15,0,2021,Juli,14,Montag,Unfall mit Schwerverletzten,Unfall anderer Art,Sonstiger Unfall,Tageslicht,1,0,0,0,0,0,"365165,153","5649539,642",7.079127173,50.98164091,trocken,"5,21E+18",Rad
48883,5,3,15,0,2021,August,19,Freitag,Unfall mit Leichtverletzten,Unfall anderer Art,Sonstiger Unfall,Dämmerung,1,1,0,0,0,0,"354141,983","5644821,857",6.924086827,50.93655695,trocken,"5,21E+18","Rad, PKW"
48894,5,3,15,0,2021,August,17,Montag,Unfall mit Leichtverletzten,Unfall anderer Art,Unfall durch ruhenden Verkehr,Tageslicht,1,1,0,0,0,0,"353593,5699","5646432,523",6.915639685,50.95089245,trocken,"5,21E+18","Rad, PKW"
48899,5,3,15,0,2021,Juli,12,Dienstag,Unfall mit Leichtverletzten,Zusammenstoß zwischen Fahrzeug und Fußgänger,Abbiegeunfall,Tageslicht,0,1,1,0,0,0,"356270,8621","5648258,704",6.953008272,50.96797784,trocken,"5,21E+18","Fuss, PKW"
48914,5,3,15,0,2021,August,10,Samstag,Unfall mit Leichtverletzten,Unfall anderer Art,Fahrunfall,Tageslicht,0,0,0,1,0,0,"352880,2199","5643781,643",6.906561505,50.92688846,nass/feucht,"5,21E+18",Krad
48927,5,3,15,0,2021,Juli,4,Freitag,Unfall mit Leichtverletzten,Zusammenstoß mit seitlich in gleicher Richtung fahrendem Fahrzeug,Fahrunfall,Dunkelheit,0,1,0,0,0,0,"360590,5723","5651679,039",7.01317734,50.99977844,nass/feucht,"5,21E+18",PKW
48928,5,3,15,0,2021,Juli,16,Samstag,Unfall mit Leichtverletzten,Zusammenstoß mit vorausfahrendem / wartendem Fahrzeug,Unfall im Längsverkehr,Tageslicht,0,1,0,0,0,0,"358171,848","5644781,599",6.981418646,50.93720034,trocken,"5,21E+18",PKW
48951,5,3,15,0,2021,August,15,Sonntag,Unfall mit Leichtverletzten,Unfall anderer Art,Fahrunfall,Tageslicht,1,0,0,0,0,0,"349316,5035","5645107,221",6.855341166,50.93788068,trocken,"5,21E+18",Rad
48956,5,3,15,0,2021,August,1,Mittwoch,Unfall mit Leichtverletzten,Zusammenstoß mit vorausfahrendem / wartendem Fahrzeug,Unfall im Längsverkehr,Dunkelheit,0,1,0,0,1,0,"349911,3528","5642965,511",6.864683006,50.91878964,trocken,"5,21E+18","PKW, Gkfz"
48967,5,3,15,0,2021,August,12,Sonntag,Unfall mit Leichtverletzten,Zusammenstoß mit vorausfahrendem / wartendem Fahrzeug,Unfall im Längsverkehr,Tageslicht,0,1,0,0,0,1,"348865,4386","5644757,027",6.84907129,50.93461571,trocken,"5,21E+18","PKW, Sonstige"
48979,5,3,15,0,2021,Juli,13,Sonntag,Unfall mit Leichtverletzten,Zusammenstoß mit einbiegendem / kreuzendem Fahrzeug,Einbiegen / Kreuzen-Unfall,Tageslicht,1,1,0,0,0,0,"353671,3592","5646348,38",6.91678019,50.95015604,trocken,"5,21E+18","Rad, PKW"
48980,5,3,15,0,2021,August,14,Mittwoch,Unfall mit Schwerverletzten,Abkommen von Fahrbahn nach rechts,Fahrunfall,Tageslicht,0,0,0,1,0,0,"365071,4785","5641567,792",7.080746977,50.90997176,trocken,"5,21E+18",Krad
48985,5,3,15,0,2021,August,14,Mittwoch,Unfall mit Leichtverletzten,Zusammenstoß mit vorausfahrendem / wartendem Fahrzeug,Abbiegeunfall,Tageslicht,0,1,0,0,0,0,"352869,9611","5649385,57",6.90415093,50.97724586,trocken,"5,21E+18",PKW
48996,5,3,15,0,2021,August,16,Freitag,Unfall mit Leichtverletzten,Zusammenstoß mit seitlich in gleicher Richtung fahrendem Fahrzeug,Unfall durch ruhenden Verkehr,Tageslicht,1,1,0,0,0,0,"354200,977","5645935,662",6.924480084,50.94658129,trocken,"5,21E+18","Rad, PKW"
49000,5,3,15,0,2021,Juli,18,Montag,Unfall mit Leichtverletzten,Zusammenstoß mit seitlich in gleicher Richtung fahrendem Fahrzeug,Unfall im Längsverkehr,Tageslicht,0,1,0,1,0,0,"355125,2981","5643649,481",6.938538045,50.92626893,trocken,"5,21E+18","Krad, PKW"
49006,5,3,15,0,2021,Juli,10,Sonntag,Unfall mit Leichtverletzten,Zusammenstoß zwischen Fahrzeug und Fußgänger,Abbiegeunfall,Tageslicht,0,1,1,0,0,0,"352391,083","5647325,791",6.898170152,50.95861313,trocken,"5,21E+18","Fuss, PKW"
49012,5,3,15,0,2021,August,11,Dienstag,Unfall mit Leichtverletzten,Zusammenstoß mit einbiegendem / kreuzendem Fahrzeug,Abbiegeunfall,Tageslicht,1,1,0,0,0,0,"355233,282","5645043,22",6.939519929,50.93882127,trocken,"5,21E+18","Rad, PKW"
49015,5,3,15,0,2021,April,18,Mittwoch,Unfall mit Schwerverletzten,Abkommen von Fahrbahn nach links,Fahrunfall,Tageslicht,1,1,0,0,0,0,"348347,0471","5657813,743",6.836247686,51.0518087,trocken,"5,21E+18","Rad, PKW"
49017,5,3,15,0,2021,August,21,Mittwoch,Unfall mit Leichtverletzten,Abkommen von Fahrbahn nach rechts,Fahrunfall,Tageslicht,0,1,0,0,0,0,"360996,292","5642338,507",7.022523372,50.91593141,nass/feucht,"5,21E+18",PKW
49024,5,3,15,0,2021,August,17,Freitag,Unfall mit Schwerverletzten,Zusammenstoß zwischen Fahrzeug und Fußgänger,Überschreiten-Unfall,Tageslicht,0,0,1,0,0,1,"353675,084","5646344,026",6.916834931,50.95011786,trocken,"5,21E+18","Fuss, Sonstige"
49034,5,3,15,0,2021,August,15,Sonntag,Unfall mit Leichtverletzten,Zusammenstoß mit vorausfahrendem / wartendem Fahrzeug,Unfall im Längsverkehr,Tageslicht,0,1,0,0,0,0,"363816,7186","5641057,518",7.06310024,50.905091,trocken,"5,21E+18",PKW
49042,5,3,15,0,2021,August,3,Montag,Unfall mit Schwerverletzten,Unfall anderer Art,Fahrunfall,Dunkelheit,0,0,0,0,0,1,"354425,6972","5645780,254",6.927738965,50.94524147,nass/feucht,"5,21E+18",Sonstige
49046,5,3,15,0,2021,August,11,Mittwoch,Unfall mit Leichtverletzten,Unfall anderer Art,Unfall durch ruhenden Verkehr,Tageslicht,1,0,0,0,1,0,"361058,499","5647764,877",7.021338221,50.96471443,nass/feucht,"5,21E+18","Rad, Gkfz"
49052,5,3,15,0,2021,August,18,Mittwoch,Unfall mit Leichtverletzten,Unfall anderer Art,Unfall durch ruhenden Verkehr,Tageslicht,0,1,0,1,0,0,"351992,3285","5647635,745",6.892370254,50.96129624,nass/feucht,"5,21E+18","Krad, PKW"
49058,5,3,15,0,2021,Juli,17,Freitag,Unfall mit Schwerverletzten,Abkommen von Fahrbahn nach links,Fahrunfall,Tageslicht,0,0,0,1,0,0,"352374,1317","5651083,852",6.896403062,50.99238051,trocken,"5,21E+18",Krad
49068,5,3,15,0,2021,Juni,12,Montag,Unfall mit Leichtverletzten,Zusammenstoß mit entgegenkommendem Fahrzeug,Unfall im Längsverkehr,Tageslicht,1,0,0,0,0,0,"354456,0376","5653232,882",6.925186666,51.01222321,trocken,"5,21E+18",Rad
49086,5,3,15,0,2021,August,12,Freitag,Unfall mit Schwerverletzten,Zusammenstoß mit einbiegendem / kreuzendem Fahrzeug,Einbiegen / Kreuzen-Unfall,Tageslicht,1,1,0,0,0,0,"351198,743","5645042,487",6.882137583,50.93778772,trocken,"5,21E+18","Rad, PKW"
49087,5,3,15,0,2021,August,13,Dienstag,Unfall mit Leichtverletzten,Zusammenstoß mit einbiegendem / kreuzendem Fahrzeug,Einbiegen / Kreuzen-Unfall,Tageslicht,0,1,0,0,0,1,"366840,509","5637970,48",7.107206699,50.87805083,trocken,"5,21E+18","PKW, Sonstige"
49091,5,3,15,0,2021,August,21,Samstag,Unfall mit Leichtverletzten,Zusammenstoß mit vorausfahrendem / wartendem Fahrzeug,Sonstiger Unfall,Dunkelheit,0,1,0,1,0,0,"364206,852","5643360,38",7.067788459,50.9258799,trocken,"5,21E+18","Krad, PKW"
49102,5,3,15,0,2021,August,18,Montag,Unfall mit Leichtverletzten,Unfall anderer Art,Unfall im Längsverkehr,Tageslicht,1,0,0,0,0,1,"357324,578","5644746,288",6.969381703,50.936674,trocken,"5,21E+18","Rad, Sonstige"
49106,5,3,15,0,2021,August,6,Samstag,Unfall mit Leichtverletzten,Zusammenstoß mit einbiegendem / kreuzendem Fahrzeug,Einbiegen / Kreuzen-Unfall,Dämmerung,0,1,0,0,0,1,"354222,0194","5642384,898",6.926199464,50.91467693,nass/feucht,"5,21E+18","PKW, Sonstige"
49113,5,3,15,0,2021,August,15,Sonntag,Unfall mit Leichtverletzten,Unfall anderer Art,Unfall im Längsverkehr,Tageslicht,0,1,0,0,0,1,"356447,584","5646275,434",6.956305757,50.95019859,nass/feucht,"5,21E+18","PKW, Sonstige"
49115,5,3,15,0,2021,August,17,Mittwoch,Unfall mit Leichtverletzten,Zusammenstoß zwischen Fahrzeug und Fußgänger,Unfall im Längsverkehr,Tageslicht,0,1,1,0,0,0,"366605,2079","5635900,884",7.104618698,50.8593955,trocken,"5,21E+18","Fuss, PKW"
49117,5,3,15,0,2021,Juli,18,Mittwoch,Unfall mit Leichtverletzten,Zusammenstoß mit einbiegendem / kreuzendem Fahrzeug,Abbiegeunfall,Tageslicht,0,1,0,0,0,0,"353549,544","5648801,451",6.914059898,50.97216987,nass/feucht,"5,21E+18",PKW
49118,5,3,15,0,2021,April,14,Montag,Unfall mit Leichtverletzten,Zusammenstoß mit seitlich in gleicher Richtung fahrendem Fahrzeug,Abbiegeunfall,Tageslicht,1,1,0,0,0,0,"355187,926","5644093,258",6.9392523,50.93027279,trocken,"5,21E+18","Rad, PKW"
49128,5,3,15,0,2021,Juli,4,Freitag,Unfall mit Leichtverletzten,Unfall anderer Art,Fahrunfall,Dunkelheit,0,0,0,0,0,1,"354820,0139","5645553,124",6.933438716,50.94329975,nass/feucht,"5,21E+18",Sonstige
49134,5,3,15,0,2021,Juli,4,Sonntag,Unfall mit Schwerverletzten,Abkommen von Fahrbahn nach rechts,Fahrunfall,Dunkelheit,0,0,0,0,0,1,"356965,5912","5643533,699",6.964751727,50.92568763,trocken,"5,21E+18",Sonstige
49147,5,3,15,0,2021,August,8,Donnerstag,Unfall mit Leichtverletzten,Unfall anderer Art,Sonstiger Unfall,Tageslicht,1,0,0,0,0,0,"355204,2267","5644893,779",6.939166056,50.93747099,trocken,"5,21E+18",Rad
49159,5,3,15,0,2021,August,18,Dienstag,Unfall mit Leichtverletzten,Zusammenstoß mit einbiegendem / kreuzendem Fahrzeug,Einbiegen / Kreuzen-Unfall,Tageslicht,1,1,0,0,0,0,"357721,2751","5646919,832",6.974174726,50.95630556,trocken,"5,21E+18","Rad, PKW"
49166,5,3,15,0,2021,August,18,Montag,Unfall mit Schwerverletzten,Zusammenstoß mit einbiegendem / kreuzendem Fahrzeug,Einbiegen / Kreuzen-Unfall,Tageslicht,1,1,0,0,0,0,"356196,8885","5644615,385",6.953394501,50.9352175,nass/feucht,"5,21E+18","Rad, PKW"
49177,5,3,15,0,2021,August,20,Montag,Unfall mit Leichtverletzten,Zusammenstoß zwischen Fahrzeug und Fußgänger,Überschreiten-Unfall,Dämmerung,0,1,1,0,0,0,"358394,0131","5642907,883",6.98530637,50.92041577,trocken,"5,21E+18","Fuss, PKW"
49183,5,3,15,0,2021,August,7,Sonntag,Unfall mit Leichtverletzten,Zusammenstoß mit einbiegendem / kreuzendem Fahrzeug,Einbiegen / Kreuzen-Unfall,Tageslicht,1,1,0,0,0,0,"347519,586","5646938,161",6.829018822,50.95386141,trocken,"5,21E+18","Rad, PKW"
49189,5,3,15,0,2021,August,17,Freitag,Unfall mit Leichtverletzten,Unfall anderer Art,Sonstiger Unfall,Tageslicht,0,0,1,0,0,1,"354889,6715","5644797,641",6.93473048,50.93652795,trocken,"5,21E+18","Fuss, Sonstige"
49190,5,3,15,0,2021,August,0,Donnerstag,Unfall mit Leichtverletzten,Zusammenstoß mit einbiegendem / kreuzendem Fahrzeug,Einbiegen / Kreuzen-Unfall,Dunkelheit,1,1,0,0,0,0,"366576,2887","5636458,448",7.104004737,50.8644001,trocken,"5,21E+18","Rad, PKW"
49199,5,3,15,0,2021,August,6,Donnerstag,Unfall mit Schwerverletzten,Zusammenstoß mit anfahrendem/ anhaltendem/ruhendem Fahrzeug,Unfall durch ruhenden Verkehr,Tageslicht,1,1,0,0,0,1,"356479,7572","5646276,329",6.956763128,50.95021464,trocken,"5,21E+18","Rad, PKW, Sonstige"
49204,5,3,15,0,2021,Juli,18,Montag,Unfall mit Schwerverletzten,Unfall anderer Art,Fahrunfall,Tageslicht,0,0,0,0,0,1,"356837,634","5643976,805",6.962758242,50.92963805,trocken,"5,21E+18",Sonstige
49214,5,3,15,0,2021,August,10,Samstag,Unfall mit Leichtverletzten,Zusammenstoß mit anfahrendem/ anhaltendem/ruhendem Fahrzeug,Unfall im Längsverkehr,Tageslicht,0,1,0,0,0,0,"362713,7472","5645195,862",7.045864648,50.94202267,trocken,"5,21E+18",PKW
49226,5,3,15,0,2021,August,10,Mittwoch,Unfall mit Leichtverletzten,Zusammenstoß mit seitlich in gleicher Richtung fahrendem Fahrzeug,Unfall im Längsverkehr,Tageslicht,1,1,0,0,0,0,"356344,9221","5647563,524",6.954336824,50.96174886,trocken,"5,21E+18","Rad, PKW"
49232,5,3,15,0,2021,August,7,Dienstag,Unfall mit Leichtverletzten,Zusammenstoß mit seitlich in gleicher Richtung fahrendem Fahrzeug,Einbiegen / Kreuzen-Unfall,Tageslicht,1,0,0,0,0,1,"349874,9046","5645082,67",6.863293013,50.9378057,trocken,"5,21E+18","Rad, Sonstige"
49238,5,3,15,0,2021,August,13,Donnerstag,Unfall mit Schwerverletzten,Unfall anderer Art,Sonstiger Unfall,Tageslicht,0,0,1,0,0,1,"356604,7733","5643016,934",6.959824301,50.92095394,nass/feucht,"5,21E+18","Fuss, Sonstige"
49244,5,3,15,0,2021,April,20,Mittwoch,Unfall mit Leichtverletzten,Zusammenstoß mit einbiegendem / kreuzendem Fahrzeug,Abbiegeunfall,Dunkelheit,1,1,0,0,0,0,"352736,0528","5647100,226",6.903169985,50.95667434,trocken,"5,21E+18","Rad, PKW"
49248,5,3,15,0,2021,August,13,Sonntag,Unfall mit Schwerverletzten,Unfall anderer Art,Abbiegeunfall,Tageslicht,0,1,0,0,0,0,"359586,294","5650556,795",6.999307848,50.98944861,trocken,"5,21E+18",PKW
49260,5,3,15,0,2021,August,18,Donnerstag,Unfall mit Leichtverletzten,Zusammenstoß mit einbiegendem / kreuzendem Fahrzeug,Einbiegen / Kreuzen-Unfall,Tageslicht,0,1,0,1,0,0,"356615,195","5646263,793",6.958694927,50.95013569,trocken,"5,21E+18","Krad, PKW"
49263,5,3,15,0,2021,Juli,8,Mittwoch,Unfall mit Leichtverletzten,Zusammenstoß mit einbiegendem / kreuzendem Fahrzeug,Einbiegen / Kreuzen-Unfall,Tageslicht,1,1,0,0,0,0,"365144,381","5636353,174",7.083707747,50.8631217,trocken,"5,21E+18","Rad, PKW"
49289,5,3,15,0,2021,August,9,Freitag,Unfall mit Schwerverletzten,Zusammenstoß mit seitlich in gleicher Richtung fahrendem Fahrzeug,Unfall im Längsverkehr,Tageslicht,0,1,0,0,1,0,"348851,0793","5644557,903",6.848949666,50.93282257,trocken,"5,21E+18","PKW, Gkfz"
49301,5,3,15,0,2021,August,8,Samstag,Unfall mit Leichtverletzten,Unfall anderer Art,Abbiegeunfall,Tageslicht,1,1,0,0,0,0,"358251,1479","5640743,969",6.984115642,50.90093346,trocken,"5,21E+18","Rad, PKW"
49310,5,3,15,0,2021,Juli,8,Montag,Unfall mit Leichtverletzten,Zusammenstoß mit seitlich in gleicher Richtung fahrendem Fahrzeug,Unfall im Längsverkehr,Tageslicht,1,0,0,0,0,0,"356278,7889","5648195,436",6.953146086,50.96741124,trocken,"5,21E+18",Rad
49316,5,3,15,0,2021,Juli,17,Mittwoch,Unfall mit Leichtverletzten,Zusammenstoß mit vorausfahrendem / wartendem Fahrzeug,Unfall im Längsverkehr,Tageslicht,0,1,0,0,0,0,"362479,7905","5645136,092",7.042559144,50.94142974,trocken,"5,21E+18",PKW
49318,5,3,15,0,2021,Juli,12,Dienstag,Unfall mit Leichtverletzten,Zusammenstoß mit einbiegendem / kreuzendem Fahrzeug,Einbiegen / Kreuzen-Unfall,Tageslicht,1,1,0,0,0,0,"363026,725","5638035,488",7.053004356,50.8777437,trocken,"5,21E+18","Rad, PKW"
49328,5,3,15,0,2021,Juli,14,Donnerstag,Unfall mit Leichtverletzten,Zusammenstoß mit seitlich in gleicher Richtung fahrendem Fahrzeug,Unfall im Längsverkehr,Tageslicht,0,1,0,0,1,0,"356005,2836","5646875,465",6.949775886,50.95548063,trocken,"5,21E+18","PKW, Gkfz"
49333,5,3,15,0,2021,August,14,Samstag,Unfall mit Schwerverletzten,Unfall anderer Art,Fahrunfall,Tageslicht,0,0,0,1,0,0,"355776,5016","5650434,357",6.945109279,50.98740633,nass/feucht,"5,21E+18",Krad
49334,5,3,15,0,2021,August,13,Dienstag,Unfall mit Leichtverletzten,Zusammenstoß mit entgegenkommendem Fahrzeug,Unfall im Längsverkehr,Tageslicht,1,0,0,0,0,1,"354155,385","5644843,826",6.924268644,50.93675777,nass/feucht,"5,21E+18","Rad, Sonstige"
49338,5,3,15,0,2021,August,16,Dienstag,Unfall mit Leichtverletzten,Zusammenstoß zwischen Fahrzeug und Fußgänger,Überschreiten-Unfall,Tageslicht,0,1,1,0,0,0,"355536,2282","5641233,51",6.945337929,50.90466004,trocken,"5,21E+18","Fuss, PKW"
49346,5,3,15,0,2021,August,17,Samstag,Unfall mit Leichtverletzten,Zusammenstoß mit vorausfahrendem / wartendem Fahrzeug,Unfall im Längsverkehr,Tageslicht,0,1,0,0,0,0,"358029,34","5646492,244",6.978724928,50.95253882,trocken,"5,21E+18",PKW
49347,5,3,15,0,2021,August,14,Dienstag,Unfall mit Leichtverletzten,Zusammenstoß mit vorausfahrendem / wartendem Fahrzeug,Unfall im Längsverkehr,Tageslicht,0,1,0,0,0,0,"363841,6443","5641034,935",7.063462959,50.90489391,trocken,"5,21E+18",PKW
49363,5,3,15,0,2021,August,15,Donnerstag,Unfall mit Leichtverletzten,Zusammenstoß mit seitlich in gleicher Richtung fahrendem Fahrzeug,Unfall im Längsverkehr,Tageslicht,0,1,0,0,1,0,"348949,8391","5645162,269",6.850103581,50.93827943,trocken,"5,21E+18","PKW, Gkfz"
49364,5,3,15,0,2021,Juli,15,Samstag,Unfall mit Leichtverletzten,Zusammenstoß mit seitlich in gleicher Richtung fahrendem Fahrzeug,Unfall im Längsverkehr,Tageslicht,0,1,0,0,0,0,"357769,048","5639468,397",6.977760724,50.88935127,trocken,"5,21E+18",PKW
49367,5,3,15,0,2021,Juli,16,Sonntag,Unfall mit Leichtverletzten,Unfall anderer Art,Sonstiger Unfall,Tageslicht,0,1,0,0,0,0,"365294,094","5643348,406",7.083254044,50.92602718,trocken,"5,21E+18",PKW
49372,5,3,15,0,2021,Juli,19,Sonntag,Unfall mit Leichtverletzten,Zusammenstoß mit einbiegendem / kreuzendem Fahrzeug,Abbiegeunfall,Tageslicht,1,1,0,0,0,0,"360458,117","5646827,83",7.013153019,50.95614794,trocken,"5,21E+18","Rad, PKW"
49378,5,3,15,0,2021,August,10,Dienstag,Unfall mit Schwerverletzten,Unfall anderer Art,Fahrunfall,Tageslicht,0,0,0,1,0,0,"351374,0645","5644777,556",6.884739143,50.93545214,nass/feucht,"5,21E+18",Krad
49388,5,3,15,0,2021,August,12,Freitag,Unfall mit Leichtverletzten,Abkommen von Fahrbahn nach rechts,Sonstiger Unfall,Tageslicht,0,0,0,0,0,1,"347499,847","5646799,663",6.828796015,50.95261163,trocken,"5,21E+18",Sonstige
49395,5,3,15,0,2021,August,18,Dienstag,Unfall mit Leichtverletzten,Unfall anderer Art,Fahrunfall,Tageslicht,0,0,0,1,0,0,"359734,2708","5647284,387",7.002677356,50.96007534,nass/feucht,"5,21E+18",Krad
49400,5,3,15,0,2021,August,12,Sonntag,Unfall mit Leichtverletzten,Zusammenstoß mit anfahrendem/ anhaltendem/ruhendem Fahrzeug,Unfall durch ruhenden Verkehr,Tageslicht,1,1,0,0,0,0,"362262,0367","5651356,836",7.037105744,50.99728528,trocken,"5,21E+18","Rad, PKW"
49401,5,3,15,0,2021,Juli,13,Freitag,Unfall mit Leichtverletzten,Zusammenstoß mit einbiegendem / kreuzendem Fahrzeug,Abbiegeunfall,Tageslicht,0,1,0,0,0,1,"350073,2523","5645095,77",6.86610858,50.93797503,trocken,"5,21E+18","PKW, Sonstige"
49406,5,3,15,0,2021,April,12,Dienstag,Unfall mit Leichtverletzten,Zusammenstoß mit vorausfahrendem / wartendem Fahrzeug,Unfall im Längsverkehr,Tageslicht,0,1,0,0,0,1,"348525,4036","5642733,688",6.845076155,50.91634428,trocken,"5,21E+18","PKW, Sonstige"
49418,5,3,15,0,2021,August,12,Freitag,Unfall mit Leichtverletzten,Zusammenstoß mit vorausfahrendem / wartendem Fahrzeug,Unfall im Längsverkehr,Tageslicht,0,1,0,0,0,0,"359599,9282","5650179,214",6.999647899,50.9860586,trocken,"5,21E+18",PKW
49419,5,3,15,0,2021,Juli,6,Mittwoch,Unfall mit Leichtverletzten,Zusammenstoß mit vorausfahrendem / wartendem Fahrzeug,Unfall im Längsverkehr,Tageslicht,0,1,0,0,0,0,"354153,5651","5644821,239",6.9242518,50.93655433,trocken,"5,21E+18",PKW
49429,5,3,15,0,2021,Mai,16,Sonntag,Unfall mit Leichtverletzten,Zusammenstoß mit einbiegendem / kreuzendem Fahrzeug,Einbiegen / Kreuzen-Unfall,Tageslicht,1,1,0,0,0,0,"350009,729","5653332,555",6.861807291,51.01197657,trocken,"5,21E+18","Rad, PKW"
49437,5,3,15,0,2021,August,6,Donnerstag,Unfall mit Leichtverletzten,Abkommen von Fahrbahn nach rechts,Sonstiger Unfall,Tageslicht,0,1,0,0,0,0,"360682,64","5644309,784",7.017311006,50.9335721,trocken,"5,21E+18",PKW
49448,5,3,15,0,2021,August,18,Samstag,Unfall mit Schwerverletzten,Zusammenstoß mit seitlich in gleicher Richtung fahrendem Fahrzeug,Unfall im Längsverkehr,Tageslicht,0,1,0,1,0,0,"352317,7951","5651199,316",6.895553926,50.99340367,trocken,"5,21E+18","Krad, PKW"