OBJECTID,ULAND,UREGBEZ,UKREIS,UGEMEINDE,UJAHR,UMONAT,USTUNDE,UWOCHENTAG,UKATEGORIE,UART,UTYP1,ULICHTVERH,IstRad,IstPKW,IstFuss,IstKrad,IstGkfz,IstSonstige,LINREFX,LINREFY,XGCSWGS84,YGCSWGS84,USTRZUSTAND,UIDENTSTLAE,Participants
49451,5,3,15,0,2021,August,16,Mittwoch,Unfall mit Leichtverletzten,Zusammenstoß mit seitlich in gleicher Richtung fahrendem Fahrzeug,Unfall im Längsverkehr,Tageslicht,0,1,0,0,0,0,"356606,8253","5638912,104",6.961465666,50.88406454,trocken,"5,21E+18",PKW
49465,5,3,15,0,2021,August,10,Samstag,Unfall mit Schwerverletzten,Zusammenstoß mit einbiegendem / kreuzendem Fahrzeug,Einbiegen / Kreuzen-Unfall,Tageslicht,1,1,0,0,0,0,"354141,983","5644821,857",6.924086827,50.93655695,trocken,"5,21E+18","Rad, PKW"
49476,5,3,15,0,2021,Juli,11,Samstag,Unfall mit Leichtverletzten,Zusammenstoß mit seitlich in gleicher Richtung fahrendem Fahrzeug,Unfall im Längsverkehr,Tageslicht,1,1,0,0,0,0,"353791,18","5646226,529",6.918533753,50.94909141,trocken,"5,21E+18","Rad, PKW"
49478,5,3,15,0,2021,Juli,20,Freitag,Unfall mit Schwerverletzten,Unfall anderer Art,Sonstiger Unfall,Tageslicht,0,1,0,1,0,0,"366839,3694","5635752,519",7.107997894,50.85811599,trocken,"5,21E+18","Krad, PKW"
49480,5,3,15,0,2021,August,8,Samstag,Unfall mit Leichtverletzten,Abkommen von Fahrbahn nach rechts,Fahrunfall,Tageslicht,0,1,0,0,0,0,"349066,64","5648595,215",6.850341425,50.96915929,nass/feucht,"5,21E+18",PKW
49481,5,3,15,0,2021,August,23,Samstag,Unfall mit Leichtverletzten,Zusammenstoß mit einbiegendem / kreuzendem Fahrzeug,Einbiegen / Kreuzen-Unfall,Dunkelheit,0,1,0,0,0,0,"361604,0051","5644084,777",7.030500504,50.93177172,nass/feucht,"5,21E+18",PKW
49482,5,3,15,0,2021,August,8,Montag,Unfall mit Leichtverletzten,Abkommen von Fahrbahn nach links,Unfall im Längsverkehr,Tageslicht,0,1,0,0,0,0,"348601,6491","5655841,392",6.840701995,51.03415224,nass/feucht,"5,21E+18",PKW
49505,5,3,15,0,2021,August,20,Dienstag,Unfall mit Leichtverletzten,Unfall anderer Art,Abbiegeunfall,Dämmerung,0,1,0,0,0,1,"356886,414","5644420,701",6.963277635,50.93363941,nass/feucht,"5,21E+18","PKW, Sonstige"
49521,5,3,15,0,2021,August,16,Samstag,Unfall mit Leichtverletzten,Unfall anderer Art,Sonstiger Unfall,Tageslicht,1,1,0,0,0,0,"351167,281","5648264,89",6.880372777,50.96673746,nass/feucht,"5,21E+18","Rad, PKW"
49528,5,3,15,0,2021,Juli,18,Montag,Unfall mit Leichtverletzten,Unfall anderer Art,Unfall im Längsverkehr,Tageslicht,0,1,0,0,0,1,"359447,8304","5647652,966",6.998458855,50.96331798,trocken,"5,21E+18","PKW, Sonstige"
49536,5,3,15,0,2021,August,15,Donnerstag,Unfall mit Leichtverletzten,Zusammenstoß mit vorausfahrendem / wartendem Fahrzeug,Unfall im Längsverkehr,Tageslicht,0,0,0,0,0,1,"357124,9781","5638381,575",6.969034348,50.87942503,nass/feucht,"5,21E+18",Sonstige
49537,5,3,15,0,2021,August,20,Donnerstag,Unfall mit Leichtverletzten,Zusammenstoß mit einbiegendem / kreuzendem Fahrzeug,Einbiegen / Kreuzen-Unfall,Dämmerung,0,1,0,1,0,0,"353492,628","5657392,609",6.909780958,51.04935987,trocken,"5,21E+18","Krad, PKW"
49541,5,3,15,0,2021,August,7,Dienstag,Unfall mit Leichtverletzten,Zusammenstoß zwischen Fahrzeug und Fußgänger,Überschreiten-Unfall,Tageslicht,0,1,1,0,0,0,"357426,444","5642221,564",6.971817748,50.91400957,trocken,"5,21E+18","Fuss, PKW"
49547,5,3,15,0,2021,August,9,Montag,Unfall mit Leichtverletzten,Aufprall auf Fahrbahnhindernis,Fahrunfall,Tageslicht,1,0,0,0,0,0,"353077,2049","5646910,474",6.908100634,50.9550562,trocken,"5,21E+18",Rad
49553,5,3,15,0,2021,Juli,15,Montag,Unfall mit Schwerverletzten,Unfall anderer Art,Fahrunfall,Tageslicht,1,0,0,0,0,0,"356849,947","5644715,97",6.962643018,50.93628391,trocken,"5,21E+18",Rad
49556,5,3,15,0,2021,Juni,16,Donnerstag,Unfall mit Schwerverletzten,Zusammenstoß mit entgegenkommendem Fahrzeug,Sonstiger Unfall,Tageslicht,0,1,0,0,0,0,"364047,741","5640848,364",7.066461903,50.90326567,trocken,"5,21E+18",PKW
49564,5,3,15,0,2021,August,14,Donnerstag,Unfall mit Leichtverletzten,Unfall anderer Art,Fahrunfall,Tageslicht,1,0,0,0,0,0,"353675,084","5646344,026",6.916834931,50.95011786,nass/feucht,"5,21E+18",Rad
49569,5,3,15,0,2021,August,13,Dienstag,Unfall mit Leichtverletzten,Zusammenstoß mit vorausfahrendem / wartendem Fahrzeug,Unfall im Längsverkehr,Tageslicht,0,1,0,0,0,1,"353795,091","5648515,548",6.917669767,50.96966295,nass/feucht,"5,21E+18","PKW, Sonstige"
49570,5,3,15,0,2021,August,7,Donnerstag,Unfall mit Leichtverletzten,Unfall anderer Art,Fahrunfall,Tageslicht,0,1,0,0,0,0,"363341,5014","5643672,779",7.055365774,50.92848322,nass/feucht,"5,21E+18",PKW
49580,5,3,15,0,2021,August,6,Donnerstag,Unfall mit Leichtverletzten,Zusammenstoß mit einbiegendem / kreuzendem Fahrzeug,Abbiegeunfall,Tageslicht,0,1,0,0,1,0,"365285,9283","5645349,041",7.08239834,50.9440061,trocken,"5,21E+18","PKW, Gkfz"
49581,5,3,15,0,2021,August,23,Sonntag,Unfall mit Leichtverletzten,Zusammenstoß mit vorausfahrendem / wartendem Fahrzeug,Unfall im Längsverkehr,Dunkelheit,0,1,0,0,0,0,"364760,6184","5640711,36",7.076645206,50.90220176,trocken,"5,21E+18",PKW
49585,5,3,15,0,2021,August,12,Sonntag,Unfall mit Leichtverletzten,Zusammenstoß mit vorausfahrendem / wartendem Fahrzeug,Unfall im Längsverkehr,Tageslicht,0,1,0,0,0,0,"357641,8091","5634732,719",6.977795762,50.84675995,trocken,"5,21E+18",PKW
49592,5,3,15,0,2021,August,17,Freitag,Unfall mit Leichtverletzten,Unfall anderer Art,Fahrunfall,Tageslicht,0,1,0,0,0,0,"349063,749","5647793,813",6.850632782,50.96195696,trocken,"5,21E+18",PKW
49604,5,3,15,0,2021,August,16,Mittwoch,Unfall mit Leichtverletzten,Zusammenstoß mit seitlich in gleicher Richtung fahrendem Fahrzeug,Unfall im Längsverkehr,Tageslicht,0,1,0,0,1,0,"364619,2819","5642679,655",7.073906123,50.9198588,nass/feucht,"5,21E+18","PKW, Gkfz"
49611,5,3,15,0,2021,Juli,6,Donnerstag,Unfall mit Leichtverletzten,Unfall anderer Art,Unfall im Längsverkehr,Tageslicht,1,0,0,0,0,1,"355888,7849","5646814,062",6.948142602,50.9548997,trocken,"5,21E+18","Rad, Sonstige"
49617,5,3,15,0,2021,Juli,16,Sonntag,Unfall mit Schwerverletzten,Zusammenstoß mit einbiegendem / kreuzendem Fahrzeug,Einbiegen / Kreuzen-Unfall,Tageslicht,1,0,0,0,0,1,"359936,054","5647697,001",7.005389965,50.96383263,trocken,"5,21E+18","Rad, Sonstige"
49623,5,3,15,0,2021,Juli,14,Freitag,Unfall mit Leichtverletzten,Zusammenstoß mit einbiegendem / kreuzendem Fahrzeug,Abbiegeunfall,Tageslicht,1,1,0,0,0,0,"352831,043","5650886,713",6.902989024,50.99072594,trocken,"5,21E+18","Rad, PKW"
49625,5,3,15,0,2021,April,20,Mittwoch,Unfall mit Leichtverletzten,Zusammenstoß mit einbiegendem / kreuzendem Fahrzeug,Einbiegen / Kreuzen-Unfall,Dämmerung,1,1,0,0,0,0,"363217,9248","5638419,664",7.055576733,50.88124177,trocken,"5,21E+18","Rad, PKW"
49629,5,3,15,0,2021,Juli,9,Samstag,Unfall mit Getöteten,Zusammenstoß mit anfahrendem/ anhaltendem/ruhendem Fahrzeug,Unfall durch ruhenden Verkehr,Tageslicht,1,1,0,0,0,0,"354110,98","5642190,71",6.924698599,50.91290375,trocken,"5,21E+18","Rad, PKW"
49641,5,3,15,0,2021,August,2,Mittwoch,Unfall mit Leichtverletzten,Zusammenstoß mit einbiegendem / kreuzendem Fahrzeug,Abbiegeunfall,Dunkelheit,0,1,0,0,0,0,"348475,4212","5649999,73",6.84134208,50.98162526,trocken,"5,21E+18",PKW
49642,5,3,15,0,2021,Juli,21,Montag,Unfall mit Leichtverletzten,Zusammenstoß mit entgegenkommendem Fahrzeug,Unfall im Längsverkehr,Dämmerung,1,0,0,0,0,1,"356886,5446","5644645,382",6.963191258,50.93565863,trocken,"5,21E+18","Rad, Sonstige"
49643,5,3,15,0,2021,August,16,Donnerstag,Unfall mit Schwerverletzten,Zusammenstoß mit seitlich in gleicher Richtung fahrendem Fahrzeug,Unfall im Längsverkehr,Tageslicht,0,1,0,0,1,0,"357142,1723","5636995,166",6.96982018,50.86696957,trocken,"5,21E+18","PKW, Gkfz"
49653,5,3,15,0,2021,Mai,13,Sonntag,Unfall mit Leichtverletzten,Unfall anderer Art,Abbiegeunfall,Tageslicht,1,1,0,0,0,0,"356519,5987","5646616,811",6.957195766,50.95328443,trocken,"5,21E+18","Rad, PKW"
49659,5,3,15,0,2021,August,12,Sonntag,Unfall mit Leichtverletzten,Unfall anderer Art,Fahrunfall,Tageslicht,1,0,0,0,0,0,"349810,2406","5649556,495",6.860527151,50.97799197,trocken,"5,21E+18",Rad
49670,5,3,15,0,2021,August,11,Sonntag,Unfall mit Leichtverletzten,Unfall anderer Art,Fahrunfall,Tageslicht,1,0,0,0,0,0,"356530,8493","5652360,48",6.955088904,51.00490446,trocken,"5,21E+18",Rad
49675,5,3,15,0,2021,August,19,Donnerstag,Unfall mit Leichtverletzten,Unfall anderer Art,Abbiegeunfall,Tageslicht,0,1,0,1,0,0,"353041,886","5643875,278",6.908822547,50.92777113,trocken,"5,21E+18","Krad, PKW"
49686,5,3,15,0,2021,August,9,Donnerstag,Unfall mit Leichtverletzten,Zusammenstoß mit vorausfahrendem / wartendem Fahrzeug,Unfall im Längsverkehr,Tageslicht,0,1,0,0,0,1,"353069,7996","5651888,888",6.90598318,50.99979297,trocken,"5,21E+18","PKW, Sonstige"
49688,5,3,15,0,2021,August,15,Donnerstag,Unfall mit Leichtverletzten,Zusammenstoß mit einbiegendem / kreuzendem Fahrzeug,Einbiegen / Kreuzen-Unfall,Tageslicht,0,1,0,0,0,0,"363026,725","5638035,488",7.053004356,50.8777437,trocken,"5,21E+18",PKW
49692,5,3,15,0,2021,November,18,Samstag,Unfall mit Leichtverletzten,Zusammenstoß zwischen Fahrzeug und Fußgänger,Überschreiten-Unfall,Dunkelheit,0,1,1,0,0,0,"358835,4605","5642396,011",6.991781008,50.9159237,nass/feucht,"5,21E+18","Fuss, PKW"
49698,5,3,15,0,2021,Juli,17,Freitag,Unfall mit Leichtverletzten,Zusammenstoß mit vorausfahrendem / wartendem Fahrzeug,Unfall im Längsverkehr,Tageslicht,0,1,0,0,0,0,"362132,5114","5646276,99",7.037187211,50.9516004,trocken,"5,21E+18",PKW
49704,5,3,15,0,2021,Juli,20,Sonntag,Unfall mit Leichtverletzten,Unfall anderer Art,Fahrunfall,Dämmerung,1,0,0,0,0,0,"358711,639","5644700,754",6.989127547,50.93660629,trocken,"5,21E+18",Rad
49715,5,3,15,0,2021,August,16,Dienstag,Unfall mit Leichtverletzten,Zusammenstoß mit anfahrendem/ anhaltendem/ruhendem Fahrzeug,Unfall im Längsverkehr,Tageslicht,0,1,0,0,0,1,"348930,317",5646000,6.84947852,50.94580238,trocken,"5,21E+18","PKW, Sonstige"
49720,5,3,15,0,2021,Juli,19,Dienstag,Unfall mit Leichtverletzten,Abkommen von Fahrbahn nach links,Fahrunfall,Tageslicht,0,1,0,0,0,0,"361169,4821","5649377,405",7.022302104,50.97923328,trocken,"5,21E+18",PKW
49721,5,3,15,0,2021,August,18,Freitag,Unfall mit Leichtverletzten,Zusammenstoß mit seitlich in gleicher Richtung fahrendem Fahrzeug,Abbiegeunfall,Tageslicht,1,1,0,0,0,0,"354737,9205","5644522,969",6.932681689,50.93402134,trocken,"5,21E+18","Rad, PKW"
51499,5,3,15,0,2021,Juni,12,Montag,Unfall mit Leichtverletzten,Zusammenstoß mit anfahrendem/ anhaltendem/ruhendem Fahrzeug,Unfall im Längsverkehr,Tageslicht,0,1,0,0,0,1,"355370,72","5648312,015",6.940176075,50.96823164,trocken,"5,21E+18","PKW, Sonstige"
51591,5,3,15,0,2021,August,18,Freitag,Unfall mit Leichtverletzten,Zusammenstoß mit vorausfahrendem / wartendem Fahrzeug,Unfall im Längsverkehr,Tageslicht,0,1,0,0,0,0,"361778,4963","5647940,04",7.031518638,50.96646186,trocken,"5,21E+18",PKW
51687,5,3,15,0,2021,August,16,Donnerstag,Unfall mit Leichtverletzten,Zusammenstoß mit vorausfahrendem / wartendem Fahrzeug,Unfall im Längsverkehr,Tageslicht,0,1,0,0,0,1,"351615,4855","5644096,937",6.888449667,50.92939793,trocken,"5,21E+18","PKW, Sonstige"
51733,5,3,15,0,2021,Juli,22,Mittwoch,Unfall mit Schwerverletzten,Unfall anderer Art,Fahrunfall,Dunkelheit,1,0,0,0,0,0,"360044,563","5648162,891",7.006754967,50.968046,trocken,"5,21E+18",Rad
51758,5,3,15,0,2021,August,10,Montag,Unfall mit Schwerverletzten,Zusammenstoß mit einbiegendem / kreuzendem Fahrzeug,Einbiegen / Kreuzen-Unfall,Tageslicht,0,1,0,1,0,0,"366895,613","5635244,872",7.108981149,50.8535663,trocken,"5,21E+18","Krad, PKW"
51820,5,3,15,0,2021,Juli,17,Mittwoch,Unfall mit Leichtverletzten,Zusammenstoß mit seitlich in gleicher Richtung fahrendem Fahrzeug,Abbiegeunfall,Tageslicht,1,1,0,0,0,0,"355189,692","5644662,95",6.939051063,50.93539293,nass/feucht,"5,21E+18","Rad, PKW"
51890,5,3,15,0,2021,August,18,Donnerstag,Unfall mit Leichtverletzten,Zusammenstoß mit vorausfahrendem / wartendem Fahrzeug,Unfall im Längsverkehr,Tageslicht,0,1,0,0,1,0,"348815,1341","5643659,713",6.848810991,50.92474178,trocken,"5,21E+18","PKW, Gkfz"
51919,5,3,15,0,2021,August,14,Montag,Unfall mit Leichtverletzten,Unfall anderer Art,Unfall im Längsverkehr,Tageslicht,0,1,0,0,0,0,"353655,747","5648666,701",6.915625736,50.97098592,trocken,"5,21E+18",PKW
52123,5,3,15,0,2021,August,10,Sonntag,Unfall mit Schwerverletzten,Zusammenstoß mit einbiegendem / kreuzendem Fahrzeug,Einbiegen / Kreuzen-Unfall,Tageslicht,1,1,0,0,0,0,"352881,4767","5647018,769",6.90527206,50.95597947,trocken,"5,21E+18","Rad, PKW"
52148,5,3,15,0,2021,August,17,Montag,Unfall mit Leichtverletzten,Unfall anderer Art,Fahrunfall,Tageslicht,1,0,0,0,0,0,"364850,926","5645482,539",7.076160442,50.94510411,trocken,"5,21E+18",Rad
52352,5,3,15,0,2021,August,19,Mittwoch,Unfall mit Schwerverletzten,Zusammenstoß mit anfahrendem/ anhaltendem/ruhendem Fahrzeug,Fahrunfall,Tageslicht,0,1,0,1,0,0,"355953,893","5649776,255",6.947895875,50.98153654,nass/feucht,"5,21E+18","Krad, PKW"
52397,5,3,15,0,2021,Juli,14,Samstag,Unfall mit Leichtverletzten,Zusammenstoß mit vorausfahrendem / wartendem Fahrzeug,Unfall im Längsverkehr,Tageslicht,0,1,0,0,0,0,"355370,72","5648312,015",6.940176075,50.96823164,trocken,"5,21E+18",PKW
52521,5,3,15,0,2021,August,15,Samstag,Unfall mit Leichtverletzten,Unfall anderer Art,Sonstiger Unfall,Tageslicht,1,0,0,0,0,0,"349740,678","5653465,897",6.857919465,51.01310458,trocken,"5,21E+18",Rad
52538,5,3,15,0,2021,August,14,Donnerstag,Unfall mit Leichtverletzten,Zusammenstoß mit entgegenkommendem Fahrzeug,Abbiegeunfall,Tageslicht,1,1,0,0,0,0,"362286,122","5648123,348",7.038674049,50.96823088,trocken,"5,21E+18","Rad, PKW"
52556,5,3,15,0,2021,August,7,Freitag,Unfall mit Leichtverletzten,Unfall anderer Art,Fahrunfall,Dunkelheit,1,0,0,0,0,1,"355413,2752","5639524,936",6.94426683,50.88927454,nass/feucht,"5,21E+18","Rad, Sonstige"
52604,5,3,15,0,2021,Juli,11,Mittwoch,Unfall mit Leichtverletzten,Zusammenstoß mit anfahrendem/ anhaltendem/ruhendem Fahrzeug,Fahrunfall,Tageslicht,1,1,0,0,0,0,"352599,681","5644920,831",6.902111744,50.93705425,trocken,"5,21E+18","Rad, PKW"
52625,5,3,15,0,2021,Juli,20,Freitag,Unfall mit Leichtverletzten,Zusammenstoß mit einbiegendem / kreuzendem Fahrzeug,Abbiegeunfall,Tageslicht,0,1,0,0,0,1,"352477,497","5644949,12",6.900362544,50.93727722,trocken,"5,21E+18","PKW, Sonstige"
52787,5,3,15,0,2021,Juli,13,Samstag,Unfall mit Leichtverletzten,Zusammenstoß mit einbiegendem / kreuzendem Fahrzeug,Einbiegen / Kreuzen-Unfall,Tageslicht,1,0,0,0,0,1,"361598,1012","5645029,492",7.030057724,50.94026073,trocken,"5,21E+18","Rad, Sonstige"
52814,5,3,15,0,2021,August,13,Mittwoch,Unfall mit Leichtverletzten,Unfall anderer Art,Fahrunfall,Tageslicht,0,0,0,1,0,0,"363386,869","5649263,543",7.053912836,50.97874032,nass/feucht,"5,21E+18",Krad
53015,5,3,15,0,2021,Juli,22,Freitag,Unfall mit Schwerverletzten,Zusammenstoß mit einbiegendem / kreuzendem Fahrzeug,Einbiegen / Kreuzen-Unfall,Dunkelheit,0,1,0,0,0,1,"363803,582","5641069,42",7.062909075,50.90519487,trocken,"5,21E+18","PKW, Sonstige"
53106,5,3,15,0,2021,Juli,7,Montag,Unfall mit Leichtverletzten,Abkommen von Fahrbahn nach rechts,Fahrunfall,Tageslicht,0,1,0,0,0,0,"361778,4963","5647940,04",7.031518638,50.96646186,trocken,"5,21E+18",PKW
53175,5,3,15,0,2021,August,12,Donnerstag,Unfall mit Schwerverletzten,Zusammenstoß mit vorausfahrendem / wartendem Fahrzeug,Unfall im Längsverkehr,Tageslicht,0,1,0,0,0,0,"362204,392","5641646,003",7.039960617,50.90999735,nass/feucht,"5,21E+18",PKW
53198,5,3,15,0,2021,August,16,Freitag,Unfall mit Leichtverletzten,Zusammenstoß mit einbiegendem / kreuzendem Fahrzeug,Abbiegeunfall,Tageslicht,0,1,0,1,0,0,"355370,72","5648312,015",6.940176075,50.96823164,trocken,"5,21E+18","Krad, PKW"
53264,5,3,15,0,2021,Juli,16,Mittwoch,Unfall mit Leichtverletzten,Unfall anderer Art,Abbiegeunfall,Tageslicht,1,1,0,0,0,0,"365985,642","5643735,469",7.092946032,50.92966702,trocken,"5,21E+18","Rad, PKW"
53342,5,3,15,0,2021,Juli,16,Dienstag,Unfall mit Leichtverletzten,Abkommen von Fahrbahn nach rechts,Unfall im Längsverkehr,Tageslicht,1,1,0,0,0,0,"356200,1058","5648618,835",6.95185886,50.9711966,trocken,"5,21E+18","Rad, PKW"
53367,5,3,15,0,2021,August,19,Montag,Unfall mit Leichtverletzten,Zusammenstoß mit einbiegendem / kreuzendem Fahrzeug,Einbiegen / Kreuzen-Unfall,Tageslicht,1,1,0,0,0,0,"365148,076","5637064,113",7.083498165,50.86951225,trocken,"5,21E+18","Rad, PKW"
53429,5,3,15,0,2021,August,17,Mittwoch,Unfall mit Leichtverletzten,Zusammenstoß mit vorausfahrendem / wartendem Fahrzeug,Unfall im Längsverkehr,Tageslicht,0,1,0,0,0,1,"356835,4422","5634001,027",6.96663492,50.83998519,nass/feucht,"5,21E+18","PKW, Sonstige"
53436,5,3,15,0,2021,August,18,Mittwoch,Unfall mit Leichtverletzten,Unfall anderer Art,Abbiegeunfall,Tageslicht,1,1,0,0,0,0,"355694,341","5645893,211",6.945740981,50.94657554,nass/feucht,"5,21E+18","Rad, PKW"
53450,5,3,15,0,2021,August,15,Dienstag,Unfall mit Schwerverletzten,Zusammenstoß mit anfahrendem/ anhaltendem/ruhendem Fahrzeug,Sonstiger Unfall,Tageslicht,0,1,0,1,0,0,"355192,9524","5644632,646",6.939109476,50.93512141,nass/feucht,"5,21E+18","Krad, PKW"
53545,5,3,15,0,2021,August,18,Freitag,Unfall mit Leichtverletzten,Zusammenstoß mit einbiegendem / kreuzendem Fahrzeug,Einbiegen / Kreuzen-Unfall,Tageslicht,0,1,0,0,0,0,"361817,365","5644841,736",7.033247858,50.9386259,trocken,"5,21E+18",PKW
53614,5,3,15,0,2021,August,16,Freitag,Unfall mit Schwerverletzten,Zusammenstoß mit einbiegendem / kreuzendem Fahrzeug,Abbiegeunfall,Tageslicht,0,1,0,0,0,0,"351733,2888","5643568,027",6.890339913,50.92467516,trocken,"5,21E+18",PKW
53711,5,3,15,0,2021,August,1,Sonntag,Unfall mit Schwerverletzten,Zusammenstoß mit einbiegendem / kreuzendem Fahrzeug,Einbiegen / Kreuzen-Unfall,Dunkelheit,0,1,0,0,0,1,"356191,5095","5644599,315",6.953324341,50.93507173,trocken,"5,21E+18","PKW, Sonstige"
53743,5,3,15,0,2021,Juli,14,Donnerstag,Unfall mit Leichtverletzten,Unfall anderer Art,Einbiegen / Kreuzen-Unfall,Tageslicht,1,1,0,0,0,0,"355455,7215","5644699,177",6.942820229,50.93578523,trocken,"5,21E+18","Rad, PKW"
53810,5,3,15,0,2021,August,13,Dienstag,Unfall mit Leichtverletzten,Zusammenstoß mit anfahrendem/ anhaltendem/ruhendem Fahrzeug,Unfall im Längsverkehr,Tageslicht,0,1,0,0,0,0,"354732,9044","5644533,986",6.93260596,50.93411909,trocken,"5,21E+18",PKW
53916,5,3,15,0,2021,Juli,10,Sonntag,Unfall mit Leichtverletzten,Zusammenstoß mit einbiegendem / kreuzendem Fahrzeug,Einbiegen / Kreuzen-Unfall,Tageslicht,1,1,0,0,0,0,"366411,6161","5641476,201",7.099831655,50.90946027,trocken,"5,21E+18","Rad, PKW"
54001,5,3,15,0,2021,Juni,14,Sonntag,Unfall mit Leichtverletzten,Zusammenstoß mit einbiegendem / kreuzendem Fahrzeug,Fahrunfall,Tageslicht,1,0,0,0,0,0,"354454,2811","5644829,49",6.928525429,50.93670445,trocken,"5,21E+18",Rad
54056,5,3,15,0,2021,August,16,Mittwoch,Unfall mit Leichtverletzten,Zusammenstoß mit vorausfahrendem / wartendem Fahrzeug,Unfall im Längsverkehr,Tageslicht,0,1,0,0,0,0,"362446,6146","5642686,281",7.04301169,50.91940451,trocken,"5,21E+18",PKW
54106,5,3,15,0,2021,Juli,9,Sonntag,Unfall mit Leichtverletzten,Zusammenstoß mit anfahrendem/ anhaltendem/ruhendem Fahrzeug,Unfall durch ruhenden Verkehr,Tageslicht,1,1,0,0,0,0,"362436,5445","5637044,251",7.044993357,50.86869481,trocken,"5,21E+18","Rad, PKW"
54313,5,3,15,0,2021,April,11,Dienstag,Unfall mit Leichtverletzten,Zusammenstoß mit einbiegendem / kreuzendem Fahrzeug,Einbiegen / Kreuzen-Unfall,Tageslicht,1,1,0,0,0,0,"359746,914","5644836,936",7.003799979,50.93808289,trocken,"5,21E+18","Rad, PKW"
54511,5,3,15,0,2021,August,17,Samstag,Unfall mit Leichtverletzten,Abkommen von Fahrbahn nach rechts,Fahrunfall,Tageslicht,0,0,0,0,0,1,"359343,1649","5644785,475",6.998077093,50.93752207,trocken,"5,21E+18",Sonstige
54530,5,3,15,0,2021,August,2,Dienstag,Unfall mit Leichtverletzten,Abkommen von Fahrbahn nach rechts,Fahrunfall,Dunkelheit,0,1,0,0,0,0,"357110,0896","5639050,569",6.968561321,50.88543362,trocken,"5,21E+18",PKW
54615,5,3,15,0,2021,August,16,Samstag,Unfall mit Leichtverletzten,Zusammenstoß mit vorausfahrendem / wartendem Fahrzeug,Unfall im Längsverkehr,Tageslicht,0,1,0,0,0,0,"354456,0507","5647469,33",6.927495472,50.96042834,trocken,"5,21E+18",PKW
54620,5,3,15,0,2021,Juli,17,Montag,Unfall mit Leichtverletzten,Zusammenstoß zwischen Fahrzeug und Fußgänger,Sonstiger Unfall,Tageslicht,1,0,1,0,0,0,"353259,8377","5646793,289",6.910746365,50.95404964,trocken,"5,21E+18","Rad, Fuss"
54637,5,3,15,0,2021,August,10,Sonntag,Unfall mit Leichtverletzten,Zusammenstoß mit vorausfahrendem / wartendem Fahrzeug,Unfall im Längsverkehr,Tageslicht,0,1,0,0,0,0,"352667,5414","5640848,809",6.904721634,50.90047794,trocken,"5,21E+18",PKW
156380,5,3,15,0,2021,Oktober,20,Donnerstag,Unfall mit Schwerverletzten,Unfall anderer Art,Einbiegen / Kreuzen-Unfall,Dunkelheit,0,1,0,0,0,1,"350684,2457","5648376,234",6.8734529,50.96761304,nass/feucht,"5,21E+18","PKW, Sonstige"
156414,5,3,15,0,2021,Februar,14,Sonntag,Unfall mit Leichtverletzten,Zusammenstoß mit einbiegendem / kreuzendem Fahrzeug,Unfall durch ruhenden Verkehr,Tageslicht,0,1,0,1,0,0,"350501,361","5648157,21",6.8709402,50.96559738,trocken,"5,21E+18","Krad, PKW"
156423,5,3,15,0,2021,Mai,16,Donnerstag,Unfall mit Schwerverletzten,Unfall anderer Art,Fahrunfall,Tageslicht,0,1,0,0,0,0,"349490,357","5653272,044",6.854434008,51.01129713,nass/feucht,"5,21E+18",PKW
156438,5,3,15,0,2021,Juli,11,Freitag,Unfall mit Leichtverletzten,Zusammenstoß zwischen Fahrzeug und Fußgänger,Sonstiger Unfall,Tageslicht,0,1,1,0,0,0,"349315,1738","5646146,984",6.854892144,50.94722394,trocken,"5,21E+18","Fuss, PKW"
156450,5,3,15,0,2021,Januar,6,Freitag,Unfall mit Leichtverletzten,Zusammenstoß mit einbiegendem / kreuzendem Fahrzeug,Einbiegen / Kreuzen-Unfall,Dunkelheit,0,1,0,0,0,0,"350584,3917","5649350,224",6.87163165,50.97633975,nass/feucht,"5,21E+18",PKW
156458,5,3,15,0,2021,Januar,19,Freitag,Unfall mit Leichtverletzten,Unfall anderer Art,Fahrunfall,Dunkelheit,1,0,0,0,0,0,"350573,1579","5644462,136",6.873478247,50.93241069,trocken,"5,21E+18",Rad
156469,5,3,15,0,2021,Dezember,6,Donnerstag,Unfall mit Leichtverletzten,Zusammenstoß mit einbiegendem / kreuzendem Fahrzeug,Einbiegen / Kreuzen-Unfall,Dunkelheit,1,1,0,0,0,0,"348695,2137","5642968,053",6.847392895,50.9184949,trocken,"5,21E+18","Rad, PKW"
156473,5,3,15,0,2021,Juni,13,Sonntag,Unfall mit Leichtverletzten,Zusammenstoß mit einbiegendem / kreuzendem Fahrzeug,Einbiegen / Kreuzen-Unfall,Tageslicht,0,1,0,1,0,0,"350099,3679","5644450,326",6.866745498,50.93218162,trocken,"5,21E+18","Krad, PKW"
156487,5,3,15,0,2021,September,21,Sonntag,Unfall mit Leichtverletzten,Unfall anderer Art,Unfall im Längsverkehr,Dunkelheit,1,0,0,0,0,0,"351164,9815","5652324,187",6.878677455,51.00321516,trocken,"5,21E+18",Rad
156496,5,3,15,0,2021,September,0,Montag,Unfall mit Leichtverletzten,Unfall anderer Art,Fahrunfall,Dunkelheit,0,0,0,0,0,1,"347865,8252","5645690,792",6.834465849,50.94274386,trocken,"5,21E+18",Sonstige