OBJECTID,ULAND,UREGBEZ,UKREIS,UGEMEINDE,UJAHR,UMONAT,USTUNDE,UWOCHENTAG,UKATEGORIE,UART,UTYP1,ULICHTVERH,IstRad,IstPKW,IstFuss,IstKrad,IstGkfz,IstSonstige,LINREFX,LINREFY,XGCSWGS84,YGCSWGS84,USTRZUSTAND,UIDENTSTLAE,Participants
156505,5,3,15,0,2021,Januar,16,Mittwoch,Unfall mit Leichtverletzten,Zusammenstoß mit seitlich in gleicher Richtung fahrendem Fahrzeug,Unfall im Längsverkehr,Tageslicht,1,0,0,0,0,1,"349250,5091","5645580,025",6.854206943,50.94211218,nass/feucht,"5,21E+18","Rad, Sonstige"
156513,5,3,15,0,2021,Dezember,12,Sonntag,Unfall mit Leichtverletzten,Zusammenstoß mit einbiegendem / kreuzendem Fahrzeug,Einbiegen / Kreuzen-Unfall,Tageslicht,1,1,0,0,0,0,"350366,4081","5644829,757",6.870387187,50.93566067,trocken,"5,21E+18","Rad, PKW"
156525,5,3,15,0,2021,Januar,21,Samstag,Unfall mit Leichtverletzten,Unfall anderer Art,Fahrunfall,Dunkelheit,1,0,0,0,0,0,"347767,155","5645265,042",6.833240322,50.93889196,nass/feucht,"5,21E+18",Rad
156542,5,3,15,0,2021,Juli,15,Freitag,Unfall mit Leichtverletzten,Unfall anderer Art,Sonstiger Unfall,Tageslicht,1,0,1,0,0,0,"348319,1916","5647729,976",6.840064759,50.96118778,trocken,"5,21E+18","Rad, Fuss"
156566,5,3,15,0,2021,April,15,Mittwoch,Unfall mit Leichtverletzten,Unfall anderer Art,Einbiegen / Kreuzen-Unfall,Dunkelheit,1,1,0,0,0,0,"348791,9902","5656998,296",6.842931757,51.04459837,trocken,"5,21E+18","Rad, PKW"
156617,5,3,15,0,2021,Dezember,10,Samstag,Unfall mit Schwerverletzten,Zusammenstoß zwischen Fahrzeug und Fußgänger,Abbiegeunfall,Tageslicht,0,1,1,0,0,0,"348522,1629","5644872,862",6.844141376,50.93556657,trocken,"5,21E+18","Fuss, PKW"
156636,5,3,15,0,2021,Dezember,21,Samstag,Unfall mit Leichtverletzten,Zusammenstoß mit anfahrendem/ anhaltendem/ruhendem Fahrzeug,Fahrunfall,Dunkelheit,0,1,0,0,0,1,"350812,8364","5648280,287",6.875322285,50.96678414,trocken,"5,21E+18","PKW, Sonstige"
156659,5,3,15,0,2021,September,9,Donnerstag,Unfall mit Leichtverletzten,Zusammenstoß zwischen Fahrzeug und Fußgänger,Fahrunfall,Tageslicht,0,0,1,0,0,1,"349969,0154","5659277,997",6.858765105,51.06539266,nass/feucht,"5,21E+18","Fuss, Sonstige"
156689,5,3,15,0,2021,November,15,Freitag,Unfall mit Leichtverletzten,Zusammenstoß mit einbiegendem / kreuzendem Fahrzeug,Einbiegen / Kreuzen-Unfall,Tageslicht,0,1,0,1,0,0,"350182,8222","5644258,999",6.868010907,50.93048397,nass/feucht,"5,21E+18","Krad, PKW"
156691,5,3,15,0,2021,Dezember,15,Mittwoch,Unfall mit Leichtverletzten,Zusammenstoß zwischen Fahrzeug und Fußgänger,Überschreiten-Unfall,Tageslicht,0,1,1,0,0,0,"347877,7736","5646111,319",6.834460161,50.94652593,trocken,"5,21E+18","Fuss, PKW"
156693,5,3,15,0,2021,März,16,Donnerstag,Unfall mit Leichtverletzten,Zusammenstoß zwischen Fahrzeug und Fußgänger,Unfall im Längsverkehr,Tageslicht,1,0,1,0,0,0,"349185,15","5658175,947",6.848045594,51.05528418,nass/feucht,"5,21E+18","Rad, Fuss"
156702,5,3,15,0,2021,Dezember,12,Freitag,Unfall mit Leichtverletzten,Zusammenstoß mit einbiegendem / kreuzendem Fahrzeug,Einbiegen / Kreuzen-Unfall,Tageslicht,0,1,0,0,0,0,"348891,1987","5649823,28",6.847334232,50.98014892,trocken,"5,21E+18",PKW
156706,5,3,15,0,2021,November,9,Mittwoch,Unfall mit Leichtverletzten,Zusammenstoß mit einbiegendem / kreuzendem Fahrzeug,Einbiegen / Kreuzen-Unfall,Tageslicht,1,1,0,0,0,0,"350031,0968","5643912,828",6.86599577,50.92733372,nass/feucht,"5,21E+18","Rad, PKW"
156733,5,3,15,0,2021,September,10,Freitag,Unfall mit Schwerverletzten,Unfall anderer Art,Fahrunfall,Tageslicht,1,0,0,0,0,0,"350002,2985","5653397,878",6.861674438,51.01256164,trocken,"5,21E+18",Rad
156760,5,3,15,0,2021,Oktober,15,Sonntag,Unfall mit Schwerverletzten,Zusammenstoß mit anfahrendem/ anhaltendem/ruhendem Fahrzeug,Unfall im Längsverkehr,Tageslicht,0,1,0,1,0,0,"348791,296","5656999,222",6.842921474,51.04460651,trocken,"5,21E+18","Krad, PKW"
156778,5,3,15,0,2021,Mai,20,Donnerstag,Unfall mit Leichtverletzten,Unfall anderer Art,Sonstiger Unfall,Tageslicht,1,0,0,0,0,0,"349157,1976","5653741,393",6.849493139,51.01542749,trocken,"5,21E+18",Rad
156787,5,3,15,0,2021,Juni,9,Sonntag,Unfall mit Leichtverletzten,Abkommen von Fahrbahn nach rechts,Unfall durch ruhenden Verkehr,Tageslicht,0,1,0,0,0,0,"350864,4186","5651623,637",6.874684485,50.99684197,trocken,"5,21E+18",PKW
156794,5,3,15,0,2021,Juni,17,Freitag,Unfall mit Leichtverletzten,Abkommen von Fahrbahn nach rechts,Fahrunfall,Tageslicht,1,0,0,0,0,0,"350870,961","5645413,836",6.877323738,50.94104014,trocken,"5,21E+18",Rad
156801,5,3,15,0,2021,Mai,17,Freitag,Unfall mit Schwerverletzten,Unfall anderer Art,Fahrunfall,Tageslicht,1,0,0,0,0,0,"350375,2797","5643761,822",6.870951722,50.92606609,trocken,"5,21E+18",Rad
156816,5,3,15,0,2021,Oktober,17,Freitag,Unfall mit Leichtverletzten,Zusammenstoß mit einbiegendem / kreuzendem Fahrzeug,Einbiegen / Kreuzen-Unfall,Dämmerung,0,1,0,1,0,0,"348545,2122","5645072,491",6.844386197,50.93736654,nass/feucht,"5,21E+18","Krad, PKW"
156863,5,3,15,0,2021,November,18,Dienstag,Unfall mit Leichtverletzten,Zusammenstoß zwischen Fahrzeug und Fußgänger,Überschreiten-Unfall,Dunkelheit,0,1,1,0,0,0,"348474,4381","5645219,84",6.843318375,50.93867205,trocken,"5,21E+18","Fuss, PKW"
156870,5,3,15,0,2021,September,17,Donnerstag,Unfall mit Leichtverletzten,Unfall anderer Art,Fahrunfall,Tageslicht,0,0,0,1,0,0,"348938,1273","5642858,909",6.850891414,50.91757773,nass/feucht,"5,21E+18",Krad
156934,5,3,15,0,2021,Dezember,14,Dienstag,Unfall mit Leichtverletzten,Aufprall auf Fahrbahnhindernis,Fahrunfall,Tageslicht,1,0,0,0,0,0,"350596,327","5645039,583",6.873570993,50.93760586,trocken,"5,21E+18",Rad
156937,5,3,15,0,2021,Oktober,11,Mittwoch,Unfall mit Leichtverletzten,Zusammenstoß mit einbiegendem / kreuzendem Fahrzeug,Abbiegeunfall,Tageslicht,1,1,0,0,0,0,"347030,8309","5645059,375",6.822854492,50.93684897,trocken,"5,21E+18","Rad, PKW"
156942,5,3,15,0,2021,September,13,Mittwoch,Unfall mit Leichtverletzten,Unfall anderer Art,Fahrunfall,Tageslicht,0,0,0,0,0,1,"350357,8013","5644786,894",6.870282385,50.93527325,trocken,"5,21E+18",Sonstige
156954,5,3,15,0,2021,Februar,18,Samstag,Unfall mit Schwerverletzten,Zusammenstoß zwischen Fahrzeug und Fußgänger,Unfall im Längsverkehr,Tageslicht,1,0,1,0,0,0,"348468,011","5647692,561",6.842197921,50.96089073,trocken,"5,21E+18","Rad, Fuss"
156959,5,3,15,0,2021,März,12,Mittwoch,Unfall mit Leichtverletzten,Zusammenstoß mit anfahrendem/ anhaltendem/ruhendem Fahrzeug,Unfall durch ruhenden Verkehr,Tageslicht,1,1,0,0,0,0,"349633,3679","5645001,682",6.859891242,50.93701499,nass/feucht,"5,21E+18","Rad, PKW"
156973,5,3,15,0,2021,Februar,16,Donnerstag,Unfall mit Leichtverletzten,Zusammenstoß mit einbiegendem / kreuzendem Fahrzeug,Einbiegen / Kreuzen-Unfall,Tageslicht,1,1,0,0,0,0,"350855,678","5651302,459",6.874691914,50.99395351,trocken,"5,21E+18","Rad, PKW"
156992,5,3,15,0,2021,Dezember,17,Freitag,Unfall mit Schwerverletzten,Unfall anderer Art,Fahrunfall,Dunkelheit,1,0,0,0,0,0,"349016,433","5644350,443",6.851387036,50.93100158,nass/feucht,"5,21E+18",Rad
157022,5,3,15,0,2021,Mai,15,Montag,Unfall mit Schwerverletzten,Unfall anderer Art,Sonstiger Unfall,Tageslicht,1,0,0,0,0,0,"350389,1562","5646301,932",6.870106067,50.94889609,trocken,"5,21E+18",Rad
157024,5,3,15,0,2021,Januar,18,Mittwoch,Unfall mit Leichtverletzten,Zusammenstoß mit einbiegendem / kreuzendem Fahrzeug,Einbiegen / Kreuzen-Unfall,Dunkelheit,0,1,0,0,0,0,"347814,841","5645454,384",6.833839438,50.94060601,nass/feucht,"5,21E+18",PKW
157053,5,3,15,0,2021,Dezember,16,Mittwoch,Unfall mit Leichtverletzten,Zusammenstoß mit einbiegendem / kreuzendem Fahrzeug,Abbiegeunfall,Dunkelheit,1,1,0,0,0,0,"350767,7442","5644410,037",6.876266738,50.93199289,trocken,"5,21E+18","Rad, PKW"
157073,5,3,15,0,2021,Juli,14,Mittwoch,Unfall mit Schwerverletzten,Zusammenstoß zwischen Fahrzeug und Fußgänger,Überschreiten-Unfall,Tageslicht,0,1,1,0,0,0,"350478,2179","5649363,022",6.8701151,50.97642719,trocken,"5,21E+18","Fuss, PKW"
157084,5,3,15,0,2021,Januar,8,Mittwoch,Unfall mit Leichtverletzten,Unfall anderer Art,Sonstiger Unfall,Dämmerung,1,0,0,0,0,0,"347610,303","5645604,49",6.830867539,50.94190086,nass/feucht,"5,21E+18",Rad
157099,5,3,15,0,2021,September,10,Dienstag,Unfall mit Leichtverletzten,Unfall anderer Art,Sonstiger Unfall,Tageslicht,1,0,0,0,0,0,"349612,7298","5644186,491",6.859934099,50.92968403,trocken,"5,21E+18",Rad
157104,5,3,15,0,2021,März,17,Donnerstag,Unfall mit Leichtverletzten,Unfall anderer Art,Fahrunfall,Tageslicht,1,0,0,0,0,0,"350811,3352","5652606,16",6.873524806,51.00565746,trocken,"5,21E+18",Rad
157126,5,3,15,0,2021,September,17,Donnerstag,Unfall mit Leichtverletzten,Unfall anderer Art,Unfall durch ruhenden Verkehr,Tageslicht,1,1,0,0,0,0,"350408,2769","5644822,981",6.870985413,50.93561064,trocken,"5,21E+18","Rad, PKW"
157137,5,3,15,0,2021,September,13,Dienstag,Unfall mit Leichtverletzten,Unfall anderer Art,Unfall durch ruhenden Verkehr,Tageslicht,1,1,0,0,0,0,"348433,0138","5644761,157",6.842920011,50.93453934,trocken,"5,21E+18","Rad, PKW"
157148,5,3,15,0,2021,Juli,18,Mittwoch,Unfall mit Leichtverletzten,Zusammenstoß mit einbiegendem / kreuzendem Fahrzeug,Abbiegeunfall,Tageslicht,1,0,0,0,0,1,"349161,4767","5644846,488",6.853244274,50.93549713,trocken,"5,21E+18","Rad, Sonstige"
157175,5,3,15,0,2021,Juli,11,Samstag,Unfall mit Leichtverletzten,Unfall anderer Art,Einbiegen / Kreuzen-Unfall,Tageslicht,0,1,0,1,0,0,"348931,136","5642872,093",6.850786567,50.91769438,nass/feucht,"5,21E+18","Krad, PKW"
157177,5,3,15,0,2021,Mai,14,Dienstag,Unfall mit Leichtverletzten,Zusammenstoß mit vorausfahrendem / wartendem Fahrzeug,Unfall im Längsverkehr,Tageslicht,1,1,0,0,0,0,"347509,078","5648108,343",6.828379002,50.964374,trocken,"5,21E+18","Rad, PKW"
157178,5,3,15,0,2021,September,15,Dienstag,Unfall mit Leichtverletzten,Zusammenstoß mit entgegenkommendem Fahrzeug,Fahrunfall,Tageslicht,0,1,0,1,0,0,"348959,4271","5659213,984",6.84439392,51.0645527,trocken,"5,21E+18","Krad, PKW"
157239,5,3,15,0,2021,September,8,Donnerstag,Unfall mit Leichtverletzten,Zusammenstoß mit anfahrendem/ anhaltendem/ruhendem Fahrzeug,Unfall im Längsverkehr,Tageslicht,1,1,0,0,0,0,"349812,5133","5644448,405",6.86266706,50.93208974,trocken,"5,21E+18","Rad, PKW"
157255,5,3,15,0,2021,Februar,0,Freitag,Unfall mit Schwerverletzten,Abkommen von Fahrbahn nach rechts,Fahrunfall,Dunkelheit,0,1,0,0,0,0,"348542,093","5643336,794",6.845062978,50.92176833,trocken,"5,21E+18",PKW
157268,5,3,15,0,2021,März,12,Samstag,Unfall mit Leichtverletzten,Abkommen von Fahrbahn nach links,Fahrunfall,Tageslicht,0,0,0,1,0,0,"351022,754","5652692,446",6.876500651,51.00648765,nass/feucht,"5,21E+18",Krad
157289,5,3,15,0,2021,September,15,Donnerstag,Unfall mit Leichtverletzten,Zusammenstoß mit einbiegendem / kreuzendem Fahrzeug,Einbiegen / Kreuzen-Unfall,Tageslicht,1,1,0,0,0,0,"350732,3663","5651519,668",6.872846743,50.99587344,trocken,"5,21E+18","Rad, PKW"
157380,5,3,15,0,2021,April,18,Dienstag,Unfall mit Leichtverletzten,Unfall anderer Art,Abbiegeunfall,Tageslicht,1,1,0,0,0,0,"349161,3156","5645592,56",6.852933111,50.9422015,trocken,"5,21E+18","Rad, PKW"
157386,5,3,15,0,2021,Mai,22,Samstag,Unfall mit Schwerverletzten,Unfall anderer Art,Fahrunfall,Dunkelheit,1,0,0,0,0,0,"349432,848","5644457,804",6.857264158,50.93207521,nass/feucht,"5,21E+18",Rad
157392,5,3,15,0,2021,Juli,9,Sonntag,Unfall mit Leichtverletzten,Zusammenstoß mit einbiegendem / kreuzendem Fahrzeug,Abbiegeunfall,Tageslicht,0,1,0,0,0,0,"348821,6063","5646215,347",6.847842764,50.94770904,trocken,"5,21E+18",PKW
157425,5,3,15,0,2021,Mai,21,Montag,Unfall mit Leichtverletzten,Unfall anderer Art,Sonstiger Unfall,Tageslicht,0,1,0,0,0,0,"349652,9283","5657056,81",6.855179998,51.04535014,trocken,"5,21E+18",PKW
157440,5,3,15,0,2021,September,17,Donnerstag,Unfall mit Leichtverletzten,Zusammenstoß zwischen Fahrzeug und Fußgänger,Unfall im Längsverkehr,Tageslicht,0,1,1,0,0,0,"350966,0487","5658724,36",6.873212259,51.06067728,trocken,"5,21E+18","Fuss, PKW"
157485,5,3,15,0,2021,Mai,9,Dienstag,Unfall mit Leichtverletzten,Zusammenstoß mit anfahrendem/ anhaltendem/ruhendem Fahrzeug,Unfall durch ruhenden Verkehr,Tageslicht,1,1,0,0,0,0,"347490,659","5645628,026",6.829155966,50.94208073,trocken,"5,21E+18","Rad, PKW"
157520,5,3,15,0,2021,Mai,8,Samstag,Unfall mit Leichtverletzten,Zusammenstoß mit anfahrendem/ anhaltendem/ruhendem Fahrzeug,Unfall durch ruhenden Verkehr,Tageslicht,1,1,0,0,0,0,"350098,2207","5649364,557",6.864705556,50.9763422,trocken,"5,21E+18","Rad, PKW"
157535,5,3,15,0,2021,Februar,10,Mittwoch,Unfall mit Schwerverletzten,Unfall anderer Art,Fahrunfall,Tageslicht,1,0,0,0,0,0,"347025,5077","5644905,64",6.822843324,50.93546608,winterglatt,"5,21E+18",Rad
157540,5,3,15,0,2021,Dezember,14,Donnerstag,Unfall mit Leichtverletzten,Zusammenstoß mit einbiegendem / kreuzendem Fahrzeug,Einbiegen / Kreuzen-Unfall,Tageslicht,1,1,0,0,0,0,"347743,0396","5648322,369",6.831618718,50.96635914,trocken,"5,21E+18","Rad, PKW"
157547,5,3,15,0,2021,Oktober,15,Mittwoch,Unfall mit Leichtverletzten,Unfall anderer Art,Fahrunfall,Tageslicht,1,1,0,0,0,0,"354092,9501","5643322,1",6.923989754,50.92306668,nass/feucht,"5,21E+18","Rad, PKW"
157550,5,3,15,0,2021,September,8,Freitag,Unfall mit Leichtverletzten,Zusammenstoß mit seitlich in gleicher Richtung fahrendem Fahrzeug,Unfall durch ruhenden Verkehr,Tageslicht,1,1,0,0,0,0,"355866,003","5644519,966",6.948726302,50.93427738,trocken,"5,21E+18","Rad, PKW"
157553,5,3,15,0,2021,März,7,Donnerstag,Unfall mit Leichtverletzten,Zusammenstoß mit einbiegendem / kreuzendem Fahrzeug,Einbiegen / Kreuzen-Unfall,Dämmerung,1,1,0,0,0,0,"351120,171","5650590,542",6.878749946,50.98762446,trocken,"5,21E+18","Rad, PKW"
157554,5,3,15,0,2021,September,14,Montag,Unfall mit Leichtverletzten,Unfall anderer Art,Fahrunfall,Tageslicht,0,0,0,1,0,0,"355515,1639","5642432,509",6.944563844,50.91542999,trocken,"5,21E+18",Krad
157556,5,3,15,0,2021,Juni,14,Mittwoch,Unfall mit Leichtverletzten,Zusammenstoß mit einbiegendem / kreuzendem Fahrzeug,Einbiegen / Kreuzen-Unfall,Tageslicht,1,1,0,0,0,0,"354522,002","5648416,277",6.928055279,50.96895489,nass/feucht,"5,21E+18","Rad, PKW"
157557,5,3,15,0,2021,Januar,9,Montag,Unfall mit Leichtverletzten,Zusammenstoß mit einbiegendem / kreuzendem Fahrzeug,Einbiegen / Kreuzen-Unfall,Tageslicht,1,1,0,0,0,0,"353730,7057","5646869,391",6.917415156,50.95485324,nass/feucht,"5,21E+18","Rad, PKW"
157558,5,3,15,0,2021,Januar,9,Samstag,Unfall mit Leichtverletzten,Unfall anderer Art,Unfall durch ruhenden Verkehr,Tageslicht,1,0,0,0,0,1,"355039,599","5641607,448",6.938130909,50.90789607,nass/feucht,"5,21E+18","Rad, Sonstige"
157560,5,3,15,0,2021,November,11,Sonntag,Unfall mit Leichtverletzten,Zusammenstoß mit vorausfahrendem / wartendem Fahrzeug,Unfall im Längsverkehr,Tageslicht,0,1,0,0,0,0,"355337,691","5643971,992",6.941430183,50.92922057,trocken,"5,21E+18",PKW
157561,5,3,15,0,2021,Dezember,18,Samstag,Unfall mit Leichtverletzten,Unfall anderer Art,Abbiegeunfall,Dunkelheit,0,1,0,0,0,1,"354732,82","5644530,644",6.932606092,50.93408903,trocken,"5,21E+18","PKW, Sonstige"
157563,5,3,15,0,2021,September,20,Mittwoch,Unfall mit Leichtverletzten,Zusammenstoß mit einbiegendem / kreuzendem Fahrzeug,Abbiegeunfall,Dunkelheit,1,1,0,0,0,0,"355788,8954","5643188,76",6.948156274,50.92229477,trocken,"5,21E+18","Rad, PKW"
157564,5,3,15,0,2021,April,12,Freitag,Unfall mit Leichtverletzten,Zusammenstoß zwischen Fahrzeug und Fußgänger,Überschreiten-Unfall,Tageslicht,1,0,1,0,0,0,"353373,394","5647108,792",6.912234914,50.95691384,trocken,"5,21E+18","Rad, Fuss"
157565,5,3,15,0,2021,September,18,Donnerstag,Unfall mit Leichtverletzten,Zusammenstoß mit entgegenkommendem Fahrzeug,Einbiegen / Kreuzen-Unfall,Tageslicht,0,1,0,0,0,1,"353950,0873","5646728,043",6.920593223,50.95363863,trocken,"5,21E+18","PKW, Sonstige"
157566,5,3,15,0,2021,März,13,Dienstag,Unfall mit Leichtverletzten,Zusammenstoß mit seitlich in gleicher Richtung fahrendem Fahrzeug,Abbiegeunfall,Tageslicht,1,1,0,0,0,0,"352588,2284","5646902,203",6.901146882,50.95485701,trocken,"5,21E+18","Rad, PKW"
157568,5,3,15,0,2021,Dezember,14,Sonntag,Unfall mit Leichtverletzten,Unfall anderer Art,Fahrunfall,Tageslicht,1,0,0,0,0,0,"353599,3427","5646957,598",6.915510654,50.95561256,trocken,"5,21E+18",Rad
157569,5,3,15,0,2021,Juni,2,Freitag,Unfall mit Leichtverletzten,Zusammenstoß mit anfahrendem/ anhaltendem/ruhendem Fahrzeug,Unfall durch ruhenden Verkehr,Dunkelheit,0,1,0,0,0,1,"355011,239","5641952,106",6.937590878,50.91098632,trocken,"5,21E+18","PKW, Sonstige"
157570,5,3,15,0,2021,September,11,Samstag,Unfall mit Leichtverletzten,Unfall anderer Art,Einbiegen / Kreuzen-Unfall,Tageslicht,1,1,0,0,0,0,"352229,4096","5648422,698",6.895424205,50.96842903,trocken,"5,21E+18","Rad, PKW"
157574,5,3,15,0,2021,Dezember,11,Montag,Unfall mit Leichtverletzten,Unfall anderer Art,Fahrunfall,Tageslicht,1,0,0,0,0,0,"353754,5643","5643142,814",6.919250384,50.92136983,nass/feucht,"5,21E+18",Rad
157575,5,3,15,0,2021,Oktober,13,Samstag,Unfall mit Leichtverletzten,Unfall anderer Art,Fahrunfall,Tageslicht,0,0,0,1,0,0,"355255,143","5643026,554",6.940631626,50.9207034,nass/feucht,"5,21E+18",Krad
157577,5,3,15,0,2021,Dezember,18,Samstag,Unfall mit Leichtverletzten,Zusammenstoß mit anfahrendem/ anhaltendem/ruhendem Fahrzeug,Unfall durch ruhenden Verkehr,Dunkelheit,1,1,0,0,0,1,"354118,0489","5643334,754",6.924341555,50.92318675,trocken,"5,21E+18","Rad, PKW, Sonstige"
157578,5,3,15,0,2021,Dezember,15,Sonntag,Unfall mit Leichtverletzten,Unfall anderer Art,Fahrunfall,Tageslicht,1,0,0,0,0,0,"354876,1049","5643824,852",6.934924861,50.92778231,nass/feucht,"5,21E+18",Rad
157579,5,3,15,0,2021,Juni,17,Donnerstag,Unfall mit Leichtverletzten,Abkommen von Fahrbahn nach links,Fahrunfall,Tageslicht,0,1,0,0,0,0,"352206,3147","5655572,226",6.892185125,51.03267175,trocken,"5,21E+18",PKW
157581,5,3,15,0,2021,März,15,Montag,Unfall mit Leichtverletzten,Unfall anderer Art,Sonstiger Unfall,Tageslicht,0,1,1,0,0,0,"351272,2417","5645868,004",6.882845882,50.94522514,trocken,"5,21E+18","Fuss, PKW"
157582,5,3,15,0,2021,Juni,11,Dienstag,Unfall mit Leichtverletzten,Zusammenstoß mit einbiegendem / kreuzendem Fahrzeug,Abbiegeunfall,Tageslicht,1,1,0,0,0,0,"355574,0372","5641862,196",6.945626538,50.91031941,trocken,"5,21E+18","Rad, PKW"
157584,5,3,15,0,2021,September,17,Dienstag,Unfall mit Leichtverletzten,Zusammenstoß mit vorausfahrendem / wartendem Fahrzeug,Unfall im Längsverkehr,Tageslicht,0,1,0,0,0,0,"353457,7296","5638475,423",6.916903218,50.87935007,trocken,"5,21E+18",PKW
157585,5,3,15,0,2021,März,4,Montag,Unfall mit Schwerverletzten,Abkommen von Fahrbahn nach links,Fahrunfall,Dunkelheit,0,1,0,0,0,0,"355211,864","5645929,689",6.938862935,50.94678238,nass/feucht,"5,21E+18",PKW
157587,5,3,15,0,2021,September,15,Freitag,Unfall mit Schwerverletzten,Abkommen von Fahrbahn nach rechts,Fahrunfall,Tageslicht,1,0,0,0,0,0,"354121,9566","5648885,703",6.922173407,50.97307227,trocken,"5,21E+18",Rad
157589,5,3,15,0,2021,November,15,Mittwoch,Unfall mit Leichtverletzten,Zusammenstoß mit einbiegendem / kreuzendem Fahrzeug,Abbiegeunfall,Tageslicht,0,1,0,1,0,0,"354767,3818","5641450,969",6.93432393,50.9064214,nass/feucht,"5,21E+18","Krad, PKW"
157592,5,3,15,0,2021,April,8,Freitag,Unfall mit Leichtverletzten,Unfall anderer Art,Sonstiger Unfall,Tageslicht,0,0,1,0,0,1,"353960,7311","5643252,934",6.922137522,50.92241166,trocken,"5,21E+18","Fuss, Sonstige"
157593,5,3,15,0,2021,September,6,Donnerstag,Unfall mit Leichtverletzten,Zusammenstoß mit entgegenkommendem Fahrzeug,Unfall im Längsverkehr,Tageslicht,1,0,0,0,0,1,"351220,209","5646126,076",6.882000303,50.94753087,trocken,"5,21E+18","Rad, Sonstige"
157594,5,3,15,0,2021,Juni,16,Mittwoch,Unfall mit Leichtverletzten,Unfall anderer Art,Sonstiger Unfall,Tageslicht,0,1,1,0,0,0,"352941,841","5654486,405",6.90310807,51.02310276,trocken,"5,21E+18","Fuss, PKW"
157595,5,3,15,0,2021,März,15,Dienstag,Unfall mit Leichtverletzten,Zusammenstoß zwischen Fahrzeug und Fußgänger,Überschreiten-Unfall,Tageslicht,0,1,1,0,0,0,"354318,4823","5643277,59",6.92721423,50.92272367,trocken,"5,21E+18","Fuss, PKW"
157599,5,3,15,0,2021,Oktober,18,Donnerstag,Unfall mit Schwerverletzten,Zusammenstoß mit entgegenkommendem Fahrzeug,Abbiegeunfall,Dunkelheit,0,1,0,1,0,0,"355290,103","5641928,925",6.941564064,50.91084798,trocken,"5,21E+18","Krad, PKW"
157600,5,3,15,0,2021,September,3,Sonntag,Unfall mit Leichtverletzten,Unfall anderer Art,Fahrunfall,Dunkelheit,0,0,0,0,0,1,"354751,7525","5644894,661",6.932730253,50.93736512,trocken,"5,21E+18",Sonstige
157602,5,3,15,0,2021,Oktober,13,Sonntag,Unfall mit Leichtverletzten,Zusammenstoß mit seitlich in gleicher Richtung fahrendem Fahrzeug,Unfall durch ruhenden Verkehr,Tageslicht,1,1,0,0,0,0,"353898,8513","5643708,228",6.921075286,50.92648758,trocken,"5,21E+18","Rad, PKW"
157603,5,3,15,0,2021,Juli,17,Sonntag,Unfall mit Leichtverletzten,Zusammenstoß zwischen Fahrzeug und Fußgänger,Sonstiger Unfall,Tageslicht,0,1,1,0,0,0,"352516,5581","5647037,994",6.900072151,50.95605896,trocken,"5,21E+18","Fuss, PKW"
157604,5,3,15,0,2021,April,10,Montag,Unfall mit Leichtverletzten,Zusammenstoß zwischen Fahrzeug und Fußgänger,Überschreiten-Unfall,Tageslicht,1,0,1,0,0,0,"354102,8304","5641919,01",6.924691381,50.91046,trocken,"5,21E+18","Rad, Fuss"
157605,5,3,15,0,2021,Mai,14,Sonntag,Unfall mit Leichtverletzten,Zusammenstoß mit vorausfahrendem / wartendem Fahrzeug,Unfall im Längsverkehr,Tageslicht,1,0,0,0,0,0,"355038,9048","5642861,746",6.937622712,50.91916802,trocken,"5,21E+18",Rad
157608,5,3,15,0,2021,Juni,21,Samstag,Unfall mit Schwerverletzten,Zusammenstoß mit einbiegendem / kreuzendem Fahrzeug,Abbiegeunfall,Dunkelheit,0,1,0,1,0,0,"353338,3344","5647132,466",6.911726527,50.95711766,nass/feucht,"5,21E+18","Krad, PKW"
157610,5,3,15,0,2021,Juli,17,Donnerstag,Unfall mit Leichtverletzten,Zusammenstoß mit einbiegendem / kreuzendem Fahrzeug,Unfall durch ruhenden Verkehr,Tageslicht,0,1,0,1,0,0,"355422,8886","5640832,177",6.943885974,50.90102494,trocken,"5,21E+18","Krad, PKW"
157611,5,3,15,0,2021,Dezember,13,Mittwoch,Unfall mit Leichtverletzten,Zusammenstoß mit vorausfahrendem / wartendem Fahrzeug,Unfall im Längsverkehr,Tageslicht,0,1,0,0,0,0,"351687,2933","5652020,265",6.886240618,51.00061889,trocken,"5,21E+18",PKW
157614,5,3,15,0,2021,März,12,Dienstag,Unfall mit Leichtverletzten,Zusammenstoß mit anfahrendem/ anhaltendem/ruhendem Fahrzeug,Unfall durch ruhenden Verkehr,Tageslicht,0,1,0,0,0,0,"355095,8877","5640900,166",6.939211736,50.90155398,trocken,"5,21E+18",PKW
157615,5,3,15,0,2021,November,21,Dienstag,Unfall mit Leichtverletzten,Zusammenstoß mit einbiegendem / kreuzendem Fahrzeug,Einbiegen / Kreuzen-Unfall,Dunkelheit,0,1,0,0,0,0,"352440,7431","5645914,093",6.899448939,50.94593958,nass/feucht,"5,21E+18",PKW
157617,5,3,15,0,2021,Mai,18,Montag,Unfall mit Leichtverletzten,Zusammenstoß mit anfahrendem/ anhaltendem/ruhendem Fahrzeug,Unfall durch ruhenden Verkehr,Tageslicht,1,1,0,0,0,0,"355846,4814","5644268,933",6.948547957,50.93201651,trocken,"5,21E+18","Rad, PKW"
157618,5,3,15,0,2021,Januar,13,Mittwoch,Unfall mit Leichtverletzten,Unfall anderer Art,Fahrunfall,Tageslicht,1,0,0,0,0,0,"353968,9655","5647213,738",6.920666957,50.95800818,nass/feucht,"5,21E+18",Rad