OBJECTID,ULAND,UREGBEZ,UKREIS,UGEMEINDE,UJAHR,UMONAT,USTUNDE,UWOCHENTAG,UKATEGORIE,UART,UTYP1,ULICHTVERH,IstRad,IstPKW,IstFuss,IstKrad,IstGkfz,IstSonstige,LINREFX,LINREFY,XGCSWGS84,YGCSWGS84,USTRZUSTAND,UIDENTSTLAE,Participants
157619,5,3,15,0,2021,Februar,10,Donnerstag,Unfall mit Leichtverletzten,Zusammenstoß zwischen Fahrzeug und Fußgänger,Überschreiten-Unfall,Tageslicht,0,1,1,0,0,0,"352607,003","5647604,681",6.901129509,50.96117465,trocken,"5,21E+18","Fuss, PKW"
157621,5,3,15,0,2021,November,7,Mittwoch,Unfall mit Leichtverletzten,Zusammenstoß mit einbiegendem / kreuzendem Fahrzeug,Abbiegeunfall,Tageslicht,0,1,0,0,0,0,"355303,347","5654611,641",6.936707081,51.02482742,trocken,"5,21E+18",PKW
157624,5,3,15,0,2021,September,7,Donnerstag,Unfall mit Leichtverletzten,Zusammenstoß mit seitlich in gleicher Richtung fahrendem Fahrzeug,Sonstiger Unfall,Tageslicht,0,1,0,1,0,0,"353130,4465","5645814,651",6.909300172,50.94522207,trocken,"5,21E+18","Krad, PKW"
157626,5,3,15,0,2021,Oktober,7,Sonntag,Unfall mit Leichtverletzten,Unfall anderer Art,Fahrunfall,Dunkelheit,0,0,0,0,0,1,"355725,4834","5642431,857",6.947554046,50.91547674,nass/feucht,"5,21E+18",Sonstige
157628,5,3,15,0,2021,November,7,Mittwoch,Unfall mit Leichtverletzten,Zusammenstoß zwischen Fahrzeug und Fußgänger,Abbiegeunfall,Tageslicht,0,1,1,0,0,0,"355266,3142","5641785,482",6.941282802,50.90955291,nass/feucht,"5,21E+18","Fuss, PKW"
157629,5,3,15,0,2021,Oktober,18,Samstag,Unfall mit Leichtverletzten,Zusammenstoß mit einbiegendem / kreuzendem Fahrzeug,Einbiegen / Kreuzen-Unfall,Dunkelheit,1,0,0,0,0,1,"352476,7267","5648019,325",6.899107592,50.96486751,trocken,"5,21E+18","Rad, Sonstige"
157630,5,3,15,0,2021,Juli,10,Montag,Unfall mit Leichtverletzten,Zusammenstoß mit entgegenkommendem Fahrzeug,Unfall im Längsverkehr,Tageslicht,0,1,0,0,0,1,"354074,4327","5644154,515",6.9233933,50.93054266,trocken,"5,21E+18","PKW, Sonstige"
157631,5,3,15,0,2021,April,13,Mittwoch,Unfall mit Leichtverletzten,Zusammenstoß zwischen Fahrzeug und Fußgänger,Überschreiten-Unfall,Tageslicht,0,1,1,0,0,0,"355008,5186","5647044,918",6.935526074,50.95675354,nass/feucht,"5,21E+18","Fuss, PKW"
157635,5,3,15,0,2021,Juni,0,Montag,Unfall mit Leichtverletzten,Unfall anderer Art,Fahrunfall,Dunkelheit,1,0,0,0,0,0,"355530,0298","5641343,849",6.945206164,50.90565008,trocken,"5,21E+18",Rad
157638,5,3,15,0,2021,November,8,Mittwoch,Unfall mit Leichtverletzten,Zusammenstoß zwischen Fahrzeug und Fußgänger,Überschreiten-Unfall,Tageslicht,1,0,1,0,0,0,"355211,9917","5645862,266",6.938891558,50.94617651,trocken,"5,21E+18","Rad, Fuss"
157640,5,3,15,0,2021,September,13,Donnerstag,Unfall mit Leichtverletzten,Unfall anderer Art,Unfall durch ruhenden Verkehr,Tageslicht,0,1,0,0,0,1,"353901,0434","5643221,479",6.921301478,50.92211387,trocken,"5,21E+18","PKW, Sonstige"
157642,5,3,15,0,2021,April,13,Samstag,Unfall mit Leichtverletzten,Unfall anderer Art,Unfall im Längsverkehr,Tageslicht,0,1,0,0,0,0,"354909,798","5647918,015",6.933773286,50.96457497,trocken,"5,21E+18",PKW
157643,5,3,15,0,2021,Februar,2,Sonntag,Unfall mit Leichtverletzten,Unfall anderer Art,Fahrunfall,Dunkelheit,0,0,0,0,0,1,"351548,315","5645784,823",6.886806854,50.94454879,trocken,"5,21E+18",Sonstige
157644,5,3,15,0,2021,Mai,14,Freitag,Unfall mit Leichtverletzten,Zusammenstoß mit einbiegendem / kreuzendem Fahrzeug,Einbiegen / Kreuzen-Unfall,Tageslicht,1,0,0,0,0,1,"355870,3501","5642776,012",6.949477529,50.91860582,trocken,"5,21E+18","Rad, Sonstige"
157645,5,3,15,0,2021,September,16,Samstag,Unfall mit Leichtverletzten,Zusammenstoß mit einbiegendem / kreuzendem Fahrzeug,Einbiegen / Kreuzen-Unfall,Tageslicht,0,1,0,0,0,0,"352953,098","5647474,526",6.90610696,50.96009343,trocken,"5,21E+18",PKW
157646,5,3,15,0,2021,März,11,Samstag,Unfall mit Leichtverletzten,Unfall anderer Art,Unfall im Längsverkehr,Tageslicht,0,1,0,0,0,1,"354028,8024","5646679,359",6.921732674,50.95322106,trocken,"5,21E+18","PKW, Sonstige"
157650,5,3,15,0,2021,Dezember,6,Donnerstag,Unfall mit Leichtverletzten,Zusammenstoß mit einbiegendem / kreuzendem Fahrzeug,Einbiegen / Kreuzen-Unfall,Dunkelheit,1,1,0,0,0,0,"353641,2448","5647636,852",6.915833675,50.96172739,nass/feucht,"5,21E+18","Rad, PKW"
157653,5,3,15,0,2021,Dezember,16,Freitag,Unfall mit Leichtverletzten,Zusammenstoß mit einbiegendem / kreuzendem Fahrzeug,Einbiegen / Kreuzen-Unfall,Tageslicht,1,1,0,0,0,0,"352567,7664","5642869,557",6.902487372,50.91861215,nass/feucht,"5,21E+18","Rad, PKW"
157657,5,3,15,0,2021,Juni,18,Donnerstag,Unfall mit Leichtverletzten,Zusammenstoß mit anfahrendem/ anhaltendem/ruhendem Fahrzeug,Unfall durch ruhenden Verkehr,Tageslicht,1,1,0,0,0,0,"353905,429","5646756,064",6.919946597,50.95387912,trocken,"5,21E+18","Rad, PKW"
157658,5,3,15,0,2021,Juni,9,Dienstag,Unfall mit Leichtverletzten,Unfall anderer Art,Sonstiger Unfall,Tageslicht,1,1,0,0,0,0,"352675,1273","5652184,779",6.900242362,51.00235107,trocken,"5,21E+18","Rad, PKW"
157659,5,3,15,0,2021,November,19,Samstag,Unfall mit Leichtverletzten,Zusammenstoß mit einbiegendem / kreuzendem Fahrzeug,Einbiegen / Kreuzen-Unfall,Dunkelheit,1,1,0,0,0,0,"354209,2784","5642698,334",6.925893083,50.91749047,nass/feucht,"5,21E+18","Rad, PKW"
157660,5,3,15,0,2021,Oktober,10,Mittwoch,Unfall mit Leichtverletzten,Zusammenstoß mit entgegenkommendem Fahrzeug,Abbiegeunfall,Tageslicht,1,1,0,0,0,0,"355037,9076","5645972,651",6.936371187,50.94712476,trocken,"5,21E+18","Rad, PKW"
157664,5,3,15,0,2021,Oktober,6,Sonntag,Unfall mit Schwerverletzten,Zusammenstoß zwischen Fahrzeug und Fußgänger,Überschreiten-Unfall,Dunkelheit,0,0,1,0,0,1,"353130,1951","5642918,174",6.910463749,50.91919247,trocken,"5,21E+18","Fuss, Sonstige"
157665,5,3,15,0,2021,Juni,8,Donnerstag,Unfall mit Leichtverletzten,Unfall anderer Art,Einbiegen / Kreuzen-Unfall,Tageslicht,1,1,0,0,0,0,"355504,383","5643362,279",6.944042244,50.92378297,trocken,"5,21E+18","Rad, PKW"
157667,5,3,15,0,2021,Oktober,10,Freitag,Unfall mit Leichtverletzten,Unfall anderer Art,Sonstiger Unfall,Tageslicht,0,1,0,0,0,0,"355805,7056","5647995,725",6.946492297,50.96549826,nass/feucht,"5,21E+18",PKW
157669,5,3,15,0,2021,November,17,Sonntag,Unfall mit Schwerverletzten,Zusammenstoß mit einbiegendem / kreuzendem Fahrzeug,Abbiegeunfall,Dunkelheit,0,0,0,1,0,1,"354150,8027","5655495,387",6.919928402,51.03247798,nass/feucht,"5,21E+18","Krad, Sonstige"
157670,5,3,15,0,2021,November,17,Samstag,Unfall mit Leichtverletzten,Zusammenstoß mit seitlich in gleicher Richtung fahrendem Fahrzeug,Unfall im Längsverkehr,Dämmerung,1,1,0,0,0,0,"355180,1602","5644086,405",6.939144588,50.93020925,trocken,"5,21E+18","Rad, PKW"
157671,5,3,15,0,2021,September,8,Sonntag,Unfall mit Schwerverletzten,Aufprall auf Fahrbahnhindernis,Fahrunfall,Tageslicht,0,1,0,0,0,1,"352453,2658","5647481,163",6.898991954,50.96002531,trocken,"5,21E+18","PKW, Sonstige"
157672,5,3,15,0,2021,Juni,16,Freitag,Unfall mit Leichtverletzten,Zusammenstoß mit anfahrendem/ anhaltendem/ruhendem Fahrzeug,Unfall durch ruhenden Verkehr,Tageslicht,1,1,0,0,0,0,"354034,1034","5643519,305",6.923074114,50.92482402,trocken,"5,21E+18","Rad, PKW"
157674,5,3,15,0,2021,November,11,Donnerstag,Unfall mit Schwerverletzten,Zusammenstoß zwischen Fahrzeug und Fußgänger,Überschreiten-Unfall,Tageslicht,0,1,1,0,0,0,"351790,2762","5645248,129",6.890467007,50.93978805,nass/feucht,"5,21E+18","Fuss, PKW"
157676,5,3,15,0,2021,Juli,11,Mittwoch,Unfall mit Leichtverletzten,Zusammenstoß mit einbiegendem / kreuzendem Fahrzeug,Einbiegen / Kreuzen-Unfall,Tageslicht,1,1,0,0,0,0,"352978,1298","5643125,338",6.908218329,50.92101546,nass/feucht,"5,21E+18","Rad, PKW"
157678,5,3,15,0,2021,März,8,Samstag,Unfall mit Schwerverletzten,Unfall anderer Art,Abbiegeunfall,Tageslicht,0,1,0,1,0,0,"355702,02","5647430,586",6.945240831,50.96039353,trocken,"5,21E+18","Krad, PKW"
157679,5,3,15,0,2021,Dezember,8,Samstag,Unfall mit Leichtverletzten,Unfall anderer Art,Einbiegen / Kreuzen-Unfall,Tageslicht,1,1,0,0,0,0,"352736,03","5644611,921",6.904175791,50.93431303,trocken,"5,21E+18","Rad, PKW"
157680,5,3,15,0,2021,Januar,14,Sonntag,Unfall mit Leichtverletzten,Unfall anderer Art,Fahrunfall,Tageslicht,1,0,0,0,0,0,"354361,4632","5643450,66",6.927756222,50.92428986,trocken,"5,21E+18",Rad
157681,5,3,15,0,2021,Juni,23,Samstag,Unfall mit Leichtverletzten,Unfall anderer Art,Fahrunfall,Dunkelheit,0,0,0,0,0,1,"353709,1273","5646930,308",6.917083656,50.9553952,trocken,"5,21E+18",Sonstige
157682,5,3,15,0,2021,November,19,Mittwoch,Unfall mit Leichtverletzten,Unfall anderer Art,Unfall durch ruhenden Verkehr,Dunkelheit,1,0,0,0,0,1,"355135,3868","5644557,036",6.938320825,50.93442747,trocken,"5,21E+18","Rad, Sonstige"
157686,5,3,15,0,2021,Februar,17,Samstag,Unfall mit Schwerverletzten,Unfall anderer Art,Fahrunfall,Dämmerung,1,0,0,0,0,0,"351614,228","5643064,483",6.888851933,50.92011945,nass/feucht,"5,21E+18",Rad
157688,5,3,15,0,2021,September,20,Dienstag,Unfall mit Leichtverletzten,Unfall anderer Art,Fahrunfall,Dunkelheit,0,0,0,0,0,1,"353016,2252","5648325,695",6.906661355,50.96775861,nass/feucht,"5,21E+18",Sonstige
157690,5,3,15,0,2021,Juni,7,Mittwoch,Unfall mit Leichtverletzten,Unfall anderer Art,Überschreiten-Unfall,Tageslicht,1,1,1,0,0,0,"354114,4716","5645706,534",6.923341283,50.9445003,trocken,"5,21E+18","Rad, Fuss, PKW"
157691,5,3,15,0,2021,November,0,Montag,Unfall mit Leichtverletzten,Unfall anderer Art,Fahrunfall,Dunkelheit,0,0,0,0,0,1,"355014,539","5647048,365",6.935610363,50.95678603,nass/feucht,"5,21E+18",Sonstige
157693,5,3,15,0,2021,September,23,Donnerstag,Unfall mit Schwerverletzten,Zusammenstoß mit einbiegendem / kreuzendem Fahrzeug,Abbiegeunfall,Dunkelheit,0,1,0,1,0,0,"353425,1949","5647074,888",6.912985619,50.95662234,trocken,"5,21E+18","Krad, PKW"
157697,5,3,15,0,2021,Juli,17,Mittwoch,Unfall mit Leichtverletzten,Zusammenstoß mit vorausfahrendem / wartendem Fahrzeug,Fahrunfall,Tageslicht,0,1,0,0,0,0,"354648,9751","5646831,691",6.930495397,50.95474676,trocken,"5,21E+18",PKW
157698,5,3,15,0,2021,Mai,19,Sonntag,Unfall mit Leichtverletzten,Abkommen von Fahrbahn nach links,Fahrunfall,Tageslicht,1,0,0,0,0,0,"353741,3006","5646991,065",6.91751701,50.95594936,trocken,"5,21E+18",Rad
157699,5,3,15,0,2021,Mai,23,Samstag,Unfall mit Leichtverletzten,Unfall anderer Art,Sonstiger Unfall,Dunkelheit,1,1,0,0,0,0,"355163,552","5645899,302",6.938187749,50.94649717,trocken,"5,21E+18","Rad, PKW"
157701,5,3,15,0,2021,September,19,Donnerstag,Unfall mit Leichtverletzten,Zusammenstoß mit einbiegendem / kreuzendem Fahrzeug,Sonstiger Unfall,Tageslicht,1,1,0,0,0,0,"355475,5444","5645683,784",6.94271156,50.94463866,trocken,"5,21E+18","Rad, PKW"
157702,5,3,15,0,2021,Dezember,12,Mittwoch,Unfall mit Leichtverletzten,Unfall anderer Art,Sonstiger Unfall,Tageslicht,0,1,0,1,0,0,"354864,375","5644520,088",6.934481241,50.93402729,nass/feucht,"5,21E+18","Krad, PKW"
157703,5,3,15,0,2021,Oktober,10,Mittwoch,Unfall mit Schwerverletzten,Unfall anderer Art,Fahrunfall,Tageslicht,0,0,0,1,0,0,"351704,3243","5648292,178",6.888004481,50.96712118,nass/feucht,"5,21E+18",Krad
157704,5,3,15,0,2021,Juni,5,Sonntag,Unfall mit Leichtverletzten,Unfall anderer Art,Unfall durch ruhenden Verkehr,Tageslicht,0,1,0,0,0,1,"355992,1326","5645700,811",6.950053358,50.94492095,nass/feucht,"5,21E+18","PKW, Sonstige"
157705,5,3,15,0,2021,April,10,Sonntag,Unfall mit Leichtverletzten,Zusammenstoß mit entgegenkommendem Fahrzeug,Abbiegeunfall,Tageslicht,0,1,0,0,0,0,"352901,398","5647401,582",6.905400782,50.95942472,nass/feucht,"5,21E+18",PKW
157706,5,3,15,0,2021,Mai,9,Donnerstag,Unfall mit Leichtverletzten,Zusammenstoß mit einbiegendem / kreuzendem Fahrzeug,Einbiegen / Kreuzen-Unfall,Tageslicht,1,0,0,0,0,1,"353905,8967","5643060,202",6.921435086,50.92066575,trocken,"5,21E+18","Rad, Sonstige"
157707,5,3,15,0,2021,Mai,17,Sonntag,Unfall mit Leichtverletzten,Zusammenstoß mit anfahrendem/ anhaltendem/ruhendem Fahrzeug,Einbiegen / Kreuzen-Unfall,Tageslicht,1,1,0,0,0,0,"351102,3569","5646100,938",6.88033409,50.94727453,trocken,"5,21E+18","Rad, PKW"
157708,5,3,15,0,2021,März,13,Montag,Unfall mit Leichtverletzten,Unfall anderer Art,Unfall durch ruhenden Verkehr,Tageslicht,1,1,0,0,0,0,"352656,1996","5645098,512",6.902843722,50.93866543,trocken,"5,21E+18","Rad, PKW"
157710,5,3,15,0,2021,Juli,7,Samstag,Unfall mit Leichtverletzten,Unfall anderer Art,Fahrunfall,Tageslicht,0,0,0,1,0,0,"353536,5836","5645674,437",6.915133852,50.94406534,nass/feucht,"5,21E+18",Krad
157711,5,3,15,0,2021,Juni,0,Mittwoch,Unfall mit Leichtverletzten,Zusammenstoß mit anfahrendem/ anhaltendem/ruhendem Fahrzeug,Einbiegen / Kreuzen-Unfall,Dunkelheit,1,0,0,0,0,1,"355021,0176","5643950,327",6.936935601,50.92894637,trocken,"5,21E+18","Rad, Sonstige"
157715,5,3,15,0,2021,Dezember,11,Donnerstag,Unfall mit Leichtverletzten,Zusammenstoß mit seitlich in gleicher Richtung fahrendem Fahrzeug,Unfall im Längsverkehr,Tageslicht,1,1,0,0,0,0,"354680,3288","5642171,7",6.932799627,50.91287654,nass/feucht,"5,21E+18","Rad, PKW"
157717,5,3,15,0,2021,Februar,17,Donnerstag,Unfall mit Leichtverletzten,Zusammenstoß zwischen Fahrzeug und Fußgänger,Sonstiger Unfall,Tageslicht,0,1,1,0,0,0,"353986,7245","5647215,401",6.920918981,50.95802763,trocken,"5,21E+18","Fuss, PKW"
157718,5,3,15,0,2021,November,5,Montag,Unfall mit Leichtverletzten,Zusammenstoß zwischen Fahrzeug und Fußgänger,Überschreiten-Unfall,Dunkelheit,0,1,1,0,0,0,"355296,6925","5645352,592",6.940298953,50.94161745,trocken,"5,21E+18","Fuss, PKW"
157720,5,3,15,0,2021,September,17,Sonntag,Unfall mit Leichtverletzten,Zusammenstoß mit seitlich in gleicher Richtung fahrendem Fahrzeug,Abbiegeunfall,Tageslicht,1,1,0,0,0,0,"354141,81","5642680,013",6.924941235,50.91730878,trocken,"5,21E+18","Rad, PKW"
157721,5,3,15,0,2021,November,2,Sonntag,Unfall mit Leichtverletzten,Zusammenstoß mit anfahrendem/ anhaltendem/ruhendem Fahrzeug,Unfall durch ruhenden Verkehr,Dunkelheit,0,1,0,0,0,1,"355100,3502","5648404,151",6.936291406,50.96899168,nass/feucht,"5,21E+18","PKW, Sonstige"
157722,5,3,15,0,2021,Februar,0,Freitag,Unfall mit Leichtverletzten,Zusammenstoß mit anfahrendem/ anhaltendem/ruhendem Fahrzeug,Sonstiger Unfall,Dunkelheit,1,1,0,0,0,0,"352002,699","5647091,044",6.892739334,50.95640396,trocken,"5,21E+18","Rad, PKW"
157724,5,3,15,0,2021,Oktober,0,Dienstag,Unfall mit Leichtverletzten,Abkommen von Fahrbahn nach links,Unfall durch ruhenden Verkehr,Dunkelheit,0,1,0,0,0,1,"355531,6249","5645904,212",6.943421872,50.94663365,trocken,"5,21E+18","PKW, Sonstige"
157726,5,3,15,0,2021,Februar,14,Montag,Unfall mit Leichtverletzten,Unfall anderer Art,Einbiegen / Kreuzen-Unfall,Tageslicht,1,1,0,0,0,0,"355686,416","5644203,259",6.946297629,50.93138628,trocken,"5,21E+18","Rad, PKW"
157728,5,3,15,0,2021,September,9,Mittwoch,Unfall mit Leichtverletzten,Unfall anderer Art,Fahrunfall,Tageslicht,1,0,0,0,0,0,"353758,8593","5642194,439",6.919691639,50.91284816,trocken,"5,21E+18",Rad
157730,5,3,15,0,2021,Mai,13,Sonntag,Unfall mit Leichtverletzten,Zusammenstoß mit einbiegendem / kreuzendem Fahrzeug,Abbiegeunfall,Tageslicht,1,1,0,0,0,0,"352443,3626","5646674,604",6.899178015,50.95277462,trocken,"5,21E+18","Rad, PKW"
157731,5,3,15,0,2021,September,9,Freitag,Unfall mit Leichtverletzten,Zusammenstoß mit einbiegendem / kreuzendem Fahrzeug,Abbiegeunfall,Tageslicht,1,0,0,0,0,1,"354179,2664","5646580,821",6.923912872,50.95237362,trocken,"5,21E+18","Rad, Sonstige"
157732,5,3,15,0,2021,September,5,Sonntag,Unfall mit Schwerverletzten,Unfall anderer Art,Fahrunfall,Dunkelheit,0,0,0,0,0,1,"354837,6625","5645605,52",6.93366888,50.94377506,trocken,"5,21E+18",Sonstige
157734,5,3,15,0,2021,März,14,Freitag,Unfall mit Leichtverletzten,Zusammenstoß mit entgegenkommendem Fahrzeug,Unfall im Längsverkehr,Tageslicht,1,1,0,0,0,0,"353411,0161","5646773,346",6.912905312,50.95390889,trocken,"5,21E+18","Rad, PKW"
157735,5,3,15,0,2021,November,13,Samstag,Unfall mit Leichtverletzten,Zusammenstoß mit einbiegendem / kreuzendem Fahrzeug,Einbiegen / Kreuzen-Unfall,Tageslicht,0,1,0,1,0,0,"353034,6163","5646030,285",6.907849977,50.94713545,trocken,"5,21E+18","Krad, PKW"
157740,5,3,15,0,2021,Mai,14,Sonntag,Unfall mit Leichtverletzten,Zusammenstoß mit einbiegendem / kreuzendem Fahrzeug,Einbiegen / Kreuzen-Unfall,Tageslicht,1,1,0,0,0,0,"353750,9091","5647442,906",6.917472152,50.96001233,nass/feucht,"5,21E+18","Rad, PKW"
157741,5,3,15,0,2021,April,12,Montag,Unfall mit Leichtverletzten,Zusammenstoß mit einbiegendem / kreuzendem Fahrzeug,Einbiegen / Kreuzen-Unfall,Tageslicht,1,1,0,0,0,0,"355156,2672","5644988,467",6.938446295,50.93830988,nass/feucht,"5,21E+18","Rad, PKW"
157742,5,3,15,0,2021,September,17,Dienstag,Unfall mit Leichtverletzten,Unfall anderer Art,Unfall durch ruhenden Verkehr,Tageslicht,1,1,0,0,0,1,"352332,0418","5646198,197",6.897787454,50.94846486,trocken,"5,21E+18","Rad, PKW, Sonstige"
157743,5,3,15,0,2021,Juli,17,Montag,Unfall mit Leichtverletzten,Zusammenstoß mit einbiegendem / kreuzendem Fahrzeug,Abbiegeunfall,Tageslicht,0,1,0,0,0,0,"355313,7895","5642609,539",6.941630863,50.91697048,trocken,"5,21E+18",PKW
157744,5,3,15,0,2021,Dezember,1,Sonntag,Unfall mit Leichtverletzten,Unfall anderer Art,Fahrunfall,Dunkelheit,1,0,0,0,0,0,"354772,1915","5643769,98",6.933469085,50.92726305,nass/feucht,"5,21E+18",Rad
157747,5,3,15,0,2021,September,20,Montag,Unfall mit Leichtverletzten,Unfall anderer Art,Sonstiger Unfall,Dämmerung,1,0,1,0,0,0,"352815,9154","5641519,535",6.90655981,50.90654336,trocken,"5,21E+18","Rad, Fuss"
157748,5,3,15,0,2021,November,9,Mittwoch,Unfall mit Schwerverletzten,Zusammenstoß zwischen Fahrzeug und Fußgänger,Abbiegeunfall,Tageslicht,0,1,1,0,0,0,"354098,0209","5651349,831",6.920843395,50.99521034,trocken,"5,21E+18","Fuss, PKW"
157749,5,3,15,0,2021,Juni,12,Mittwoch,Unfall mit Leichtverletzten,Zusammenstoß zwischen Fahrzeug und Fußgänger,Überschreiten-Unfall,Tageslicht,1,0,1,0,0,0,"352452,7499","5645020,628",6.899981624,50.9379135,trocken,"5,21E+18","Rad, Fuss"
157750,5,3,15,0,2021,Mai,13,Montag,Unfall mit Leichtverletzten,Zusammenstoß mit anfahrendem/ anhaltendem/ruhendem Fahrzeug,Unfall durch ruhenden Verkehr,Tageslicht,1,1,0,0,0,0,"354476,0988","5648445,329",6.927390345,50.96920438,trocken,"5,21E+18","Rad, PKW"
157751,5,3,15,0,2021,März,16,Mittwoch,Unfall mit Leichtverletzten,Unfall anderer Art,Unfall durch ruhenden Verkehr,Tageslicht,1,1,0,0,0,0,"353732,7709","5651058,372",6.915759504,50.99249842,trocken,"5,21E+18","Rad, PKW"
157753,5,3,15,0,2021,Januar,7,Freitag,Unfall mit Leichtverletzten,Zusammenstoß zwischen Fahrzeug und Fußgänger,Sonstiger Unfall,Tageslicht,0,1,1,0,0,0,"352194,4137","5647134,477",6.895449456,50.95684348,nass/feucht,"5,21E+18","Fuss, PKW"
157755,5,3,15,0,2021,Mai,15,Mittwoch,Unfall mit Leichtverletzten,Unfall anderer Art,Überschreiten-Unfall,Tageslicht,1,0,1,0,0,0,"355259,7906","5642831,363",6.940775164,50.91895042,nass/feucht,"5,21E+18","Rad, Fuss"
157756,5,3,15,0,2021,Dezember,11,Mittwoch,Unfall mit Leichtverletzten,Aufprall auf Fahrbahnhindernis,Fahrunfall,Tageslicht,1,0,0,0,0,0,"355466,5636","5644319,409",6.943125042,50.93237505,nass/feucht,"5,21E+18",Rad
157758,5,3,15,0,2021,Februar,22,Donnerstag,Unfall mit Leichtverletzten,Unfall anderer Art,Fahrunfall,Dunkelheit,0,0,0,0,0,1,"353842,2191","5647099,116",6.91890952,50.95694598,trocken,"5,21E+18",Sonstige
157759,5,3,15,0,2021,Oktober,15,Samstag,Unfall mit Leichtverletzten,Zusammenstoß zwischen Fahrzeug und Fußgänger,Überschreiten-Unfall,Tageslicht,0,0,1,0,0,1,"355332,2133","5645086,919",6.940909704,50.93923882,trocken,"5,21E+18","Fuss, Sonstige"
157760,5,3,15,0,2021,Dezember,17,Montag,Unfall mit Leichtverletzten,Zusammenstoß mit einbiegendem / kreuzendem Fahrzeug,Einbiegen / Kreuzen-Unfall,Dunkelheit,1,1,0,0,0,0,"352360,9926","5645618,125",6.898434454,50.94325944,trocken,"5,21E+18","Rad, PKW"
157761,5,3,15,0,2021,November,9,Freitag,Unfall mit Leichtverletzten,Zusammenstoß mit vorausfahrendem / wartendem Fahrzeug,Unfall im Längsverkehr,Tageslicht,0,1,0,0,0,0,"354149,5384","5644164,055",6.924457531,50.9306474,trocken,"5,21E+18",PKW
157762,5,3,15,0,2021,Juni,14,Freitag,Unfall mit Leichtverletzten,Unfall anderer Art,Abbiegeunfall,Tageslicht,0,1,0,1,0,0,"355177,6284","5654766,118",6.934853944,51.02618399,trocken,"5,21E+18","Krad, PKW"
157764,5,3,15,0,2021,Juni,15,Donnerstag,Unfall mit Leichtverletzten,Unfall anderer Art,Fahrunfall,Tageslicht,0,0,0,1,0,0,"354065,3407","5636577,87",6.926291455,50.86245091,trocken,"5,21E+18",Krad
157765,5,3,15,0,2021,Dezember,13,Sonntag,Unfall mit Leichtverletzten,Unfall anderer Art,Sonstiger Unfall,Tageslicht,1,0,0,0,0,0,"353510,4026","5646703,626",6.914347404,50.95330761,trocken,"5,21E+18",Rad
157766,5,3,15,0,2021,Juli,19,Donnerstag,Unfall mit Schwerverletzten,Abkommen von Fahrbahn nach rechts,Fahrunfall,Tageslicht,1,1,0,0,0,0,"354994,2471","5644009,63",6.936531329,50.92947259,trocken,"5,21E+18","Rad, PKW"
157768,5,3,15,0,2021,Mai,15,Montag,Unfall mit Schwerverletzten,Unfall anderer Art,Unfall durch ruhenden Verkehr,Tageslicht,0,1,0,1,0,0,"353161,2248","5642670,246",6.911004701,50.91697233,trocken,"5,21E+18","Krad, PKW"
157769,5,3,15,0,2021,Januar,8,Samstag,Unfall mit Leichtverletzten,Zusammenstoß mit einbiegendem / kreuzendem Fahrzeug,Einbiegen / Kreuzen-Unfall,Tageslicht,0,1,0,0,0,1,"355326,9181","5644419,511",6.941099365,50.93323964,trocken,"5,21E+18","PKW, Sonstige"
157770,5,3,15,0,2021,Mai,12,Sonntag,Unfall mit Leichtverletzten,Zusammenstoß mit einbiegendem / kreuzendem Fahrzeug,Einbiegen / Kreuzen-Unfall,Tageslicht,0,1,0,0,0,1,"355495,6039","5643374,589",6.943912538,50.92389141,trocken,"5,21E+18","PKW, Sonstige"
157771,5,3,15,0,2021,Februar,6,Mittwoch,Unfall mit Leichtverletzten,Zusammenstoß mit einbiegendem / kreuzendem Fahrzeug,Einbiegen / Kreuzen-Unfall,Dämmerung,0,1,0,0,0,0,"355995,4755","5652119,363",6.947558936,51.00260385,trocken,"5,21E+18",PKW
157772,5,3,15,0,2021,September,15,Donnerstag,Unfall mit Leichtverletzten,Zusammenstoß mit anfahrendem/ anhaltendem/ruhendem Fahrzeug,Unfall durch ruhenden Verkehr,Tageslicht,0,1,0,0,0,0,"353343,7846","5646604,667",6.91201672,50.95237594,trocken,"5,21E+18",PKW
157776,5,3,15,0,2021,Juni,8,Dienstag,Unfall mit Leichtverletzten,Zusammenstoß zwischen Fahrzeug und Fußgänger,Überschreiten-Unfall,Tageslicht,1,0,1,0,0,0,"354195,4481","5642625,803",6.925725452,50.91683517,trocken,"5,21E+18","Rad, Fuss"
157777,5,3,15,0,2021,November,3,Samstag,Unfall mit Leichtverletzten,Zusammenstoß mit einbiegendem / kreuzendem Fahrzeug,Abbiegeunfall,Dunkelheit,0,1,0,0,0,1,"355028,4867","5645987,538",6.936231241,50.94725617,trocken,"5,21E+18","PKW, Sonstige"
157778,5,3,15,0,2021,Mai,12,Sonntag,Unfall mit Leichtverletzten,Zusammenstoß mit vorausfahrendem / wartendem Fahrzeug,Unfall im Längsverkehr,Tageslicht,0,1,0,1,0,0,"351875,0481","5644662,527",6.891910784,50.93454732,trocken,"5,21E+18","Krad, PKW"
157779,5,3,15,0,2021,Oktober,18,Sonntag,Unfall mit Leichtverletzten,Unfall anderer Art,Fahrunfall,Tageslicht,0,0,0,1,0,0,"353232,015","5653116,37",6.907797042,51.01086513,trocken,"5,21E+18",Krad