OBJECTID,ULAND,UREGBEZ,UKREIS,UGEMEINDE,UJAHR,UMONAT,USTUNDE,UWOCHENTAG,UKATEGORIE,UART,UTYP1,ULICHTVERH,IstRad,IstPKW,IstFuss,IstKrad,IstGkfz,IstSonstige,LINREFX,LINREFY,XGCSWGS84,YGCSWGS84,USTRZUSTAND,UIDENTSTLAE,Participants
157781,5,3,15,0,2021,Februar,12,Sonntag,Unfall mit Leichtverletzten,Unfall anderer Art,Fahrunfall,Tageslicht,0,0,0,1,0,0,"355815,1019","5648680,715",6.946354479,50.97165646,trocken,"5,21E+18",Krad
157786,5,3,15,0,2021,September,8,Freitag,Unfall mit Leichtverletzten,Zusammenstoß zwischen Fahrzeug und Fußgänger,Überschreiten-Unfall,Tageslicht,1,0,1,0,0,0,"354069,013","5642679,113",6.923906671,50.91728229,trocken,"5,21E+18","Rad, Fuss"
157787,5,3,15,0,2021,Mai,18,Sonntag,Unfall mit Schwerverletzten,Unfall anderer Art,Fahrunfall,Dämmerung,1,0,0,0,0,0,"354795,327","5643781,421",6.933793508,50.92737169,nass/feucht,"5,21E+18",Rad
157789,5,3,15,0,2021,Dezember,16,Mittwoch,Unfall mit Leichtverletzten,Unfall anderer Art,Unfall durch ruhenden Verkehr,Tageslicht,1,1,0,0,0,0,"355914,8882","5645304,363",6.94911136,50.94133884,nass/feucht,"5,21E+18","Rad, PKW"
157790,5,3,15,0,2021,September,9,Freitag,Unfall mit Leichtverletzten,Zusammenstoß mit einbiegendem / kreuzendem Fahrzeug,Einbiegen / Kreuzen-Unfall,Tageslicht,0,1,0,1,0,0,"353281,8109","5642546,725",6.912768673,50.91589296,trocken,"5,21E+18","Krad, PKW"
157793,5,3,15,0,2021,September,17,Mittwoch,Unfall mit Leichtverletzten,Zusammenstoß zwischen Fahrzeug und Fußgänger,Unfall im Längsverkehr,Tageslicht,1,0,1,0,0,0,"355607,2206","5644616,844",6.945007531,50.93508327,trocken,"5,21E+18","Rad, Fuss"
157796,5,3,15,0,2021,November,8,Mittwoch,Unfall mit Leichtverletzten,Unfall anderer Art,Sonstiger Unfall,Tageslicht,1,1,0,0,0,0,"353616,778","5643325,532",6.917218031,50.92297691,trocken,"5,21E+18","Rad, PKW"
157797,5,3,15,0,2021,Februar,17,Freitag,Unfall mit Leichtverletzten,Zusammenstoß mit anfahrendem/ anhaltendem/ruhendem Fahrzeug,Unfall durch ruhenden Verkehr,Dämmerung,1,1,0,0,0,0,"355161,6233","5645644,958",6.938261461,50.94421095,trocken,"5,21E+18","Rad, PKW"
157798,5,3,15,0,2021,Februar,18,Donnerstag,Unfall mit Leichtverletzten,Zusammenstoß mit seitlich in gleicher Richtung fahrendem Fahrzeug,Unfall im Längsverkehr,Dunkelheit,1,1,0,0,0,0,"352303,7443","5645481,493",6.89767554,50.94201693,nass/feucht,"5,21E+18","Rad, PKW"
157799,5,3,15,0,2021,Juni,11,Mittwoch,Unfall mit Leichtverletzten,Unfall anderer Art,Unfall durch ruhenden Verkehr,Tageslicht,1,1,0,0,0,0,"355286,9323","5641948,798",6.941511112,50.91102577,trocken,"5,21E+18","Rad, PKW"
157802,5,3,15,0,2021,Oktober,21,Mittwoch,Unfall mit Leichtverletzten,Zusammenstoß mit seitlich in gleicher Richtung fahrendem Fahrzeug,Fahrunfall,Dunkelheit,0,1,0,1,0,0,"355800,9679","5642601,634",6.948560043,50.91702138,nass/feucht,"5,21E+18","Krad, PKW"
157803,5,3,15,0,2021,Dezember,13,Dienstag,Unfall mit Leichtverletzten,Zusammenstoß mit einbiegendem / kreuzendem Fahrzeug,Einbiegen / Kreuzen-Unfall,Tageslicht,0,1,0,0,0,0,"353494,7427","5651798,999",6.912071337,50.99909355,nass/feucht,"5,21E+18",PKW
157804,5,3,15,0,2021,April,13,Sonntag,Unfall mit Leichtverletzten,Unfall anderer Art,Fahrunfall,Tageslicht,1,0,0,0,0,0,"353819,1578","5642290,445",6.92051033,50.91372621,trocken,"5,21E+18",Rad
157806,5,3,15,0,2021,September,12,Dienstag,Unfall mit Leichtverletzten,Zusammenstoß zwischen Fahrzeug und Fußgänger,Überschreiten-Unfall,Tageslicht,1,0,1,0,0,0,"354154,8605","5642666,943",6.925131993,50.91719462,trocken,"5,21E+18","Rad, Fuss"
157808,5,3,15,0,2021,Juni,15,Sonntag,Unfall mit Leichtverletzten,Zusammenstoß mit einbiegendem / kreuzendem Fahrzeug,Einbiegen / Kreuzen-Unfall,Tageslicht,0,1,0,1,0,0,"351595,996","5650141,56",6.885707955,50.98371259,trocken,"5,21E+18","Krad, PKW"
157810,5,3,15,0,2021,April,9,Mittwoch,Unfall mit Leichtverletzten,Unfall anderer Art,Sonstiger Unfall,Tageslicht,0,0,0,0,0,1,"353313,4379","5650545,149",6.909995681,50.9877796,trocken,"5,21E+18",Sonstige
157811,5,3,15,0,2021,Juni,11,Mittwoch,Unfall mit Leichtverletzten,Unfall anderer Art,Überschreiten-Unfall,Tageslicht,1,0,1,0,0,0,"355461,022","5644098,338",6.943133897,50.93038694,trocken,"5,21E+18","Rad, Fuss"
157812,5,3,15,0,2021,September,15,Sonntag,Unfall mit Leichtverletzten,Unfall anderer Art,Fahrunfall,Tageslicht,1,0,0,0,0,0,"355740,6286","5647242,248",6.945864888,50.95871064,trocken,"5,21E+18",Rad
157813,5,3,15,0,2021,Dezember,8,Samstag,Unfall mit Leichtverletzten,Unfall anderer Art,Fahrunfall,Tageslicht,1,0,0,0,0,0,"353888,5379","5650620,984",6.918153467,50.98860736,winterglatt,"5,21E+18",Rad
157814,5,3,15,0,2021,Februar,15,Donnerstag,Unfall mit Leichtverletzten,Zusammenstoß zwischen Fahrzeug und Fußgänger,Einbiegen / Kreuzen-Unfall,Tageslicht,0,0,1,0,0,1,"355265,9937","5641766,352",6.941285833,50.90938092,trocken,"5,21E+18","Fuss, Sonstige"
157815,5,3,15,0,2021,Juni,10,Freitag,Unfall mit Schwerverletzten,Unfall anderer Art,Sonstiger Unfall,Tageslicht,1,0,0,0,0,0,"352397,2102","5643490,553",6.899811291,50.92414918,nass/feucht,"5,21E+18",Rad
157817,5,3,15,0,2021,September,2,Montag,Unfall mit Schwerverletzten,Zusammenstoß mit seitlich in gleicher Richtung fahrendem Fahrzeug,Unfall im Längsverkehr,Dunkelheit,1,0,0,0,0,1,"354969,978","5647022,798",6.934986505,50.95654506,trocken,"5,21E+18","Rad, Sonstige"
157820,5,3,15,0,2021,Oktober,15,Donnerstag,Unfall mit Leichtverletzten,Zusammenstoß mit einbiegendem / kreuzendem Fahrzeug,Einbiegen / Kreuzen-Unfall,Tageslicht,1,0,1,0,0,0,"352919,1768","5643191,551",6.90735346,50.92159546,trocken,"5,21E+18","Rad, Fuss"
157822,5,3,15,0,2021,Oktober,13,Samstag,Unfall mit Leichtverletzten,Zusammenstoß mit seitlich in gleicher Richtung fahrendem Fahrzeug,Unfall im Längsverkehr,Tageslicht,0,1,0,1,0,0,"355775,2743","5649397,996",6.945503079,50.97809251,trocken,"5,21E+18","Krad, PKW"
157823,5,3,15,0,2021,Juli,7,Mittwoch,Unfall mit Leichtverletzten,Zusammenstoß zwischen Fahrzeug und Fußgänger,Sonstiger Unfall,Tageslicht,0,1,1,0,0,0,"354535,651","5645320,241",6.92948678,50.94113522,nass/feucht,"5,21E+18","Fuss, PKW"
157824,5,3,15,0,2021,April,20,Freitag,Unfall mit Leichtverletzten,Zusammenstoß mit vorausfahrendem / wartendem Fahrzeug,Unfall im Längsverkehr,Tageslicht,0,1,0,0,0,1,"353637,4255","5646614,622",6.916190402,50.95254004,trocken,"5,21E+18","PKW, Sonstige"
157826,5,3,15,0,2021,Juni,17,Donnerstag,Unfall mit Schwerverletzten,Zusammenstoß mit einbiegendem / kreuzendem Fahrzeug,Einbiegen / Kreuzen-Unfall,Tageslicht,1,1,0,0,0,0,"352600,9076","5654533,895",6.898230916,51.02344222,trocken,"5,21E+18","Rad, PKW"
157827,5,3,15,0,2021,November,0,Samstag,Unfall mit Leichtverletzten,Unfall anderer Art,Fahrunfall,Dunkelheit,1,0,0,0,0,0,"354043,5215","5645275,624",6.922504688,50.9406099,trocken,"5,21E+18",Rad
157828,5,3,15,0,2021,September,22,Samstag,Unfall mit Schwerverletzten,Aufprall auf Fahrbahnhindernis,Fahrunfall,Dunkelheit,0,0,0,0,0,1,"355429,0484","5644984,972",6.942327483,50.93834693,trocken,"5,21E+18",Sonstige
157829,5,3,15,0,2021,Juni,2,Montag,Unfall mit Schwerverletzten,Unfall anderer Art,Fahrunfall,Dunkelheit,0,0,0,0,0,1,"354802,6294","5643784,879",6.933895969,50.9274046,nass/feucht,"5,21E+18",Sonstige
157830,5,3,15,0,2021,September,19,Montag,Unfall mit Getöteten,Unfall anderer Art,Fahrunfall,Dämmerung,0,0,0,1,0,0,"351610,5349","5645951,588",6.887623959,50.94606344,trocken,"5,21E+18",Krad
157831,5,3,15,0,2021,Juni,16,Montag,Unfall mit Leichtverletzten,Abkommen von Fahrbahn nach links,Fahrunfall,Tageslicht,0,0,0,0,0,1,"355862,1145","5644408,377",6.948715133,50.93327357,trocken,"5,21E+18",Sonstige
157833,5,3,15,0,2021,Dezember,1,Dienstag,Unfall mit Leichtverletzten,Abkommen von Fahrbahn nach rechts,Fahrunfall,Dunkelheit,0,1,0,0,0,0,"353042,709","5650877,715",6.906006537,50.99069916,nass/feucht,"5,21E+18",PKW
157834,5,3,15,0,2021,Juni,17,Montag,Unfall mit Leichtverletzten,Zusammenstoß mit anfahrendem/ anhaltendem/ruhendem Fahrzeug,Sonstiger Unfall,Tageslicht,0,1,0,1,0,0,"354082,2465","5646646,508",6.922506217,50.95293938,trocken,"5,21E+18","Krad, PKW"
157836,5,3,15,0,2021,April,9,Dienstag,Unfall mit Leichtverletzten,Zusammenstoß mit einbiegendem / kreuzendem Fahrzeug,Einbiegen / Kreuzen-Unfall,Tageslicht,1,1,0,0,0,0,"351922,8461","5645345,345",6.892313052,50.94069575,nass/feucht,"5,21E+18","Rad, PKW"
157837,5,3,15,0,2021,September,14,Montag,Unfall mit Schwerverletzten,Zusammenstoß mit einbiegendem / kreuzendem Fahrzeug,Einbiegen / Kreuzen-Unfall,Tageslicht,0,1,0,1,0,0,"353231,5863","5653231,288",6.907744452,51.01189773,trocken,"5,21E+18","Krad, PKW"
157840,5,3,15,0,2021,Mai,18,Samstag,Unfall mit Leichtverletzten,Zusammenstoß mit einbiegendem / kreuzendem Fahrzeug,Einbiegen / Kreuzen-Unfall,Tageslicht,1,1,0,0,0,0,"354443,0805","5646716,417",6.927612016,50.95365887,trocken,"5,21E+18","Rad, PKW"
157844,5,3,15,0,2021,Juni,11,Mittwoch,Unfall mit Leichtverletzten,Zusammenstoß zwischen Fahrzeug und Fußgänger,Überschreiten-Unfall,Tageslicht,0,1,0,0,0,1,"354197,8098","5647678,5",6.923736963,50.96224278,trocken,"5,21E+18","PKW, Sonstige"
157845,5,3,15,0,2021,Oktober,19,Donnerstag,Unfall mit Leichtverletzten,Unfall anderer Art,Fahrunfall,Dunkelheit,1,0,0,0,0,0,"354854,8445","5643810,014",6.934628448,50.92764363,nass/feucht,"5,21E+18",Rad
157846,5,3,15,0,2021,Oktober,14,Montag,Unfall mit Schwerverletzten,Abkommen von Fahrbahn nach rechts,Fahrunfall,Tageslicht,0,0,0,1,0,0,"351989,5735","5651580,014",6.89072506,50.99674046,trocken,"5,21E+18",Krad
157847,5,3,15,0,2021,Mai,17,Freitag,Unfall mit Leichtverletzten,Zusammenstoß mit einbiegendem / kreuzendem Fahrzeug,Einbiegen / Kreuzen-Unfall,Tageslicht,0,1,0,0,0,0,"355971,0311","5647366,882",6.949094054,50.95988834,trocken,"5,21E+18",PKW
157849,5,3,15,0,2021,September,7,Freitag,Unfall mit Leichtverletzten,Abkommen von Fahrbahn nach links,Unfall im Längsverkehr,Tageslicht,1,1,0,0,0,0,"354174,8892","5650157,339",6.922416704,50.98451338,trocken,"5,21E+18","Rad, PKW"
157852,5,3,15,0,2021,November,16,Montag,Unfall mit Leichtverletzten,Zusammenstoß mit vorausfahrendem / wartendem Fahrzeug,Unfall im Längsverkehr,Dämmerung,0,1,0,0,0,0,"354322,2499","5642980,295",6.92738655,50.92005291,trocken,"5,21E+18",PKW
157853,5,3,15,0,2021,Mai,16,Montag,Unfall mit Leichtverletzten,Unfall anderer Art,Fahrunfall,Tageslicht,1,0,0,0,0,0,"353809,2123","5657767,176",6.914143194,51.05280656,trocken,"5,21E+18",Rad
157854,5,3,15,0,2021,Mai,20,Samstag,Unfall mit Leichtverletzten,Unfall anderer Art,Fahrunfall,Dämmerung,1,0,0,0,0,0,"355092,6962","5644012,333",6.93793024,50.92952162,trocken,"5,21E+18",Rad
157856,5,3,15,0,2021,September,7,Donnerstag,Unfall mit Leichtverletzten,Zusammenstoß mit vorausfahrendem / wartendem Fahrzeug,Sonstiger Unfall,Tageslicht,1,1,0,0,0,0,"355457,562","5647231,108",6.941841454,50.95853959,trocken,"5,21E+18","Rad, PKW"
157857,5,3,15,0,2021,Juni,1,Montag,Unfall mit Schwerverletzten,Unfall anderer Art,Fahrunfall,Dunkelheit,0,0,0,0,0,1,"354708,5136","5643728,029",6.932580325,50.92687001,trocken,"5,21E+18",Sonstige
157858,5,3,15,0,2021,September,20,Freitag,Unfall mit Leichtverletzten,Zusammenstoß mit einbiegendem / kreuzendem Fahrzeug,Einbiegen / Kreuzen-Unfall,Dunkelheit,0,1,0,0,0,0,"351646,3224","5646066,552",6.888086205,50.94710577,trocken,"5,21E+18",PKW
157859,5,3,15,0,2021,Juni,17,Dienstag,Unfall mit Leichtverletzten,Zusammenstoß mit einbiegendem / kreuzendem Fahrzeug,Einbiegen / Kreuzen-Unfall,Tageslicht,1,0,0,0,0,0,"355774,736","5641793,058",6.948506724,50.90974826,trocken,"5,21E+18",Rad
157860,5,3,15,0,2021,Januar,7,Dienstag,Unfall mit Leichtverletzten,Unfall anderer Art,Fahrunfall,Dunkelheit,1,0,0,0,0,0,"353813,8912","5642282,06",6.920438822,50.91364952,nass/feucht,"5,21E+18",Rad
157861,5,3,15,0,2021,September,18,Dienstag,Unfall mit Leichtverletzten,Zusammenstoß mit anfahrendem/ anhaltendem/ruhendem Fahrzeug,Unfall durch ruhenden Verkehr,Tageslicht,1,1,0,0,0,0,"352475,7469","5642773,012",6.901218199,50.91772102,trocken,"5,21E+18","Rad, PKW"
157862,5,3,15,0,2021,Oktober,13,Samstag,Unfall mit Leichtverletzten,Unfall anderer Art,Unfall durch ruhenden Verkehr,Tageslicht,1,1,0,0,0,0,"354125,1723","5642696,675",6.924698041,50.91745431,trocken,"5,21E+18","Rad, PKW"
157865,5,3,15,0,2021,September,6,Donnerstag,Unfall mit Schwerverletzten,Zusammenstoß mit anfahrendem/ anhaltendem/ruhendem Fahrzeug,Einbiegen / Kreuzen-Unfall,Dämmerung,0,0,0,1,1,0,"352040,8497","5645981,45",6.893733078,50.94644239,trocken,"5,21E+18","Krad, Gkfz"
157866,5,3,15,0,2021,November,16,Dienstag,Unfall mit Leichtverletzten,Zusammenstoß mit vorausfahrendem / wartendem Fahrzeug,Unfall durch ruhenden Verkehr,Tageslicht,0,1,0,0,0,1,"353040,0914","5643277,723",6.909037866,50.92240067,trocken,"5,21E+18","PKW, Sonstige"
157869,5,3,15,0,2021,Juni,14,Montag,Unfall mit Leichtverletzten,Aufprall auf Fahrbahnhindernis,Fahrunfall,Tageslicht,1,0,0,0,0,0,"355751,7209","5644602,368",6.947068372,50.93498934,trocken,"5,21E+18",Rad
157870,5,3,15,0,2021,Juni,15,Samstag,Unfall mit Schwerverletzten,Zusammenstoß zwischen Fahrzeug und Fußgänger,Überschreiten-Unfall,Tageslicht,0,1,1,0,0,0,"353748,5693","5646857,504",6.917674095,50.95475094,trocken,"5,21E+18","Fuss, PKW"
157871,5,3,15,0,2021,September,17,Freitag,Unfall mit Schwerverletzten,Unfall anderer Art,Einbiegen / Kreuzen-Unfall,Tageslicht,0,1,1,0,0,0,"355262,1189","5641783,85",6.941223816,50.9095372,trocken,"5,21E+18","Fuss, PKW"
157872,5,3,15,0,2021,Dezember,15,Donnerstag,Unfall mit Leichtverletzten,Zusammenstoß mit einbiegendem / kreuzendem Fahrzeug,Einbiegen / Kreuzen-Unfall,Dämmerung,0,1,0,0,0,0,"352493,5307","5646963,333",6.899774769,50.95538213,trocken,"5,21E+18",PKW
157873,5,3,15,0,2021,November,18,Donnerstag,Unfall mit Leichtverletzten,Unfall anderer Art,Fahrunfall,Dunkelheit,1,0,0,0,0,0,"354075,1399","5643312,823",6.923740235,50.92297881,nass/feucht,"5,21E+18",Rad
157874,5,3,15,0,2021,Juni,19,Dienstag,Unfall mit Leichtverletzten,Unfall anderer Art,Fahrunfall,Tageslicht,1,0,0,0,0,0,"354976,3389","5643911,677",6.936315635,50.9285878,trocken,"5,21E+18",Rad
157877,5,3,15,0,2021,November,9,Freitag,Unfall mit Leichtverletzten,Zusammenstoß zwischen Fahrzeug und Fußgänger,Abbiegeunfall,Tageslicht,0,1,1,0,0,0,"353461,6513","5648136,578",6.913076777,50.96617258,nass/feucht,"5,21E+18","Fuss, PKW"
157878,5,3,15,0,2021,Juli,12,Samstag,Unfall mit Leichtverletzten,Unfall anderer Art,Abbiegeunfall,Tageslicht,1,1,0,0,0,0,"353028,4526","5646382,116",6.907620291,50.95029564,trocken,"5,21E+18","Rad, PKW"
157879,5,3,15,0,2021,Oktober,19,Montag,Unfall mit Leichtverletzten,Unfall anderer Art,Unfall im Längsverkehr,Dunkelheit,0,1,0,0,0,1,"351278,8717","5647417,194",6.882307349,50.95914854,trocken,"5,21E+18","PKW, Sonstige"
157880,5,3,15,0,2021,Juni,16,Dienstag,Unfall mit Leichtverletzten,Unfall anderer Art,Fahrunfall,Tageslicht,1,0,0,0,0,0,"355557,2266","5641577,842",6.945500121,50.90775975,trocken,"5,21E+18",Rad
157882,5,3,15,0,2021,September,6,Montag,Unfall mit Schwerverletzten,Zusammenstoß mit einbiegendem / kreuzendem Fahrzeug,Einbiegen / Kreuzen-Unfall,Dunkelheit,1,1,0,0,0,0,"353557,686","5643062,995",6.916483268,50.92060258,trocken,"5,21E+18","Rad, PKW"
157884,5,3,15,0,2021,September,16,Freitag,Unfall mit Leichtverletzten,Zusammenstoß mit seitlich in gleicher Richtung fahrendem Fahrzeug,Abbiegeunfall,Tageslicht,1,1,0,0,0,0,"352348,6293","5645784,345",6.898191215,50.94475001,trocken,"5,21E+18","Rad, PKW"
157885,5,3,15,0,2021,September,12,Donnerstag,Unfall mit Leichtverletzten,Unfall anderer Art,Fahrunfall,Tageslicht,1,0,0,0,0,0,"354047,9307","5645756,549",6.922374706,50.94493293,nass/feucht,"5,21E+18",Rad
157887,5,3,15,0,2021,Juni,20,Mittwoch,Unfall mit Leichtverletzten,Zusammenstoß mit einbiegendem / kreuzendem Fahrzeug,Einbiegen / Kreuzen-Unfall,Tageslicht,1,1,0,0,0,0,"355005,8155","5649278,796",6.934597194,50.97682806,nass/feucht,"5,21E+18","Rad, PKW"
157891,5,3,15,0,2021,Juni,7,Freitag,Unfall mit Leichtverletzten,Unfall anderer Art,Einbiegen / Kreuzen-Unfall,Tageslicht,1,1,0,0,0,0,"354054,3165","5647605,82",6.921724167,50.9615533,trocken,"5,21E+18","Rad, PKW"
157895,5,3,15,0,2021,April,17,Donnerstag,Unfall mit Leichtverletzten,Zusammenstoß mit einbiegendem / kreuzendem Fahrzeug,Abbiegeunfall,Tageslicht,1,1,0,0,0,0,"353549,9878","5647805,658",6.91446714,50.9632212,trocken,"5,21E+18","Rad, PKW"
157896,5,3,15,0,2021,Oktober,17,Samstag,Unfall mit Leichtverletzten,Zusammenstoß mit entgegenkommendem Fahrzeug,Unfall im Längsverkehr,Tageslicht,1,0,0,0,0,0,"355115,8724","5645932,796",6.937496153,50.94678619,trocken,"5,21E+18",Rad
157899,5,3,15,0,2021,Mai,19,Donnerstag,Unfall mit Leichtverletzten,Zusammenstoß mit einbiegendem / kreuzendem Fahrzeug,Einbiegen / Kreuzen-Unfall,Tageslicht,1,1,0,0,0,0,"355416,1806","5644614,323",6.942291531,50.93501275,nass/feucht,"5,21E+18","Rad, PKW"
157902,5,3,15,0,2021,Dezember,19,Freitag,Unfall mit Leichtverletzten,Zusammenstoß mit vorausfahrendem / wartendem Fahrzeug,Unfall im Längsverkehr,Dunkelheit,0,1,0,0,0,0,"353743,5437","5638697,937",6.920874175,50.88142216,nass/feucht,"5,21E+18",PKW
157905,5,3,15,0,2021,März,22,Freitag,Unfall mit Leichtverletzten,Zusammenstoß mit seitlich in gleicher Richtung fahrendem Fahrzeug,Unfall im Längsverkehr,Dunkelheit,0,1,0,0,0,0,"355019,6197","5646015,946",6.936093791,50.94750924,nass/feucht,"5,21E+18",PKW
157910,5,3,15,0,2021,Mai,23,Samstag,Unfall mit Schwerverletzten,Unfall anderer Art,Fahrunfall,Dunkelheit,1,0,0,0,0,0,"354409,8739","5648556,021",6.926403493,50.97018239,trocken,"5,21E+18",Rad
157911,5,3,15,0,2021,Juni,13,Montag,Unfall mit Leichtverletzten,Unfall anderer Art,Fahrunfall,Tageslicht,1,0,0,0,0,0,"353601,9529","5647710,962",6.915244731,50.96238341,trocken,"5,21E+18",Rad
157912,5,3,15,0,2021,November,11,Donnerstag,Unfall mit Leichtverletzten,Zusammenstoß mit anfahrendem/ anhaltendem/ruhendem Fahrzeug,Einbiegen / Kreuzen-Unfall,Tageslicht,1,1,0,0,0,0,"355142,6998","5643927,179",6.93867515,50.92876892,trocken,"5,21E+18","Rad, PKW"
157917,5,3,15,0,2021,November,7,Mittwoch,Unfall mit Leichtverletzten,Zusammenstoß mit seitlich in gleicher Richtung fahrendem Fahrzeug,Unfall im Längsverkehr,Dämmerung,1,1,0,0,0,0,"355914,5358","5647237,192",6.948341486,50.95870872,nass/feucht,"5,21E+18","Rad, PKW"
157918,5,3,15,0,2021,Juni,6,Sonntag,Unfall mit Leichtverletzten,Zusammenstoß mit einbiegendem / kreuzendem Fahrzeug,Einbiegen / Kreuzen-Unfall,Tageslicht,0,1,0,0,0,0,"353387,8238","5648041,833",6.912064294,50.96530236,trocken,"5,21E+18",PKW
157919,5,3,15,0,2021,Juni,16,Mittwoch,Unfall mit Leichtverletzten,Unfall anderer Art,Sonstiger Unfall,Tageslicht,0,0,0,0,0,1,"353052,9963","5653673,494",6.905021267,51.015826,trocken,"5,21E+18",Sonstige
157920,5,3,15,0,2021,November,11,Samstag,Unfall mit Leichtverletzten,Unfall anderer Art,Fahrunfall,Tageslicht,1,0,0,0,0,0,"353986,4493","5647213,911",6.920915664,50.95801417,nass/feucht,"5,21E+18",Rad
157921,5,3,15,0,2021,Juni,19,Donnerstag,Unfall mit Leichtverletzten,Zusammenstoß mit einbiegendem / kreuzendem Fahrzeug,Einbiegen / Kreuzen-Unfall,Tageslicht,1,1,0,0,0,0,"352495,595","5644619,692",6.900753288,50.93432143,trocken,"5,21E+18","Rad, PKW"
157923,5,3,15,0,2021,November,12,Sonntag,Unfall mit Leichtverletzten,Unfall anderer Art,Fahrunfall,Tageslicht,0,0,0,1,0,0,"354883,055","5637760,805",6.937433723,50.8732876,trocken,"5,21E+18",Krad
157924,5,3,15,0,2021,September,19,Samstag,Unfall mit Leichtverletzten,Zusammenstoß mit vorausfahrendem / wartendem Fahrzeug,Unfall im Längsverkehr,Tageslicht,1,1,0,0,0,0,"351533,4941","5648675,769",6.885416747,50.97052428,trocken,"5,21E+18","Rad, PKW"
157929,5,3,15,0,2021,Dezember,15,Dienstag,Unfall mit Leichtverletzten,Zusammenstoß mit anfahrendem/ anhaltendem/ruhendem Fahrzeug,Unfall im Längsverkehr,Tageslicht,0,1,0,0,0,0,"355920,112","5651338,657",6.946795343,50.99556899,nass/feucht,"5,21E+18",PKW
157931,5,3,15,0,2021,Juli,14,Freitag,Unfall mit Schwerverletzten,Zusammenstoß zwischen Fahrzeug und Fußgänger,Sonstiger Unfall,Tageslicht,0,1,1,0,0,0,"353668,4264","5643305,771",6.91796031,50.92281242,trocken,"5,21E+18","Fuss, PKW"
157933,5,3,15,0,2021,Januar,14,Donnerstag,Unfall mit Leichtverletzten,Zusammenstoß mit einbiegendem / kreuzendem Fahrzeug,Einbiegen / Kreuzen-Unfall,Tageslicht,0,1,0,0,0,1,"352440,2636","5645090,245",6.899775842,50.93853592,trocken,"5,21E+18","PKW, Sonstige"
157935,5,3,15,0,2021,November,17,Donnerstag,Unfall mit Leichtverletzten,Unfall anderer Art,Einbiegen / Kreuzen-Unfall,Dunkelheit,1,1,0,0,0,0,"355039,2913","5645981,206",6.936387466,50.94720199,trocken,"5,21E+18","Rad, PKW"
157936,5,3,15,0,2021,April,18,Mittwoch,Unfall mit Schwerverletzten,Unfall anderer Art,Fahrunfall,Tageslicht,1,0,0,0,0,0,"351859,9835","5646471,004",6.890961066,50.95079532,trocken,"5,21E+18",Rad
157937,5,3,15,0,2021,November,16,Freitag,Unfall mit Leichtverletzten,Zusammenstoß mit einbiegendem / kreuzendem Fahrzeug,Einbiegen / Kreuzen-Unfall,Tageslicht,1,1,0,0,0,0,"353280,582","5642548,013",6.912750686,50.91590422,trocken,"5,21E+18","Rad, PKW"
157938,5,3,15,0,2021,Mai,13,Samstag,Unfall mit Leichtverletzten,Zusammenstoß mit einbiegendem / kreuzendem Fahrzeug,Abbiegeunfall,Tageslicht,1,1,0,0,0,0,"353268,3861","5653254,554",6.908259267,51.0121162,trocken,"5,21E+18","Rad, PKW"
157940,5,3,15,0,2021,November,12,Dienstag,Unfall mit Schwerverletzten,Zusammenstoß zwischen Fahrzeug und Fußgänger,Abbiegeunfall,Tageslicht,0,1,1,0,0,0,"355621,119","5644917,568",6.945086044,50.9377893,nass/feucht,"5,21E+18","Fuss, PKW"
157943,5,3,15,0,2021,November,15,Mittwoch,Unfall mit Leichtverletzten,Unfall anderer Art,Unfall durch ruhenden Verkehr,Tageslicht,1,1,0,0,0,0,"355225,5913","5647459,166",6.938449949,50.96053086,trocken,"5,21E+18","Rad, PKW"
157949,5,3,15,0,2021,September,19,Samstag,Unfall mit Leichtverletzten,Zusammenstoß mit vorausfahrendem / wartendem Fahrzeug,Sonstiger Unfall,Dämmerung,0,1,0,1,0,1,"352931,5167","5647932,133",6.90561491,50.96420023,trocken,"5,21E+18","Krad, PKW, Sonstige"
157952,5,3,15,0,2021,November,11,Donnerstag,Unfall mit Leichtverletzten,Zusammenstoß mit anfahrendem/ anhaltendem/ruhendem Fahrzeug,Unfall durch ruhenden Verkehr,Tageslicht,0,1,0,0,1,0,"352768,2933","5647174,674",6.9035986,50.95735161,trocken,"5,21E+18","PKW, Gkfz"
157954,5,3,15,0,2021,Juni,7,Dienstag,Unfall mit Schwerverletzten,Unfall anderer Art,Sonstiger Unfall,Tageslicht,1,0,0,0,0,0,"353399,5478","5643832,513",6.913925571,50.92747782,trocken,"5,21E+18",Rad
157955,5,3,15,0,2021,Juli,10,Mittwoch,Unfall mit Leichtverletzten,Zusammenstoß mit anfahrendem/ anhaltendem/ruhendem Fahrzeug,Unfall durch ruhenden Verkehr,Tageslicht,1,1,0,0,0,0,"355032,3275","5645214,27",6.936593642,50.94030797,nass/feucht,"5,21E+18","Rad, PKW"
157957,5,3,15,0,2021,April,12,Freitag,Unfall mit Leichtverletzten,Zusammenstoß mit einbiegendem / kreuzendem Fahrzeug,Einbiegen / Kreuzen-Unfall,Tageslicht,1,1,0,0,0,0,"352696,2295","5647548,023",6.902422116,50.96068831,trocken,"5,21E+18","Rad, PKW"