OBJECTID,ULAND,UREGBEZ,UKREIS,UGEMEINDE,UJAHR,UMONAT,USTUNDE,UWOCHENTAG,UKATEGORIE,UART,UTYP1,ULICHTVERH,IstRad,IstPKW,IstFuss,IstKrad,IstGkfz,IstSonstige,LINREFX,LINREFY,XGCSWGS84,YGCSWGS84,USTRZUSTAND,UIDENTSTLAE,Participants
157958,5,3,15,0,2021,Dezember,19,Sonntag,Unfall mit Leichtverletzten,Unfall anderer Art,Sonstiger Unfall,Dunkelheit,1,0,0,0,0,1,"355277,2709","5642472,294",6.941166138,50.91572792,trocken,"5,21E+18","Rad, Sonstige"
157959,5,3,15,0,2021,Juni,7,Freitag,Unfall mit Leichtverletzten,Unfall anderer Art,Unfall im Längsverkehr,Tageslicht,1,1,0,0,0,0,"355664,1249","5648176,865",6.944405524,50.96709066,trocken,"5,21E+18","Rad, PKW"
157962,5,3,15,0,2021,Juni,13,Mittwoch,Unfall mit Leichtverletzten,Zusammenstoß mit vorausfahrendem / wartendem Fahrzeug,Unfall im Längsverkehr,Tageslicht,0,1,0,0,0,0,"355375,132","5648235,942",6.940269114,50.9675491,trocken,"5,21E+18",PKW
157965,5,3,15,0,2021,Februar,17,Freitag,Unfall mit Leichtverletzten,Zusammenstoß mit anfahrendem/ anhaltendem/ruhendem Fahrzeug,Unfall durch ruhenden Verkehr,Tageslicht,1,1,0,0,0,0,"354293,1614","5645941,468",6.925789132,50.94665677,trocken,"5,21E+18","Rad, PKW"
157967,5,3,15,0,2021,September,6,Freitag,Unfall mit Schwerverletzten,Abkommen von Fahrbahn nach rechts,Fahrunfall,Dämmerung,0,0,0,0,0,1,"352188,9208","5653602,583",6.892740189,51.01496732,trocken,"5,21E+18",Sonstige
157968,5,3,15,0,2021,Mai,15,Montag,Unfall mit Leichtverletzten,Zusammenstoß mit anfahrendem/ anhaltendem/ruhendem Fahrzeug,Unfall durch ruhenden Verkehr,Tageslicht,1,1,0,0,0,1,"356039,7698","5646185,603",6.950539364,50.94928958,trocken,"5,21E+18","Rad, PKW, Sonstige"
157972,5,3,15,0,2021,Juni,15,Samstag,Unfall mit Leichtverletzten,Zusammenstoß mit entgegenkommendem Fahrzeug,Sonstiger Unfall,Tageslicht,1,0,0,0,0,1,"355691,6476","5645363,457",6.945912555,50.94181408,trocken,"5,21E+18","Rad, Sonstige"
157975,5,3,15,0,2021,Juni,10,Donnerstag,Unfall mit Schwerverletzten,Zusammenstoß zwischen Fahrzeug und Fußgänger,Überschreiten-Unfall,Tageslicht,0,0,1,1,0,0,"355200,021","5643716,626",6.939573896,50.92689111,trocken,"5,21E+18","Fuss, Krad"
157977,5,3,15,0,2021,Dezember,14,Mittwoch,Unfall mit Schwerverletzten,Zusammenstoß zwischen Fahrzeug und Fußgänger,Überschreiten-Unfall,Tageslicht,0,1,1,0,0,0,"354376,5721","5655229,839",6.923252713,51.03014887,trocken,"5,21E+18","Fuss, PKW"
157978,5,3,15,0,2021,Juni,13,Dienstag,Unfall mit Leichtverletzten,Unfall anderer Art,Fahrunfall,Tageslicht,1,0,0,0,0,0,"354880,9321","5646087,758",6.934092223,50.9481197,trocken,"5,21E+18",Rad
157980,5,3,15,0,2021,Juni,13,Sonntag,Unfall mit Leichtverletzten,Zusammenstoß mit anfahrendem/ anhaltendem/ruhendem Fahrzeug,Unfall durch ruhenden Verkehr,Tageslicht,1,1,0,0,0,0,"355882,4357","5644606,65",6.948925727,50.9350605,trocken,"5,21E+18","Rad, PKW"
157982,5,3,15,0,2021,November,16,Samstag,Unfall mit Leichtverletzten,Zusammenstoß mit einbiegendem / kreuzendem Fahrzeug,Einbiegen / Kreuzen-Unfall,Tageslicht,1,1,0,0,0,0,"351126,6549","5646106,072",6.880677637,50.94732695,nass/feucht,"5,21E+18","Rad, PKW"
157983,5,3,15,0,2021,Juli,16,Freitag,Unfall mit Leichtverletzten,Unfall anderer Art,Sonstiger Unfall,Tageslicht,1,0,0,0,0,1,"355523,4107","5642452,616",6.944673119,50.91561275,trocken,"5,21E+18","Rad, Sonstige"
157987,5,3,15,0,2021,September,20,Dienstag,Unfall mit Leichtverletzten,Unfall anderer Art,Fahrunfall,Dunkelheit,1,0,0,0,0,0,"355121,5427","5644036,689",6.938330769,50.92974775,trocken,"5,21E+18",Rad
157988,5,3,15,0,2021,November,7,Donnerstag,Unfall mit Leichtverletzten,Unfall anderer Art,Fahrunfall,Tageslicht,1,0,0,0,0,0,"355606,5581","5648315,823",6.943531075,50.96832502,nass/feucht,"5,21E+18",Rad
157993,5,3,15,0,2021,Mai,22,Sonntag,Unfall mit Leichtverletzten,Unfall anderer Art,Fahrunfall,Dunkelheit,1,0,0,0,0,0,"355308,1068","5645907,576",6.940240842,50.94660783,trocken,"5,21E+18",Rad
157995,5,3,15,0,2021,Oktober,0,Sonntag,Unfall mit Schwerverletzten,Unfall anderer Art,Fahrunfall,Dunkelheit,1,1,0,0,0,0,"353990,2599","5642556,442",6.922836172,50.91615995,nass/feucht,"5,21E+18","Rad, PKW"
157996,5,3,15,0,2021,Januar,23,Samstag,Unfall mit Schwerverletzten,Unfall anderer Art,Fahrunfall,Dunkelheit,1,0,0,0,0,0,"354866,5469","5646750,392",6.933623436,50.95407098,trocken,"5,21E+18",Rad
157997,5,3,15,0,2021,Januar,18,Freitag,Unfall mit Leichtverletzten,Zusammenstoß zwischen Fahrzeug und Fußgänger,Überschreiten-Unfall,Dunkelheit,0,1,1,0,0,0,"351919,4347","5648503,839",6.890979646,50.96907859,nass/feucht,"5,21E+18","Fuss, PKW"
158000,5,3,15,0,2021,März,15,Dienstag,Unfall mit Leichtverletzten,Zusammenstoß mit einbiegendem / kreuzendem Fahrzeug,Einbiegen / Kreuzen-Unfall,Tageslicht,0,1,0,0,0,0,"351480,2529","5650239,652",6.884020091,50.98456424,trocken,"5,21E+18",PKW
158001,5,3,15,0,2021,Januar,23,Donnerstag,Unfall mit Leichtverletzten,Unfall anderer Art,Fahrunfall,Dunkelheit,0,0,0,0,0,1,"355610,7643","5644489,461",6.9451084,50.93393939,trocken,"5,21E+18",Sonstige
158002,5,3,15,0,2021,Dezember,12,Samstag,Unfall mit Leichtverletzten,Zusammenstoß mit vorausfahrendem / wartendem Fahrzeug,Unfall im Längsverkehr,Tageslicht,0,1,0,0,0,0,"352692,016","5642961,519",6.904216663,50.9194703,nass/feucht,"5,21E+18",PKW
158004,5,3,15,0,2021,April,17,Dienstag,Unfall mit Leichtverletzten,Zusammenstoß mit anfahrendem/ anhaltendem/ruhendem Fahrzeug,Unfall im Längsverkehr,Tageslicht,0,1,0,0,0,0,"353654,9202","5646919,476",6.916316747,50.95528409,trocken,"5,21E+18",PKW
158008,5,3,15,0,2021,Februar,18,Sonntag,Unfall mit Leichtverletzten,Zusammenstoß zwischen Fahrzeug und Fußgänger,Abbiegeunfall,Dunkelheit,0,1,1,0,0,0,"354734,3433","5644266,132",6.932733183,50.93171231,trocken,"5,21E+18","Fuss, PKW"
158010,5,3,15,0,2021,Juni,17,Sonntag,Unfall mit Leichtverletzten,Unfall anderer Art,Fahrunfall,Tageslicht,1,0,0,0,0,0,"355924,6871","5644140,311",6.949710983,50.93088014,trocken,"5,21E+18",Rad
158011,5,3,15,0,2021,April,10,Samstag,Unfall mit Schwerverletzten,Zusammenstoß mit entgegenkommendem Fahrzeug,Abbiegeunfall,Tageslicht,0,1,0,1,0,0,"352926,469","5647390,655",6.90576194,50.95933293,trocken,"5,21E+18","Krad, PKW"
158012,5,3,15,0,2021,November,10,Dienstag,Unfall mit Leichtverletzten,Zusammenstoß mit einbiegendem / kreuzendem Fahrzeug,Abbiegeunfall,Tageslicht,0,1,0,0,0,1,"354049,1636","5645325,659",6.922564894,50.94106097,trocken,"5,21E+18","PKW, Sonstige"
158014,5,3,15,0,2021,Januar,8,Dienstag,Unfall mit Leichtverletzten,Zusammenstoß mit seitlich in gleicher Richtung fahrendem Fahrzeug,Unfall im Längsverkehr,Tageslicht,0,1,0,1,0,0,"353520,9129","5648211,929",6.913889809,50.9668648,nass/feucht,"5,21E+18","Krad, PKW"
158015,5,3,15,0,2021,Dezember,14,Mittwoch,Unfall mit Leichtverletzten,Zusammenstoß mit einbiegendem / kreuzendem Fahrzeug,Abbiegeunfall,Tageslicht,0,1,0,0,0,1,"354469,024","5651286,272",6.926152084,50.9947331,trocken,"5,21E+18","PKW, Sonstige"
158016,5,3,15,0,2021,November,17,Dienstag,Unfall mit Leichtverletzten,Zusammenstoß mit einbiegendem / kreuzendem Fahrzeug,Sonstiger Unfall,Dunkelheit,0,1,0,1,0,0,"353672,1064","5648388,419",6.915970538,50.96848927,trocken,"5,21E+18","Krad, PKW"
158020,5,3,15,0,2021,November,14,Mittwoch,Unfall mit Leichtverletzten,Unfall anderer Art,Unfall im Längsverkehr,Tageslicht,0,0,0,0,0,1,"355610,3058","5654657,381",6.941062898,51.02531564,nass/feucht,"5,21E+18",Sonstige
158021,5,3,15,0,2021,Mai,9,Donnerstag,Unfall mit Leichtverletzten,Unfall anderer Art,Fahrunfall,Tageslicht,0,0,0,1,0,0,"355479,215","5643414,676",6.943663621,50.92424755,trocken,"5,21E+18",Krad
158022,5,3,15,0,2021,Juni,23,Donnerstag,Unfall mit Leichtverletzten,Zusammenstoß mit einbiegendem / kreuzendem Fahrzeug,Einbiegen / Kreuzen-Unfall,Dunkelheit,0,1,0,0,0,1,"355772,8652","5643681,058",6.947733631,50.92671497,trocken,"5,21E+18","PKW, Sonstige"
158023,5,3,15,0,2021,April,15,Dienstag,Unfall mit Schwerverletzten,Unfall anderer Art,Unfall durch ruhenden Verkehr,Tageslicht,1,1,0,0,0,0,"353925,4159","5646431,049",6.920361373,50.9509634,trocken,"5,21E+18","Rad, PKW"
158024,5,3,15,0,2021,Mai,18,Mittwoch,Unfall mit Leichtverletzten,Unfall anderer Art,Unfall im Längsverkehr,Tageslicht,0,1,0,1,0,0,"355302,997","5645499,876",6.940330124,50.94294264,nass/feucht,"5,21E+18","Krad, PKW"
158025,5,3,15,0,2021,September,18,Dienstag,Unfall mit Leichtverletzten,Unfall anderer Art,Sonstiger Unfall,Dämmerung,1,0,1,0,0,0,"352661,547","5652250,801",6.900022151,51.0029409,trocken,"5,21E+18","Rad, Fuss"
158026,5,3,15,0,2021,Juli,9,Mittwoch,Unfall mit Leichtverletzten,Zusammenstoß mit einbiegendem / kreuzendem Fahrzeug,Einbiegen / Kreuzen-Unfall,Tageslicht,1,1,0,0,0,0,"354162,5428","5644167,135",6.924641229,50.93067836,nass/feucht,"5,21E+18","Rad, PKW"
158027,5,3,15,0,2021,Mai,20,Montag,Unfall mit Leichtverletzten,Abkommen von Fahrbahn nach links,Fahrunfall,Tageslicht,1,0,0,0,0,0,"354962,3313","5647018,407",6.934879452,50.95650367,trocken,"5,21E+18",Rad
158034,5,3,15,0,2021,Oktober,19,Freitag,Unfall mit Schwerverletzten,Zusammenstoß mit anfahrendem/ anhaltendem/ruhendem Fahrzeug,Unfall durch ruhenden Verkehr,Dunkelheit,1,1,0,0,0,0,"353610,9062","5643324,79",6.917134842,50.92296876,trocken,"5,21E+18","Rad, PKW"
158035,5,3,15,0,2021,Dezember,11,Mittwoch,Unfall mit Leichtverletzten,Unfall anderer Art,Unfall durch ruhenden Verkehr,Tageslicht,0,0,0,0,1,1,"355173,0548","5644226,388",6.938987926,50.93146547,nass/feucht,"5,21E+18","Gkfz, Sonstige"
158036,5,3,15,0,2021,März,10,Donnerstag,Unfall mit Leichtverletzten,Unfall anderer Art,Sonstiger Unfall,Tageslicht,0,1,0,0,0,1,"352337,7876","5646009,016",6.897945903,50.94676625,trocken,"5,21E+18","PKW, Sonstige"
158037,5,3,15,0,2021,Oktober,12,Samstag,Unfall mit Leichtverletzten,Zusammenstoß mit einbiegendem / kreuzendem Fahrzeug,Einbiegen / Kreuzen-Unfall,Tageslicht,0,0,0,0,1,1,"354386,0319","5655764,163",6.92317283,51.03495299,trocken,"5,21E+18","Gkfz, Sonstige"
158038,5,3,15,0,2021,Oktober,1,Samstag,Unfall mit Schwerverletzten,Unfall anderer Art,Fahrunfall,Dunkelheit,0,0,0,0,0,1,"354778,7787","5643773,381",6.9335614,50.92729527,trocken,"5,21E+18",Sonstige
158039,5,3,15,0,2021,September,11,Mittwoch,Unfall mit Leichtverletzten,Unfall anderer Art,Sonstiger Unfall,Tageslicht,1,1,0,0,0,0,"351765,7806","5644657,914",6.890358709,50.93447779,trocken,"5,21E+18","Rad, PKW"
158041,5,3,15,0,2021,April,4,Montag,Unfall mit Leichtverletzten,Zusammenstoß mit seitlich in gleicher Richtung fahrendem Fahrzeug,Unfall im Längsverkehr,Dunkelheit,1,1,0,0,0,0,"352877,5488","5643244,007",6.906740443,50.92205625,trocken,"5,21E+18","Rad, PKW"
158046,5,3,15,0,2021,Oktober,1,Montag,Unfall mit Leichtverletzten,Unfall anderer Art,Fahrunfall,Dunkelheit,0,0,0,0,0,1,"355171,6906","5647136,166",6.937811493,50.95761459,nass/feucht,"5,21E+18",Sonstige
158048,5,3,15,0,2021,November,19,Mittwoch,Unfall mit Leichtverletzten,Zusammenstoß mit anfahrendem/ anhaltendem/ruhendem Fahrzeug,Fahrunfall,Dunkelheit,1,1,0,0,0,0,"355337,691","5643971,992",6.941430183,50.92922057,trocken,"5,21E+18","Rad, PKW"
158049,5,3,15,0,2021,Februar,10,Donnerstag,Unfall mit Schwerverletzten,Zusammenstoß mit einbiegendem / kreuzendem Fahrzeug,Abbiegeunfall,Tageslicht,1,1,0,0,0,0,"354976,436","5651191,073",6.933415788,50.99400567,trocken,"5,21E+18","Rad, PKW"
158051,5,3,15,0,2021,Oktober,14,Donnerstag,Unfall mit Leichtverletzten,Unfall anderer Art,Fahrunfall,Tageslicht,0,0,0,1,0,0,"355874,6116","5646617,284",6.94801885,50.95312774,nass/feucht,"5,21E+18",Krad
158055,5,3,15,0,2021,Februar,17,Montag,Unfall mit Leichtverletzten,Zusammenstoß mit vorausfahrendem / wartendem Fahrzeug,Unfall im Längsverkehr,Dämmerung,0,1,0,0,0,0,"355009,3615","5642818,617",6.937219831,50.91877301,nass/feucht,"5,21E+18",PKW
158059,5,3,15,0,2021,Oktober,0,Montag,Unfall mit Leichtverletzten,Zusammenstoß zwischen Fahrzeug und Fußgänger,Überschreiten-Unfall,Dunkelheit,1,0,1,0,0,0,"355539,7741","5644475,2",6.944104443,50.93379345,trocken,"5,21E+18","Rad, Fuss"
158061,5,3,15,0,2021,Dezember,16,Dienstag,Unfall mit Leichtverletzten,Unfall anderer Art,Fahrunfall,Dunkelheit,1,0,0,0,0,0,"355350,9431","5643588,723",6.941770698,50.92577953,nass/feucht,"5,21E+18",Rad
158062,5,3,15,0,2021,Oktober,5,Montag,Unfall mit Schwerverletzten,Zusammenstoß mit anfahrendem/ anhaltendem/ruhendem Fahrzeug,Unfall durch ruhenden Verkehr,Dunkelheit,1,1,0,0,0,0,"354723,1986","5644432,572",6.932508353,50.93320526,trocken,"5,21E+18","Rad, PKW"
158066,5,3,15,0,2021,November,11,Donnerstag,Unfall mit Leichtverletzten,Unfall anderer Art,Fahrunfall,Tageslicht,1,0,0,0,0,0,"352519,4427","5644080,401",6.901310649,50.92948115,nass/feucht,"5,21E+18",Rad
158067,5,3,15,0,2021,September,13,Montag,Unfall mit Leichtverletzten,Unfall anderer Art,Fahrunfall,Tageslicht,1,0,0,0,0,0,"354192,0838","5641697,057",6.926048749,50.90848792,trocken,"5,21E+18",Rad
158068,5,3,15,0,2021,Februar,17,Freitag,Unfall mit Leichtverletzten,Unfall anderer Art,Unfall durch ruhenden Verkehr,Tageslicht,0,1,0,0,0,0,"353696,7235","5649960,661",6.915688227,50.9826246,trocken,"5,21E+18",PKW
158069,5,3,15,0,2021,Dezember,0,Donnerstag,Unfall mit Schwerverletzten,Zusammenstoß mit anfahrendem/ anhaltendem/ruhendem Fahrzeug,Fahrunfall,Dunkelheit,1,1,0,0,0,0,"355076,9162","5643998,683",6.937711269,50.92939498,trocken,"5,21E+18","Rad, PKW"
158071,5,3,15,0,2021,Dezember,1,Samstag,Unfall mit Leichtverletzten,Abkommen von Fahrbahn nach links,Fahrunfall,Dunkelheit,1,0,0,0,0,0,"353069,5907","5643402,241",6.909407118,50.92352718,trocken,"5,21E+18",Rad
158072,5,3,15,0,2021,September,16,Dienstag,Unfall mit Leichtverletzten,Zusammenstoß mit einbiegendem / kreuzendem Fahrzeug,Einbiegen / Kreuzen-Unfall,Tageslicht,1,1,0,0,0,0,"355497,8758","5645867,195",6.942956456,50.94629253,trocken,"5,21E+18","Rad, PKW"
158073,5,3,15,0,2021,Februar,10,Freitag,Unfall mit Schwerverletzten,Zusammenstoß mit anfahrendem/ anhaltendem/ruhendem Fahrzeug,Unfall durch ruhenden Verkehr,Tageslicht,0,1,0,0,0,1,"355719,6135","5645844,636",6.946119744,50.94614533,trocken,"5,21E+18","PKW, Sonstige"
158074,5,3,15,0,2021,Juli,10,Mittwoch,Unfall mit Leichtverletzten,Unfall anderer Art,Fahrunfall,Tageslicht,1,0,0,0,0,1,"353754,2122","5642187,04",6.919628545,50.91278049,nass/feucht,"5,21E+18","Rad, Sonstige"
158075,5,3,15,0,2021,Januar,7,Mittwoch,Unfall mit Leichtverletzten,Zusammenstoß zwischen Fahrzeug und Fußgänger,Überschreiten-Unfall,Dunkelheit,0,1,1,0,0,0,"355398,1342","5647219,528",6.941000439,50.95842062,nass/feucht,"5,21E+18","Fuss, PKW"
158076,5,3,15,0,2021,Juni,12,Samstag,Unfall mit Leichtverletzten,Zusammenstoß mit einbiegendem / kreuzendem Fahrzeug,Einbiegen / Kreuzen-Unfall,Tageslicht,1,1,0,0,0,0,"352448,2638","5646703,941",6.899235855,50.95303951,trocken,"5,21E+18","Rad, PKW"
158078,5,3,15,0,2021,April,11,Dienstag,Unfall mit Leichtverletzten,Unfall anderer Art,Unfall durch ruhenden Verkehr,Tageslicht,1,0,0,0,0,1,"354879,4083","5642926,627",6.935329297,50.919711,nass/feucht,"5,21E+18","Rad, Sonstige"
158080,5,3,15,0,2021,Dezember,18,Donnerstag,Unfall mit Schwerverletzten,Zusammenstoß mit seitlich in gleicher Richtung fahrendem Fahrzeug,Unfall im Längsverkehr,Dunkelheit,1,1,0,0,0,0,"355912,8362","5642469,177",6.950202759,50.91585894,trocken,"5,21E+18","Rad, PKW"
158081,5,3,15,0,2021,Dezember,15,Mittwoch,Unfall mit Leichtverletzten,Unfall anderer Art,Fahrunfall,Tageslicht,1,0,0,0,0,0,"353221,4869","5654745,435",6.906987809,51.02550199,trocken,"5,21E+18",Rad
158083,5,3,15,0,2021,Juli,0,Sonntag,Unfall mit Leichtverletzten,Zusammenstoß mit vorausfahrendem / wartendem Fahrzeug,Unfall im Längsverkehr,Dunkelheit,0,1,0,0,0,0,"355621,4749","5645205,42",6.944977037,50.94037626,trocken,"5,21E+18",PKW
158084,5,3,15,0,2021,Mai,20,Samstag,Unfall mit Leichtverletzten,Unfall anderer Art,Unfall durch ruhenden Verkehr,Tageslicht,0,0,1,1,0,0,"354562,3184","5648867,804",6.928448506,50.97302279,trocken,"5,21E+18","Fuss, Krad"
158086,5,3,15,0,2021,Februar,17,Samstag,Unfall mit Leichtverletzten,Zusammenstoß mit anfahrendem/ anhaltendem/ruhendem Fahrzeug,Unfall durch ruhenden Verkehr,Tageslicht,1,1,0,0,0,1,"355163,8014","5643930,463",6.938973913,50.92880373,trocken,"5,21E+18","Rad, PKW, Sonstige"
158088,5,3,15,0,2021,März,13,Sonntag,Unfall mit Leichtverletzten,Zusammenstoß mit seitlich in gleicher Richtung fahrendem Fahrzeug,Einbiegen / Kreuzen-Unfall,Tageslicht,1,1,0,0,0,0,"354125,5168","5646619,911",6.9231325,50.95271131,trocken,"5,21E+18","Rad, PKW"
158092,5,3,15,0,2021,November,12,Freitag,Unfall mit Leichtverletzten,Unfall anderer Art,Sonstiger Unfall,Tageslicht,0,0,1,0,0,1,"355912,4803","5645630,661",6.948948039,50.94427062,trocken,"5,21E+18","Fuss, Sonstige"
158093,5,3,15,0,2021,Juli,8,Dienstag,Unfall mit Leichtverletzten,Unfall anderer Art,Fahrunfall,Tageslicht,1,0,0,0,0,0,"352960,3866","5646783,328",6.906489911,50.9538838,trocken,"5,21E+18",Rad
158094,5,3,15,0,2021,April,8,Donnerstag,Unfall mit Leichtverletzten,Unfall anderer Art,Fahrunfall,Tageslicht,0,0,0,0,0,1,"353956,582","5643422,181",6.922010749,50.92393158,trocken,"5,21E+18",Sonstige
158095,5,3,15,0,2021,Mai,18,Freitag,Unfall mit Schwerverletzten,Unfall anderer Art,Fahrunfall,Tageslicht,0,0,0,0,0,1,"351287,0775","5648319,937",6.882055128,50.96726307,nass/feucht,"5,21E+18",Sonstige
158098,5,3,15,0,2021,Januar,8,Sonntag,Unfall mit Leichtverletzten,Zusammenstoß zwischen Fahrzeug und Fußgänger,Überschreiten-Unfall,Tageslicht,0,1,1,0,0,0,"353611,6186","5651483,593",6.913862972,50.99628888,nass/feucht,"5,21E+18","Fuss, PKW"
158099,5,3,15,0,2021,November,9,Donnerstag,Unfall mit Leichtverletzten,Unfall anderer Art,Fahrunfall,Tageslicht,0,0,0,1,0,0,"355200,1762","5647151,765",6.938210608,50.95776194,trocken,"5,21E+18",Krad
158100,5,3,15,0,2021,Juni,14,Donnerstag,Unfall mit Schwerverletzten,Unfall anderer Art,Einbiegen / Kreuzen-Unfall,Tageslicht,1,1,0,0,0,0,"352060,7827","5644675,498",6.894546952,50.93471156,trocken,"5,21E+18","Rad, PKW"
158101,5,3,15,0,2021,Juni,16,Dienstag,Unfall mit Leichtverletzten,Unfall anderer Art,Fahrunfall,Tageslicht,1,0,0,0,0,0,"355313,8512","5642609,867",6.94163161,50.91697344,trocken,"5,21E+18",Rad
158102,5,3,15,0,2021,Februar,15,Donnerstag,Unfall mit Schwerverletzten,Unfall anderer Art,Sonstiger Unfall,Tageslicht,1,0,0,0,0,0,"354681,7713","5642174,669",6.932818951,50.91290359,trocken,"5,21E+18",Rad
158104,5,3,15,0,2021,Mai,21,Freitag,Unfall mit Leichtverletzten,Unfall anderer Art,Fahrunfall,Dunkelheit,1,0,0,0,0,0,"353348,3152","5646319,934",6.912195865,50.94981831,trocken,"5,21E+18",Rad
158106,5,3,15,0,2021,Mai,23,Donnerstag,Unfall mit Leichtverletzten,Aufprall auf Fahrbahnhindernis,Fahrunfall,Dunkelheit,0,0,0,1,0,0,"352806,0996","5654592,044",6.901131047,51.02401735,trocken,"5,21E+18",Krad
158107,5,3,15,0,2021,Dezember,17,Dienstag,Unfall mit Leichtverletzten,Zusammenstoß zwischen Fahrzeug und Fußgänger,Sonstiger Unfall,Dunkelheit,0,0,1,0,0,1,"354223,4437","5646834,074",6.924439981,50.9546607,trocken,"5,21E+18","Fuss, Sonstige"
158108,5,3,15,0,2021,Januar,14,Samstag,Unfall mit Leichtverletzten,Zusammenstoß mit einbiegendem / kreuzendem Fahrzeug,Einbiegen / Kreuzen-Unfall,Tageslicht,0,1,0,0,0,0,"354980,939","5642843,25",6.93680595,50.91898724,trocken,"5,21E+18",PKW
158110,5,3,15,0,2021,März,17,Samstag,Unfall mit Leichtverletzten,Zusammenstoß zwischen Fahrzeug und Fußgänger,Überschreiten-Unfall,Tageslicht,0,1,1,0,0,0,"351813,9469","5642468,276",6.891933555,50.91481294,trocken,"5,21E+18","Fuss, PKW"
158111,5,3,15,0,2021,Oktober,11,Mittwoch,Unfall mit Leichtverletzten,Zusammenstoß mit einbiegendem / kreuzendem Fahrzeug,Einbiegen / Kreuzen-Unfall,Tageslicht,1,0,0,1,0,0,"353190,647","5648644,523",6.909015002,50.97066826,trocken,"5,21E+18","Rad, Krad"
158112,5,3,15,0,2021,Juni,15,Samstag,Unfall mit Leichtverletzten,Zusammenstoß mit entgegenkommendem Fahrzeug,Einbiegen / Kreuzen-Unfall,Tageslicht,0,1,0,0,0,1,"355486,5745","5643403,393",6.943772736,50.924148,trocken,"5,21E+18","PKW, Sonstige"
158114,5,3,15,0,2021,Januar,18,Samstag,Unfall mit Leichtverletzten,Zusammenstoß mit vorausfahrendem / wartendem Fahrzeug,Unfall im Längsverkehr,Dunkelheit,0,1,0,0,0,0,"355702,433","5642370,944",6.947250449,50.91492357,trocken,"5,21E+18",PKW
158115,5,3,15,0,2021,Juni,22,Sonntag,Unfall mit Leichtverletzten,Zusammenstoß mit anfahrendem/ anhaltendem/ruhendem Fahrzeug,Fahrunfall,Dunkelheit,0,1,0,0,0,1,"353786,7042","5647062,102",6.918134489,50.95659927,trocken,"5,21E+18","PKW, Sonstige"
158117,5,3,15,0,2021,Juni,19,Samstag,Unfall mit Leichtverletzten,Zusammenstoß zwischen Fahrzeug und Fußgänger,Unfall durch ruhenden Verkehr,Tageslicht,0,1,1,0,0,0,"352658,996","5654940,209",6.898893477,51.02710841,trocken,"5,21E+18","Fuss, PKW"
158118,5,3,15,0,2021,Januar,16,Mittwoch,Unfall mit Leichtverletzten,Zusammenstoß mit einbiegendem / kreuzendem Fahrzeug,Abbiegeunfall,Dämmerung,0,1,0,1,0,0,"354244,007","5649622,297",6.923615313,50.97972267,nass/feucht,"5,21E+18","Krad, PKW"
158119,5,3,15,0,2021,Dezember,7,Donnerstag,Unfall mit Leichtverletzten,Unfall anderer Art,Unfall durch ruhenden Verkehr,Dunkelheit,0,1,0,1,0,0,"355103,2456","5648491,37",6.936297867,50.96977623,nass/feucht,"5,21E+18","Krad, PKW"
158122,5,3,15,0,2021,November,14,Sonntag,Unfall mit Leichtverletzten,Zusammenstoß mit einbiegendem / kreuzendem Fahrzeug,Abbiegeunfall,Tageslicht,0,1,0,0,0,1,"353425,8392","5647074,467",6.912994956,50.95661871,trocken,"5,21E+18","PKW, Sonstige"
158127,5,3,15,0,2021,März,20,Donnerstag,Unfall mit Leichtverletzten,Zusammenstoß mit anfahrendem/ anhaltendem/ruhendem Fahrzeug,Überschreiten-Unfall,Tageslicht,1,1,1,0,0,0,"353472,5952","5641511,416",6.915896589,50.90663744,trocken,"5,21E+18","Rad, Fuss, PKW"
158130,5,3,15,0,2021,September,15,Montag,Unfall mit Leichtverletzten,Zusammenstoß zwischen Fahrzeug und Fußgänger,Überschreiten-Unfall,Tageslicht,0,1,1,0,0,0,"355842,9491","5649634,033",6.946372845,50.98023067,trocken,"5,21E+18","Fuss, PKW"
158131,5,3,15,0,2021,September,20,Mittwoch,Unfall mit Leichtverletzten,Unfall anderer Art,Fahrunfall,Dunkelheit,1,0,0,0,0,0,"353748,9282","5643467,274",6.919040128,50.92428422,trocken,"5,21E+18",Rad
158132,5,3,15,0,2021,April,15,Mittwoch,Unfall mit Leichtverletzten,Unfall anderer Art,Fahrunfall,Tageslicht,1,0,0,0,0,0,"355290,3623","5642729,777",6.94125011,50.91804515,trocken,"5,21E+18",Rad
158135,5,3,15,0,2021,Oktober,7,Dienstag,Unfall mit Leichtverletzten,Unfall anderer Art,Fahrunfall,Tageslicht,1,0,0,0,0,0,"354920,9804","5643863,381",6.935547651,50.92813986,nass/feucht,"5,21E+18",Rad
158136,5,3,15,0,2021,Dezember,18,Freitag,Unfall mit Leichtverletzten,Zusammenstoß mit vorausfahrendem / wartendem Fahrzeug,Unfall im Längsverkehr,Dunkelheit,0,1,0,0,0,0,"351914,3686","5651754,209",6.889583065,50.99828649,nass/feucht,"5,21E+18",PKW
158138,5,3,15,0,2021,November,15,Donnerstag,Unfall mit Leichtverletzten,Zusammenstoß mit einbiegendem / kreuzendem Fahrzeug,Abbiegeunfall,Tageslicht,1,1,0,0,0,0,"353003,8407","5647014,268",6.907014898,50.95597025,trocken,"5,21E+18","Rad, PKW"