OBJECTID,ULAND,UREGBEZ,UKREIS,UGEMEINDE,UJAHR,UMONAT,USTUNDE,UWOCHENTAG,UKATEGORIE,UART,UTYP1,ULICHTVERH,IstRad,IstPKW,IstFuss,IstKrad,IstGkfz,IstSonstige,LINREFX,LINREFY,XGCSWGS84,YGCSWGS84,USTRZUSTAND,UIDENTSTLAE,Participants
158140,5,3,15,0,2021,September,6,Sonntag,Unfall mit Schwerverletzten,Zusammenstoß mit anfahrendem/ anhaltendem/ruhendem Fahrzeug,Unfall durch ruhenden Verkehr,Tageslicht,0,1,0,0,0,1,"355669,777","5645926,574",6.94537832,50.94686922,trocken,"5,21E+18","PKW, Sonstige"
158141,5,3,15,0,2021,April,17,Samstag,Unfall mit Leichtverletzten,Zusammenstoß mit einbiegendem / kreuzendem Fahrzeug,Einbiegen / Kreuzen-Unfall,Tageslicht,0,1,0,0,0,0,"354684,933","5654862,286",6.927794539,51.02692387,trocken,"5,21E+18",PKW
158143,5,3,15,0,2021,Dezember,8,Dienstag,Unfall mit Leichtverletzten,Unfall anderer Art,Fahrunfall,Tageslicht,0,0,0,0,0,1,"355206,8673","5643952,189",6.939577691,50.92900978,trocken,"5,21E+18",Sonstige
158145,5,3,15,0,2021,Juni,17,Mittwoch,Unfall mit Leichtverletzten,Zusammenstoß zwischen Fahrzeug und Fußgänger,Einbiegen / Kreuzen-Unfall,Tageslicht,0,0,1,0,0,1,"353981,9151","5644477,783",6.921948139,50.93342436,trocken,"5,21E+18","Fuss, Sonstige"
158146,5,3,15,0,2021,Januar,10,Donnerstag,Unfall mit Leichtverletzten,Unfall anderer Art,Fahrunfall,Tageslicht,0,0,0,1,0,0,"355543,2051","5648902,647",6.942396321,50.97358278,nass/feucht,"5,21E+18",Krad
158151,5,3,15,0,2021,März,16,Dienstag,Unfall mit Leichtverletzten,Unfall anderer Art,Fahrunfall,Tageslicht,0,0,0,1,0,0,"354050,9512","5646665,744",6.922053255,50.95310432,nass/feucht,"5,21E+18",Krad
158155,5,3,15,0,2021,April,7,Dienstag,Unfall mit Leichtverletzten,Unfall anderer Art,Unfall im Längsverkehr,Tageslicht,1,0,0,0,0,0,"353408,413","5643289,94",6.91426976,50.92260415,trocken,"5,21E+18",Rad
158157,5,3,15,0,2021,September,15,Freitag,Unfall mit Leichtverletzten,Zusammenstoß mit vorausfahrendem / wartendem Fahrzeug,Abbiegeunfall,Tageslicht,0,1,0,0,0,1,"352333,8701","5655206,692",6.89415192,51.02941971,trocken,"5,21E+18","PKW, Sonstige"
158158,5,3,15,0,2021,Juli,12,Samstag,Unfall mit Leichtverletzten,Zusammenstoß mit einbiegendem / kreuzendem Fahrzeug,Sonstiger Unfall,Tageslicht,1,1,0,0,0,0,"352568,4302","5642870,159",6.902496566,50.91861773,trocken,"5,21E+18","Rad, PKW"
158159,5,3,15,0,2021,Dezember,15,Freitag,Unfall mit Leichtverletzten,Zusammenstoß mit entgegenkommendem Fahrzeug,Abbiegeunfall,Tageslicht,1,1,0,0,0,0,"355425,344","5644921,232",6.942300086,50.93777318,trocken,"5,21E+18","Rad, PKW"
158160,5,3,15,0,2021,Februar,14,Montag,Unfall mit Leichtverletzten,Zusammenstoß mit anfahrendem/ anhaltendem/ruhendem Fahrzeug,Unfall durch ruhenden Verkehr,Tageslicht,0,0,1,0,0,1,"354780,2066","5646275,994",6.932584226,50.94978595,trocken,"5,21E+18","Fuss, Sonstige"
158163,5,3,15,0,2021,Juni,7,Donnerstag,Unfall mit Schwerverletzten,Aufprall auf Fahrbahnhindernis,Fahrunfall,Tageslicht,1,0,0,0,0,0,"352503,9846","5645906,41",6.900351666,50.94588673,trocken,"5,21E+18",Rad
158165,5,3,15,0,2021,Juni,7,Mittwoch,Unfall mit Leichtverletzten,Zusammenstoß mit einbiegendem / kreuzendem Fahrzeug,Abbiegeunfall,Tageslicht,0,1,0,0,0,0,"355011,4187","5642816,834",6.937249788,50.9187575,nass/feucht,"5,21E+18",PKW
158170,5,3,15,0,2021,Februar,14,Donnerstag,Unfall mit Leichtverletzten,Zusammenstoß mit einbiegendem / kreuzendem Fahrzeug,Einbiegen / Kreuzen-Unfall,Tageslicht,1,1,0,0,0,0,"355639,1657","5647311,599",6.944393623,50.95930847,trocken,"5,21E+18","Rad, PKW"
158174,5,3,15,0,2021,November,1,Sonntag,Unfall mit Leichtverletzten,Unfall anderer Art,Fahrunfall,Dunkelheit,0,0,0,0,0,1,"353893,2173","5646450,803",6.919895363,50.95113276,nass/feucht,"5,21E+18",Sonstige
158177,5,3,15,0,2021,Dezember,16,Donnerstag,Unfall mit Leichtverletzten,Zusammenstoß mit einbiegendem / kreuzendem Fahrzeug,Einbiegen / Kreuzen-Unfall,Tageslicht,1,1,0,0,0,0,"354007,6324","5643148,955",6.922845993,50.9214891,trocken,"5,21E+18","Rad, PKW"
158178,5,3,15,0,2021,April,17,Dienstag,Unfall mit Schwerverletzten,Zusammenstoß zwischen Fahrzeug und Fußgänger,Überschreiten-Unfall,Tageslicht,0,1,1,0,0,0,"354908,1192","5646987,276",6.934120499,50.95621026,trocken,"5,21E+18","Fuss, PKW"
158180,5,3,15,0,2021,Juni,15,Freitag,Unfall mit Leichtverletzten,Aufprall auf Fahrbahnhindernis,Fahrunfall,Tageslicht,1,0,0,0,0,0,"356266,9471","5655098,672",6.950244931,51.02944594,trocken,"5,21E+18",Rad
158182,5,3,15,0,2021,Juli,14,Freitag,Unfall mit Leichtverletzten,Unfall anderer Art,Abbiegeunfall,Tageslicht,0,1,0,0,0,0,"353023,907","5645826,275",6.907779964,50.94529937,nass/feucht,"5,21E+18",PKW
158184,5,3,15,0,2021,November,10,Montag,Unfall mit Leichtverletzten,Unfall anderer Art,Fahrunfall,Tageslicht,1,0,0,0,0,0,"355463,1173","5640775,108",6.944480286,50.90052215,nass/feucht,"5,21E+18",Rad
158185,5,3,15,0,2021,Juli,11,Samstag,Unfall mit Leichtverletzten,Zusammenstoß mit einbiegendem / kreuzendem Fahrzeug,Abbiegeunfall,Tageslicht,1,1,0,0,0,0,"352787,1542","5647183,083",6.903863564,50.95743199,trocken,"5,21E+18","Rad, PKW"
158190,5,3,15,0,2021,September,11,Samstag,Unfall mit Leichtverletzten,Unfall anderer Art,Fahrunfall,Tageslicht,1,0,0,0,0,0,"355420,159","5645179,512",6.942123848,50.94009298,trocken,"5,21E+18",Rad
158191,5,3,15,0,2021,April,20,Montag,Unfall mit Leichtverletzten,Zusammenstoß zwischen Fahrzeug und Fußgänger,Überschreiten-Unfall,Dunkelheit,1,0,1,0,0,0,"354657,6813","5644237,214",6.931654501,50.93143312,trocken,"5,21E+18","Rad, Fuss"
158192,5,3,15,0,2021,April,16,Montag,Unfall mit Schwerverletzten,Unfall anderer Art,Einbiegen / Kreuzen-Unfall,Tageslicht,1,1,0,0,0,0,"351965,1603","5655198,315",6.888901032,51.02924959,trocken,"5,21E+18","Rad, PKW"
158193,5,3,15,0,2021,Oktober,22,Mittwoch,Unfall mit Leichtverletzten,Unfall anderer Art,Unfall im Längsverkehr,Dunkelheit,0,1,0,1,0,0,"356139,6055","5651002,055",6.950054411,50.99259895,nass/feucht,"5,21E+18","Krad, PKW"
158195,5,3,15,0,2021,September,13,Sonntag,Unfall mit Leichtverletzten,Unfall anderer Art,Einbiegen / Kreuzen-Unfall,Tageslicht,1,1,0,0,0,0,"352866,97","5646759,765",6.905170345,50.95364821,trocken,"5,21E+18","Rad, PKW"
158198,5,3,15,0,2021,November,17,Mittwoch,Unfall mit Leichtverletzten,Zusammenstoß mit entgegenkommendem Fahrzeug,Einbiegen / Kreuzen-Unfall,Dunkelheit,1,1,0,0,0,0,"354323,742","5645517,707",6.926393648,50.94285629,trocken,"5,21E+18","Rad, PKW"
158199,5,3,15,0,2021,Oktober,15,Dienstag,Unfall mit Leichtverletzten,Unfall anderer Art,Sonstiger Unfall,Tageslicht,1,1,0,0,0,0,"353402,3247","5642421,189",6.914532347,50.91479544,trocken,"5,21E+18","Rad, PKW"
158201,5,3,15,0,2021,Januar,18,Samstag,Unfall mit Leichtverletzten,Zusammenstoß mit einbiegendem / kreuzendem Fahrzeug,Einbiegen / Kreuzen-Unfall,Dunkelheit,1,1,0,0,0,0,"352126,9294","5645965,251",6.894964154,50.94631891,trocken,"5,21E+18","Rad, PKW"
158203,5,3,15,0,2021,Mai,12,Samstag,Unfall mit Leichtverletzten,Zusammenstoß mit anfahrendem/ anhaltendem/ruhendem Fahrzeug,Unfall durch ruhenden Verkehr,Tageslicht,0,0,0,0,0,1,"355249,246","5643008,81",6.940554827,50.92054246,trocken,"5,21E+18",Sonstige
158204,5,3,15,0,2021,Mai,14,Sonntag,Unfall mit Schwerverletzten,Unfall anderer Art,Fahrunfall,Tageslicht,0,0,0,1,0,0,"355704,143","5649951,684",6.944270694,50.98305054,trocken,"5,21E+18",Krad
158205,5,3,15,0,2021,Juni,12,Samstag,Unfall mit Leichtverletzten,Zusammenstoß mit seitlich in gleicher Richtung fahrendem Fahrzeug,Sonstiger Unfall,Tageslicht,0,1,0,1,0,0,"355845,2815","5645503,392",6.948042505,50.94311008,trocken,"5,21E+18","Krad, PKW"
158206,5,3,15,0,2021,Mai,7,Freitag,Unfall mit Schwerverletzten,Unfall anderer Art,Fahrunfall,Tageslicht,1,0,0,0,0,0,"353804,1962","5640717,98",6.920927453,50.89959112,nass/feucht,"5,21E+18",Rad
158207,5,3,15,0,2021,Juni,11,Donnerstag,Unfall mit Leichtverletzten,Zusammenstoß mit einbiegendem / kreuzendem Fahrzeug,Abbiegeunfall,Tageslicht,1,1,0,0,0,0,"355468,7131","5648874,106",6.941347354,50.9733076,trocken,"5,21E+18","Rad, PKW"
158209,5,3,15,0,2021,Juni,8,Freitag,Unfall mit Leichtverletzten,Unfall anderer Art,Fahrunfall,Tageslicht,1,0,0,0,0,0,"354852,9792","5643809,101",6.934602288,50.92763495,trocken,"5,21E+18",Rad
158211,5,3,15,0,2021,April,15,Freitag,Unfall mit Leichtverletzten,Unfall anderer Art,Sonstiger Unfall,Tageslicht,1,0,0,0,0,0,"356038,129","5647346,614",6.950056861,50.95972296,trocken,"5,21E+18",Rad
158213,5,3,15,0,2021,Oktober,20,Mittwoch,Unfall mit Leichtverletzten,Unfall anderer Art,Unfall durch ruhenden Verkehr,Dunkelheit,1,1,0,0,0,0,"354027,1093","5646680,399",6.921708168,50.95322998,nass/feucht,"5,21E+18","Rad, PKW"
158216,5,3,15,0,2021,September,8,Samstag,Unfall mit Leichtverletzten,Unfall anderer Art,Fahrunfall,Tageslicht,1,0,0,0,0,0,"354263,091","5643523,998",6.926328184,50.92492409,trocken,"5,21E+18",Rad
158217,5,3,15,0,2021,Dezember,14,Freitag,Unfall mit Leichtverletzten,Zusammenstoß mit entgegenkommendem Fahrzeug,Unfall im Längsverkehr,Tageslicht,1,0,0,0,0,0,"353453,3066","5643229,413",6.914932385,50.92207163,trocken,"5,21E+18",Rad
158218,5,3,15,0,2021,September,16,Freitag,Unfall mit Leichtverletzten,Unfall anderer Art,Sonstiger Unfall,Tageslicht,1,1,0,0,0,0,"354998,3762","5642828,138",6.937059867,50.91885581,trocken,"5,21E+18","Rad, PKW"
158220,5,3,15,0,2021,Oktober,7,Dienstag,Unfall mit Leichtverletzten,Unfall anderer Art,Fahrunfall,Tageslicht,1,0,0,0,0,0,"352546,596","5642848,356",6.902194968,50.91841622,nass/feucht,"5,21E+18",Rad
158222,5,3,15,0,2021,Februar,18,Dienstag,Unfall mit Leichtverletzten,Unfall anderer Art,Fahrunfall,Tageslicht,1,0,0,0,0,0,"354688,577","5646218,451",6.931303618,50.94924574,trocken,"5,21E+18",Rad
158223,5,3,15,0,2021,November,4,Sonntag,Unfall mit Leichtverletzten,Unfall anderer Art,Fahrunfall,Dunkelheit,0,0,0,1,0,0,"355804,6403","5645280,869",6.947552481,50.94110014,nass/feucht,"5,21E+18",Krad
158225,5,3,15,0,2021,September,2,Montag,Unfall mit Leichtverletzten,Unfall anderer Art,Fahrunfall,Dunkelheit,0,0,0,0,0,1,"355271,913","5644166,136",6.940417715,50.93094881,trocken,"5,21E+18",Sonstige
158228,5,3,15,0,2021,November,17,Donnerstag,Unfall mit Leichtverletzten,Zusammenstoß mit vorausfahrendem / wartendem Fahrzeug,Unfall im Längsverkehr,Dunkelheit,0,1,0,1,0,0,"354963,4841","5644489,968",6.935902734,50.93378154,trocken,"5,21E+18","Krad, PKW"
158230,5,3,15,0,2021,November,10,Mittwoch,Unfall mit Leichtverletzten,Unfall anderer Art,Fahrunfall,Tageslicht,0,0,0,1,0,0,"353238,5615","5646391,682",6.91060555,50.95043515,nass/feucht,"5,21E+18",Krad
158233,5,3,15,0,2021,Dezember,19,Dienstag,Unfall mit Leichtverletzten,Unfall anderer Art,Einbiegen / Kreuzen-Unfall,Dunkelheit,0,1,0,1,0,0,"355775,8724","5644455,962",6.947469799,50.93367965,trocken,"5,21E+18","Krad, PKW"
158235,5,3,15,0,2021,Juli,9,Samstag,Unfall mit Schwerverletzten,Zusammenstoß zwischen Fahrzeug und Fußgänger,Überschreiten-Unfall,Tageslicht,0,1,1,0,0,0,"353871,3017","5651409,52",6.917590826,50.99568922,nass/feucht,"5,21E+18","Fuss, PKW"
158236,5,3,15,0,2021,Dezember,12,Mittwoch,Unfall mit Leichtverletzten,Unfall anderer Art,Sonstiger Unfall,Tageslicht,0,0,0,0,0,1,"355302,6336","5647343,631",6.939592194,50.95951193,trocken,"5,21E+18",Sonstige
158238,5,3,15,0,2021,Oktober,8,Freitag,Unfall mit Schwerverletzten,Unfall anderer Art,Fahrunfall,Tageslicht,1,0,0,0,0,0,"354095,9579","5643323,667",6.924031893,50.92308152,nass/feucht,"5,21E+18",Rad
158239,5,3,15,0,2021,September,2,Montag,Unfall mit Leichtverletzten,Unfall anderer Art,Fahrunfall,Dunkelheit,0,0,0,0,0,1,"354791,4707","5643779,596",6.9337394,50.92735431,trocken,"5,21E+18",Sonstige
158240,5,3,15,0,2021,Juni,7,Donnerstag,Unfall mit Leichtverletzten,Zusammenstoß mit entgegenkommendem Fahrzeug,Abbiegeunfall,Tageslicht,0,1,0,0,0,0,"352074,4473","5654726,732",6.890650857,51.02503991,trocken,"5,21E+18",PKW
158241,5,3,15,0,2021,Mai,10,Dienstag,Unfall mit Leichtverletzten,Zusammenstoß mit anfahrendem/ anhaltendem/ruhendem Fahrzeug,Unfall im Längsverkehr,Tageslicht,0,1,0,0,1,1,"353026,579","5645782,824",6.907835507,50.94490958,trocken,"5,21E+18","PKW, Gkfz, Sonstige"
158244,5,3,15,0,2021,September,12,Dienstag,Unfall mit Leichtverletzten,Zusammenstoß mit vorausfahrendem / wartendem Fahrzeug,Unfall im Längsverkehr,Tageslicht,0,1,0,1,0,0,"352788,7281","5646525,239",6.904151993,50.95152065,trocken,"5,21E+18","Krad, PKW"
158245,5,3,15,0,2021,Januar,20,Donnerstag,Unfall mit Leichtverletzten,Zusammenstoß mit vorausfahrendem / wartendem Fahrzeug,Unfall im Längsverkehr,Dunkelheit,0,1,0,0,0,0,"354701,768","5651249,729",6.929481037,50.99446351,trocken,"5,21E+18",PKW
158247,5,3,15,0,2021,November,8,Samstag,Unfall mit Leichtverletzten,Unfall anderer Art,Sonstiger Unfall,Dämmerung,0,0,1,0,0,1,"355193,7972","5647472,005",6.937992415,50.96063825,trocken,"5,21E+18","Fuss, Sonstige"
158249,5,3,15,0,2021,April,12,Sonntag,Unfall mit Leichtverletzten,Unfall anderer Art,Fahrunfall,Tageslicht,1,0,0,0,0,0,"355283,9336","5641967,532",6.941461058,50.91119339,nass/feucht,"5,21E+18",Rad
158250,5,3,15,0,2021,Oktober,16,Samstag,Unfall mit Leichtverletzten,Zusammenstoß mit einbiegendem / kreuzendem Fahrzeug,Einbiegen / Kreuzen-Unfall,Tageslicht,1,1,0,0,0,0,"354792,144","5646143,464",6.932806905,50.94859795,trocken,"5,21E+18","Rad, PKW"
158251,5,3,15,0,2021,März,15,Freitag,Unfall mit Leichtverletzten,Zusammenstoß mit vorausfahrendem / wartendem Fahrzeug,Abbiegeunfall,Tageslicht,0,1,0,0,0,0,"351738,4816","5649980,533",6.887802143,50.98230225,trocken,"5,21E+18",PKW
158253,5,3,15,0,2021,September,7,Donnerstag,Unfall mit Leichtverletzten,Unfall anderer Art,Unfall durch ruhenden Verkehr,Tageslicht,0,1,0,0,0,1,"353822,4998","5643179,134",6.920201717,50.92171343,trocken,"5,21E+18","PKW, Sonstige"
158260,5,3,15,0,2021,November,15,Dienstag,Unfall mit Leichtverletzten,Unfall anderer Art,Fahrunfall,Dämmerung,1,0,0,0,0,0,"355242,5279","5642079,839",6.940827929,50.91219228,trocken,"5,21E+18",Rad
158262,5,3,15,0,2021,September,17,Mittwoch,Unfall mit Leichtverletzten,Zusammenstoß mit anfahrendem/ anhaltendem/ruhendem Fahrzeug,Abbiegeunfall,Tageslicht,1,1,0,0,0,0,"355702,433","5642370,944",6.947250449,50.91492357,trocken,"5,21E+18","Rad, PKW"
158264,5,3,15,0,2021,Mai,13,Dienstag,Unfall mit Leichtverletzten,Unfall anderer Art,Fahrunfall,Tageslicht,0,0,0,0,0,1,"352915,2692","5649260,057",6.904846657,50.97612951,nass/feucht,"5,21E+18",Sonstige
158265,5,3,15,0,2021,Mai,15,Mittwoch,Unfall mit Leichtverletzten,Zusammenstoß mit anfahrendem/ anhaltendem/ruhendem Fahrzeug,Unfall durch ruhenden Verkehr,Tageslicht,0,1,0,0,0,1,"353747,349","5643139,529",6.919149115,50.92133847,nass/feucht,"5,21E+18","PKW, Sonstige"
158268,5,3,15,0,2021,Mai,12,Dienstag,Unfall mit Leichtverletzten,Zusammenstoß mit anfahrendem/ anhaltendem/ruhendem Fahrzeug,Sonstiger Unfall,Tageslicht,0,0,0,1,0,1,"354200,3596","5645483,965",6.924652117,50.94252187,trocken,"5,21E+18","Krad, Sonstige"
158269,5,3,15,0,2021,Juli,12,Mittwoch,Unfall mit Leichtverletzten,Zusammenstoß mit anfahrendem/ anhaltendem/ruhendem Fahrzeug,Unfall durch ruhenden Verkehr,Tageslicht,1,1,0,0,0,0,"354931,2828","5643968,924",6.935652152,50.92909094,trocken,"5,21E+18","Rad, PKW"
158271,5,3,15,0,2021,Mai,15,Samstag,Unfall mit Leichtverletzten,Zusammenstoß mit anfahrendem/ anhaltendem/ruhendem Fahrzeug,Sonstiger Unfall,Tageslicht,0,1,0,1,0,0,"353096,899","5648305,586",6.90781761,50.96759848,trocken,"5,21E+18","Krad, PKW"
158273,5,3,15,0,2021,Dezember,12,Donnerstag,Unfall mit Leichtverletzten,Unfall anderer Art,Fahrunfall,Tageslicht,0,0,0,1,0,0,"355614,8436","5645594,11",6.944728652,50.94386768,nass/feucht,"5,21E+18",Krad
158276,5,3,15,0,2021,Februar,19,Freitag,Unfall mit Leichtverletzten,Abkommen von Fahrbahn nach rechts,Fahrunfall,Dunkelheit,0,1,0,0,0,0,"355307,4332","5647367,204",6.939651117,50.95972497,nass/feucht,"5,21E+18",PKW
158278,5,3,15,0,2021,Oktober,15,Samstag,Unfall mit Leichtverletzten,Zusammenstoß mit anfahrendem/ anhaltendem/ruhendem Fahrzeug,Unfall durch ruhenden Verkehr,Tageslicht,1,1,0,0,0,0,"354083,0005","5643316,917",6.923850361,50.92301759,nass/feucht,"5,21E+18","Rad, PKW"
158279,5,3,15,0,2021,Juni,15,Montag,Unfall mit Leichtverletzten,Unfall anderer Art,Fahrunfall,Tageslicht,1,0,0,0,0,0,"354856,8287","5643814,162",6.934655012,50.9276814,trocken,"5,21E+18",Rad
158280,5,3,15,0,2021,November,16,Dienstag,Unfall mit Leichtverletzten,Unfall anderer Art,Fahrunfall,Tageslicht,1,0,0,0,0,0,"352506,011","5644204,18",6.901069566,50.93059006,nass/feucht,"5,21E+18",Rad
158281,5,3,15,0,2021,Oktober,14,Sonntag,Unfall mit Leichtverletzten,Unfall anderer Art,Einbiegen / Kreuzen-Unfall,Tageslicht,0,0,0,1,0,1,"354402,723","5653372,335",6.924371206,51.01346293,trocken,"5,21E+18","Krad, Sonstige"
158282,5,3,15,0,2021,November,1,Samstag,Unfall mit Schwerverletzten,Unfall anderer Art,Fahrunfall,Dunkelheit,0,0,0,0,0,1,"354811,7247","5641963,455",6.934750319,50.91103817,trocken,"5,21E+18",Sonstige
158284,5,3,15,0,2021,Juli,15,Samstag,Unfall mit Leichtverletzten,Zusammenstoß mit vorausfahrendem / wartendem Fahrzeug,Unfall im Längsverkehr,Tageslicht,0,1,0,0,0,1,"353026,6504","5648323,025",6.906810803,50.96773728,trocken,"5,21E+18","PKW, Sonstige"
158288,5,3,15,0,2021,Oktober,18,Donnerstag,Unfall mit Leichtverletzten,Unfall anderer Art,Fahrunfall,Dunkelheit,1,0,0,0,0,0,"353712,3974","5643125,489",6.918657814,50.92120344,trocken,"5,21E+18",Rad
158289,5,3,15,0,2021,Oktober,3,Montag,Unfall mit Leichtverletzten,Unfall anderer Art,Fahrunfall,Dunkelheit,0,0,0,0,0,1,"355235,37","5644397,794",6.939806032,50.9330215,nass/feucht,"5,21E+18",Sonstige
158291,5,3,15,0,2021,Dezember,15,Freitag,Unfall mit Leichtverletzten,Zusammenstoß mit einbiegendem / kreuzendem Fahrzeug,Einbiegen / Kreuzen-Unfall,Tageslicht,0,1,0,0,0,1,"354183,2076","5646579,526",6.923969464,50.95236298,trocken,"5,21E+18","PKW, Sonstige"
158292,5,3,15,0,2021,November,10,Samstag,Unfall mit Schwerverletzten,Zusammenstoß mit einbiegendem / kreuzendem Fahrzeug,Einbiegen / Kreuzen-Unfall,Tageslicht,1,0,0,0,0,0,"354844,3071","5646395,886",6.933448358,50.95087953,nass/feucht,"5,21E+18",Rad
158295,5,3,15,0,2021,Juni,11,Freitag,Unfall mit Leichtverletzten,Zusammenstoß mit einbiegendem / kreuzendem Fahrzeug,Abbiegeunfall,Tageslicht,0,1,0,0,0,0,"352902,291","5645084,229",6.906349625,50.9385999,trocken,"5,21E+18",PKW
158296,5,3,15,0,2021,Januar,16,Dienstag,Unfall mit Leichtverletzten,Zusammenstoß mit vorausfahrendem / wartendem Fahrzeug,Unfall im Längsverkehr,Dunkelheit,0,1,0,0,0,0,"351048,0341","5647995,244",6.87878615,50.9642835,nass/feucht,"5,21E+18",PKW
158298,5,3,15,0,2021,März,18,Freitag,Unfall mit Leichtverletzten,Zusammenstoß mit seitlich in gleicher Richtung fahrendem Fahrzeug,Abbiegeunfall,Dämmerung,1,0,0,0,0,0,"352803,8186","5647656,426",6.903909216,50.96168997,trocken,"5,21E+18",Rad
158300,5,3,15,0,2021,Juni,13,Dienstag,Unfall mit Leichtverletzten,Unfall anderer Art,Fahrunfall,Tageslicht,1,0,0,0,0,0,"353691,9313","5645640,116",6.917357407,50.94379635,nass/feucht,"5,21E+18",Rad
158301,5,3,15,0,2021,September,8,Dienstag,Unfall mit Leichtverletzten,Zusammenstoß mit einbiegendem / kreuzendem Fahrzeug,Einbiegen / Kreuzen-Unfall,Tageslicht,1,1,0,0,0,0,"355219,5136","5648355,807",6.938006638,50.9685872,trocken,"5,21E+18","Rad, PKW"
158302,5,3,15,0,2021,Oktober,15,Dienstag,Unfall mit Leichtverletzten,Zusammenstoß mit einbiegendem / kreuzendem Fahrzeug,Einbiegen / Kreuzen-Unfall,Tageslicht,1,0,0,0,0,1,"352561,318","5654060,028",6.897859477,51.01917371,trocken,"5,21E+18","Rad, Sonstige"
158303,5,3,15,0,2021,November,9,Dienstag,Unfall mit Schwerverletzten,Zusammenstoß mit anfahrendem/ anhaltendem/ruhendem Fahrzeug,Unfall durch ruhenden Verkehr,Tageslicht,0,1,0,0,0,0,"355513,5599","5649760,036",6.941633591,50.98128046,trocken,"5,21E+18",PKW
158304,5,3,15,0,2021,Juli,10,Mittwoch,Unfall mit Leichtverletzten,Unfall anderer Art,Fahrunfall,Tageslicht,1,0,0,0,0,0,"354771,9653","5643769,863",6.933465916,50.92726194,nass/feucht,"5,21E+18",Rad
158306,5,3,15,0,2021,März,12,Freitag,Unfall mit Leichtverletzten,Zusammenstoß mit seitlich in gleicher Richtung fahrendem Fahrzeug,Sonstiger Unfall,Tageslicht,0,1,0,0,0,0,"355883,3123","5645491,201",6.948588303,50.94301003,nass/feucht,"5,21E+18",PKW
158307,5,3,15,0,2021,September,16,Donnerstag,Unfall mit Leichtverletzten,Unfall anderer Art,Unfall im Längsverkehr,Tageslicht,1,1,0,0,0,0,"354082,3634","5651306,975",6.920637645,50.99482124,trocken,"5,21E+18","Rad, PKW"
158309,5,3,15,0,2021,November,19,Sonntag,Unfall mit Leichtverletzten,Unfall anderer Art,Überschreiten-Unfall,Dunkelheit,0,1,1,0,0,0,"354409,3353","5647057,492",6.92699548,50.95671548,nass/feucht,"5,21E+18","Fuss, PKW"
158310,5,3,15,0,2021,Mai,11,Montag,Unfall mit Leichtverletzten,Unfall anderer Art,Fahrunfall,Tageslicht,1,0,0,0,0,0,"353797,0564","5657756,311",6.913974266,51.05270582,trocken,"5,21E+18",Rad
158311,5,3,15,0,2021,Januar,15,Sonntag,Unfall mit Schwerverletzten,Unfall anderer Art,Unfall durch ruhenden Verkehr,Tageslicht,0,1,0,1,0,0,"354985,4477","5642839,343",6.936871606,50.91895326,trocken,"5,21E+18","Krad, PKW"
158314,5,3,15,0,2021,Mai,12,Donnerstag,Unfall mit Leichtverletzten,Zusammenstoß mit seitlich in gleicher Richtung fahrendem Fahrzeug,Abbiegeunfall,Tageslicht,1,1,0,0,0,0,"353227,9153","5645803,292",6.910691239,50.94514481,nass/feucht,"5,21E+18","Rad, PKW"
158315,5,3,15,0,2021,November,7,Freitag,Unfall mit Leichtverletzten,Zusammenstoß mit seitlich in gleicher Richtung fahrendem Fahrzeug,Unfall im Längsverkehr,Dämmerung,1,0,0,0,0,0,"355471,1734","5643450,308",6.943535155,50.92456575,nass/feucht,"5,21E+18",Rad
158318,5,3,15,0,2021,Juli,2,Montag,Unfall mit Leichtverletzten,Zusammenstoß zwischen Fahrzeug und Fußgänger,Sonstiger Unfall,Dunkelheit,0,1,1,0,0,0,"355330,7143","5644597,746",6.9410826,50.93484234,nass/feucht,"5,21E+18","Fuss, PKW"
158319,5,3,15,0,2021,März,14,Samstag,Unfall mit Leichtverletzten,Unfall anderer Art,Fahrunfall,Tageslicht,0,0,0,1,0,0,"352403,9314","5647471,433",6.898293903,50.95992523,trocken,"5,21E+18",Krad
158320,5,3,15,0,2021,Mai,17,Freitag,Unfall mit Leichtverletzten,Zusammenstoß mit anfahrendem/ anhaltendem/ruhendem Fahrzeug,Unfall durch ruhenden Verkehr,Tageslicht,1,1,0,0,0,0,"353349,7935","5643806,542",6.913228533,50.92723178,nass/feucht,"5,21E+18","Rad, PKW"
158322,5,3,15,0,2021,Oktober,8,Freitag,Unfall mit Leichtverletzten,Unfall anderer Art,Überschreiten-Unfall,Tageslicht,1,1,1,0,0,0,"354895,8434","5645126,522",6.934687285,50.93948507,nass/feucht,"5,21E+18","Rad, Fuss, PKW"
158323,5,3,15,0,2021,September,16,Donnerstag,Unfall mit Leichtverletzten,Zusammenstoß mit seitlich in gleicher Richtung fahrendem Fahrzeug,Abbiegeunfall,Tageslicht,1,1,0,0,0,0,"351916,402","5648668,547",6.890869423,50.97055796,nass/feucht,"5,21E+18","Rad, PKW"
158324,5,3,15,0,2021,Dezember,18,Mittwoch,Unfall mit Leichtverletzten,Zusammenstoß mit einbiegendem / kreuzendem Fahrzeug,Einbiegen / Kreuzen-Unfall,Dunkelheit,1,0,0,0,0,1,"352918,7105","5642929,944",6.907452327,50.91924439,trocken,"5,21E+18","Rad, Sonstige"
158326,5,3,15,0,2021,September,10,Samstag,Unfall mit Leichtverletzten,Zusammenstoß zwischen Fahrzeug und Fußgänger,Überschreiten-Unfall,Tageslicht,1,0,1,0,0,0,"355653,0227","5644793,824",6.945588832,50.93668522,trocken,"5,21E+18","Rad, Fuss"