OBJECTID,ULAND,UREGBEZ,UKREIS,UGEMEINDE,UJAHR,UMONAT,USTUNDE,UWOCHENTAG,UKATEGORIE,UART,UTYP1,ULICHTVERH,IstRad,IstPKW,IstFuss,IstKrad,IstGkfz,IstSonstige,LINREFX,LINREFY,XGCSWGS84,YGCSWGS84,USTRZUSTAND,UIDENTSTLAE,Participants
158327,5,3,15,0,2021,Dezember,18,Donnerstag,Unfall mit Leichtverletzten,Zusammenstoß zwischen Fahrzeug und Fußgänger,Überschreiten-Unfall,Dunkelheit,1,0,1,0,0,0,"354331,5447","5641696,153",6.928031395,50.908515,nass/feucht,"5,21E+18","Rad, Fuss"
158328,5,3,15,0,2021,März,9,Sonntag,Unfall mit Schwerverletzten,Zusammenstoß mit seitlich in gleicher Richtung fahrendem Fahrzeug,Unfall im Längsverkehr,Tageslicht,1,0,0,0,0,0,"353592,6768","5643261,172",6.916901193,50.92239241,trocken,"5,21E+18",Rad
158332,5,3,15,0,2021,Juni,8,Dienstag,Unfall mit Schwerverletzten,Unfall anderer Art,Fahrunfall,Tageslicht,1,0,0,0,0,0,"355346,5416","5641918,754",6.942370358,50.91077072,trocken,"5,21E+18",Rad
158333,5,3,15,0,2021,September,18,Donnerstag,Unfall mit Leichtverletzten,Zusammenstoß zwischen Fahrzeug und Fußgänger,Sonstiger Unfall,Tageslicht,1,0,1,0,0,0,"354669,0795","5638361,351",6.93415588,50.87863084,trocken,"5,21E+18","Rad, Fuss"
158337,5,3,15,0,2021,Februar,15,Freitag,Unfall mit Leichtverletzten,Unfall anderer Art,Überschreiten-Unfall,Tageslicht,1,0,1,0,0,0,"354062,3902","5645486,989",6.922688395,50.94251414,trocken,"5,21E+18","Rad, Fuss"
158340,5,3,15,0,2021,September,21,Mittwoch,Unfall mit Leichtverletzten,Unfall anderer Art,Sonstiger Unfall,Dämmerung,0,0,0,0,0,1,"353612,6923","5646532,816",6.91587141,50.9517986,trocken,"5,21E+18",Sonstige
158343,5,3,15,0,2021,März,17,Dienstag,Unfall mit Leichtverletzten,Abkommen von Fahrbahn nach links,Fahrunfall,Tageslicht,0,1,1,0,0,0,"355289,789","5641931,039",6.941558763,50.9108669,trocken,"5,21E+18","Fuss, PKW"
158344,5,3,15,0,2021,Juni,14,Donnerstag,Unfall mit Leichtverletzten,Unfall anderer Art,Fahrunfall,Tageslicht,1,0,0,0,0,0,"354723,301","5644285,777",6.93256832,50.93188607,trocken,"5,21E+18",Rad
158346,5,3,15,0,2021,Dezember,9,Mittwoch,Unfall mit Leichtverletzten,Unfall anderer Art,Unfall durch ruhenden Verkehr,Tageslicht,0,1,0,0,0,0,"353601,1236","5651817,011",6.913579093,50.99928248,nass/feucht,"5,21E+18",PKW
158347,5,3,15,0,2021,Januar,8,Mittwoch,Unfall mit Leichtverletzten,Zusammenstoß mit vorausfahrendem / wartendem Fahrzeug,Abbiegeunfall,Dämmerung,0,1,0,0,0,0,"354055,489","5649491,685",6.920984086,50.97850116,nass/feucht,"5,21E+18",PKW
158348,5,3,15,0,2021,Juni,18,Dienstag,Unfall mit Leichtverletzten,Zusammenstoß mit einbiegendem / kreuzendem Fahrzeug,Einbiegen / Kreuzen-Unfall,Tageslicht,1,1,0,0,0,0,"352496,7985","5646631,943",6.899955542,50.95240492,trocken,"5,21E+18","Rad, PKW"
158351,5,3,15,0,2021,März,8,Freitag,Unfall mit Leichtverletzten,Zusammenstoß mit anfahrendem/ anhaltendem/ruhendem Fahrzeug,Unfall durch ruhenden Verkehr,Tageslicht,1,1,0,0,0,0,"353105,6315","5651591,101",6.906613954,50.99712607,nass/feucht,"5,21E+18","Rad, PKW"
158352,5,3,15,0,2021,Juli,22,Dienstag,Unfall mit Schwerverletzten,Abkommen von Fahrbahn nach rechts,Fahrunfall,Dunkelheit,0,0,0,1,0,0,"354162,7102","5648953,122",6.922726437,50.97368846,trocken,"5,21E+18",Krad
158353,5,3,15,0,2021,Mai,17,Samstag,Unfall mit Leichtverletzten,Unfall anderer Art,Unfall im Längsverkehr,Tageslicht,1,1,0,0,0,0,"351257,3009","5647023,984",6.882161115,50.95560942,trocken,"5,21E+18","Rad, PKW"
158355,5,3,15,0,2021,November,16,Mittwoch,Unfall mit Leichtverletzten,Unfall anderer Art,Fahrunfall,Tageslicht,1,0,0,0,0,0,"354237,7286","5642739,31",6.926281176,50.9178659,nass/feucht,"5,21E+18",Rad
158356,5,3,15,0,2021,September,18,Samstag,Unfall mit Schwerverletzten,Aufprall auf Fahrbahnhindernis,Fahrunfall,Dämmerung,1,0,0,0,0,0,"353790,0658","5657750,065",6.913877118,51.05264792,trocken,"5,21E+18",Rad
158357,5,3,15,0,2021,Februar,14,Sonntag,Unfall mit Leichtverletzten,Unfall anderer Art,Fahrunfall,Tageslicht,1,0,0,0,0,0,"355190,7459","5647146,601",6.938078478,50.95771316,nass/feucht,"5,21E+18",Rad
158358,5,3,15,0,2021,Juli,12,Donnerstag,Unfall mit Leichtverletzten,Zusammenstoß mit einbiegendem / kreuzendem Fahrzeug,Abbiegeunfall,Tageslicht,0,0,0,1,1,0,"352267,3298","5650859,058",6.894973709,50.990333,trocken,"5,21E+18","Krad, Gkfz"
158361,5,3,15,0,2021,Dezember,20,Mittwoch,Unfall mit Leichtverletzten,Zusammenstoß mit einbiegendem / kreuzendem Fahrzeug,Einbiegen / Kreuzen-Unfall,Dunkelheit,0,1,0,0,0,0,"351872,31","5653444,308",6.888294349,51.01346354,nass/feucht,"5,21E+18",PKW
158362,5,3,15,0,2021,September,13,Samstag,Unfall mit Leichtverletzten,Unfall anderer Art,Unfall im Längsverkehr,Tageslicht,0,0,1,0,0,1,"355819,3715","5645314,933",6.947748537,50.94140995,trocken,"5,21E+18","Fuss, Sonstige"
158363,5,3,15,0,2021,Mai,12,Montag,Unfall mit Schwerverletzten,Unfall anderer Art,Sonstiger Unfall,Tageslicht,1,0,0,0,0,0,"353921,4898","5646746,07",6.920179115,50.95379339,trocken,"5,21E+18",Rad
158364,5,3,15,0,2021,Juni,17,Freitag,Unfall mit Leichtverletzten,Unfall anderer Art,Sonstiger Unfall,Tageslicht,1,0,0,0,0,0,"352504,8943","5644216,933",6.901048526,50.93070438,trocken,"5,21E+18",Rad
158371,5,3,15,0,2021,September,20,Sonntag,Unfall mit Schwerverletzten,Unfall anderer Art,Fahrunfall,Dunkelheit,0,0,0,0,0,1,"355467,6001","5644053,568",6.943245194,50.92998625,trocken,"5,21E+18",Sonstige
158373,5,3,15,0,2021,Juni,3,Montag,Unfall mit Leichtverletzten,Zusammenstoß mit anfahrendem/ anhaltendem/ruhendem Fahrzeug,Unfall durch ruhenden Verkehr,Dunkelheit,0,1,0,0,0,0,"355567,5208","5641475,001",6.945687136,50.90683811,nass/feucht,"5,21E+18",PKW
158374,5,3,15,0,2021,September,11,Donnerstag,Unfall mit Leichtverletzten,Zusammenstoß mit einbiegendem / kreuzendem Fahrzeug,Einbiegen / Kreuzen-Unfall,Tageslicht,1,1,0,0,0,0,"353822,4016","5648531,941",6.918051876,50.9698172,trocken,"5,21E+18","Rad, PKW"
158375,5,3,15,0,2021,September,21,Sonntag,Unfall mit Leichtverletzten,Unfall anderer Art,Unfall durch ruhenden Verkehr,Dunkelheit,0,1,0,1,0,0,"355267,5483","5641800,015",6.94129458,50.90968383,trocken,"5,21E+18","Krad, PKW"
158376,5,3,15,0,2021,Juli,6,Dienstag,Unfall mit Schwerverletzten,Unfall anderer Art,Fahrunfall,Tageslicht,1,0,0,0,0,0,"352445,1912","5645066,801",6.899855421,50.9383265,trocken,"5,21E+18",Rad
158378,5,3,15,0,2021,September,5,Freitag,Unfall mit Leichtverletzten,Unfall anderer Art,Unfall im Längsverkehr,Dämmerung,0,1,0,0,0,1,"354415,8284","5655838,839",6.923567501,51.03563162,trocken,"5,21E+18","PKW, Sonstige"
158379,5,3,15,0,2021,April,9,Mittwoch,Unfall mit Schwerverletzten,Zusammenstoß zwischen Fahrzeug und Fußgänger,Sonstiger Unfall,Tageslicht,0,0,1,0,0,1,"354894,5238","5645082,595",6.93468601,50.93908998,trocken,"5,21E+18","Fuss, Sonstige"
158381,5,3,15,0,2021,März,19,Mittwoch,Unfall mit Leichtverletzten,Unfall anderer Art,Abbiegeunfall,Dunkelheit,1,1,0,0,0,0,"353028,3438","5646381,277",6.907619082,50.95028808,trocken,"5,21E+18","Rad, PKW"
158383,5,3,15,0,2021,Januar,14,Samstag,Unfall mit Schwerverletzten,Unfall anderer Art,Sonstiger Unfall,Tageslicht,1,1,0,0,0,0,"355705,3963","5648728,367",6.944774095,50.97205722,trocken,"5,21E+18","Rad, PKW"
158386,5,3,15,0,2021,Januar,6,Donnerstag,Unfall mit Leichtverletzten,Unfall anderer Art,Fahrunfall,Dunkelheit,1,0,0,0,0,0,"355373,2522","5648992,899",6.939941333,50.97435119,winterglatt,"5,21E+18",Rad
158388,5,3,15,0,2021,April,14,Donnerstag,Unfall mit Leichtverletzten,Unfall anderer Art,Fahrunfall,Tageslicht,1,0,0,0,0,0,"353960,0453","5643252,569",6.922127917,50.9224082,trocken,"5,21E+18",Rad
158390,5,3,15,0,2021,Juni,9,Freitag,Unfall mit Leichtverletzten,Unfall anderer Art,Fahrunfall,Tageslicht,0,0,0,1,0,0,"354884,0246","5646973,44",6.933783185,50.95607985,trocken,"5,21E+18",Krad
158393,5,3,15,0,2021,April,10,Freitag,Unfall mit Leichtverletzten,Unfall anderer Art,Unfall durch ruhenden Verkehr,Tageslicht,0,1,0,1,0,0,"353067,2483","5653177,845",6.905425049,51.01137551,trocken,"5,21E+18","Krad, PKW"
158394,5,3,15,0,2021,Januar,16,Samstag,Unfall mit Leichtverletzten,Zusammenstoß mit einbiegendem / kreuzendem Fahrzeug,Abbiegeunfall,Tageslicht,1,1,0,0,0,0,"354122,5148","5648890,601",6.922179387,50.97311643,nass/feucht,"5,21E+18","Rad, PKW"
158398,5,3,15,0,2021,September,19,Dienstag,Unfall mit Leichtverletzten,Unfall anderer Art,Sonstiger Unfall,Dämmerung,1,0,0,0,0,0,"353590,7042","5646534,544",6.91555789,50.95180854,trocken,"5,21E+18",Rad
158401,5,3,15,0,2021,März,7,Dienstag,Unfall mit Leichtverletzten,Zusammenstoß zwischen Fahrzeug und Fußgänger,Überschreiten-Unfall,Dämmerung,1,0,1,0,0,0,"355270,2882","5641580,481",6.941420583,50.9077116,nass/feucht,"5,21E+18","Rad, Fuss"
158404,5,3,15,0,2021,Mai,9,Sonntag,Unfall mit Leichtverletzten,Zusammenstoß mit einbiegendem / kreuzendem Fahrzeug,Abbiegeunfall,Tageslicht,0,1,0,0,0,1,"353466,3149","5647917,112",6.913231545,50.96420152,trocken,"5,21E+18","PKW, Sonstige"
158405,5,3,15,0,2021,April,15,Sonntag,Unfall mit Leichtverletzten,Zusammenstoß mit seitlich in gleicher Richtung fahrendem Fahrzeug,Unfall durch ruhenden Verkehr,Tageslicht,1,1,0,0,0,0,"353893,303","5645856,445",6.920135058,50.9457915,trocken,"5,21E+18","Rad, PKW"
158406,5,3,15,0,2021,November,7,Dienstag,Unfall mit Leichtverletzten,Unfall anderer Art,Fahrunfall,Dunkelheit,0,0,0,0,0,1,"352614,8655","5647293,795",6.901367301,50.95838287,trocken,"5,21E+18",Sonstige
158407,5,3,15,0,2021,November,17,Samstag,Unfall mit Leichtverletzten,Zusammenstoß mit vorausfahrendem / wartendem Fahrzeug,Unfall im Längsverkehr,Dunkelheit,0,1,0,0,0,0,"354352,6325","5648900,373",6.925450878,50.97326248,trocken,"5,21E+18",PKW
158408,5,3,15,0,2021,Dezember,0,Sonntag,Unfall mit Schwerverletzten,Abkommen von Fahrbahn nach links,Sonstiger Unfall,Dunkelheit,1,0,0,0,0,0,"353396,5419","5644521,395",6.913605769,50.93366779,nass/feucht,"5,21E+18",Rad
158412,5,3,15,0,2021,Dezember,15,Samstag,Unfall mit Leichtverletzten,Zusammenstoß mit einbiegendem / kreuzendem Fahrzeug,Einbiegen / Kreuzen-Unfall,Tageslicht,1,1,0,0,0,0,"353114,134","5644276,2",6.90968834,50.93139246,trocken,"5,21E+18","Rad, PKW"
158415,5,3,15,0,2021,März,13,Mittwoch,Unfall mit Leichtverletzten,Zusammenstoß zwischen Fahrzeug und Fußgänger,Abbiegeunfall,Tageslicht,0,1,1,0,0,0,"355595,1714","5642107,379",6.945829927,50.91252812,nass/feucht,"5,21E+18","Fuss, PKW"
158417,5,3,15,0,2021,Oktober,23,Montag,Unfall mit Leichtverletzten,Zusammenstoß zwischen Fahrzeug und Fußgänger,Sonstiger Unfall,Dunkelheit,0,0,1,0,0,1,"354699,7709","5648407,323",6.930588931,50.96891929,trocken,"5,21E+18","Fuss, Sonstige"
158418,5,3,15,0,2021,September,10,Dienstag,Unfall mit Leichtverletzten,Unfall anderer Art,Fahrunfall,Tageslicht,1,0,0,0,0,0,"353787,075","5647364,218",6.918018392,50.95931436,trocken,"5,21E+18",Rad
158419,5,3,15,0,2021,Juni,16,Donnerstag,Unfall mit Leichtverletzten,Zusammenstoß mit einbiegendem / kreuzendem Fahrzeug,Einbiegen / Kreuzen-Unfall,Tageslicht,1,1,0,0,0,0,"355110,4626","5642007,162",6.938979459,50.91150602,trocken,"5,21E+18","Rad, PKW"
158421,5,3,15,0,2021,Oktober,22,Samstag,Unfall mit Leichtverletzten,Unfall anderer Art,Fahrunfall,Tageslicht,1,0,0,0,0,0,"354082,3936","5642886,853",6.924013797,50.91915258,trocken,"5,21E+18",Rad
158422,5,3,15,0,2021,November,15,Sonntag,Unfall mit Leichtverletzten,Unfall anderer Art,Fahrunfall,Tageslicht,1,0,0,0,0,0,"354796,2897","5643781,877",6.933807017,50.92737603,trocken,"5,21E+18",Rad
158426,5,3,15,0,2021,September,8,Donnerstag,Unfall mit Leichtverletzten,Zusammenstoß mit einbiegendem / kreuzendem Fahrzeug,Unfall im Längsverkehr,Tageslicht,1,1,0,0,0,0,"354217,53","5642603,259",6.926048388,50.91663815,nass/feucht,"5,21E+18","Rad, PKW"
158431,5,3,15,0,2021,September,12,Freitag,Unfall mit Leichtverletzten,Zusammenstoß mit seitlich in gleicher Richtung fahrendem Fahrzeug,Einbiegen / Kreuzen-Unfall,Tageslicht,1,1,0,0,0,0,"355602,6027","5648334,16",6.943467501,50.96848882,trocken,"5,21E+18","Rad, PKW"
158432,5,3,15,0,2021,Oktober,6,Samstag,Unfall mit Leichtverletzten,Zusammenstoß mit einbiegendem / kreuzendem Fahrzeug,Einbiegen / Kreuzen-Unfall,Dunkelheit,0,1,0,1,0,0,"351593,893","5650142,322",6.885677704,50.9837189,trocken,"5,21E+18","Krad, PKW"
158434,5,3,15,0,2021,April,19,Sonntag,Unfall mit Leichtverletzten,Zusammenstoß mit seitlich in gleicher Richtung fahrendem Fahrzeug,Unfall im Längsverkehr,Tageslicht,1,1,0,0,0,0,"353842,5823","5647244,748",6.918856205,50.95825481,trocken,"5,21E+18","Rad, PKW"
158435,5,3,15,0,2021,Juli,16,Mittwoch,Unfall mit Schwerverletzten,Unfall anderer Art,Fahrunfall,Tageslicht,1,0,0,0,0,0,"355178,8792","5644085,274",6.939126821,50.93019877,nass/feucht,"5,21E+18",Rad
158438,5,3,15,0,2021,März,9,Samstag,Unfall mit Leichtverletzten,Zusammenstoß mit einbiegendem / kreuzendem Fahrzeug,Abbiegeunfall,Tageslicht,1,1,0,0,0,0,"355043,6108","5645979,471",6.936449606,50.94718749,trocken,"5,21E+18","Rad, PKW"
158443,5,3,15,0,2021,Januar,19,Freitag,Unfall mit Leichtverletzten,Zusammenstoß mit anfahrendem/ anhaltendem/ruhendem Fahrzeug,Fahrunfall,Dunkelheit,0,1,0,0,0,1,"355588,769","5643475,37",6.945197317,50.92482043,nass/feucht,"5,21E+18","PKW, Sonstige"
158444,5,3,15,0,2021,Januar,12,Sonntag,Unfall mit Leichtverletzten,Zusammenstoß mit entgegenkommendem Fahrzeug,Sonstiger Unfall,Tageslicht,1,1,0,0,0,0,"354360,0602","5643035,492",6.927902074,50.9205585,nass/feucht,"5,21E+18","Rad, PKW"
158445,5,3,15,0,2021,Mai,16,Mittwoch,Unfall mit Leichtverletzten,Unfall anderer Art,Sonstiger Unfall,Tageslicht,0,1,0,1,0,0,"353806,9912","5649834,341",6.917308858,50.98151743,trocken,"5,21E+18","Krad, PKW"
158448,5,3,15,0,2021,Mai,6,Dienstag,Unfall mit Leichtverletzten,Zusammenstoß mit einbiegendem / kreuzendem Fahrzeug,Einbiegen / Kreuzen-Unfall,Tageslicht,1,1,0,0,0,0,"355595,2422","5650397,765",6.942543026,50.98703204,trocken,"5,21E+18","Rad, PKW"
158456,5,3,15,0,2021,Juni,9,Donnerstag,Unfall mit Leichtverletzten,Abkommen von Fahrbahn nach rechts,Fahrunfall,Tageslicht,1,0,0,1,0,0,"354226,8264","5642749,219",6.926122222,50.9179522,trocken,"5,21E+18","Rad, Krad"
158458,5,3,15,0,2021,Juni,8,Dienstag,Unfall mit Leichtverletzten,Zusammenstoß mit seitlich in gleicher Richtung fahrendem Fahrzeug,Sonstiger Unfall,Tageslicht,0,1,0,0,0,0,"355197,0743","5651042,372",6.936616982,50.9927249,trocken,"5,21E+18",PKW
158460,5,3,15,0,2021,Januar,19,Freitag,Unfall mit Leichtverletzten,Unfall anderer Art,Fahrunfall,Dunkelheit,1,0,0,0,0,0,"352795,5007","5651820,308",6.902104538,50.99910657,nass/feucht,"5,21E+18",Rad
158461,5,3,15,0,2021,November,17,Freitag,Unfall mit Schwerverletzten,Unfall anderer Art,Fahrunfall,Dämmerung,1,1,0,0,0,0,"355282,1855","5641979,045",6.941431642,50.91129641,trocken,"5,21E+18","Rad, PKW"
158462,5,3,15,0,2021,März,11,Sonntag,Unfall mit Leichtverletzten,Unfall anderer Art,Einbiegen / Kreuzen-Unfall,Tageslicht,1,1,0,0,0,0,"354688,8978","5645242,143",6.931697697,50.94047202,trocken,"5,21E+18","Rad, PKW"
158463,5,3,15,0,2021,Juni,13,Samstag,Unfall mit Leichtverletzten,Zusammenstoß mit seitlich in gleicher Richtung fahrendem Fahrzeug,Unfall im Längsverkehr,Tageslicht,1,0,0,0,0,0,"355882,0122","5645856,984",6.948425073,50.94629692,trocken,"5,21E+18",Rad
158464,5,3,15,0,2021,März,17,Mittwoch,Unfall mit Leichtverletzten,Abkommen von Fahrbahn nach links,Fahrunfall,Tageslicht,1,0,0,0,0,0,"353799,9119","5642259,802",6.920249019,50.91344596,trocken,"5,21E+18",Rad
158469,5,3,15,0,2021,September,13,Sonntag,Unfall mit Leichtverletzten,Unfall anderer Art,Überschreiten-Unfall,Tageslicht,0,1,1,0,0,0,"355032,9451","5648748,981",6.935194615,50.97207361,trocken,"5,21E+18","Fuss, PKW"
158470,5,3,15,0,2021,Januar,21,Samstag,Unfall mit Leichtverletzten,Zusammenstoß mit vorausfahrendem / wartendem Fahrzeug,Unfall im Längsverkehr,Dunkelheit,0,1,0,0,0,0,"352136,3971","5650817,523",6.893126317,50.98992613,nass/feucht,"5,21E+18",PKW
158473,5,3,15,0,2021,Mai,15,Freitag,Unfall mit Leichtverletzten,Zusammenstoß mit einbiegendem / kreuzendem Fahrzeug,Einbiegen / Kreuzen-Unfall,Tageslicht,1,1,0,0,0,0,"355769,0508","5644352,439",6.947413752,50.93274761,nass/feucht,"5,21E+18","Rad, PKW"
158474,5,3,15,0,2021,Februar,16,Donnerstag,Unfall mit Leichtverletzten,Zusammenstoß mit einbiegendem / kreuzendem Fahrzeug,Einbiegen / Kreuzen-Unfall,Tageslicht,1,0,0,0,0,0,"354557,4891","5641918,787",6.931154231,50.91057273,trocken,"5,21E+18",Rad
158476,5,3,15,0,2021,Mai,12,Donnerstag,Unfall mit Leichtverletzten,Unfall anderer Art,Sonstiger Unfall,Tageslicht,0,0,0,0,0,1,"355368,6793","5648323,943",6.940142288,50.96833831,trocken,"5,21E+18",Sonstige
158477,5,3,15,0,2021,September,6,Samstag,Unfall mit Leichtverletzten,Zusammenstoß mit einbiegendem / kreuzendem Fahrzeug,Einbiegen / Kreuzen-Unfall,Tageslicht,1,1,0,0,0,0,"352440,3419","5645089,926",6.899777085,50.93853307,trocken,"5,21E+18","Rad, PKW"
158478,5,3,15,0,2021,Oktober,14,Dienstag,Unfall mit Leichtverletzten,Zusammenstoß mit anfahrendem/ anhaltendem/ruhendem Fahrzeug,Unfall durch ruhenden Verkehr,Tageslicht,1,1,0,0,0,1,"354108,8811","5645617,576",6.923297391,50.94369945,trocken,"5,21E+18","Rad, PKW, Sonstige"
158481,5,3,15,0,2021,Oktober,12,Freitag,Unfall mit Schwerverletzten,Unfall anderer Art,Fahrunfall,Tageslicht,0,0,0,1,0,0,"356003,7919","5648037,41",6.949294859,50.96592243,nass/feucht,"5,21E+18",Krad
158482,5,3,15,0,2021,November,10,Donnerstag,Unfall mit Leichtverletzten,Zusammenstoß mit einbiegendem / kreuzendem Fahrzeug,Einbiegen / Kreuzen-Unfall,Tageslicht,0,1,0,0,0,1,"353145,6986","5650757,463",6.9075216,50.98964479,nass/feucht,"5,21E+18","PKW, Sonstige"
158485,5,3,15,0,2021,März,17,Donnerstag,Unfall mit Leichtverletzten,Zusammenstoß zwischen Fahrzeug und Fußgänger,Überschreiten-Unfall,Tageslicht,0,1,1,0,0,0,"352808,1913","5646887,385",6.90428247,50.95478007,trocken,"5,21E+18","Fuss, PKW"
158487,5,3,15,0,2021,Januar,21,Sonntag,Unfall mit Leichtverletzten,Unfall anderer Art,Sonstiger Unfall,Dunkelheit,1,0,0,0,0,0,"353653,5262","5646890,81",6.916308438,50.95502612,trocken,"5,21E+18",Rad
158490,5,3,15,0,2021,Februar,14,Donnerstag,Unfall mit Leichtverletzten,Zusammenstoß mit anfahrendem/ anhaltendem/ruhendem Fahrzeug,Sonstiger Unfall,Tageslicht,1,1,0,0,0,0,"355363,755","5644602,616",6.941550575,50.9348944,nass/feucht,"5,21E+18","Rad, PKW"
158491,5,3,15,0,2021,Dezember,22,Freitag,Unfall mit Leichtverletzten,Unfall anderer Art,Fahrunfall,Dunkelheit,1,0,0,0,0,0,"354772,0614","5643769,913",6.933467262,50.92726241,trocken,"5,21E+18",Rad
158493,5,3,15,0,2021,Mai,15,Sonntag,Unfall mit Leichtverletzten,Unfall anderer Art,Fahrunfall,Tageslicht,0,0,0,0,0,1,"355851,8119","5645030,286",6.9483226,50.93885999,trocken,"5,21E+18",Sonstige
158495,5,3,15,0,2021,Juli,15,Montag,Unfall mit Leichtverletzten,Unfall anderer Art,Einbiegen / Kreuzen-Unfall,Tageslicht,0,1,0,0,0,1,"352599,2266","5646918,725",6.901296672,50.9550083,trocken,"5,21E+18","PKW, Sonstige"
158496,5,3,15,0,2021,Juni,17,Mittwoch,Unfall mit Leichtverletzten,Zusammenstoß mit einbiegendem / kreuzendem Fahrzeug,Einbiegen / Kreuzen-Unfall,Tageslicht,0,1,0,0,0,0,"354426,0424","5646703,587",6.927374734,50.95353926,trocken,"5,21E+18",PKW
158498,5,3,15,0,2021,November,11,Sonntag,Unfall mit Leichtverletzten,Zusammenstoß mit anfahrendem/ anhaltendem/ruhendem Fahrzeug,Sonstiger Unfall,Tageslicht,1,1,0,0,0,0,"355071,0247","5643826,011",6.937696135,50.92784173,trocken,"5,21E+18","Rad, PKW"
158499,5,3,15,0,2021,Dezember,19,Montag,Unfall mit Leichtverletzten,Unfall anderer Art,Fahrunfall,Dunkelheit,1,0,0,0,0,0,"351198,9918","5644475,514",6.88237263,50.93269271,nass/feucht,"5,21E+18",Rad
158501,5,3,15,0,2021,Oktober,16,Freitag,Unfall mit Leichtverletzten,Unfall anderer Art,Einbiegen / Kreuzen-Unfall,Tageslicht,1,1,0,0,0,0,"352862,529","5648433,529",6.904430361,50.96868842,trocken,"5,21E+18","Rad, PKW"
158502,5,3,15,0,2021,September,2,Samstag,Unfall mit Leichtverletzten,Abkommen von Fahrbahn nach rechts,Fahrunfall,Dunkelheit,0,0,0,0,0,1,"354495,9581","5647242,175",6.928154168,50.95839704,nass/feucht,"5,21E+18",Sonstige
158506,5,3,15,0,2021,Juni,10,Dienstag,Unfall mit Schwerverletzten,Unfall anderer Art,Überschreiten-Unfall,Tageslicht,0,1,1,0,0,0,"355475,0947","5647210,495",6.942099118,50.95835875,trocken,"5,21E+18","Fuss, PKW"
158507,5,3,15,0,2021,Dezember,17,Samstag,Unfall mit Schwerverletzten,Zusammenstoß zwischen Fahrzeug und Fußgänger,Abbiegeunfall,Dunkelheit,0,1,1,0,0,0,"354976,5247","5651191,369",6.933416933,50.99400835,nass/feucht,"5,21E+18","Fuss, PKW"
158510,5,3,15,0,2021,Mai,13,Samstag,Unfall mit Leichtverletzten,Zusammenstoß mit einbiegendem / kreuzendem Fahrzeug,Einbiegen / Kreuzen-Unfall,Tageslicht,1,1,0,0,0,0,"352930,0013","5648266,041",6.905458352,50.96720052,trocken,"5,21E+18","Rad, PKW"
158513,5,3,15,0,2021,Dezember,14,Sonntag,Unfall mit Leichtverletzten,Zusammenstoß zwischen Fahrzeug und Fußgänger,Sonstiger Unfall,Tageslicht,0,0,1,0,0,1,"354067,8935","5636618,111",6.926311658,50.86281318,nass/feucht,"5,21E+18","Fuss, Sonstige"
158515,5,3,15,0,2021,Juli,10,Dienstag,Unfall mit Leichtverletzten,Zusammenstoß mit anfahrendem/ anhaltendem/ruhendem Fahrzeug,Unfall durch ruhenden Verkehr,Tageslicht,1,1,0,0,0,0,"355078,7616","5644867,55",6.937392018,50.93720376,trocken,"5,21E+18","Rad, PKW"
158517,5,3,15,0,2021,Dezember,19,Freitag,Unfall mit Leichtverletzten,Unfall anderer Art,Fahrunfall,Dunkelheit,0,0,0,0,0,1,"353287,127","5651161,631",6.909372091,50.99331293,nass/feucht,"5,21E+18",Sonstige
158518,5,3,15,0,2021,November,15,Samstag,Unfall mit Leichtverletzten,Zusammenstoß mit seitlich in gleicher Richtung fahrendem Fahrzeug,Abbiegeunfall,Tageslicht,1,1,0,0,0,0,"355269,3121","5642445,743",6.941063527,50.91548732,trocken,"5,21E+18","Rad, PKW"
158521,5,3,15,0,2021,Juli,12,Samstag,Unfall mit Leichtverletzten,Aufprall auf Fahrbahnhindernis,Sonstiger Unfall,Tageslicht,1,0,0,0,0,1,"354027,8903","5648746,334",6.920890454,50.97179598,trocken,"5,21E+18","Rad, Sonstige"
158523,5,3,15,0,2021,März,13,Donnerstag,Unfall mit Leichtverletzten,Zusammenstoß mit anfahrendem/ anhaltendem/ruhendem Fahrzeug,Sonstiger Unfall,Tageslicht,1,1,0,0,0,0,"352527,8437","5647074,689",6.900217857,50.95639161,trocken,"5,21E+18","Rad, PKW"
158524,5,3,15,0,2021,November,17,Samstag,Unfall mit Leichtverletzten,Zusammenstoß zwischen Fahrzeug und Fußgänger,Abbiegeunfall,Dunkelheit,0,1,1,0,0,0,"353461,798","5648139,315",6.913077762,50.96619721,trocken,"5,21E+18","Fuss, PKW"
158526,5,3,15,0,2021,Juni,0,Sonntag,Unfall mit Leichtverletzten,Zusammenstoß mit einbiegendem / kreuzendem Fahrzeug,Einbiegen / Kreuzen-Unfall,Dunkelheit,1,1,0,0,0,0,"354973,5918","5643911,515",6.936276636,50.92858566,trocken,"5,21E+18","Rad, PKW"
158527,5,3,15,0,2021,September,10,Dienstag,Unfall mit Schwerverletzten,Unfall anderer Art,Abbiegeunfall,Tageslicht,0,1,0,0,0,1,"352017,5832","5650091,769",6.89173017,50.98337366,trocken,"5,21E+18","PKW, Sonstige"