OBJECTID,ULAND,UREGBEZ,UKREIS,UGEMEINDE,UJAHR,UMONAT,USTUNDE,UWOCHENTAG,UKATEGORIE,UART,UTYP1,ULICHTVERH,IstRad,IstPKW,IstFuss,IstKrad,IstGkfz,IstSonstige,LINREFX,LINREFY,XGCSWGS84,YGCSWGS84,USTRZUSTAND,UIDENTSTLAE,Participants
158529,5,3,15,0,2021,September,17,Freitag,Unfall mit Leichtverletzten,Zusammenstoß mit einbiegendem / kreuzendem Fahrzeug,Abbiegeunfall,Tageslicht,1,1,0,0,0,0,"353023,907","5645826,275",6.907779964,50.94529937,trocken,"5,21E+18","Rad, PKW"
158532,5,3,15,0,2021,April,11,Mittwoch,Unfall mit Leichtverletzten,Abkommen von Fahrbahn nach rechts,Überschreiten-Unfall,Tageslicht,1,0,1,0,0,0,"354717,9456","5648083,398",6.930976978,50.96601286,trocken,"5,21E+18","Rad, Fuss"
158533,5,3,15,0,2021,Oktober,17,Mittwoch,Unfall mit Leichtverletzten,Unfall anderer Art,Sonstiger Unfall,Tageslicht,1,1,0,0,0,0,"353715,7959","5642124,648",6.919107465,50.91221005,nass/feucht,"5,21E+18","Rad, PKW"
158537,5,3,15,0,2021,September,8,Samstag,Unfall mit Leichtverletzten,Zusammenstoß mit einbiegendem / kreuzendem Fahrzeug,Einbiegen / Kreuzen-Unfall,Tageslicht,1,0,0,0,0,0,"354783,8295","5643775,927",6.933632206,50.92731942,nass/feucht,"5,21E+18",Rad
158539,5,3,15,0,2021,Februar,15,Dienstag,Unfall mit Leichtverletzten,Unfall anderer Art,Sonstiger Unfall,Tageslicht,1,1,0,0,0,0,"355927,0584","5646120,634",6.948961575,50.94867756,trocken,"5,21E+18","Rad, PKW"
158541,5,3,15,0,2021,März,13,Donnerstag,Unfall mit Leichtverletzten,Zusammenstoß mit einbiegendem / kreuzendem Fahrzeug,Einbiegen / Kreuzen-Unfall,Tageslicht,1,1,0,0,0,0,"351197,5431","5647128,125",6.881268316,50.95652984,trocken,"5,21E+18","Rad, PKW"
158542,5,3,15,0,2021,Januar,7,Mittwoch,Unfall mit Leichtverletzten,Zusammenstoß zwischen Fahrzeug und Fußgänger,Abbiegeunfall,Dunkelheit,0,1,1,0,0,0,"355533,2028","5643356,937",6.94445414,50.92374219,nass/feucht,"5,21E+18","Fuss, PKW"
158543,5,3,15,0,2021,Mai,15,Samstag,Unfall mit Leichtverletzten,Unfall anderer Art,Sonstiger Unfall,Tageslicht,0,1,0,0,0,0,"352791,0729","5647198,871",6.903912935,50.95757488,trocken,"5,21E+18",PKW
158544,5,3,15,0,2021,Mai,9,Donnerstag,Unfall mit Leichtverletzten,Zusammenstoß mit einbiegendem / kreuzendem Fahrzeug,Abbiegeunfall,Tageslicht,1,1,0,0,0,0,"354304,6601","5643428,489",6.926957413,50.92407627,trocken,"5,21E+18","Rad, PKW"
158546,5,3,15,0,2021,Juli,19,Donnerstag,Unfall mit Leichtverletzten,Zusammenstoß mit vorausfahrendem / wartendem Fahrzeug,Unfall im Längsverkehr,Tageslicht,1,1,0,0,0,0,"355124,9659","5645359,64",6.937853492,50.94163766,trocken,"5,21E+18","Rad, PKW"
158547,5,3,15,0,2021,Oktober,7,Mittwoch,Unfall mit Schwerverletzten,Unfall anderer Art,Fahrunfall,Tageslicht,0,0,0,0,0,1,"352052,4397","5645503,68",6.894092013,50.94215189,nass/feucht,"5,21E+18",Sonstige
158548,5,3,15,0,2021,März,8,Samstag,Unfall mit Leichtverletzten,Aufprall auf Fahrbahnhindernis,Unfall durch ruhenden Verkehr,Tageslicht,1,1,0,0,0,1,"355408,6129","5645357,542",6.941888959,50.94169001,trocken,"5,21E+18","Rad, PKW, Sonstige"
158549,5,3,15,0,2021,April,17,Samstag,Unfall mit Leichtverletzten,Zusammenstoß mit einbiegendem / kreuzendem Fahrzeug,Einbiegen / Kreuzen-Unfall,Tageslicht,1,0,0,1,0,0,"354654,1159","5644235,552",6.93160446,50.93141729,trocken,"5,21E+18","Rad, Krad"
158550,5,3,15,0,2021,Juni,15,Donnerstag,Unfall mit Leichtverletzten,Zusammenstoß mit seitlich in gleicher Richtung fahrendem Fahrzeug,Unfall im Längsverkehr,Tageslicht,1,1,0,0,0,0,"351663,3007","5645536,31",6.888543679,50.94234513,trocken,"5,21E+18","Rad, PKW"
158551,5,3,15,0,2021,Mai,16,Dienstag,Unfall mit Schwerverletzten,Zusammenstoß mit einbiegendem / kreuzendem Fahrzeug,Einbiegen / Kreuzen-Unfall,Tageslicht,1,1,0,0,0,0,"355800,5246","5642601,803",6.948553674,50.91702278,trocken,"5,21E+18","Rad, PKW"
158552,5,3,15,0,2021,Oktober,14,Dienstag,Unfall mit Leichtverletzten,Zusammenstoß mit seitlich in gleicher Richtung fahrendem Fahrzeug,Abbiegeunfall,Tageslicht,0,1,0,1,0,0,"353923,739","5646744,671",6.920211678,50.95378138,trocken,"5,21E+18","Krad, PKW"
158553,5,3,15,0,2021,Oktober,9,Sonntag,Unfall mit Leichtverletzten,Abkommen von Fahrbahn nach rechts,Fahrunfall,Tageslicht,1,0,0,0,0,0,"352491,3575","5644635,724",6.900686535,50.93446441,nass/feucht,"5,21E+18",Rad
158555,5,3,15,0,2021,Januar,9,Freitag,Unfall mit Leichtverletzten,Zusammenstoß mit vorausfahrendem / wartendem Fahrzeug,Unfall im Längsverkehr,Tageslicht,0,1,0,0,0,0,"355115,5262","5645933,028",6.937491137,50.94678819,nass/feucht,"5,21E+18",PKW
158557,5,3,15,0,2021,Februar,9,Freitag,Unfall mit Schwerverletzten,Zusammenstoß zwischen Fahrzeug und Fußgänger,Abbiegeunfall,Tageslicht,0,1,1,0,0,0,"351912,5191","5645238,382",6.892209645,50.93973187,trocken,"5,21E+18","Fuss, PKW"
158558,5,3,15,0,2021,Juni,2,Montag,Unfall mit Schwerverletzten,Aufprall auf Fahrbahnhindernis,Fahrunfall,Dunkelheit,1,1,0,0,0,0,"353164,7795","5645810,929",6.909790059,50.94519736,trocken,"5,21E+18","Rad, PKW"
158559,5,3,15,0,2021,Juni,13,Donnerstag,Unfall mit Leichtverletzten,Unfall anderer Art,Unfall durch ruhenden Verkehr,Tageslicht,1,1,0,0,0,0,"355489,1085","5645169,314",6.943108608,50.94001863,trocken,"5,21E+18","Rad, PKW"
158560,5,3,15,0,2021,Dezember,15,Sonntag,Unfall mit Leichtverletzten,Zusammenstoß mit seitlich in gleicher Richtung fahrendem Fahrzeug,Unfall im Längsverkehr,Tageslicht,1,0,0,0,0,0,"355752,7875","5645030,343",6.946914119,50.93883574,trocken,"5,21E+18",Rad
158561,5,3,15,0,2021,September,13,Freitag,Unfall mit Leichtverletzten,Unfall anderer Art,Unfall durch ruhenden Verkehr,Tageslicht,1,1,0,0,0,0,"353702,408","5643339,001",6.918430136,50.92311967,trocken,"5,21E+18","Rad, PKW"
158562,5,3,15,0,2021,Oktober,14,Sonntag,Unfall mit Leichtverletzten,Zusammenstoß mit anfahrendem/ anhaltendem/ruhendem Fahrzeug,Unfall durch ruhenden Verkehr,Tageslicht,1,1,0,0,0,0,"355249,1917","5643008,616",6.940554131,50.92054071,trocken,"5,21E+18","Rad, PKW"
158564,5,3,15,0,2021,Juni,16,Freitag,Unfall mit Leichtverletzten,Unfall anderer Art,Sonstiger Unfall,Tageslicht,1,1,0,0,0,0,"354027,3556","5643831,061",6.922853354,50.92762397,trocken,"5,21E+18","Rad, PKW"
158565,5,3,15,0,2021,Juni,15,Samstag,Unfall mit Leichtverletzten,Zusammenstoß mit einbiegendem / kreuzendem Fahrzeug,Einbiegen / Kreuzen-Unfall,Tageslicht,0,1,0,0,0,0,"354911,8855","5645315,963",6.934840012,50.94119157,trocken,"5,21E+18",PKW
158566,5,3,15,0,2021,April,8,Donnerstag,Unfall mit Leichtverletzten,Zusammenstoß mit seitlich in gleicher Richtung fahrendem Fahrzeug,Abbiegeunfall,Tageslicht,1,1,0,0,0,0,"351916,44","5648669,679",6.890869503,50.97056814,trocken,"5,21E+18","Rad, PKW"
158571,5,3,15,0,2021,November,13,Donnerstag,Unfall mit Leichtverletzten,Zusammenstoß mit anfahrendem/ anhaltendem/ruhendem Fahrzeug,Unfall im Längsverkehr,Tageslicht,0,1,0,0,0,0,"353150,0624","5642937,584",6.910738388,50.91937196,trocken,"5,21E+18",PKW
158573,5,3,15,0,2021,Oktober,5,Samstag,Unfall mit Schwerverletzten,Unfall anderer Art,Unfall durch ruhenden Verkehr,Dunkelheit,0,1,0,1,0,0,"355429,486","5642511,341",6.943314593,50.91611698,trocken,"5,21E+18","Krad, PKW"
158574,5,3,15,0,2021,Mai,8,Freitag,Unfall mit Leichtverletzten,Zusammenstoß mit seitlich in gleicher Richtung fahrendem Fahrzeug,Unfall im Längsverkehr,Tageslicht,1,1,0,0,0,0,"355674,0573","5642301,181",6.946874655,50.91428952,trocken,"5,21E+18","Rad, PKW"
158575,5,3,15,0,2021,Mai,13,Dienstag,Unfall mit Leichtverletzten,Unfall anderer Art,Fahrunfall,Tageslicht,1,0,0,0,0,0,"353896,828","5646566,324",6.919900373,50.95217182,trocken,"5,21E+18",Rad
158576,5,3,15,0,2021,Juni,8,Mittwoch,Unfall mit Leichtverletzten,Unfall anderer Art,Fahrunfall,Tageslicht,0,0,0,1,0,0,"355265,2732","5642384,947",6.941030228,50.91493994,nass/feucht,"5,21E+18",Krad
158577,5,3,15,0,2021,Januar,15,Donnerstag,Unfall mit Leichtverletzten,Zusammenstoß mit vorausfahrendem / wartendem Fahrzeug,Unfall im Längsverkehr,Tageslicht,0,1,0,0,0,0,"352717,704","5656719,029",6.899007025,51.04310864,trocken,"5,21E+18",PKW
158578,5,3,15,0,2021,Dezember,13,Freitag,Unfall mit Leichtverletzten,Zusammenstoß mit einbiegendem / kreuzendem Fahrzeug,Abbiegeunfall,Tageslicht,1,1,0,0,0,0,"354290,9735","5646501,817",6.925533779,50.95169189,trocken,"5,21E+18","Rad, PKW"
158579,5,3,15,0,2021,April,15,Freitag,Unfall mit Leichtverletzten,Unfall anderer Art,Unfall durch ruhenden Verkehr,Tageslicht,0,1,1,0,0,0,"354956,057","5645207,061",6.935511665,50.94022401,trocken,"5,21E+18","Fuss, PKW"
158581,5,3,15,0,2021,Juli,15,Mittwoch,Unfall mit Leichtverletzten,Zusammenstoß mit anfahrendem/ anhaltendem/ruhendem Fahrzeug,Unfall durch ruhenden Verkehr,Tageslicht,1,1,0,0,0,0,"353025,332","5647317,703",6.907198147,50.95870256,trocken,"5,21E+18","Rad, PKW"
158588,5,3,15,0,2021,Mai,18,Dienstag,Unfall mit Leichtverletzten,Zusammenstoß zwischen Fahrzeug und Fußgänger,Sonstiger Unfall,Tageslicht,1,0,1,0,0,0,"354175,3896","5647581,078",6.92345696,50.96136161,trocken,"5,21E+18","Rad, Fuss"
158590,5,3,15,0,2021,April,17,Montag,Unfall mit Leichtverletzten,Zusammenstoß mit anfahrendem/ anhaltendem/ruhendem Fahrzeug,Fahrunfall,Tageslicht,0,1,0,1,0,0,"354970,9619","5648200,432",6.934531123,50.96712836,trocken,"5,21E+18","Krad, PKW"
158591,5,3,15,0,2021,März,14,Donnerstag,Unfall mit Leichtverletzten,Zusammenstoß zwischen Fahrzeug und Fußgänger,Überschreiten-Unfall,Tageslicht,0,1,1,0,0,0,"351940,4735","5649373,303",6.890925056,50.9768974,trocken,"5,21E+18","Fuss, PKW"
158592,5,3,15,0,2021,April,23,Freitag,Unfall mit Leichtverletzten,Zusammenstoß mit einbiegendem / kreuzendem Fahrzeug,Einbiegen / Kreuzen-Unfall,Dunkelheit,1,1,0,0,0,0,"355883,8879","5644616,42",6.948942517,50.93514867,trocken,"5,21E+18","Rad, PKW"
158596,5,3,15,0,2021,Juli,13,Samstag,Unfall mit Leichtverletzten,Unfall anderer Art,Fahrunfall,Tageslicht,1,1,0,0,0,0,"352545,3123","5642847,039",6.902177251,50.91840405,trocken,"5,21E+18","Rad, PKW"
158597,5,3,15,0,2021,Juni,19,Dienstag,Unfall mit Leichtverletzten,Zusammenstoß mit entgegenkommendem Fahrzeug,Abbiegeunfall,Tageslicht,1,0,0,0,1,0,"354608,4695","5653513,694",6.927245611,51.01478531,trocken,"5,21E+18","Rad, Gkfz"
158598,5,3,15,0,2021,November,7,Samstag,Unfall mit Leichtverletzten,Zusammenstoß zwischen Fahrzeug und Fußgänger,Überschreiten-Unfall,Dunkelheit,0,1,1,0,0,0,"353505,5072","5645695,674",6.91468326,50.94424829,nass/feucht,"5,21E+18","Fuss, PKW"
158599,5,3,15,0,2021,Juni,11,Mittwoch,Unfall mit Leichtverletzten,Unfall anderer Art,Abbiegeunfall,Tageslicht,0,1,0,0,0,1,"355080,4095","5641297,902",6.938833878,50.90512448,trocken,"5,21E+18","PKW, Sonstige"
158600,5,3,15,0,2021,Februar,7,Freitag,Unfall mit Leichtverletzten,Zusammenstoß mit entgegenkommendem Fahrzeug,Unfall im Längsverkehr,Dämmerung,0,1,0,0,0,0,"352276,5402","5650851,447",6.895107946,50.99026698,winterglatt,"5,21E+18",PKW
158602,5,3,15,0,2021,September,13,Sonntag,Unfall mit Leichtverletzten,Aufprall auf Fahrbahnhindernis,Fahrunfall,Tageslicht,0,0,0,1,0,0,"354720,7786","5644357,191",6.932503984,50.93252722,trocken,"5,21E+18",Krad
158605,5,3,15,0,2021,Oktober,8,Dienstag,Unfall mit Schwerverletzten,Zusammenstoß mit einbiegendem / kreuzendem Fahrzeug,Fahrunfall,Tageslicht,1,0,0,0,0,0,"353396,493","5644522,313",6.913604705,50.93367602,nass/feucht,"5,21E+18",Rad
158606,5,3,15,0,2021,Juni,1,Donnerstag,Unfall mit Schwerverletzten,Unfall anderer Art,Fahrunfall,Dunkelheit,1,0,0,0,0,0,"353947,3498","5647217,829",6.920357746,50.95803947,trocken,"5,21E+18",Rad
158608,5,3,15,0,2021,Juni,15,Samstag,Unfall mit Leichtverletzten,Zusammenstoß mit vorausfahrendem / wartendem Fahrzeug,Unfall im Längsverkehr,Tageslicht,0,1,0,0,0,0,"353613,1223","5653509,789",6.913067194,51.01449772,trocken,"5,21E+18",PKW
158609,5,3,15,0,2021,Dezember,14,Sonntag,Unfall mit Leichtverletzten,Zusammenstoß mit einbiegendem / kreuzendem Fahrzeug,Abbiegeunfall,Tageslicht,0,1,0,0,0,1,"354197,9022","5645218,231",6.924723518,50.94013319,nass/feucht,"5,21E+18","PKW, Sonstige"
158610,5,3,15,0,2021,Juni,10,Montag,Unfall mit Leichtverletzten,Unfall anderer Art,Unfall im Längsverkehr,Tageslicht,1,0,0,0,0,0,"355087,9753","5645951,883",6.937091703,50.94695071,trocken,"5,21E+18",Rad
158613,5,3,15,0,2021,Januar,7,Donnerstag,Unfall mit Leichtverletzten,Unfall anderer Art,Überschreiten-Unfall,Dunkelheit,0,1,1,0,0,0,"353224,842","5651410,762",6.908384495,50.99553587,nass/feucht,"5,21E+18","Fuss, PKW"
158616,5,3,15,0,2021,Mai,17,Sonntag,Unfall mit Leichtverletzten,Unfall anderer Art,Fahrunfall,Tageslicht,1,0,0,0,0,0,"355585,5799","5641913,698",6.945770232,50.91078514,trocken,"5,21E+18",Rad
158617,5,3,15,0,2021,Oktober,14,Dienstag,Unfall mit Leichtverletzten,Unfall anderer Art,Fahrunfall,Tageslicht,0,1,1,0,0,0,"353819,3222","5646810,481",6.918699646,50.95434632,trocken,"5,21E+18","Fuss, PKW"
158618,5,3,15,0,2021,Dezember,17,Samstag,Unfall mit Leichtverletzten,Zusammenstoß zwischen Fahrzeug und Fußgänger,Sonstiger Unfall,Dunkelheit,0,1,1,0,0,0,"355167,1195","5641800,436",6.939866878,50.90966242,trocken,"5,21E+18","Fuss, PKW"
158620,5,3,15,0,2021,Oktober,18,Dienstag,Unfall mit Schwerverletzten,Unfall anderer Art,Fahrunfall,Tageslicht,1,0,0,0,0,0,"354043,8299","5643202,098",6.923339376,50.92197584,trocken,"5,21E+18",Rad
158621,5,3,15,0,2021,November,15,Samstag,Unfall mit Leichtverletzten,Unfall anderer Art,Fahrunfall,Tageslicht,1,0,0,0,0,0,"354977,2584","5643912,472",6.936328395,50.92859518,nass/feucht,"5,21E+18",Rad
158622,5,3,15,0,2021,Februar,9,Montag,Unfall mit Leichtverletzten,Unfall anderer Art,Fahrunfall,Tageslicht,0,0,0,1,0,0,"351715,599","5646048,445",6.889079061,50.94696087,trocken,"5,21E+18",Krad
158624,5,3,15,0,2021,Januar,11,Freitag,Unfall mit Leichtverletzten,Zusammenstoß mit entgegenkommendem Fahrzeug,Abbiegeunfall,Tageslicht,1,0,0,0,1,0,"353015,4089","5646329,663",6.907455899,50.94982094,nass/feucht,"5,21E+18","Rad, Gkfz"
158626,5,3,15,0,2021,September,17,Donnerstag,Unfall mit Leichtverletzten,Zusammenstoß mit vorausfahrendem / wartendem Fahrzeug,Unfall im Längsverkehr,Tageslicht,0,1,0,0,0,0,"355697,1352","5648137,508",6.944890938,50.96674525,nass/feucht,"5,21E+18",PKW
158628,5,3,15,0,2021,März,5,Freitag,Unfall mit Leichtverletzten,Zusammenstoß mit einbiegendem / kreuzendem Fahrzeug,Abbiegeunfall,Dunkelheit,0,1,0,0,0,0,"353736,1688","5649920,428",6.916265978,50.98227307,nass/feucht,"5,21E+18",PKW
158631,5,3,15,0,2021,November,20,Samstag,Unfall mit Leichtverletzten,Zusammenstoß mit einbiegendem / kreuzendem Fahrzeug,Einbiegen / Kreuzen-Unfall,Dunkelheit,1,1,0,0,0,0,"355416,038","5644387,57",6.942379462,50.93297494,nass/feucht,"5,21E+18","Rad, PKW"
158639,5,3,15,0,2021,Dezember,7,Donnerstag,Unfall mit Leichtverletzten,Unfall anderer Art,Fahrunfall,Dunkelheit,0,0,0,1,0,0,"353476,4865","5643595,119",6.91511501,50.92536399,winterglatt,"5,21E+18",Krad
158640,5,3,15,0,2021,November,10,Donnerstag,Unfall mit Leichtverletzten,Zusammenstoß zwischen Fahrzeug und Fußgänger,Sonstiger Unfall,Tageslicht,0,0,1,0,1,0,"355001,1193","5642825,76",6.93709981,50.91883513,nass/feucht,"5,21E+18","Fuss, Gkfz"
158643,5,3,15,0,2021,Juni,13,Dienstag,Unfall mit Leichtverletzten,Unfall anderer Art,Einbiegen / Kreuzen-Unfall,Tageslicht,1,1,0,0,0,0,"355556,0267","5641546,632",6.945495417,50.90747898,trocken,"5,21E+18","Rad, PKW"
158645,5,3,15,0,2021,Oktober,21,Dienstag,Unfall mit Schwerverletzten,Unfall anderer Art,Fahrunfall,Dunkelheit,0,0,0,0,0,1,"353555,2477","5642301,626",6.916754249,50.91375978,trocken,"5,21E+18",Sonstige
158646,5,3,15,0,2021,März,16,Sonntag,Unfall mit Schwerverletzten,Zusammenstoß zwischen Fahrzeug und Fußgänger,Überschreiten-Unfall,Tageslicht,0,1,1,0,0,0,"355114,7514","5641161,017",6.939376308,50.90390294,trocken,"5,21E+18","Fuss, PKW"
158647,5,3,15,0,2021,April,18,Samstag,Unfall mit Schwerverletzten,Zusammenstoß mit entgegenkommendem Fahrzeug,Abbiegeunfall,Tageslicht,0,1,0,0,0,0,"352333,4049","5646674,651",6.897613611,50.95274687,trocken,"5,21E+18",PKW
158648,5,3,15,0,2021,Oktober,2,Sonntag,Unfall mit Schwerverletzten,Unfall anderer Art,Fahrunfall,Dunkelheit,0,0,0,0,0,1,"354006,5625","5644709,11",6.922205991,50.93550946,trocken,"5,21E+18",Sonstige
158650,5,3,15,0,2021,Mai,10,Samstag,Unfall mit Leichtverletzten,Zusammenstoß mit seitlich in gleicher Richtung fahrendem Fahrzeug,Unfall im Längsverkehr,Tageslicht,1,0,0,0,0,0,"354873,7475","5646438,885",6.933850065,50.95127337,trocken,"5,21E+18",Rad
158651,5,3,15,0,2021,Dezember,8,Dienstag,Unfall mit Leichtverletzten,Zusammenstoß mit einbiegendem / kreuzendem Fahrzeug,Einbiegen / Kreuzen-Unfall,Tageslicht,1,1,0,0,0,0,"351890,9706","5655019,576",6.887916827,51.02762426,nass/feucht,"5,21E+18","Rad, PKW"
158653,5,3,15,0,2021,Juni,15,Dienstag,Unfall mit Leichtverletzten,Unfall anderer Art,Sonstiger Unfall,Tageslicht,0,0,0,0,0,1,"353408,0099","5647998,521",6.912369017,50.96491827,trocken,"5,21E+18",Sonstige
158654,5,3,15,0,2021,Juni,17,Samstag,Unfall mit Leichtverletzten,Unfall anderer Art,Sonstiger Unfall,Tageslicht,1,0,1,0,0,0,"352944,1876","5647141,414",6.906114772,50.95709763,trocken,"5,21E+18","Rad, Fuss"
158657,5,3,15,0,2021,September,15,Dienstag,Unfall mit Leichtverletzten,Abkommen von Fahrbahn nach rechts,Fahrunfall,Tageslicht,0,0,0,0,1,1,"354547,352","5653468,615",6.926392983,51.01436475,trocken,"5,21E+18","Gkfz, Sonstige"
158659,5,3,15,0,2021,Oktober,16,Donnerstag,Unfall mit Leichtverletzten,Zusammenstoß mit seitlich in gleicher Richtung fahrendem Fahrzeug,Unfall im Längsverkehr,Tageslicht,1,1,0,0,0,0,"355113,3243","5643790,079",6.938311912,50.92752945,trocken,"5,21E+18","Rad, PKW"
158660,5,3,15,0,2021,Juni,17,Mittwoch,Unfall mit Leichtverletzten,Zusammenstoß mit einbiegendem / kreuzendem Fahrzeug,Einbiegen / Kreuzen-Unfall,Tageslicht,1,1,0,0,0,0,"352185,5125","5648478,785",6.894776673,50.96892179,trocken,"5,21E+18","Rad, PKW"
158662,5,3,15,0,2021,Juni,22,Sonntag,Unfall mit Schwerverletzten,Unfall anderer Art,Fahrunfall,Dämmerung,1,0,0,0,0,0,"355305,5043","5642679,455",6.941485343,50.91759672,nass/feucht,"5,21E+18",Rad
158663,5,3,15,0,2021,Juni,1,Sonntag,Unfall mit Schwerverletzten,Unfall anderer Art,Sonstiger Unfall,Dunkelheit,0,0,0,0,0,1,"354729,6673","5644289,007",6.932657568,50.93191671,trocken,"5,21E+18",Sonstige
158664,5,3,15,0,2021,März,9,Mittwoch,Unfall mit Schwerverletzten,Zusammenstoß mit einbiegendem / kreuzendem Fahrzeug,Einbiegen / Kreuzen-Unfall,Tageslicht,0,1,0,1,0,0,"355911,4163","5647359,91",6.94824851,50.95981077,trocken,"5,21E+18","Krad, PKW"
158666,5,3,15,0,2021,Januar,7,Donnerstag,Unfall mit Leichtverletzten,Unfall anderer Art,Unfall durch ruhenden Verkehr,Tageslicht,1,0,0,0,1,0,"353820,0023","5642291,79",6.920521796,50.91373851,nass/feucht,"5,21E+18","Rad, Gkfz"
158669,5,3,15,0,2021,Mai,22,Sonntag,Unfall mit Leichtverletzten,Zusammenstoß mit einbiegendem / kreuzendem Fahrzeug,Sonstiger Unfall,Dunkelheit,1,1,0,0,0,0,"354305,5897","5646033,117",6.925929265,50.94748353,trocken,"5,21E+18","Rad, PKW"
158670,5,3,15,0,2021,Mai,14,Donnerstag,Unfall mit Leichtverletzten,Zusammenstoß mit vorausfahrendem / wartendem Fahrzeug,Unfall im Längsverkehr,Tageslicht,0,0,0,1,0,1,"355305,8091","5654612,399",6.936741863,51.02483485,trocken,"5,21E+18","Krad, Sonstige"
158674,5,3,15,0,2021,November,12,Samstag,Unfall mit Leichtverletzten,Zusammenstoß mit einbiegendem / kreuzendem Fahrzeug,Einbiegen / Kreuzen-Unfall,Tageslicht,0,1,0,0,0,1,"355532,176","5643403,912",6.944420931,50.92416409,nass/feucht,"5,21E+18","PKW, Sonstige"
158675,5,3,15,0,2021,Juni,10,Dienstag,Unfall mit Leichtverletzten,Zusammenstoß mit seitlich in gleicher Richtung fahrendem Fahrzeug,Unfall im Längsverkehr,Tageslicht,0,1,0,0,0,0,"351598,001","5653176,266",6.88449629,51.01098411,trocken,"5,21E+18",PKW
158676,5,3,15,0,2021,Februar,12,Sonntag,Unfall mit Schwerverletzten,Unfall anderer Art,Unfall durch ruhenden Verkehr,Tageslicht,0,1,0,0,0,0,"355813,4799","5648869,516",6.946256532,50.97335276,trocken,"5,21E+18",PKW
158678,5,3,15,0,2021,September,23,Donnerstag,Unfall mit Leichtverletzten,Unfall anderer Art,Fahrunfall,Dunkelheit,1,0,0,0,0,0,"353709,5969","5644717,831",6.917979024,50.93551258,trocken,"5,21E+18",Rad
158679,5,3,15,0,2021,November,7,Mittwoch,Unfall mit Schwerverletzten,Zusammenstoß mit einbiegendem / kreuzendem Fahrzeug,Einbiegen / Kreuzen-Unfall,Dunkelheit,1,0,0,0,0,0,"355182,1024","5642702,495",6.939721816,50.91777283,nass/feucht,"5,21E+18",Rad
158681,5,3,15,0,2021,Oktober,20,Samstag,Unfall mit Leichtverletzten,Unfall anderer Art,Fahrunfall,Dunkelheit,1,0,0,0,0,0,"354032,722","5643290,728",6.923145968,50.92276951,trocken,"5,21E+18",Rad
158682,5,3,15,0,2021,Oktober,15,Sonntag,Unfall mit Leichtverletzten,Zusammenstoß mit einbiegendem / kreuzendem Fahrzeug,Abbiegeunfall,Tageslicht,1,1,0,0,0,0,"355039,5484","5645981,103",6.936391165,50.94720112,nass/feucht,"5,21E+18","Rad, PKW"
158684,5,3,15,0,2021,Juni,15,Montag,Unfall mit Leichtverletzten,Unfall anderer Art,Fahrunfall,Tageslicht,1,0,0,0,0,0,"353093,2004","5647194,147",6.908213723,50.95760953,trocken,"5,21E+18",Rad
158685,5,3,15,0,2021,Oktober,17,Samstag,Unfall mit Leichtverletzten,Unfall anderer Art,Fahrunfall,Tageslicht,1,0,0,0,0,0,"351272,988","5644511,549",6.883410217,50.93303562,trocken,"5,21E+18",Rad
158688,5,3,15,0,2021,März,13,Freitag,Unfall mit Leichtverletzten,Zusammenstoß mit einbiegendem / kreuzendem Fahrzeug,Unfall durch ruhenden Verkehr,Tageslicht,0,1,0,0,0,1,"354514,3848","5642372,263",6.930360715,50.91463715,trocken,"5,21E+18","PKW, Sonstige"
158697,5,3,15,0,2021,April,20,Mittwoch,Unfall mit Leichtverletzten,Zusammenstoß mit vorausfahrendem / wartendem Fahrzeug,Unfall im Längsverkehr,Tageslicht,0,1,0,0,0,0,"354032,653","5644156,427",6.922798402,50.93054927,trocken,"5,21E+18",PKW
158700,5,3,15,0,2021,Februar,18,Freitag,Unfall mit Leichtverletzten,Zusammenstoß mit einbiegendem / kreuzendem Fahrzeug,Einbiegen / Kreuzen-Unfall,Dunkelheit,1,1,0,0,0,0,"352895,2941","5648920,665",6.904699634,50.97307446,trocken,"5,21E+18","Rad, PKW"
158703,5,3,15,0,2021,Oktober,22,Mittwoch,Unfall mit Leichtverletzten,Unfall anderer Art,Fahrunfall,Dunkelheit,0,0,0,0,0,1,"354999,8811","5643932,042",6.936642309,50.92877674,trocken,"5,21E+18",Sonstige
158706,5,3,15,0,2021,September,15,Dienstag,Unfall mit Leichtverletzten,Zusammenstoß mit einbiegendem / kreuzendem Fahrzeug,Einbiegen / Kreuzen-Unfall,Tageslicht,1,1,0,0,0,0,"355328,191","5644419,763",6.941117367,50.93324222,trocken,"5,21E+18","Rad, PKW"
158708,5,3,15,0,2021,Januar,9,Freitag,Unfall mit Leichtverletzten,Zusammenstoß mit entgegenkommendem Fahrzeug,Unfall im Längsverkehr,Tageslicht,0,1,0,0,0,0,"355722,7954","5640773,103",6.948171537,50.90056907,trocken,"5,21E+18",PKW
158709,5,3,15,0,2021,Mai,19,Samstag,Unfall mit Leichtverletzten,Zusammenstoß mit vorausfahrendem / wartendem Fahrzeug,Unfall im Längsverkehr,Tageslicht,1,1,0,0,0,0,"353364,971","5647114,475",6.912112778,50.95696276,trocken,"5,21E+18","Rad, PKW"
158710,5,3,15,0,2021,September,21,Freitag,Unfall mit Leichtverletzten,Unfall anderer Art,Unfall durch ruhenden Verkehr,Dunkelheit,1,1,0,0,0,0,"353968,3955","5646716,703",6.920858255,50.95354136,trocken,"5,21E+18","Rad, PKW"