OBJECTID,ULAND,UREGBEZ,UKREIS,UGEMEINDE,UJAHR,UMONAT,USTUNDE,UWOCHENTAG,UKATEGORIE,UART,UTYP1,ULICHTVERH,IstRad,IstPKW,IstFuss,IstKrad,IstGkfz,IstSonstige,LINREFX,LINREFY,XGCSWGS84,YGCSWGS84,USTRZUSTAND,UIDENTSTLAE,Participants
158713,5,3,15,0,2021,November,18,Dienstag,Unfall mit Leichtverletzten,Zusammenstoß mit einbiegendem / kreuzendem Fahrzeug,Einbiegen / Kreuzen-Unfall,Dunkelheit,1,0,0,0,0,1,"354221,7511","5646772,271",6.924440648,50.95410487,nass/feucht,"5,21E+18","Rad, Sonstige"
158714,5,3,15,0,2021,Mai,16,Mittwoch,Unfall mit Leichtverletzten,Zusammenstoß mit einbiegendem / kreuzendem Fahrzeug,Abbiegeunfall,Tageslicht,1,1,0,0,0,0,"355035,956","5645982,545",6.936339486,50.94721318,trocken,"5,21E+18","Rad, PKW"
158715,5,3,15,0,2021,November,2,Dienstag,Unfall mit Leichtverletzten,Zusammenstoß zwischen Fahrzeug und Fußgänger,Unfall im Längsverkehr,Dunkelheit,0,1,1,0,0,0,"352205,4582","5654382,814",6.892657843,51.02198302,trocken,"5,21E+18","Fuss, PKW"
158718,5,3,15,0,2021,Februar,15,Sonntag,Unfall mit Leichtverletzten,Unfall anderer Art,Abbiegeunfall,Tageslicht,0,0,1,1,0,0,"353215,1618","5653221,844",6.9075143,51.01180867,trocken,"5,21E+18","Fuss, Krad"
158722,5,3,15,0,2021,Februar,8,Mittwoch,Unfall mit Leichtverletzten,Unfall anderer Art,Fahrunfall,Tageslicht,1,0,0,0,0,0,"353725,9471","5642142,036",6.919244793,50.91236888,nass/feucht,"5,21E+18",Rad
158724,5,3,15,0,2021,März,19,Mittwoch,Unfall mit Leichtverletzten,Zusammenstoß mit vorausfahrendem / wartendem Fahrzeug,Unfall im Längsverkehr,Dunkelheit,0,1,0,0,0,0,"355361,1319","5643579,994",6.941919038,50.92570365,nass/feucht,"5,21E+18",PKW
158725,5,3,15,0,2021,Februar,9,Freitag,Unfall mit Leichtverletzten,Zusammenstoß mit einbiegendem / kreuzendem Fahrzeug,Einbiegen / Kreuzen-Unfall,Tageslicht,1,1,0,0,0,0,"354654,1766","5644235,577",6.931605314,50.93141752,nass/feucht,"5,21E+18","Rad, PKW"
158726,5,3,15,0,2021,Mai,15,Montag,Unfall mit Leichtverletzten,Zusammenstoß zwischen Fahrzeug und Fußgänger,Sonstiger Unfall,Tageslicht,1,0,1,0,0,0,"355794,8302","5644822,208",6.947594482,50.93697579,trocken,"5,21E+18","Rad, Fuss"
158727,5,3,15,0,2021,Juni,15,Donnerstag,Unfall mit Leichtverletzten,Zusammenstoß mit einbiegendem / kreuzendem Fahrzeug,Abbiegeunfall,Tageslicht,0,1,0,0,0,0,"352881,0095","5647327,079",6.905140787,50.95874999,trocken,"5,21E+18",PKW
158728,5,3,15,0,2021,Oktober,15,Sonntag,Unfall mit Schwerverletzten,Unfall anderer Art,Fahrunfall,Tageslicht,1,0,0,0,0,0,"353800,6374","5642260,957",6.92025887,50.91345652,trocken,"5,21E+18",Rad
158729,5,3,15,0,2021,Oktober,7,Dienstag,Unfall mit Leichtverletzten,Zusammenstoß mit einbiegendem / kreuzendem Fahrzeug,Einbiegen / Kreuzen-Unfall,Dämmerung,1,1,0,0,0,0,"352769,1747","5654342,844",6.900706091,51.02176847,trocken,"5,21E+18","Rad, PKW"
158730,5,3,15,0,2021,Februar,9,Freitag,Unfall mit Leichtverletzten,Zusammenstoß mit seitlich in gleicher Richtung fahrendem Fahrzeug,Abbiegeunfall,Tageslicht,1,1,0,0,0,0,"354104,4958","5642724,156",6.9243931,50.91769605,trocken,"5,21E+18","Rad, PKW"
158731,5,3,15,0,2021,November,17,Sonntag,Unfall mit Schwerverletzten,Zusammenstoß zwischen Fahrzeug und Fußgänger,Sonstiger Unfall,Dämmerung,0,1,1,0,0,0,"354885,71","5644406,718",6.934829803,50.93301383,nass/feucht,"5,21E+18","Fuss, PKW"
158732,5,3,15,0,2021,Juni,7,Samstag,Unfall mit Schwerverletzten,Zusammenstoß mit einbiegendem / kreuzendem Fahrzeug,Abbiegeunfall,Tageslicht,1,1,0,0,0,0,"351519,24","5649427,019",6.884907108,50.97727165,trocken,"5,21E+18","Rad, PKW"
158735,5,3,15,0,2021,September,8,Freitag,Unfall mit Leichtverletzten,Unfall anderer Art,Unfall im Längsverkehr,Tageslicht,0,1,0,0,0,0,"353073,323","5642948,304",6.909643061,50.91944876,trocken,"5,21E+18",PKW
158736,5,3,15,0,2021,Juni,8,Donnerstag,Unfall mit Leichtverletzten,Zusammenstoß zwischen Fahrzeug und Fußgänger,Abbiegeunfall,Tageslicht,0,1,1,0,0,0,"355647,5432","5648740,753",6.943945728,50.97215404,trocken,"5,21E+18","Fuss, PKW"
158739,5,3,15,0,2021,November,11,Montag,Unfall mit Leichtverletzten,Unfall anderer Art,Sonstiger Unfall,Tageslicht,1,0,0,0,0,0,"354557,3964","5643582,466",6.930489573,50.92552379,trocken,"5,21E+18",Rad
158741,5,3,15,0,2021,April,17,Samstag,Unfall mit Leichtverletzten,Zusammenstoß zwischen Fahrzeug und Fußgänger,Sonstiger Unfall,Tageslicht,0,1,1,0,0,0,"355306,4495","5647881,382",6.939432649,50.96434552,trocken,"5,21E+18","Fuss, PKW"
158745,5,3,15,0,2021,Dezember,12,Dienstag,Unfall mit Schwerverletzten,Zusammenstoß mit entgegenkommendem Fahrzeug,Abbiegeunfall,Tageslicht,1,1,0,0,0,0,"351915,4349","5648670,436",6.890854889,50.97057468,trocken,"5,21E+18","Rad, PKW"
158749,5,3,15,0,2021,März,18,Sonntag,Unfall mit Schwerverletzten,Zusammenstoß mit anfahrendem/ anhaltendem/ruhendem Fahrzeug,Sonstiger Unfall,Dunkelheit,1,1,0,0,0,0,"355594,5321","5645602,876",6.944436248,50.94394137,trocken,"5,21E+18","Rad, PKW"
158750,5,3,15,0,2021,März,14,Donnerstag,Unfall mit Schwerverletzten,Unfall anderer Art,Abbiegeunfall,Tageslicht,1,1,0,0,0,0,"352804,06","5647212,918",6.904092043,50.95770443,trocken,"5,21E+18","Rad, PKW"
158752,5,3,15,0,2021,September,16,Donnerstag,Unfall mit Leichtverletzten,Zusammenstoß mit einbiegendem / kreuzendem Fahrzeug,Einbiegen / Kreuzen-Unfall,Tageslicht,0,1,0,0,0,1,"354601,738","5646271,69",6.930046956,50.94970229,trocken,"5,21E+18","PKW, Sonstige"
158753,5,3,15,0,2021,Mai,17,Donnerstag,Unfall mit Leichtverletzten,Unfall anderer Art,Fahrunfall,Tageslicht,0,0,0,0,0,1,"353845,3389","5650594,934",6.917548867,50.98836229,nass/feucht,"5,21E+18",Sonstige
158757,5,3,15,0,2021,Juni,0,Dienstag,Unfall mit Leichtverletzten,Unfall anderer Art,Fahrunfall,Dunkelheit,0,0,0,0,0,1,"354703,967","5643730,571",6.932514661,50.92689171,nass/feucht,"5,21E+18",Sonstige
158758,5,3,15,0,2021,März,21,Sonntag,Unfall mit Leichtverletzten,Unfall anderer Art,Überschreiten-Unfall,Dunkelheit,0,1,1,0,0,0,"351737,084","5648526,051",6.88837537,50.9692313,trocken,"5,21E+18","Fuss, PKW"
158759,5,3,15,0,2021,April,11,Samstag,Unfall mit Schwerverletzten,Zusammenstoß mit einbiegendem / kreuzendem Fahrzeug,Einbiegen / Kreuzen-Unfall,Tageslicht,1,1,0,0,0,0,"355890,119","5642814,084",6.949743546,50.91895291,trocken,"5,21E+18","Rad, PKW"
158760,5,3,15,0,2021,November,17,Freitag,Unfall mit Leichtverletzten,Zusammenstoß mit vorausfahrendem / wartendem Fahrzeug,Abbiegeunfall,Dunkelheit,0,1,0,0,0,0,"352902,8711","5647403,778",6.905420855,50.95944483,nass/feucht,"5,21E+18",PKW
158761,5,3,15,0,2021,Juni,6,Dienstag,Unfall mit Leichtverletzten,Unfall anderer Art,Einbiegen / Kreuzen-Unfall,Tageslicht,1,0,0,0,1,0,"354137,505","5649252,792",6.922247453,50.9763751,trocken,"5,21E+18","Rad, Gkfz"
158764,5,3,15,0,2021,Mai,9,Donnerstag,Unfall mit Leichtverletzten,Zusammenstoß mit einbiegendem / kreuzendem Fahrzeug,Unfall durch ruhenden Verkehr,Tageslicht,1,1,0,0,0,0,"353585,065","5648500,577",6.914686607,50.96947507,nass/feucht,"5,21E+18","Rad, PKW"
158765,5,3,15,0,2021,Mai,23,Montag,Unfall mit Schwerverletzten,Zusammenstoß mit seitlich in gleicher Richtung fahrendem Fahrzeug,Unfall im Längsverkehr,Dunkelheit,0,0,0,0,0,1,"355165,7733","5647132,912",6.937728591,50.95758386,trocken,"5,21E+18",Sonstige
158767,5,3,15,0,2021,November,10,Mittwoch,Unfall mit Leichtverletzten,Zusammenstoß zwischen Fahrzeug und Fußgänger,Unfall im Längsverkehr,Tageslicht,0,1,0,0,0,1,"353268,1784","5646376,008",6.911033212,50.95030183,nass/feucht,"5,21E+18","PKW, Sonstige"
158768,5,3,15,0,2021,Oktober,16,Dienstag,Unfall mit Leichtverletzten,Unfall anderer Art,Fahrunfall,Tageslicht,1,0,0,0,0,0,"355260,6219","5642339,689",6.940982059,50.91453205,trocken,"5,21E+18",Rad
158770,5,3,15,0,2021,Dezember,23,Sonntag,Unfall mit Leichtverletzten,Abkommen von Fahrbahn nach links,Sonstiger Unfall,Dunkelheit,0,1,0,0,0,0,"356038,31","5651073,345",6.948583729,50.99321429,nass/feucht,"5,21E+18",PKW
158771,5,3,15,0,2021,Mai,23,Montag,Unfall mit Schwerverletzten,Zusammenstoß mit anfahrendem/ anhaltendem/ruhendem Fahrzeug,Fahrunfall,Dunkelheit,0,1,0,0,0,0,"353737,1258","5645536,646",6.918041829,50.94287797,trocken,"5,21E+18",PKW
158776,5,3,15,0,2021,Februar,16,Sonntag,Unfall mit Leichtverletzten,Zusammenstoß zwischen Fahrzeug und Fußgänger,Unfall im Längsverkehr,Tageslicht,1,0,1,0,0,0,"351973,2604","5647079,334",6.892325237,50.95629117,trocken,"5,21E+18","Rad, Fuss"
158778,5,3,15,0,2021,Mai,3,Sonntag,Unfall mit Leichtverletzten,Unfall anderer Art,Sonstiger Unfall,Dunkelheit,1,0,0,0,0,0,"353032,2785","5645936,745",6.90785447,50.94629426,trocken,"5,21E+18",Rad
158780,5,3,15,0,2021,Juni,9,Dienstag,Unfall mit Leichtverletzten,Zusammenstoß mit seitlich in gleicher Richtung fahrendem Fahrzeug,Unfall im Längsverkehr,Tageslicht,1,1,0,0,0,0,"355631,4616","5646913,93",6.94444174,50.95573278,trocken,"5,21E+18","Rad, PKW"
158781,5,3,15,0,2021,März,19,Donnerstag,Unfall mit Leichtverletzten,Zusammenstoß mit anfahrendem/ anhaltendem/ruhendem Fahrzeug,Unfall durch ruhenden Verkehr,Dämmerung,1,1,0,0,0,0,"354407,476","5643471,692",6.928402068,50.92449048,trocken,"5,21E+18","Rad, PKW"
158782,5,3,15,0,2021,Februar,8,Freitag,Unfall mit Leichtverletzten,Unfall anderer Art,Überschreiten-Unfall,Tageslicht,0,1,1,0,0,0,"353782,6365","5649863,707",6.916950328,50.98177514,trocken,"5,21E+18","Fuss, PKW"
158783,5,3,15,0,2021,September,15,Donnerstag,Unfall mit Leichtverletzten,Unfall anderer Art,Unfall im Längsverkehr,Tageslicht,0,0,0,1,0,0,"355546,6016","5654661,106",6.940153647,51.02533312,nass/feucht,"5,21E+18",Krad
158786,5,3,15,0,2021,Juni,15,Montag,Unfall mit Leichtverletzten,Zusammenstoß mit anfahrendem/ anhaltendem/ruhendem Fahrzeug,Unfall durch ruhenden Verkehr,Tageslicht,1,1,0,0,0,0,"354887,9939","5644961,807",6.934641242,50.93800284,trocken,"5,21E+18","Rad, PKW"
158788,5,3,15,0,2021,Dezember,12,Freitag,Unfall mit Leichtverletzten,Zusammenstoß zwischen Fahrzeug und Fußgänger,Überschreiten-Unfall,Tageslicht,1,0,1,0,0,0,"355881,0842","5644896,924",6.948791701,50.93766881,trocken,"5,21E+18","Rad, Fuss"
158789,5,3,15,0,2021,Mai,12,Donnerstag,Unfall mit Leichtverletzten,Unfall anderer Art,Sonstiger Unfall,Tageslicht,1,0,0,0,0,0,"353907,938","5642785,275",6.921574225,50.91819558,trocken,"5,21E+18",Rad
158792,5,3,15,0,2021,November,13,Mittwoch,Unfall mit Leichtverletzten,Zusammenstoß zwischen Fahrzeug und Fußgänger,Sonstiger Unfall,Tageslicht,0,0,1,0,0,1,"354343,067","5645497,013",6.926676809,50.9426752,nass/feucht,"5,21E+18","Fuss, Sonstige"
158793,5,3,15,0,2021,November,20,Freitag,Unfall mit Leichtverletzten,Zusammenstoß mit einbiegendem / kreuzendem Fahrzeug,Einbiegen / Kreuzen-Unfall,Dunkelheit,0,1,0,0,0,0,"353618,261","5651481,562",6.913958383,50.99627232,trocken,"5,21E+18",PKW
158794,5,3,15,0,2021,Dezember,11,Mittwoch,Unfall mit Leichtverletzten,Zusammenstoß mit vorausfahrendem / wartendem Fahrzeug,Unfall im Längsverkehr,Tageslicht,0,1,0,0,0,0,"355161,0056","5645917,364",6.938144342,50.94665885,nass/feucht,"5,21E+18",PKW
158795,5,3,15,0,2021,September,12,Donnerstag,Unfall mit Leichtverletzten,Zusammenstoß mit seitlich in gleicher Richtung fahrendem Fahrzeug,Abbiegeunfall,Tageslicht,0,1,0,0,0,1,"355313,6334","5642608,709",6.941628972,50.91696298,nass/feucht,"5,21E+18","PKW, Sonstige"
158796,5,3,15,0,2021,September,17,Sonntag,Unfall mit Leichtverletzten,Unfall anderer Art,Abbiegeunfall,Tageslicht,1,1,0,0,0,0,"354976,7941","5651192,266",6.93342041,50.99401649,trocken,"5,21E+18","Rad, PKW"
158799,5,3,15,0,2021,Dezember,11,Dienstag,Unfall mit Leichtverletzten,Zusammenstoß mit seitlich in gleicher Richtung fahrendem Fahrzeug,Unfall durch ruhenden Verkehr,Tageslicht,0,1,0,1,0,0,"356386,8745","5646377,693",6.955401715,50.95110245,nass/feucht,"5,21E+18","Krad, PKW"
158800,5,3,15,0,2021,September,13,Freitag,Unfall mit Leichtverletzten,Unfall anderer Art,Überschreiten-Unfall,Tageslicht,0,1,1,0,0,0,"359872,2683","5645544,782",7.005310689,50.94447488,trocken,"5,21E+18","Fuss, PKW"
158808,5,3,15,0,2021,Dezember,14,Samstag,Unfall mit Leichtverletzten,Unfall anderer Art,Fahrunfall,Tageslicht,0,0,0,0,0,1,"356582,957","5643146,243",6.959463266,50.9221106,nass/feucht,"5,21E+18",Sonstige
158809,5,3,15,0,2021,September,13,Mittwoch,Unfall mit Leichtverletzten,Unfall anderer Art,Einbiegen / Kreuzen-Unfall,Tageslicht,1,1,0,0,0,0,"357674,7434","5640822,354",6.975893194,50.90149612,trocken,"5,21E+18","Rad, PKW"
158810,5,3,15,0,2021,März,10,Donnerstag,Unfall mit Leichtverletzten,Zusammenstoß mit seitlich in gleicher Richtung fahrendem Fahrzeug,Unfall durch ruhenden Verkehr,Tageslicht,1,1,0,0,0,0,"356130,1909","5647605,311",6.951264596,50.96207081,trocken,"5,21E+18","Rad, PKW"
158812,5,3,15,0,2021,April,19,Mittwoch,Unfall mit Leichtverletzten,Zusammenstoß zwischen Fahrzeug und Fußgänger,Überschreiten-Unfall,Tageslicht,1,0,1,0,0,0,"356313,5039","5646061,078",6.954482804,50.94823879,trocken,"5,21E+18","Rad, Fuss"
158814,5,3,15,0,2021,Februar,17,Montag,Unfall mit Leichtverletzten,Zusammenstoß mit entgegenkommendem Fahrzeug,Einbiegen / Kreuzen-Unfall,Tageslicht,1,1,0,0,0,0,"357490,2064","5647765,308",6.970555771,50.96384669,trocken,"5,21E+18","Rad, PKW"
158818,5,3,15,0,2021,September,17,Freitag,Unfall mit Leichtverletzten,Zusammenstoß mit seitlich in gleicher Richtung fahrendem Fahrzeug,Unfall im Längsverkehr,Tageslicht,0,1,0,0,0,1,"356616,959","5644427,374",6.959442856,50.93363245,nass/feucht,"5,21E+18","PKW, Sonstige"
158821,5,3,15,0,2021,November,17,Mittwoch,Unfall mit Leichtverletzten,Zusammenstoß mit einbiegendem / kreuzendem Fahrzeug,Einbiegen / Kreuzen-Unfall,Dunkelheit,1,1,0,0,0,0,"357167,0504","5640744,501",6.968708234,50.90067108,nass/feucht,"5,21E+18","Rad, PKW"
158826,5,3,15,0,2021,September,22,Montag,Unfall mit Schwerverletzten,Unfall anderer Art,Fahrunfall,Dunkelheit,1,0,0,0,0,0,"358087,5076","5642343,04",6.981168214,50.91526421,trocken,"5,21E+18",Rad
158827,5,3,15,0,2021,September,10,Samstag,Unfall mit Leichtverletzten,Zusammenstoß mit einbiegendem / kreuzendem Fahrzeug,Einbiegen / Kreuzen-Unfall,Tageslicht,1,1,0,0,0,0,"359872,138","5649177,312",7.003909975,50.97712077,trocken,"5,21E+18","Rad, PKW"
158828,5,3,15,0,2021,November,18,Freitag,Unfall mit Leichtverletzten,Zusammenstoß mit einbiegendem / kreuzendem Fahrzeug,Einbiegen / Kreuzen-Unfall,Dunkelheit,1,1,0,0,0,0,"356437,3114","5644031,709",6.957043779,50.93003197,nass/feucht,"5,21E+18","Rad, PKW"
158830,5,3,15,0,2021,Dezember,7,Mittwoch,Unfall mit Leichtverletzten,Unfall anderer Art,Fahrunfall,Dunkelheit,0,0,0,1,0,0,"357664,7273","5645652,87",6.973865405,50.94490547,nass/feucht,"5,21E+18",Krad
158831,5,3,15,0,2021,September,15,Montag,Unfall mit Leichtverletzten,Zusammenstoß mit entgegenkommendem Fahrzeug,Unfall im Längsverkehr,Tageslicht,1,1,0,0,0,0,"360032,2471","5636868,756",7.01091323,50.86654045,trocken,"5,21E+18","Rad, PKW"
158832,5,3,15,0,2021,Oktober,16,Mittwoch,Unfall mit Leichtverletzten,Zusammenstoß mit vorausfahrendem / wartendem Fahrzeug,Unfall im Längsverkehr,Tageslicht,0,1,0,0,0,0,"357021,3283","5640112,554",6.966884665,50.89495572,nass/feucht,"5,21E+18",PKW
158838,5,3,15,0,2021,Juni,17,Samstag,Unfall mit Leichtverletzten,Zusammenstoß mit anfahrendem/ anhaltendem/ruhendem Fahrzeug,Einbiegen / Kreuzen-Unfall,Tageslicht,0,1,0,0,0,1,"359661,8568","5643040,184",7.003281896,50.92191454,trocken,"5,21E+18","PKW, Sonstige"
158839,5,3,15,0,2021,Juni,8,Samstag,Unfall mit Leichtverletzten,Zusammenstoß mit einbiegendem / kreuzendem Fahrzeug,Einbiegen / Kreuzen-Unfall,Tageslicht,1,1,0,0,0,0,"356444,1568","5648771,784",6.955272129,50.97263201,trocken,"5,21E+18","Rad, PKW"
158840,5,3,15,0,2021,September,13,Dienstag,Unfall mit Leichtverletzten,Unfall anderer Art,Sonstiger Unfall,Tageslicht,0,0,0,1,0,0,"359932,6659","5646872,244",7.005659205,50.95641963,trocken,"5,21E+18",Krad
158845,5,3,15,0,2021,September,12,Dienstag,Unfall mit Leichtverletzten,Zusammenstoß mit einbiegendem / kreuzendem Fahrzeug,Abbiegeunfall,Tageslicht,0,0,0,1,0,1,"356817,324","5644571,738",6.962235703,50.93497962,trocken,"5,21E+18","Krad, Sonstige"
158850,5,3,15,0,2021,November,15,Dienstag,Unfall mit Leichtverletzten,Zusammenstoß mit anfahrendem/ anhaltendem/ruhendem Fahrzeug,Unfall im Längsverkehr,Tageslicht,0,1,0,0,0,0,"359609,269","5646187,866",7.00132146,50.95019036,nass/feucht,"5,21E+18",PKW
158851,5,3,15,0,2021,September,18,Donnerstag,Unfall mit Leichtverletzten,Zusammenstoß mit anfahrendem/ anhaltendem/ruhendem Fahrzeug,Unfall durch ruhenden Verkehr,Tageslicht,0,1,0,0,0,0,"356172,9342","5642606,862",6.953846128,50.91716118,trocken,"5,21E+18",PKW
158853,5,3,15,0,2021,Dezember,12,Mittwoch,Unfall mit Leichtverletzten,Zusammenstoß zwischen Fahrzeug und Fußgänger,Einbiegen / Kreuzen-Unfall,Tageslicht,0,1,1,0,0,0,"358437,9771","5651454,936",6.982606743,50.99723887,trocken,"5,21E+18","Fuss, PKW"
158856,5,3,15,0,2021,März,12,Dienstag,Unfall mit Leichtverletzten,Zusammenstoß mit einbiegendem / kreuzendem Fahrzeug,Einbiegen / Kreuzen-Unfall,Tageslicht,1,1,0,0,0,0,"356551,559","5643266,367",6.958969587,50.92318234,trocken,"5,21E+18","Rad, PKW"
158857,5,3,15,0,2021,November,10,Montag,Unfall mit Leichtverletzten,Zusammenstoß mit vorausfahrendem / wartendem Fahrzeug,Abbiegeunfall,Tageslicht,0,1,0,0,0,1,"359017,0361","5639898,353",6.995327033,50.89352129,trocken,"5,21E+18","PKW, Sonstige"
158858,5,3,15,0,2021,Januar,16,Dienstag,Unfall mit Leichtverletzten,Zusammenstoß mit entgegenkommendem Fahrzeug,Unfall im Längsverkehr,Dämmerung,1,0,0,0,0,0,"357851,327","5647754,873",6.975699034,50.96384213,nass/feucht,"5,21E+18",Rad
158859,5,3,15,0,2021,Januar,3,Freitag,Unfall mit Leichtverletzten,Zusammenstoß mit seitlich in gleicher Richtung fahrendem Fahrzeug,Abbiegeunfall,Dunkelheit,1,1,0,0,0,0,"357431,612","5648938,565",6.969262007,50.97437613,nass/feucht,"5,21E+18","Rad, PKW"
158860,5,3,15,0,2021,Januar,14,Dienstag,Unfall mit Leichtverletzten,Unfall anderer Art,Fahrunfall,Tageslicht,1,0,0,0,0,0,"357191,1436","5642085,329",6.968526048,50.91272705,nass/feucht,"5,21E+18",Rad
158861,5,3,15,0,2021,November,22,Freitag,Unfall mit Leichtverletzten,Unfall anderer Art,Fahrunfall,Dunkelheit,0,0,0,0,0,1,"359521,0734","5644685,792",7.000645989,50.93666957,trocken,"5,21E+18",Sonstige
158862,5,3,15,0,2021,Oktober,10,Donnerstag,Unfall mit Leichtverletzten,Zusammenstoß mit vorausfahrendem / wartendem Fahrzeug,Abbiegeunfall,Tageslicht,0,1,0,0,0,0,"356249,9847","5647488,349",6.953015526,50.9610496,trocken,"5,21E+18",PKW
158864,5,3,15,0,2021,Juni,11,Dienstag,Unfall mit Schwerverletzten,Abkommen von Fahrbahn nach rechts,Unfall durch ruhenden Verkehr,Tageslicht,0,1,1,0,0,1,"356856,887","5650780,21",6.960355824,50.99078411,trocken,"5,21E+18","Fuss, PKW, Sonstige"
158865,5,3,15,0,2021,November,20,Donnerstag,Unfall mit Leichtverletzten,Zusammenstoß zwischen Fahrzeug und Fußgänger,Sonstiger Unfall,Dunkelheit,1,0,1,0,0,0,"358060,109","5641007,948",6.981297953,50.90325892,nass/feucht,"5,21E+18","Rad, Fuss"
158866,5,3,15,0,2021,Juni,1,Mittwoch,Unfall mit Schwerverletzten,Unfall anderer Art,Fahrunfall,Dunkelheit,0,0,0,0,0,1,"360037,3624","5645100,268",7.007830047,50.94052007,trocken,"5,21E+18",Sonstige
158873,5,3,15,0,2021,März,15,Dienstag,Unfall mit Leichtverletzten,Zusammenstoß mit einbiegendem / kreuzendem Fahrzeug,Einbiegen / Kreuzen-Unfall,Tageslicht,1,1,0,0,0,0,"357307,214","5645112,508",6.968991312,50.9399609,trocken,"5,21E+18","Rad, PKW"
158877,5,3,15,0,2021,Juli,13,Dienstag,Unfall mit Leichtverletzten,Unfall anderer Art,Fahrunfall,Tageslicht,1,0,0,0,0,0,"356743,306","5644726,984",6.961121967,50.93635642,trocken,"5,21E+18",Rad
158879,5,3,15,0,2021,März,11,Sonntag,Unfall mit Leichtverletzten,Zusammenstoß mit seitlich in gleicher Richtung fahrendem Fahrzeug,Abbiegeunfall,Tageslicht,0,1,0,0,0,1,"359775,983","5646238,921",7.003673686,50.95068977,trocken,"5,21E+18","PKW, Sonstige"
158880,5,3,15,0,2021,Juli,11,Dienstag,Unfall mit Leichtverletzten,Zusammenstoß mit seitlich in gleicher Richtung fahrendem Fahrzeug,Abbiegeunfall,Tageslicht,1,0,0,0,0,0,"356430,8303","5642983,251",6.957364442,50.92060797,nass/feucht,"5,21E+18",Rad
158881,5,3,15,0,2021,November,23,Freitag,Unfall mit Leichtverletzten,Abkommen von Fahrbahn nach rechts,Sonstiger Unfall,Dunkelheit,1,0,0,0,0,0,"359423,8663","5645832,481",6.998820885,50.9469513,trocken,"5,21E+18",Rad
158882,5,3,15,0,2021,September,19,Donnerstag,Unfall mit Schwerverletzten,Zusammenstoß mit einbiegendem / kreuzendem Fahrzeug,Abbiegeunfall,Tageslicht,1,1,0,0,0,0,"357619,9686","5645098,756",6.973445279,50.93991462,trocken,"5,21E+18","Rad, PKW"
158883,5,3,15,0,2021,Mai,15,Mittwoch,Unfall mit Leichtverletzten,Zusammenstoß mit einbiegendem / kreuzendem Fahrzeug,Sonstiger Unfall,Tageslicht,1,0,0,0,0,0,"360046,1281","5637038,566",7.011045403,50.86806994,trocken,"5,21E+18",Rad
158884,5,3,15,0,2021,Januar,22,Samstag,Unfall mit Leichtverletzten,Abkommen von Fahrbahn nach links,Fahrunfall,Dunkelheit,0,1,0,0,0,0,"357352,9108","5649788,77",6.967808121,50.98199732,winterglatt,"5,21E+18",PKW
158885,5,3,15,0,2021,Mai,19,Sonntag,Unfall mit Leichtverletzten,Zusammenstoß mit einbiegendem / kreuzendem Fahrzeug,Einbiegen / Kreuzen-Unfall,Tageslicht,0,1,0,0,0,0,"359339,095","5642843,092",6.998768676,50.92006465,trocken,"5,21E+18",PKW
158888,5,3,15,0,2021,Juli,13,Donnerstag,Unfall mit Leichtverletzten,Unfall anderer Art,Fahrunfall,Tageslicht,0,0,0,0,0,1,"356825,5675","5649235,882",6.96051829,50.97689772,trocken,"5,21E+18",Sonstige
158892,5,3,15,0,2021,Oktober,21,Freitag,Unfall mit Leichtverletzten,Unfall anderer Art,Sonstiger Unfall,Dunkelheit,1,0,0,0,0,0,"356418,336","5646440,97",6.955824369,50.95167895,trocken,"5,21E+18",Rad
158894,5,3,15,0,2021,Februar,17,Mittwoch,Unfall mit Leichtverletzten,Unfall anderer Art,Fahrunfall,Tageslicht,1,0,0,0,0,0,"360093,774","5639659,959",7.010718847,50.89164062,nass/feucht,"5,21E+18",Rad
158895,5,3,15,0,2021,Dezember,14,Dienstag,Unfall mit Leichtverletzten,Unfall anderer Art,Fahrunfall,Tageslicht,1,0,0,0,0,0,"356994,0534","5642011,184",6.965753361,50.91201192,nass/feucht,"5,21E+18",Rad
158896,5,3,15,0,2021,März,10,Donnerstag,Unfall mit Leichtverletzten,Unfall anderer Art,Einbiegen / Kreuzen-Unfall,Tageslicht,0,1,0,0,0,1,"359115,4668","5639677,534",6.996810892,50.89156078,trocken,"5,21E+18","PKW, Sonstige"
158899,5,3,15,0,2021,Oktober,12,Sonntag,Unfall mit Leichtverletzten,Unfall anderer Art,Einbiegen / Kreuzen-Unfall,Tageslicht,1,0,0,0,0,0,"356805,8058","5643406,524",6.962529607,50.92450508,nass/feucht,"5,21E+18",Rad
158900,5,3,15,0,2021,Juni,17,Freitag,Unfall mit Leichtverletzten,Unfall anderer Art,Sonstiger Unfall,Tageslicht,1,0,0,0,0,0,"356613,8148","5642875,771",6.960008348,50.91968756,trocken,"5,21E+18",Rad
158901,5,3,15,0,2021,Januar,10,Donnerstag,Unfall mit Leichtverletzten,Unfall anderer Art,Sonstiger Unfall,Tageslicht,0,1,0,0,0,0,"359092,4923","5639709,055",6.99647228,50.89183845,trocken,"5,21E+18",PKW
158902,5,3,15,0,2021,September,6,Sonntag,Unfall mit Leichtverletzten,Abkommen von Fahrbahn nach links,Fahrunfall,Dunkelheit,0,1,0,0,0,0,"357907,2945","5648725,914",6.976116176,50.97258261,trocken,"5,21E+18",PKW