OBJECTID,ULAND,UREGBEZ,UKREIS,UGEMEINDE,UJAHR,UMONAT,USTUNDE,UWOCHENTAG,UKATEGORIE,UART,UTYP1,ULICHTVERH,IstRad,IstPKW,IstFuss,IstKrad,IstGkfz,IstSonstige,LINREFX,LINREFY,XGCSWGS84,YGCSWGS84,USTRZUSTAND,UIDENTSTLAE,Participants
158903,5,3,15,0,2021,November,14,Dienstag,Unfall mit Leichtverletzten,Zusammenstoß mit entgegenkommendem Fahrzeug,Unfall im Längsverkehr,Tageslicht,0,1,0,1,0,0,"356788,129","5642609,857",6.962591086,50.9173411,trocken,"5,21E+18","Krad, PKW"
158904,5,3,15,0,2021,April,9,Dienstag,Unfall mit Leichtverletzten,Zusammenstoß mit einbiegendem / kreuzendem Fahrzeug,Sonstiger Unfall,Tageslicht,1,0,0,0,0,1,"355952,1256","5642764,317",6.950644767,50.91852114,nass/feucht,"5,21E+18","Rad, Sonstige"
158905,5,3,15,0,2021,Juni,16,Mittwoch,Unfall mit Leichtverletzten,Zusammenstoß mit vorausfahrendem / wartendem Fahrzeug,Unfall im Längsverkehr,Tageslicht,0,1,0,0,0,0,"359529,5327","5644624,697",7.000789858,50.93612257,trocken,"5,21E+18",PKW
158906,5,3,15,0,2021,Dezember,6,Freitag,Unfall mit Leichtverletzten,Zusammenstoß mit einbiegendem / kreuzendem Fahrzeug,Abbiegeunfall,Dunkelheit,1,1,0,0,0,0,"356195,7065","5643572,791",6.953789005,50.92584755,trocken,"5,21E+18","Rad, PKW"
158907,5,3,15,0,2021,Juni,14,Samstag,Unfall mit Leichtverletzten,Unfall anderer Art,Abbiegeunfall,Tageslicht,1,0,0,0,1,0,"360007,0012","5644394,696",7.007669264,50.93417161,trocken,"5,21E+18","Rad, Gkfz"
158909,5,3,15,0,2021,Mai,14,Montag,Unfall mit Leichtverletzten,Unfall anderer Art,Sonstiger Unfall,Tageslicht,1,1,0,0,0,0,"359592,5405","5636649,274",7.004752817,50.86446128,trocken,"5,21E+18","Rad, PKW"
158910,5,3,15,0,2021,Oktober,19,Freitag,Unfall mit Leichtverletzten,Unfall anderer Art,Fahrunfall,Dunkelheit,1,0,0,0,0,0,"356530,9099",5645817,6.957671843,50.94609945,trocken,"5,21E+18",Rad
158916,5,3,15,0,2021,Januar,10,Mittwoch,Unfall mit Leichtverletzten,Zusammenstoß mit anfahrendem/ anhaltendem/ruhendem Fahrzeug,Sonstiger Unfall,Tageslicht,0,1,0,0,0,1,"356180,6057","5645320,621",6.952884546,50.94155129,nass/feucht,"5,21E+18","PKW, Sonstige"
158920,5,3,15,0,2021,November,20,Samstag,Unfall mit Schwerverletzten,Unfall anderer Art,Fahrunfall,Dunkelheit,0,0,0,0,0,1,"358036,1334","5648062,719",6.978208925,50.96665429,nass/feucht,"5,21E+18",Sonstige
158921,5,3,15,0,2021,Oktober,16,Donnerstag,Unfall mit Leichtverletzten,Zusammenstoß mit einbiegendem / kreuzendem Fahrzeug,Einbiegen / Kreuzen-Unfall,Tageslicht,0,1,0,0,0,0,"359728,0976","5643962,855",7.003868777,50.93022283,trocken,"5,21E+18",PKW
158922,5,3,15,0,2021,Dezember,17,Freitag,Unfall mit Leichtverletzten,Zusammenstoß mit vorausfahrendem / wartendem Fahrzeug,Unfall im Längsverkehr,Dämmerung,0,1,0,0,0,0,"356343,4549","5643941,875",6.955744473,50.92920127,nass/feucht,"5,21E+18",PKW
158925,5,3,15,0,2021,Mai,18,Sonntag,Unfall mit Leichtverletzten,Zusammenstoß mit anfahrendem/ anhaltendem/ruhendem Fahrzeug,Unfall im Längsverkehr,Tageslicht,0,1,0,0,0,0,"357279,928","5647666,632",6.967601973,50.96290785,trocken,"5,21E+18",PKW
158926,5,3,15,0,2021,Februar,19,Samstag,Unfall mit Leichtverletzten,Unfall anderer Art,Überschreiten-Unfall,Dunkelheit,0,1,1,0,0,0,"359512,2755","5647751,289",6.999338024,50.96421734,trocken,"5,21E+18","Fuss, PKW"
158930,5,3,15,0,2021,Februar,11,Dienstag,Unfall mit Leichtverletzten,Zusammenstoß mit anfahrendem/ anhaltendem/ruhendem Fahrzeug,Sonstiger Unfall,Tageslicht,0,1,0,1,0,0,"356763,6344","5648930,069",6.959757146,50.97413404,trocken,"5,21E+18","Krad, PKW"
158933,5,3,15,0,2021,September,14,Sonntag,Unfall mit Leichtverletzten,Zusammenstoß mit einbiegendem / kreuzendem Fahrzeug,Abbiegeunfall,Tageslicht,1,1,0,0,0,0,"359730,7405","5647250,024",7.002640364,50.95976566,trocken,"5,21E+18","Rad, PKW"
158934,5,3,15,0,2021,Oktober,23,Mittwoch,Unfall mit Schwerverletzten,Unfall anderer Art,Fahrunfall,Dunkelheit,0,0,0,1,0,0,"356230,3079","5642872,981",6.95455691,50.91956706,nass/feucht,"5,21E+18",Krad
158935,5,3,15,0,2021,April,15,Mittwoch,Unfall mit Leichtverletzten,Unfall anderer Art,Einbiegen / Kreuzen-Unfall,Tageslicht,1,1,0,0,0,0,"359906,719","5646285,427",7.005515834,50.95113952,trocken,"5,21E+18","Rad, PKW"
158937,5,3,15,0,2021,Dezember,14,Samstag,Unfall mit Leichtverletzten,Zusammenstoß mit einbiegendem / kreuzendem Fahrzeug,Abbiegeunfall,Tageslicht,1,0,0,0,0,1,"357162,2012","5648931,207",6.965430007,50.97424325,trocken,"5,21E+18","Rad, Sonstige"
158940,5,3,15,0,2021,Oktober,0,Freitag,Unfall mit Schwerverletzten,Zusammenstoß mit anfahrendem/ anhaltendem/ruhendem Fahrzeug,Fahrunfall,Dunkelheit,0,0,0,0,1,1,"359166,4242","5651532,378",6.992950939,50.99811358,trocken,"5,21E+18","Gkfz, Sonstige"
158943,5,3,15,0,2021,Januar,22,Sonntag,Unfall mit Leichtverletzten,Zusammenstoß mit vorausfahrendem / wartendem Fahrzeug,Unfall im Längsverkehr,Dunkelheit,0,1,0,0,0,0,"357276,3558","5649852,869",6.966693059,50.9825544,trocken,"5,21E+18",PKW
158946,5,3,15,0,2021,Dezember,15,Freitag,Unfall mit Leichtverletzten,Abkommen von Fahrbahn nach links,Fahrunfall,Tageslicht,0,0,0,0,0,1,"358922,8581","5646850,59",6.991298923,50.9559787,trocken,"5,21E+18",Sonstige
158947,5,3,15,0,2021,Januar,14,Samstag,Unfall mit Leichtverletzten,Zusammenstoß mit anfahrendem/ anhaltendem/ruhendem Fahrzeug,Unfall durch ruhenden Verkehr,Tageslicht,1,1,0,0,0,0,"356615,2565","5642866,141",6.960032632,50.91960137,trocken,"5,21E+18","Rad, PKW"
158948,5,3,15,0,2021,November,19,Freitag,Unfall mit Leichtverletzten,Zusammenstoß mit anfahrendem/ anhaltendem/ruhendem Fahrzeug,Unfall im Längsverkehr,Dunkelheit,0,1,0,0,0,0,"358043,0237","5648434,777",6.97816178,50.96999966,nass/feucht,"5,21E+18",PKW
158950,5,3,15,0,2021,September,15,Mittwoch,Unfall mit Schwerverletzten,Zusammenstoß zwischen Fahrzeug und Fußgänger,Überschreiten-Unfall,Tageslicht,0,0,1,0,0,1,"359739,6428","5647299,942",7.002747807,50.96021644,trocken,"5,21E+18","Fuss, Sonstige"
158951,5,3,15,0,2021,Mai,14,Samstag,Unfall mit Schwerverletzten,Zusammenstoß zwischen Fahrzeug und Fußgänger,Sonstiger Unfall,Tageslicht,0,1,1,0,0,0,"356454,9105","5646347,788",6.956381465,50.95085065,trocken,"5,21E+18","Fuss, PKW"
158958,5,3,15,0,2021,Juni,7,Mittwoch,Unfall mit Leichtverletzten,Zusammenstoß zwischen Fahrzeug und Fußgänger,Überschreiten-Unfall,Tageslicht,0,1,1,0,0,0,"359857,6019","5645156,091",7.005251593,50.9409781,trocken,"5,21E+18","Fuss, PKW"
158959,5,3,15,0,2021,Oktober,19,Montag,Unfall mit Leichtverletzten,Unfall anderer Art,Fahrunfall,Dunkelheit,0,0,0,0,0,1,"356660,235","5647740,433",6.958754167,50.96341724,trocken,"5,21E+18",Sonstige
158960,5,3,15,0,2021,Mai,11,Mittwoch,Unfall mit Leichtverletzten,Unfall anderer Art,Fahrunfall,Tageslicht,1,0,0,0,0,0,"359300,6693","5644513,996",6.997577486,50.93507189,trocken,"5,21E+18",Rad
158962,5,3,15,0,2021,April,15,Donnerstag,Unfall mit Leichtverletzten,Zusammenstoß zwischen Fahrzeug und Fußgänger,Unfall im Längsverkehr,Tageslicht,1,0,1,0,0,0,"356777,5107","5641796,822",6.962759273,50.91003177,trocken,"5,21E+18","Rad, Fuss"
158963,5,3,15,0,2021,Juni,15,Freitag,Unfall mit Leichtverletzten,Zusammenstoß mit einbiegendem / kreuzendem Fahrzeug,Einbiegen / Kreuzen-Unfall,Tageslicht,1,0,0,0,0,0,"356122,135","5648394,477",6.95083784,50.96916088,trocken,"5,21E+18",Rad
158965,5,3,15,0,2021,Juli,17,Mittwoch,Unfall mit Leichtverletzten,Zusammenstoß mit vorausfahrendem / wartendem Fahrzeug,Unfall im Längsverkehr,Tageslicht,0,1,0,0,0,0,"356302,0203","5644083,263",6.955099518,50.93046159,trocken,"5,21E+18",PKW
158968,5,3,15,0,2021,Dezember,18,Sonntag,Unfall mit Leichtverletzten,Zusammenstoß mit einbiegendem / kreuzendem Fahrzeug,Einbiegen / Kreuzen-Unfall,Dunkelheit,0,1,0,1,0,0,"358276,0105","5651905,197",6.980124348,51.00124546,trocken,"5,21E+18","Krad, PKW"
158969,5,3,15,0,2021,November,15,Dienstag,Unfall mit Leichtverletzten,Zusammenstoß zwischen Fahrzeug und Fußgänger,Überschreiten-Unfall,Dämmerung,1,0,1,0,0,0,"359879,5336","5646270,923",7.005134633,50.95100257,nass/feucht,"5,21E+18","Rad, Fuss"
158971,5,3,15,0,2021,November,8,Montag,Unfall mit Leichtverletzten,Unfall anderer Art,Sonstiger Unfall,Tageslicht,0,0,0,0,0,1,"359052,3864","5642455,345",6.994842069,50.91650996,trocken,"5,21E+18",Sonstige
158972,5,3,15,0,2021,März,12,Dienstag,Unfall mit Leichtverletzten,Zusammenstoß mit anfahrendem/ anhaltendem/ruhendem Fahrzeug,Unfall durch ruhenden Verkehr,Tageslicht,0,1,0,1,0,0,"357554,3762","5637024,728",6.975662665,50.86733696,trocken,"5,21E+18","Krad, PKW"
158973,5,3,15,0,2021,Oktober,17,Montag,Unfall mit Schwerverletzten,Zusammenstoß mit einbiegendem / kreuzendem Fahrzeug,Einbiegen / Kreuzen-Unfall,Tageslicht,1,1,0,0,0,0,"357398,6467","5649486,051",6.968578017,50.97928816,trocken,"5,21E+18","Rad, PKW"
158975,5,3,15,0,2021,März,18,Sonntag,Unfall mit Leichtverletzten,Unfall anderer Art,Sonstiger Unfall,Tageslicht,1,0,1,0,0,0,"356074,7691","5641762,296",6.95278368,50.90954669,trocken,"5,21E+18","Rad, Fuss"
158979,5,3,15,0,2021,November,13,Freitag,Unfall mit Leichtverletzten,Zusammenstoß mit entgegenkommendem Fahrzeug,Unfall im Längsverkehr,Tageslicht,1,0,0,0,0,1,"357981,813","5644769,852",6.978720334,50.937048,trocken,"5,21E+18","Rad, Sonstige"
158981,5,3,15,0,2021,April,20,Mittwoch,Unfall mit Leichtverletzten,Zusammenstoß mit anfahrendem/ anhaltendem/ruhendem Fahrzeug,Unfall im Längsverkehr,Dämmerung,1,1,0,0,0,0,"356353,7329","5644318,507",6.955742206,50.93258858,trocken,"5,21E+18","Rad, PKW"
158982,5,3,15,0,2021,April,12,Sonntag,Unfall mit Leichtverletzten,Zusammenstoß mit vorausfahrendem / wartendem Fahrzeug,Unfall im Längsverkehr,Tageslicht,0,1,0,0,0,0,"359970,5456","5648242,969",7.005670665,50.96874768,trocken,"5,21E+18",PKW
158983,5,3,15,0,2021,Oktober,17,Mittwoch,Unfall mit Leichtverletzten,Zusammenstoß mit einbiegendem / kreuzendem Fahrzeug,Einbiegen / Kreuzen-Unfall,Tageslicht,1,1,0,0,0,0,"357387,4039","5641783,812",6.971433841,50.91006585,nass/feucht,"5,21E+18","Rad, PKW"
158984,5,3,15,0,2021,April,7,Mittwoch,Unfall mit Leichtverletzten,Zusammenstoß zwischen Fahrzeug und Fußgänger,Sonstiger Unfall,Tageslicht,0,1,1,0,0,0,"357242,309","5650034,419",6.966137022,50.98417753,trocken,"5,21E+18","Fuss, PKW"
158985,5,3,15,0,2021,November,17,Donnerstag,Unfall mit Leichtverletzten,Zusammenstoß mit einbiegendem / kreuzendem Fahrzeug,Einbiegen / Kreuzen-Unfall,Dämmerung,0,1,0,1,0,0,"359341,2937","5642842,989",6.998799977,50.92006426,nass/feucht,"5,21E+18","Krad, PKW"
158986,5,3,15,0,2021,Februar,15,Montag,Unfall mit Leichtverletzten,Unfall anderer Art,Unfall im Längsverkehr,Tageslicht,1,0,1,0,0,0,"358541,5997","5646512,44",6.986005435,50.95284628,trocken,"5,21E+18","Rad, Fuss"
158988,5,3,15,0,2021,Juni,8,Donnerstag,Unfall mit Leichtverletzten,Zusammenstoß mit einbiegendem / kreuzendem Fahrzeug,Abbiegeunfall,Tageslicht,1,0,0,0,1,0,"356830,2809","5641475,599",6.963635395,50.90715803,trocken,"5,21E+18","Rad, Gkfz"
158991,5,3,15,0,2021,Oktober,12,Sonntag,Unfall mit Schwerverletzten,Abkommen von Fahrbahn nach rechts,Fahrunfall,Tageslicht,0,0,0,0,0,1,"356074,472","5643463,481",6.952108267,50.92483496,trocken,"5,21E+18",Sonstige
158992,5,3,15,0,2021,September,11,Montag,Unfall mit Leichtverletzten,Zusammenstoß mit einbiegendem / kreuzendem Fahrzeug,Abbiegeunfall,Tageslicht,0,1,0,0,0,0,"359616,8747","5645685,731",7.001623246,50.94567947,trocken,"5,21E+18",PKW
158997,5,3,15,0,2021,März,14,Mittwoch,Unfall mit Schwerverletzten,Unfall anderer Art,Fahrunfall,Tageslicht,1,0,0,0,0,0,"358821,2544","5648350,473",6.989271223,50.96943328,trocken,"5,21E+18",Rad
159000,5,3,15,0,2021,Oktober,11,Montag,Unfall mit Leichtverletzten,Unfall anderer Art,Fahrunfall,Tageslicht,0,0,0,0,0,1,"359193,0859","5644543,977",6.996035783,50.93531508,trocken,"5,21E+18",Sonstige
159004,5,3,15,0,2021,Januar,9,Donnerstag,Unfall mit Leichtverletzten,Zusammenstoß mit anfahrendem/ anhaltendem/ruhendem Fahrzeug,Fahrunfall,Tageslicht,0,1,0,1,0,0,"359581,7383","5647503,208",7.000422331,50.96200475,nass/feucht,"5,21E+18","Krad, PKW"
159005,5,3,15,0,2021,Juni,15,Montag,Unfall mit Leichtverletzten,Unfall anderer Art,Fahrunfall,Tageslicht,1,0,0,0,0,0,"356285,6808","5648995,789",6.952927892,50.97460558,trocken,"5,21E+18",Rad
159007,5,3,15,0,2021,September,16,Donnerstag,Unfall mit Leichtverletzten,Zusammenstoß mit vorausfahrendem / wartendem Fahrzeug,Unfall im Längsverkehr,Tageslicht,1,1,0,0,0,0,"356718,4012","5642294,66",6.961723566,50.91449113,trocken,"5,21E+18","Rad, PKW"
159010,5,3,15,0,2021,Mai,12,Mittwoch,Unfall mit Leichtverletzten,Unfall anderer Art,Überschreiten-Unfall,Tageslicht,1,0,1,0,0,0,"356372,5143","5641525,437",6.957109189,50.90749222,trocken,"5,21E+18","Rad, Fuss"
159011,5,3,15,0,2021,November,10,Mittwoch,Unfall mit Leichtverletzten,Zusammenstoß mit einbiegendem / kreuzendem Fahrzeug,Einbiegen / Kreuzen-Unfall,Tageslicht,1,1,0,0,0,0,"358902,4067","5643824,432",6.9921801,50.92877743,nass/feucht,"5,21E+18","Rad, PKW"
159015,5,3,15,0,2021,März,18,Donnerstag,Unfall mit Leichtverletzten,Zusammenstoß mit einbiegendem / kreuzendem Fahrzeug,Einbiegen / Kreuzen-Unfall,Tageslicht,1,1,0,0,0,0,"356680,5897","5648183,464",6.958869294,50.96740376,trocken,"5,21E+18","Rad, PKW"
159016,5,3,15,0,2021,September,9,Mittwoch,Unfall mit Leichtverletzten,Unfall anderer Art,Fahrunfall,Tageslicht,1,0,0,0,0,0,"359188,7242","5646104,356",6.995370565,50.94933727,trocken,"5,21E+18",Rad
159018,5,3,15,0,2021,Dezember,13,Dienstag,Unfall mit Leichtverletzten,Zusammenstoß mit einbiegendem / kreuzendem Fahrzeug,Einbiegen / Kreuzen-Unfall,Tageslicht,1,1,0,0,0,0,"357167,3753","5641294,277",6.968497761,50.905612,trocken,"5,21E+18","Rad, PKW"
159019,5,3,15,0,2021,September,8,Mittwoch,Unfall mit Leichtverletzten,Unfall anderer Art,Einbiegen / Kreuzen-Unfall,Tageslicht,1,0,0,1,0,0,"356775,8343","5645343,777",6.961342138,50.94190755,trocken,"5,21E+18","Rad, Krad"
159024,5,3,15,0,2021,Mai,14,Donnerstag,Unfall mit Leichtverletzten,Zusammenstoß mit einbiegendem / kreuzendem Fahrzeug,Einbiegen / Kreuzen-Unfall,Tageslicht,1,0,0,0,1,0,"356719,2866","5642297,506",6.961735035,50.91451693,trocken,"5,21E+18","Rad, Gkfz"
159034,5,3,15,0,2021,Dezember,17,Mittwoch,Unfall mit Leichtverletzten,Unfall anderer Art,Unfall durch ruhenden Verkehr,Dunkelheit,1,1,0,0,0,0,"356629,6845","5642775,795",6.960273276,50.91879302,trocken,"5,21E+18","Rad, PKW"
159035,5,3,15,0,2021,Januar,21,Samstag,Unfall mit Leichtverletzten,Unfall anderer Art,Fahrunfall,Dunkelheit,0,1,0,0,0,0,"357938,14","5646017,647",6.977612528,50.94825116,winterglatt,"5,21E+18",PKW
159037,5,3,15,0,2021,November,3,Samstag,Unfall mit Leichtverletzten,Zusammenstoß mit anfahrendem/ anhaltendem/ruhendem Fahrzeug,Unfall durch ruhenden Verkehr,Dunkelheit,0,1,0,1,0,0,"356461,41","5645961,383",6.956626254,50.9473797,trocken,"5,21E+18","Krad, PKW"
159045,5,3,15,0,2021,Juni,11,Donnerstag,Unfall mit Leichtverletzten,Zusammenstoß mit einbiegendem / kreuzendem Fahrzeug,Einbiegen / Kreuzen-Unfall,Tageslicht,0,1,0,0,0,1,"356796,8226","5641674,551",6.963081764,50.90893771,trocken,"5,21E+18","PKW, Sonstige"
159046,5,3,15,0,2021,Dezember,0,Montag,Unfall mit Leichtverletzten,Aufprall auf Fahrbahnhindernis,Fahrunfall,Dunkelheit,1,0,0,0,0,0,"356610,9299","5642895,938",6.959959404,50.91986808,trocken,"5,21E+18",Rad
159048,5,3,15,0,2021,Juni,15,Sonntag,Unfall mit Leichtverletzten,Unfall anderer Art,Fahrunfall,Tageslicht,1,0,0,0,0,0,"356126,5372","5648101,967",6.951016194,50.96653325,trocken,"5,21E+18",Rad
159050,5,3,15,0,2021,Juni,16,Dienstag,Unfall mit Leichtverletzten,Zusammenstoß mit anfahrendem/ anhaltendem/ruhendem Fahrzeug,Unfall durch ruhenden Verkehr,Tageslicht,0,1,0,0,0,1,"356279,6355","5644945,603",6.95444111,50.93820574,trocken,"5,21E+18","PKW, Sonstige"
159060,5,3,15,0,2021,Juni,23,Donnerstag,Unfall mit Leichtverletzten,Zusammenstoß mit seitlich in gleicher Richtung fahrendem Fahrzeug,Sonstiger Unfall,Dunkelheit,0,1,0,0,0,0,"359439,0556","5643773,939",6.999831104,50.92845466,trocken,"5,21E+18",PKW
159061,5,3,15,0,2021,Juni,13,Samstag,Unfall mit Leichtverletzten,Zusammenstoß mit seitlich in gleicher Richtung fahrendem Fahrzeug,Unfall durch ruhenden Verkehr,Tageslicht,0,1,0,0,0,1,"356239,436","5646134,766",6.953400001,50.94888255,trocken,"5,21E+18","PKW, Sonstige"
159062,5,3,15,0,2021,April,16,Sonntag,Unfall mit Leichtverletzten,Zusammenstoß mit anfahrendem/ anhaltendem/ruhendem Fahrzeug,Sonstiger Unfall,Tageslicht,0,1,0,1,0,0,"359823,2513","5639043,958",7.007111185,50.88603889,trocken,"5,21E+18","Krad, PKW"
159063,5,3,15,0,2021,Mai,16,Dienstag,Unfall mit Schwerverletzten,Zusammenstoß zwischen Fahrzeug und Fußgänger,Abbiegeunfall,Tageslicht,1,0,1,0,0,0,"356758,9575","5642997,737",6.962024034,50.92081971,trocken,"5,21E+18","Rad, Fuss"
159065,5,3,15,0,2021,Oktober,7,Samstag,Unfall mit Leichtverletzten,Zusammenstoß mit einbiegendem / kreuzendem Fahrzeug,Abbiegeunfall,Dämmerung,1,1,0,0,0,0,"359557,7354","5638071,946",7.003712263,50.87723872,trocken,"5,21E+18","Rad, PKW"
159066,5,3,15,0,2021,April,11,Mittwoch,Unfall mit Leichtverletzten,Zusammenstoß mit einbiegendem / kreuzendem Fahrzeug,Einbiegen / Kreuzen-Unfall,Tageslicht,1,1,0,0,0,0,"356497,3363","5643640,136",6.958051514,50.92652788,trocken,"5,21E+18","Rad, PKW"
159067,5,3,15,0,2021,Juli,6,Mittwoch,Unfall mit Leichtverletzten,Abkommen von Fahrbahn nach links,Fahrunfall,Tageslicht,0,0,0,1,0,0,"359124,563","5645722,115",6.994605618,50.94588636,nass/feucht,"5,21E+18",Krad
159068,5,3,15,0,2021,Februar,13,Montag,Unfall mit Leichtverletzten,Unfall anderer Art,Unfall im Längsverkehr,Tageslicht,0,1,0,1,0,0,"357623,1882","5645277,049",6.973421393,50.94151774,trocken,"5,21E+18","Krad, PKW"
159069,5,3,15,0,2021,Februar,17,Mittwoch,Unfall mit Leichtverletzten,Zusammenstoß mit einbiegendem / kreuzendem Fahrzeug,Einbiegen / Kreuzen-Unfall,Tageslicht,0,1,0,0,0,0,"357586,875","5646994,282",6.972233229,50.95694144,trocken,"5,21E+18",PKW
159074,5,3,15,0,2021,März,16,Sonntag,Unfall mit Leichtverletzten,Unfall anderer Art,Einbiegen / Kreuzen-Unfall,Tageslicht,1,0,0,0,0,1,"358102,1223","5648213,336",6.979089331,50.96802414,nass/feucht,"5,21E+18","Rad, Sonstige"
159075,5,3,15,0,2021,Oktober,15,Samstag,Unfall mit Leichtverletzten,Unfall anderer Art,Einbiegen / Kreuzen-Unfall,Tageslicht,0,0,1,0,0,1,"356119,027","5644752,616",6.952232949,50.93643135,trocken,"5,21E+18","Fuss, Sonstige"
159077,5,3,15,0,2021,November,10,Dienstag,Unfall mit Leichtverletzten,Zusammenstoß zwischen Fahrzeug und Fußgänger,Überschreiten-Unfall,Tageslicht,0,0,1,0,0,1,"356468,7237","5646040,579",6.956699084,50.94809324,trocken,"5,21E+18","Fuss, Sonstige"
159078,5,3,15,0,2021,Juni,20,Samstag,Unfall mit Leichtverletzten,Zusammenstoß mit einbiegendem / kreuzendem Fahrzeug,Einbiegen / Kreuzen-Unfall,Tageslicht,0,1,0,0,0,1,"359871,372","5643173,455",7.006209717,50.92316319,trocken,"5,21E+18","PKW, Sonstige"
159079,5,3,15,0,2021,November,8,Samstag,Unfall mit Schwerverletzten,Unfall anderer Art,Sonstiger Unfall,Tageslicht,1,0,0,0,0,0,"360261,54","5646792,005",7.010369643,50.95577834,nass/feucht,"5,21E+18",Rad
159086,5,3,15,0,2021,November,8,Mittwoch,Unfall mit Leichtverletzten,Zusammenstoß mit entgegenkommendem Fahrzeug,Unfall im Längsverkehr,Tageslicht,0,1,0,0,0,1,"360351,5174","5648617,134",7.010949372,50.97220283,nass/feucht,"5,21E+18","PKW, Sonstige"
159090,5,3,15,0,2021,Juni,21,Samstag,Unfall mit Leichtverletzten,Unfall anderer Art,Fahrunfall,Tageslicht,0,0,0,0,0,1,"356823,4767","5649528,204",6.960373393,50.97952425,trocken,"5,21E+18",Sonstige
159092,5,3,15,0,2021,September,6,Donnerstag,Unfall mit Leichtverletzten,Zusammenstoß mit einbiegendem / kreuzendem Fahrzeug,Einbiegen / Kreuzen-Unfall,Dämmerung,1,0,0,0,0,1,"359626,7999","5643215,119",7.002716096,50.92347818,trocken,"5,21E+18","Rad, Sonstige"
159093,5,3,15,0,2021,November,11,Samstag,Unfall mit Leichtverletzten,Unfall anderer Art,Einbiegen / Kreuzen-Unfall,Tageslicht,1,0,0,0,1,0,"356391,611","5645410,47",6.955850515,50.94241134,nass/feucht,"5,21E+18","Rad, Gkfz"
159095,5,3,15,0,2021,Januar,12,Sonntag,Unfall mit Schwerverletzten,Unfall anderer Art,Sonstiger Unfall,Tageslicht,0,1,0,0,0,0,"359932,6754","5638224,904",7.008979729,50.87870439,trocken,"5,21E+18",PKW
159099,5,3,15,0,2021,Oktober,18,Mittwoch,Unfall mit Leichtverletzten,Zusammenstoß mit seitlich in gleicher Richtung fahrendem Fahrzeug,Unfall im Längsverkehr,Dunkelheit,1,1,0,0,0,0,"358888,4467","5646780,321",6.990836527,50.95533876,nass/feucht,"5,21E+18","Rad, PKW"
159100,5,3,15,0,2021,Januar,13,Freitag,Unfall mit Leichtverletzten,Unfall anderer Art,Fahrunfall,Tageslicht,1,1,1,0,0,0,"356771,6558","5641832,385",6.96266209,50.91034991,trocken,"5,21E+18","Rad, Fuss, PKW"
159101,5,3,15,0,2021,November,20,Sonntag,Unfall mit Leichtverletzten,Zusammenstoß mit einbiegendem / kreuzendem Fahrzeug,Abbiegeunfall,Dunkelheit,0,1,0,0,0,0,"356590,6632","5642521,964",6.959818287,50.91650217,nass/feucht,"5,21E+18",PKW
159102,5,3,15,0,2021,September,0,Montag,Unfall mit Schwerverletzten,Unfall anderer Art,Sonstiger Unfall,Dunkelheit,0,0,0,0,0,1,"359145,0167","5639643,874",6.997243755,50.89126547,trocken,"5,21E+18",Sonstige
159103,5,3,15,0,2021,Oktober,8,Samstag,Unfall mit Leichtverletzten,Zusammenstoß mit einbiegendem / kreuzendem Fahrzeug,Einbiegen / Kreuzen-Unfall,Tageslicht,1,1,0,0,0,0,"357859,2215","5644309,967",6.977156084,50.93288482,trocken,"5,21E+18","Rad, PKW"
159105,5,3,15,0,2021,Juni,21,Dienstag,Unfall mit Leichtverletzten,Zusammenstoß mit einbiegendem / kreuzendem Fahrzeug,Abbiegeunfall,Tageslicht,1,1,0,0,0,0,"359596,4858","5645442,671",7.001426895,50.9434901,trocken,"5,21E+18","Rad, PKW"
159108,5,3,15,0,2021,September,22,Samstag,Unfall mit Leichtverletzten,Zusammenstoß mit entgegenkommendem Fahrzeug,Unfall im Längsverkehr,Dunkelheit,1,1,0,0,0,0,"358254,9385","5642057,407",6.983659457,50.91273835,trocken,"5,21E+18","Rad, PKW"
159109,5,3,15,0,2021,Dezember,14,Mittwoch,Unfall mit Leichtverletzten,Zusammenstoß zwischen Fahrzeug und Fußgänger,Sonstiger Unfall,Tageslicht,0,1,1,0,0,0,"358886,4565","5650122,01",6.989511594,50.98537006,trocken,"5,21E+18","Fuss, PKW"
159111,5,3,15,0,2021,Oktober,3,Mittwoch,Unfall mit Leichtverletzten,Unfall anderer Art,Fahrunfall,Dunkelheit,0,0,0,0,0,1,"356648,885","5646172,064",6.959210344,50.94931971,nass/feucht,"5,21E+18",Sonstige
159113,5,3,15,0,2021,Dezember,8,Donnerstag,Unfall mit Leichtverletzten,Zusammenstoß mit anfahrendem/ anhaltendem/ruhendem Fahrzeug,Unfall im Längsverkehr,Tageslicht,0,1,0,1,0,0,"357799,1807","5648288,65",6.974748271,50.96862627,nass/feucht,"5,21E+18","Krad, PKW"
159114,5,3,15,0,2021,Juni,16,Dienstag,Unfall mit Leichtverletzten,Zusammenstoß mit vorausfahrendem / wartendem Fahrzeug,Unfall im Längsverkehr,Tageslicht,0,1,0,0,0,0,"357394,388","5648434,532",6.968929804,50.96983723,trocken,"5,21E+18",PKW
159126,5,3,15,0,2021,Oktober,19,Samstag,Unfall mit Schwerverletzten,Zusammenstoß zwischen Fahrzeug und Fußgänger,Abbiegeunfall,Dunkelheit,0,1,1,0,0,0,"359530,0909","5650189,428",6.998649593,50.98613335,trocken,"5,21E+18","Fuss, PKW"
159130,5,3,15,0,2021,Mai,18,Donnerstag,Unfall mit Leichtverletzten,Unfall anderer Art,Abbiegeunfall,Tageslicht,1,1,0,0,0,0,"358057,034","5648381,37",6.978382034,50.96952314,trocken,"5,21E+18","Rad, PKW"