OBJECTID,ULAND,UREGBEZ,UKREIS,UGEMEINDE,UJAHR,UMONAT,USTUNDE,UWOCHENTAG,UKATEGORIE,UART,UTYP1,ULICHTVERH,IstRad,IstPKW,IstFuss,IstKrad,IstGkfz,IstSonstige,LINREFX,LINREFY,XGCSWGS84,YGCSWGS84,USTRZUSTAND,UIDENTSTLAE,Participants
159131,5,3,15,0,2021,Mai,12,Samstag,Unfall mit Schwerverletzten,Unfall anderer Art,Fahrunfall,Tageslicht,1,0,0,0,0,0,"356222,5276","5647933,712",6.952448813,50.96504514,nass/feucht,"5,21E+18",Rad
159133,5,3,15,0,2021,November,18,Samstag,Unfall mit Leichtverletzten,Abkommen von Fahrbahn nach rechts,Fahrunfall,Dunkelheit,1,0,0,0,0,0,"356448,343","5646170,548",6.956357906,50.94925618,nass/feucht,"5,21E+18",Rad
159134,5,3,15,0,2021,März,8,Samstag,Unfall mit Leichtverletzten,Zusammenstoß zwischen Fahrzeug und Fußgänger,Sonstiger Unfall,Tageslicht,0,1,1,0,0,0,"359955,5437","5647253,656",7.00583797,50.95985298,trocken,"5,21E+18","Fuss, PKW"
159135,5,3,15,0,2021,November,20,Freitag,Unfall mit Leichtverletzten,Unfall anderer Art,Abbiegeunfall,Dunkelheit,1,1,0,0,0,0,"360223,6194","5647934,675",7.009391136,50.96603847,trocken,"5,21E+18","Rad, PKW"
159136,5,3,15,0,2021,Dezember,12,Sonntag,Unfall mit Leichtverletzten,Unfall anderer Art,Unfall durch ruhenden Verkehr,Tageslicht,1,1,0,0,0,0,"356883,0409","5639965,846",6.964977066,50.893603,nass/feucht,"5,21E+18","Rad, PKW"
159140,5,3,15,0,2021,Mai,15,Sonntag,Unfall mit Leichtverletzten,Zusammenstoß mit entgegenkommendem Fahrzeug,Abbiegeunfall,Tageslicht,1,1,0,0,0,0,"356531,8981","5643413,386",6.958632192,50.9244987,trocken,"5,21E+18","Rad, PKW"
159143,5,3,15,0,2021,Juni,15,Samstag,Unfall mit Leichtverletzten,Unfall anderer Art,Abbiegeunfall,Tageslicht,0,1,0,0,0,1,"356768,413","5641852,082",6.962608263,50.91052612,trocken,"5,21E+18","PKW, Sonstige"
159144,5,3,15,0,2021,Mai,7,Dienstag,Unfall mit Schwerverletzten,Zusammenstoß mit vorausfahrendem / wartendem Fahrzeug,Sonstiger Unfall,Tageslicht,1,1,0,0,0,0,"356364,6867","5655203,061",6.951596458,51.0304085,trocken,"5,21E+18","Rad, PKW"
159145,5,3,15,0,2021,Juli,19,Donnerstag,Unfall mit Schwerverletzten,Unfall anderer Art,Sonstiger Unfall,Tageslicht,0,1,0,1,0,0,"359621,6453","5645885,372",7.001614158,50.94747482,trocken,"5,21E+18","Krad, PKW"
159153,5,3,15,0,2021,Oktober,15,Samstag,Unfall mit Leichtverletzten,Zusammenstoß mit anfahrendem/ anhaltendem/ruhendem Fahrzeug,Unfall durch ruhenden Verkehr,Tageslicht,0,1,0,0,0,0,"357373,783","5649754,73",6.968118631,50.98169659,trocken,"5,21E+18",PKW
159154,5,3,15,0,2021,Mai,14,Samstag,Unfall mit Leichtverletzten,Aufprall auf Fahrbahnhindernis,Sonstiger Unfall,Tageslicht,0,0,0,1,1,0,"356764,2424","5641876,514",6.962539389,50.91074466,trocken,"5,21E+18","Krad, Gkfz"
159155,5,3,15,0,2021,Juni,19,Sonntag,Unfall mit Leichtverletzten,Abkommen von Fahrbahn nach rechts,Fahrunfall,Tageslicht,1,0,0,0,0,0,"356660,422","5645175,745",6.959766585,50.94036879,trocken,"5,21E+18",Rad
159157,5,3,15,0,2021,Juni,10,Dienstag,Unfall mit Leichtverletzten,Abkommen von Fahrbahn nach links,Unfall durch ruhenden Verkehr,Tageslicht,0,1,0,1,0,0,"357844,507","5644783,979",6.976761911,50.93714113,trocken,"5,21E+18","Krad, PKW"
159158,5,3,15,0,2021,Januar,20,Donnerstag,Unfall mit Schwerverletzten,Zusammenstoß zwischen Fahrzeug und Fußgänger,Überschreiten-Unfall,Dunkelheit,0,1,1,0,0,0,"356760,8517","5641901,098",6.962481541,50.91096475,nass/feucht,"5,21E+18","Fuss, PKW"
159159,5,3,15,0,2021,Dezember,17,Freitag,Unfall mit Schwerverletzten,Unfall anderer Art,Sonstiger Unfall,Tageslicht,0,0,0,1,0,0,"356047,4971","5645437,19",6.950945117,50.94256566,trocken,"5,21E+18",Krad
159160,5,3,15,0,2021,Mai,11,Sonntag,Unfall mit Leichtverletzten,Unfall anderer Art,Unfall durch ruhenden Verkehr,Tageslicht,1,1,0,0,0,0,"359565,7518","5645016,169",7.001154117,50.93964959,trocken,"5,21E+18","Rad, PKW"
159163,5,3,15,0,2021,Juli,20,Dienstag,Unfall mit Leichtverletzten,Zusammenstoß mit entgegenkommendem Fahrzeug,Unfall im Längsverkehr,Tageslicht,1,0,0,0,0,1,"357330,715","5644951,06",6.969388809,50.9385158,trocken,"5,21E+18","Rad, Sonstige"
159165,5,3,15,0,2021,Mai,19,Mittwoch,Unfall mit Leichtverletzten,Unfall anderer Art,Überschreiten-Unfall,Tageslicht,0,1,1,0,0,0,"358217,4517","5642885,503",6.982804713,50.92017129,nass/feucht,"5,21E+18","Fuss, PKW"
159168,5,3,15,0,2021,Juni,17,Donnerstag,Unfall mit Schwerverletzten,Zusammenstoß zwischen Fahrzeug und Fußgänger,Unfall im Längsverkehr,Tageslicht,1,0,1,0,0,0,"356430,5503","5641276,797",6.958031901,50.90527214,trocken,"5,21E+18","Rad, Fuss"
159169,5,3,15,0,2021,Mai,13,Donnerstag,Unfall mit Leichtverletzten,Zusammenstoß zwischen Fahrzeug und Fußgänger,Überschreiten-Unfall,Tageslicht,0,1,1,0,0,0,"359185,9118","5646402,573",6.995215216,50.95201667,trocken,"5,21E+18","Fuss, PKW"
159170,5,3,15,0,2021,Juni,13,Mittwoch,Unfall mit Leichtverletzten,Unfall anderer Art,Fahrunfall,Tageslicht,0,0,0,0,0,1,"357736,666","5644750,733",6.975241061,50.93681576,trocken,"5,21E+18",Sonstige
159173,5,3,15,0,2021,September,16,Mittwoch,Unfall mit Leichtverletzten,Zusammenstoß mit einbiegendem / kreuzendem Fahrzeug,Einbiegen / Kreuzen-Unfall,Tageslicht,1,1,0,0,0,0,"356133,3266","5643432,144",6.952957492,50.92456802,trocken,"5,21E+18","Rad, PKW"
159174,5,3,15,0,2021,Juni,15,Freitag,Unfall mit Leichtverletzten,Zusammenstoß mit einbiegendem / kreuzendem Fahrzeug,Einbiegen / Kreuzen-Unfall,Tageslicht,0,1,0,0,0,1,"360067,7847","5648005,132",7.007146167,50.96663384,trocken,"5,21E+18","PKW, Sonstige"
159178,5,3,15,0,2021,Mai,18,Dienstag,Unfall mit Leichtverletzten,Unfall anderer Art,Überschreiten-Unfall,Tageslicht,1,0,1,0,0,0,"356454,8504","5643895,884",6.957346681,50.92881569,trocken,"5,21E+18","Rad, Fuss"
159182,5,3,15,0,2021,Juni,17,Sonntag,Unfall mit Leichtverletzten,Unfall anderer Art,Sonstiger Unfall,Tageslicht,0,1,0,0,0,1,"357299,7162","5647519,469",6.967941292,50.96159021,trocken,"5,21E+18","PKW, Sonstige"
159186,5,3,15,0,2021,Oktober,14,Samstag,Unfall mit Leichtverletzten,Unfall anderer Art,Sonstiger Unfall,Tageslicht,1,1,0,0,0,0,"356776,1439","5649055,153",6.959885938,50.97526125,nass/feucht,"5,21E+18","Rad, PKW"
159188,5,3,15,0,2021,Juni,12,Dienstag,Unfall mit Leichtverletzten,Zusammenstoß mit vorausfahrendem / wartendem Fahrzeug,Unfall im Längsverkehr,Tageslicht,1,1,0,0,0,0,"356140,4128","5644149,336",6.952775247,50.9310151,trocken,"5,21E+18","Rad, PKW"
159189,5,3,15,0,2021,November,15,Samstag,Unfall mit Leichtverletzten,Zusammenstoß zwischen Fahrzeug und Fußgänger,Überschreiten-Unfall,Tageslicht,1,0,1,0,0,0,"359767,517","5648563,892",7.002657223,50.97158245,nass/feucht,"5,21E+18","Rad, Fuss"
159190,5,3,15,0,2021,Februar,9,Freitag,Unfall mit Leichtverletzten,Unfall anderer Art,Fahrunfall,Tageslicht,1,0,0,0,0,0,"356340,3676","5642604,766",6.956227323,50.91718405,trocken,"5,21E+18",Rad
159191,5,3,15,0,2021,April,14,Samstag,Unfall mit Leichtverletzten,Unfall anderer Art,Einbiegen / Kreuzen-Unfall,Tageslicht,1,0,0,0,0,0,"359730,5934","5639718,129",7.005535904,50.89207532,trocken,"5,21E+18",Rad
159192,5,3,15,0,2021,Dezember,10,Sonntag,Unfall mit Leichtverletzten,Zusammenstoß zwischen Fahrzeug und Fußgänger,Überschreiten-Unfall,Tageslicht,0,0,1,0,0,1,"360236,4627","5645148,376",7.010643673,50.94100072,trocken,"5,21E+18","Fuss, Sonstige"
159195,5,3,15,0,2021,Oktober,17,Samstag,Unfall mit Leichtverletzten,Zusammenstoß mit einbiegendem / kreuzendem Fahrzeug,Einbiegen / Kreuzen-Unfall,Tageslicht,0,1,0,0,0,0,"358770,311","5646385,982",6.989308592,50.95176589,trocken,"5,21E+18",PKW
159198,5,3,15,0,2021,Dezember,17,Freitag,Unfall mit Leichtverletzten,Zusammenstoß zwischen Fahrzeug und Fußgänger,Abbiegeunfall,Dunkelheit,0,1,1,0,0,0,"356641,6146","5646071,818",6.959146378,50.94841701,trocken,"5,21E+18","Fuss, PKW"
159206,5,3,15,0,2021,September,2,Sonntag,Unfall mit Schwerverletzten,Unfall anderer Art,Fahrunfall,Dunkelheit,1,0,0,0,0,0,"356694,2647","5642352,913",6.961357558,50.91500866,trocken,"5,21E+18",Rad
159209,5,3,15,0,2021,Dezember,11,Mittwoch,Unfall mit Leichtverletzten,Unfall anderer Art,Fahrunfall,Tageslicht,1,0,0,0,0,0,"359828,0267","5646568,019",7.004287426,50.95366008,trocken,"5,21E+18",Rad
159210,5,3,15,0,2021,Dezember,13,Dienstag,Unfall mit Leichtverletzten,Unfall anderer Art,Fahrunfall,Tageslicht,0,0,0,1,0,0,"356490,1261","5645781,573",6.957105627,50.94577092,nass/feucht,"5,21E+18",Krad
159212,5,3,15,0,2021,Juni,15,Dienstag,Unfall mit Leichtverletzten,Zusammenstoß mit seitlich in gleicher Richtung fahrendem Fahrzeug,Unfall im Längsverkehr,Tageslicht,1,0,0,0,0,0,"357602,8561","5645124,768",6.973191705,50.94014417,trocken,"5,21E+18",Rad
159213,5,3,15,0,2021,September,19,Sonntag,Unfall mit Leichtverletzten,Zusammenstoß mit entgegenkommendem Fahrzeug,Abbiegeunfall,Dämmerung,0,1,0,0,0,1,"357431,612","5648938,565",6.969262007,50.97437613,trocken,"5,21E+18","PKW, Sonstige"
159215,5,3,15,0,2021,Oktober,17,Donnerstag,Unfall mit Schwerverletzten,Zusammenstoß mit seitlich in gleicher Richtung fahrendem Fahrzeug,Sonstiger Unfall,Tageslicht,0,1,0,1,0,0,"359488,2134","5643813,544",7.000514892,50.92882257,trocken,"5,21E+18","Krad, PKW"
159218,5,3,15,0,2021,Januar,20,Freitag,Unfall mit Leichtverletzten,Unfall anderer Art,Sonstiger Unfall,Dunkelheit,0,1,0,0,0,0,"356638,2925","5641928,168",6.960728731,50.9111776,nass/feucht,"5,21E+18",PKW
159219,5,3,15,0,2021,Mai,15,Dienstag,Unfall mit Leichtverletzten,Zusammenstoß mit einbiegendem / kreuzendem Fahrzeug,Abbiegeunfall,Tageslicht,1,1,0,0,0,0,"358057,034","5648381,37",6.978382034,50.96952314,trocken,"5,21E+18","Rad, PKW"
159221,5,3,15,0,2021,Dezember,18,Freitag,Unfall mit Schwerverletzten,Unfall anderer Art,Sonstiger Unfall,Dunkelheit,0,1,0,0,0,0,"356324,6639","5643745,426",6.955554678,50.92743113,trocken,"5,21E+18",PKW
159222,5,3,15,0,2021,November,9,Mittwoch,Unfall mit Leichtverletzten,Zusammenstoß mit entgegenkommendem Fahrzeug,Abbiegeunfall,Tageslicht,1,1,0,0,0,0,"359961,991","5647235,362",7.005936757,50.95969013,trocken,"5,21E+18","Rad, PKW"
159225,5,3,15,0,2021,Dezember,15,Freitag,Unfall mit Leichtverletzten,Zusammenstoß mit anfahrendem/ anhaltendem/ruhendem Fahrzeug,Unfall im Längsverkehr,Tageslicht,0,1,0,0,0,0,"359356,1098","5643120,333",6.998903679,50.9225604,trocken,"5,21E+18",PKW
159226,5,3,15,0,2021,November,12,Dienstag,Unfall mit Leichtverletzten,Unfall anderer Art,Fahrunfall,Tageslicht,1,0,0,0,0,0,"358304,7717","5637085,724",6.986296078,50.86806954,trocken,"5,21E+18",Rad
159227,5,3,15,0,2021,September,18,Montag,Unfall mit Schwerverletzten,Unfall anderer Art,Fahrunfall,Tageslicht,1,0,0,0,0,0,"358980,1894","5648648,697",6.991417716,50.97215236,trocken,"5,21E+18",Rad
159230,5,3,15,0,2021,Juni,3,Sonntag,Unfall mit Schwerverletzten,Unfall anderer Art,Fahrunfall,Dunkelheit,0,0,0,0,0,1,"359363,4338","5638934,477",7.000620352,50.88494321,trocken,"5,21E+18",Sonstige
159231,5,3,15,0,2021,Oktober,17,Mittwoch,Unfall mit Leichtverletzten,Zusammenstoß mit vorausfahrendem / wartendem Fahrzeug,Unfall im Längsverkehr,Tageslicht,0,1,0,0,0,0,"356230,5741","5645679,334",6.953453725,50.94478745,nass/feucht,"5,21E+18",PKW
159232,5,3,15,0,2021,Oktober,18,Freitag,Unfall mit Leichtverletzten,Unfall anderer Art,Fahrunfall,Dunkelheit,1,1,0,0,0,0,"358621,5208","5646131,557",6.987290452,50.94944288,trocken,"5,21E+18","Rad, PKW"
159233,5,3,15,0,2021,November,22,Samstag,Unfall mit Leichtverletzten,Zusammenstoß mit einbiegendem / kreuzendem Fahrzeug,Einbiegen / Kreuzen-Unfall,Dunkelheit,0,1,0,0,0,1,"360061,5743","5648009,452",7.007056116,50.96667116,nass/feucht,"5,21E+18","PKW, Sonstige"
159234,5,3,15,0,2021,Oktober,13,Mittwoch,Unfall mit Schwerverletzten,Zusammenstoß mit einbiegendem / kreuzendem Fahrzeug,Abbiegeunfall,Tageslicht,1,0,0,0,0,1,"356791,1532","5649204,22",6.960040872,50.97660462,trocken,"5,21E+18","Rad, Sonstige"
159235,5,3,15,0,2021,September,10,Samstag,Unfall mit Leichtverletzten,Unfall anderer Art,Sonstiger Unfall,Tageslicht,1,0,0,0,0,0,"358093,732","5646493,873",6.979640449,50.95256932,trocken,"5,21E+18",Rad
159236,5,3,15,0,2021,Oktober,22,Sonntag,Unfall mit Leichtverletzten,Zusammenstoß zwischen Fahrzeug und Fußgänger,Überschreiten-Unfall,Dunkelheit,0,1,1,0,0,0,"359795,543","5647598,057",7.003428416,50.96290923,trocken,"5,21E+18","Fuss, PKW"
159237,5,3,15,0,2021,Juni,19,Mittwoch,Unfall mit Leichtverletzten,Zusammenstoß zwischen Fahrzeug und Fußgänger,Überschreiten-Unfall,Tageslicht,0,1,1,0,0,0,"356382,0153","5646021,384",6.955473121,50.94789914,trocken,"5,21E+18","Fuss, PKW"
159238,5,3,15,0,2021,September,7,Dienstag,Unfall mit Leichtverletzten,Aufprall auf Fahrbahnhindernis,Sonstiger Unfall,Tageslicht,0,1,1,0,0,0,"359100,5677","5650353,484",6.992470337,50.98750276,trocken,"5,21E+18","Fuss, PKW"
159243,5,3,15,0,2021,April,8,Donnerstag,Unfall mit Leichtverletzten,Zusammenstoß mit anfahrendem/ anhaltendem/ruhendem Fahrzeug,Unfall durch ruhenden Verkehr,Tageslicht,1,1,0,0,0,0,"356874,8685","5643189,251",6.963596894,50.9225696,trocken,"5,21E+18","Rad, PKW"
159244,5,3,15,0,2021,September,8,Samstag,Unfall mit Leichtverletzten,Zusammenstoß mit einbiegendem / kreuzendem Fahrzeug,Abbiegeunfall,Tageslicht,1,0,0,0,0,1,"356754,3459","5648831,5",6.959663763,50.9732459,trocken,"5,21E+18","Rad, Sonstige"
159245,5,3,15,0,2021,Januar,13,Dienstag,Unfall mit Leichtverletzten,Zusammenstoß mit einbiegendem / kreuzendem Fahrzeug,Einbiegen / Kreuzen-Unfall,Tageslicht,1,1,0,0,0,0,"357960,168","5648625,51",6.976907991,50.97169333,trocken,"5,21E+18","Rad, PKW"
159248,5,3,15,0,2021,September,20,Sonntag,Unfall mit Leichtverletzten,Unfall anderer Art,Fahrunfall,Dunkelheit,1,0,0,0,0,0,"356115,9338","5640735,3",6.953773609,50.90032744,trocken,"5,21E+18",Rad
159253,5,3,15,0,2021,März,15,Donnerstag,Unfall mit Leichtverletzten,Zusammenstoß mit einbiegendem / kreuzendem Fahrzeug,Einbiegen / Kreuzen-Unfall,Tageslicht,0,1,0,1,0,0,"358726,8868","5644635,935",6.989369548,50.93602749,trocken,"5,21E+18","Krad, PKW"
159254,5,3,15,0,2021,Juni,12,Samstag,Unfall mit Leichtverletzten,Zusammenstoß mit entgegenkommendem Fahrzeug,Sonstiger Unfall,Tageslicht,1,1,0,0,0,0,"357305,8262","5635358,52",6.972782446,50.85230131,trocken,"5,21E+18","Rad, PKW"
159255,5,3,15,0,2021,Oktober,14,Freitag,Unfall mit Schwerverletzten,Unfall anderer Art,Fahrunfall,Tageslicht,0,1,0,0,0,0,"359858,593","5646344,521",7.00480837,50.95165891,trocken,"5,21E+18",PKW
159257,5,3,15,0,2021,September,10,Samstag,Unfall mit Leichtverletzten,Zusammenstoß mit seitlich in gleicher Richtung fahrendem Fahrzeug,Unfall im Längsverkehr,Tageslicht,0,0,0,0,1,1,"359235,5937","5646986,113",6.995696422,50.95727312,trocken,"5,21E+18","Gkfz, Sonstige"
159258,5,3,15,0,2021,September,8,Dienstag,Unfall mit Leichtverletzten,Unfall anderer Art,Unfall durch ruhenden Verkehr,Tageslicht,1,1,0,0,0,0,"357779,7797","5647855,29",6.974641572,50.96472691,trocken,"5,21E+18","Rad, PKW"
159260,5,3,15,0,2021,Juni,23,Sonntag,Unfall mit Leichtverletzten,Unfall anderer Art,Fahrunfall,Dunkelheit,0,0,0,0,0,1,"356668,5977","5642529,838",6.96092316,50.9165923,trocken,"5,21E+18",Sonstige
159262,5,3,15,0,2021,September,15,Samstag,Unfall mit Leichtverletzten,Zusammenstoß mit anfahrendem/ anhaltendem/ruhendem Fahrzeug,Unfall im Längsverkehr,Tageslicht,0,1,0,0,0,0,"356190,194","5645131,862",6.953095446,50.93985733,trocken,"5,21E+18",PKW
159264,5,3,15,0,2021,Oktober,17,Montag,Unfall mit Schwerverletzten,Zusammenstoß mit einbiegendem / kreuzendem Fahrzeug,Einbiegen / Kreuzen-Unfall,Tageslicht,1,1,0,0,0,0,"356790,9844","5645803,901",6.961376729,50.9460464,trocken,"5,21E+18","Rad, PKW"
159266,5,3,15,0,2021,September,20,Sonntag,Unfall mit Leichtverletzten,Zusammenstoß mit anfahrendem/ anhaltendem/ruhendem Fahrzeug,Unfall durch ruhenden Verkehr,Dunkelheit,1,1,0,0,0,0,"359592,4665","5639726,593",7.003569925,50.89211783,trocken,"5,21E+18","Rad, PKW"
159268,5,3,15,0,2021,Mai,15,Dienstag,Unfall mit Leichtverletzten,Zusammenstoß zwischen Fahrzeug und Fußgänger,Überschreiten-Unfall,Tageslicht,0,1,1,0,0,0,"359136,6214","5651325,883",6.992606595,50.99625052,trocken,"5,21E+18","Fuss, PKW"
159269,5,3,15,0,2021,September,17,Freitag,Unfall mit Leichtverletzten,Zusammenstoß mit seitlich in gleicher Richtung fahrendem Fahrzeug,Sonstiger Unfall,Tageslicht,1,0,0,0,0,1,"357605,2018","5645269,214",6.973168609,50.94144288,trocken,"5,21E+18","Rad, Sonstige"
159271,5,3,15,0,2021,Juni,13,Mittwoch,Unfall mit Leichtverletzten,Unfall anderer Art,Fahrunfall,Tageslicht,0,0,0,0,0,1,"356955,8057","5640643,637",6.965745563,50.89971233,trocken,"5,21E+18",Sonstige
159272,5,3,15,0,2021,Juni,21,Donnerstag,Unfall mit Schwerverletzten,Zusammenstoß mit anfahrendem/ anhaltendem/ruhendem Fahrzeug,Unfall durch ruhenden Verkehr,Dämmerung,1,1,0,0,0,0,"359488,3651","5649736,83",6.998230492,50.98205566,trocken,"5,21E+18","Rad, PKW"
159275,5,3,15,0,2021,November,13,Dienstag,Unfall mit Leichtverletzten,Aufprall auf Fahrbahnhindernis,Fahrunfall,Tageslicht,0,1,0,0,0,0,"356798,1644","5649273,023",6.960113575,50.97722469,trocken,"5,21E+18",PKW
159276,5,3,15,0,2021,Juni,7,Dienstag,Unfall mit Schwerverletzten,Zusammenstoß zwischen Fahrzeug und Fußgänger,Überschreiten-Unfall,Tageslicht,1,0,1,0,0,0,"358003,601","5648007,373",6.977767526,50.96614888,trocken,"5,21E+18","Rad, Fuss"
159278,5,3,15,0,2021,Oktober,13,Samstag,Unfall mit Leichtverletzten,Unfall anderer Art,Überschreiten-Unfall,Tageslicht,1,0,1,0,0,0,"356457,47","5645934,29",6.956580882,50.94713524,nass/feucht,"5,21E+18","Rad, Fuss"
159279,5,3,15,0,2021,Juni,15,Sonntag,Unfall mit Leichtverletzten,Unfall anderer Art,Fahrunfall,Tageslicht,0,0,0,0,0,1,"359895,2045","5644929,337",7.005873675,50.93894937,trocken,"5,21E+18",Sonstige
159281,5,3,15,0,2021,Oktober,20,Montag,Unfall mit Leichtverletzten,Unfall anderer Art,Fahrunfall,Tageslicht,1,0,0,0,0,0,"356889,5578","5640981,856",6.964671512,50.90273548,nass/feucht,"5,21E+18",Rad
159282,5,3,15,0,2021,Oktober,15,Sonntag,Unfall mit Schwerverletzten,Zusammenstoß mit einbiegendem / kreuzendem Fahrzeug,Sonstiger Unfall,Tageslicht,1,1,0,0,0,0,"359178,286","5639260,289",6.997864334,50.88782624,trocken,"5,21E+18","Rad, PKW"
159284,5,3,15,0,2021,September,15,Mittwoch,Unfall mit Leichtverletzten,Zusammenstoß zwischen Fahrzeug und Fußgänger,Sonstiger Unfall,Tageslicht,1,0,1,0,0,0,"358771,1306","5639437,068",6.992011057,50.88931558,trocken,"5,21E+18","Rad, Fuss"
159287,5,3,15,0,2021,Mai,19,Montag,Unfall mit Schwerverletzten,Unfall anderer Art,Sonstiger Unfall,Dämmerung,1,0,0,0,0,0,"359200,7454","5640546,281",6.997687748,50.89938915,trocken,"5,21E+18",Rad
159289,5,3,15,0,2021,März,12,Dienstag,Unfall mit Leichtverletzten,Unfall anderer Art,Unfall durch ruhenden Verkehr,Tageslicht,0,0,0,0,0,1,"356127,8469","5648056,197",6.951052936,50.96612225,trocken,"5,21E+18",Sonstige
159291,5,3,15,0,2021,Oktober,17,Freitag,Unfall mit Leichtverletzten,Unfall anderer Art,Unfall im Längsverkehr,Tageslicht,0,1,0,1,0,0,"356253,0792","5644159,047",6.954373648,50.93113045,nass/feucht,"5,21E+18","Krad, PKW"
159299,5,3,15,0,2021,Mai,8,Dienstag,Unfall mit Leichtverletzten,Zusammenstoß mit einbiegendem / kreuzendem Fahrzeug,Abbiegeunfall,Tageslicht,0,0,1,0,0,1,"357395,868","5648303,495",6.969002245,50.96865998,trocken,"5,21E+18","Fuss, Sonstige"
159301,5,3,15,0,2021,November,1,Montag,Unfall mit Leichtverletzten,Zusammenstoß mit anfahrendem/ anhaltendem/ruhendem Fahrzeug,Unfall im Längsverkehr,Dunkelheit,0,1,0,0,0,0,"356191,5137","5644404,032",6.953401461,50.93331676,nass/feucht,"5,21E+18",PKW
159303,5,3,15,0,2021,März,19,Montag,Unfall mit Leichtverletzten,Unfall anderer Art,Einbiegen / Kreuzen-Unfall,Tageslicht,1,1,0,0,0,0,"356183,5214","5648097,435",6.951828975,50.96650675,trocken,"5,21E+18","Rad, PKW"
159305,5,3,15,0,2021,Oktober,18,Mittwoch,Unfall mit Leichtverletzten,Zusammenstoß zwischen Fahrzeug und Fußgänger,Unfall im Längsverkehr,Tageslicht,0,0,1,0,0,1,"356224,39","5644799,261",6.953713087,50.93687682,nass/feucht,"5,21E+18","Fuss, Sonstige"
159309,5,3,15,0,2021,März,13,Dienstag,Unfall mit Leichtverletzten,Zusammenstoß mit anfahrendem/ anhaltendem/ruhendem Fahrzeug,Unfall durch ruhenden Verkehr,Tageslicht,0,1,0,0,0,1,"359890,6245","5646843,211",7.005072166,50.95614848,trocken,"5,21E+18","PKW, Sonstige"
159310,5,3,15,0,2021,März,19,Dienstag,Unfall mit Leichtverletzten,Aufprall auf Fahrbahnhindernis,Fahrunfall,Dunkelheit,1,0,0,0,0,0,"356660,0948","5646171,328",6.959370112,50.94931588,trocken,"5,21E+18",Rad
159312,5,3,15,0,2021,März,3,Montag,Unfall mit Leichtverletzten,Unfall anderer Art,Fahrunfall,Dunkelheit,0,0,0,0,0,1,"357719,6877","5644750,014",6.97499986,50.9368051,trocken,"5,21E+18",Sonstige
159315,5,3,15,0,2021,Juli,9,Samstag,Unfall mit Leichtverletzten,Zusammenstoß mit einbiegendem / kreuzendem Fahrzeug,Einbiegen / Kreuzen-Unfall,Tageslicht,1,1,0,0,0,0,"356180,664","5645318,167",6.952886344,50.94152925,trocken,"5,21E+18","Rad, PKW"
159320,5,3,15,0,2021,Dezember,23,Samstag,Unfall mit Leichtverletzten,Unfall anderer Art,Sonstiger Unfall,Dunkelheit,0,0,0,0,0,1,"356438,522","5644031,868",6.957060932,50.9300337,trocken,"5,21E+18",Sonstige
159321,5,3,15,0,2021,September,15,Donnerstag,Unfall mit Leichtverletzten,Zusammenstoß mit vorausfahrendem / wartendem Fahrzeug,Unfall im Längsverkehr,Tageslicht,0,1,0,0,0,0,"358991,0116","5645133,702",6.992933518,50.94056561,nass/feucht,"5,21E+18",PKW
159322,5,3,15,0,2021,März,10,Sonntag,Unfall mit Leichtverletzten,Zusammenstoß mit seitlich in gleicher Richtung fahrendem Fahrzeug,Unfall durch ruhenden Verkehr,Tageslicht,1,1,0,0,0,0,"357644,8518","5644748,026",6.973936249,50.93676877,nass/feucht,"5,21E+18","Rad, PKW"
159327,5,3,15,0,2021,Juni,16,Mittwoch,Unfall mit Leichtverletzten,Unfall anderer Art,Fahrunfall,Tageslicht,1,0,0,0,0,0,"356706,371","5645176,095",6.960420024,50.94038335,trocken,"5,21E+18",Rad
159329,5,3,15,0,2021,Januar,9,Dienstag,Unfall mit Leichtverletzten,Unfall anderer Art,Unfall durch ruhenden Verkehr,Tageslicht,1,1,0,0,0,1,"356203,6749","5647517,615",6.952344965,50.96130105,trocken,"5,21E+18","Rad, PKW, Sonstige"
159331,5,3,15,0,2021,September,16,Sonntag,Unfall mit Leichtverletzten,Zusammenstoß mit entgegenkommendem Fahrzeug,Abbiegeunfall,Tageslicht,1,1,0,0,0,0,"356394,5897","5644708,988",6.956169382,50.93610796,trocken,"5,21E+18","Rad, PKW"
159334,5,3,15,0,2021,Dezember,11,Donnerstag,Unfall mit Leichtverletzten,Zusammenstoß mit vorausfahrendem / wartendem Fahrzeug,Unfall durch ruhenden Verkehr,Tageslicht,0,1,0,1,0,0,"356867,1768","5641199,433",6.964268116,50.9046853,nass/feucht,"5,21E+18","Krad, PKW"
159337,5,3,15,0,2021,Juni,13,Freitag,Unfall mit Leichtverletzten,Unfall anderer Art,Fahrunfall,Tageslicht,1,0,0,0,0,0,"358643,8564","5639018,61",6.990364543,50.88552371,trocken,"5,21E+18",Rad
159338,5,3,15,0,2021,März,14,Montag,Unfall mit Leichtverletzten,Unfall anderer Art,Fahrunfall,Tageslicht,1,0,0,0,0,0,"356788,5747","5643204,852",6.962363799,50.92268839,nass/feucht,"5,21E+18",Rad
159339,5,3,15,0,2021,Oktober,0,Sonntag,Unfall mit Leichtverletzten,Unfall anderer Art,Unfall durch ruhenden Verkehr,Dunkelheit,1,1,0,0,0,0,"356625,8901","5644717,16",6.959455863,50.93623895,trocken,"5,21E+18","Rad, PKW"