OBJECTID,ULAND,UREGBEZ,UKREIS,UGEMEINDE,UJAHR,UMONAT,USTUNDE,UWOCHENTAG,UKATEGORIE,UART,UTYP1,ULICHTVERH,IstRad,IstPKW,IstFuss,IstKrad,IstGkfz,IstSonstige,LINREFX,LINREFY,XGCSWGS84,YGCSWGS84,USTRZUSTAND,UIDENTSTLAE,Participants
159343,5,3,15,0,2021,Januar,19,Samstag,Unfall mit Leichtverletzten,Zusammenstoß mit anfahrendem/ anhaltendem/ruhendem Fahrzeug,Unfall durch ruhenden Verkehr,Dunkelheit,1,1,0,0,0,0,"359565,0171","5645013,623",7.001144649,50.93962653,nass/feucht,"5,21E+18","Rad, PKW"
159346,5,3,15,0,2021,Oktober,17,Mittwoch,Unfall mit Leichtverletzten,Zusammenstoß mit einbiegendem / kreuzendem Fahrzeug,Einbiegen / Kreuzen-Unfall,Tageslicht,1,1,0,0,0,0,"357438,1647","5648847,127",6.969391131,50.97355601,nass/feucht,"5,21E+18","Rad, PKW"
159349,5,3,15,0,2021,Oktober,15,Samstag,Unfall mit Leichtverletzten,Zusammenstoß zwischen Fahrzeug und Fußgänger,Abbiegeunfall,Tageslicht,0,1,1,0,0,0,"359640,082","5637289,595",7.005182286,50.87022754,trocken,"5,21E+18","Fuss, PKW"
159350,5,3,15,0,2021,Dezember,14,Freitag,Unfall mit Leichtverletzten,Zusammenstoß mit einbiegendem / kreuzendem Fahrzeug,Abbiegeunfall,Tageslicht,1,1,0,0,0,0,"356445,1663","5641302,095",6.958229692,50.90550313,trocken,"5,21E+18","Rad, PKW"
159351,5,3,15,0,2021,September,17,Dienstag,Unfall mit Leichtverletzten,Unfall anderer Art,Sonstiger Unfall,Tageslicht,0,1,0,0,0,0,"359152,1477","5644000,756",6.995663462,50.9304231,trocken,"5,21E+18",PKW
159354,5,3,15,0,2021,Januar,12,Montag,Unfall mit Leichtverletzten,Zusammenstoß mit anfahrendem/ anhaltendem/ruhendem Fahrzeug,Unfall durch ruhenden Verkehr,Tageslicht,1,1,0,0,0,0,"359532,9858","5647002,876",6.99992167,50.95749634,nass/feucht,"5,21E+18","Rad, PKW"
159355,5,3,15,0,2021,März,15,Samstag,Unfall mit Leichtverletzten,Zusammenstoß mit einbiegendem / kreuzendem Fahrzeug,Einbiegen / Kreuzen-Unfall,Tageslicht,0,1,0,0,0,0,"356188,9039","5644963,18",6.953143679,50.93834109,trocken,"5,21E+18",PKW
159357,5,3,15,0,2021,Dezember,19,Donnerstag,Unfall mit Leichtverletzten,Zusammenstoß zwischen Fahrzeug und Fußgänger,Überschreiten-Unfall,Dunkelheit,0,1,1,0,0,0,"356685,2436","5644775,09",6.960277243,50.93677431,nass/feucht,"5,21E+18","Fuss, PKW"
159358,5,3,15,0,2021,April,16,Mittwoch,Unfall mit Leichtverletzten,Zusammenstoß mit seitlich in gleicher Richtung fahrendem Fahrzeug,Abbiegeunfall,Tageslicht,0,1,0,1,0,0,"358089,8684","5642338,851",6.981203405,50.91522714,trocken,"5,21E+18","Krad, PKW"
159359,5,3,15,0,2021,Mai,20,Montag,Unfall mit Leichtverletzten,Zusammenstoß mit vorausfahrendem / wartendem Fahrzeug,Unfall im Längsverkehr,Tageslicht,0,1,0,0,0,0,"359928,838","5650633,802",7.004155741,50.99022413,trocken,"5,21E+18",PKW
159361,5,3,15,0,2021,Februar,18,Donnerstag,Unfall mit Leichtverletzten,Zusammenstoß mit vorausfahrendem / wartendem Fahrzeug,Unfall im Längsverkehr,Tageslicht,0,1,0,0,0,0,"359022,3758","5644991,59",6.993434644,50.93929611,trocken,"5,21E+18",PKW
159362,5,3,15,0,2021,März,15,Montag,Unfall mit Leichtverletzten,Unfall anderer Art,Sonstiger Unfall,Tageslicht,0,0,0,0,0,1,"357655,4877","5647028,158",6.973196278,50.95726284,trocken,"5,21E+18",Sonstige
159365,5,3,15,0,2021,März,16,Dienstag,Unfall mit Schwerverletzten,Zusammenstoß zwischen Fahrzeug und Fußgänger,Unfall im Längsverkehr,Tageslicht,1,0,1,0,0,0,"357046,5247","5643713,813",6.96583194,50.92732636,trocken,"5,21E+18","Rad, Fuss"
159366,5,3,15,0,2021,Februar,12,Montag,Unfall mit Schwerverletzten,Unfall anderer Art,Unfall im Längsverkehr,Tageslicht,1,0,0,0,0,0,"359528,9022","5647771,423",6.999566873,50.96440234,trocken,"5,21E+18",Rad
159367,5,3,15,0,2021,November,17,Donnerstag,Unfall mit Leichtverletzten,Zusammenstoß mit vorausfahrendem / wartendem Fahrzeug,Unfall im Längsverkehr,Dämmerung,0,1,0,0,0,0,"358629,4822","5648387,62",6.986527285,50.96972009,trocken,"5,21E+18",PKW
159369,5,3,15,0,2021,November,13,Sonntag,Unfall mit Leichtverletzten,Zusammenstoß mit einbiegendem / kreuzendem Fahrzeug,Einbiegen / Kreuzen-Unfall,Tageslicht,0,1,0,0,0,0,"356754,6774","5648834,998",6.959667103,50.97327742,trocken,"5,21E+18",PKW
159373,5,3,15,0,2021,Oktober,19,Montag,Unfall mit Leichtverletzten,Zusammenstoß zwischen Fahrzeug und Fußgänger,Abbiegeunfall,Dunkelheit,0,1,1,0,0,0,"358275,9113","5651905,171",6.980122945,51.0012452,nass/feucht,"5,21E+18","Fuss, PKW"
159375,5,3,15,0,2021,Dezember,8,Sonntag,Unfall mit Leichtverletzten,Zusammenstoß mit entgegenkommendem Fahrzeug,Einbiegen / Kreuzen-Unfall,Tageslicht,1,0,0,0,0,0,"356339,1157","5641361,309",6.956699062,50.90600891,trocken,"5,21E+18",Rad
159376,5,3,15,0,2021,November,15,Mittwoch,Unfall mit Leichtverletzten,Zusammenstoß zwischen Fahrzeug und Fußgänger,Abbiegeunfall,Tageslicht,0,1,1,0,0,0,"358859,518","5639364,312",6.993295028,50.88868331,trocken,"5,21E+18","Fuss, PKW"
159377,5,3,15,0,2021,März,14,Sonntag,Unfall mit Leichtverletzten,Zusammenstoß mit seitlich in gleicher Richtung fahrendem Fahrzeug,Sonstiger Unfall,Tageslicht,0,1,0,0,0,0,"357705,7819","5648990,597",6.973144292,50.97491155,trocken,"5,21E+18",PKW
159380,5,3,15,0,2021,Juli,18,Donnerstag,Unfall mit Leichtverletzten,Unfall anderer Art,Fahrunfall,Tageslicht,1,0,0,0,0,0,"359350,7385","5644561,048",6.998271441,50.93550696,trocken,"5,21E+18",Rad
159381,5,3,15,0,2021,Mai,8,Mittwoch,Unfall mit Leichtverletzten,Zusammenstoß mit einbiegendem / kreuzendem Fahrzeug,Einbiegen / Kreuzen-Unfall,Tageslicht,1,1,0,0,0,0,"358429,8001","5638328,78",6.987590531,50.87927171,nass/feucht,"5,21E+18","Rad, PKW"
159382,5,3,15,0,2021,November,9,Mittwoch,Unfall mit Leichtverletzten,Zusammenstoß mit entgegenkommendem Fahrzeug,Unfall im Längsverkehr,Tageslicht,1,0,0,0,0,0,"357622,466","5645279,092",6.973410322,50.94153592,trocken,"5,21E+18",Rad
159383,5,3,15,0,2021,September,10,Sonntag,Unfall mit Schwerverletzten,Abkommen von Fahrbahn nach rechts,Fahrunfall,Tageslicht,0,0,0,1,0,0,"356804,9392","5647927,577",6.960739788,50.96513506,trocken,"5,21E+18",Krad
159386,5,3,15,0,2021,März,17,Donnerstag,Unfall mit Leichtverletzten,Zusammenstoß mit einbiegendem / kreuzendem Fahrzeug,Einbiegen / Kreuzen-Unfall,Tageslicht,0,1,0,0,0,0,"359663,554","5643838,641",7.00299871,50.9290908,trocken,"5,21E+18",PKW
159388,5,3,15,0,2021,Dezember,18,Samstag,Unfall mit Leichtverletzten,Zusammenstoß mit einbiegendem / kreuzendem Fahrzeug,Einbiegen / Kreuzen-Unfall,Dunkelheit,0,1,0,0,0,1,"359936,0625","5646011,813",7.006038575,50.94868765,trocken,"5,21E+18","PKW, Sonstige"
159393,5,3,15,0,2021,Juni,0,Samstag,Unfall mit Leichtverletzten,Unfall anderer Art,Fahrunfall,Dunkelheit,1,0,0,0,0,0,"358879,53","5646778,389",6.990710403,50.95531921,trocken,"5,21E+18",Rad
159394,5,3,15,0,2021,September,14,Mittwoch,Unfall mit Leichtverletzten,Zusammenstoß mit einbiegendem / kreuzendem Fahrzeug,Abbiegeunfall,Tageslicht,1,1,0,0,0,0,"356788,129","5642609,857",6.962591086,50.9173411,trocken,"5,21E+18","Rad, PKW"
159395,5,3,15,0,2021,Oktober,16,Montag,Unfall mit Leichtverletzten,Unfall anderer Art,Fahrunfall,Tageslicht,0,0,0,0,0,1,"356742,7385","5648708,993",6.959546806,50.97214206,trocken,"5,21E+18",Sonstige
159399,5,3,15,0,2021,Mai,13,Donnerstag,Unfall mit Leichtverletzten,Zusammenstoß mit vorausfahrendem / wartendem Fahrzeug,Sonstiger Unfall,Tageslicht,1,1,0,0,0,0,"356015,3879","5643277,791",6.951341466,50.92315145,trocken,"5,21E+18","Rad, PKW"
159405,5,3,15,0,2021,Juli,16,Samstag,Unfall mit Leichtverletzten,Zusammenstoß zwischen Fahrzeug und Fußgänger,Überschreiten-Unfall,Tageslicht,0,1,1,0,0,0,"359573,3926","5636756,058",7.004439908,50.86541633,trocken,"5,21E+18","Fuss, PKW"
159406,5,3,15,0,2021,Oktober,12,Dienstag,Unfall mit Leichtverletzten,Zusammenstoß mit einbiegendem / kreuzendem Fahrzeug,Einbiegen / Kreuzen-Unfall,Tageslicht,1,0,0,0,1,0,"356530,0465","5644723,241",6.958090319,50.93626976,trocken,"5,21E+18","Rad, Gkfz"
159407,5,3,15,0,2021,April,16,Dienstag,Unfall mit Leichtverletzten,Zusammenstoß mit einbiegendem / kreuzendem Fahrzeug,Einbiegen / Kreuzen-Unfall,Tageslicht,0,1,0,1,0,0,"358979,151","5639882,672",6.994794741,50.89337112,trocken,"5,21E+18","Krad, PKW"
159408,5,3,15,0,2021,April,11,Sonntag,Unfall mit Leichtverletzten,Zusammenstoß mit seitlich in gleicher Richtung fahrendem Fahrzeug,Unfall im Längsverkehr,Tageslicht,1,1,0,0,0,0,"357545,9952","5640723,378",6.974102014,50.90057487,trocken,"5,21E+18","Rad, PKW"
159409,5,3,15,0,2021,November,13,Dienstag,Unfall mit Leichtverletzten,Abkommen von Fahrbahn nach rechts,Fahrunfall,Tageslicht,0,0,0,0,0,1,"357249,7534","5642138,995",6.969338224,50.91322385,nass/feucht,"5,21E+18",Sonstige
159410,5,3,15,0,2021,April,14,Dienstag,Unfall mit Leichtverletzten,Zusammenstoß mit seitlich in gleicher Richtung fahrendem Fahrzeug,Einbiegen / Kreuzen-Unfall,Tageslicht,0,1,0,0,0,0,"357150,5994","5641920,928",6.968014049,50.91123955,trocken,"5,21E+18",PKW
159411,5,3,15,0,2021,Juli,14,Mittwoch,Unfall mit Leichtverletzten,Zusammenstoß mit einbiegendem / kreuzendem Fahrzeug,Abbiegeunfall,Tageslicht,0,1,0,0,0,0,"359430,5731","5643670,725",6.999750274,50.92752499,trocken,"5,21E+18",PKW
159412,5,3,15,0,2021,November,16,Freitag,Unfall mit Leichtverletzten,Unfall anderer Art,Unfall durch ruhenden Verkehr,Tageslicht,1,1,0,0,0,0,"356200,8451","5646242,937",6.952808271,50.94984504,nass/feucht,"5,21E+18","Rad, PKW"
159413,5,3,15,0,2021,März,8,Samstag,Unfall mit Leichtverletzten,Zusammenstoß mit anfahrendem/ anhaltendem/ruhendem Fahrzeug,Unfall im Längsverkehr,Tageslicht,0,1,0,1,0,0,"359983,9904","5645259,611",7.007009619,50.94193915,trocken,"5,21E+18","Krad, PKW"
159416,5,3,15,0,2021,November,8,Donnerstag,Unfall mit Leichtverletzten,Zusammenstoß zwischen Fahrzeug und Fußgänger,Überschreiten-Unfall,Tageslicht,0,1,1,0,0,0,"359583,549","5637927,129",7.004134563,50.87594349,trocken,"5,21E+18","Fuss, PKW"
159417,5,3,15,0,2021,April,15,Sonntag,Unfall mit Leichtverletzten,Zusammenstoß mit einbiegendem / kreuzendem Fahrzeug,Einbiegen / Kreuzen-Unfall,Tageslicht,1,1,0,0,0,0,"356391,611","5645410,47",6.955850515,50.94241134,nass/feucht,"5,21E+18","Rad, PKW"
159423,5,3,15,0,2021,September,17,Montag,Unfall mit Leichtverletzten,Abkommen von Fahrbahn nach links,Fahrunfall,Tageslicht,0,0,0,1,0,0,"358455,9157","5642236,124",6.986447163,50.91439382,trocken,"5,21E+18",Krad
159424,5,3,15,0,2021,März,9,Donnerstag,Unfall mit Leichtverletzten,Abkommen von Fahrbahn nach links,Fahrunfall,Tageslicht,1,0,0,0,0,0,"359057,8669","5651199,765",6.991533976,50.99509782,nass/feucht,"5,21E+18",Rad
159425,5,3,15,0,2021,Dezember,12,Freitag,Unfall mit Leichtverletzten,Zusammenstoß mit entgegenkommendem Fahrzeug,Abbiegeunfall,Tageslicht,1,1,0,0,0,0,"356967,3475","5647820,345",6.963093262,50.96421173,trocken,"5,21E+18","Rad, PKW"
159426,5,3,15,0,2021,Dezember,16,Samstag,Unfall mit Leichtverletzten,Zusammenstoß mit einbiegendem / kreuzendem Fahrzeug,Abbiegeunfall,Dämmerung,0,1,0,0,0,0,"356770,6358","5648939,585",6.959853057,50.97422129,trocken,"5,21E+18",PKW
159428,5,3,15,0,2021,Januar,11,Freitag,Unfall mit Schwerverletzten,Zusammenstoß zwischen Fahrzeug und Fußgänger,Sonstiger Unfall,Tageslicht,0,0,1,0,0,1,"356040,0306","5642689,708",6.951923974,50.91787257,nass/feucht,"5,21E+18","Fuss, Sonstige"
159430,5,3,15,0,2021,Juni,18,Dienstag,Unfall mit Leichtverletzten,Unfall anderer Art,Fahrunfall,Tageslicht,0,0,0,0,0,1,"356417,3146","5648730,74",6.954906271,50.97225646,trocken,"5,21E+18",Sonstige
159431,5,3,15,0,2021,Januar,15,Donnerstag,Unfall mit Leichtverletzten,Zusammenstoß mit vorausfahrendem / wartendem Fahrzeug,Unfall im Längsverkehr,Tageslicht,0,1,0,1,0,0,"359906,1267","5645464,451",7.005823242,50.94376116,nass/feucht,"5,21E+18","Krad, PKW"
159432,5,3,15,0,2021,Dezember,22,Donnerstag,Unfall mit Leichtverletzten,Zusammenstoß mit anfahrendem/ anhaltendem/ruhendem Fahrzeug,Sonstiger Unfall,Dunkelheit,0,1,0,0,0,0,"360204,8619","5644375,228",7.010490799,50.93404464,trocken,"5,21E+18",PKW
159438,5,3,15,0,2021,Oktober,9,Samstag,Unfall mit Leichtverletzten,Zusammenstoß mit anfahrendem/ anhaltendem/ruhendem Fahrzeug,Unfall im Längsverkehr,Tageslicht,0,1,0,0,0,0,"356656,198","5646388,771",6.959229068,50.95126905,trocken,"5,21E+18",PKW
159439,5,3,15,0,2021,Mai,21,Sonntag,Unfall mit Leichtverletzten,Unfall anderer Art,Fahrunfall,Dunkelheit,0,0,0,1,0,0,"359046,824","5642441,595",6.994768301,50.91638503,trocken,"5,21E+18",Krad
159440,5,3,15,0,2021,März,14,Donnerstag,Unfall mit Leichtverletzten,Zusammenstoß zwischen Fahrzeug und Fußgänger,Überschreiten-Unfall,Tageslicht,1,0,1,0,0,0,"357697,6779","5644749,081",6.97468718,50.93679129,trocken,"5,21E+18","Rad, Fuss"
159444,5,3,15,0,2021,November,21,Samstag,Unfall mit Leichtverletzten,Abkommen von Fahrbahn nach rechts,Fahrunfall,Dunkelheit,0,1,0,0,0,0,"356224,7932","5645675,071",6.953373173,50.94474769,nass/feucht,"5,21E+18",PKW
159446,5,3,15,0,2021,September,15,Dienstag,Unfall mit Leichtverletzten,Zusammenstoß mit seitlich in gleicher Richtung fahrendem Fahrzeug,Abbiegeunfall,Tageslicht,0,1,0,0,0,1,"356727,635","5643565,319",6.961355693,50.92591275,trocken,"5,21E+18","PKW, Sonstige"
159449,5,3,15,0,2021,April,14,Mittwoch,Unfall mit Leichtverletzten,Unfall anderer Art,Unfall im Längsverkehr,Tageslicht,0,1,1,0,0,0,"356464,6818","5646003,001",6.956656395,50.94775453,trocken,"5,21E+18","Fuss, PKW"
159450,5,3,15,0,2021,März,22,Sonntag,Unfall mit Schwerverletzten,Unfall anderer Art,Fahrunfall,Dunkelheit,1,0,0,0,0,0,"359927,0974","5646472,542",7.005733778,50.9528261,nass/feucht,"5,21E+18",Rad
159452,5,3,15,0,2021,Oktober,15,Sonntag,Unfall mit Leichtverletzten,Zusammenstoß mit einbiegendem / kreuzendem Fahrzeug,Einbiegen / Kreuzen-Unfall,Tageslicht,1,1,0,0,0,0,"356878,0332","5641129,32",6.964449908,50.90405788,trocken,"5,21E+18","Rad, PKW"
159455,5,3,15,0,2021,Juli,10,Dienstag,Unfall mit Leichtverletzten,Zusammenstoß mit einbiegendem / kreuzendem Fahrzeug,Abbiegeunfall,Tageslicht,1,1,0,0,0,0,"356761,0554","5641898,335",6.962485521,50.91093997,trocken,"5,21E+18","Rad, PKW"
159456,5,3,15,0,2021,Juni,9,Samstag,Unfall mit Leichtverletzten,Zusammenstoß mit einbiegendem / kreuzendem Fahrzeug,Einbiegen / Kreuzen-Unfall,Tageslicht,1,1,0,0,0,0,"356512,4882","5641870,907",6.958962936,50.91063174,trocken,"5,21E+18","Rad, PKW"
159457,5,3,15,0,2021,Februar,9,Donnerstag,Unfall mit Leichtverletzten,Unfall anderer Art,Fahrunfall,Tageslicht,1,0,0,0,0,0,"359201,3891","5640545,856",6.99769706,50.89938548,winterglatt,"5,21E+18",Rad
159459,5,3,15,0,2021,September,20,Mittwoch,Unfall mit Leichtverletzten,Unfall anderer Art,Unfall im Längsverkehr,Dunkelheit,0,0,1,0,0,1,"356751,3525","5641398,756",6.962543678,50.90644787,trocken,"5,21E+18","Fuss, Sonstige"
159461,5,3,15,0,2021,Oktober,8,Donnerstag,Unfall mit Leichtverletzten,Unfall anderer Art,Fahrunfall,Tageslicht,1,1,0,0,0,0,"359603,8204","5645806,567",7.001390955,50.94676225,trocken,"5,21E+18","Rad, PKW"
159462,5,3,15,0,2021,Oktober,10,Sonntag,Unfall mit Leichtverletzten,Zusammenstoß mit anfahrendem/ anhaltendem/ruhendem Fahrzeug,Unfall durch ruhenden Verkehr,Tageslicht,1,1,0,0,0,0,"356225,9222","5641900,432",6.954877821,50.91082577,nass/feucht,"5,21E+18","Rad, PKW"
159464,5,3,15,0,2021,Januar,14,Dienstag,Unfall mit Leichtverletzten,Zusammenstoß mit einbiegendem / kreuzendem Fahrzeug,Abbiegeunfall,Tageslicht,0,1,0,0,0,0,"356709,5958","5641884,372",6.961759508,50.91080172,trocken,"5,21E+18",PKW
159467,5,3,15,0,2021,Januar,14,Samstag,Unfall mit Leichtverletzten,Zusammenstoß zwischen Fahrzeug und Fußgänger,Überschreiten-Unfall,Tageslicht,1,0,1,0,0,0,"356486,4338","5646227,949",6.956877185,50.94978152,nass/feucht,"5,21E+18","Rad, Fuss"
159468,5,3,15,0,2021,Dezember,17,Mittwoch,Unfall mit Leichtverletzten,Zusammenstoß mit anfahrendem/ anhaltendem/ruhendem Fahrzeug,Sonstiger Unfall,Dämmerung,0,1,1,0,0,0,"359117,644","5645160,781",6.994724302,50.94083992,trocken,"5,21E+18","Fuss, PKW"
159471,5,3,15,0,2021,September,15,Donnerstag,Unfall mit Leichtverletzten,Unfall anderer Art,Fahrunfall,Tageslicht,0,0,0,0,0,1,"359609,857","5648103,278",7.00059092,50.96740447,trocken,"5,21E+18",Sonstige
159472,5,3,15,0,2021,Mai,12,Mittwoch,Unfall mit Leichtverletzten,Zusammenstoß mit einbiegendem / kreuzendem Fahrzeug,Einbiegen / Kreuzen-Unfall,Tageslicht,0,1,0,0,0,0,"356189,1281","5644963,168",6.953146871,50.93834104,trocken,"5,21E+18",PKW
159473,5,3,15,0,2021,Februar,16,Donnerstag,Unfall mit Leichtverletzten,Zusammenstoß mit einbiegendem / kreuzendem Fahrzeug,Sonstiger Unfall,Tageslicht,1,1,0,0,0,0,"358498,8504","5643195,422",6.986685389,50.92302562,nass/feucht,"5,21E+18","Rad, PKW"
159475,5,3,15,0,2021,Juli,8,Donnerstag,Unfall mit Leichtverletzten,Zusammenstoß mit anfahrendem/ anhaltendem/ruhendem Fahrzeug,Unfall durch ruhenden Verkehr,Tageslicht,1,1,0,0,1,0,"356619,7627","5642837,085",6.960108122,50.91934137,trocken,"5,21E+18","Rad, PKW, Gkfz"
159477,5,3,15,0,2021,Dezember,13,Sonntag,Unfall mit Leichtverletzten,Zusammenstoß mit einbiegendem / kreuzendem Fahrzeug,Einbiegen / Kreuzen-Unfall,Tageslicht,0,1,0,0,0,1,"359738,876","5644961,54",7.003637681,50.93920077,nass/feucht,"5,21E+18","PKW, Sonstige"
159480,5,3,15,0,2021,Oktober,8,Samstag,Unfall mit Leichtverletzten,Zusammenstoß mit vorausfahrendem / wartendem Fahrzeug,Unfall durch ruhenden Verkehr,Tageslicht,1,1,0,0,0,0,"357248,0626","5649431,847",6.966455607,50.97876372,trocken,"5,21E+18","Rad, PKW"
159481,5,3,15,0,2021,November,12,Samstag,Unfall mit Leichtverletzten,Zusammenstoß mit vorausfahrendem / wartendem Fahrzeug,Abbiegeunfall,Tageslicht,0,1,0,0,0,0,"359355,8037","5643112,969",6.998902167,50.92249414,nass/feucht,"5,21E+18",PKW
159484,5,3,15,0,2021,Januar,7,Dienstag,Unfall mit Leichtverletzten,Zusammenstoß mit anfahrendem/ anhaltendem/ruhendem Fahrzeug,Unfall durch ruhenden Verkehr,Dämmerung,0,1,0,0,0,1,"356820,0741","5641515,625",6.963474616,50.90751521,trocken,"5,21E+18","PKW, Sonstige"
159487,5,3,15,0,2021,Dezember,10,Freitag,Unfall mit Leichtverletzten,Zusammenstoß zwischen Fahrzeug und Fußgänger,Einbiegen / Kreuzen-Unfall,Tageslicht,0,1,1,0,0,0,"356125,7477","5645717,455",6.951947489,50.94510388,trocken,"5,21E+18","Fuss, PKW"
159488,5,3,15,0,2021,März,0,Freitag,Unfall mit Leichtverletzten,Zusammenstoß mit vorausfahrendem / wartendem Fahrzeug,Sonstiger Unfall,Dunkelheit,0,1,0,0,0,1,"359555,1256","5644362,768",7.001254811,50.93377481,trocken,"5,21E+18","PKW, Sonstige"
159492,5,3,15,0,2021,Oktober,18,Samstag,Unfall mit Leichtverletzten,Zusammenstoß zwischen Fahrzeug und Fußgänger,Überschreiten-Unfall,Dämmerung,1,0,1,0,0,0,"358481,364","5639439,473",6.987892943,50.88926628,nass/feucht,"5,21E+18","Rad, Fuss"
159493,5,3,15,0,2021,Juli,19,Donnerstag,Unfall mit Leichtverletzten,Zusammenstoß mit anfahrendem/ anhaltendem/ruhendem Fahrzeug,Unfall durch ruhenden Verkehr,Tageslicht,1,1,0,0,0,0,"359874,4586","5646329,583",7.005039851,50.95152851,nass/feucht,"5,21E+18","Rad, PKW"
159494,5,3,15,0,2021,Juni,9,Samstag,Unfall mit Leichtverletzten,Zusammenstoß mit anfahrendem/ anhaltendem/ruhendem Fahrzeug,Unfall im Längsverkehr,Tageslicht,0,1,0,0,0,0,"356692,6728","5648294,709",6.958997434,50.96840651,trocken,"5,21E+18",PKW
159495,5,3,15,0,2021,März,15,Freitag,Unfall mit Leichtverletzten,Zusammenstoß mit einbiegendem / kreuzendem Fahrzeug,Fahrunfall,Tageslicht,1,0,0,0,0,1,"359276,5848","5647268,149",6.996170644,50.95981781,trocken,"5,21E+18","Rad, Sonstige"
159499,5,3,15,0,2021,Dezember,21,Samstag,Unfall mit Leichtverletzten,Zusammenstoß mit einbiegendem / kreuzendem Fahrzeug,Einbiegen / Kreuzen-Unfall,Dunkelheit,0,1,0,0,0,0,"359332,9677","5639372,83",7.000018765,50.88887535,trocken,"5,21E+18",PKW
159503,5,3,15,0,2021,Juni,0,Montag,Unfall mit Schwerverletzten,Unfall anderer Art,Unfall im Längsverkehr,Dunkelheit,1,0,0,0,0,0,"356918,3216","5643747,375",6.963995722,50.92759619,trocken,"5,21E+18",Rad
159506,5,3,15,0,2021,Juni,14,Samstag,Unfall mit Leichtverletzten,Zusammenstoß mit einbiegendem / kreuzendem Fahrzeug,Einbiegen / Kreuzen-Unfall,Tageslicht,1,1,0,0,0,0,"359800,7886","5646782,723",7.003817179,50.95558301,trocken,"5,21E+18","Rad, PKW"
159507,5,3,15,0,2021,Oktober,12,Montag,Unfall mit Leichtverletzten,Zusammenstoß mit einbiegendem / kreuzendem Fahrzeug,Einbiegen / Kreuzen-Unfall,Tageslicht,0,1,0,0,0,0,"356491,574","5645781,368",6.957126305,50.94576944,trocken,"5,21E+18",PKW
159508,5,3,15,0,2021,September,18,Sonntag,Unfall mit Leichtverletzten,Zusammenstoß zwischen Fahrzeug und Fußgänger,Überschreiten-Unfall,Tageslicht,0,1,1,0,0,0,"358820,944","5640081,949",6.992469614,50.8951234,trocken,"5,21E+18","Fuss, PKW"
159509,5,3,15,0,2021,April,20,Montag,Unfall mit Schwerverletzten,Zusammenstoß mit einbiegendem / kreuzendem Fahrzeug,Abbiegeunfall,Dämmerung,0,1,0,1,0,0,"357619,9778","5645098,983",6.973445321,50.93991667,trocken,"5,21E+18","Krad, PKW"
159512,5,3,15,0,2021,November,15,Samstag,Unfall mit Leichtverletzten,Zusammenstoß mit anfahrendem/ anhaltendem/ruhendem Fahrzeug,Unfall durch ruhenden Verkehr,Dämmerung,0,1,0,0,0,1,"359379,8698","5643873,278",6.998951125,50.929333,nass/feucht,"5,21E+18","PKW, Sonstige"
159517,5,3,15,0,2021,Oktober,0,Sonntag,Unfall mit Leichtverletzten,Abkommen von Fahrbahn nach rechts,Fahrunfall,Dunkelheit,1,0,0,0,0,0,"356314,45","5641727,157",6.956204456,50.90929061,nass/feucht,"5,21E+18",Rad
159519,5,3,15,0,2021,Mai,13,Montag,Unfall mit Leichtverletzten,Zusammenstoß mit anfahrendem/ anhaltendem/ruhendem Fahrzeug,Unfall durch ruhenden Verkehr,Tageslicht,1,1,0,0,0,0,"358203,9693","5648178,028",6.980552637,50.96773191,trocken,"5,21E+18","Rad, PKW"
159521,5,3,15,0,2021,Oktober,17,Mittwoch,Unfall mit Leichtverletzten,Zusammenstoß mit anfahrendem/ anhaltendem/ruhendem Fahrzeug,Unfall im Längsverkehr,Dämmerung,0,1,0,0,0,0,"356463,535","5645761,013",6.956735457,50.94557953,nass/feucht,"5,21E+18",PKW
159522,5,3,15,0,2021,Mai,15,Samstag,Unfall mit Leichtverletzten,Unfall anderer Art,Fahrunfall,Tageslicht,1,0,0,0,0,0,"358872,4752","5639742,805",6.993332925,50.89208805,trocken,"5,21E+18",Rad
159523,5,3,15,0,2021,März,20,Donnerstag,Unfall mit Leichtverletzten,Zusammenstoß zwischen Fahrzeug und Fußgänger,Überschreiten-Unfall,Dunkelheit,1,0,1,0,0,0,"357742,7976","5649930,573",6.973303334,50.98336816,trocken,"5,21E+18","Rad, Fuss"
159524,5,3,15,0,2021,Oktober,10,Freitag,Unfall mit Schwerverletzten,Unfall anderer Art,Fahrunfall,Tageslicht,0,1,0,0,0,0,"357021,3104","5640112,7",6.966884354,50.89495702,nass/feucht,"5,21E+18",PKW
159528,5,3,15,0,2021,September,14,Samstag,Unfall mit Leichtverletzten,Unfall anderer Art,Fahrunfall,Tageslicht,1,0,0,0,0,0,"356633,8141","5642726,294",6.960351444,50.91834919,nass/feucht,"5,21E+18",Rad
159531,5,3,15,0,2021,November,14,Mittwoch,Unfall mit Schwerverletzten,Unfall anderer Art,Fahrunfall,Tageslicht,0,0,0,0,0,1,"356419,5973","5645311,28",6.956287703,50.9415269,trocken,"5,21E+18",Sonstige
159532,5,3,15,0,2021,November,9,Freitag,Unfall mit Leichtverletzten,Unfall anderer Art,Abbiegeunfall,Tageslicht,0,1,0,0,0,1,"360019,998","5648032,887",7.006455369,50.96687167,trocken,"5,21E+18","PKW, Sonstige"