OBJECTID,ULAND,UREGBEZ,UKREIS,UGEMEINDE,UJAHR,UMONAT,USTUNDE,UWOCHENTAG,UKATEGORIE,UART,UTYP1,ULICHTVERH,IstRad,IstPKW,IstFuss,IstKrad,IstGkfz,IstSonstige,LINREFX,LINREFY,XGCSWGS84,YGCSWGS84,USTRZUSTAND,UIDENTSTLAE,Participants
159534,5,3,15,0,2021,September,14,Sonntag,Unfall mit Leichtverletzten,Unfall anderer Art,Unfall im Längsverkehr,Tageslicht,1,0,0,0,0,0,"356877,7507","5641131,144",6.964445178,50.90407421,trocken,"5,21E+18",Rad
159539,5,3,15,0,2021,Oktober,21,Samstag,Unfall mit Leichtverletzten,Unfall anderer Art,Sonstiger Unfall,Dunkelheit,0,0,0,0,0,1,"356653,9476","5645316,913",6.959618946,50.94163584,trocken,"5,21E+18",Sonstige
159540,5,3,15,0,2021,Dezember,9,Donnerstag,Unfall mit Leichtverletzten,Zusammenstoß mit anfahrendem/ anhaltendem/ruhendem Fahrzeug,Unfall durch ruhenden Verkehr,Tageslicht,1,1,0,0,0,0,"358000,3272","5648361,412",6.97758272,50.9693298,trocken,"5,21E+18","Rad, PKW"
159541,5,3,15,0,2021,Oktober,16,Mittwoch,Unfall mit Schwerverletzten,Unfall anderer Art,Überschreiten-Unfall,Tageslicht,0,1,1,0,0,0,"355906,5066","5640751,657",6.95079085,50.90042221,nass/feucht,"5,21E+18","Fuss, PKW"
159543,5,3,15,0,2021,Oktober,16,Mittwoch,Unfall mit Leichtverletzten,Zusammenstoß mit einbiegendem / kreuzendem Fahrzeug,Unfall durch ruhenden Verkehr,Tageslicht,0,1,0,0,0,0,"356167,3012","5640825,888",6.954467941,50.90115434,nass/feucht,"5,21E+18",PKW
159546,5,3,15,0,2021,Dezember,17,Freitag,Unfall mit Schwerverletzten,Unfall anderer Art,Fahrunfall,Dunkelheit,0,0,0,1,0,0,"358599,7853","5642379,011",6.988437069,50.91571322,nass/feucht,"5,21E+18",Krad
159547,5,3,15,0,2021,September,9,Sonntag,Unfall mit Leichtverletzten,Unfall anderer Art,Sonstiger Unfall,Tageslicht,0,0,0,1,0,1,"359642,2916","5637290,31",7.005213393,50.87023451,trocken,"5,21E+18","Krad, Sonstige"
159551,5,3,15,0,2021,September,12,Montag,Unfall mit Leichtverletzten,Zusammenstoß mit einbiegendem / kreuzendem Fahrzeug,Einbiegen / Kreuzen-Unfall,Tageslicht,1,1,0,0,0,0,"357397,947","5648303,335",6.969031898,50.96865906,trocken,"5,21E+18","Rad, PKW"
159552,5,3,15,0,2021,November,10,Donnerstag,Unfall mit Leichtverletzten,Zusammenstoß zwischen Fahrzeug und Fußgänger,Unfall im Längsverkehr,Tageslicht,1,0,1,0,0,0,"359532,9345","5646156,786",7.000247419,50.94989244,trocken,"5,21E+18","Rad, Fuss"
159553,5,3,15,0,2021,März,14,Samstag,Unfall mit Leichtverletzten,Unfall anderer Art,Unfall durch ruhenden Verkehr,Tageslicht,1,1,0,0,0,0,"356272,1424","5647437,379",6.953350967,50.96059707,trocken,"5,21E+18","Rad, PKW"
159554,5,3,15,0,2021,Juni,22,Mittwoch,Unfall mit Leichtverletzten,Zusammenstoß mit einbiegendem / kreuzendem Fahrzeug,Einbiegen / Kreuzen-Unfall,Dunkelheit,1,1,0,0,0,0,"360061,9687","5648009,187",7.007061831,50.96666887,nass/feucht,"5,21E+18","Rad, PKW"
159555,5,3,15,0,2021,Oktober,16,Mittwoch,Unfall mit Leichtverletzten,Zusammenstoß mit einbiegendem / kreuzendem Fahrzeug,Einbiegen / Kreuzen-Unfall,Tageslicht,1,1,0,0,0,0,"356899,3395","5650281,606",6.961156712,50.9863138,nass/feucht,"5,21E+18","Rad, PKW"
159558,5,3,15,0,2021,Januar,21,Sonntag,Unfall mit Schwerverletzten,Unfall anderer Art,Fahrunfall,Dunkelheit,0,1,0,0,0,0,"359794,036","5646757,573",7.003730784,50.95535535,winterglatt,"5,21E+18",PKW
159559,5,3,15,0,2021,September,17,Dienstag,Unfall mit Leichtverletzten,Zusammenstoß mit vorausfahrendem / wartendem Fahrzeug,Abbiegeunfall,Tageslicht,1,0,0,1,0,0,"356557,1157","5648939,373",6.956813846,50.97416624,nass/feucht,"5,21E+18","Rad, Krad"
159561,5,3,15,0,2021,Oktober,12,Freitag,Unfall mit Leichtverletzten,Zusammenstoß mit einbiegendem / kreuzendem Fahrzeug,Abbiegeunfall,Tageslicht,1,1,0,0,0,0,"357648,3989","5645138,344",6.9738342,50.94027743,nass/feucht,"5,21E+18","Rad, PKW"
159562,5,3,15,0,2021,September,17,Freitag,Unfall mit Leichtverletzten,Unfall anderer Art,Fahrunfall,Tageslicht,1,0,0,0,0,0,"357145,7346","5642093,755",6.967877235,50.91279154,trocken,"5,21E+18",Rad
159564,5,3,15,0,2021,Oktober,12,Freitag,Unfall mit Leichtverletzten,Unfall anderer Art,Sonstiger Unfall,Tageslicht,0,1,1,0,0,0,"358759,1","5651861,969",6.987021689,51.00097576,trocken,"5,21E+18","Fuss, PKW"
159565,5,3,15,0,2021,April,14,Mittwoch,Unfall mit Leichtverletzten,Unfall anderer Art,Abbiegeunfall,Tageslicht,0,1,0,0,0,1,"356633,3797","5642752,969",6.960334782,50.91858881,trocken,"5,21E+18","PKW, Sonstige"
159568,5,3,15,0,2021,November,21,Dienstag,Unfall mit Leichtverletzten,Unfall anderer Art,Fahrunfall,Dunkelheit,1,0,0,0,0,0,"359748,6182","5646229,428",7.003288012,50.9505978,nass/feucht,"5,21E+18",Rad
159569,5,3,15,0,2021,Januar,11,Donnerstag,Unfall mit Leichtverletzten,Zusammenstoß mit anfahrendem/ anhaltendem/ruhendem Fahrzeug,Einbiegen / Kreuzen-Unfall,Tageslicht,1,1,0,0,0,0,"356631,1855","5654558,886",6.955649215,51.024686,trocken,"5,21E+18","Rad, PKW"
159572,5,3,15,0,2021,September,16,Dienstag,Unfall mit Leichtverletzten,Zusammenstoß mit einbiegendem / kreuzendem Fahrzeug,Einbiegen / Kreuzen-Unfall,Tageslicht,0,1,0,0,0,1,"356876,9494","5641136,32",6.964431759,50.90412052,trocken,"5,21E+18","PKW, Sonstige"
159573,5,3,15,0,2021,April,19,Mittwoch,Unfall mit Leichtverletzten,Zusammenstoß mit einbiegendem / kreuzendem Fahrzeug,Einbiegen / Kreuzen-Unfall,Tageslicht,0,1,0,0,0,0,"359227,654","5642677,821",6.997247988,50.91855216,trocken,"5,21E+18",PKW
159576,5,3,15,0,2021,Januar,7,Freitag,Unfall mit Leichtverletzten,Zusammenstoß zwischen Fahrzeug und Fußgänger,Abbiegeunfall,Tageslicht,0,1,1,0,0,0,"356765,6466","5648939,684",6.959782001,50.97422094,nass/feucht,"5,21E+18","Fuss, PKW"
159579,5,3,15,0,2021,Oktober,16,Donnerstag,Unfall mit Leichtverletzten,Zusammenstoß mit einbiegendem / kreuzendem Fahrzeug,Abbiegeunfall,Tageslicht,1,1,0,0,0,0,"356060,1181","5643231,301",6.951995817,50.92274481,trocken,"5,21E+18","Rad, PKW"
159581,5,3,15,0,2021,Mai,17,Sonntag,Unfall mit Leichtverletzten,Abkommen von Fahrbahn nach links,Fahrunfall,Tageslicht,1,1,0,0,0,0,"356295,4463","5647414,788",6.953691504,50.96039986,trocken,"5,21E+18","Rad, PKW"
159582,5,3,15,0,2021,November,15,Freitag,Unfall mit Leichtverletzten,Zusammenstoß mit vorausfahrendem / wartendem Fahrzeug,Unfall im Längsverkehr,Tageslicht,0,0,0,0,0,1,"360142,8982","5648391,804",7.008066527,50.97012715,trocken,"5,21E+18",Sonstige
159584,5,3,15,0,2021,Oktober,13,Samstag,Unfall mit Leichtverletzten,Zusammenstoß zwischen Fahrzeug und Fußgänger,Sonstiger Unfall,Tageslicht,0,0,1,0,0,1,"358511,0477","5651704,373",6.983550182,50.99949852,trocken,"5,21E+18","Fuss, Sonstige"
159585,5,3,15,0,2021,Mai,8,Mittwoch,Unfall mit Leichtverletzten,Zusammenstoß zwischen Fahrzeug und Fußgänger,Abbiegeunfall,Tageslicht,0,1,1,0,0,0,"358560,796","5639314,546",6.98906992,50.888163,nass/feucht,"5,21E+18","Fuss, PKW"
159591,5,3,15,0,2021,Dezember,8,Mittwoch,Unfall mit Schwerverletzten,Unfall anderer Art,Fahrunfall,Tageslicht,1,1,0,0,0,0,"356788,709","5642778,097",6.96253328,50.9188532,trocken,"5,21E+18","Rad, PKW"
159592,5,3,15,0,2021,April,18,Montag,Unfall mit Schwerverletzten,Zusammenstoß mit entgegenkommendem Fahrzeug,Abbiegeunfall,Tageslicht,0,1,0,1,0,0,"356766,7725","5648939,662",6.959798036,50.97422102,trocken,"5,21E+18","Krad, PKW"
159594,5,3,15,0,2021,Juni,15,Dienstag,Unfall mit Leichtverletzten,Zusammenstoß mit einbiegendem / kreuzendem Fahrzeug,Einbiegen / Kreuzen-Unfall,Tageslicht,1,0,0,0,0,1,"357736,5842","5640832,748",6.97676804,50.90160477,trocken,"5,21E+18","Rad, Sonstige"
159595,5,3,15,0,2021,Dezember,12,Freitag,Unfall mit Leichtverletzten,Zusammenstoß mit vorausfahrendem / wartendem Fahrzeug,Unfall im Längsverkehr,Tageslicht,0,1,0,0,0,0,"356154,6475","5649051,586",6.951040651,50.9750743,nass/feucht,"5,21E+18",PKW
159597,5,3,15,0,2021,Mai,20,Montag,Unfall mit Leichtverletzten,Zusammenstoß mit entgegenkommendem Fahrzeug,Unfall im Längsverkehr,Tageslicht,0,0,0,0,0,1,"356258,7425","5644755,48",6.954218946,50.93649193,trocken,"5,21E+18",Sonstige
159600,5,3,15,0,2021,November,8,Dienstag,Unfall mit Leichtverletzten,Zusammenstoß mit seitlich in gleicher Richtung fahrendem Fahrzeug,Sonstiger Unfall,Tageslicht,1,1,0,0,0,0,"358631,3486","5640082,631",6.989775124,50.89508314,trocken,"5,21E+18","Rad, PKW"
159602,5,3,15,0,2021,Januar,14,Samstag,Unfall mit Leichtverletzten,Zusammenstoß mit vorausfahrendem / wartendem Fahrzeug,Unfall im Längsverkehr,Tageslicht,0,1,0,1,0,0,"359897,0228","5647626,803",7.004861526,50.96319226,nass/feucht,"5,21E+18","Krad, PKW"
159606,5,3,15,0,2021,Oktober,6,Montag,Unfall mit Leichtverletzten,Abkommen von Fahrbahn nach links,Fahrunfall,Dunkelheit,0,1,0,0,0,0,"357390,9473","5648360,804",6.968909741,50.96917379,nass/feucht,"5,21E+18",PKW
159607,5,3,15,0,2021,Februar,15,Mittwoch,Unfall mit Leichtverletzten,Unfall anderer Art,Überschreiten-Unfall,Tageslicht,0,1,1,0,0,0,"359591,5677","5647711,463",7.000481846,50.96387875,trocken,"5,21E+18","Fuss, PKW"
159608,5,3,15,0,2021,Juli,0,Dienstag,Unfall mit Leichtverletzten,Zusammenstoß mit seitlich in gleicher Richtung fahrendem Fahrzeug,Unfall im Längsverkehr,Dunkelheit,1,1,0,0,0,0,"356163,039","5643489,612",6.953357305,50.92509188,trocken,"5,21E+18","Rad, PKW"
159610,5,3,15,0,2021,Januar,7,Mittwoch,Unfall mit Leichtverletzten,Zusammenstoß mit einbiegendem / kreuzendem Fahrzeug,Einbiegen / Kreuzen-Unfall,Dunkelheit,1,1,0,0,0,0,"356717,4012","5642292,939",6.961710025,50.91447542,nass/feucht,"5,21E+18","Rad, PKW"
159612,5,3,15,0,2021,Oktober,9,Sonntag,Unfall mit Leichtverletzten,Unfall anderer Art,Fahrunfall,Tageslicht,0,0,0,0,0,1,"357675,5312","5649435,375",6.972539561,50.97890124,nass/feucht,"5,21E+18",Sonstige
159615,5,3,15,0,2021,Juni,9,Montag,Unfall mit Leichtverletzten,Abkommen von Fahrbahn nach rechts,Sonstiger Unfall,Tageslicht,0,1,0,0,0,0,"358945,5507","5642216,714",6.993415456,50.91433926,trocken,"5,21E+18",PKW
159617,5,3,15,0,2021,September,9,Samstag,Unfall mit Leichtverletzten,Zusammenstoß mit einbiegendem / kreuzendem Fahrzeug,Einbiegen / Kreuzen-Unfall,Tageslicht,1,1,0,0,0,0,"357052,475","5640727,329",6.967086624,50.90048841,trocken,"5,21E+18","Rad, PKW"
159619,5,3,15,0,2021,September,8,Mittwoch,Unfall mit Leichtverletzten,Unfall anderer Art,Fahrunfall,Tageslicht,0,0,0,0,0,1,"358645,8869","5646174,073",6.987620601,50.94983095,trocken,"5,21E+18",Sonstige
159620,5,3,15,0,2021,April,15,Freitag,Unfall mit Schwerverletzten,Zusammenstoß mit entgegenkommendem Fahrzeug,Sonstiger Unfall,Tageslicht,1,0,0,0,0,0,"357574,1913","5644069,913",6.973196257,50.93065714,trocken,"5,21E+18",Rad
159621,5,3,15,0,2021,Oktober,15,Samstag,Unfall mit Leichtverletzten,Zusammenstoß mit entgegenkommendem Fahrzeug,Unfall im Längsverkehr,Tageslicht,0,1,0,0,0,0,"356644,4341","5642680,85",6.960520289,50.91794343,trocken,"5,21E+18",PKW
159623,5,3,15,0,2021,Januar,15,Dienstag,Unfall mit Leichtverletzten,Unfall anderer Art,Unfall im Längsverkehr,Tageslicht,0,1,0,0,0,0,"356171,9498","5645578,264",6.952659692,50.94386453,trocken,"5,21E+18",PKW
159625,5,3,15,0,2021,September,17,Dienstag,Unfall mit Leichtverletzten,Zusammenstoß mit einbiegendem / kreuzendem Fahrzeug,Einbiegen / Kreuzen-Unfall,Tageslicht,1,1,0,0,0,0,"356132,174","5636634,142",6.95561859,50.86347458,trocken,"5,21E+18","Rad, PKW"
159626,5,3,15,0,2021,Mai,21,Mittwoch,Unfall mit Leichtverletzten,Unfall anderer Art,Unfall im Längsverkehr,Dunkelheit,0,1,0,0,0,1,"359944,8756","5645981,772",7.006175513,50.9484198,nass/feucht,"5,21E+18","PKW, Sonstige"
159628,5,3,15,0,2021,Juni,7,Samstag,Unfall mit Leichtverletzten,Zusammenstoß mit anfahrendem/ anhaltendem/ruhendem Fahrzeug,Unfall durch ruhenden Verkehr,Tageslicht,1,1,0,0,0,0,"357168,0546","5648697,685",6.965605053,50.97214607,trocken,"5,21E+18","Rad, PKW"
159629,5,3,15,0,2021,April,12,Sonntag,Unfall mit Leichtverletzten,Zusammenstoß mit entgegenkommendem Fahrzeug,Unfall im Längsverkehr,Tageslicht,0,1,0,0,0,0,"359090,9151","5635877,438",6.997926344,50.85740258,trocken,"5,21E+18",PKW
159630,5,3,15,0,2021,Juni,18,Donnerstag,Unfall mit Leichtverletzten,Zusammenstoß mit einbiegendem / kreuzendem Fahrzeug,Einbiegen / Kreuzen-Unfall,Tageslicht,0,0,0,1,0,1,"358389,369","5645485,277",6.984238954,50.94357777,trocken,"5,21E+18","Krad, Sonstige"
159631,5,3,15,0,2021,Juni,18,Mittwoch,Unfall mit Leichtverletzten,Unfall anderer Art,Fahrunfall,Tageslicht,1,0,0,0,0,0,"358809,6957","5648196,788",6.989166366,50.96804928,trocken,"5,21E+18",Rad
159632,5,3,15,0,2021,April,13,Samstag,Unfall mit Leichtverletzten,Zusammenstoß mit einbiegendem / kreuzendem Fahrzeug,Abbiegeunfall,Tageslicht,0,1,0,0,0,0,"356760,835","5641901,326",6.962481213,50.91096679,trocken,"5,21E+18",PKW
159634,5,3,15,0,2021,Juni,13,Samstag,Unfall mit Leichtverletzten,Zusammenstoß zwischen Fahrzeug und Fußgänger,Überschreiten-Unfall,Tageslicht,0,1,1,0,0,0,"359280,5049","5643927,921",6.997516974,50.92979985,trocken,"5,21E+18","Fuss, PKW"
159636,5,3,15,0,2021,November,19,Sonntag,Unfall mit Leichtverletzten,Zusammenstoß mit einbiegendem / kreuzendem Fahrzeug,Einbiegen / Kreuzen-Unfall,Dunkelheit,1,0,0,0,0,0,"356040,807","5642689,05",6.951935271,50.91786685,trocken,"5,21E+18",Rad
159637,5,3,15,0,2021,Mai,16,Dienstag,Unfall mit Leichtverletzten,Zusammenstoß mit seitlich in gleicher Richtung fahrendem Fahrzeug,Unfall im Längsverkehr,Tageslicht,1,1,0,0,0,0,"359344,7278","5636637,006",7.001238301,50.86429079,trocken,"5,21E+18","Rad, PKW"
159638,5,3,15,0,2021,Mai,22,Montag,Unfall mit Schwerverletzten,Unfall anderer Art,Fahrunfall,Dunkelheit,0,0,0,0,0,1,"356177,5332","5642898,747",6.953796425,50.91978547,trocken,"5,21E+18",Sonstige
159643,5,3,15,0,2021,Juni,13,Donnerstag,Unfall mit Leichtverletzten,Zusammenstoß mit vorausfahrendem / wartendem Fahrzeug,Unfall im Längsverkehr,Tageslicht,0,1,0,0,0,0,"359637,17","5637290,426",7.005140607,50.87023431,trocken,"5,21E+18",PKW
159644,5,3,15,0,2021,Juni,22,Montag,Unfall mit Schwerverletzten,Zusammenstoß mit anfahrendem/ anhaltendem/ruhendem Fahrzeug,Fahrunfall,Dunkelheit,0,1,0,0,0,1,"356483,616","5643719,059",6.957825348,50.92723373,nass/feucht,"5,21E+18","PKW, Sonstige"
159647,5,3,15,0,2021,Oktober,14,Mittwoch,Unfall mit Leichtverletzten,Zusammenstoß mit entgegenkommendem Fahrzeug,Einbiegen / Kreuzen-Unfall,Tageslicht,1,1,0,0,0,0,"357395,5009","5649325,973",6.968596031,50.97784878,trocken,"5,21E+18","Rad, PKW"
159649,5,3,15,0,2021,April,15,Freitag,Unfall mit Leichtverletzten,Zusammenstoß mit seitlich in gleicher Richtung fahrendem Fahrzeug,Unfall im Längsverkehr,Tageslicht,0,1,0,1,0,0,"356181,3086","5644908,6",6.953057192,50.93784869,trocken,"5,21E+18","Krad, PKW"
159652,5,3,15,0,2021,Juni,16,Samstag,Unfall mit Leichtverletzten,Zusammenstoß mit anfahrendem/ anhaltendem/ruhendem Fahrzeug,Unfall durch ruhenden Verkehr,Tageslicht,1,1,0,0,0,0,"357023,3543","5648125,298",6.963770452,50.96696621,trocken,"5,21E+18","Rad, PKW"
159653,5,3,15,0,2021,Dezember,10,Samstag,Unfall mit Leichtverletzten,Unfall anderer Art,Abbiegeunfall,Tageslicht,0,1,0,1,0,0,"356794,8522","5649240,524",6.960079227,50.9769318,trocken,"5,21E+18","Krad, PKW"
159655,5,3,15,0,2021,Februar,16,Donnerstag,Unfall mit Leichtverletzten,Zusammenstoß mit entgegenkommendem Fahrzeug,Sonstiger Unfall,Tageslicht,0,0,0,1,0,1,"359797,8036","5647604,315",7.003458176,50.96296602,trocken,"5,21E+18","Krad, Sonstige"
159657,5,3,15,0,2021,Mai,19,Sonntag,Unfall mit Leichtverletzten,Zusammenstoß mit vorausfahrendem / wartendem Fahrzeug,Unfall im Längsverkehr,Tageslicht,0,1,0,0,0,0,"359024,85","5644980,38",6.993474174,50.93919596,trocken,"5,21E+18",PKW
159660,5,3,15,0,2021,Mai,15,Mittwoch,Unfall mit Leichtverletzten,Zusammenstoß mit anfahrendem/ anhaltendem/ruhendem Fahrzeug,Unfall im Längsverkehr,Tageslicht,0,1,0,0,0,0,"359639,6585","5637289,458",7.005176324,50.87022621,trocken,"5,21E+18",PKW
159661,5,3,15,0,2021,Juni,8,Freitag,Unfall mit Leichtverletzten,Zusammenstoß mit entgegenkommendem Fahrzeug,Unfall im Längsverkehr,Tageslicht,1,0,0,0,0,0,"356529,6785","5643416,641",6.958599351,50.92452739,trocken,"5,21E+18",Rad
159662,5,3,15,0,2021,November,14,Mittwoch,Unfall mit Leichtverletzten,Zusammenstoß mit einbiegendem / kreuzendem Fahrzeug,Einbiegen / Kreuzen-Unfall,Tageslicht,0,1,0,0,0,1,"359150,4185","5644988,221",6.995257213,50.93929711,trocken,"5,21E+18","PKW, Sonstige"
159664,5,3,15,0,2021,Dezember,13,Mittwoch,Unfall mit Leichtverletzten,Zusammenstoß mit vorausfahrendem / wartendem Fahrzeug,Unfall im Längsverkehr,Tageslicht,0,1,0,0,0,0,"357394,5036","5649530,557",6.968501576,50.97968711,trocken,"5,21E+18",PKW
159668,5,3,15,0,2021,Juli,19,Samstag,Unfall mit Schwerverletzten,Unfall anderer Art,Fahrunfall,Tageslicht,1,0,0,0,0,0,"356876,8974","5652083,184",6.960127222,51.00249866,trocken,"5,21E+18",Rad
159671,5,3,15,0,2021,September,13,Sonntag,Unfall mit Leichtverletzten,Zusammenstoß mit einbiegendem / kreuzendem Fahrzeug,Einbiegen / Kreuzen-Unfall,Tageslicht,1,0,0,0,0,0,"356425,5717","5641874,355",6.957726076,50.91064112,trocken,"5,21E+18",Rad
159674,5,3,15,0,2021,April,16,Freitag,Unfall mit Schwerverletzten,Zusammenstoß mit seitlich in gleicher Richtung fahrendem Fahrzeug,Unfall im Längsverkehr,Tageslicht,1,0,0,0,0,0,"357031,2724","5642582,678",6.966058495,50.91715713,trocken,"5,21E+18",Rad
159675,5,3,15,0,2021,Oktober,18,Sonntag,Unfall mit Leichtverletzten,Zusammenstoß mit anfahrendem/ anhaltendem/ruhendem Fahrzeug,Unfall durch ruhenden Verkehr,Tageslicht,0,1,0,0,0,1,"359439,3401","5644734,211",6.999464807,50.9370848,trocken,"5,21E+18","PKW, Sonstige"
159678,5,3,15,0,2021,Oktober,13,Donnerstag,Unfall mit Leichtverletzten,Zusammenstoß mit anfahrendem/ anhaltendem/ruhendem Fahrzeug,Unfall durch ruhenden Verkehr,Tageslicht,1,1,0,0,0,0,"356709,1474","5646444,294",6.959960541,50.95178119,trocken,"5,21E+18","Rad, PKW"
159689,5,3,15,0,2021,Mai,20,Montag,Unfall mit Leichtverletzten,Zusammenstoß mit vorausfahrendem / wartendem Fahrzeug,Unfall im Längsverkehr,Tageslicht,0,1,0,0,0,0,"359875,6485","5645742,787",7.005282593,50.9462552,trocken,"5,21E+18",PKW
159690,5,3,15,0,2021,November,16,Samstag,Unfall mit Leichtverletzten,Zusammenstoß mit entgegenkommendem Fahrzeug,Unfall im Längsverkehr,Tageslicht,1,0,0,0,0,1,"356516,7436","5643514,124",6.958377069,50.92540025,trocken,"5,21E+18","Rad, Sonstige"
159693,5,3,15,0,2021,Oktober,16,Samstag,Unfall mit Leichtverletzten,Zusammenstoß mit anfahrendem/ anhaltendem/ruhendem Fahrzeug,Unfall durch ruhenden Verkehr,Tageslicht,0,1,0,0,0,1,"356823,815","5643330,029",6.962815716,50.92382209,trocken,"5,21E+18","PKW, Sonstige"
159695,5,3,15,0,2021,Dezember,10,Dienstag,Unfall mit Leichtverletzten,Unfall anderer Art,Unfall durch ruhenden Verkehr,Tageslicht,1,1,0,0,0,0,"359577,0954","5645055,473",7.00130032,50.94000559,trocken,"5,21E+18","Rad, PKW"
159696,5,3,15,0,2021,November,17,Freitag,Unfall mit Leichtverletzten,Zusammenstoß mit anfahrendem/ anhaltendem/ruhendem Fahrzeug,Unfall im Längsverkehr,Dunkelheit,0,1,0,0,0,0,"356284,8373","5643697,065",6.95500741,50.9269866,trocken,"5,21E+18",PKW
159698,5,3,15,0,2021,Dezember,15,Montag,Unfall mit Leichtverletzten,Zusammenstoß mit einbiegendem / kreuzendem Fahrzeug,Abbiegeunfall,Tageslicht,1,1,0,0,0,0,"356647,5629","5641653,058",6.960968576,50.90870751,trocken,"5,21E+18","Rad, PKW"
159701,5,3,15,0,2021,November,9,Mittwoch,Unfall mit Leichtverletzten,Zusammenstoß zwischen Fahrzeug und Fußgänger,Überschreiten-Unfall,Tageslicht,0,1,1,0,0,0,"359777,161","5646787,506",7.00347914,50.95562026,trocken,"5,21E+18","Fuss, PKW"
159702,5,3,15,0,2021,Februar,15,Samstag,Unfall mit Leichtverletzten,Zusammenstoß mit entgegenkommendem Fahrzeug,Unfall durch ruhenden Verkehr,Tageslicht,1,0,0,0,0,1,"356469,7657","5643805,863",6.957594224,50.92801039,trocken,"5,21E+18","Rad, Sonstige"
159703,5,3,15,0,2021,Juni,15,Mittwoch,Unfall mit Leichtverletzten,Unfall anderer Art,Fahrunfall,Tageslicht,0,0,0,0,0,1,"359063,5933","5644800,817",6.994094712,50.93759169,trocken,"5,21E+18",Sonstige
159705,5,3,15,0,2021,Mai,9,Mittwoch,Unfall mit Leichtverletzten,Zusammenstoß mit vorausfahrendem / wartendem Fahrzeug,Abbiegeunfall,Tageslicht,0,1,0,0,0,0,"357314,0725","5646860,484",6.968403958,50.95567153,nass/feucht,"5,21E+18",PKW
159706,5,3,15,0,2021,Juni,15,Montag,Unfall mit Leichtverletzten,Zusammenstoß zwischen Fahrzeug und Fußgänger,Sonstiger Unfall,Tageslicht,0,1,1,0,0,0,"359519,7533","5644856,358",7.000561452,50.93820215,trocken,"5,21E+18","Fuss, PKW"
159708,5,3,15,0,2021,Juni,10,Freitag,Unfall mit Leichtverletzten,Zusammenstoß mit einbiegendem / kreuzendem Fahrzeug,Einbiegen / Kreuzen-Unfall,Tageslicht,1,1,0,0,0,0,"359731,7923","5637040,075",7.006580526,50.86800731,nass/feucht,"5,21E+18","Rad, PKW"
159709,5,3,15,0,2021,Juni,10,Dienstag,Unfall mit Leichtverletzten,Zusammenstoß mit entgegenkommendem Fahrzeug,Sonstiger Unfall,Tageslicht,1,1,0,0,0,0,"356682,9601","5645433,499",6.959985759,50.9426908,trocken,"5,21E+18","Rad, PKW"
159710,5,3,15,0,2021,September,14,Sonntag,Unfall mit Leichtverletzten,Zusammenstoß mit einbiegendem / kreuzendem Fahrzeug,Einbiegen / Kreuzen-Unfall,Tageslicht,1,1,0,0,0,0,"358063,4044","5648386,198",6.97847082,50.9695681,trocken,"5,21E+18","Rad, PKW"
159712,5,3,15,0,2021,November,16,Donnerstag,Unfall mit Leichtverletzten,Zusammenstoß zwischen Fahrzeug und Fußgänger,Überschreiten-Unfall,Dämmerung,0,1,1,0,0,0,"356473,6923","5648815,64",6.95567522,50.9730335,nass/feucht,"5,21E+18","Fuss, PKW"
159714,5,3,15,0,2021,Oktober,16,Dienstag,Unfall mit Leichtverletzten,Unfall anderer Art,Sonstiger Unfall,Tageslicht,0,0,1,0,0,1,"360172,4347","5645641,425",7.009543631,50.9454163,trocken,"5,21E+18","Fuss, Sonstige"
159716,5,3,15,0,2021,Mai,13,Sonntag,Unfall mit Leichtverletzten,Zusammenstoß mit vorausfahrendem / wartendem Fahrzeug,Unfall im Längsverkehr,Tageslicht,0,1,0,0,0,1,"359214,5874","5639543,775",6.99827088,50.89038283,nass/feucht,"5,21E+18","PKW, Sonstige"
159717,5,3,15,0,2021,März,13,Mittwoch,Unfall mit Leichtverletzten,Zusammenstoß mit anfahrendem/ anhaltendem/ruhendem Fahrzeug,Sonstiger Unfall,Tageslicht,0,1,0,0,0,1,"358670,1551","5650732,534",6.986194422,50.99080375,nass/feucht,"5,21E+18","PKW, Sonstige"
159719,5,3,15,0,2021,April,17,Donnerstag,Unfall mit Leichtverletzten,Zusammenstoß mit einbiegendem / kreuzendem Fahrzeug,Einbiegen / Kreuzen-Unfall,Tageslicht,1,1,0,0,0,0,"356944,1483","5646634,609",6.963229213,50.95354991,trocken,"5,21E+18","Rad, PKW"
159720,5,3,15,0,2021,Mai,14,Donnerstag,Unfall mit Leichtverletzten,Zusammenstoß mit entgegenkommendem Fahrzeug,Unfall im Längsverkehr,Tageslicht,0,1,0,0,0,0,"356739,2199","5648672,056",6.959511276,50.97180924,trocken,"5,21E+18",PKW
159721,5,3,15,0,2021,Dezember,20,Mittwoch,Unfall mit Leichtverletzten,Aufprall auf Fahrbahnhindernis,Fahrunfall,Dunkelheit,0,1,0,0,0,0,"357614,176","5637788,452",6.97621462,50.87421534,trocken,"5,21E+18",PKW
159723,5,3,15,0,2021,November,20,Mittwoch,Unfall mit Leichtverletzten,Zusammenstoß mit einbiegendem / kreuzendem Fahrzeug,Einbiegen / Kreuzen-Unfall,Dunkelheit,0,1,0,0,0,1,"359556,945","5644985,654",7.001040612,50.9393732,trocken,"5,21E+18","PKW, Sonstige"