OBJECTID,ULAND,UREGBEZ,UKREIS,UGEMEINDE,UJAHR,UMONAT,USTUNDE,UWOCHENTAG,UKATEGORIE,UART,UTYP1,ULICHTVERH,IstRad,IstPKW,IstFuss,IstKrad,IstGkfz,IstSonstige,LINREFX,LINREFY,XGCSWGS84,YGCSWGS84,USTRZUSTAND,UIDENTSTLAE,Participants
159726,5,3,15,0,2021,September,15,Samstag,Unfall mit Leichtverletzten,Zusammenstoß mit einbiegendem / kreuzendem Fahrzeug,Einbiegen / Kreuzen-Unfall,Tageslicht,1,1,0,0,0,0,"358332,6619","5642604,477",6.984551917,50.91767399,trocken,"5,21E+18","Rad, PKW"
159729,5,3,15,0,2021,Mai,7,Donnerstag,Unfall mit Leichtverletzten,Zusammenstoß mit entgegenkommendem Fahrzeug,Unfall durch ruhenden Verkehr,Tageslicht,1,1,0,0,0,0,"356603,3066","5644190,199",6.959342007,50.93149759,trocken,"5,21E+18","Rad, PKW"
159734,5,3,15,0,2021,Oktober,16,Mittwoch,Unfall mit Leichtverletzten,Abkommen von Fahrbahn nach rechts,Fahrunfall,Tageslicht,0,0,0,1,0,0,"356753,7832","5639230,935",6.963428495,50.88696633,nass/feucht,"5,21E+18",Krad
159737,5,3,15,0,2021,Oktober,17,Mittwoch,Unfall mit Leichtverletzten,Unfall anderer Art,Fahrunfall,Tageslicht,1,0,0,0,0,0,"356118,2034","5648393,921",6.950782102,50.9691549,nass/feucht,"5,21E+18",Rad
159739,5,3,15,0,2021,Dezember,10,Montag,Unfall mit Schwerverletzten,Unfall anderer Art,Sonstiger Unfall,Tageslicht,1,0,1,0,0,0,"356330,9283","5647699,869",6.95408385,50.96297068,nass/feucht,"5,21E+18","Rad, Fuss"
159744,5,3,15,0,2021,November,16,Donnerstag,Unfall mit Leichtverletzten,Zusammenstoß mit einbiegendem / kreuzendem Fahrzeug,Einbiegen / Kreuzen-Unfall,Dämmerung,1,1,0,0,0,0,"358696,613","5642991,005",6.989576558,50.92123698,trocken,"5,21E+18","Rad, PKW"
159746,5,3,15,0,2021,Dezember,18,Mittwoch,Unfall mit Leichtverletzten,Zusammenstoß zwischen Fahrzeug und Fußgänger,Abbiegeunfall,Dunkelheit,0,1,1,0,0,0,"356618,2185","5647490,984",6.958254532,50.96116503,nass/feucht,"5,21E+18","Fuss, PKW"
159747,5,3,15,0,2021,Dezember,12,Samstag,Unfall mit Leichtverletzten,Zusammenstoß mit anfahrendem/ anhaltendem/ruhendem Fahrzeug,Unfall durch ruhenden Verkehr,Tageslicht,1,1,0,0,0,0,"359144,2011","5645192,301",6.995089872,50.94112968,trocken,"5,21E+18","Rad, PKW"
159750,5,3,15,0,2021,April,10,Mittwoch,Unfall mit Leichtverletzten,Unfall anderer Art,Fahrunfall,Tageslicht,1,0,0,0,0,0,"356852,9941","5648937,946",6.961026012,50.97422704,nass/feucht,"5,21E+18",Rad
159751,5,3,15,0,2021,September,17,Samstag,Unfall mit Leichtverletzten,Zusammenstoß mit einbiegendem / kreuzendem Fahrzeug,Abbiegeunfall,Tageslicht,1,1,0,0,0,0,"359545,1628","5644530,839",7.001048341,50.93528286,trocken,"5,21E+18","Rad, PKW"
159752,5,3,15,0,2021,März,7,Samstag,Unfall mit Leichtverletzten,Zusammenstoß mit einbiegendem / kreuzendem Fahrzeug,Einbiegen / Kreuzen-Unfall,Tageslicht,1,1,0,0,0,0,"356284,2384","5648527,755",6.953092334,50.97039909,trocken,"5,21E+18","Rad, PKW"
159753,5,3,15,0,2021,September,16,Montag,Unfall mit Leichtverletzten,Zusammenstoß mit seitlich in gleicher Richtung fahrendem Fahrzeug,Unfall im Längsverkehr,Tageslicht,0,1,0,0,0,1,"360122,3147","5647966,303",7.007937188,50.96629813,trocken,"5,21E+18","PKW, Sonstige"
159754,5,3,15,0,2021,Dezember,15,Freitag,Unfall mit Leichtverletzten,Zusammenstoß mit einbiegendem / kreuzendem Fahrzeug,Abbiegeunfall,Tageslicht,1,1,0,0,0,0,"356812,6589","5646739,309",6.961317204,50.95445818,trocken,"5,21E+18","Rad, PKW"
159758,5,3,15,0,2021,September,16,Freitag,Unfall mit Leichtverletzten,Zusammenstoß mit seitlich in gleicher Richtung fahrendem Fahrzeug,Unfall im Längsverkehr,Tageslicht,0,1,0,0,0,0,"356449,1548","5643929,474",6.957252461,50.92911614,trocken,"5,21E+18",PKW
159766,5,3,15,0,2021,Mai,12,Samstag,Unfall mit Leichtverletzten,Zusammenstoß mit entgegenkommendem Fahrzeug,Abbiegeunfall,Tageslicht,1,1,0,0,0,0,"358058,1324","5648381,797",6.978397501,50.96952725,trocken,"5,21E+18","Rad, PKW"
159768,5,3,15,0,2021,November,14,Mittwoch,Unfall mit Leichtverletzten,Zusammenstoß mit einbiegendem / kreuzendem Fahrzeug,Einbiegen / Kreuzen-Unfall,Tageslicht,1,1,0,0,0,0,"356402,5907","5645425,081",6.956000935,50.94254538,nass/feucht,"5,21E+18","Rad, PKW"
159772,5,3,15,0,2021,Juni,16,Dienstag,Unfall mit Leichtverletzten,Unfall anderer Art,Überschreiten-Unfall,Tageslicht,1,0,1,0,0,0,"359333,4192","5644548,584",6.998029925,50.93539073,trocken,"5,21E+18","Rad, Fuss"
159776,5,3,15,0,2021,Juni,19,Freitag,Unfall mit Leichtverletzten,Zusammenstoß mit seitlich in gleicher Richtung fahrendem Fahrzeug,Unfall durch ruhenden Verkehr,Tageslicht,1,1,0,0,0,0,"356769,7505","5648991,551",6.959819985,50.97468808,trocken,"5,21E+18","Rad, PKW"
159777,5,3,15,0,2021,September,7,Samstag,Unfall mit Leichtverletzten,Zusammenstoß mit vorausfahrendem / wartendem Fahrzeug,Unfall im Längsverkehr,Tageslicht,0,1,0,0,0,0,"357999,1773","5648536,352",6.977498049,50.97090169,trocken,"5,21E+18",PKW
159779,5,3,15,0,2021,November,16,Donnerstag,Unfall mit Leichtverletzten,Zusammenstoß zwischen Fahrzeug und Fußgänger,Unfall im Längsverkehr,Tageslicht,1,1,1,0,0,0,"359439,8079","5639103,128",7.001640561,50.8864775,trocken,"5,21E+18","Rad, Fuss, PKW"
159780,5,3,15,0,2021,September,18,Donnerstag,Unfall mit Leichtverletzten,Unfall anderer Art,Abbiegeunfall,Tageslicht,0,1,0,0,0,1,"356209,5994","5642599,12",6.954370443,50.91710074,trocken,"5,21E+18","PKW, Sonstige"
159781,5,3,15,0,2021,Juni,15,Freitag,Unfall mit Leichtverletzten,Zusammenstoß mit einbiegendem / kreuzendem Fahrzeug,Einbiegen / Kreuzen-Unfall,Tageslicht,0,0,0,0,0,1,"360086,376","5645344,302",7.008433507,50.94272513,trocken,"5,21E+18",Sonstige
159786,5,3,15,0,2021,September,0,Samstag,Unfall mit Leichtverletzten,Unfall anderer Art,Sonstiger Unfall,Dunkelheit,0,0,0,0,0,1,"359224,1897","5646091,56",6.995880078,50.94923093,trocken,"5,21E+18",Sonstige
159788,5,3,15,0,2021,Juni,5,Samstag,Unfall mit Leichtverletzten,Unfall anderer Art,Fahrunfall,Dämmerung,0,0,0,0,0,1,"357284,9298","5646828,474",6.968001847,50.95537664,trocken,"5,21E+18",Sonstige
159789,5,3,15,0,2021,September,11,Freitag,Unfall mit Leichtverletzten,Unfall anderer Art,Fahrunfall,Tageslicht,0,0,0,0,0,1,"359559,9609","5647181,502",7.000236582,50.95910825,trocken,"5,21E+18",Sonstige
159790,5,3,15,0,2021,Juni,1,Sonntag,Unfall mit Leichtverletzten,Unfall anderer Art,Sonstiger Unfall,Dunkelheit,1,0,0,0,0,0,"356244,7105","5646311,426",6.953405293,50.95047148,trocken,"5,21E+18",Rad
159791,5,3,15,0,2021,Dezember,7,Freitag,Unfall mit Leichtverletzten,Unfall anderer Art,Fahrunfall,Tageslicht,1,0,0,0,0,0,"359983,3811","5645864,956",7.006768238,50.94737932,trocken,"5,21E+18",Rad
159792,5,3,15,0,2021,Mai,19,Montag,Unfall mit Leichtverletzten,Zusammenstoß mit entgegenkommendem Fahrzeug,Abbiegeunfall,Tageslicht,0,1,0,0,0,0,"356770,6332","5645270,372",6.961297018,50.94124658,trocken,"5,21E+18",PKW
159795,5,3,15,0,2021,Februar,18,Sonntag,Unfall mit Leichtverletzten,Zusammenstoß mit seitlich in gleicher Richtung fahrendem Fahrzeug,Unfall im Längsverkehr,Dunkelheit,1,0,0,0,0,1,"356494,5694","5643656,102",6.958005884,50.92667068,trocken,"5,21E+18","Rad, Sonstige"
159796,5,3,15,0,2021,Januar,18,Dienstag,Unfall mit Schwerverletzten,Unfall anderer Art,Fahrunfall,Dunkelheit,1,0,0,0,0,0,"359062,726","5643776,818",6.994478358,50.92838871,trocken,"5,21E+18",Rad
159800,5,3,15,0,2021,Juni,9,Donnerstag,Unfall mit Leichtverletzten,Zusammenstoß mit anfahrendem/ anhaltendem/ruhendem Fahrzeug,Unfall durch ruhenden Verkehr,Tageslicht,0,1,0,0,0,0,"358656,2551","5646192,164",6.987761087,50.94999608,trocken,"5,21E+18",PKW
159801,5,3,15,0,2021,Oktober,9,Freitag,Unfall mit Leichtverletzten,Unfall anderer Art,Unfall durch ruhenden Verkehr,Tageslicht,1,1,0,0,0,0,"357581,4284","5644574,812",6.973101879,50.93519644,trocken,"5,21E+18","Rad, PKW"
159804,5,3,15,0,2021,Juli,18,Dienstag,Unfall mit Leichtverletzten,Zusammenstoß mit einbiegendem / kreuzendem Fahrzeug,Einbiegen / Kreuzen-Unfall,Tageslicht,1,1,0,0,0,0,"356860,3823","5649265,56",6.961002197,50.97717309,trocken,"5,21E+18","Rad, PKW"
159806,5,3,15,0,2021,September,22,Mittwoch,Unfall mit Leichtverletzten,Abkommen von Fahrbahn nach links,Fahrunfall,Dunkelheit,0,1,0,0,0,0,"356178,9358","5645314,366",6.952863262,50.94149466,trocken,"5,21E+18",PKW
159808,5,3,15,0,2021,Dezember,16,Mittwoch,Unfall mit Schwerverletzten,Zusammenstoß mit seitlich in gleicher Richtung fahrendem Fahrzeug,Abbiegeunfall,Dämmerung,1,1,0,0,0,0,"356698,8791","5642323,722",6.961434623,50.91474747,trocken,"5,21E+18","Rad, PKW"
159811,5,3,15,0,2021,Februar,11,Samstag,Unfall mit Leichtverletzten,Zusammenstoß mit seitlich in gleicher Richtung fahrendem Fahrzeug,Unfall im Längsverkehr,Tageslicht,1,0,0,0,0,0,"356336,5688","5641117,568",6.956758786,50.90381779,trocken,"5,21E+18",Rad
159812,5,3,15,0,2021,April,16,Freitag,Unfall mit Leichtverletzten,Zusammenstoß zwischen Fahrzeug und Fußgänger,Überschreiten-Unfall,Tageslicht,1,0,1,0,0,0,"358776,2676","5639455,293",6.992077002,50.88948062,trocken,"5,21E+18","Rad, Fuss"
159818,5,3,15,0,2021,April,20,Dienstag,Unfall mit Schwerverletzten,Unfall anderer Art,Einbiegen / Kreuzen-Unfall,Tageslicht,0,1,0,0,0,0,"358127,5459","5648120,77",6.979487278,50.96719851,trocken,"5,21E+18",PKW
159819,5,3,15,0,2021,Juni,16,Donnerstag,Unfall mit Leichtverletzten,Zusammenstoß mit vorausfahrendem / wartendem Fahrzeug,Unfall im Längsverkehr,Tageslicht,0,1,0,0,0,0,"356157,6082","5644854,653",6.952741396,50.93735797,trocken,"5,21E+18",PKW
159821,5,3,15,0,2021,Juli,21,Dienstag,Unfall mit Leichtverletzten,Unfall anderer Art,Fahrunfall,Dämmerung,0,0,0,1,0,0,"356335,3239","5643767,382",6.955697611,50.9276311,nass/feucht,"5,21E+18",Krad
159827,5,3,15,0,2021,Juni,12,Samstag,Unfall mit Schwerverletzten,Zusammenstoß mit einbiegendem / kreuzendem Fahrzeug,Einbiegen / Kreuzen-Unfall,Tageslicht,1,0,0,0,0,0,"359048,3346","5650227,572",6.991775457,50.9863584,trocken,"5,21E+18",Rad
159828,5,3,15,0,2021,November,19,Freitag,Unfall mit Leichtverletzten,Unfall anderer Art,Unfall durch ruhenden Verkehr,Dunkelheit,1,0,0,0,0,1,"356770,8782","5641837,108",6.962649183,50.91039217,trocken,"5,21E+18","Rad, Sonstige"
159831,5,3,15,0,2021,November,20,Dienstag,Unfall mit Leichtverletzten,Zusammenstoß mit entgegenkommendem Fahrzeug,Unfall im Längsverkehr,Dunkelheit,0,0,0,1,0,1,"357746,5667","5640838,131",6.976907816,50.90165561,nass/feucht,"5,21E+18","Krad, Sonstige"
159832,5,3,15,0,2021,Mai,0,Montag,Unfall mit Leichtverletzten,Unfall anderer Art,Unfall durch ruhenden Verkehr,Dunkelheit,1,0,0,0,0,0,"355941,9013","5640862,959",6.951249954,50.9014313,trocken,"5,21E+18",Rad
159834,5,3,15,0,2021,Februar,14,Mittwoch,Unfall mit Leichtverletzten,Zusammenstoß mit anfahrendem/ anhaltendem/ruhendem Fahrzeug,Unfall im Längsverkehr,Tageslicht,0,1,0,0,0,0,"356115,4995","5640734,535",6.953767738,50.90032045,trocken,"5,21E+18",PKW
159836,5,3,15,0,2021,November,13,Samstag,Unfall mit Leichtverletzten,Zusammenstoß zwischen Fahrzeug und Fußgänger,Überschreiten-Unfall,Tageslicht,1,0,1,0,0,0,"357549,8875","5644755,77",6.97258255,50.93681491,trocken,"5,21E+18","Rad, Fuss"
159837,5,3,15,0,2021,April,17,Freitag,Unfall mit Leichtverletzten,Zusammenstoß mit seitlich in gleicher Richtung fahrendem Fahrzeug,Unfall im Längsverkehr,Tageslicht,0,1,0,1,0,0,"358460,5133","5651116,445",6.983059619,50.99420242,trocken,"5,21E+18","Krad, PKW"
159841,5,3,15,0,2021,Oktober,17,Montag,Unfall mit Leichtverletzten,Unfall anderer Art,Einbiegen / Kreuzen-Unfall,Dunkelheit,0,1,0,1,0,0,"356628,704","5645853,184",6.959048783,50.94644896,nass/feucht,"5,21E+18","Krad, PKW"
159842,5,3,15,0,2021,Dezember,16,Freitag,Unfall mit Leichtverletzten,Zusammenstoß mit einbiegendem / kreuzendem Fahrzeug,Einbiegen / Kreuzen-Unfall,Tageslicht,0,1,0,1,0,0,"359208,2444","5647142,075",6.995246923,50.95866808,nass/feucht,"5,21E+18","Krad, PKW"
159843,5,3,15,0,2021,März,12,Sonntag,Unfall mit Leichtverletzten,Unfall anderer Art,Unfall durch ruhenden Verkehr,Tageslicht,1,1,0,0,0,0,"357750,6332","5647907,105",6.974206515,50.96518537,trocken,"5,21E+18","Rad, PKW"
159845,5,3,15,0,2021,November,16,Samstag,Unfall mit Leichtverletzten,Unfall anderer Art,Unfall durch ruhenden Verkehr,Tageslicht,0,1,0,0,0,1,"359507,0096","5643802,545",7.000786428,50.92872829,trocken,"5,21E+18","PKW, Sonstige"
159846,5,3,15,0,2021,Mai,19,Donnerstag,Unfall mit Leichtverletzten,Unfall anderer Art,Fahrunfall,Tageslicht,0,0,0,1,0,0,"356212,6312","5645630,865",6.953217618,50.94434739,nass/feucht,"5,21E+18",Krad
159847,5,3,15,0,2021,Oktober,17,Samstag,Unfall mit Leichtverletzten,Unfall anderer Art,Unfall im Längsverkehr,Tageslicht,0,1,0,0,0,0,"359987,0017","5645775,231",7.006854243,50.94657383,trocken,"5,21E+18",PKW
159848,5,3,15,0,2021,Mai,15,Donnerstag,Unfall mit Leichtverletzten,Zusammenstoß mit seitlich in gleicher Richtung fahrendem Fahrzeug,Unfall durch ruhenden Verkehr,Tageslicht,1,1,0,0,0,0,"356627,7413","5642787,799",6.96024093,50.91890042,trocken,"5,21E+18","Rad, PKW"
159849,5,3,15,0,2021,März,14,Freitag,Unfall mit Leichtverletzten,Zusammenstoß mit anfahrendem/ anhaltendem/ruhendem Fahrzeug,Unfall im Längsverkehr,Tageslicht,0,1,0,0,1,0,"358006,2526","5640425,662",6.980758943,50.89801264,trocken,"5,21E+18","PKW, Gkfz"
159851,5,3,15,0,2021,November,17,Freitag,Unfall mit Schwerverletzten,Unfall anderer Art,Überschreiten-Unfall,Dunkelheit,1,1,1,0,0,0,"356465,0015","5643870,334",6.957501093,50.9285886,trocken,"5,21E+18","Rad, Fuss, PKW"
159852,5,3,15,0,2021,Oktober,15,Freitag,Unfall mit Leichtverletzten,Zusammenstoß mit einbiegendem / kreuzendem Fahrzeug,Abbiegeunfall,Tageslicht,0,1,0,1,0,0,"358831,4778","5637641,713",6.993561867,50.87319519,nass/feucht,"5,21E+18","Krad, PKW"
159856,5,3,15,0,2021,Dezember,12,Samstag,Unfall mit Leichtverletzten,Zusammenstoß mit vorausfahrendem / wartendem Fahrzeug,Unfall im Längsverkehr,Tageslicht,0,1,0,0,0,0,"357026,5844","5640081,417",6.966971542,50.8946772,trocken,"5,21E+18",PKW
159857,5,3,15,0,2021,Juni,12,Dienstag,Unfall mit Schwerverletzten,Abkommen von Fahrbahn nach rechts,Fahrunfall,Tageslicht,0,1,0,1,0,0,"359354,1763","5644494,539",6.998346006,50.93491008,trocken,"5,21E+18","Krad, PKW"
159860,5,3,15,0,2021,Juni,17,Freitag,Unfall mit Leichtverletzten,Zusammenstoß mit einbiegendem / kreuzendem Fahrzeug,Einbiegen / Kreuzen-Unfall,Tageslicht,0,1,0,0,0,0,"356765,5686","5648939,686",6.95978089,50.97422094,trocken,"5,21E+18",PKW
159861,5,3,15,0,2021,April,5,Mittwoch,Unfall mit Leichtverletzten,Zusammenstoß mit einbiegendem / kreuzendem Fahrzeug,Einbiegen / Kreuzen-Unfall,Dunkelheit,0,1,0,0,1,0,"357849,593","5641344,631",6.978174832,50.90623291,nass/feucht,"5,21E+18","PKW, Gkfz"
159862,5,3,15,0,2021,Oktober,18,Mittwoch,Unfall mit Leichtverletzten,Zusammenstoß mit vorausfahrendem / wartendem Fahrzeug,Unfall im Längsverkehr,Dämmerung,0,1,0,0,0,0,"356170,0662","5645340,239",6.952726884,50.94172496,nass/feucht,"5,21E+18",PKW
159863,5,3,15,0,2021,Juni,17,Freitag,Unfall mit Leichtverletzten,Zusammenstoß mit einbiegendem / kreuzendem Fahrzeug,Abbiegeunfall,Tageslicht,1,1,0,0,0,0,"359749,9379","5649479,381",7.002053851,50.97980573,trocken,"5,21E+18","Rad, PKW"
159864,5,3,15,0,2021,Juni,18,Samstag,Unfall mit Leichtverletzten,Zusammenstoß zwischen Fahrzeug und Fußgänger,Sonstiger Unfall,Tageslicht,0,0,1,0,0,1,"356410,281","5644968,611",6.956290243,50.93844506,trocken,"5,21E+18","Fuss, Sonstige"
159866,5,3,15,0,2021,Juli,18,Freitag,Unfall mit Leichtverletzten,Unfall anderer Art,Fahrunfall,Tageslicht,1,0,0,0,0,0,"360022,141","5636881,668",7.010764765,50.86665404,nass/feucht,"5,21E+18",Rad
159867,5,3,15,0,2021,März,15,Mittwoch,Unfall mit Leichtverletzten,Zusammenstoß mit entgegenkommendem Fahrzeug,Abbiegeunfall,Tageslicht,0,1,0,1,0,0,"358370,6502","5644821,736",6.984230641,50.93760991,trocken,"5,21E+18","Krad, PKW"
159870,5,3,15,0,2021,November,17,Sonntag,Unfall mit Leichtverletzten,Zusammenstoß mit einbiegendem / kreuzendem Fahrzeug,Einbiegen / Kreuzen-Unfall,Dunkelheit,0,1,0,0,0,0,"356653,956","5647879,936",6.958609846,50.96466937,trocken,"5,21E+18",PKW
159871,5,3,15,0,2021,Dezember,19,Dienstag,Unfall mit Leichtverletzten,Unfall anderer Art,Sonstiger Unfall,Dunkelheit,0,1,1,0,0,0,"359230,0487","5644231,828",6.996682065,50.93251879,trocken,"5,21E+18","Fuss, PKW"
159872,5,3,15,0,2021,April,13,Donnerstag,Unfall mit Leichtverletzten,Unfall anderer Art,Einbiegen / Kreuzen-Unfall,Tageslicht,1,1,0,0,0,0,"357954,1523","5648611,08",6.976828002,50.97156217,trocken,"5,21E+18","Rad, PKW"
159880,5,3,15,0,2021,Dezember,8,Samstag,Unfall mit Leichtverletzten,Unfall anderer Art,Fahrunfall,Tageslicht,1,0,0,0,0,0,"360223,8199","5647935,024",7.009393856,50.96604165,nass/feucht,"5,21E+18",Rad
159883,5,3,15,0,2021,März,23,Dienstag,Unfall mit Leichtverletzten,Zusammenstoß mit vorausfahrendem / wartendem Fahrzeug,Abbiegeunfall,Dunkelheit,0,1,0,0,0,0,"359228,4401","5642678,559",6.99725888,50.91855899,trocken,"5,21E+18",PKW
159886,5,3,15,0,2021,Februar,11,Donnerstag,Unfall mit Leichtverletzten,Unfall anderer Art,Fahrunfall,Tageslicht,1,0,0,0,0,0,"356597,5415","5642991,055",6.959731654,50.92071956,trocken,"5,21E+18",Rad
159888,5,3,15,0,2021,April,9,Samstag,Unfall mit Leichtverletzten,Unfall anderer Art,Sonstiger Unfall,Tageslicht,0,0,0,0,0,1,"357913,0651","5647830,369",6.976548157,50.96453583,trocken,"5,21E+18",Sonstige
159889,5,3,15,0,2021,November,13,Samstag,Unfall mit Leichtverletzten,Unfall anderer Art,Fahrunfall,Tageslicht,1,0,0,0,0,0,"356872,7354","5644563,552",6.963026996,50.93491981,trocken,"5,21E+18",Rad
159891,5,3,15,0,2021,Dezember,10,Samstag,Unfall mit Leichtverletzten,Unfall anderer Art,Abbiegeunfall,Tageslicht,1,0,0,0,0,1,"359555,433","5644355,827",7.001261858,50.9337125,trocken,"5,21E+18","Rad, Sonstige"
159894,5,3,15,0,2021,Mai,15,Donnerstag,Unfall mit Leichtverletzten,Zusammenstoß mit seitlich in gleicher Richtung fahrendem Fahrzeug,Unfall im Längsverkehr,Tageslicht,0,1,0,0,0,0,"356849,0646","5641318,664",6.963963929,50.90575233,trocken,"5,21E+18",PKW
159896,5,3,15,0,2021,März,10,Samstag,Unfall mit Leichtverletzten,Unfall anderer Art,Sonstiger Unfall,Tageslicht,1,0,0,0,0,0,"358841,6726","5646511,937",6.990275062,50.95291533,trocken,"5,21E+18",Rad
159897,5,3,15,0,2021,Mai,14,Freitag,Unfall mit Leichtverletzten,Zusammenstoß mit vorausfahrendem / wartendem Fahrzeug,Unfall im Längsverkehr,Tageslicht,0,1,0,0,0,1,"356831,6407","5641436,883",6.963669909,50.90681044,trocken,"5,21E+18","PKW, Sonstige"
159899,5,3,15,0,2021,Juni,11,Freitag,Unfall mit Leichtverletzten,Zusammenstoß mit einbiegendem / kreuzendem Fahrzeug,Abbiegeunfall,Tageslicht,1,1,0,0,0,0,"356643,942","5647651,409",6.958557379,50.96261315,trocken,"5,21E+18","Rad, PKW"
159901,5,3,15,0,2021,März,14,Donnerstag,Unfall mit Leichtverletzten,Zusammenstoß mit einbiegendem / kreuzendem Fahrzeug,Einbiegen / Kreuzen-Unfall,Tageslicht,1,1,0,0,0,0,"357808,591","5648290,721",6.974881394,50.96864721,trocken,"5,21E+18","Rad, PKW"
159903,5,3,15,0,2021,April,20,Samstag,Unfall mit Leichtverletzten,Zusammenstoß mit einbiegendem / kreuzendem Fahrzeug,Einbiegen / Kreuzen-Unfall,Tageslicht,0,1,0,0,0,0,"359476,8556","5645392,357",6.999744539,50.94300877,trocken,"5,21E+18",PKW
159904,5,3,15,0,2021,April,15,Freitag,Unfall mit Leichtverletzten,Zusammenstoß mit einbiegendem / kreuzendem Fahrzeug,Einbiegen / Kreuzen-Unfall,Tageslicht,0,1,0,0,0,0,"356189,6411","5644963,141",6.953154179,50.93834092,trocken,"5,21E+18",PKW
159905,5,3,15,0,2021,Januar,13,Sonntag,Unfall mit Leichtverletzten,Zusammenstoß mit anfahrendem/ anhaltendem/ruhendem Fahrzeug,Unfall durch ruhenden Verkehr,Tageslicht,1,1,0,0,0,0,"359748,5203","5636732,095",7.006936172,50.86524347,trocken,"5,21E+18","Rad, PKW"
159906,5,3,15,0,2021,März,15,Dienstag,Unfall mit Leichtverletzten,Unfall anderer Art,Überschreiten-Unfall,Tageslicht,0,1,1,0,0,0,"356869,0816","5649976,695",6.960846001,50.9835661,trocken,"5,21E+18","Fuss, PKW"
159911,5,3,15,0,2021,Januar,15,Donnerstag,Unfall mit Leichtverletzten,Zusammenstoß mit einbiegendem / kreuzendem Fahrzeug,Abbiegeunfall,Tageslicht,0,1,0,0,0,0,"357721,2345","5648995,106",6.973362488,50.97495589,trocken,"5,21E+18",PKW
159912,5,3,15,0,2021,Mai,12,Freitag,Unfall mit Leichtverletzten,Zusammenstoß mit anfahrendem/ anhaltendem/ruhendem Fahrzeug,Unfall durch ruhenden Verkehr,Tageslicht,1,1,0,0,0,1,"360215,47","5643508,388",7.010974086,50.92625676,nass/feucht,"5,21E+18","Rad, PKW, Sonstige"
159918,5,3,15,0,2021,Januar,16,Samstag,Unfall mit Leichtverletzten,Zusammenstoß mit anfahrendem/ anhaltendem/ruhendem Fahrzeug,Fahrunfall,Tageslicht,1,1,0,0,0,0,"356708,0018","5646481,747",6.959929499,50.95211749,nass/feucht,"5,21E+18","Rad, PKW"
159922,5,3,15,0,2021,Februar,22,Montag,Unfall mit Leichtverletzten,Zusammenstoß zwischen Fahrzeug und Fußgänger,Unfall durch ruhenden Verkehr,Dunkelheit,0,1,1,0,0,0,"356347,8858","5646041,113",6.954979805,50.94806794,trocken,"5,21E+18","Fuss, PKW"
159927,5,3,15,0,2021,April,17,Dienstag,Unfall mit Leichtverletzten,Unfall anderer Art,Abbiegeunfall,Tageslicht,1,1,0,0,0,0,"358681,809","5641970,274",6.989761486,50.91205995,trocken,"5,21E+18","Rad, PKW"
159928,5,3,15,0,2021,Juni,17,Freitag,Unfall mit Schwerverletzten,Zusammenstoß mit anfahrendem/ anhaltendem/ruhendem Fahrzeug,Unfall durch ruhenden Verkehr,Tageslicht,1,1,0,0,0,0,"356768,6992","5642278,206",6.962445063,50.91435575,nass/feucht,"5,21E+18","Rad, PKW"
159929,5,3,15,0,2021,Juni,16,Freitag,Unfall mit Schwerverletzten,Zusammenstoß mit anfahrendem/ anhaltendem/ruhendem Fahrzeug,Unfall durch ruhenden Verkehr,Tageslicht,1,1,0,0,0,0,"356973,4889","5646422,168",6.963730132,50.95164801,trocken,"5,21E+18","Rad, PKW"
159930,5,3,15,0,2021,Februar,14,Montag,Unfall mit Schwerverletzten,Zusammenstoß mit einbiegendem / kreuzendem Fahrzeug,Abbiegeunfall,Tageslicht,0,1,0,1,0,0,"359876,5458","5646276,139",7.005090116,50.95104872,trocken,"5,21E+18","Krad, PKW"
159931,5,3,15,0,2021,Januar,13,Freitag,Unfall mit Schwerverletzten,Unfall anderer Art,Sonstiger Unfall,Tageslicht,0,0,1,0,0,1,"356637,1749","5646320,668",6.958985237,50.95065229,nass/feucht,"5,21E+18","Fuss, Sonstige"
159932,5,3,15,0,2021,November,9,Montag,Unfall mit Leichtverletzten,Zusammenstoß mit anfahrendem/ anhaltendem/ruhendem Fahrzeug,Fahrunfall,Tageslicht,0,1,0,0,0,1,"359092,2488","5642555,095",6.995370261,50.91741616,trocken,"5,21E+18","PKW, Sonstige"
159933,5,3,15,0,2021,April,16,Samstag,Unfall mit Leichtverletzten,Zusammenstoß mit einbiegendem / kreuzendem Fahrzeug,Einbiegen / Kreuzen-Unfall,Tageslicht,0,1,0,0,0,1,"357803,7629","5648289,658",6.974813093,50.96863647,trocken,"5,21E+18","PKW, Sonstige"
159934,5,3,15,0,2021,Dezember,11,Freitag,Unfall mit Leichtverletzten,Unfall anderer Art,Sonstiger Unfall,Tageslicht,0,1,0,0,0,0,"356781,0514","5641775,316",6.962818042,50.90983937,trocken,"5,21E+18",PKW
159937,5,3,15,0,2021,Mai,18,Samstag,Unfall mit Leichtverletzten,Zusammenstoß mit einbiegendem / kreuzendem Fahrzeug,Abbiegeunfall,Tageslicht,0,1,0,0,0,1,"356248,864","5647488,168",6.95299965,50.96104769,trocken,"5,21E+18","PKW, Sonstige"
159939,5,3,15,0,2021,Oktober,9,Dienstag,Unfall mit Leichtverletzten,Zusammenstoß mit entgegenkommendem Fahrzeug,Unfall im Längsverkehr,Tageslicht,0,1,0,0,0,1,"357274,0968","5641948,282",6.96975888,50.91151593,trocken,"5,21E+18","PKW, Sonstige"