OBJECTID,ULAND,UREGBEZ,UKREIS,UGEMEINDE,UJAHR,UMONAT,USTUNDE,UWOCHENTAG,UKATEGORIE,UART,UTYP1,ULICHTVERH,IstRad,IstPKW,IstFuss,IstKrad,IstGkfz,IstSonstige,LINREFX,LINREFY,XGCSWGS84,YGCSWGS84,USTRZUSTAND,UIDENTSTLAE,Participants
159940,5,3,15,0,2021,Februar,9,Samstag,Unfall mit Schwerverletzten,Zusammenstoß mit einbiegendem / kreuzendem Fahrzeug,Einbiegen / Kreuzen-Unfall,Tageslicht,1,1,0,0,0,0,"356778,8753","5643580,177",6.96207847,50.926059,trocken,"5,21E+18","Rad, PKW"
159945,5,3,15,0,2021,Mai,18,Montag,Unfall mit Leichtverletzten,Unfall anderer Art,Sonstiger Unfall,Tageslicht,0,0,0,0,0,1,"357615,836","5645494,512",6.97323181,50.94347025,trocken,"5,21E+18",Sonstige
159946,5,3,15,0,2021,Oktober,16,Mittwoch,Unfall mit Leichtverletzten,Zusammenstoß zwischen Fahrzeug und Fußgänger,Überschreiten-Unfall,Tageslicht,0,1,1,0,0,0,"360371,7291","5648646,512",7.011225785,50.97247176,nass/feucht,"5,21E+18","Fuss, PKW"
159948,5,3,15,0,2021,Juni,10,Dienstag,Unfall mit Leichtverletzten,Zusammenstoß mit anfahrendem/ anhaltendem/ruhendem Fahrzeug,Unfall durch ruhenden Verkehr,Tageslicht,0,1,0,1,0,0,"357333,4004","5650049,997",6.967427808,50.98434011,trocken,"5,21E+18","Krad, PKW"
159949,5,3,15,0,2021,Juni,22,Sonntag,Unfall mit Leichtverletzten,Unfall anderer Art,Fahrunfall,Dämmerung,0,0,0,0,0,1,"359574,2588","5647841,731",7.000185233,50.96504526,trocken,"5,21E+18",Sonstige
159951,5,3,15,0,2021,Mai,18,Donnerstag,Unfall mit Schwerverletzten,Zusammenstoß zwischen Fahrzeug und Fußgänger,Überschreiten-Unfall,Tageslicht,0,1,1,0,0,0,"360007,5625","5645335,515",7.007315757,50.94262703,trocken,"5,21E+18","Fuss, PKW"
159952,5,3,15,0,2021,Juni,8,Sonntag,Unfall mit Schwerverletzten,Zusammenstoß mit einbiegendem / kreuzendem Fahrzeug,Einbiegen / Kreuzen-Unfall,Tageslicht,0,1,0,1,0,0,"356825,5012","5649235,819",6.960517371,50.97689714,trocken,"5,21E+18","Krad, PKW"
159955,5,3,15,0,2021,Februar,12,Freitag,Unfall mit Leichtverletzten,Zusammenstoß mit anfahrendem/ anhaltendem/ruhendem Fahrzeug,Unfall durch ruhenden Verkehr,Tageslicht,1,1,0,0,0,0,"356325,1922","5644965,977",6.955081039,50.9384002,trocken,"5,21E+18","Rad, PKW"
159957,5,3,15,0,2021,Juni,18,Donnerstag,Unfall mit Leichtverletzten,Zusammenstoß mit einbiegendem / kreuzendem Fahrzeug,Einbiegen / Kreuzen-Unfall,Tageslicht,0,1,0,1,0,0,"356894,2407","5642990,428",6.963950356,50.92078759,trocken,"5,21E+18","Krad, PKW"
159961,5,3,15,0,2021,September,2,Montag,Unfall mit Schwerverletzten,Unfall anderer Art,Fahrunfall,Dunkelheit,0,0,0,0,0,1,"359123,4444","5643892,017",6.995297291,50.92943884,trocken,"5,21E+18",Sonstige
159962,5,3,15,0,2021,Januar,18,Freitag,Unfall mit Leichtverletzten,Zusammenstoß mit einbiegendem / kreuzendem Fahrzeug,Einbiegen / Kreuzen-Unfall,Dunkelheit,1,1,0,0,0,0,"357762,1005","5648285,129",6.974221897,50.96858548,nass/feucht,"5,21E+18","Rad, PKW"
159963,5,3,15,0,2021,Oktober,20,Samstag,Unfall mit Schwerverletzten,Zusammenstoß mit einbiegendem / kreuzendem Fahrzeug,Abbiegeunfall,Dunkelheit,0,1,0,0,0,1,"357431,612","5648938,565",6.969262007,50.97437613,trocken,"5,21E+18","PKW, Sonstige"
159965,5,3,15,0,2021,April,12,Freitag,Unfall mit Schwerverletzten,Unfall anderer Art,Fahrunfall,Tageslicht,1,0,0,0,0,0,"359611,3307","5648085,737",7.000618663,50.96724719,trocken,"5,21E+18",Rad
159966,5,3,15,0,2021,Dezember,21,Montag,Unfall mit Leichtverletzten,Zusammenstoß mit einbiegendem / kreuzendem Fahrzeug,Einbiegen / Kreuzen-Unfall,Dunkelheit,1,1,0,0,0,0,"356177,2269","5645495,239",6.952767541,50.94311971,nass/feucht,"5,21E+18","Rad, PKW"
159969,5,3,15,0,2021,Oktober,16,Freitag,Unfall mit Leichtverletzten,Unfall anderer Art,Unfall durch ruhenden Verkehr,Tageslicht,1,1,0,0,0,0,"356658,6025","5642593,574",6.960756018,50.91716261,trocken,"5,21E+18","Rad, PKW"
159970,5,3,15,0,2021,Dezember,16,Sonntag,Unfall mit Leichtverletzten,Zusammenstoß mit einbiegendem / kreuzendem Fahrzeug,Abbiegeunfall,Dunkelheit,1,1,0,0,0,0,"358136,82","5648158,585",6.979604521,50.96754064,trocken,"5,21E+18","Rad, PKW"
159971,5,3,15,0,2021,Dezember,18,Mittwoch,Unfall mit Leichtverletzten,Zusammenstoß mit einbiegendem / kreuzendem Fahrzeug,Einbiegen / Kreuzen-Unfall,Dunkelheit,0,1,0,0,0,0,"359770,588","5644465,718",7.004279567,50.93475246,trocken,"5,21E+18",PKW
159974,5,3,15,0,2021,November,12,Samstag,Unfall mit Leichtverletzten,Unfall anderer Art,Fahrunfall,Tageslicht,1,0,0,0,0,0,"357216,7803","5647306,37",6.966844692,50.95965457,nass/feucht,"5,21E+18",Rad
159976,5,3,15,0,2021,November,14,Mittwoch,Unfall mit Schwerverletzten,Aufprall auf Fahrbahnhindernis,Fahrunfall,Tageslicht,0,1,1,0,0,0,"358439,464","5641783,962",6.9863887,50.91032617,trocken,"5,21E+18","Fuss, PKW"
159979,5,3,15,0,2021,Juni,16,Donnerstag,Unfall mit Leichtverletzten,Abkommen von Fahrbahn nach rechts,Fahrunfall,Tageslicht,0,0,0,0,0,1,"356853,3885","5641941,479",6.96378111,50.91135061,trocken,"5,21E+18",Sonstige
159980,5,3,15,0,2021,Januar,20,Montag,Unfall mit Leichtverletzten,Abkommen von Fahrbahn nach rechts,Fahrunfall,Dunkelheit,0,0,0,1,0,0,"356774,2382","5649190,356",6.959805549,50.97647583,nass/feucht,"5,21E+18",Krad
159982,5,3,15,0,2021,Januar,11,Samstag,Unfall mit Leichtverletzten,Unfall anderer Art,Sonstiger Unfall,Tageslicht,1,0,0,0,0,1,"356121,2979","5646561,736",6.951550589,50.95269018,trocken,"5,21E+18","Rad, Sonstige"
159984,5,3,15,0,2021,September,16,Mittwoch,Unfall mit Leichtverletzten,Zusammenstoß mit vorausfahrendem / wartendem Fahrzeug,Unfall im Längsverkehr,Tageslicht,1,1,0,0,0,0,"356309,1098","5646121,666",6.954396382,50.94878219,trocken,"5,21E+18","Rad, PKW"
159987,5,3,15,0,2021,März,7,Freitag,Unfall mit Leichtverletzten,Zusammenstoß zwischen Fahrzeug und Fußgänger,Sonstiger Unfall,Tageslicht,1,0,1,0,0,0,"356859,49","5641249,076",6.964139397,50.90512953,trocken,"5,21E+18","Rad, Fuss"
159991,5,3,15,0,2021,September,9,Freitag,Unfall mit Leichtverletzten,Zusammenstoß mit entgegenkommendem Fahrzeug,Unfall im Längsverkehr,Tageslicht,1,1,0,0,0,0,"356572,978","5643413,811",6.959216143,50.92451273,trocken,"5,21E+18","Rad, PKW"
159993,5,3,15,0,2021,Februar,11,Montag,Unfall mit Schwerverletzten,Unfall anderer Art,Fahrunfall,Tageslicht,1,0,0,0,0,0,"357687,8743","5645135,869",6.974396665,50.94026492,trocken,"5,21E+18",Rad
159994,5,3,15,0,2021,Juli,17,Mittwoch,Unfall mit Leichtverletzten,Unfall anderer Art,Unfall durch ruhenden Verkehr,Tageslicht,1,1,0,0,0,0,"357215,9295","5641847,304",6.968971531,50.91059406,trocken,"5,21E+18","Rad, PKW"
159995,5,3,15,0,2021,Juni,11,Mittwoch,Unfall mit Leichtverletzten,Unfall anderer Art,Sonstiger Unfall,Tageslicht,0,1,0,0,0,0,"356687,914",5640000,6.962190972,50.89386156,trocken,"5,21E+18",PKW
159997,5,3,15,0,2021,November,18,Donnerstag,Unfall mit Leichtverletzten,Zusammenstoß mit vorausfahrendem / wartendem Fahrzeug,Unfall im Längsverkehr,Dunkelheit,0,1,0,0,0,0,"356179,5623","5644967,105",6.95300926,50.93837403,nass/feucht,"5,21E+18",PKW
159998,5,3,15,0,2021,September,11,Mittwoch,Unfall mit Leichtverletzten,Zusammenstoß mit einbiegendem / kreuzendem Fahrzeug,Einbiegen / Kreuzen-Unfall,Tageslicht,0,1,0,0,0,0,"360072,5841","5645407,836",7.008212909,50.94329278,trocken,"5,21E+18",PKW
159999,5,3,15,0,2021,Oktober,18,Mittwoch,Unfall mit Leichtverletzten,Zusammenstoß mit einbiegendem / kreuzendem Fahrzeug,Unfall durch ruhenden Verkehr,Dunkelheit,0,1,0,0,0,0,"356686,2131","5641719,414",6.961491904,50.90931344,nass/feucht,"5,21E+18",PKW
160001,5,3,15,0,2021,Juni,10,Mittwoch,Unfall mit Leichtverletzten,Zusammenstoß zwischen Fahrzeug und Fußgänger,Überschreiten-Unfall,Tageslicht,0,1,1,0,0,0,"359545,9227","5636695,352",7.0040731,50.86486407,trocken,"5,21E+18","Fuss, PKW"
160002,5,3,15,0,2021,Januar,11,Samstag,Unfall mit Leichtverletzten,Zusammenstoß mit vorausfahrendem / wartendem Fahrzeug,Unfall im Längsverkehr,Tageslicht,0,1,0,0,0,0,"356586,436","5648938,212",6.957231655,50.97416311,trocken,"5,21E+18",PKW
160003,5,3,15,0,2021,September,9,Freitag,Unfall mit Leichtverletzten,Zusammenstoß mit einbiegendem / kreuzendem Fahrzeug,Abbiegeunfall,Tageslicht,0,1,0,0,0,1,"359147,6479","5651632,796",6.992644576,50.99901144,trocken,"5,21E+18","PKW, Sonstige"
160007,5,3,15,0,2021,März,10,Donnerstag,Unfall mit Schwerverletzten,Unfall anderer Art,Fahrunfall,Tageslicht,0,0,0,1,0,0,"358467,0265","5641693,218",6.986815694,50.9095174,trocken,"5,21E+18",Krad
160008,5,3,15,0,2021,Dezember,19,Freitag,Unfall mit Leichtverletzten,Zusammenstoß zwischen Fahrzeug und Fußgänger,Abbiegeunfall,Dunkelheit,0,1,1,0,0,0,"356880,8716","5650085,364",6.960971058,50.98454562,nass/feucht,"5,21E+18","Fuss, PKW"
160010,5,3,15,0,2021,September,14,Dienstag,Unfall mit Leichtverletzten,Zusammenstoß mit vorausfahrendem / wartendem Fahrzeug,Abbiegeunfall,Tageslicht,0,1,0,0,0,0,"359714,8354","5647847,41",7.002183704,50.96513055,trocken,"5,21E+18",PKW
160012,5,3,15,0,2021,September,19,Mittwoch,Unfall mit Leichtverletzten,Unfall anderer Art,Fahrunfall,Dunkelheit,0,0,0,0,0,1,"359891,6003","5646279,913",7.005302854,50.95108629,trocken,"5,21E+18",Sonstige
160014,5,3,15,0,2021,Dezember,17,Samstag,Unfall mit Leichtverletzten,Zusammenstoß mit vorausfahrendem / wartendem Fahrzeug,Unfall durch ruhenden Verkehr,Dunkelheit,0,1,0,0,0,0,"359304,754","5644512,618",6.997636113,50.9350605,nass/feucht,"5,21E+18",PKW
160015,5,3,15,0,2021,Oktober,8,Samstag,Unfall mit Leichtverletzten,Zusammenstoß mit entgegenkommendem Fahrzeug,Einbiegen / Kreuzen-Unfall,Tageslicht,0,1,0,0,0,0,"358306,5495","5637085,021",6.986321599,50.86806366,trocken,"5,21E+18",PKW
160017,5,3,15,0,2021,Februar,14,Mittwoch,Unfall mit Leichtverletzten,Unfall anderer Art,Einbiegen / Kreuzen-Unfall,Tageslicht,1,1,0,0,0,0,"356760,4069","5642005,886",6.962434085,50.91190637,trocken,"5,21E+18","Rad, PKW"
160018,5,3,15,0,2021,Oktober,10,Mittwoch,Unfall mit Leichtverletzten,Unfall anderer Art,Sonstiger Unfall,Tageslicht,0,1,0,1,0,0,"356777,7053","5649070,684",6.959902045,50.97540122,nass/feucht,"5,21E+18","Krad, PKW"
160020,5,3,15,0,2021,Dezember,6,Donnerstag,Unfall mit Leichtverletzten,Unfall anderer Art,Fahrunfall,Dunkelheit,0,0,0,1,0,0,"357995,0844","5648530,619",6.977442031,50.97084916,winterglatt,"5,21E+18",Krad
160021,5,3,15,0,2021,November,15,Donnerstag,Unfall mit Leichtverletzten,Zusammenstoß mit einbiegendem / kreuzendem Fahrzeug,Einbiegen / Kreuzen-Unfall,Tageslicht,0,1,0,1,0,0,"356042,1184","5642687,938",6.951954354,50.91785718,nass/feucht,"5,21E+18","Krad, PKW"
160022,5,3,15,0,2021,September,12,Montag,Unfall mit Leichtverletzten,Zusammenstoß zwischen Fahrzeug und Fußgänger,Abbiegeunfall,Tageslicht,0,1,1,0,0,0,"359600,8063","5645235,867",7.001568064,50.94163258,trocken,"5,21E+18","Fuss, PKW"
160025,5,3,15,0,2021,Juli,11,Sonntag,Unfall mit Leichtverletzten,Zusammenstoß mit einbiegendem / kreuzendem Fahrzeug,Einbiegen / Kreuzen-Unfall,Tageslicht,1,0,0,0,0,1,"360588,0596","5637782,684",7.018458491,50.87488851,trocken,"5,21E+18","Rad, Sonstige"
160031,5,3,15,0,2021,Oktober,15,Dienstag,Unfall mit Leichtverletzten,Unfall anderer Art,Fahrunfall,Tageslicht,1,0,0,0,0,0,"364982,0879","5638668,844",7.080547981,50.88389625,trocken,"5,21E+18",Rad
160034,5,3,15,0,2021,März,8,Freitag,Unfall mit Leichtverletzten,Zusammenstoß mit einbiegendem / kreuzendem Fahrzeug,Einbiegen / Kreuzen-Unfall,Tageslicht,1,1,0,0,0,0,"364613,0259","5642753,5",7.073789759,50.92052101,trocken,"5,21E+18","Rad, PKW"
160035,5,3,15,0,2021,Juni,8,Donnerstag,Unfall mit Leichtverletzten,Zusammenstoß mit einbiegendem / kreuzendem Fahrzeug,Abbiegeunfall,Tageslicht,1,1,0,0,0,0,"364276,4376","5649082,319",7.066644876,50.97732195,trocken,"5,21E+18","Rad, PKW"
160036,5,3,15,0,2021,November,15,Freitag,Unfall mit Leichtverletzten,Zusammenstoß mit vorausfahrendem / wartendem Fahrzeug,Unfall im Längsverkehr,Tageslicht,1,1,0,0,0,0,"360526,7316","5637933,677",7.017529764,50.87623074,trocken,"5,21E+18","Rad, PKW"
160043,5,3,15,0,2021,Juli,11,Montag,Unfall mit Leichtverletzten,Zusammenstoß mit anfahrendem/ anhaltendem/ruhendem Fahrzeug,Unfall durch ruhenden Verkehr,Tageslicht,1,1,0,0,0,0,"361012,5955","5644352,59",7.021987433,50.93403642,trocken,"5,21E+18","Rad, PKW"
160045,5,3,15,0,2021,Dezember,16,Donnerstag,Unfall mit Schwerverletzten,Zusammenstoß zwischen Fahrzeug und Fußgänger,Unfall im Längsverkehr,Tageslicht,0,1,1,0,0,0,"364494,939","5645129,01",7.071227575,50.94184321,trocken,"5,21E+18","Fuss, PKW"
160047,5,3,15,0,2021,April,13,Mittwoch,Unfall mit Leichtverletzten,Unfall anderer Art,Unfall im Längsverkehr,Tageslicht,0,1,0,0,0,0,"360546,77","5647084,007",7.014316324,50.95847171,trocken,"5,21E+18",PKW
160052,5,3,15,0,2021,Mai,20,Samstag,Unfall mit Leichtverletzten,Unfall anderer Art,Fahrunfall,Tageslicht,1,0,0,0,0,0,"361013,667","5645290,033",7.021645071,50.94246169,nass/feucht,"5,21E+18",Rad
160056,5,3,15,0,2021,Mai,16,Samstag,Unfall mit Leichtverletzten,Unfall anderer Art,Fahrunfall,Tageslicht,1,0,0,0,0,0,"360205,4183","5636592,715",7.013478065,50.86410148,nass/feucht,"5,21E+18",Rad
160058,5,3,15,0,2021,Dezember,11,Dienstag,Unfall mit Leichtverletzten,Zusammenstoß mit entgegenkommendem Fahrzeug,Unfall im Längsverkehr,Tageslicht,1,1,0,0,0,0,"363151,015","5638732,353",7.05450909,50.88403622,trocken,"5,21E+18","Rad, PKW"
160061,5,3,15,0,2021,September,16,Donnerstag,Unfall mit Leichtverletzten,Zusammenstoß mit einbiegendem / kreuzendem Fahrzeug,Einbiegen / Kreuzen-Unfall,Tageslicht,0,1,0,1,0,0,"360582,7156","5637781,504",7.018383032,50.87487661,trocken,"5,21E+18","Krad, PKW"
160068,5,3,15,0,2021,März,9,Mittwoch,Unfall mit Leichtverletzten,Zusammenstoß mit einbiegendem / kreuzendem Fahrzeug,Einbiegen / Kreuzen-Unfall,Tageslicht,0,1,0,0,0,1,"362940,4647","5641509,135",7.050475607,50.90894251,trocken,"5,21E+18","PKW, Sonstige"
160073,5,3,15,0,2021,Mai,11,Freitag,Unfall mit Schwerverletzten,Zusammenstoß zwischen Fahrzeug und Fußgänger,Überschreiten-Unfall,Tageslicht,1,0,1,0,0,0,"364094,129","5639878,005",7.067482385,50.89455545,nass/feucht,"5,21E+18","Rad, Fuss"
160077,5,3,15,0,2021,September,8,Samstag,Unfall mit Schwerverletzten,Zusammenstoß mit vorausfahrendem / wartendem Fahrzeug,Unfall im Längsverkehr,Tageslicht,0,1,0,0,0,0,"361896,176","5649573,191",7.032573223,50.9811676,trocken,"5,21E+18",PKW
160083,5,3,15,0,2021,September,10,Freitag,Unfall mit Leichtverletzten,Zusammenstoß mit einbiegendem / kreuzendem Fahrzeug,Einbiegen / Kreuzen-Unfall,Tageslicht,1,0,0,0,0,0,"365318,955","5637596,645",7.085729123,50.87433831,trocken,"5,21E+18",Rad
160084,5,3,15,0,2021,Dezember,7,Freitag,Unfall mit Leichtverletzten,Zusammenstoß mit anfahrendem/ anhaltendem/ruhendem Fahrzeug,Unfall durch ruhenden Verkehr,Dunkelheit,0,1,0,0,0,0,"363280,786","5637688,062",7.056743374,50.87468137,trocken,"5,21E+18",PKW
160085,5,3,15,0,2021,Oktober,6,Samstag,Unfall mit Leichtverletzten,Zusammenstoß mit einbiegendem / kreuzendem Fahrzeug,Einbiegen / Kreuzen-Unfall,Dunkelheit,1,1,0,0,0,0,"364054,9808","5645196,432",7.064943881,50.94234559,trocken,"5,21E+18","Rad, PKW"
160090,5,3,15,0,2021,Oktober,13,Samstag,Unfall mit Leichtverletzten,Unfall anderer Art,Abbiegeunfall,Tageslicht,1,0,0,0,0,0,"365034,2075","5645592,869",7.078726987,50.94613864,nass/feucht,"5,21E+18",Rad
160097,5,3,15,0,2021,Juni,13,Sonntag,Unfall mit Leichtverletzten,Unfall anderer Art,Abbiegeunfall,Tageslicht,0,1,0,1,0,0,"360320,8613","5638468,849",7.014400935,50.88099075,nass/feucht,"5,21E+18","Krad, PKW"
160104,5,3,15,0,2021,Oktober,2,Donnerstag,Unfall mit Leichtverletzten,Zusammenstoß mit anfahrendem/ anhaltendem/ruhendem Fahrzeug,Unfall durch ruhenden Verkehr,Dunkelheit,0,1,0,0,0,1,"365652,5856","5638549,638",7.090118107,50.88298117,trocken,"5,21E+18","PKW, Sonstige"
160106,5,3,15,0,2021,Februar,14,Sonntag,Unfall mit Leichtverletzten,Zusammenstoß mit vorausfahrendem / wartendem Fahrzeug,Unfall im Längsverkehr,Tageslicht,0,1,0,0,0,0,"363714,4105","5640158,989",7.061981414,50.89699132,trocken,"5,21E+18",PKW
160107,5,3,15,0,2021,Juli,13,Freitag,Unfall mit Leichtverletzten,Unfall anderer Art,Sonstiger Unfall,Tageslicht,1,1,0,0,0,0,"360496,035","5648941,842",7.012881871,50.97515605,trocken,"5,21E+18","Rad, PKW"
160110,5,3,15,0,2021,Mai,6,Donnerstag,Unfall mit Leichtverletzten,Zusammenstoß mit einbiegendem / kreuzendem Fahrzeug,Abbiegeunfall,Tageslicht,1,1,0,0,0,0,"364756,9136","5649819,404",7.073210748,50.98405951,trocken,"5,21E+18","Rad, PKW"
160112,5,3,15,0,2021,Februar,14,Montag,Unfall mit Leichtverletzten,Zusammenstoß mit anfahrendem/ anhaltendem/ruhendem Fahrzeug,Sonstiger Unfall,Tageslicht,0,1,0,1,0,0,"360866,2695","5647340,618",7.018764675,50.96085515,trocken,"5,21E+18","Krad, PKW"
160115,5,3,15,0,2021,Juni,8,Dienstag,Unfall mit Leichtverletzten,Zusammenstoß mit seitlich in gleicher Richtung fahrendem Fahrzeug,Unfall im Längsverkehr,Tageslicht,1,1,0,0,0,0,"362362,1535","5648506,956",7.039611037,50.97169664,trocken,"5,21E+18","Rad, PKW"
160120,5,3,15,0,2021,Februar,15,Donnerstag,Unfall mit Leichtverletzten,Zusammenstoß mit einbiegendem / kreuzendem Fahrzeug,Einbiegen / Kreuzen-Unfall,Tageslicht,1,1,0,0,0,0,"362847,4609","5636843,017",7.050904998,50.86698387,nass/feucht,"5,21E+18","Rad, PKW"
160121,5,3,15,0,2021,April,21,Donnerstag,Unfall mit Schwerverletzten,Zusammenstoß zwischen Fahrzeug und Fußgänger,Abbiegeunfall,Dunkelheit,0,1,1,0,0,0,"360375,5356","5647695,639",7.011644981,50.96392706,trocken,"5,21E+18","Fuss, PKW"
160123,5,3,15,0,2021,Dezember,13,Samstag,Unfall mit Leichtverletzten,Zusammenstoß mit vorausfahrendem / wartendem Fahrzeug,Unfall im Längsverkehr,Tageslicht,0,1,0,0,0,0,"362049,221","5651628,805",7.033971502,50.99967854,trocken,"5,21E+18",PKW
160129,5,3,15,0,2021,Februar,15,Montag,Unfall mit Leichtverletzten,Zusammenstoß mit anfahrendem/ anhaltendem/ruhendem Fahrzeug,Unfall durch ruhenden Verkehr,Tageslicht,1,1,0,0,0,0,"361110,3385","5644568,31",7.023295369,50.93599869,trocken,"5,21E+18","Rad, PKW"
160130,5,3,15,0,2021,Juli,15,Mittwoch,Unfall mit Leichtverletzten,Zusammenstoß mit einbiegendem / kreuzendem Fahrzeug,Sonstiger Unfall,Tageslicht,0,1,0,0,0,0,"361890,8072","5649446,863",7.032544789,50.98003097,trocken,"5,21E+18",PKW
160140,5,3,15,0,2021,Mai,10,Montag,Unfall mit Leichtverletzten,Zusammenstoß zwischen Fahrzeug und Fußgänger,Überschreiten-Unfall,Tageslicht,0,1,1,0,0,0,"361034,635","5649776,674",7.020229721,50.98278904,trocken,"5,21E+18","Fuss, PKW"
160144,5,3,15,0,2021,Dezember,0,Mittwoch,Unfall mit Leichtverletzten,Zusammenstoß mit anfahrendem/ anhaltendem/ruhendem Fahrzeug,Sonstiger Unfall,Dunkelheit,0,1,0,0,0,0,"363603,7963","5638850,807",7.060897825,50.8852079,trocken,"5,21E+18",PKW
160146,5,3,15,0,2021,Juli,11,Samstag,Unfall mit Leichtverletzten,Zusammenstoß mit einbiegendem / kreuzendem Fahrzeug,Einbiegen / Kreuzen-Unfall,Tageslicht,1,1,0,0,0,0,"364965,1796","5636331,218",7.08117093,50.86288254,trocken,"5,21E+18","Rad, PKW"
160151,5,3,15,0,2021,April,12,Mittwoch,Unfall mit Leichtverletzten,Zusammenstoß mit einbiegendem / kreuzendem Fahrzeug,Abbiegeunfall,Tageslicht,1,1,0,0,0,0,"360763,8107","5641702,728",7.019460802,50.91016146,trocken,"5,21E+18","Rad, PKW"
160156,5,3,15,0,2021,Dezember,20,Mittwoch,Unfall mit Leichtverletzten,Zusammenstoß mit einbiegendem / kreuzendem Fahrzeug,Einbiegen / Kreuzen-Unfall,Dunkelheit,1,1,0,0,0,0,"364410,7091","5649743,021",7.068309916,50.98329159,nass/feucht,"5,21E+18","Rad, PKW"
160157,5,3,15,0,2021,Mai,11,Freitag,Unfall mit Leichtverletzten,Unfall anderer Art,Sonstiger Unfall,Tageslicht,1,0,1,0,0,0,"362859,0874","5645450,242",7.047836362,50.94434346,trocken,"5,21E+18","Rad, Fuss"
160162,5,3,15,0,2021,Oktober,17,Montag,Unfall mit Leichtverletzten,Unfall anderer Art,Fahrunfall,Dunkelheit,0,0,0,0,0,1,"363516,75","5639219,556",7.059523346,50.88850148,trocken,"5,21E+18",Sonstige
160168,5,3,15,0,2021,November,17,Mittwoch,Unfall mit Leichtverletzten,Zusammenstoß zwischen Fahrzeug und Fußgänger,Abbiegeunfall,Dunkelheit,0,1,1,0,0,0,"360913,456","5646991,607",7.019569563,50.95772991,nass/feucht,"5,21E+18","Fuss, PKW"
160169,5,3,15,0,2021,Juni,0,Sonntag,Unfall mit Leichtverletzten,Unfall anderer Art,Fahrunfall,Dunkelheit,0,0,0,1,0,0,"361272,708","5647326,796",7.024553859,50.96082893,trocken,"5,21E+18",Krad
160180,5,3,15,0,2021,Februar,15,Dienstag,Unfall mit Leichtverletzten,Zusammenstoß zwischen Fahrzeug und Fußgänger,Unfall im Längsverkehr,Tageslicht,0,1,1,0,0,0,"360752,1457","5649378,261",7.016360452,50.97914019,nass/feucht,"5,21E+18","Fuss, PKW"
160185,5,3,15,0,2021,Oktober,12,Samstag,Unfall mit Leichtverletzten,Unfall anderer Art,Sonstiger Unfall,Tageslicht,0,0,1,0,0,1,"360954,9663","5640489,353",7.022640298,50.89930259,trocken,"5,21E+18","Fuss, Sonstige"
160187,5,3,15,0,2021,November,14,Sonntag,Unfall mit Leichtverletzten,Zusammenstoß mit einbiegendem / kreuzendem Fahrzeug,Einbiegen / Kreuzen-Unfall,Tageslicht,0,1,0,0,0,0,"364266,3899","5641069,9",7.069487308,50.90530818,nass/feucht,"5,21E+18",PKW
160190,5,3,15,0,2021,Mai,15,Mittwoch,Unfall mit Leichtverletzten,Zusammenstoß mit anfahrendem/ anhaltendem/ruhendem Fahrzeug,Einbiegen / Kreuzen-Unfall,Tageslicht,0,1,0,0,0,0,"365150,0235","5636452,393",7.083751312,50.86401477,trocken,"5,21E+18",PKW
160195,5,3,15,0,2021,Juni,10,Donnerstag,Unfall mit Leichtverletzten,Zusammenstoß mit anfahrendem/ anhaltendem/ruhendem Fahrzeug,Unfall durch ruhenden Verkehr,Tageslicht,0,1,0,0,0,1,"361148,6067","5640396,317",7.025427685,50.89851304,trocken,"5,21E+18","PKW, Sonstige"
160197,5,3,15,0,2021,Dezember,13,Donnerstag,Unfall mit Leichtverletzten,Zusammenstoß mit einbiegendem / kreuzendem Fahrzeug,Abbiegeunfall,Tageslicht,0,1,0,1,0,0,"362544,314","5642653,158",7.044413287,50.9191301,trocken,"5,21E+18","Krad, PKW"
160205,5,3,15,0,2021,Juni,15,Mittwoch,Unfall mit Leichtverletzten,Zusammenstoß mit einbiegendem / kreuzendem Fahrzeug,Einbiegen / Kreuzen-Unfall,Tageslicht,1,1,0,0,0,0,"363999,568","5637308,628",7.06709465,50.87144077,trocken,"5,21E+18","Rad, PKW"
160208,5,3,15,0,2021,April,13,Sonntag,Unfall mit Leichtverletzten,Zusammenstoß mit vorausfahrendem / wartendem Fahrzeug,Unfall im Längsverkehr,Tageslicht,0,1,0,0,0,0,"362311,8046","5648262,536",7.0389869,50.96948794,trocken,"5,21E+18",PKW
160210,5,3,15,0,2021,Oktober,16,Mittwoch,Unfall mit Schwerverletzten,Unfall anderer Art,Sonstiger Unfall,Tageslicht,1,0,1,0,0,0,"364237,865","5649432,914",7.06596481,50.9804638,trocken,"5,21E+18","Rad, Fuss"
160214,5,3,15,0,2021,Juni,11,Samstag,Unfall mit Leichtverletzten,Unfall anderer Art,Sonstiger Unfall,Tageslicht,1,0,0,0,0,0,"361506,4544","5636284,053",7.032071285,50.86164053,trocken,"5,21E+18",Rad
160217,5,3,15,0,2021,September,18,Mittwoch,Unfall mit Leichtverletzten,Zusammenstoß mit seitlich in gleicher Richtung fahrendem Fahrzeug,Unfall im Längsverkehr,Dämmerung,1,1,0,0,0,0,"360569,8829","5646242,54",7.014967536,50.9509149,trocken,"5,21E+18","Rad, PKW"
160218,5,3,15,0,2021,Mai,19,Dienstag,Unfall mit Leichtverletzten,Zusammenstoß mit einbiegendem / kreuzendem Fahrzeug,Einbiegen / Kreuzen-Unfall,Tageslicht,1,1,0,0,0,0,"363520,028","5648181,579",7.056214666,50.9690479,trocken,"5,21E+18","Rad, PKW"