OBJECTID,ULAND,UREGBEZ,UKREIS,UGEMEINDE,UJAHR,UMONAT,USTUNDE,UWOCHENTAG,UKATEGORIE,UART,UTYP1,ULICHTVERH,IstRad,IstPKW,IstFuss,IstKrad,IstGkfz,IstSonstige,LINREFX,LINREFY,XGCSWGS84,YGCSWGS84,USTRZUSTAND,UIDENTSTLAE,Participants
160219,5,3,15,0,2021,Oktober,17,Freitag,Unfall mit Leichtverletzten,Zusammenstoß zwischen Fahrzeug und Fußgänger,Überschreiten-Unfall,Tageslicht,0,0,1,1,0,0,"363711,0835","5638804,812",7.062439314,50.88481984,trocken,"5,21E+18","Fuss, Krad"
160229,5,3,15,0,2021,März,14,Donnerstag,Unfall mit Leichtverletzten,Zusammenstoß mit vorausfahrendem / wartendem Fahrzeug,Unfall im Längsverkehr,Tageslicht,0,1,0,0,0,0,"362528,8092","5647770,22",7.042261704,50.96511518,trocken,"5,21E+18",PKW
160233,5,3,15,0,2021,Juli,14,Samstag,Unfall mit Leichtverletzten,Zusammenstoß mit einbiegendem / kreuzendem Fahrzeug,Einbiegen / Kreuzen-Unfall,Tageslicht,1,1,0,0,0,0,"363826,674","5644153,966",7.062085728,50.9329226,trocken,"5,21E+18","Rad, PKW"
160249,5,3,15,0,2021,Oktober,16,Samstag,Unfall mit Leichtverletzten,Zusammenstoß zwischen Fahrzeug und Fußgänger,Überschreiten-Unfall,Tageslicht,0,1,1,0,0,0,"361927,1725","5636517,038",7.03795783,50.86383509,trocken,"5,21E+18","Fuss, PKW"
160250,5,3,15,0,2021,September,8,Donnerstag,Unfall mit Leichtverletzten,Zusammenstoß mit einbiegendem / kreuzendem Fahrzeug,Einbiegen / Kreuzen-Unfall,Tageslicht,1,1,0,0,0,0,"363702,6131","5643648,344",7.060510335,50.92834905,trocken,"5,21E+18","Rad, PKW"
160252,5,3,15,0,2021,März,15,Mittwoch,Unfall mit Leichtverletzten,Zusammenstoß mit seitlich in gleicher Richtung fahrendem Fahrzeug,Einbiegen / Kreuzen-Unfall,Tageslicht,1,1,0,0,0,0,"365182,7266","5645577,407",7.080845651,50.94603443,trocken,"5,21E+18","Rad, PKW"
160264,5,3,15,0,2021,November,18,Mittwoch,Unfall mit Leichtverletzten,Unfall anderer Art,Fahrunfall,Dämmerung,1,0,0,0,0,0,"361178,7227","5647027,42",7.023330585,50.95811574,nass/feucht,"5,21E+18",Rad
160265,5,3,15,0,2021,September,12,Donnerstag,Unfall mit Schwerverletzten,Unfall anderer Art,Fahrunfall,Tageslicht,1,0,0,0,0,0,"361616,4631","5643046,403",7.031071815,50.92244254,nass/feucht,"5,21E+18",Rad
160267,5,3,15,0,2021,April,13,Samstag,Unfall mit Leichtverletzten,Zusammenstoß mit anfahrendem/ anhaltendem/ruhendem Fahrzeug,Fahrunfall,Tageslicht,0,1,0,0,0,0,"364492,1364","5650029,01",7.069362629,50.98588106,trocken,"5,21E+18",PKW
160272,5,3,15,0,2021,Juli,11,Dienstag,Unfall mit Leichtverletzten,Zusammenstoß mit einbiegendem / kreuzendem Fahrzeug,Einbiegen / Kreuzen-Unfall,Tageslicht,1,1,0,0,0,0,"364891,7737","5648494,102",7.075623496,50.97218007,nass/feucht,"5,21E+18","Rad, PKW"
160274,5,3,15,0,2021,November,17,Freitag,Unfall mit Leichtverletzten,Unfall anderer Art,Überschreiten-Unfall,Dunkelheit,0,0,1,1,0,0,"361075,0733","5648053,698",7.021463804,50.96731412,trocken,"5,21E+18","Fuss, Krad"
160279,5,3,15,0,2021,September,8,Samstag,Unfall mit Leichtverletzten,Zusammenstoß mit einbiegendem / kreuzendem Fahrzeug,Einbiegen / Kreuzen-Unfall,Tageslicht,0,1,0,0,0,1,"360379,8666","5644544,236",7.012915041,50.93560595,trocken,"5,21E+18","PKW, Sonstige"
160284,5,3,15,0,2021,September,18,Donnerstag,Unfall mit Leichtverletzten,Zusammenstoß mit anfahrendem/ anhaltendem/ruhendem Fahrzeug,Unfall im Längsverkehr,Tageslicht,0,1,0,0,0,0,"360914,5141","5646991,859",7.019584522,50.95773243,nass/feucht,"5,21E+18",PKW
160287,5,3,15,0,2021,Dezember,15,Freitag,Unfall mit Leichtverletzten,Zusammenstoß mit seitlich in gleicher Richtung fahrendem Fahrzeug,Unfall im Längsverkehr,Tageslicht,0,0,0,1,0,0,"362555,5442","5644251,159",7.043970549,50.9334946,trocken,"5,21E+18",Krad
160290,5,3,15,0,2021,November,15,Samstag,Unfall mit Leichtverletzten,Unfall anderer Art,Sonstiger Unfall,Tageslicht,0,1,0,1,0,0,"360444,2569","5648222,49",7.012420871,50.9686786,trocken,"5,21E+18","Krad, PKW"
160301,5,3,15,0,2021,Dezember,14,Mittwoch,Unfall mit Leichtverletzten,Zusammenstoß zwischen Fahrzeug und Fußgänger,Überschreiten-Unfall,Tageslicht,0,1,1,0,0,0,"365553,8447","5636320,865",7.089534618,50.86292668,trocken,"5,21E+18","Fuss, PKW"
160312,5,3,15,0,2021,November,6,Freitag,Unfall mit Leichtverletzten,Zusammenstoß mit einbiegendem / kreuzendem Fahrzeug,Abbiegeunfall,Dunkelheit,0,1,1,0,0,0,"363649,2036","5649127,607",7.057698545,50.9775808,trocken,"5,21E+18","Fuss, PKW"
160313,5,3,15,0,2021,März,12,Mittwoch,Unfall mit Schwerverletzten,Zusammenstoß mit einbiegendem / kreuzendem Fahrzeug,Einbiegen / Kreuzen-Unfall,Tageslicht,1,1,0,0,0,0,"364034,0262","5640104,553",7.066543934,50.89657741,trocken,"5,21E+18","Rad, PKW"
160317,5,3,15,0,2021,März,15,Mittwoch,Unfall mit Leichtverletzten,Zusammenstoß mit seitlich in gleicher Richtung fahrendem Fahrzeug,Abbiegeunfall,Tageslicht,1,1,0,0,0,0,"361838,4339","5648434,413",7.032183907,50.97091929,trocken,"5,21E+18","Rad, PKW"
160319,5,3,15,0,2021,November,7,Samstag,Unfall mit Leichtverletzten,Unfall anderer Art,Unfall im Längsverkehr,Dämmerung,0,1,1,0,0,0,"364159,4585","5638944,646",7.068757815,50.88618221,trocken,"5,21E+18","Fuss, PKW"
160322,5,3,15,0,2021,Oktober,11,Mittwoch,Unfall mit Leichtverletzten,Unfall anderer Art,Fahrunfall,Tageslicht,0,1,0,0,0,0,"365327,897","5637718,497",7.085811266,50.87543556,trocken,"5,21E+18",PKW
160323,5,3,15,0,2021,März,8,Freitag,Unfall mit Leichtverletzten,Unfall anderer Art,Überschreiten-Unfall,Tageslicht,0,1,1,0,0,0,"363347,8795","5640486,798",7.056649773,50.89985088,nass/feucht,"5,21E+18","Fuss, PKW"
160325,5,3,15,0,2021,Juli,13,Donnerstag,Unfall mit Leichtverletzten,Zusammenstoß zwischen Fahrzeug und Fußgänger,Sonstiger Unfall,Tageslicht,0,0,1,0,0,1,"364731,9341","5639737,96",7.076598062,50.89344652,trocken,"5,21E+18","Fuss, Sonstige"
160327,5,3,15,0,2021,Mai,14,Donnerstag,Unfall mit Leichtverletzten,Unfall anderer Art,Fahrunfall,Tageslicht,0,0,0,0,0,1,"360979,785","5645621,875",7.021036437,50.94543586,nass/feucht,"5,21E+18",Sonstige
160330,5,3,15,0,2021,Februar,9,Mittwoch,Unfall mit Schwerverletzten,Unfall anderer Art,Fahrunfall,Tageslicht,0,0,0,0,0,1,"362560,4778","5644182,714",7.04406653,50.93288063,nass/feucht,"5,21E+18",Sonstige
160332,5,3,15,0,2021,Dezember,12,Dienstag,Unfall mit Leichtverletzten,Unfall anderer Art,Fahrunfall,Tageslicht,1,0,0,0,0,0,"363495,5422","5638894,977",7.059343255,50.88557931,trocken,"5,21E+18",Rad
160343,5,3,15,0,2021,Juli,17,Freitag,Unfall mit Leichtverletzten,Zusammenstoß zwischen Fahrzeug und Fußgänger,Überschreiten-Unfall,Tageslicht,0,1,1,0,0,0,"365097,3908","5643340,857",7.080459602,50.92591337,nass/feucht,"5,21E+18","Fuss, PKW"
160345,5,3,15,0,2021,Oktober,12,Samstag,Unfall mit Leichtverletzten,Zusammenstoß mit einbiegendem / kreuzendem Fahrzeug,Einbiegen / Kreuzen-Unfall,Tageslicht,1,1,0,0,0,0,"363040,8348","5644835,926",7.050652852,50.93886557,trocken,"5,21E+18","Rad, PKW"
160348,5,3,15,0,2021,März,8,Freitag,Unfall mit Leichtverletzten,Zusammenstoß mit einbiegendem / kreuzendem Fahrzeug,Abbiegeunfall,Tageslicht,1,1,0,0,0,0,"361934,9681","5648108,526",7.033681675,50.96801361,trocken,"5,21E+18","Rad, PKW"
160354,5,3,15,0,2021,Oktober,12,Samstag,Unfall mit Leichtverletzten,Zusammenstoß mit einbiegendem / kreuzendem Fahrzeug,Abbiegeunfall,Tageslicht,0,1,0,0,0,0,"361043,6129","5643346,12",7.022812238,50.92499849,trocken,"5,21E+18",PKW
160355,5,3,15,0,2021,April,10,Freitag,Unfall mit Leichtverletzten,Unfall anderer Art,Sonstiger Unfall,Tageslicht,0,0,1,0,0,1,"361888,6005","5649463,779",7.032506944,50.98018247,trocken,"5,21E+18","Fuss, Sonstige"
160358,5,3,15,0,2021,Oktober,13,Sonntag,Unfall mit Leichtverletzten,Zusammenstoß mit einbiegendem / kreuzendem Fahrzeug,Einbiegen / Kreuzen-Unfall,Tageslicht,0,1,0,1,0,0,"362591,1098","5651561,462",7.041714972,50.99920297,trocken,"5,21E+18","Krad, PKW"
160372,5,3,15,0,2021,April,12,Freitag,Unfall mit Schwerverletzten,Unfall anderer Art,Unfall durch ruhenden Verkehr,Tageslicht,0,1,0,0,0,0,"361884,9463","5649215,486",7.032549261,50.97795013,trocken,"5,21E+18",PKW
160373,5,3,15,0,2021,Mai,23,Montag,Unfall mit Leichtverletzten,Unfall anderer Art,Fahrunfall,Dunkelheit,0,1,0,0,0,0,"365414,281","5645138,924",7.084301933,50.94214764,trocken,"5,21E+18",PKW
160378,5,3,15,0,2021,März,23,Samstag,Unfall mit Leichtverletzten,Zusammenstoß zwischen Fahrzeug und Fußgänger,Überschreiten-Unfall,Dunkelheit,0,1,1,0,0,0,"363266,1045","5640998,738",7.055295827,50.90443256,trocken,"5,21E+18","Fuss, PKW"
160382,5,3,15,0,2021,November,13,Samstag,Unfall mit Schwerverletzten,Zusammenstoß mit anfahrendem/ anhaltendem/ruhendem Fahrzeug,Fahrunfall,Tageslicht,0,1,0,1,0,0,"360950,0657","5645403,38",7.020697066,50.94346503,nass/feucht,"5,21E+18","Krad, PKW"
160391,5,3,15,0,2021,Februar,13,Samstag,Unfall mit Leichtverletzten,Zusammenstoß mit einbiegendem / kreuzendem Fahrzeug,Einbiegen / Kreuzen-Unfall,Tageslicht,1,0,0,0,0,1,"364647,5575","5645296,388",7.07333643,50.94338336,trocken,"5,21E+18","Rad, Sonstige"
160393,5,3,15,0,2021,März,20,Dienstag,Unfall mit Leichtverletzten,Abkommen von Fahrbahn nach rechts,Fahrunfall,Dunkelheit,0,1,0,0,0,0,"360943,3467","5648014,225",7.019604072,50.96692759,trocken,"5,21E+18",PKW
160397,5,3,15,0,2021,Juni,17,Freitag,Unfall mit Leichtverletzten,Zusammenstoß zwischen Fahrzeug und Fußgänger,Überschreiten-Unfall,Tageslicht,0,0,1,0,0,1,"363342,1463","5638697,484",7.057237644,50.88376808,trocken,"5,21E+18","Fuss, Sonstige"
160404,5,3,15,0,2021,Juni,16,Dienstag,Unfall mit Leichtverletzten,Zusammenstoß mit anfahrendem/ anhaltendem/ruhendem Fahrzeug,Einbiegen / Kreuzen-Unfall,Tageslicht,1,1,0,0,0,0,"362072,5401","5649650,146",7.035054919,50.98190148,trocken,"5,21E+18","Rad, PKW"
160411,5,3,15,0,2021,Januar,21,Montag,Unfall mit Leichtverletzten,Unfall anderer Art,Fahrunfall,Dunkelheit,1,0,0,0,0,0,"360815,269","5637503,899",7.021791996,50.87243774,winterglatt,"5,21E+18",Rad
160414,5,3,15,0,2021,April,13,Samstag,Unfall mit Leichtverletzten,Zusammenstoß mit anfahrendem/ anhaltendem/ruhendem Fahrzeug,Einbiegen / Kreuzen-Unfall,Tageslicht,0,1,0,0,0,1,"362407,2692","5640485,487",7.043282017,50.89961573,trocken,"5,21E+18","PKW, Sonstige"
160417,5,3,15,0,2021,Februar,17,Donnerstag,Unfall mit Leichtverletzten,Unfall anderer Art,Sonstiger Unfall,Dunkelheit,1,0,0,0,0,0,"365008,4373","5635867,13",7.081956439,50.85872158,trocken,"5,21E+18",Rad
160418,5,3,15,0,2021,Mai,21,Montag,Unfall mit Leichtverletzten,Unfall anderer Art,Unfall im Längsverkehr,Dämmerung,1,0,0,0,0,0,"363104,0871","5639021,383",7.053734088,50.88662276,trocken,"5,21E+18",Rad
160425,5,3,15,0,2021,September,15,Dienstag,Unfall mit Leichtverletzten,Zusammenstoß zwischen Fahrzeug und Fußgänger,Sonstiger Unfall,Tageslicht,0,1,1,0,0,0,"363660,1119","5638887,459",7.061684283,50.88555061,trocken,"5,21E+18","Fuss, PKW"
160432,5,3,15,0,2021,November,12,Sonntag,Unfall mit Leichtverletzten,Abkommen von Fahrbahn nach rechts,Sonstiger Unfall,Tageslicht,0,0,0,1,0,0,"363121,233","5641703,035",7.052972526,50.91072807,trocken,"5,21E+18",Krad
160443,5,3,15,0,2021,Juli,16,Montag,Unfall mit Leichtverletzten,Abkommen von Fahrbahn nach rechts,Unfall durch ruhenden Verkehr,Tageslicht,0,1,0,0,0,0,"362959,4206","5639754,313",7.051403702,50.89317564,trocken,"5,21E+18",PKW
160449,5,3,15,0,2021,Juli,21,Samstag,Unfall mit Leichtverletzten,Unfall anderer Art,Einbiegen / Kreuzen-Unfall,Tageslicht,1,1,0,0,0,0,"362360,738","5650870,268",7.038695855,50.99293599,trocken,"5,21E+18","Rad, PKW"
160450,5,3,15,0,2021,Dezember,7,Samstag,Unfall mit Leichtverletzten,Unfall anderer Art,Überschreiten-Unfall,Dunkelheit,0,0,1,1,0,0,"363538,9853","5643784,56",7.058132376,50.9295346,trocken,"5,21E+18","Fuss, Krad"
160451,5,3,15,0,2021,Januar,20,Freitag,Unfall mit Schwerverletzten,Zusammenstoß mit entgegenkommendem Fahrzeug,Fahrunfall,Dunkelheit,0,1,0,0,0,0,"364063,0921","5637188,43",7.068041611,50.87037542,nass/feucht,"5,21E+18",PKW
160452,5,3,15,0,2021,Juli,16,Samstag,Unfall mit Leichtverletzten,Zusammenstoß mit entgegenkommendem Fahrzeug,Unfall im Längsverkehr,Tageslicht,1,0,0,0,0,1,"365188,4415","5648489,333",7.079848228,50.97220673,trocken,"5,21E+18","Rad, Sonstige"
160455,5,3,15,0,2021,Juni,13,Freitag,Unfall mit Leichtverletzten,Unfall anderer Art,Einbiegen / Kreuzen-Unfall,Tageslicht,0,1,0,0,0,1,"361004,9925","5644396,975",7.021862371,50.93443348,trocken,"5,21E+18","PKW, Sonstige"
160457,5,3,15,0,2021,Mai,19,Montag,Unfall mit Leichtverletzten,Unfall anderer Art,Fahrunfall,Tageslicht,1,0,0,0,0,0,"364538,625","5644182,135",7.072201051,50.93334343,trocken,"5,21E+18",Rad
160461,5,3,15,0,2021,Juni,23,Sonntag,Unfall mit Leichtverletzten,Abkommen von Fahrbahn nach rechts,Fahrunfall,Dunkelheit,1,1,0,0,0,0,"364141,5576","5650029,352",7.064370702,50.9858015,nass/feucht,"5,21E+18","Rad, PKW"
160469,5,3,15,0,2021,April,13,Samstag,Unfall mit Schwerverletzten,Unfall anderer Art,Fahrunfall,Tageslicht,0,1,0,0,0,0,"365251,462","5647957,992",7.080942169,50.96744605,trocken,"5,21E+18",PKW
160473,5,3,15,0,2021,Mai,23,Sonntag,Unfall mit Schwerverletzten,Unfall anderer Art,Fahrunfall,Dunkelheit,1,0,0,0,0,0,"360849,9401","5647831,829",7.01834443,50.96526581,nass/feucht,"5,21E+18",Rad
160476,5,3,15,0,2021,September,20,Donnerstag,Unfall mit Leichtverletzten,Unfall anderer Art,Fahrunfall,Dunkelheit,1,0,0,0,0,1,"362181,0677","5648249,146",7.037131134,50.96933633,trocken,"5,21E+18","Rad, Sonstige"
160477,5,3,15,0,2021,November,9,Mittwoch,Unfall mit Leichtverletzten,Unfall anderer Art,Fahrunfall,Tageslicht,0,1,0,0,0,0,"363558,775","5638869,085",7.06025134,50.88536155,trocken,"5,21E+18",PKW
160478,5,3,15,0,2021,Juni,17,Dienstag,Unfall mit Schwerverletzten,Unfall anderer Art,Einbiegen / Kreuzen-Unfall,Tageslicht,1,1,0,0,0,0,"360078,8325","5637171,355",7.011459089,50.86927126,trocken,"5,21E+18","Rad, PKW"
160490,5,3,15,0,2021,November,13,Mittwoch,Unfall mit Leichtverletzten,Zusammenstoß zwischen Fahrzeug und Fußgänger,Überschreiten-Unfall,Tageslicht,0,1,1,0,0,0,"361352,7148","5652301,187",7.023794622,51.00555392,nass/feucht,"5,21E+18","Fuss, PKW"
160496,5,3,15,0,2021,Juni,11,Montag,Unfall mit Leichtverletzten,Zusammenstoß mit einbiegendem / kreuzendem Fahrzeug,Sonstiger Unfall,Tageslicht,1,1,0,0,0,0,"364761,3133","5647973,875",7.073959888,50.96747394,trocken,"5,21E+18","Rad, PKW"
160502,5,3,15,0,2021,Juni,18,Dienstag,Unfall mit Leichtverletzten,Zusammenstoß mit einbiegendem / kreuzendem Fahrzeug,Unfall durch ruhenden Verkehr,Tageslicht,1,1,0,0,0,0,"365127,0956","5648106,56",7.079116944,50.96875221,trocken,"5,21E+18","Rad, PKW"
160506,5,3,15,0,2021,Mai,16,Sonntag,Unfall mit Leichtverletzten,Zusammenstoß zwischen Fahrzeug und Fußgänger,Überschreiten-Unfall,Tageslicht,0,1,1,0,0,0,"364316,8851","5638584,205",7.071128408,50.88297971,trocken,"5,21E+18","Fuss, PKW"
160511,5,3,15,0,2021,Juni,19,Mittwoch,Unfall mit Leichtverletzten,Unfall anderer Art,Fahrunfall,Tageslicht,1,0,0,0,0,0,"364876,5934","5648715,621",7.075325091,50.97416741,trocken,"5,21E+18",Rad
160513,5,3,15,0,2021,März,16,Dienstag,Unfall mit Schwerverletzten,Zusammenstoß zwischen Fahrzeug und Fußgänger,Sonstiger Unfall,Tageslicht,0,1,1,0,0,0,"360790,5046","5637846,891",7.021309679,50.87551436,trocken,"5,21E+18","Fuss, PKW"
160518,5,3,15,0,2021,September,14,Freitag,Unfall mit Leichtverletzten,Zusammenstoß mit vorausfahrendem / wartendem Fahrzeug,Unfall im Längsverkehr,Tageslicht,0,1,0,0,0,0,"365341,743","5645634,199",7.08308693,50.94658201,trocken,"5,21E+18",PKW
160519,5,3,15,0,2021,März,14,Mittwoch,Unfall mit Leichtverletzten,Zusammenstoß mit einbiegendem / kreuzendem Fahrzeug,Abbiegeunfall,Tageslicht,0,0,0,1,0,1,"363079,8788","5640934,753",7.052672856,50.90381337,trocken,"5,21E+18","Krad, Sonstige"
160520,5,3,15,0,2021,Oktober,13,Sonntag,Unfall mit Leichtverletzten,Zusammenstoß zwischen Fahrzeug und Fußgänger,Überschreiten-Unfall,Tageslicht,0,1,1,0,0,0,"364625,298","5640476,231",7.074809037,50.90005681,trocken,"5,21E+18","Fuss, PKW"
160522,5,3,15,0,2021,Juli,22,Sonntag,Unfall mit Leichtverletzten,Unfall anderer Art,Sonstiger Unfall,Dunkelheit,1,0,0,0,0,0,"360898,8001","5644792,221",7.020201155,50.93796004,nass/feucht,"5,21E+18",Rad
160523,5,3,15,0,2021,November,22,Mittwoch,Unfall mit Schwerverletzten,Unfall anderer Art,Sonstiger Unfall,Dunkelheit,0,0,1,0,0,1,"361367,4816","5647143,284",7.02597247,50.95920247,trocken,"5,21E+18","Fuss, Sonstige"
160524,5,3,15,0,2021,Dezember,7,Mittwoch,Unfall mit Leichtverletzten,Zusammenstoß mit einbiegendem / kreuzendem Fahrzeug,Einbiegen / Kreuzen-Unfall,Dunkelheit,1,1,0,0,0,0,"365859,7056","5648295,61",7.089474954,50.97062237,trocken,"5,21E+18","Rad, PKW"
160527,5,3,15,0,2021,Juni,11,Donnerstag,Unfall mit Leichtverletzten,Unfall anderer Art,Fahrunfall,Tageslicht,1,1,0,0,0,0,"360477,0153","5648796,505",7.012666897,50.97384528,trocken,"5,21E+18","Rad, PKW"
160537,5,3,15,0,2021,Oktober,8,Mittwoch,Unfall mit Leichtverletzten,Zusammenstoß zwischen Fahrzeug und Fußgänger,Abbiegeunfall,Tageslicht,0,1,1,0,0,0,"364824,869","5639758,434",7.077911149,50.89365229,nass/feucht,"5,21E+18","Fuss, PKW"
160539,5,3,15,0,2021,Dezember,17,Montag,Unfall mit Leichtverletzten,Zusammenstoß mit einbiegendem / kreuzendem Fahrzeug,Einbiegen / Kreuzen-Unfall,Dämmerung,0,1,0,0,0,1,"361136,6587","5645371,099",7.023363736,50.94321989,trocken,"5,21E+18","PKW, Sonstige"
160542,5,3,15,0,2021,November,11,Samstag,Unfall mit Leichtverletzten,Unfall anderer Art,Fahrunfall,Tageslicht,1,0,0,0,0,0,"364430,4671","5649480,358",7.06868921,50.98093558,nass/feucht,"5,21E+18",Rad
160545,5,3,15,0,2021,Mai,16,Dienstag,Unfall mit Leichtverletzten,Zusammenstoß mit einbiegendem / kreuzendem Fahrzeug,Einbiegen / Kreuzen-Unfall,Tageslicht,1,1,0,0,0,0,"365481,5344","5645307,012",7.085196573,50.94367404,trocken,"5,21E+18","Rad, PKW"
160547,5,3,15,0,2021,Oktober,16,Freitag,Unfall mit Leichtverletzten,Zusammenstoß mit anfahrendem/ anhaltendem/ruhendem Fahrzeug,Sonstiger Unfall,Tageslicht,1,1,0,0,0,0,"363913,737","5639872,561",7.064920886,50.89446405,trocken,"5,21E+18","Rad, PKW"
160550,5,3,15,0,2021,Dezember,11,Donnerstag,Unfall mit Leichtverletzten,Unfall anderer Art,Fahrunfall,Tageslicht,0,0,0,1,0,0,"361073,7031","5648840,539",7.02114372,50.97438526,nass/feucht,"5,21E+18",Krad
160552,5,3,15,0,2021,April,15,Samstag,Unfall mit Schwerverletzten,Zusammenstoß mit seitlich in gleicher Richtung fahrendem Fahrzeug,Abbiegeunfall,Tageslicht,1,1,0,0,0,0,"362740,4985","5649597,966",7.044584566,50.98159216,trocken,"5,21E+18","Rad, PKW"
160554,5,3,15,0,2021,Dezember,7,Mittwoch,Unfall mit Leichtverletzten,Unfall anderer Art,Fahrunfall,Dämmerung,0,0,0,0,0,1,"363543,1335","5640187,132",7.059536784,50.89720381,trocken,"5,21E+18",Sonstige
160557,5,3,15,0,2021,November,23,Sonntag,Unfall mit Leichtverletzten,Unfall anderer Art,Sonstiger Unfall,Dunkelheit,0,0,0,0,0,1,"363317,5717","5644167,444",7.054839976,50.93292331,nass/feucht,"5,21E+18",Sonstige
160559,5,3,15,0,2021,Mai,11,Freitag,Unfall mit Leichtverletzten,Zusammenstoß zwischen Fahrzeug und Fußgänger,Unfall durch ruhenden Verkehr,Tageslicht,0,0,1,0,0,1,"363481,6756","5647978,357",7.055745053,50.96721238,trocken,"5,21E+18","Fuss, Sonstige"
160560,5,3,15,0,2021,Januar,14,Sonntag,Unfall mit Schwerverletzten,Zusammenstoß mit anfahrendem/ anhaltendem/ruhendem Fahrzeug,Sonstiger Unfall,Tageslicht,0,1,0,0,0,0,"363904,7353","5639224,536",7.065034379,50.88863778,trocken,"5,21E+18",PKW
160566,5,3,15,0,2021,März,7,Samstag,Unfall mit Leichtverletzten,Zusammenstoß zwischen Fahrzeug und Fußgänger,Überschreiten-Unfall,Tageslicht,0,1,1,0,0,0,"362381,1858","5636776,043",7.044308005,50.86627113,trocken,"5,21E+18","Fuss, PKW"
160569,5,3,15,0,2021,Januar,0,Donnerstag,Unfall mit Schwerverletzten,Abkommen von Fahrbahn nach links,Fahrunfall,Dunkelheit,0,1,0,0,0,0,"365371,3194","5649168,794",7.08219984,50.97835616,nass/feucht,"5,21E+18",PKW
160571,5,3,15,0,2021,September,10,Freitag,Unfall mit Leichtverletzten,Zusammenstoß mit einbiegendem / kreuzendem Fahrzeug,Abbiegeunfall,Tageslicht,1,1,0,0,0,0,"364781,8139","5648848,18",7.073926585,50.97533653,trocken,"5,21E+18","Rad, PKW"
160576,5,3,15,0,2021,Januar,19,Sonntag,Unfall mit Leichtverletzten,Zusammenstoß mit einbiegendem / kreuzendem Fahrzeug,Einbiegen / Kreuzen-Unfall,Dunkelheit,0,1,0,0,0,1,"362445,414","5651268,962",7.039750691,50.9965394,trocken,"5,21E+18","PKW, Sonstige"
160578,5,3,15,0,2021,Mai,19,Sonntag,Unfall mit Leichtverletzten,Zusammenstoß mit anfahrendem/ anhaltendem/ruhendem Fahrzeug,Unfall durch ruhenden Verkehr,Tageslicht,1,1,0,0,0,0,"360127,8127","5636734,593",7.012321735,50.86535781,nass/feucht,"5,21E+18","Rad, PKW"
160580,5,3,15,0,2021,Juni,12,Montag,Unfall mit Leichtverletzten,Abkommen von Fahrbahn nach links,Sonstiger Unfall,Tageslicht,0,1,0,0,0,0,"361943,0493","5646212,282",7.034516082,50.9509735,trocken,"5,21E+18",PKW
160585,5,3,15,0,2021,Dezember,11,Mittwoch,Unfall mit Leichtverletzten,Zusammenstoß mit anfahrendem/ anhaltendem/ruhendem Fahrzeug,Unfall durch ruhenden Verkehr,Tageslicht,0,1,0,0,0,0,"360854,4278","5648440,631",7.018175401,50.9707383,trocken,"5,21E+18",PKW
160586,5,3,15,0,2021,Juni,14,Mittwoch,Unfall mit Leichtverletzten,Zusammenstoß mit anfahrendem/ anhaltendem/ruhendem Fahrzeug,Unfall durch ruhenden Verkehr,Tageslicht,0,1,0,0,0,1,"363434,1511","5640402,428",7.057907455,50.89911302,trocken,"5,21E+18","PKW, Sonstige"
160587,5,3,15,0,2021,November,12,Mittwoch,Unfall mit Leichtverletzten,Abkommen von Fahrbahn nach rechts,Fahrunfall,Tageslicht,0,1,0,0,0,0,"364231,2053","5649458,735",7.06586035,50.98069429,nass/feucht,"5,21E+18",PKW
160588,5,3,15,0,2021,September,15,Donnerstag,Unfall mit Leichtverletzten,Zusammenstoß mit seitlich in gleicher Richtung fahrendem Fahrzeug,Unfall im Längsverkehr,Tageslicht,1,1,0,0,0,0,"365084,8939","5648512,068",7.078365828,50.97238682,nass/feucht,"5,21E+18","Rad, PKW"
160589,5,3,15,0,2021,Oktober,7,Mittwoch,Unfall mit Leichtverletzten,Zusammenstoß mit einbiegendem / kreuzendem Fahrzeug,Einbiegen / Kreuzen-Unfall,Dämmerung,1,1,0,0,0,0,"362772,216","5636495,71",7.049966611,50.86384459,nass/feucht,"5,21E+18","Rad, PKW"
160606,5,3,15,0,2021,Februar,14,Samstag,Unfall mit Leichtverletzten,Zusammenstoß mit einbiegendem / kreuzendem Fahrzeug,Einbiegen / Kreuzen-Unfall,Tageslicht,1,1,0,0,0,0,"363735,0612","5643727,086",7.06094235,50.92906441,trocken,"5,21E+18","Rad, PKW"
160607,5,3,15,0,2021,Juni,20,Sonntag,Unfall mit Leichtverletzten,Unfall anderer Art,Fahrunfall,Dämmerung,0,1,1,0,0,0,"360548,5984","5649076,121",7.013578607,50.97637556,trocken,"5,21E+18","Fuss, PKW"
160608,5,3,15,0,2021,Oktober,13,Dienstag,Unfall mit Leichtverletzten,Unfall anderer Art,Fahrunfall,Tageslicht,0,0,0,1,0,0,"365406,5583","5649009,115",7.082760642,50.97692929,trocken,"5,21E+18",Krad
160613,5,3,15,0,2021,März,8,Mittwoch,Unfall mit Leichtverletzten,Zusammenstoß zwischen Fahrzeug und Fußgänger,Sonstiger Unfall,Tageslicht,0,1,1,0,0,0,"360791,6297","5645220,589",7.018513112,50.94178402,nass/feucht,"5,21E+18","Fuss, PKW"