OBJECTID,ULAND,UREGBEZ,UKREIS,UGEMEINDE,UJAHR,UMONAT,USTUNDE,UWOCHENTAG,UKATEGORIE,UART,UTYP1,ULICHTVERH,IstRad,IstPKW,IstFuss,IstKrad,IstGkfz,IstSonstige,LINREFX,LINREFY,XGCSWGS84,YGCSWGS84,USTRZUSTAND,UIDENTSTLAE,Participants
160614,5,3,15,0,2021,Juni,23,Donnerstag,Unfall mit Leichtverletzten,Unfall anderer Art,Abbiegeunfall,Dunkelheit,0,1,0,0,0,0,"361008,1044","5638111,261",7.024300124,50.87794271,trocken,"5,21E+18",PKW
160617,5,3,15,0,2021,Februar,8,Dienstag,Unfall mit Leichtverletzten,Zusammenstoß mit anfahrendem/ anhaltendem/ruhendem Fahrzeug,Unfall im Längsverkehr,Tageslicht,0,1,0,0,0,0,"362331,6191","5648426,403",7.039206901,50.97096539,winterglatt,"5,21E+18",PKW
160620,5,3,15,0,2021,Februar,13,Mittwoch,Unfall mit Leichtverletzten,Zusammenstoß mit anfahrendem/ anhaltendem/ruhendem Fahrzeug,Unfall durch ruhenden Verkehr,Tageslicht,1,1,0,0,0,0,"365086,3114","5642628,24",7.080565689,50.91950608,nass/feucht,"5,21E+18","Rad, PKW"
160621,5,3,15,0,2021,September,14,Donnerstag,Unfall mit Leichtverletzten,Unfall anderer Art,Sonstiger Unfall,Tageslicht,0,1,0,1,0,0,"363029,4515","5645849,52",7.050109776,50.94797242,trocken,"5,21E+18","Krad, PKW"
160622,5,3,15,0,2021,Dezember,21,Dienstag,Unfall mit Leichtverletzten,Abkommen von Fahrbahn nach rechts,Fahrunfall,Dunkelheit,0,0,0,1,0,0,"361059,4659","5646123,916",7.021978427,50.94996702,nass/feucht,"5,21E+18",Krad
160624,5,3,15,0,2021,November,14,Freitag,Unfall mit Leichtverletzten,Unfall anderer Art,Fahrunfall,Tageslicht,1,0,0,0,0,0,"364442,489","5640295,192",7.072278053,50.89838682,trocken,"5,21E+18",Rad
160640,5,3,15,0,2021,März,8,Dienstag,Unfall mit Leichtverletzten,Zusammenstoß mit entgegenkommendem Fahrzeug,Unfall im Längsverkehr,Tageslicht,1,1,0,0,0,0,"361960,7059","5647387,768",7.034321486,50.96154214,trocken,"5,21E+18","Rad, PKW"
160647,5,3,15,0,2021,Februar,5,Samstag,Unfall mit Leichtverletzten,Zusammenstoß mit einbiegendem / kreuzendem Fahrzeug,Abbiegeunfall,Dunkelheit,0,1,0,0,0,0,"361838,2754","5648434,821",7.032181496,50.97092291,trocken,"5,21E+18",PKW
160648,5,3,15,0,2021,Juni,18,Mittwoch,Unfall mit Leichtverletzten,Unfall anderer Art,Fahrunfall,Tageslicht,0,0,0,0,0,1,"364203,4367","5639545,399",7.069159394,50.89159185,nass/feucht,"5,21E+18",Sonstige
160653,5,3,15,0,2021,Dezember,18,Sonntag,Unfall mit Leichtverletzten,Zusammenstoß mit einbiegendem / kreuzendem Fahrzeug,Abbiegeunfall,Dunkelheit,0,1,0,0,0,0,"364633,718","5639700,169",7.075216355,50.89308386,nass/feucht,"5,21E+18",PKW
160655,5,3,15,0,2021,September,23,Dienstag,Unfall mit Leichtverletzten,Unfall anderer Art,Unfall im Längsverkehr,Dunkelheit,1,0,1,0,0,0,"360995,1665","5644240,93",7.021782137,50.9330287,trocken,"5,21E+18","Rad, Fuss"
160665,5,3,15,0,2021,Juni,11,Samstag,Unfall mit Schwerverletzten,Aufprall auf Fahrbahnhindernis,Fahrunfall,Tageslicht,1,0,0,0,0,0,"364174,4699","5649273,891",7.065121673,50.97901964,trocken,"5,21E+18",Rad
160667,5,3,15,0,2021,September,19,Freitag,Unfall mit Schwerverletzten,Zusammenstoß mit entgegenkommendem Fahrzeug,Abbiegeunfall,Tageslicht,0,1,0,0,0,1,"365323,5773","5635623,749",7.086521022,50.85660762,trocken,"5,21E+18","PKW, Sonstige"
160668,5,3,15,0,2021,November,18,Donnerstag,Unfall mit Leichtverletzten,Zusammenstoß mit einbiegendem / kreuzendem Fahrzeug,Abbiegeunfall,Dämmerung,0,1,1,0,0,0,"363347,5914","5639256,402",7.057105998,50.88879264,trocken,"5,21E+18","Fuss, PKW"
160670,5,3,15,0,2021,Dezember,1,Sonntag,Unfall mit Leichtverletzten,Zusammenstoß mit anfahrendem/ anhaltendem/ruhendem Fahrzeug,Unfall durch ruhenden Verkehr,Dunkelheit,0,1,0,1,0,0,"364821,4148","5636036,908",7.079237993,50.86020379,nass/feucht,"5,21E+18","Krad, PKW"
160680,5,3,15,0,2021,Dezember,15,Dienstag,Unfall mit Leichtverletzten,Zusammenstoß mit einbiegendem / kreuzendem Fahrzeug,Einbiegen / Kreuzen-Unfall,Tageslicht,1,1,0,0,0,0,"363797,5525","5639455,629",7.063425263,50.89068947,trocken,"5,21E+18","Rad, PKW"
160685,5,3,15,0,2021,Mai,12,Samstag,Unfall mit Leichtverletzten,Unfall anderer Art,Sonstiger Unfall,Tageslicht,0,0,0,0,0,1,"364525,6146","5649265,152",7.070124059,50.97902382,nass/feucht,"5,21E+18",Sonstige
160690,5,3,15,0,2021,Oktober,11,Donnerstag,Unfall mit Leichtverletzten,Zusammenstoß zwischen Fahrzeug und Fußgänger,Überschreiten-Unfall,Tageslicht,0,1,1,0,0,0,"364734,3866","5648932,22",7.073220163,50.9760807,trocken,"5,21E+18","Fuss, PKW"
160692,5,3,15,0,2021,September,16,Samstag,Unfall mit Leichtverletzten,Unfall anderer Art,Sonstiger Unfall,Tageslicht,0,1,0,1,0,0,"360793,0612","5645191,689",7.018544519,50.94152463,trocken,"5,21E+18","Krad, PKW"
160693,5,3,15,0,2021,September,11,Samstag,Unfall mit Leichtverletzten,Zusammenstoß mit seitlich in gleicher Richtung fahrendem Fahrzeug,Fahrunfall,Tageslicht,1,0,0,0,0,0,"361045,756","5640184,187",7.024046713,50.89658183,trocken,"5,21E+18",Rad
160695,5,3,15,0,2021,Oktober,14,Donnerstag,Unfall mit Leichtverletzten,Zusammenstoß mit einbiegendem / kreuzendem Fahrzeug,Einbiegen / Kreuzen-Unfall,Tageslicht,1,1,0,0,0,0,"362768,8349","5643761,143",7.047188584,50.92914143,nass/feucht,"5,21E+18","Rad, PKW"
160706,5,3,15,0,2021,September,15,Montag,Unfall mit Leichtverletzten,Unfall anderer Art,Sonstiger Unfall,Tageslicht,1,0,1,0,0,0,"361105,4795","5639525,511",7.02514591,50.89067646,trocken,"5,21E+18","Rad, Fuss"
160709,5,3,15,0,2021,Dezember,12,Dienstag,Unfall mit Leichtverletzten,Unfall anderer Art,Unfall im Längsverkehr,Tageslicht,1,0,0,0,0,0,"363688,2903","5640848,607",7.061352761,50.9031831,nass/feucht,"5,21E+18",Rad
160714,5,3,15,0,2021,Juni,14,Freitag,Unfall mit Leichtverletzten,Zusammenstoß mit anfahrendem/ anhaltendem/ruhendem Fahrzeug,Unfall durch ruhenden Verkehr,Tageslicht,0,1,0,0,0,0,"364601,4511","5639817,439",7.074714358,50.89413027,trocken,"5,21E+18",PKW
160718,5,3,15,0,2021,November,7,Mittwoch,Unfall mit Leichtverletzten,Zusammenstoß mit vorausfahrendem / wartendem Fahrzeug,Unfall im Längsverkehr,Dunkelheit,0,1,0,0,0,0,"363600,2183","5643367,161",7.059159365,50.92579773,nass/feucht,"5,21E+18",PKW
160719,5,3,15,0,2021,Juli,8,Samstag,Unfall mit Leichtverletzten,Zusammenstoß mit einbiegendem / kreuzendem Fahrzeug,Einbiegen / Kreuzen-Unfall,Tageslicht,0,1,0,0,0,0,"364381,5149","5648863,957",7.068222227,50.9753842,trocken,"5,21E+18",PKW
160721,5,3,15,0,2021,Juli,18,Montag,Unfall mit Leichtverletzten,Zusammenstoß zwischen Fahrzeug und Fußgänger,Überschreiten-Unfall,Tageslicht,0,1,1,0,0,0,"363021,154","5646207,007",7.049857242,50.95118331,trocken,"5,21E+18","Fuss, PKW"
160728,5,3,15,0,2021,April,17,Dienstag,Unfall mit Leichtverletzten,Zusammenstoß mit seitlich in gleicher Richtung fahrendem Fahrzeug,Unfall durch ruhenden Verkehr,Tageslicht,1,1,0,0,0,0,"363209,7572","5636619,98",7.056133867,50.86506515,nass/feucht,"5,21E+18","Rad, PKW"
160743,5,3,15,0,2021,September,12,Mittwoch,Unfall mit Leichtverletzten,Unfall anderer Art,Sonstiger Unfall,Tageslicht,0,0,0,0,0,1,"361204,985","5645601,303",7.024247977,50.94530524,trocken,"5,21E+18",Sonstige
160746,5,3,15,0,2021,Oktober,18,Samstag,Unfall mit Leichtverletzten,Unfall anderer Art,Sonstiger Unfall,Tageslicht,1,0,1,0,0,0,"363753,0794","5643773,083",7.061181401,50.92948206,trocken,"5,21E+18","Rad, Fuss"
160752,5,3,15,0,2021,März,15,Dienstag,Unfall mit Leichtverletzten,Zusammenstoß mit einbiegendem / kreuzendem Fahrzeug,Einbiegen / Kreuzen-Unfall,Tageslicht,1,1,0,0,0,0,"360690,8478","5643954,474",7.017563544,50.93038083,trocken,"5,21E+18","Rad, PKW"
160766,5,3,15,0,2021,Februar,15,Mittwoch,Unfall mit Leichtverletzten,Zusammenstoß mit einbiegendem / kreuzendem Fahrzeug,Einbiegen / Kreuzen-Unfall,Tageslicht,1,1,0,0,0,0,"360692,9391","5643952,473",7.01759405,50.93036335,trocken,"5,21E+18","Rad, PKW"
160777,5,3,15,0,2021,Dezember,21,Freitag,Unfall mit Leichtverletzten,Zusammenstoß mit entgegenkommendem Fahrzeug,Unfall im Längsverkehr,Dunkelheit,1,1,0,0,0,0,"362418,8951","5642582,099",7.042656864,50.91846157,nass/feucht,"5,21E+18","Rad, PKW"
160778,5,3,15,0,2021,Januar,20,Sonntag,Unfall mit Schwerverletzten,Abkommen von Fahrbahn nach rechts,Fahrunfall,Dunkelheit,0,1,0,0,0,0,"360662,1601","5648267,639",7.015505001,50.96913711,trocken,"5,21E+18",PKW
160789,5,3,15,0,2021,März,20,Mittwoch,Unfall mit Leichtverletzten,Zusammenstoß mit vorausfahrendem / wartendem Fahrzeug,Sonstiger Unfall,Dunkelheit,0,1,1,0,0,1,"363676,5422","5639023,34",7.061867036,50.88677572,trocken,"5,21E+18","Fuss, PKW, Sonstige"
160792,5,3,15,0,2021,Februar,9,Mittwoch,Unfall mit Leichtverletzten,Unfall anderer Art,Fahrunfall,Tageslicht,1,1,0,0,0,0,"363286,2014","5648335,427",7.052828667,50.97037513,nass/feucht,"5,21E+18","Rad, PKW"
160795,5,3,15,0,2021,März,15,Dienstag,Unfall mit Leichtverletzten,Unfall anderer Art,Fahrunfall,Tageslicht,0,0,0,0,0,1,"360706,8007","5640615,45",7.019065284,50.90037605,trocken,"5,21E+18",Sonstige
160796,5,3,15,0,2021,Mai,11,Freitag,Unfall mit Leichtverletzten,Zusammenstoß zwischen Fahrzeug und Fußgänger,Sonstiger Unfall,Tageslicht,0,1,1,0,0,0,"361397,5606","5647969,614",7.026085712,50.96663612,trocken,"5,21E+18","Fuss, PKW"
160798,5,3,15,0,2021,Mai,18,Dienstag,Unfall mit Leichtverletzten,Zusammenstoß mit einbiegendem / kreuzendem Fahrzeug,Einbiegen / Kreuzen-Unfall,Tageslicht,0,1,0,0,0,0,"362404,7435","5650141,307",7.039598622,50.98639516,trocken,"5,21E+18",PKW
160801,5,3,15,0,2021,Mai,12,Montag,Unfall mit Leichtverletzten,Zusammenstoß zwischen Fahrzeug und Fußgänger,Sonstiger Unfall,Tageslicht,0,1,1,0,0,0,"365058,8092","5643645,976",7.079798017,50.92864662,trocken,"5,21E+18","Fuss, PKW"
160802,5,3,15,0,2021,September,17,Montag,Unfall mit Schwerverletzten,Unfall anderer Art,Fahrunfall,Tageslicht,0,0,0,0,0,1,"361945,4365","5648244,445",7.033779081,50.96923765,trocken,"5,21E+18",Sonstige
160814,5,3,15,0,2021,Oktober,15,Mittwoch,Unfall mit Leichtverletzten,Abkommen von Fahrbahn nach rechts,Fahrunfall,Tageslicht,0,1,0,0,0,0,"361797,9961","5649991,06",7.031016526,50.98489952,nass/feucht,"5,21E+18",PKW
160816,5,3,15,0,2021,März,17,Mittwoch,Unfall mit Leichtverletzten,Unfall anderer Art,Fahrunfall,Tageslicht,0,0,0,1,0,0,"364240,54","5642630,005",7.068539421,50.91932358,trocken,"5,21E+18",Krad
160819,5,3,15,0,2021,April,14,Samstag,Unfall mit Leichtverletzten,Zusammenstoß mit einbiegendem / kreuzendem Fahrzeug,Einbiegen / Kreuzen-Unfall,Tageslicht,1,1,0,0,0,0,"365301,7043","5637344,207",7.08557706,50.87206546,trocken,"5,21E+18","Rad, PKW"
160831,5,3,15,0,2021,Mai,15,Samstag,Unfall mit Leichtverletzten,Zusammenstoß mit anfahrendem/ anhaltendem/ruhendem Fahrzeug,Unfall durch ruhenden Verkehr,Tageslicht,0,1,0,0,0,0,"361058,585","5645131,315",7.022344571,50.94104608,trocken,"5,21E+18",PKW
160835,5,3,15,0,2021,November,8,Mittwoch,Unfall mit Schwerverletzten,Zusammenstoß zwischen Fahrzeug und Fußgänger,Überschreiten-Unfall,Tageslicht,0,0,1,0,0,1,"362428,6426","5645307,722",7.041766748,50.94296003,nass/feucht,"5,21E+18","Fuss, Sonstige"
160836,5,3,15,0,2021,Oktober,7,Samstag,Unfall mit Leichtverletzten,Zusammenstoß mit einbiegendem / kreuzendem Fahrzeug,Fahrunfall,Dunkelheit,0,1,0,0,0,1,"360319,445","5638469,76",7.014380466,50.8809986,trocken,"5,21E+18","PKW, Sonstige"
160838,5,3,15,0,2021,Juni,5,Samstag,Unfall mit Leichtverletzten,Zusammenstoß mit anfahrendem/ anhaltendem/ruhendem Fahrzeug,Einbiegen / Kreuzen-Unfall,Tageslicht,0,1,0,1,1,0,"363311,8945","5640351,194",7.0561891,50.89862363,trocken,"5,21E+18","Krad, PKW, Gkfz"
160842,5,3,15,0,2021,September,11,Dienstag,Unfall mit Leichtverletzten,Unfall anderer Art,Fahrunfall,Tageslicht,0,0,0,0,0,1,"361064,4075","5648821,423",7.021018704,50.97421122,trocken,"5,21E+18",Sonstige
160843,5,3,15,0,2021,Mai,2,Montag,Unfall mit Leichtverletzten,Unfall anderer Art,Sonstiger Unfall,Dunkelheit,0,1,0,0,0,0,"361426,7016","5641225,868",7.029065045,50.90603529,trocken,"5,21E+18",PKW
160848,5,3,15,0,2021,Juni,16,Dienstag,Unfall mit Leichtverletzten,Zusammenstoß mit seitlich in gleicher Richtung fahrendem Fahrzeug,Unfall im Längsverkehr,Tageslicht,1,1,0,0,0,0,"363136,4051","5638449,377",7.05440748,50.88148952,trocken,"5,21E+18","Rad, PKW"
160851,5,3,15,0,2021,April,8,Donnerstag,Unfall mit Leichtverletzten,Zusammenstoß mit einbiegendem / kreuzendem Fahrzeug,Einbiegen / Kreuzen-Unfall,Tageslicht,0,1,0,0,0,0,"360902,6954","5648337,719",7.018901788,50.96982507,trocken,"5,21E+18",PKW
160855,5,3,15,0,2021,Juni,16,Freitag,Unfall mit Leichtverletzten,Unfall anderer Art,Einbiegen / Kreuzen-Unfall,Tageslicht,1,0,0,0,0,1,"363399,204","5639031,145",7.057923574,50.88678035,trocken,"5,21E+18","Rad, Sonstige"
160861,5,3,15,0,2021,März,18,Donnerstag,Unfall mit Schwerverletzten,Zusammenstoß mit einbiegendem / kreuzendem Fahrzeug,Einbiegen / Kreuzen-Unfall,Tageslicht,0,1,0,1,0,1,"364363,1574","5640239,955",7.071171101,50.89787175,trocken,"5,21E+18","Krad, PKW, Sonstige"
160877,5,3,15,0,2021,März,11,Donnerstag,Unfall mit Leichtverletzten,Zusammenstoß zwischen Fahrzeug und Fußgänger,Sonstiger Unfall,Tageslicht,0,0,1,0,1,0,"362724,039","5647121,73",7.045284922,50.95933355,trocken,"5,21E+18","Fuss, Gkfz"
160881,5,3,15,0,2021,September,20,Sonntag,Unfall mit Leichtverletzten,Unfall anderer Art,Sonstiger Unfall,Tageslicht,1,0,0,0,0,0,"362229,2099","5640377,27",7.04079223,50.89860068,trocken,"5,21E+18",Rad
160882,5,3,15,0,2021,Juni,9,Mittwoch,Unfall mit Leichtverletzten,Unfall anderer Art,Sonstiger Unfall,Tageslicht,0,0,1,0,0,1,"363690,5251","5639997,338",7.061702297,50.89553284,trocken,"5,21E+18","Fuss, Sonstige"
160887,5,3,15,0,2021,Dezember,8,Freitag,Unfall mit Leichtverletzten,Zusammenstoß mit einbiegendem / kreuzendem Fahrzeug,Abbiegeunfall,Tageslicht,1,0,0,0,0,1,"364821,607","5649169,904",7.074373436,50.97823735,trocken,"5,21E+18","Rad, Sonstige"
160891,5,3,15,0,2021,April,22,Dienstag,Unfall mit Schwerverletzten,Abkommen von Fahrbahn nach rechts,Sonstiger Unfall,Dunkelheit,0,1,0,0,0,0,"363548,5062","5643431,901",7.058399774,50.92636734,nass/feucht,"5,21E+18",PKW
160894,5,3,15,0,2021,September,20,Samstag,Unfall mit Schwerverletzten,Unfall anderer Art,Fahrunfall,Dämmerung,1,0,0,0,0,0,"363023,1739","5645961,417",7.049978373,50.94897659,trocken,"5,21E+18",Rad
160909,5,3,15,0,2021,März,16,Dienstag,Unfall mit Leichtverletzten,Zusammenstoß mit einbiegendem / kreuzendem Fahrzeug,Abbiegeunfall,Tageslicht,1,1,0,0,0,0,"364951,2467","5638374,706",7.080218477,50.88124544,trocken,"5,21E+18","Rad, PKW"
160913,5,3,15,0,2021,Juni,19,Sonntag,Unfall mit Leichtverletzten,Zusammenstoß mit einbiegendem / kreuzendem Fahrzeug,Einbiegen / Kreuzen-Unfall,Tageslicht,1,1,0,0,0,0,"364443,7356","5640296,383",7.072295328,50.89839782,trocken,"5,21E+18","Rad, PKW"
160916,5,3,15,0,2021,September,10,Samstag,Unfall mit Schwerverletzten,Unfall anderer Art,Sonstiger Unfall,Tageslicht,1,0,1,0,0,0,"363282,1196","5638710,895",7.056379798,50.8838744,trocken,"5,21E+18","Rad, Fuss"
160917,5,3,15,0,2021,April,12,Mittwoch,Unfall mit Leichtverletzten,Unfall anderer Art,Unfall im Längsverkehr,Tageslicht,1,1,0,0,0,0,"364108,9231","5648671,591",7.064413637,50.97359106,trocken,"5,21E+18","Rad, PKW"
160921,5,3,15,0,2021,September,7,Samstag,Unfall mit Leichtverletzten,Unfall anderer Art,Sonstiger Unfall,Tageslicht,1,0,0,0,0,0,"361042,1706","5647022,201",7.021389458,50.95803592,trocken,"5,21E+18",Rad
160926,5,3,15,0,2021,November,14,Donnerstag,Unfall mit Leichtverletzten,Unfall anderer Art,Sonstiger Unfall,Tageslicht,0,1,1,0,0,0,"365073,4451","5640069,231",7.081328781,50.89650374,trocken,"5,21E+18","Fuss, PKW"
160929,5,3,15,0,2021,Juni,18,Freitag,Unfall mit Leichtverletzten,Unfall anderer Art,Sonstiger Unfall,Tageslicht,1,0,0,0,0,0,"362691,3247","5646150,476",7.045185761,50.95059677,trocken,"5,21E+18",Rad
160930,5,3,15,0,2021,September,12,Sonntag,Unfall mit Leichtverletzten,Zusammenstoß mit einbiegendem / kreuzendem Fahrzeug,Einbiegen / Kreuzen-Unfall,Tageslicht,1,0,0,0,0,0,"360605,4551","5636916,102",7.019035857,50.86710445,trocken,"5,21E+18",Rad
160938,5,3,15,0,2021,Juli,15,Dienstag,Unfall mit Leichtverletzten,Zusammenstoß mit einbiegendem / kreuzendem Fahrzeug,Einbiegen / Kreuzen-Unfall,Tageslicht,0,1,0,0,0,0,"362940,5794","5641509,238",7.050477197,50.90894347,trocken,"5,21E+18",PKW
160943,5,3,15,0,2021,Februar,15,Samstag,Unfall mit Leichtverletzten,Zusammenstoß mit anfahrendem/ anhaltendem/ruhendem Fahrzeug,Unfall durch ruhenden Verkehr,Tageslicht,1,1,0,0,0,0,"364266,5421","5648461,212",7.066735869,50.97173747,trocken,"5,21E+18","Rad, PKW"
160949,5,3,15,0,2021,Juni,10,Dienstag,Unfall mit Leichtverletzten,Unfall anderer Art,Fahrunfall,Tageslicht,0,0,0,0,0,1,"364590,9636","5649359,09",7.071019417,50.97988345,trocken,"5,21E+18",Sonstige
160956,5,3,15,0,2021,März,16,Donnerstag,Unfall mit Leichtverletzten,Abkommen von Fahrbahn nach rechts,Fahrunfall,Tageslicht,0,1,0,0,0,0,"361091,1699","5648968,199",7.021343584,50.97553678,trocken,"5,21E+18",PKW
160965,5,3,15,0,2021,September,6,Freitag,Unfall mit Leichtverletzten,Unfall anderer Art,Sonstiger Unfall,Dämmerung,1,1,0,0,0,0,"363543,566","5648196,931",7.056543935,50.96919145,trocken,"5,21E+18","Rad, PKW"
160974,5,3,15,0,2021,Februar,11,Samstag,Unfall mit Leichtverletzten,Zusammenstoß zwischen Fahrzeug und Fußgänger,Sonstiger Unfall,Tageslicht,0,1,1,0,0,0,"364962,0516","5635571,992",7.081406641,50.85605814,trocken,"5,21E+18","Fuss, PKW"
160975,5,3,15,0,2021,März,12,Freitag,Unfall mit Leichtverletzten,Zusammenstoß mit anfahrendem/ anhaltendem/ruhendem Fahrzeug,Unfall durch ruhenden Verkehr,Tageslicht,0,1,0,0,0,0,"363452,8776","5648271,225",7.055225224,50.96983766,trocken,"5,21E+18",PKW
160977,5,3,15,0,2021,Mai,14,Freitag,Unfall mit Leichtverletzten,Zusammenstoß mit einbiegendem / kreuzendem Fahrzeug,Einbiegen / Kreuzen-Unfall,Tageslicht,0,1,0,0,0,0,"362836,2418","5648552,379",7.046342184,50.97221797,trocken,"5,21E+18",PKW
160978,5,3,15,0,2021,Januar,19,Sonntag,Unfall mit Schwerverletzten,Zusammenstoß zwischen Fahrzeug und Fußgänger,Fahrunfall,Dunkelheit,0,1,1,0,0,0,"360794,2437","5645168,862",7.018570062,50.94131976,trocken,"5,21E+18","Fuss, PKW"
160983,5,3,15,0,2021,November,10,Sonntag,Unfall mit Leichtverletzten,Zusammenstoß mit einbiegendem / kreuzendem Fahrzeug,Einbiegen / Kreuzen-Unfall,Tageslicht,0,1,0,0,0,0,"360187,0847","5638567,599",7.012462693,50.88184589,trocken,"5,21E+18",PKW
160993,5,3,15,0,2021,Februar,15,Freitag,Unfall mit Leichtverletzten,Unfall anderer Art,Überschreiten-Unfall,Tageslicht,0,1,1,0,0,0,"364063,8123","5638976,252",7.067387083,50.88644377,trocken,"5,21E+18","Fuss, PKW"
160994,5,3,15,0,2021,Mai,11,Sonntag,Unfall mit Leichtverletzten,Zusammenstoß zwischen Fahrzeug und Fußgänger,Abbiegeunfall,Tageslicht,0,1,1,0,0,0,"364821,2923","5638276,275",7.078408624,50.88033039,nass/feucht,"5,21E+18","Fuss, PKW"
161002,5,3,15,0,2021,Juni,13,Donnerstag,Unfall mit Leichtverletzten,Zusammenstoß mit entgegenkommendem Fahrzeug,Unfall im Längsverkehr,Tageslicht,0,1,0,0,0,0,"360426,3561","5641287,231",7.014822712,50.90634579,trocken,"5,21E+18",PKW
161005,5,3,15,0,2021,Januar,7,Mittwoch,Unfall mit Leichtverletzten,Zusammenstoß mit einbiegendem / kreuzendem Fahrzeug,Abbiegeunfall,Dunkelheit,1,1,0,0,0,0,"363875,1536","5640618,159",7.064094661,50.90115603,nass/feucht,"5,21E+18","Rad, PKW"
161008,5,3,15,0,2021,Dezember,18,Freitag,Unfall mit Leichtverletzten,Zusammenstoß mit einbiegendem / kreuzendem Fahrzeug,Einbiegen / Kreuzen-Unfall,Dunkelheit,0,1,0,1,0,0,"360899,314","5644790,917",7.020208962,50.93794845,trocken,"5,21E+18","Krad, PKW"
161017,5,3,15,0,2021,Juni,12,Donnerstag,Unfall mit Leichtverletzten,Unfall anderer Art,Sonstiger Unfall,Tageslicht,1,0,0,0,0,0,"364840,3561","5648328,239",7.074953231,50.97067733,trocken,"5,21E+18",Rad
161023,5,3,15,0,2021,Dezember,9,Dienstag,Unfall mit Leichtverletzten,Unfall anderer Art,Fahrunfall,Tageslicht,0,1,0,0,0,0,"364950,7508","5638616,508",7.08012209,50.88341855,nass/feucht,"5,21E+18",PKW
161025,5,3,15,0,2021,September,9,Samstag,Unfall mit Leichtverletzten,Zusammenstoß mit anfahrendem/ anhaltendem/ruhendem Fahrzeug,Unfall durch ruhenden Verkehr,Tageslicht,1,1,0,0,0,0,"362959,7608","5639754,065",7.05140863,50.89317349,trocken,"5,21E+18","Rad, PKW"
161026,5,3,15,0,2021,Juni,14,Dienstag,Unfall mit Leichtverletzten,Abkommen von Fahrbahn nach links,Unfall im Längsverkehr,Tageslicht,0,1,0,0,0,0,"360397,2001","5647443,077",7.012050207,50.96166251,trocken,"5,21E+18",PKW
161029,5,3,15,0,2021,April,17,Freitag,Unfall mit Leichtverletzten,Zusammenstoß mit einbiegendem / kreuzendem Fahrzeug,Unfall durch ruhenden Verkehr,Tageslicht,0,1,0,1,0,0,"363462,4706","5648763,557",7.055176913,50.9742647,trocken,"5,21E+18","Krad, PKW"
161035,5,3,15,0,2021,Juni,15,Mittwoch,Unfall mit Leichtverletzten,Zusammenstoß mit einbiegendem / kreuzendem Fahrzeug,Einbiegen / Kreuzen-Unfall,Tageslicht,1,0,0,0,0,0,"362668,9384","5648525,594",7.043970839,50.97193738,trocken,"5,21E+18",Rad
161037,5,3,15,0,2021,November,10,Donnerstag,Unfall mit Schwerverletzten,Zusammenstoß zwischen Fahrzeug und Fußgänger,Sonstiger Unfall,Tageslicht,0,1,1,0,0,0,"363766,5991","5644220,567",7.061206416,50.93350699,trocken,"5,21E+18","Fuss, PKW"
161039,5,3,15,0,2021,März,12,Dienstag,Unfall mit Leichtverletzten,Zusammenstoß mit einbiegendem / kreuzendem Fahrzeug,Abbiegeunfall,Tageslicht,1,1,0,0,0,0,"364951,8172","5638373,844",7.0802269,50.88123782,trocken,"5,21E+18","Rad, PKW"
161052,5,3,15,0,2021,Juni,20,Samstag,Unfall mit Leichtverletzten,Zusammenstoß mit einbiegendem / kreuzendem Fahrzeug,Einbiegen / Kreuzen-Unfall,Tageslicht,0,1,0,1,0,0,"361897,8451","5649573,947",7.032596698,50.98117479,nass/feucht,"5,21E+18","Krad, PKW"
161062,5,3,15,0,2021,September,11,Freitag,Unfall mit Leichtverletzten,Zusammenstoß mit entgegenkommendem Fahrzeug,Unfall im Längsverkehr,Tageslicht,1,1,0,0,0,0,"360982,3315","5644868,581",7.021360146,50.93866645,trocken,"5,21E+18","Rad, PKW"
161067,5,3,15,0,2021,Juli,9,Dienstag,Unfall mit Leichtverletzten,Zusammenstoß mit einbiegendem / kreuzendem Fahrzeug,Einbiegen / Kreuzen-Unfall,Tageslicht,1,1,0,0,0,0,"360486,159","5648808,784",7.012792341,50.97395785,trocken,"5,21E+18","Rad, PKW"
161078,5,3,15,0,2021,Mai,8,Freitag,Unfall mit Schwerverletzten,Zusammenstoß mit einbiegendem / kreuzendem Fahrzeug,Einbiegen / Kreuzen-Unfall,Tageslicht,0,1,0,0,0,0,"364086,2986","5644859,967",7.065514922,50.93932901,nass/feucht,"5,21E+18",PKW
161092,5,3,15,0,2021,September,17,Sonntag,Unfall mit Schwerverletzten,Zusammenstoß mit anfahrendem/ anhaltendem/ruhendem Fahrzeug,Unfall im Längsverkehr,Tageslicht,1,1,0,0,0,0,"362999,1133","5650836,971",7.047799344,50.99278906,trocken,"5,21E+18","Rad, PKW"
161093,5,3,15,0,2021,September,11,Montag,Unfall mit Leichtverletzten,Unfall anderer Art,Einbiegen / Kreuzen-Unfall,Tageslicht,0,1,0,0,0,0,"360978,1059","5643592,367",7.02178685,50.92719579,trocken,"5,21E+18",PKW
161098,5,3,15,0,2021,Juni,21,Samstag,Unfall mit Leichtverletzten,Zusammenstoß mit entgegenkommendem Fahrzeug,Abbiegeunfall,Tageslicht,0,1,0,0,0,0,"360622,358","5646328,725",7.015681139,50.95170215,nass/feucht,"5,21E+18",PKW
161102,5,3,15,0,2021,September,14,Sonntag,Unfall mit Leichtverletzten,Zusammenstoß mit einbiegendem / kreuzendem Fahrzeug,Abbiegeunfall,Tageslicht,0,1,0,0,0,0,"362244,554","5651272,347",7.036888807,50.99652177,trocken,"5,21E+18",PKW