OBJECTID,ULAND,UREGBEZ,UKREIS,UGEMEINDE,UJAHR,UMONAT,USTUNDE,UWOCHENTAG,UKATEGORIE,UART,UTYP1,ULICHTVERH,IstRad,IstPKW,IstFuss,IstKrad,IstGkfz,IstSonstige,LINREFX,LINREFY,XGCSWGS84,YGCSWGS84,USTRZUSTAND,UIDENTSTLAE,Participants
161103,5,3,15,0,2021,Juni,10,Freitag,Unfall mit Leichtverletzten,Zusammenstoß mit seitlich in gleicher Richtung fahrendem Fahrzeug,Unfall im Längsverkehr,Tageslicht,0,1,0,1,0,0,"363440,6038","5643430,579",7.056865845,50.92632993,nass/feucht,"5,21E+18","Krad, PKW"
161108,5,3,15,0,2021,Juni,5,Mittwoch,Unfall mit Leichtverletzten,Zusammenstoß zwischen Fahrzeug und Fußgänger,Überschreiten-Unfall,Tageslicht,0,1,1,0,0,0,"361884,5289","5649211,019",7.032545017,50.97790988,trocken,"5,21E+18","Fuss, PKW"
161120,5,3,15,0,2021,November,18,Mittwoch,Unfall mit Leichtverletzten,Aufprall auf Fahrbahnhindernis,Sonstiger Unfall,Dunkelheit,1,0,0,0,0,0,"365800,7081","5645666,461",7.089604699,50.946979,trocken,"5,21E+18",Rad
161122,5,3,15,0,2021,Januar,7,Dienstag,Unfall mit Leichtverletzten,Abkommen von Fahrbahn nach rechts,Fahrunfall,Dunkelheit,1,0,0,0,0,0,"363658,9324","5638585,023",7.06178035,50.88283217,nass/feucht,"5,21E+18",Rad
161139,5,3,15,0,2021,Dezember,10,Mittwoch,Unfall mit Schwerverletzten,Zusammenstoß mit einbiegendem / kreuzendem Fahrzeug,Abbiegeunfall,Tageslicht,1,1,0,0,0,0,"361889,9786","5649453,355",7.032530525,50.98008912,trocken,"5,21E+18","Rad, PKW"
161140,5,3,15,0,2021,Mai,15,Mittwoch,Unfall mit Leichtverletzten,Zusammenstoß mit einbiegendem / kreuzendem Fahrzeug,Einbiegen / Kreuzen-Unfall,Tageslicht,1,1,0,0,0,0,"364528,196","5645422,53",7.071591499,50.94448903,nass/feucht,"5,21E+18","Rad, PKW"
161151,5,3,15,0,2021,Juni,20,Donnerstag,Unfall mit Leichtverletzten,Zusammenstoß mit anfahrendem/ anhaltendem/ruhendem Fahrzeug,Unfall durch ruhenden Verkehr,Tageslicht,1,0,1,0,0,0,"360445,8254","5646693,341",7.013029683,50.95493629,trocken,"5,21E+18","Rad, Fuss"
161154,5,3,15,0,2021,November,15,Freitag,Unfall mit Schwerverletzten,Zusammenstoß mit anfahrendem/ anhaltendem/ruhendem Fahrzeug,Sonstiger Unfall,Tageslicht,0,1,0,0,0,0,"364834,4981","5649182,609",7.074552235,50.97835456,trocken,"5,21E+18",PKW
161159,5,3,15,0,2021,April,12,Freitag,Unfall mit Schwerverletzten,Zusammenstoß mit anfahrendem/ anhaltendem/ruhendem Fahrzeug,Unfall durch ruhenden Verkehr,Tageslicht,0,1,0,0,0,0,"363592,8491","5640064,503",7.060289126,50.89611342,trocken,"5,21E+18",PKW
161160,5,3,15,0,2021,September,18,Sonntag,Unfall mit Leichtverletzten,Unfall anderer Art,Abbiegeunfall,Tageslicht,0,1,0,0,0,1,"360393,5446","5648478,39",7.011600853,50.97096612,trocken,"5,21E+18","PKW, Sonstige"
161163,5,3,15,0,2021,Oktober,21,Donnerstag,Unfall mit Leichtverletzten,Zusammenstoß mit einbiegendem / kreuzendem Fahrzeug,Einbiegen / Kreuzen-Unfall,Dunkelheit,0,1,0,0,0,0,"362938,5775","5641504,954",7.05045035,50.90890449,trocken,"5,21E+18",PKW
161234,5,3,15,0,2021,November,18,Dienstag,Unfall mit Leichtverletzten,Zusammenstoß mit einbiegendem / kreuzendem Fahrzeug,Einbiegen / Kreuzen-Unfall,Dunkelheit,0,1,0,1,0,0,"366331,988","5642100,936",7.098470828,50.91505676,nass/feucht,"5,21E+18","Krad, PKW"
161241,5,3,15,0,2021,Juni,13,Dienstag,Unfall mit Leichtverletzten,Zusammenstoß mit einbiegendem / kreuzendem Fahrzeug,Einbiegen / Kreuzen-Unfall,Tageslicht,0,1,0,0,0,0,"366408,887","5636410,617",7.101644761,50.86393154,trocken,"5,21E+18",PKW
161260,5,3,15,0,2021,März,9,Dienstag,Unfall mit Leichtverletzten,Zusammenstoß zwischen Fahrzeug und Fußgänger,Überschreiten-Unfall,Tageslicht,0,1,1,0,0,0,"366483,3432","5648546,859",7.098259766,50.9730254,trocken,"5,21E+18","Fuss, PKW"
161433,5,3,15,0,2021,September,13,Donnerstag,Unfall mit Leichtverletzten,Abkommen von Fahrbahn nach rechts,Unfall durch ruhenden Verkehr,Tageslicht,0,1,0,0,0,0,"365806,1412","5636335,831",7.093112112,50.8631198,trocken,"5,21E+18",PKW
161567,5,3,15,0,2021,September,5,Dienstag,Unfall mit Leichtverletzten,Zusammenstoß mit einbiegendem / kreuzendem Fahrzeug,Einbiegen / Kreuzen-Unfall,Dunkelheit,1,1,0,0,0,0,"365872,8586","5635785,295",7.094261378,50.85818721,trocken,"5,21E+18","Rad, PKW"
161652,5,3,15,0,2021,Januar,13,Dienstag,Unfall mit Leichtverletzten,Zusammenstoß mit anfahrendem/ anhaltendem/ruhendem Fahrzeug,Einbiegen / Kreuzen-Unfall,Tageslicht,0,1,0,1,0,0,"366420,4228","5633808,916",7.102757786,50.84055066,nass/feucht,"5,21E+18","Krad, PKW"
161674,5,3,15,0,2021,Mai,18,Montag,Unfall mit Leichtverletzten,Aufprall auf Fahrbahnhindernis,Fahrunfall,Tageslicht,1,0,0,0,0,0,"366086,2655","5648132,206",7.09276004,50.96920649,trocken,"5,21E+18",Rad
161698,5,3,15,0,2021,Juli,5,Sonntag,Unfall mit Leichtverletzten,Zusammenstoß mit einbiegendem / kreuzendem Fahrzeug,Unfall durch ruhenden Verkehr,Tageslicht,0,1,0,1,0,0,"366309,4717","5636071,221",7.100356879,50.86085815,trocken,"5,21E+18","Krad, PKW"
161706,5,3,15,0,2021,Februar,8,Samstag,Unfall mit Leichtverletzten,Unfall anderer Art,Fahrunfall,Tageslicht,0,0,0,1,0,0,"366653,9932","5636727,621",7.105010191,50.86683728,winterglatt,"5,21E+18",Krad
161714,5,3,15,0,2021,Juni,8,Mittwoch,Unfall mit Leichtverletzten,Unfall anderer Art,Unfall im Längsverkehr,Tageslicht,1,1,1,0,0,0,"366252,4109","5636171,111",7.099510055,50.86174274,trocken,"5,21E+18","Rad, Fuss, PKW"
161719,5,3,15,0,2021,Oktober,15,Donnerstag,Unfall mit Leichtverletzten,Zusammenstoß zwischen Fahrzeug und Fußgänger,Abbiegeunfall,Tageslicht,0,1,1,0,0,0,"365861,6717","5635839,465",7.094082671,50.85867148,nass/feucht,"5,21E+18","Fuss, PKW"
161727,5,3,15,0,2021,Oktober,15,Montag,Unfall mit Schwerverletzten,Unfall anderer Art,Fahrunfall,Tageslicht,1,0,0,0,0,0,"365721,926","5634423,659",7.092617495,50.84591415,nass/feucht,"5,21E+18",Rad
161776,5,3,15,0,2021,Oktober,3,Sonntag,Unfall mit Leichtverletzten,Unfall anderer Art,Einbiegen / Kreuzen-Unfall,Dunkelheit,0,0,0,1,0,1,"366175,715","5637782,279",7.097831433,50.87620576,nass/feucht,"5,21E+18","Krad, Sonstige"
161790,5,3,15,0,2021,Dezember,13,Sonntag,Unfall mit Leichtverletzten,Unfall anderer Art,Fahrunfall,Tageslicht,0,0,0,1,0,0,"367081,6954","5638179,931",7.110556891,50.87998887,nass/feucht,"5,21E+18",Krad
161803,5,3,15,0,2021,Oktober,22,Samstag,Unfall mit Leichtverletzten,Unfall anderer Art,Sonstiger Unfall,Dunkelheit,0,1,0,0,0,1,"366224,67","5634877,009",7.099589028,50.85010523,trocken,"5,21E+18","PKW, Sonstige"
161858,5,3,15,0,2021,November,21,Donnerstag,Unfall mit Leichtverletzten,Unfall anderer Art,Fahrunfall,Dunkelheit,1,1,0,0,0,0,"367405,522","5637856,829",7.115274632,50.87715928,trocken,"5,21E+18","Rad, PKW"
161913,5,3,15,0,2021,Juni,18,Samstag,Unfall mit Leichtverletzten,Unfall anderer Art,Fahrunfall,Tageslicht,1,0,0,0,0,0,"366554,4406","5634883,731",7.104268554,50.85024182,trocken,"5,21E+18",Rad
161968,5,3,15,0,2021,November,8,Dienstag,Unfall mit Leichtverletzten,Unfall anderer Art,Fahrunfall,Tageslicht,0,0,0,1,0,0,"366013,58","5636359,447",7.096049419,50.86338016,nass/feucht,"5,21E+18",Krad
162008,5,3,15,0,2021,Oktober,15,Sonntag,Unfall mit Leichtverletzten,Zusammenstoß mit einbiegendem / kreuzendem Fahrzeug,Einbiegen / Kreuzen-Unfall,Tageslicht,0,1,0,0,0,0,"367254,9399","5638190,437",7.113014332,50.88012311,trocken,"5,21E+18",PKW
162047,5,3,15,0,2021,September,15,Sonntag,Unfall mit Leichtverletzten,Zusammenstoß mit einbiegendem / kreuzendem Fahrzeug,Einbiegen / Kreuzen-Unfall,Tageslicht,1,1,0,0,0,0,"366741,9534","5637380,959",7.106021445,50.87272963,trocken,"5,21E+18","Rad, PKW"
162083,5,3,15,0,2021,Januar,5,Dienstag,Unfall mit Leichtverletzten,Zusammenstoß mit einbiegendem / kreuzendem Fahrzeug,Abbiegeunfall,Dunkelheit,1,1,0,0,0,0,"367407,1712","5637856,261",7.115298265,50.87715455,winterglatt,"5,21E+18","Rad, PKW"
162133,5,3,15,0,2021,Mai,12,Sonntag,Unfall mit Leichtverletzten,Zusammenstoß mit einbiegendem / kreuzendem Fahrzeug,Einbiegen / Kreuzen-Unfall,Tageslicht,1,1,0,0,0,0,"365788,1637","5634399,998",7.093566496,50.84571686,trocken,"5,21E+18","Rad, PKW"
162153,5,3,15,0,2021,September,9,Montag,Unfall mit Leichtverletzten,Zusammenstoß mit einbiegendem / kreuzendem Fahrzeug,Einbiegen / Kreuzen-Unfall,Tageslicht,0,1,0,0,0,1,"366194,4595","5642112,737",7.096511206,50.91513095,trocken,"5,21E+18","PKW, Sonstige"
162170,5,3,15,0,2021,Juni,0,Freitag,Unfall mit Schwerverletzten,Unfall anderer Art,Fahrunfall,Dunkelheit,1,0,0,0,0,0,"366179,9599","5637422,092",7.098023548,50.87296948,trocken,"5,21E+18",Rad
162209,5,3,15,0,2021,Juni,8,Mittwoch,Unfall mit Leichtverletzten,Unfall anderer Art,Sonstiger Unfall,Tageslicht,1,1,0,0,0,0,"366318,2713","5648432,049",7.095952165,50.97195524,trocken,"5,21E+18","Rad, PKW"
162281,5,3,15,0,2021,April,11,Donnerstag,Unfall mit Leichtverletzten,Unfall anderer Art,Sonstiger Unfall,Tageslicht,0,0,0,0,0,1,"366315,4768","5643336,053",7.097783352,50.92615375,trocken,"5,21E+18",Sonstige
167842,5,3,15,0,2021,August,20,Freitag,Unfall mit Leichtverletzten,Unfall anderer Art,Sonstiger Unfall,Tageslicht,0,0,0,0,0,1,"359888,6029","5645018,968",7.005745304,50.93975328,trocken,"5,21E+18",Sonstige
167852,5,3,15,0,2021,August,16,Donnerstag,Unfall mit Leichtverletzten,Unfall anderer Art,Fahrunfall,Tageslicht,0,0,0,0,0,1,"353035,1755","5648225,668",6.906971465,50.96686455,nass/feucht,"5,21E+18",Sonstige
167855,5,3,15,0,2021,August,12,Montag,Unfall mit Leichtverletzten,Zusammenstoß mit einbiegendem / kreuzendem Fahrzeug,Einbiegen / Kreuzen-Unfall,Tageslicht,1,1,0,0,0,0,"355879,138","5644584,464",6.948887601,50.9348603,nass/feucht,"5,21E+18","Rad, PKW"
167859,5,3,15,0,2021,Juli,6,Donnerstag,Unfall mit Schwerverletzten,Aufprall auf Fahrbahnhindernis,Fahrunfall,Tageslicht,0,0,0,0,0,1,"363171,9321","5639015,472",7.054700269,50.88658571,trocken,"5,21E+18",Sonstige
167863,5,3,15,0,2021,August,18,Montag,Unfall mit Leichtverletzten,Aufprall auf Fahrbahnhindernis,Fahrunfall,Tageslicht,0,0,0,0,0,1,"357686,6301","5644145,261",6.974765839,50.93136205,nass/feucht,"5,21E+18",Sonstige
167867,5,3,15,0,2021,April,18,Donnerstag,Unfall mit Leichtverletzten,Zusammenstoß mit vorausfahrendem / wartendem Fahrzeug,Unfall im Längsverkehr,Tageslicht,0,1,0,0,0,0,"356592,7839","5646203,388",6.958399878,50.94958726,trocken,"5,21E+18",PKW
167874,5,3,15,0,2021,August,20,Samstag,Unfall mit Schwerverletzten,Unfall anderer Art,Fahrunfall,Dämmerung,1,0,0,0,0,0,"355647,1565","5645532,851",6.945212575,50.94332525,nass/feucht,"5,21E+18",Rad
167877,5,3,15,0,2021,Juli,7,Dienstag,Unfall mit Schwerverletzten,Zusammenstoß mit einbiegendem / kreuzendem Fahrzeug,Einbiegen / Kreuzen-Unfall,Tageslicht,1,1,0,0,0,0,"357417,666","5649109,49",6.968996465,50.97590876,trocken,"5,21E+18","Rad, PKW"
167881,5,3,15,0,2021,Juli,13,Freitag,Unfall mit Schwerverletzten,Unfall anderer Art,Fahrunfall,Tageslicht,1,0,0,0,0,0,"363808,3443","5638962,305",7.063762492,50.88625825,trocken,"5,21E+18",Rad
167885,5,3,15,0,2021,August,23,Sonntag,Unfall mit Schwerverletzten,Unfall anderer Art,Fahrunfall,Dunkelheit,1,0,0,0,0,0,"354863,6592","5643815,06",6.934751782,50.92769119,nass/feucht,"5,21E+18",Rad
167889,5,3,15,0,2021,August,17,Mittwoch,Unfall mit Leichtverletzten,Zusammenstoß mit einbiegendem / kreuzendem Fahrzeug,Einbiegen / Kreuzen-Unfall,Tageslicht,1,1,0,0,0,0,"359124,008","5646997,141",6.994104358,50.95734496,nass/feucht,"5,21E+18","Rad, PKW"
167897,5,3,15,0,2021,April,14,Dienstag,Unfall mit Leichtverletzten,Zusammenstoß mit entgegenkommendem Fahrzeug,Abbiegeunfall,Tageslicht,1,1,0,0,0,0,"353751,768","5647441,416",6.917484973,50.95999915,trocken,"5,21E+18","Rad, PKW"
167908,5,3,15,0,2021,August,15,Samstag,Unfall mit Leichtverletzten,Zusammenstoß mit anfahrendem/ anhaltendem/ruhendem Fahrzeug,Unfall durch ruhenden Verkehr,Tageslicht,1,1,0,0,0,0,"353530,2048","5643051,783",6.916097056,50.92049485,trocken,"5,21E+18","Rad, PKW"
167912,5,3,15,0,2021,April,15,Montag,Unfall mit Leichtverletzten,Unfall anderer Art,Fahrunfall,Tageslicht,1,0,0,0,0,0,"357956,5308","5646019,402",6.977873479,50.94827147,trocken,"5,21E+18",Rad
167919,5,3,15,0,2021,August,17,Samstag,Unfall mit Leichtverletzten,Zusammenstoß zwischen Fahrzeug und Fußgänger,Unfall im Längsverkehr,Tageslicht,1,0,1,0,0,0,"356722,561","5645538,094",6.960507926,50.94364062,trocken,"5,21E+18","Rad, Fuss"
167923,5,3,15,0,2021,Juli,13,Sonntag,Unfall mit Leichtverletzten,Zusammenstoß mit anfahrendem/ anhaltendem/ruhendem Fahrzeug,Unfall im Längsverkehr,Tageslicht,1,1,0,0,0,0,"355661,919","5644627,687",6.945781167,50.93519441,trocken,"5,21E+18","Rad, PKW"
167924,5,3,15,0,2021,August,16,Mittwoch,Unfall mit Leichtverletzten,Zusammenstoß mit einbiegendem / kreuzendem Fahrzeug,Einbiegen / Kreuzen-Unfall,Tageslicht,0,1,0,0,0,1,"353142,9208","5649185,019",6.908117443,50.97551328,trocken,"5,21E+18","PKW, Sonstige"
167929,5,3,15,0,2021,August,10,Sonntag,Unfall mit Leichtverletzten,Zusammenstoß mit anfahrendem/ anhaltendem/ruhendem Fahrzeug,Unfall im Längsverkehr,Tageslicht,1,1,0,0,0,0,"360355,4794","5648501,82",7.011050047,50.97116745,trocken,"5,21E+18","Rad, PKW"
167931,5,3,15,0,2021,August,7,Montag,Unfall mit Leichtverletzten,Unfall anderer Art,Abbiegeunfall,Tageslicht,1,0,0,0,0,0,"356716,0414","5647710,702",6.959560054,50.96316394,nass/feucht,"5,21E+18",Rad
167933,5,3,15,0,2021,August,0,Sonntag,Unfall mit Schwerverletzten,Aufprall auf Fahrbahnhindernis,Fahrunfall,Dunkelheit,0,0,0,0,0,1,"355216,4685","5643702,751",6.939813283,50.92677055,trocken,"5,21E+18",Sonstige
167937,5,3,15,0,2021,August,17,Freitag,Unfall mit Leichtverletzten,Zusammenstoß mit vorausfahrendem / wartendem Fahrzeug,Abbiegeunfall,Tageslicht,0,1,0,1,0,0,"355832,248","5646065,812",6.947634474,50.94816118,trocken,"5,21E+18","Krad, PKW"
167944,5,3,15,0,2021,August,15,Mittwoch,Unfall mit Leichtverletzten,Abkommen von Fahrbahn nach rechts,Fahrunfall,Tageslicht,0,0,0,0,0,1,"356312,888","5643464,818",6.955497811,50.9249064,trocken,"5,21E+18",Sonstige
167948,5,3,15,0,2021,Mai,20,Sonntag,Unfall mit Leichtverletzten,Zusammenstoß mit seitlich in gleicher Richtung fahrendem Fahrzeug,Unfall im Längsverkehr,Dämmerung,1,0,0,0,0,0,"356419,6809","5645313,658",6.956287954,50.94154829,trocken,"5,21E+18",Rad
167955,5,3,15,0,2021,August,14,Dienstag,Unfall mit Leichtverletzten,Unfall anderer Art,Fahrunfall,Tageslicht,1,0,0,0,0,0,"355250,471","5642054,664",6.940950828,50.91196803,trocken,"5,21E+18",Rad
167958,5,3,15,0,2021,August,16,Samstag,Unfall mit Leichtverletzten,Unfall anderer Art,Fahrunfall,Tageslicht,1,0,0,0,0,0,"362318,2506","5648335,983",7.039050845,50.97014957,trocken,"5,21E+18",Rad
167963,5,3,15,0,2021,August,4,Montag,Unfall mit Leichtverletzten,Abkommen von Fahrbahn nach rechts,Unfall durch ruhenden Verkehr,Dunkelheit,0,1,0,0,0,1,"355346,1498","5645174,855",6.941073014,50.94003258,trocken,"5,21E+18","PKW, Sonstige"
167969,5,3,15,0,2021,Juli,16,Sonntag,Unfall mit Leichtverletzten,Zusammenstoß mit einbiegendem / kreuzendem Fahrzeug,Abbiegeunfall,Tageslicht,1,1,0,0,0,0,356719,"5642302,439",6.961729023,50.91456119,trocken,"5,21E+18","Rad, PKW"
167971,5,3,15,0,2021,August,17,Freitag,Unfall mit Leichtverletzten,Zusammenstoß mit seitlich in gleicher Richtung fahrendem Fahrzeug,Unfall im Längsverkehr,Tageslicht,0,1,0,1,0,0,"356187,99","5645002,178",6.953115287,50.93869133,trocken,"5,21E+18","Krad, PKW"
167975,5,3,15,0,2021,Juli,3,Sonntag,Unfall mit Leichtverletzten,Zusammenstoß mit entgegenkommendem Fahrzeug,Unfall im Längsverkehr,Dunkelheit,0,1,0,0,0,1,"359558,812","5644283,946",7.001337615,50.93306732,trocken,"5,21E+18","PKW, Sonstige"
167976,5,3,15,0,2021,August,16,Sonntag,Unfall mit Leichtverletzten,Zusammenstoß mit einbiegendem / kreuzendem Fahrzeug,Abbiegeunfall,Tageslicht,0,1,0,1,0,0,"356764,539","5648939,706",6.959766227,50.97422086,trocken,"5,21E+18","Krad, PKW"
167984,5,3,15,0,2021,August,15,Samstag,Unfall mit Leichtverletzten,Zusammenstoß mit einbiegendem / kreuzendem Fahrzeug,Einbiegen / Kreuzen-Unfall,Tageslicht,1,0,0,0,0,1,"354435,552","5644213,557",6.928505066,50.93116451,trocken,"5,21E+18","Rad, Sonstige"
167988,5,3,15,0,2021,Juli,21,Samstag,Unfall mit Leichtverletzten,Unfall anderer Art,Fahrunfall,Tageslicht,1,0,0,0,0,0,"360072,967","5647068,794",7.007580017,50.95822012,nass/feucht,"5,21E+18",Rad
167993,5,3,15,0,2021,August,18,Samstag,Unfall mit Leichtverletzten,Unfall anderer Art,Fahrunfall,Tageslicht,1,0,0,0,0,0,"356448,1472","5642779,67",6.957690775,50.91878272,trocken,"5,21E+18",Rad
167997,5,3,15,0,2021,August,18,Montag,Unfall mit Leichtverletzten,Zusammenstoß zwischen Fahrzeug und Fußgänger,Unfall im Längsverkehr,Tageslicht,0,0,1,0,0,1,"356414,4006","5645065,095",6.956310812,50.93931318,trocken,"5,21E+18","Fuss, Sonstige"
168006,5,3,15,0,2021,August,13,Freitag,Unfall mit Leichtverletzten,Unfall anderer Art,Fahrunfall,Tageslicht,0,0,0,0,0,1,"360848,3644","5647829,492",7.018322898,50.96524442,nass/feucht,"5,21E+18",Sonstige
168009,5,3,15,0,2021,Juli,15,Donnerstag,Unfall mit Leichtverletzten,Unfall anderer Art,Sonstiger Unfall,Tageslicht,0,0,1,0,1,0,"356539,257","5645044,411",6.958094862,50.93915837,trocken,"5,21E+18","Fuss, Gkfz"
168013,5,3,15,0,2021,August,17,Freitag,Unfall mit Leichtverletzten,Zusammenstoß mit vorausfahrendem / wartendem Fahrzeug,Abbiegeunfall,Tageslicht,0,1,0,0,0,0,"356114,438","5640732,664",6.95375339,50.90030337,trocken,"5,21E+18",PKW
168017,5,3,15,0,2021,Juli,13,Freitag,Unfall mit Leichtverletzten,Unfall anderer Art,Fahrunfall,Tageslicht,0,0,0,1,0,0,"354722,922","5643741,129",6.932779986,50.92699136,trocken,"5,21E+18",Krad
168021,5,3,15,0,2021,Juni,19,Donnerstag,Unfall mit Leichtverletzten,Zusammenstoß mit seitlich in gleicher Richtung fahrendem Fahrzeug,Abbiegeunfall,Tageslicht,1,1,0,0,0,0,"354857,803","5644405,281",6.934433497,50.93299389,trocken,"5,21E+18","Rad, PKW"
168030,5,3,15,0,2021,Juli,11,Samstag,Unfall mit Leichtverletzten,Unfall anderer Art,Unfall durch ruhenden Verkehr,Tageslicht,1,1,0,0,0,0,"353442,1342","5644251,522",6.914362675,50.93125413,trocken,"5,21E+18","Rad, PKW"
168034,5,3,15,0,2021,August,1,Sonntag,Unfall mit Schwerverletzten,Unfall anderer Art,Fahrunfall,Dunkelheit,1,0,0,0,0,0,"353955,8258","5646724,489",6.920676294,50.95360814,trocken,"5,21E+18",Rad
168043,5,3,15,0,2021,August,9,Dienstag,Unfall mit Leichtverletzten,Unfall anderer Art,Unfall im Längsverkehr,Tageslicht,0,1,0,1,0,0,"356230,0862","5645677,966",6.953447323,50.94477503,nass/feucht,"5,21E+18","Krad, PKW"
168048,5,3,15,0,2021,Juli,11,Samstag,Unfall mit Leichtverletzten,Unfall anderer Art,Sonstiger Unfall,Tageslicht,1,1,0,0,0,0,"362561,0153","5650958,92",7.041514395,50.99378059,trocken,"5,21E+18","Rad, PKW"
168054,5,3,15,0,2021,April,15,Mittwoch,Unfall mit Leichtverletzten,Zusammenstoß mit einbiegendem / kreuzendem Fahrzeug,Einbiegen / Kreuzen-Unfall,Tageslicht,1,0,0,0,0,1,"348339,8081","5648362,737",6.840094349,50.9668793,trocken,"5,21E+18","Rad, Sonstige"
168057,5,3,15,0,2021,August,10,Dienstag,Unfall mit Leichtverletzten,Abkommen von Fahrbahn nach rechts,Fahrunfall,Tageslicht,0,1,1,0,0,0,"359743,5754","5644544,276",7.003865142,50.93545191,nass/feucht,"5,21E+18","Fuss, PKW"
168061,5,3,15,0,2021,August,7,Donnerstag,Unfall mit Leichtverletzten,Zusammenstoß mit vorausfahrendem / wartendem Fahrzeug,Unfall im Längsverkehr,Tageslicht,1,1,0,0,0,0,"358737,4259","5639325,762",6.991575192,50.88830702,trocken,"5,21E+18","Rad, PKW"
168070,5,3,15,0,2021,Juli,18,Samstag,Unfall mit Leichtverletzten,Zusammenstoß mit einbiegendem / kreuzendem Fahrzeug,Einbiegen / Kreuzen-Unfall,Tageslicht,0,1,0,1,0,0,"359611,3934","5636949,525",7.004905337,50.86716429,trocken,"5,21E+18","Krad, PKW"
168075,5,3,15,0,2021,Juni,14,Montag,Unfall mit Leichtverletzten,Zusammenstoß mit einbiegendem / kreuzendem Fahrzeug,Abbiegeunfall,Tageslicht,1,1,0,0,0,0,"355261,9902","5641582,378",6.941301885,50.90772657,trocken,"5,21E+18","Rad, PKW"
168077,5,3,15,0,2021,August,14,Mittwoch,Unfall mit Leichtverletzten,Unfall anderer Art,Fahrunfall,Tageslicht,0,0,0,0,1,0,"356403,814","5645335,603",6.956053609,50.94174156,trocken,"5,21E+18",Gkfz
168088,5,3,15,0,2021,Juli,19,Samstag,Unfall mit Leichtverletzten,Unfall anderer Art,Fahrunfall,Tageslicht,1,0,0,0,0,0,"353783,8971","5643157,899",6.919661382,50.92151282,trocken,"5,21E+18",Rad
168091,5,3,15,0,2021,August,20,Samstag,Unfall mit Leichtverletzten,Zusammenstoß mit einbiegendem / kreuzendem Fahrzeug,Einbiegen / Kreuzen-Unfall,Dämmerung,0,0,0,0,0,1,"356457,073","5645127,147",6.956893318,50.93988146,trocken,"5,21E+18",Sonstige
168103,5,3,15,0,2021,August,7,Samstag,Unfall mit Leichtverletzten,Unfall anderer Art,Sonstiger Unfall,Tageslicht,0,0,0,0,0,1,"353398,1982","5643831,81",6.913906664,50.92747116,trocken,"5,21E+18",Sonstige
168112,5,3,15,0,2021,August,8,Freitag,Unfall mit Schwerverletzten,Zusammenstoß zwischen Fahrzeug und Fußgänger,Abbiegeunfall,Tageslicht,0,1,1,0,0,0,"356528,2352","5643557,152",6.958523541,50.9257898,trocken,"5,21E+18","Fuss, PKW"
168116,5,3,15,0,2021,Juli,11,Dienstag,Unfall mit Schwerverletzten,Zusammenstoß mit einbiegendem / kreuzendem Fahrzeug,Abbiegeunfall,Tageslicht,0,1,0,0,0,0,"349032,312","5646247,592",6.850826719,50.94805402,trocken,"5,21E+18",PKW
168124,5,3,15,0,2021,August,13,Sonntag,Unfall mit Leichtverletzten,Zusammenstoß zwischen Fahrzeug und Fußgänger,Unfall im Längsverkehr,Tageslicht,1,0,1,0,0,0,"356101,894","5645044,758",6.951873897,50.93905251,trocken,"5,21E+18","Rad, Fuss"
168125,5,3,15,0,2021,August,17,Dienstag,Unfall mit Leichtverletzten,Zusammenstoß zwischen Fahrzeug und Fußgänger,Überschreiten-Unfall,Tageslicht,1,0,1,0,0,0,"359918,3957","5647342,082",7.005275303,50.96063864,trocken,"5,21E+18","Rad, Fuss"
168128,5,3,15,0,2021,Juni,13,Montag,Unfall mit Leichtverletzten,Zusammenstoß mit anfahrendem/ anhaltendem/ruhendem Fahrzeug,Unfall durch ruhenden Verkehr,Tageslicht,1,1,0,0,0,0,"359521,783","5644682,197",7.000657467,50.93663744,trocken,"5,21E+18","Rad, PKW"
168129,5,3,15,0,2021,August,14,Samstag,Unfall mit Leichtverletzten,Unfall anderer Art,Fahrunfall,Tageslicht,0,0,0,1,0,0,"361055,1544","5648735,098",7.020919975,50.97343318,trocken,"5,21E+18",Krad
168134,5,3,15,0,2021,August,13,Dienstag,Unfall mit Leichtverletzten,Zusammenstoß zwischen Fahrzeug und Fußgänger,Abbiegeunfall,Tageslicht,0,1,1,0,0,0,"362340,2332","5648515,162",7.039295915,50.97176515,nass/feucht,"5,21E+18","Fuss, PKW"
168148,5,3,15,0,2021,August,11,Montag,Unfall mit Leichtverletzten,Unfall anderer Art,Unfall durch ruhenden Verkehr,Tageslicht,1,1,0,0,0,0,"363792,73","5640148,115",7.063098514,50.89691207,trocken,"5,21E+18","Rad, PKW"
168149,5,3,15,0,2021,August,10,Freitag,Unfall mit Leichtverletzten,Zusammenstoß mit entgegenkommendem Fahrzeug,Abbiegeunfall,Tageslicht,0,1,0,1,0,0,"356444,955","5648773,004",6.955283009,50.97264317,nass/feucht,"5,21E+18","Krad, PKW"
168151,5,3,15,0,2021,August,7,Donnerstag,Unfall mit Leichtverletzten,Zusammenstoß zwischen Fahrzeug und Fußgänger,Unfall im Längsverkehr,Tageslicht,0,1,1,0,0,0,"360371,077","5647695,201",7.011581696,50.96392205,trocken,"5,21E+18","Fuss, PKW"