OBJECTID,ULAND,UREGBEZ,UKREIS,UGEMEINDE,UJAHR,UMONAT,USTUNDE,UWOCHENTAG,UKATEGORIE,UART,UTYP1,ULICHTVERH,IstRad,IstPKW,IstFuss,IstKrad,IstGkfz,IstSonstige,LINREFX,LINREFY,XGCSWGS84,YGCSWGS84,USTRZUSTAND,UIDENTSTLAE,Participants
168153,5,3,15,0,2021,August,18,Freitag,Unfall mit Leichtverletzten,Zusammenstoß mit vorausfahrendem / wartendem Fahrzeug,Unfall im Längsverkehr,Tageslicht,0,1,0,0,0,0,"352251,7247","5653750,125",6.893574808,51.01630933,trocken,"5,21E+18",PKW
168159,5,3,15,0,2021,August,3,Sonntag,Unfall mit Leichtverletzten,Aufprall auf Fahrbahnhindernis,Fahrunfall,Dunkelheit,1,0,0,0,0,0,"354451,5332","5646718,634",6.927731391,50.95368093,trocken,"5,21E+18",Rad
168165,5,3,15,0,2021,August,12,Mittwoch,Unfall mit Leichtverletzten,Unfall anderer Art,Fahrunfall,Tageslicht,0,0,0,0,0,1,"354607,724","5643273,425",6.931328408,50.9227592,nass/feucht,"5,21E+18",Sonstige
168169,5,3,15,0,2021,Juli,4,Mittwoch,Unfall mit Schwerverletzten,Abkommen von Fahrbahn nach rechts,Fahrunfall,Dunkelheit,0,0,0,1,0,0,"347866,345","5645687,334",6.834474687,50.94271293,trocken,"5,21E+18",Krad
168177,5,3,15,0,2021,Juli,16,Donnerstag,Unfall mit Leichtverletzten,Zusammenstoß mit anfahrendem/ anhaltendem/ruhendem Fahrzeug,Unfall im Längsverkehr,Tageslicht,0,1,0,0,0,1,"356186,537","5644963,304",6.953109964,50.93834161,trocken,"5,21E+18","PKW, Sonstige"
168178,5,3,15,0,2021,Juli,1,Sonntag,Unfall mit Schwerverletzten,Unfall anderer Art,Fahrunfall,Dunkelheit,1,0,0,0,0,0,"353569,3856","5647762,487",6.914760555,50.96283817,trocken,"5,21E+18",Rad
168181,5,3,15,0,2021,August,12,Freitag,Unfall mit Leichtverletzten,Unfall anderer Art,Fahrunfall,Tageslicht,1,0,0,0,0,0,"356760,872","5644752,629",6.961361722,50.93659125,nass/feucht,"5,21E+18",Rad
168182,5,3,15,0,2021,August,11,Dienstag,Unfall mit Leichtverletzten,Zusammenstoß mit einbiegendem / kreuzendem Fahrzeug,Abbiegeunfall,Tageslicht,0,1,0,0,0,1,"356597,2291","5648938,259",6.957385268,50.97416623,trocken,"5,21E+18","PKW, Sonstige"
168186,5,3,15,0,2021,August,10,Dienstag,Unfall mit Leichtverletzten,Zusammenstoß zwischen Fahrzeug und Fußgänger,Fahrunfall,Tageslicht,0,1,1,0,0,0,"365030,0211","5637778,84",7.081557607,50.87590841,nass/feucht,"5,21E+18","Fuss, PKW"
168191,5,3,15,0,2021,August,19,Sonntag,Unfall mit Schwerverletzten,Zusammenstoß mit einbiegendem / kreuzendem Fahrzeug,Abbiegeunfall,Tageslicht,0,1,0,1,0,0,"357552,243","5644271,429",6.972805373,50.93246274,trocken,"5,21E+18","Krad, PKW"
168195,5,3,15,0,2021,Juli,17,Mittwoch,Unfall mit Leichtverletzten,Unfall anderer Art,Sonstiger Unfall,Tageslicht,1,1,0,0,0,0,"359521,2994","5646964,253",6.999770286,50.95714638,trocken,"5,21E+18","Rad, PKW"
168201,5,3,15,0,2021,Juli,12,Mittwoch,Unfall mit Leichtverletzten,Zusammenstoß mit entgegenkommendem Fahrzeug,Unfall im Längsverkehr,Tageslicht,0,0,0,0,0,1,"357151,8087","5643255,835",6.967508501,50.92323662,trocken,"5,21E+18",Sonstige
168205,5,3,15,0,2021,August,23,Samstag,Unfall mit Leichtverletzten,Unfall anderer Art,Fahrunfall,Dunkelheit,0,0,0,0,0,1,"356591,7069","5645125,873",6.95880882,50.93990351,trocken,"5,21E+18",Sonstige
168213,5,3,15,0,2021,August,7,Freitag,Unfall mit Leichtverletzten,Zusammenstoß mit seitlich in gleicher Richtung fahrendem Fahrzeug,Unfall im Längsverkehr,Tageslicht,1,1,0,0,0,0,"356640,7268","5642702,984",6.960458884,50.91814142,trocken,"5,21E+18","Rad, PKW"
168217,5,3,15,0,2021,Juli,23,Mittwoch,Unfall mit Leichtverletzten,Abkommen von Fahrbahn nach rechts,Fahrunfall,Dunkelheit,0,0,0,0,0,1,"355548,18","5645259,552",6.943913042,50.94084438,trocken,"5,21E+18",Sonstige
168226,5,3,15,0,2021,August,14,Montag,Unfall mit Schwerverletzten,Zusammenstoß zwischen Fahrzeug und Fußgänger,Überschreiten-Unfall,Tageslicht,0,1,1,0,0,0,"360376,8128","5647688,135",7.011666037,50.96385993,trocken,"5,21E+18","Fuss, PKW"
168230,5,3,15,0,2021,August,19,Mittwoch,Unfall mit Leichtverletzten,Unfall anderer Art,Fahrunfall,Dämmerung,1,0,0,0,0,0,"355618,4014","5644362,707",6.945267229,50.93280219,nass/feucht,"5,21E+18",Rad
168234,5,3,15,0,2021,August,7,Donnerstag,Unfall mit Leichtverletzten,Zusammenstoß mit einbiegendem / kreuzendem Fahrzeug,Einbiegen / Kreuzen-Unfall,Tageslicht,0,1,0,1,0,0,"355843,0075","5640259,082",6.950082866,50.89597964,trocken,"5,21E+18","Krad, PKW"
168238,5,3,15,0,2021,Juli,9,Donnerstag,Unfall mit Leichtverletzten,Unfall anderer Art,Fahrunfall,Tageslicht,1,0,0,0,0,0,"349252,928","5643861,324",6.854952274,50.92666807,trocken,"5,21E+18",Rad
168242,5,3,15,0,2021,August,7,Mittwoch,Unfall mit Leichtverletzten,Zusammenstoß mit einbiegendem / kreuzendem Fahrzeug,Einbiegen / Kreuzen-Unfall,Tageslicht,1,0,0,0,0,0,"350498,234","5646123,912",6.871730862,50.94732463,trocken,"5,21E+18",Rad
168247,5,3,15,0,2021,Juli,15,Sonntag,Unfall mit Leichtverletzten,Zusammenstoß mit vorausfahrendem / wartendem Fahrzeug,Unfall im Längsverkehr,Tageslicht,0,1,0,0,0,0,"355179,145","5642697,069",6.939681925,50.91772332,trocken,"5,21E+18",PKW
168251,5,3,15,0,2021,August,12,Mittwoch,Unfall mit Leichtverletzten,Zusammenstoß mit anfahrendem/ anhaltendem/ruhendem Fahrzeug,Unfall durch ruhenden Verkehr,Tageslicht,1,1,0,0,0,0,"356097,2939","5645425,16",6.951658205,50.94246997,trocken,"5,21E+18","Rad, PKW"
168255,5,3,15,0,2021,August,13,Donnerstag,Unfall mit Leichtverletzten,Zusammenstoß mit vorausfahrendem / wartendem Fahrzeug,Unfall im Längsverkehr,Tageslicht,0,1,0,0,0,0,"353501,74","5651819,524",6.912162708,50.99927977,trocken,"5,21E+18",PKW
168263,5,3,15,0,2021,August,19,Montag,Unfall mit Leichtverletzten,Zusammenstoß mit vorausfahrendem / wartendem Fahrzeug,Sonstiger Unfall,Tageslicht,0,1,0,0,0,0,"355155,4892","5644065,259",6.938802154,50.93001302,nass/feucht,"5,21E+18",PKW
168271,5,3,15,0,2021,August,9,Dienstag,Unfall mit Leichtverletzten,Zusammenstoß mit vorausfahrendem / wartendem Fahrzeug,Abbiegeunfall,Tageslicht,1,1,0,0,0,0,"354217,53","5642603,259",6.926048388,50.91663815,trocken,"5,21E+18","Rad, PKW"
168273,5,3,15,0,2021,August,14,Sonntag,Unfall mit Schwerverletzten,Unfall anderer Art,Abbiegeunfall,Tageslicht,1,1,0,0,0,0,"366107,841","5647736,528",7.093212792,50.96565532,trocken,"5,21E+18","Rad, PKW"
168275,5,3,15,0,2021,April,9,Freitag,Unfall mit Leichtverletzten,Zusammenstoß mit entgegenkommendem Fahrzeug,Unfall im Längsverkehr,Tageslicht,0,1,0,0,0,1,"356254,328","5645048,101",6.954040717,50.93912057,trocken,"5,21E+18","PKW, Sonstige"
168283,5,3,15,0,2021,August,15,Mittwoch,Unfall mit Leichtverletzten,Unfall anderer Art,Fahrunfall,Tageslicht,1,0,0,0,0,0,"362293,533","5644039,588",7.040324026,50.93153064,trocken,"5,21E+18",Rad
168287,5,3,15,0,2021,August,17,Montag,Unfall mit Leichtverletzten,Zusammenstoß mit vorausfahrendem / wartendem Fahrzeug,Unfall im Längsverkehr,Tageslicht,0,1,0,0,0,0,"353881,6194","5646567,378",6.919683575,50.95217744,nass/feucht,"5,21E+18",PKW
168303,5,3,15,0,2021,August,20,Donnerstag,Unfall mit Leichtverletzten,Zusammenstoß mit einbiegendem / kreuzendem Fahrzeug,Einbiegen / Kreuzen-Unfall,Dämmerung,1,1,0,0,0,0,"354024,32","5641742,56",6.923645974,50.90885444,trocken,"5,21E+18","Rad, PKW"
168305,5,3,15,0,2021,August,12,Freitag,Unfall mit Leichtverletzten,Unfall anderer Art,Sonstiger Unfall,Tageslicht,1,0,0,0,0,0,"353473,3921","5647907,107",6.913336289,50.9641134,trocken,"5,21E+18",Rad
168308,5,3,15,0,2021,Juli,16,Freitag,Unfall mit Leichtverletzten,Zusammenstoß zwischen Fahrzeug und Fußgänger,Überschreiten-Unfall,Tageslicht,0,1,1,0,0,0,"359609,995","5643739,229",7.002275339,50.92818434,trocken,"5,21E+18","Fuss, PKW"
168312,5,3,15,0,2021,Juli,13,Mittwoch,Unfall mit Leichtverletzten,Zusammenstoß mit einbiegendem / kreuzendem Fahrzeug,Einbiegen / Kreuzen-Unfall,Tageslicht,1,0,0,0,0,0,"355926,384","5646120,244",6.948952136,50.94867389,trocken,"5,21E+18",Rad
168322,5,3,15,0,2021,Oktober,11,Freitag,Unfall mit Leichtverletzten,Unfall anderer Art,Sonstiger Unfall,Tageslicht,0,0,1,0,0,1,"355131,056","5645269,053",6.937976142,50.94082511,trocken,"5,21E+18","Fuss, Sonstige"
168328,5,3,15,0,2021,Juli,11,Samstag,Unfall mit Leichtverletzten,Zusammenstoß mit vorausfahrendem / wartendem Fahrzeug,Unfall im Längsverkehr,Tageslicht,0,1,0,1,0,0,"355683,8766","5642370,337",6.94698689,50.91491348,trocken,"5,21E+18","Krad, PKW"
168331,5,3,15,0,2021,Juni,12,Freitag,Unfall mit Leichtverletzten,Zusammenstoß zwischen Fahrzeug und Fußgänger,Überschreiten-Unfall,Tageslicht,0,1,1,0,0,0,"354791,788","5643151,564",6.93399401,50.92171042,trocken,"5,21E+18","Fuss, PKW"
168335,5,3,15,0,2021,August,1,Montag,Unfall mit Leichtverletzten,Unfall anderer Art,Abbiegeunfall,Dunkelheit,1,1,0,0,0,0,"353922,641","5645837,431",6.920560025,50.94562805,trocken,"5,21E+18","Rad, PKW"
168336,5,3,15,0,2021,Februar,15,Sonntag,Unfall mit Leichtverletzten,Zusammenstoß zwischen Fahrzeug und Fußgänger,Sonstiger Unfall,Tageslicht,0,0,1,0,0,1,"362683,223","5636716,257",7.048620013,50.86580563,trocken,"5,21E+18","Fuss, Sonstige"
168341,5,3,15,0,2021,Juli,17,Dienstag,Unfall mit Leichtverletzten,Zusammenstoß mit einbiegendem / kreuzendem Fahrzeug,Einbiegen / Kreuzen-Unfall,Tageslicht,1,1,0,0,0,0,"355285,3499","5642502,736",6.941268916,50.91600353,trocken,"5,21E+18","Rad, PKW"
168343,5,3,15,0,2021,August,16,Samstag,Unfall mit Schwerverletzten,Unfall anderer Art,Fahrunfall,Tageslicht,1,0,0,0,0,0,"352373,832","5645465,978",6.898678745,50.94189546,trocken,"5,21E+18",Rad
168352,5,3,15,0,2021,Juli,15,Dienstag,Unfall mit Leichtverletzten,Zusammenstoß mit einbiegendem / kreuzendem Fahrzeug,Einbiegen / Kreuzen-Unfall,Tageslicht,1,1,0,0,0,0,"363813,054","5639992,811",7.063445261,50.89552106,trocken,"5,21E+18","Rad, PKW"
168355,5,3,15,0,2021,August,8,Freitag,Unfall mit Schwerverletzten,Unfall anderer Art,Sonstiger Unfall,Tageslicht,0,0,1,0,0,1,"361939,2151","5647372,409",7.034021477,50.96139896,trocken,"5,21E+18","Fuss, Sonstige"
168357,5,3,15,0,2021,August,16,Dienstag,Unfall mit Leichtverletzten,Unfall anderer Art,Sonstiger Unfall,Tageslicht,0,0,0,0,0,1,"359557,34","5643773,091",7.00151351,50.92847584,trocken,"5,21E+18",Sonstige
168361,5,3,15,0,2021,August,14,Mittwoch,Unfall mit Leichtverletzten,Zusammenstoß zwischen Fahrzeug und Fußgänger,Sonstiger Unfall,Tageslicht,0,1,1,0,0,0,"353820,1993","5646925,009",6.918666132,50.95537576,trocken,"5,21E+18","Fuss, PKW"
168368,5,3,15,0,2021,Juli,18,Samstag,Unfall mit Leichtverletzten,Unfall anderer Art,Fahrunfall,Tageslicht,1,0,0,0,0,0,"353900,0853","5643220,973",6.921288058,50.92210908,trocken,"5,21E+18",Rad
168372,5,3,15,0,2021,August,10,Freitag,Unfall mit Schwerverletzten,Unfall anderer Art,Unfall im Längsverkehr,Tageslicht,0,1,0,1,0,0,"357609,339","5645310,261",6.973211415,50.94181279,trocken,"5,21E+18","Krad, PKW"
168381,5,3,15,0,2021,August,10,Samstag,Unfall mit Leichtverletzten,Zusammenstoß zwischen Fahrzeug und Fußgänger,Unfall durch ruhenden Verkehr,Tageslicht,0,1,1,0,0,0,"355086,3864","5644964,799",6.937461786,50.93807963,trocken,"5,21E+18","Fuss, PKW"
168382,5,3,15,0,2021,August,19,Samstag,Unfall mit Leichtverletzten,Zusammenstoß mit seitlich in gleicher Richtung fahrendem Fahrzeug,Unfall im Längsverkehr,Tageslicht,1,0,0,0,0,1,"353088,3514","5648643,647",6.907559413,50.9706343,trocken,"5,21E+18","Rad, Sonstige"
168384,5,3,15,0,2021,August,10,Dienstag,Unfall mit Leichtverletzten,Zusammenstoß mit einbiegendem / kreuzendem Fahrzeug,Einbiegen / Kreuzen-Unfall,Tageslicht,1,1,0,0,0,0,"352077,7445","5653847,675",6.891056414,51.01714122,trocken,"5,21E+18","Rad, PKW"
168386,5,3,15,0,2021,August,3,Sonntag,Unfall mit Leichtverletzten,Zusammenstoß mit anfahrendem/ anhaltendem/ruhendem Fahrzeug,Unfall im Längsverkehr,Dunkelheit,0,1,0,1,0,0,"356165,4556","5644481,94",6.953000123,50.9340104,trocken,"5,21E+18","Krad, PKW"
168394,5,3,15,0,2021,Juli,13,Sonntag,Unfall mit Leichtverletzten,Zusammenstoß zwischen Fahrzeug und Fußgänger,Überschreiten-Unfall,Tageslicht,0,0,1,0,1,0,"356239,0789","5645019,389",6.953835151,50.93885874,nass/feucht,"5,21E+18","Fuss, Gkfz"
168395,5,3,15,0,2021,Juli,15,Sonntag,Unfall mit Leichtverletzten,Zusammenstoß mit vorausfahrendem / wartendem Fahrzeug,Abbiegeunfall,Tageslicht,0,1,0,0,0,1,"358003,391","5648493,942",6.977574583,50.97052159,trocken,"5,21E+18","PKW, Sonstige"
168398,5,3,15,0,2021,August,16,Freitag,Unfall mit Leichtverletzten,Unfall anderer Art,Sonstiger Unfall,Tageslicht,1,0,1,0,0,0,"352743,584","5644590,772",6.904291766,50.93412491,trocken,"5,21E+18","Rad, Fuss"
168399,5,3,15,0,2021,August,15,Mittwoch,Unfall mit Leichtverletzten,Zusammenstoß mit einbiegendem / kreuzendem Fahrzeug,Abbiegeunfall,Tageslicht,1,0,0,0,1,0,"357431,612","5648938,565",6.969262007,50.97437613,trocken,"5,21E+18","Rad, Gkfz"
168403,5,3,15,0,2021,August,15,Dienstag,Unfall mit Leichtverletzten,Zusammenstoß mit vorausfahrendem / wartendem Fahrzeug,Unfall im Längsverkehr,Tageslicht,0,1,0,0,1,0,"353764,838","5639267,67",6.920948716,50.8865476,trocken,"5,21E+18","PKW, Gkfz"
168404,5,3,15,0,2021,August,18,Mittwoch,Unfall mit Leichtverletzten,Abkommen von Fahrbahn nach links,Fahrunfall,Tageslicht,0,1,0,0,0,0,"357169,129","5649935,228",6.965134119,50.98326796,nass/feucht,"5,21E+18",PKW
168407,5,3,15,0,2021,August,19,Sonntag,Unfall mit Leichtverletzten,Unfall anderer Art,Sonstiger Unfall,Dämmerung,1,0,1,0,0,0,"357549,8542","5643586,542",6.973039033,50.92630709,nass/feucht,"5,21E+18","Rad, Fuss"
168416,5,3,15,0,2021,August,13,Dienstag,Unfall mit Leichtverletzten,Unfall anderer Art,Sonstiger Unfall,Tageslicht,0,1,0,0,0,1,"356621,9975","5642823,28",6.960145321,50.91921786,trocken,"5,21E+18","PKW, Sonstige"
168420,5,3,15,0,2021,Juli,5,Dienstag,Unfall mit Leichtverletzten,Zusammenstoß zwischen Fahrzeug und Fußgänger,Unfall durch ruhenden Verkehr,Dämmerung,1,0,1,0,0,0,"359024,85","5644980,38",6.993474174,50.93919596,trocken,"5,21E+18","Rad, Fuss"
168428,5,3,15,0,2021,August,15,Freitag,Unfall mit Leichtverletzten,Abkommen von Fahrbahn nach rechts,Unfall im Längsverkehr,Tageslicht,1,0,0,0,0,1,"363205,7551","5647999,844",7.051809819,50.96734003,trocken,"5,21E+18","Rad, Sonstige"
168430,5,3,15,0,2021,August,11,Dienstag,Unfall mit Leichtverletzten,Zusammenstoß mit seitlich in gleicher Richtung fahrendem Fahrzeug,Unfall im Längsverkehr,Tageslicht,1,1,0,0,0,0,"356844,534","5644563,244",6.962626029,50.93491004,trocken,"5,21E+18","Rad, PKW"
168438,5,3,15,0,2021,August,9,Mittwoch,Unfall mit Leichtverletzten,Zusammenstoß mit anfahrendem/ anhaltendem/ruhendem Fahrzeug,Einbiegen / Kreuzen-Unfall,Tageslicht,1,1,0,0,0,0,"353008,803","5653762,45",6.90435562,51.01661411,nass/feucht,"5,21E+18","Rad, PKW"
168440,5,3,15,0,2021,Juli,18,Freitag,Unfall mit Leichtverletzten,Unfall anderer Art,Fahrunfall,Tageslicht,1,0,0,0,0,0,"354828,1894","5643796,982",6.934254607,50.9275198,trocken,"5,21E+18",Rad
168444,5,3,15,0,2021,August,21,Mittwoch,Unfall mit Leichtverletzten,Zusammenstoß mit einbiegendem / kreuzendem Fahrzeug,Abbiegeunfall,Tageslicht,1,1,0,0,0,0,"353914,5191","5646750,408",6.920078198,50.9538306,trocken,"5,21E+18","Rad, PKW"
168453,5,3,15,0,2021,Mai,20,Sonntag,Unfall mit Leichtverletzten,Unfall anderer Art,Fahrunfall,Dunkelheit,1,0,0,0,0,0,"350178,969","5644449,763",6.867877704,50.93219724,trocken,"5,21E+18",Rad
168457,5,3,15,0,2021,Juli,13,Montag,Unfall mit Leichtverletzten,Zusammenstoß zwischen Fahrzeug und Fußgänger,Überschreiten-Unfall,Tageslicht,1,0,1,0,0,0,"355630,2169","5645959,617",6.944802447,50.94715626,trocken,"5,21E+18","Rad, Fuss"
168458,5,3,15,0,2021,November,0,Mittwoch,Unfall mit Leichtverletzten,Unfall anderer Art,Fahrunfall,Dunkelheit,0,0,0,0,0,1,"368190,553","5637455,346",7.126571558,50.87373039,trocken,"5,21E+18",Sonstige
168466,5,3,15,0,2021,Juli,17,Sonntag,Unfall mit Leichtverletzten,Unfall anderer Art,Sonstiger Unfall,Tageslicht,1,0,0,0,0,0,"357573,5079","5645659,978",6.972564991,50.94494683,trocken,"5,21E+18",Rad
168470,5,3,15,0,2021,Juli,12,Sonntag,Unfall mit Schwerverletzten,Zusammenstoß zwischen Fahrzeug und Fußgänger,Überschreiten-Unfall,Tageslicht,0,0,1,0,0,1,"362804,5093","5651086,019",7.044933974,50.99498096,nass/feucht,"5,21E+18","Fuss, Sonstige"
168476,5,3,15,0,2021,Juli,10,Sonntag,Unfall mit Leichtverletzten,Zusammenstoß mit seitlich in gleicher Richtung fahrendem Fahrzeug,Unfall im Längsverkehr,Tageslicht,1,1,0,0,0,0,"356657,972","5644534,137",6.959984145,50.93460212,trocken,"5,21E+18","Rad, PKW"
168485,5,3,15,0,2021,August,16,Sonntag,Unfall mit Leichtverletzten,Zusammenstoß mit seitlich in gleicher Richtung fahrendem Fahrzeug,Unfall im Längsverkehr,Tageslicht,1,1,0,0,0,0,"356477,4425","5643755,598",6.957723177,50.92756058,trocken,"5,21E+18","Rad, PKW"
168489,5,3,15,0,2021,August,12,Donnerstag,Unfall mit Leichtverletzten,Unfall anderer Art,Sonstiger Unfall,Tageslicht,0,1,0,0,0,0,"360728,0324","5647028,002",7.016917109,50.95801222,trocken,"5,21E+18",PKW
168496,5,3,15,0,2021,August,17,Sonntag,Unfall mit Leichtverletzten,Zusammenstoß mit einbiegendem / kreuzendem Fahrzeug,Abbiegeunfall,Tageslicht,0,1,0,1,0,0,"360212,6665","5645320,188",7.010239253,50.94253905,trocken,"5,21E+18","Krad, PKW"
168503,5,3,15,0,2021,August,8,Freitag,Unfall mit Leichtverletzten,Zusammenstoß mit einbiegendem / kreuzendem Fahrzeug,Einbiegen / Kreuzen-Unfall,Tageslicht,0,1,0,0,0,1,"357619,543","5640481,627",6.975241533,50.89842038,nass/feucht,"5,21E+18","PKW, Sonstige"
168509,5,3,15,0,2021,Juli,22,Donnerstag,Unfall mit Leichtverletzten,Zusammenstoß zwischen Fahrzeug und Fußgänger,Überschreiten-Unfall,Dunkelheit,1,0,1,0,0,0,"355462,3731","5645663,32",6.942532319,50.94445145,trocken,"5,21E+18","Rad, Fuss"
168511,5,3,15,0,2021,August,14,Freitag,Unfall mit Schwerverletzten,Zusammenstoß mit seitlich in gleicher Richtung fahrendem Fahrzeug,Einbiegen / Kreuzen-Unfall,Tageslicht,0,1,0,1,0,0,"352518,8194","5654095,093",6.897239721,51.01947791,trocken,"5,21E+18","Krad, PKW"
168513,5,3,15,0,2021,August,7,Samstag,Unfall mit Leichtverletzten,Unfall anderer Art,Unfall im Längsverkehr,Tageslicht,1,1,0,0,0,0,"357176,239","5650470,796",6.965024836,50.98808279,nass/feucht,"5,21E+18","Rad, PKW"
168518,5,3,15,0,2021,Juli,7,Mittwoch,Unfall mit Leichtverletzten,Zusammenstoß mit einbiegendem / kreuzendem Fahrzeug,Einbiegen / Kreuzen-Unfall,Tageslicht,1,1,0,0,0,0,"357811,5023","5647849,742",6.975095202,50.96468488,trocken,"5,21E+18","Rad, PKW"
168520,5,3,15,0,2021,Juli,20,Freitag,Unfall mit Leichtverletzten,Unfall anderer Art,Fahrunfall,Tageslicht,0,0,0,0,0,1,"354858,064","5643811,591",6.934673601,50.92765861,nass/feucht,"5,21E+18",Sonstige
168525,5,3,15,0,2021,August,5,Samstag,Unfall mit Leichtverletzten,Zusammenstoß mit einbiegendem / kreuzendem Fahrzeug,Einbiegen / Kreuzen-Unfall,Dämmerung,1,1,0,0,0,0,"362115,363","5640296,481",7.039204755,50.89784743,trocken,"5,21E+18","Rad, PKW"
168531,5,3,15,0,2021,August,18,Samstag,Unfall mit Leichtverletzten,Zusammenstoß mit vorausfahrendem / wartendem Fahrzeug,Unfall im Längsverkehr,Tageslicht,1,1,0,0,0,0,"356418,0347","5642794,279",6.957256906,50.91890652,trocken,"5,21E+18","Rad, PKW"
168535,5,3,15,0,2021,August,18,Mittwoch,Unfall mit Leichtverletzten,Zusammenstoß mit einbiegendem / kreuzendem Fahrzeug,Einbiegen / Kreuzen-Unfall,Tageslicht,1,1,0,0,0,0,"359541,8231","5647067,711",7.000022398,50.95808117,trocken,"5,21E+18","Rad, PKW"
168536,5,3,15,0,2021,April,14,Dienstag,Unfall mit Leichtverletzten,Zusammenstoß mit einbiegendem / kreuzendem Fahrzeug,Abbiegeunfall,Tageslicht,0,1,0,1,0,0,"359664,6207","5636508,963",7.005830257,50.86321777,trocken,"5,21E+18","Krad, PKW"
168542,5,3,15,0,2021,Juli,8,Mittwoch,Unfall mit Leichtverletzten,Zusammenstoß mit seitlich in gleicher Richtung fahrendem Fahrzeug,Unfall im Längsverkehr,Tageslicht,1,1,0,0,0,0,"355502,0834","5645577,904",6.943131084,50.94369379,trocken,"5,21E+18","Rad, PKW"
168546,5,3,15,0,2021,August,21,Sonntag,Unfall mit Leichtverletzten,Unfall anderer Art,Fahrunfall,Dunkelheit,0,0,0,1,0,0,"356195,1512","5644338,805",6.953478928,50.93273148,nass/feucht,"5,21E+18",Krad
168547,5,3,15,0,2021,August,16,Sonntag,Unfall mit Leichtverletzten,Zusammenstoß mit einbiegendem / kreuzendem Fahrzeug,Einbiegen / Kreuzen-Unfall,Tageslicht,1,1,0,0,0,0,"361083,5452","5648904,625",7.021259336,50.97496359,nass/feucht,"5,21E+18","Rad, PKW"
168555,5,3,15,0,2021,Juli,9,Mittwoch,Unfall mit Leichtverletzten,Zusammenstoß mit einbiegendem / kreuzendem Fahrzeug,Einbiegen / Kreuzen-Unfall,Tageslicht,1,0,0,0,0,1,"354357,596","5643972,743",6.927492683,50.9289807,trocken,"5,21E+18","Rad, Sonstige"
168561,5,3,15,0,2021,August,13,Freitag,Unfall mit Leichtverletzten,Unfall anderer Art,Überschreiten-Unfall,Tageslicht,0,0,1,0,0,1,"365852,698","5636341,733",7.093771127,50.86318365,trocken,"5,21E+18","Fuss, Sonstige"
168563,5,3,15,0,2021,August,12,Donnerstag,Unfall mit Leichtverletzten,Unfall anderer Art,Fahrunfall,Tageslicht,1,0,0,0,0,0,"353264,665","5653252,603",6.908207048,51.01209772,trocken,"5,21E+18",Rad
168566,5,3,15,0,2021,Juli,12,Donnerstag,Unfall mit Leichtverletzten,Unfall anderer Art,Fahrunfall,Tageslicht,1,0,0,0,0,0,"353796,589","5643164,833",6.919839054,50.92157835,trocken,"5,21E+18",Rad
168570,5,3,15,0,2021,Juni,12,Freitag,Unfall mit Leichtverletzten,Zusammenstoß mit seitlich in gleicher Richtung fahrendem Fahrzeug,Unfall im Längsverkehr,Tageslicht,0,1,0,0,0,1,"359823,571","5645154,414",7.004768166,50.94095475,trocken,"5,21E+18","PKW, Sonstige"
168577,5,3,15,0,2021,August,13,Freitag,Unfall mit Schwerverletzten,Unfall anderer Art,Fahrunfall,Tageslicht,1,0,0,0,0,0,"351229,2631","5647461,198",6.881583482,50.95953117,trocken,"5,21E+18",Rad
168583,5,3,15,0,2021,August,17,Mittwoch,Unfall mit Leichtverletzten,Unfall anderer Art,Fahrunfall,Dämmerung,0,0,0,1,0,0,"352913,971","5642929,965",6.907384937,50.91924336,nass/feucht,"5,21E+18",Krad
168587,5,3,15,0,2021,August,10,Dienstag,Unfall mit Leichtverletzten,Zusammenstoß mit einbiegendem / kreuzendem Fahrzeug,Einbiegen / Kreuzen-Unfall,Tageslicht,0,0,0,1,0,1,"351239,784","5645657,623",6.882470104,50.94332619,nass/feucht,"5,21E+18","Krad, Sonstige"
168598,5,3,15,0,2021,Juli,21,Freitag,Unfall mit Leichtverletzten,Unfall anderer Art,Sonstiger Unfall,Tageslicht,0,0,0,0,0,1,"355797,9033","5644870,745",6.947618981,50.93741275,nass/feucht,"5,21E+18",Sonstige
168599,5,3,15,0,2021,Juli,15,Montag,Unfall mit Leichtverletzten,Unfall anderer Art,Überschreiten-Unfall,Tageslicht,0,1,1,0,0,0,"360361,2186","5649052,591",7.010920226,50.97611869,trocken,"5,21E+18","Fuss, PKW"
168604,5,3,15,0,2021,August,11,Freitag,Unfall mit Schwerverletzten,Zusammenstoß mit einbiegendem / kreuzendem Fahrzeug,Einbiegen / Kreuzen-Unfall,Tageslicht,0,1,0,1,0,0,"361093,158","5648967,8",7.021372038,50.97553368,trocken,"5,21E+18","Krad, PKW"
168607,5,3,15,0,2021,August,19,Donnerstag,Unfall mit Leichtverletzten,Zusammenstoß mit seitlich in gleicher Richtung fahrendem Fahrzeug,Unfall im Längsverkehr,Tageslicht,1,1,0,0,0,0,"355020,9705","5643950,286",6.936934948,50.92894599,trocken,"5,21E+18","Rad, PKW"
168612,5,3,15,0,2021,August,13,Montag,Unfall mit Leichtverletzten,Unfall anderer Art,Fahrunfall,Tageslicht,0,0,0,0,0,1,"351499,341","5646097,457",6.885982747,50.94734565,trocken,"5,21E+18",Sonstige