OBJECTID,ULAND,UREGBEZ,UKREIS,UGEMEINDE,UJAHR,UMONAT,USTUNDE,UWOCHENTAG,UKATEGORIE,UART,UTYP1,ULICHTVERH,IstRad,IstPKW,IstFuss,IstKrad,IstGkfz,IstSonstige,LINREFX,LINREFY,XGCSWGS84,YGCSWGS84,USTRZUSTAND,UIDENTSTLAE,Participants
168617,5,3,15,0,2021,August,17,Samstag,Unfall mit Leichtverletzten,Unfall anderer Art,Fahrunfall,Dämmerung,1,0,0,0,0,0,"354405,4185","5643470,752",6.928373189,50.92448151,nass/feucht,"5,21E+18",Rad
168621,5,3,15,0,2021,April,11,Dienstag,Unfall mit Leichtverletzten,Unfall anderer Art,Unfall im Längsverkehr,Tageslicht,1,0,0,0,1,0,"356354,0765","5645111,003",6.95543469,50.93971072,trocken,"5,21E+18","Rad, Gkfz"
168625,5,3,15,0,2021,August,11,Mittwoch,Unfall mit Leichtverletzten,Unfall anderer Art,Sonstiger Unfall,Tageslicht,1,0,0,0,0,1,"358065,8291","5651408,809",6.977324842,50.99673266,trocken,"5,21E+18","Rad, Sonstige"
168628,5,3,15,0,2021,August,14,Dienstag,Unfall mit Leichtverletzten,Zusammenstoß mit einbiegendem / kreuzendem Fahrzeug,Abbiegeunfall,Tageslicht,1,0,0,0,0,0,"353805,924","5642680,942",6.920165725,50.91723214,trocken,"5,21E+18",Rad
168630,5,3,15,0,2021,Juli,12,Sonntag,Unfall mit Leichtverletzten,Unfall anderer Art,Fahrunfall,Tageslicht,0,0,1,0,0,1,"351778,5403","5648289,913",6.889061604,50.96711993,trocken,"5,21E+18","Fuss, Sonstige"
168632,5,3,15,0,2021,Juni,10,Samstag,Unfall mit Leichtverletzten,Zusammenstoß mit einbiegendem / kreuzendem Fahrzeug,Einbiegen / Kreuzen-Unfall,Tageslicht,1,1,0,0,0,0,"355330,741","5645077,579",6.940892472,50.93915451,trocken,"5,21E+18","Rad, PKW"
168641,5,3,15,0,2021,Juli,21,Freitag,Unfall mit Leichtverletzten,Unfall anderer Art,Fahrunfall,Tageslicht,0,0,0,0,0,1,"355797,9033","5644870,745",6.947618981,50.93741275,nass/feucht,"5,21E+18",Sonstige
168642,5,3,15,0,2021,Juli,19,Dienstag,Unfall mit Leichtverletzten,Unfall anderer Art,Unfall im Längsverkehr,Tageslicht,1,0,1,0,0,0,"357999,1259","5648360,993",6.977565785,50.96932574,trocken,"5,21E+18","Rad, Fuss"
168645,5,3,15,0,2021,Juli,16,Sonntag,Unfall mit Leichtverletzten,Unfall anderer Art,Sonstiger Unfall,Tageslicht,1,1,0,0,0,0,"355760,6115","5644348,482",6.947295299,50.93270994,nass/feucht,"5,21E+18","Rad, PKW"
168649,5,3,15,0,2021,August,18,Dienstag,Unfall mit Leichtverletzten,Unfall anderer Art,Fahrunfall,Tageslicht,1,0,0,0,0,0,"364503,5561","5638725,595",7.073728101,50.88429428,trocken,"5,21E+18",Rad
168654,5,3,15,0,2021,August,16,Freitag,Unfall mit Leichtverletzten,Zusammenstoß mit anfahrendem/ anhaltendem/ruhendem Fahrzeug,Unfall durch ruhenden Verkehr,Tageslicht,0,1,0,0,0,1,"362778,3443","5643902,341",7.047270666,50.93041269,trocken,"5,21E+18","PKW, Sonstige"
168658,5,3,15,0,2021,August,0,Montag,Unfall mit Schwerverletzten,Unfall anderer Art,Fahrunfall,Dunkelheit,0,0,0,0,0,1,"360721,0076","5645932,182",7.017236399,50.94816218,nass/feucht,"5,21E+18",Sonstige
168663,5,3,15,0,2021,August,20,Sonntag,Unfall mit Schwerverletzten,Unfall anderer Art,Fahrunfall,Dämmerung,1,0,0,0,0,0,"355854,891","5642710,764",6.949283529,50.91801558,nass/feucht,"5,21E+18",Rad
168667,5,3,15,0,2021,August,17,Mittwoch,Unfall mit Leichtverletzten,Zusammenstoß mit vorausfahrendem / wartendem Fahrzeug,Unfall im Längsverkehr,Tageslicht,0,1,0,0,0,0,"357614,491","5645188,047",6.973332468,50.94071573,trocken,"5,21E+18",PKW
168675,5,3,15,0,2021,August,3,Sonntag,Unfall mit Schwerverletzten,Zusammenstoß mit anfahrendem/ anhaltendem/ruhendem Fahrzeug,Unfall durch ruhenden Verkehr,Dunkelheit,1,1,0,0,0,0,"354791,4412","5642385,765",6.93429393,50.91482827,trocken,"5,21E+18","Rad, PKW"
168679,5,3,15,0,2021,August,23,Mittwoch,Unfall mit Leichtverletzten,Unfall anderer Art,Sonstiger Unfall,Dunkelheit,1,1,0,0,0,0,"355181,199","5644177,605",6.939123128,50.93102911,nass/feucht,"5,21E+18","Rad, PKW"
168688,5,3,15,0,2021,August,10,Freitag,Unfall mit Leichtverletzten,Zusammenstoß mit seitlich in gleicher Richtung fahrendem Fahrzeug,Einbiegen / Kreuzen-Unfall,Tageslicht,1,0,0,0,0,1,"352680,131","5643487,148",6.903835365,50.92419089,trocken,"5,21E+18","Rad, Sonstige"
168693,5,3,15,0,2021,Juli,21,Sonntag,Unfall mit Leichtverletzten,Zusammenstoß mit anfahrendem/ anhaltendem/ruhendem Fahrzeug,Unfall durch ruhenden Verkehr,Dämmerung,0,1,0,0,0,1,"364899,3901","5635676,692",7.080478249,50.85698451,trocken,"5,21E+18","PKW, Sonstige"
168700,5,3,15,0,2021,August,16,Samstag,Unfall mit Leichtverletzten,Unfall anderer Art,Fahrunfall,Tageslicht,1,0,0,0,0,0,"355372,876","5644251,439",6.941819651,50.93174073,nass/feucht,"5,21E+18",Rad
168704,5,3,15,0,2021,August,17,Mittwoch,Unfall mit Leichtverletzten,Abkommen von Fahrbahn nach links,Unfall durch ruhenden Verkehr,Tageslicht,0,1,0,0,0,1,"354150,0464","5646218,39",6.923642334,50.94910918,nass/feucht,"5,21E+18","PKW, Sonstige"
168709,5,3,15,0,2021,Mai,20,Donnerstag,Unfall mit Leichtverletzten,Unfall anderer Art,Sonstiger Unfall,Tageslicht,1,1,0,0,0,0,"356788,709","5642778,097",6.96253328,50.9188532,trocken,"5,21E+18","Rad, PKW"
168712,5,3,15,0,2021,August,15,Mittwoch,Unfall mit Leichtverletzten,Zusammenstoß mit anfahrendem/ anhaltendem/ruhendem Fahrzeug,Unfall im Längsverkehr,Tageslicht,0,1,0,0,1,0,"351016,744","5645397,122",6.879404102,50.94092763,trocken,"5,21E+18","PKW, Gkfz"
168716,5,3,15,0,2021,August,18,Samstag,Unfall mit Leichtverletzten,Unfall anderer Art,Fahrunfall,Tageslicht,0,0,0,0,0,1,"356117,2871","5650129,324",6.950082235,50.98475035,trocken,"5,21E+18",Sonstige
168720,5,3,15,0,2021,August,5,Dienstag,Unfall mit Leichtverletzten,Abkommen von Fahrbahn nach rechts,Unfall im Längsverkehr,Dunkelheit,0,1,0,0,0,0,"355802,354","5642601,108",6.948579957,50.91701699,nass/feucht,"5,21E+18",PKW
168722,5,3,15,0,2021,Juli,23,Samstag,Unfall mit Leichtverletzten,Zusammenstoß mit anfahrendem/ anhaltendem/ruhendem Fahrzeug,Fahrunfall,Dunkelheit,1,1,0,0,0,0,"359845,7396","5647737,344",7.004089116,50.96417323,trocken,"5,21E+18","Rad, PKW"
168726,5,3,15,0,2021,Juli,16,Mittwoch,Unfall mit Leichtverletzten,Zusammenstoß mit einbiegendem / kreuzendem Fahrzeug,Einbiegen / Kreuzen-Unfall,Tageslicht,1,1,0,0,0,0,"356263,684","5643657,341",6.954722275,50.92662433,nass/feucht,"5,21E+18","Rad, PKW"
168730,5,3,15,0,2021,August,14,Montag,Unfall mit Leichtverletzten,Unfall anderer Art,Fahrunfall,Tageslicht,0,0,0,0,0,1,"359704,472","5647255,965",7.002264268,50.95981265,trocken,"5,21E+18",Sonstige
168731,5,3,15,0,2021,August,16,Sonntag,Unfall mit Leichtverletzten,Unfall anderer Art,Sonstiger Unfall,Tageslicht,0,0,1,0,0,1,"359085,7321","5639718,33",6.996372645,50.89192016,trocken,"5,21E+18","Fuss, Sonstige"
168736,5,3,15,0,2021,August,1,Sonntag,Unfall mit Leichtverletzten,Unfall anderer Art,Fahrunfall,Dunkelheit,0,0,0,0,0,1,"356463,069","5642756,065",6.957912212,50.91857429,nass/feucht,"5,21E+18",Sonstige
168740,5,3,15,0,2021,Juli,10,Mittwoch,Unfall mit Leichtverletzten,Zusammenstoß mit entgegenkommendem Fahrzeug,Sonstiger Unfall,Tageslicht,1,1,0,0,0,0,"356396,2875","5645527,224",6.955871006,50.94346176,trocken,"5,21E+18","Rad, PKW"
168743,5,3,15,0,2021,Juni,14,Sonntag,Unfall mit Leichtverletzten,Aufprall auf Fahrbahnhindernis,Fahrunfall,Tageslicht,0,0,0,1,0,0,"349185,8497","5658174,387",6.848056221,51.05527034,trocken,"5,21E+18",Krad
168746,5,3,15,0,2021,August,15,Freitag,Unfall mit Leichtverletzten,Unfall anderer Art,Unfall durch ruhenden Verkehr,Tageslicht,1,1,0,0,0,0,"355254,5694","5642046,59",6.94101229,50.9118965,trocken,"5,21E+18","Rad, PKW"
168748,5,3,15,0,2021,August,7,Samstag,Unfall mit Leichtverletzten,Unfall anderer Art,Abbiegeunfall,Tageslicht,1,1,0,0,0,0,"357668,1091","5644969,257",6.974180616,50.93876271,trocken,"5,21E+18","Rad, PKW"
168751,5,3,15,0,2021,Juli,20,Mittwoch,Unfall mit Leichtverletzten,Unfall anderer Art,Fahrunfall,Dämmerung,0,0,0,0,0,1,"352218,229","5644824,087",6.896725836,50.93608722,nass/feucht,"5,21E+18",Sonstige
168752,5,3,15,0,2021,Juli,20,Donnerstag,Unfall mit Leichtverletzten,Zusammenstoß zwischen Fahrzeug und Fußgänger,Abbiegeunfall,Tageslicht,0,1,1,0,0,0,"352379,708","5649440,635",6.897149999,50.97761524,trocken,"5,21E+18","Fuss, PKW"
168756,5,3,15,0,2021,August,13,Samstag,Unfall mit Leichtverletzten,Zusammenstoß mit einbiegendem / kreuzendem Fahrzeug,Einbiegen / Kreuzen-Unfall,Tageslicht,0,1,0,0,0,1,"363762,2909","5639491,863",7.062910695,50.89100681,trocken,"5,21E+18","PKW, Sonstige"
168760,5,3,15,0,2021,August,15,Dienstag,Unfall mit Leichtverletzten,Zusammenstoß mit einbiegendem / kreuzendem Fahrzeug,Abbiegeunfall,Tageslicht,0,1,0,0,0,0,"355545,724","5641342,361",6.945429817,50.90564064,trocken,"5,21E+18",PKW
168762,5,3,15,0,2021,August,0,Montag,Unfall mit Schwerverletzten,Zusammenstoß zwischen Fahrzeug und Fußgänger,Sonstiger Unfall,Dunkelheit,0,0,1,0,0,1,"361470,0852","5645110,164",7.028206086,50.94095501,trocken,"5,21E+18","Fuss, Sonstige"
168771,5,3,15,0,2021,August,13,Samstag,Unfall mit Leichtverletzten,Zusammenstoß mit anfahrendem/ anhaltendem/ruhendem Fahrzeug,Unfall im Längsverkehr,Tageslicht,0,1,0,0,0,0,"357402,6018","5648609,235",6.96897821,50.97140929,trocken,"5,21E+18",PKW
168773,5,3,15,0,2021,August,21,Samstag,Unfall mit Schwerverletzten,Unfall anderer Art,Fahrunfall,Dunkelheit,0,0,0,0,0,1,"356440,3823","5647736,517",6.955627005,50.96332731,trocken,"5,21E+18",Sonstige
168777,5,3,15,0,2021,Juli,18,Mittwoch,Unfall mit Leichtverletzten,Abkommen von Fahrbahn nach rechts,Fahrunfall,Tageslicht,0,1,0,0,0,0,"358956,4689","5651731,209",6.989883553,50.99984904,nass/feucht,"5,21E+18",PKW
168781,5,3,15,0,2021,August,16,Freitag,Unfall mit Leichtverletzten,Unfall anderer Art,Überschreiten-Unfall,Tageslicht,1,0,1,0,0,0,"355185,605","5645880,593",6.938508906,50.94633458,trocken,"5,21E+18","Rad, Fuss"
168787,5,3,15,0,2021,Juli,16,Dienstag,Unfall mit Leichtverletzten,Unfall anderer Art,Sonstiger Unfall,Tageslicht,1,0,0,0,0,0,"354363,738","5643551,397",6.927748332,50.92519573,trocken,"5,21E+18",Rad
168791,5,3,15,0,2021,August,7,Donnerstag,Unfall mit Leichtverletzten,Unfall anderer Art,Unfall durch ruhenden Verkehr,Tageslicht,1,1,0,0,0,0,"354058,0587","5645434,155",6.92264795,50.94203825,trocken,"5,21E+18","Rad, PKW"
168794,5,3,15,0,2021,Juli,12,Donnerstag,Unfall mit Leichtverletzten,Unfall anderer Art,Sonstiger Unfall,Tageslicht,0,0,0,0,0,1,"353860,5039","5651412,588",6.917435827,50.99571405,trocken,"5,21E+18",Sonstige
168797,5,3,15,0,2021,Juli,10,Donnerstag,Unfall mit Leichtverletzten,Zusammenstoß mit einbiegendem / kreuzendem Fahrzeug,Einbiegen / Kreuzen-Unfall,Tageslicht,1,1,0,0,0,0,"356271,896","5641006,944",6.95588316,50.90280752,trocken,"5,21E+18","Rad, PKW"
168803,5,3,15,0,2021,Juli,11,Samstag,Unfall mit Leichtverletzten,Zusammenstoß mit einbiegendem / kreuzendem Fahrzeug,Einbiegen / Kreuzen-Unfall,Tageslicht,1,1,0,0,0,0,"354153,304","5644705,371",6.924294461,50.93551299,trocken,"5,21E+18","Rad, PKW"
168804,5,3,15,0,2021,August,21,Mittwoch,Unfall mit Leichtverletzten,Zusammenstoß mit seitlich in gleicher Richtung fahrendem Fahrzeug,Unfall im Längsverkehr,Dunkelheit,0,0,0,1,1,0,"358845,797","5648535,022",6.989548912,50.97109785,trocken,"5,21E+18","Krad, Gkfz"
168809,5,3,15,0,2021,Mai,9,Freitag,Unfall mit Leichtverletzten,Zusammenstoß mit einbiegendem / kreuzendem Fahrzeug,Einbiegen / Kreuzen-Unfall,Tageslicht,1,1,0,0,0,0,"363645,12","5638841,429",7.061488451,50.88513337,trocken,"5,21E+18","Rad, PKW"
168810,5,3,15,0,2021,Juli,14,Sonntag,Unfall mit Leichtverletzten,Zusammenstoß mit anfahrendem/ anhaltendem/ruhendem Fahrzeug,Unfall im Längsverkehr,Tageslicht,1,0,0,0,0,1,"357994,063","5648529,918",6.977427767,50.97084261,trocken,"5,21E+18","Rad, Sonstige"
168814,5,3,15,0,2021,August,6,Sonntag,Unfall mit Leichtverletzten,Unfall anderer Art,Fahrunfall,Dämmerung,0,0,0,1,0,0,"354789,685","5643778,75",6.933714345,50.92734626,nass/feucht,"5,21E+18",Krad
168818,5,3,15,0,2021,August,18,Mittwoch,Unfall mit Schwerverletzten,Zusammenstoß mit einbiegendem / kreuzendem Fahrzeug,Einbiegen / Kreuzen-Unfall,Tageslicht,1,1,0,0,0,0,"353764,299","5646847,023",6.917902106,50.95466075,trocken,"5,21E+18","Rad, PKW"
168819,5,3,15,0,2021,August,18,Dienstag,Unfall mit Leichtverletzten,Unfall anderer Art,Fahrunfall,Tageslicht,0,0,0,1,0,0,"362756,543","5636986,44",7.049559942,50.8682513,nass/feucht,"5,21E+18",Krad
168830,5,3,15,0,2021,August,18,Dienstag,Unfall mit Leichtverletzten,Zusammenstoß mit einbiegendem / kreuzendem Fahrzeug,Einbiegen / Kreuzen-Unfall,Tageslicht,1,1,0,0,0,0,"356255,696","5646955,352",6.953307322,50.95626107,nass/feucht,"5,21E+18","Rad, PKW"
168831,5,3,15,0,2021,Juli,23,Montag,Unfall mit Leichtverletzten,Zusammenstoß mit anfahrendem/ anhaltendem/ruhendem Fahrzeug,Fahrunfall,Dunkelheit,1,1,0,0,0,0,"362926,9658","5636360,624",7.052214881,50.86266722,trocken,"5,21E+18","Rad, PKW"
168836,5,3,15,0,2021,Juli,14,Sonntag,Unfall mit Leichtverletzten,Zusammenstoß mit anfahrendem/ anhaltendem/ruhendem Fahrzeug,Fahrunfall,Tageslicht,1,1,0,0,0,0,"355554,8309","5643430,269",6.944732617,50.92440662,trocken,"5,21E+18","Rad, PKW"
168840,5,3,15,0,2021,August,13,Montag,Unfall mit Leichtverletzten,Zusammenstoß mit vorausfahrendem / wartendem Fahrzeug,Unfall im Längsverkehr,Tageslicht,0,1,0,0,0,0,"361322,263","5645070,562",7.026118437,50.94056356,trocken,"5,21E+18",PKW
168844,5,3,15,0,2021,April,17,Freitag,Unfall mit Leichtverletzten,Zusammenstoß mit vorausfahrendem / wartendem Fahrzeug,Unfall im Längsverkehr,Tageslicht,0,1,0,0,0,0,"355408,6669","5651647,379",6.939389124,50.99821511,trocken,"5,21E+18",PKW
168850,5,3,15,0,2021,Juli,18,Donnerstag,Unfall mit Leichtverletzten,Zusammenstoß mit anfahrendem/ anhaltendem/ruhendem Fahrzeug,Unfall durch ruhenden Verkehr,Tageslicht,1,1,0,0,0,0,"356108,3726","5647551,003",6.950975588,50.96157731,trocken,"5,21E+18","Rad, PKW"
168853,5,3,15,0,2021,August,13,Dienstag,Unfall mit Leichtverletzten,Zusammenstoß mit seitlich in gleicher Richtung fahrendem Fahrzeug,Abbiegeunfall,Tageslicht,1,1,0,0,0,0,"359542,151","5644531,075",7.001005414,50.93528425,trocken,"5,21E+18","Rad, PKW"
168861,5,3,15,0,2021,Juli,16,Mittwoch,Unfall mit Leichtverletzten,Zusammenstoß zwischen Fahrzeug und Fußgänger,Überschreiten-Unfall,Tageslicht,0,1,1,0,0,0,"362778,3443","5643902,341",7.047270666,50.93041269,nass/feucht,"5,21E+18","Fuss, PKW"
168866,5,3,15,0,2021,April,3,Donnerstag,Unfall mit Schwerverletzten,Zusammenstoß zwischen Fahrzeug und Fußgänger,Überschreiten-Unfall,Dunkelheit,0,1,1,0,0,0,"368190,553","5637455,346",7.126571558,50.87373039,trocken,"5,21E+18","Fuss, PKW"
168870,5,3,15,0,2021,August,8,Montag,Unfall mit Leichtverletzten,Abkommen von Fahrbahn nach rechts,Sonstiger Unfall,Tageslicht,0,1,0,0,0,0,"358696,613","5642991,005",6.989576558,50.92123698,nass/feucht,"5,21E+18",PKW
168873,5,3,15,0,2021,August,12,Donnerstag,Unfall mit Leichtverletzten,Zusammenstoß mit einbiegendem / kreuzendem Fahrzeug,Einbiegen / Kreuzen-Unfall,Tageslicht,0,1,0,1,0,0,"352348,8741","5645781,106",6.898196009,50.94472098,nass/feucht,"5,21E+18","Krad, PKW"
169928,5,3,15,0,2021,Juli,14,Samstag,Unfall mit Leichtverletzten,Zusammenstoß mit vorausfahrendem / wartendem Fahrzeug,Unfall im Längsverkehr,Tageslicht,0,1,0,0,0,1,"357373,193","5648004,955",6.96879658,50.96597142,trocken,"5,21E+18","PKW, Sonstige"
169943,5,3,15,0,2021,August,16,Donnerstag,Unfall mit Leichtverletzten,Unfall anderer Art,Einbiegen / Kreuzen-Unfall,Tageslicht,1,0,0,0,0,0,"353023,907","5645826,275",6.907779964,50.94529937,trocken,"5,21E+18",Rad
169946,5,3,15,0,2021,August,4,Sonntag,Unfall mit Leichtverletzten,Zusammenstoß mit einbiegendem / kreuzendem Fahrzeug,Einbiegen / Kreuzen-Unfall,Dunkelheit,0,1,0,0,0,0,"364019,4437","5640155,238",7.066317824,50.89702951,nass/feucht,"5,21E+18",PKW
169984,5,3,15,0,2021,August,15,Dienstag,Unfall mit Leichtverletzten,Zusammenstoß mit einbiegendem / kreuzendem Fahrzeug,Einbiegen / Kreuzen-Unfall,Tageslicht,1,1,0,0,0,0,"358276,3188","5642753,839",6.983692843,50.91900247,trocken,"5,21E+18","Rad, PKW"
170036,5,3,15,0,2021,August,11,Mittwoch,Unfall mit Leichtverletzten,Zusammenstoß mit anfahrendem/ anhaltendem/ruhendem Fahrzeug,Unfall durch ruhenden Verkehr,Tageslicht,1,1,0,0,0,0,"364962,0465","5638452,615",7.080343127,50.88194818,trocken,"5,21E+18","Rad, PKW"
170041,5,3,15,0,2021,Juli,20,Dienstag,Unfall mit Schwerverletzten,Zusammenstoß zwischen Fahrzeug und Fußgänger,Überschreiten-Unfall,Tageslicht,0,1,1,0,0,0,"363046,8288","5648621,076",7.049313893,50.97288548,trocken,"5,21E+18","Fuss, PKW"
170045,5,3,15,0,2021,Juli,19,Dienstag,Unfall mit Leichtverletzten,Unfall anderer Art,Fahrunfall,Dämmerung,0,0,0,0,0,1,"352217,292","5644646,109",6.896784686,50.93448758,trocken,"5,21E+18",Sonstige
170142,5,3,15,0,2021,Juli,18,Donnerstag,Unfall mit Leichtverletzten,Zusammenstoß mit entgegenkommendem Fahrzeug,Sonstiger Unfall,Tageslicht,0,0,0,0,0,1,"356649,8","5645584,959",6.959454462,50.9440437,trocken,"5,21E+18",Sonstige
170191,5,3,15,0,2021,August,11,Mittwoch,Unfall mit Leichtverletzten,Zusammenstoß mit vorausfahrendem / wartendem Fahrzeug,Sonstiger Unfall,Tageslicht,0,1,0,0,0,1,"364420,428","5641198,26",7.071629158,50.90649801,nass/feucht,"5,21E+18","PKW, Sonstige"
170238,5,3,15,0,2021,August,16,Dienstag,Unfall mit Leichtverletzten,Unfall anderer Art,Sonstiger Unfall,Tageslicht,1,0,0,0,0,1,"353314,7266","5646346,109",6.911707476,50.95004499,nass/feucht,"5,21E+18","Rad, Sonstige"
170249,5,3,15,0,2021,Juni,19,Mittwoch,Unfall mit Leichtverletzten,Unfall anderer Art,Fahrunfall,Tageslicht,1,0,0,1,0,0,"358970,5549","5640057,914",6.99460493,50.89494394,trocken,"5,21E+18","Rad, Krad"
170252,5,3,15,0,2021,Juli,11,Freitag,Unfall mit Leichtverletzten,Unfall anderer Art,Unfall im Längsverkehr,Tageslicht,1,0,0,0,0,1,"356611,1553","5644417,93",6.959364032,50.93354614,trocken,"5,21E+18","Rad, Sonstige"
170357,5,3,15,0,2021,Juli,21,Freitag,Unfall mit Schwerverletzten,Unfall anderer Art,Unfall durch ruhenden Verkehr,Dämmerung,1,1,0,0,0,0,"353840,0023","5645871,156",6.919370942,50.94591018,trocken,"5,21E+18","Rad, PKW"
170391,5,3,15,0,2021,Mai,22,Freitag,Unfall mit Schwerverletzten,Zusammenstoß mit anfahrendem/ anhaltendem/ruhendem Fahrzeug,Fahrunfall,Dunkelheit,1,1,0,0,0,0,"355840,9289","5637296,294",6.951221867,50.86935277,nass/feucht,"5,21E+18","Rad, PKW"
170404,5,3,15,0,2021,Juli,19,Samstag,Unfall mit Leichtverletzten,Unfall anderer Art,Sonstiger Unfall,Tageslicht,1,1,0,0,0,0,"355154,0475","5645200,293",6.938330508,50.94021295,trocken,"5,21E+18","Rad, PKW"
170408,5,3,15,0,2021,April,7,Montag,Unfall mit Schwerverletzten,Zusammenstoß mit einbiegendem / kreuzendem Fahrzeug,Einbiegen / Kreuzen-Unfall,Tageslicht,0,1,0,0,0,1,"359875,9661","5646276,416",7.005081762,50.95105106,trocken,"5,21E+18","PKW, Sonstige"
170413,5,3,15,0,2021,August,11,Dienstag,Unfall mit Leichtverletzten,Unfall anderer Art,Fahrunfall,Tageslicht,0,0,0,1,0,0,"364380,2186","5638412,345",7.072091978,50.88144998,nass/feucht,"5,21E+18",Krad
170450,5,3,15,0,2021,Juli,20,Freitag,Unfall mit Leichtverletzten,Unfall anderer Art,Sonstiger Unfall,Tageslicht,0,0,0,0,0,1,"358949,984","5644592,494",6.992559446,50.9356917,trocken,"5,21E+18",Sonstige
170463,5,3,15,0,2021,August,16,Donnerstag,Unfall mit Leichtverletzten,Zusammenstoß mit einbiegendem / kreuzendem Fahrzeug,Einbiegen / Kreuzen-Unfall,Tageslicht,0,1,0,0,0,0,"365299,8181","5635710,862",7.086151596,50.85738503,trocken,"5,21E+18",PKW
170498,5,3,15,0,2021,Juli,17,Donnerstag,Unfall mit Schwerverletzten,Zusammenstoß zwischen Fahrzeug und Fußgänger,Sonstiger Unfall,Tageslicht,0,1,1,0,0,0,"356453,118","5645893,821",6.956534923,50.94677046,trocken,"5,21E+18","Fuss, PKW"
170547,5,3,15,0,2021,August,18,Freitag,Unfall mit Leichtverletzten,Unfall anderer Art,Überschreiten-Unfall,Tageslicht,1,0,1,1,0,0,"355880,0351","5644896,986",6.948776756,50.9376691,trocken,"5,21E+18","Rad, Fuss, Krad"
170560,5,3,15,0,2021,Mai,15,Sonntag,Unfall mit Schwerverletzten,Zusammenstoß mit einbiegendem / kreuzendem Fahrzeug,Einbiegen / Kreuzen-Unfall,Tageslicht,0,1,0,0,0,0,"361817,365","5644841,736",7.033247858,50.9386259,trocken,"5,21E+18",PKW
170605,5,3,15,0,2021,August,18,Dienstag,Unfall mit Schwerverletzten,Zusammenstoß mit einbiegendem / kreuzendem Fahrzeug,Abbiegeunfall,Tageslicht,1,1,0,0,0,0,"356837,179","5637630,83",6.965239984,50.87260685,trocken,"5,21E+18","Rad, PKW"
170654,5,3,15,0,2021,August,16,Freitag,Unfall mit Leichtverletzten,Unfall anderer Art,Fahrunfall,Tageslicht,1,0,0,0,0,0,"353933,299","5647220,489",6.920156751,50.95805981,trocken,"5,21E+18",Rad
170667,5,3,15,0,2021,August,15,Sonntag,Unfall mit Leichtverletzten,Zusammenstoß mit vorausfahrendem / wartendem Fahrzeug,Unfall im Längsverkehr,Tageslicht,0,1,0,1,0,0,"358622,8895","5646133,945",6.987308996,50.94946468,trocken,"5,21E+18","Krad, PKW"
170757,5,3,15,0,2021,August,14,Donnerstag,Unfall mit Leichtverletzten,Zusammenstoß mit einbiegendem / kreuzendem Fahrzeug,Einbiegen / Kreuzen-Unfall,Tageslicht,1,0,0,0,0,1,"354907,2512","5643696,054",6.935419015,50.92663267,trocken,"5,21E+18","Rad, Sonstige"
170758,5,3,15,0,2021,August,15,Samstag,Unfall mit Leichtverletzten,Zusammenstoß mit entgegenkommendem Fahrzeug,Unfall im Längsverkehr,Tageslicht,1,0,0,0,0,0,"356872,836","5651336,512",6.96036371,50.99578746,trocken,"5,21E+18",Rad
170791,5,3,15,0,2021,August,6,Samstag,Unfall mit Leichtverletzten,Unfall anderer Art,Sonstiger Unfall,Dämmerung,1,0,0,0,0,0,"359535,421","5647817,775",6.99964175,50.96482049,trocken,"5,21E+18",Rad
170819,5,3,15,0,2021,August,7,Donnerstag,Unfall mit Schwerverletzten,Unfall anderer Art,Fahrunfall,Tageslicht,0,1,0,0,0,0,"356918,1485","5643747,987",6.963993021,50.92760166,trocken,"5,21E+18",PKW
170828,5,3,15,0,2021,August,0,Sonntag,Unfall mit Leichtverletzten,Unfall anderer Art,Sonstiger Unfall,Dunkelheit,0,0,0,0,0,1,"361488,7498","5640425,567",7.030250625,50.89885762,trocken,"5,21E+18",Sonstige
170849,5,3,15,0,2021,Juli,3,Dienstag,Unfall mit Leichtverletzten,Zusammenstoß mit anfahrendem/ anhaltendem/ruhendem Fahrzeug,Unfall durch ruhenden Verkehr,Dunkelheit,0,1,0,0,0,1,"367928,5712","5637466,214",7.122846178,50.87376826,trocken,"5,21E+18","PKW, Sonstige"
170859,5,3,15,0,2021,Juli,18,Samstag,Unfall mit Leichtverletzten,Zusammenstoß mit einbiegendem / kreuzendem Fahrzeug,Einbiegen / Kreuzen-Unfall,Tageslicht,0,1,0,0,0,0,"362707,8324","5650854,861",7.043644546,50.99288043,trocken,"5,21E+18",PKW
170865,5,3,15,0,2021,August,10,Donnerstag,Unfall mit Leichtverletzten,Zusammenstoß mit entgegenkommendem Fahrzeug,Sonstiger Unfall,Tageslicht,0,1,0,0,0,0,"364998,5414","5643050,739",7.079161326,50.92328279,trocken,"5,21E+18",PKW
170894,5,3,15,0,2021,Juli,7,Dienstag,Unfall mit Schwerverletzten,Zusammenstoß mit einbiegendem / kreuzendem Fahrzeug,Einbiegen / Kreuzen-Unfall,Tageslicht,0,1,0,0,0,1,"348595,538","5645585,318",6.844888814,50.94198813,trocken,"5,21E+18","PKW, Sonstige"
170918,5,3,15,0,2021,Juli,20,Montag,Unfall mit Leichtverletzten,Zusammenstoß mit anfahrendem/ anhaltendem/ruhendem Fahrzeug,Sonstiger Unfall,Tageslicht,0,1,0,0,0,1,"356343,7563","5641390,269",6.956753625,50.90627031,trocken,"5,21E+18","PKW, Sonstige"